split,method,seed,design_id,window_id,workflow_id,source_segment_id,source_frame_offset,source_window_length,source_time_start,source_time_end,short_completed_sample_elapsed_seconds,short_total_transfer_mb,short_model_prepare_mb,short_state_transfer_mb,short_input_transfer_mb,short_recompute_seconds,long_completed_sample_elapsed_seconds,long_total_transfer_mb,long_model_prepare_mb,long_state_transfer_mb,long_input_transfer_mb,long_recompute_seconds,delta_completed_sample_elapsed_seconds,delta_total_transfer_mb,delta_model_prepare_mb,delta_state_transfer_mb,delta_input_transfer_mb,delta_recompute_seconds
frozen_check,dt_handoff_drl,17,frozen_check_00,window_us_101_off40376_len24_t1118847991400_1118847993700,j_1097456,us_101,40376,24,1118847991400,1118847993700,91.37197900000001,328.51925,328.130752,0.012622,0.375876,61.14068700000001,91.34754944000001,328.517055,328.130752,0.010427,0.375876,61.14068700000001,-0.024429560000001516,-0.0021949999999719694,0.0,-0.002194999999999999,0.0,0.0
frozen_check,dt_handoff_drl,17,frozen_check_01,window_us_101_off40488_len24_t1118848002600_1118848004900,j_1065729,us_101,40488,24,1118848002600,1118848004900,44.0104928,174.93652,173.70732,1.2292,0.0,0.0,43.9804616,174.79604,173.70732,1.08872,0.0,0.0,-0.030031200000003366,-0.1404799999999966,0.0,-0.14048000000000016,0.0,0.0
frozen_check,dt_handoff_drl,17,frozen_check_02,window_us_101_off40640_len24_t1118848017800_1118848020100,j_1101642,us_101,40640,24,1118848017800,1118848020100,89.59605852158234,3219.261461,3218.784816,0.00439,0.472255,38.48266883358234,74.75448537516468,1025.518651,1024.667776,0.002744,0.848131,42.79848316716467,-14.841573146417659,-2193.7428099999997,-2194.11704,-0.001646,0.375876,4.315814333582331
frozen_check,dt_handoff_drl,17,frozen_check_03,window_us_101_off43456_len24_t1118848299400_1118848301700,j_1065807,us_101,43456,24,1118848299400,1118848301700,56.74928332,2195.502415,2194.11704,0.91312,0.472255,10.789533,47.936184272000006,1170.694159,1169.449264,0.77264,0.472255,10.789533,-8.813099047999998,-1024.808256,-1024.667776,-0.14048000000000005,0.0,0.0
frozen_check,dt_handoff_drl,17,frozen_check_04,window_us_101_off44288_len24_t1118848382600_1118848384900,j_1103741,us_101,44288,24,1118848382600,1118848384900,189.35671569830214,319.626074,318.488808,0.0,1.137266,144.19689573830215,189.35671569830214,319.626074,318.488808,0.0,1.137266,144.19689573830215,0.0,0.0,0.0,0.0,0.0,0.0
frozen_check,dt_handoff_drl,17,frozen_check_05,window_us_101_off45408_len24_t1118848494600_1118848496900,j_1067730,us_101,45408,24,1118848494600,1118848496900,27.954400352,28.942294,28.925832,0.016462,0.0,0.0,27.954400352,28.942294,28.925832,0.016462,0.0,0.0,0.0,0.0,0.0,0.0,0.0,0.0
frozen_check,dt_handoff_drl,17,frozen_check_06,window_us_101_off51136_len24_t1118849067400_1118849069700,j_11064,us_101,51136,24,1118849067400,1118849069700,55.588118998386996,1025.515907,1024.667776,0.0,0.848131,23.654612742386995,55.588118998386996,1025.515907,1024.667776,0.0,0.848131,23.654612742386995,0.0,0.0,0.0,0.0,0.0,0.0
frozen_check,dt_handoff_drl,17,frozen_check_07,window_us_101_off52632_len24_t1118849217000_1118849219300,j_1069624,us_101,52632,24,1118849217000,1118849219300,198.98664419169538,2504.173528,2502.963904,0.24584,0.963784,55.48902807169537,198.98664419169538,2504.173528,2502.963904,0.24584,0.963784,55.48902807169537,0.0,0.0,0.0,0.0,0.0,0.0
frozen_check,dt_handoff_drl,29,frozen_check_00,window_us_101_off40376_len24_t1118847991400_1118847993700,j_1097456,us_101,40376,24,1118847991400,1118847993700,91.37197900000001,328.51925,328.130752,0.012622,0.375876,61.14068700000001,91.323111096,328.513762,328.130752,0.007134,0.375876,61.14068700000001,-0.04886790400000507,-0.005488000000013926,0.0,-0.005488,0.0,0.0
frozen_check,dt_handoff_drl,29,frozen_check_01,window_us_101_off40488_len24_t1118848002600_1118848004900,j_1065729,us_101,40488,24,1118848002600,1118848004900,44.0104928,174.93652,173.70732,1.2292,0.0,0.0,117.5610486374394,174.680236,173.70732,0.59704,0.375876,73.61404319743941,73.55055583743939,-0.25628399999999374,0.0,-0.63216,0.375876,73.61404319743941
frozen_check,dt_handoff_drl,29,frozen_check_02,window_us_101_off40640_len24_t1118848017800_1118848020100,j_1101642,us_101,40640,24,1118848017800,1118848020100,89.59605852158234,3219.261461,3218.784816,0.00439,0.472255,38.48266883358234,89.59605852158234,3219.261461,3218.784816,0.00439,0.472255,38.48266883358234,0.0,0.0,0.0,0.0,0.0,0.0
frozen_check,dt_handoff_drl,29,frozen_check_03,window_us_101_off43456_len24_t1118848299400_1118848301700,j_1065807,us_101,43456,24,1118848299400,1118848301700,56.74928332,2195.502415,2194.11704,0.91312,0.472255,10.789533,69.46080688,1170.543235,1169.449264,0.24584,0.848131,32.368599,12.711523560000003,-1024.9591799999998,-1024.667776,-0.6672800000000001,0.375876,21.579066000000005
frozen_check,dt_handoff_drl,29,frozen_check_04,window_us_101_off44288_len24_t1118848382600_1118848384900,j_1103741,us_101,44288,24,1118848382600,1118848384900,189.35671569830214,319.626074,318.488808,0.0,1.137266,144.19689573830215,189.35671569830214,319.626074,318.488808,0.0,1.137266,144.19689573830215,0.0,0.0,0.0,0.0,0.0,0.0
frozen_check,dt_handoff_drl,29,frozen_check_05,window_us_101_off45408_len24_t1118848494600_1118848496900,j_1067730,us_101,45408,24,1118848494600,1118848496900,32.001142992,29.233624,28.925832,0.018657,0.289135,0.0,27.905532448000002,28.936806,28.925832,0.010974,0.0,0.0,-4.095610543999996,-0.29681799999999825,0.0,-0.007683000000000001,-0.289135,0.0
frozen_check,dt_handoff_drl,29,frozen_check_06,window_us_101_off51136_len24_t1118849067400_1118849069700,j_11064,us_101,51136,24,1118849067400,1118849069700,55.588118998386996,1025.515907,1024.667776,0.0,0.848131,23.654612742386995,55.588118998386996,1025.515907,1024.667776,0.0,0.848131,23.654612742386995,0.0,0.0,0.0,0.0,0.0,0.0
frozen_check,dt_handoff_drl,29,frozen_check_07,window_us_101_off52632_len24_t1118849217000_1118849219300,j_1069624,us_101,52632,24,1118849217000,1118849219300,198.98664419169538,2504.173528,2502.963904,0.24584,0.963784,55.48902807169537,198.98664419169538,2504.173528,2502.963904,0.24584,0.963784,55.48902807169537,0.0,0.0,0.0,0.0,0.0,0.0
frozen_check,dt_handoff_drl,43,frozen_check_00,window_us_101_off40376_len24_t1118847991400_1118847993700,j_1097456,us_101,40376,24,1118847991400,1118847993700,36.585000951999994,492.211494,492.196128,0.015366,0.0,0.0,34.560567,492.20875,492.196128,0.012622,0.0,0.0,-2.0244339519999954,-0.002744000000006963,0.0,-0.002744,0.0,0.0
frozen_check,dt_handoff_drl,43,frozen_check_01,window_us_101_off40488_len24_t1118848002600_1118848004900,j_1065729,us_101,40488,24,1118848002600,1118848004900,44.0104928,174.93652,173.70732,1.2292,0.0,0.0,117.5610486374394,174.680236,173.70732,0.59704,0.375876,73.61404319743941,73.55055583743939,-0.25628399999999374,0.0,-0.63216,0.375876,73.61404319743941
frozen_check,dt_handoff_drl,43,frozen_check_02,window_us_101_off40640_len24_t1118848017800_1118848020100,j_1101642,us_101,40640,24,1118848017800,1118848020100,113.69735854716467,4388.99986,4388.23408,0.00439,0.76139,48.19324966716467,74.73005142316467,1025.515907,1024.667776,0.0,0.848131,42.79848316716467,-38.967307124,-3363.483953,-3363.566304,-0.00439,0.08674099999999996,-5.394766500000003
frozen_check,dt_handoff_drl,43,frozen_check_03,window_us_101_off43456_len24_t1118848299400_1118848301700,j_1065807,us_101,43456,24,1118848299400,1118848301700,56.74928332,2195.502415,2194.11704,0.91312,0.472255,10.789533,47.910367472000004,1170.518559,1169.449264,0.59704,0.472255,10.789533,-8.838915848,-1024.9838559999998,-1024.667776,-0.31608,0.0,0.0
frozen_check,dt_handoff_drl,43,frozen_check_04,window_us_101_off44288_len24_t1118848382600_1118848384900,j_1103741,us_101,44288,24,1118848382600,1118848384900,189.35671569830214,319.626074,318.488808,0.0,1.137266,144.19689573830215,189.35671569830214,319.626074,318.488808,0.0,1.137266,144.19689573830215,0.0,0.0,0.0,0.0,0.0,0.0
frozen_check,dt_handoff_drl,43,frozen_check_05,window_us_101_off45408_len24_t1118848494600_1118848496900,j_1067730,us_101,45408,24,1118848494600,1118848496900,27.954400352,28.942294,28.925832,0.016462,0.0,0.0,27.905532448000002,28.936806,28.925832,0.010974,0.0,0.0,-0.048867903999997964,-0.005487999999999715,0.0,-0.0054880000000000016,0.0,0.0
frozen_check,dt_handoff_drl,43,frozen_check_06,window_us_101_off51136_len24_t1118849067400_1118849069700,j_11064,us_101,51136,24,1118849067400,1118849069700,105.1094775123222,2195.437426,2194.11704,0.0,1.320386,60.78378710432221,55.588118998386996,1025.515907,1024.667776,0.0,0.848131,23.654612742386995,-49.521358513935205,-1169.921519,-1169.449264,0.0,-0.4722550000000001,-37.12917436193521
frozen_check,dt_handoff_drl,43,frozen_check_07,window_us_101_off52632_len24_t1118849217000_1118849219300,j_1069624,us_101,52632,24,1118849217000,1118849219300,198.98664419169538,2504.173528,2502.963904,0.24584,0.963784,55.48902807169537,198.98664419169538,2504.173528,2502.963904,0.24584,0.963784,55.48902807169537,0.0,0.0,0.0,0.0,0.0,0.0
frozen_check,dt_handoff_drl,61,frozen_check_00,window_us_101_off40376_len24_t1118847991400_1118847993700,j_1097456,us_101,40376,24,1118847991400,1118847993700,136.200197752,11.723719,9.641944,0.0,2.081775,86.316264,71.05350216000001,1.60952,0.0,0.0,1.60952,21.579066,-65.146695592,-10.114199,-9.641944,0.0,-0.47225499999999987,-64.737198
frozen_check,dt_handoff_drl,61,frozen_check_01,window_us_101_off40488_len24_t1118848002600_1118848004900,j_1065729,us_101,40488,24,1118848002600,1118848004900,65.80856836807685,11.241827,9.641944,0.0,1.599883,5.476506288076857,65.80856836807685,11.241827,9.641944,0.0,1.599883,5.476506288076857,0.0,0.0,0.0,0.0,0.0,0.0
frozen_check,dt_handoff_drl,61,frozen_check_02,window_us_101_off40640_len24_t1118848017800_1118848020100,j_1101642,us_101,40640,24,1118848017800,1118848020100,44.24738258958233,1025.515907,1024.667776,0.0,0.848131,4.315814333582334,44.24738258958233,1025.515907,1024.667776,0.0,0.848131,4.315814333582334,0.0,0.0,0.0,0.0,0.0,0.0
frozen_check,dt_handoff_drl,61,frozen_check_03,window_us_101_off43456_len24_t1118848299400_1118848301700,j_1065807,us_101,43456,24,1118848299400,1118848301700,77.134927288,1171.434661,1169.449264,0.0,1.985397,0.0,77.4582062,1170.76965,1169.449264,0.0,1.320386,32.368599,0.32327891200000636,-0.6650110000000495,0.0,0.0,-0.665011,32.368599
frozen_check,dt_handoff_drl,61,frozen_check_04,window_us_101_off44288_len24_t1118848382600_1118848384900,j_1103741,us_101,44288,24,1118848382600,1118848384900,100.91754835358233,156.322088,154.423432,0.0,1.898656,31.289646833582335,147.08242335755514,156.032953,154.423432,0.0,1.609521,93.48608723755515,46.16487500397281,-0.2891350000000159,0.0,0.0,-0.2891349999999999,62.196440403972815
frozen_check,dt_handoff_drl,61,frozen_check_05,window_us_101_off45408_len24_t1118848494600_1118848496900,j_1067730,us_101,45408,24,1118848494600,1118848496900,62.304486272,20.893409,19.283888,0.0,1.609521,10.789533,78.64930723200001,20.421154,19.283888,0.0,1.137266,43.158132,16.344820960000014,-0.472254999999997,0.0,0.0,-0.47225499999999987,32.368599
frozen_check,dt_handoff_drl,61,frozen_check_06,window_us_101_off51136_len24_t1118849067400_1118849069700,j_11064,us_101,51136,24,1118849067400,1118849069700,71.239590248,2.554031,0.0,0.0,2.554031,0.0,51.50931346158234,1.792641,0.0,0.0,1.792641,4.315814333582334,-19.73027678641766,-0.7613900000000002,0.0,0.0,-0.7613900000000002,4.315814333582334
frozen_check,dt_handoff_drl,61,frozen_check_07,window_us_101_off52632_len24_t1118849217000_1118849219300,j_1069624,us_101,52632,24,1118849217000,1118849219300,120.4904126,3.238315,0.0,0.0,3.238315,0.0,104.42034251999999,2.486563,0.0,0.0,2.486563,0.0,-16.070070080000008,-0.7517520000000002,0.0,0.0,-0.7517520000000002,0.0
frozen_check,dt_handoff_drl,7,frozen_check_00,window_us_101_off40376_len24_t1118847991400_1118847993700,j_1097456,us_101,40376,24,1118847991400,1118847993700,91.37197900000001,328.51925,328.130752,0.012622,0.375876,61.14068700000001,91.37197900000001,328.51925,328.130752,0.012622,0.375876,61.14068700000001,0.0,0.0,0.0,0.0,0.0,0.0
frozen_check,dt_handoff_drl,7,frozen_check_01,window_us_101_off40488_len24_t1118848002600_1118848004900,j_1065729,us_101,40488,24,1118848002600,1118848004900,43.25616864,165.013616,164.065376,0.94824,0.0,0.0,44.0104928,174.93652,173.70732,1.2292,0.0,0.0,0.754324160000003,9.922903999999988,9.641944000000024,0.2809600000000001,0.0,0.0
frozen_check,dt_handoff_drl,7,frozen_check_02,window_us_101_off40640_len24_t1118848017800_1118848020100,j_1101642,us_101,40640,24,1118848017800,1118848020100,89.59605852158234,3219.261461,3218.784816,0.00439,0.472255,38.48266883358234,89.59605852158234,3219.261461,3218.784816,0.00439,0.472255,38.48266883358234,0.0,0.0,0.0,0.0,0.0,0.0
frozen_check,dt_handoff_drl,7,frozen_check_03,window_us_101_off43456_len24_t1118848299400_1118848301700,j_1065807,us_101,43456,24,1118848299400,1118848301700,47.884550672,1170.342959,1169.449264,0.42144,0.472255,10.789533,56.74928332,2195.502415,2194.11704,0.91312,0.472255,10.789533,8.864732648,1025.1594559999999,1024.667776,0.49168000000000006,0.0,0.0
frozen_check,dt_handoff_drl,7,frozen_check_04,window_us_101_off44288_len24_t1118848382600_1118848384900,j_1103741,us_101,44288,24,1118848382600,1118848384900,189.35671569830214,319.626074,318.488808,0.0,1.137266,144.19689573830215,189.35671569830214,319.626074,318.488808,0.0,1.137266,144.19689573830215,0.0,0.0,0.0,0.0,0.0,0.0
frozen_check,dt_handoff_drl,7,frozen_check_05,window_us_101_off45408_len24_t1118848494600_1118848496900,j_1067730,us_101,45408,24,1118848494600,1118848496900,27.9299664,28.93955,28.925832,0.013718,0.0,0.0,27.954400352,28.942294,28.925832,0.016462,0.0,0.0,0.024433951999998982,0.0027439999999998577,0.0,0.0027440000000000016,0.0,0.0
frozen_check,dt_handoff_drl,7,frozen_check_06,window_us_101_off51136_len24_t1118849067400_1118849069700,j_11064,us_101,51136,24,1118849067400,1118849069700,55.588118998386996,1025.515907,1024.667776,0.0,0.848131,23.654612742386995,55.588118998386996,1025.515907,1024.667776,0.0,0.848131,23.654612742386995,0.0,0.0,0.0,0.0,0.0,0.0
frozen_check,dt_handoff_drl,7,frozen_check_07,window_us_101_off52632_len24_t1118849217000_1118849219300,j_1069624,us_101,52632,24,1118849217000,1118849219300,211.88543219924327,2495.389352,2493.32196,0.24584,1.821552,45.00776711924327,203.85386679924326,2495.100217,2493.32196,0.24584,1.532417,45.00776711924327,-8.031565400000005,-0.2891349999999875,0.0,0.0,-0.28913500000000014,0.0
frozen_check,mappo,17,frozen_check_00,window_us_101_off40376_len24_t1118847991400_1118847993700,j_1097456,us_101,40376,24,1118847991400,1118847993700,150.085779088,165.385761,164.065376,0.0,1.320385,122.281374,91.37197900000001,328.51925,328.130752,0.012622,0.375876,61.14068700000001,-58.713800088,163.133489,164.065376,0.012622,-0.9445089999999999,-61.14068699999999
frozen_check,mappo,17,frozen_check_01,window_us_101_off40488_len24_t1118848002600_1118848004900,j_1065729,us_101,40488,24,1118848002600,1118848004900,147.19335676075775,165.289383,164.065376,0.0,1.224007,103.98821744075778,44.0104928,174.93652,173.70732,1.2292,0.0,0.0,-103.18286396075774,9.647137000000015,9.641944000000024,1.2292,-1.224007,-103.98821744075778
frozen_check,mappo,17,frozen_check_02,window_us_101_off40640_len24_t1118848017800_1118848020100,j_1101642,us_101,40640,24,1118848017800,1118848020100,74.73005142316467,1025.515907,1024.667776,0.0,0.848131,42.79848316716467,89.59605852158234,3219.261461,3218.784816,0.00439,0.472255,38.48266883358234,14.866007098417668,2193.745554,2194.11704,0.00439,-0.375876,-4.315814333582331
frozen_check,mappo,17,frozen_check_03,window_us_101_off43456_len24_t1118848299400_1118848301700,j_1065807,us_101,43456,24,1118848299400,1118848301700,69.43442816000001,1170.297395,1169.449264,0.0,0.848131,32.368599,101.8552198,2195.080975,2194.11704,0.49168,0.472255,53.947665,32.42079163999999,1024.7835799999998,1024.667776,0.49168,-0.375876,21.579065999999997
frozen_check,mappo,17,frozen_check_04,window_us_101_off44288_len24_t1118848382600_1118848384900,j_1103741,us_101,44288,24,1118848382600,1118848384900,189.35671569830214,319.626074,318.488808,0.0,1.137266,144.19689573830215,189.35671569830214,319.626074,318.488808,0.0,1.137266,144.19689573830215,0.0,0.0,0.0,0.0,0.0,0.0
frozen_check,mappo,17,frozen_check_05,window_us_101_off45408_len24_t1118848494600_1118848496900,j_1067730,us_101,45408,24,1118848494600,1118848496900,135.386505232,20.421154,19.283888,0.0,1.137266,107.89533,32.001142992,29.233624,28.925832,0.018657,0.289135,0.0,-103.38536223999999,8.812469999999998,9.641943999999999,0.018657,-0.8481310000000002,-107.89533
frozen_check,mappo,17,frozen_check_06,window_us_101_off51136_len24_t1118849067400_1118849069700,j_11064,us_101,51136,24,1118849067400,1118849069700,55.588118998386996,1025.515907,1024.667776,0.0,0.848131,23.654612742386995,55.588118998386996,1025.515907,1024.667776,0.0,0.848131,23.654612742386995,0.0,0.0,0.0,0.0,0.0,0.0
frozen_check,mappo,17,frozen_check_07,window_us_101_off52632_len24_t1118849217000_1118849219300,j_1069624,us_101,52632,24,1118849217000,1118849219300,198.95239859169538,2503.927688,2502.963904,0.0,0.963784,55.48902807169537,198.98664419169538,2504.173528,2502.963904,0.24584,0.963784,55.48902807169537,0.03424559999999133,0.24583999999958905,0.0,0.24584,0.0,0.0
frozen_check,mappo,29,frozen_check_00,window_us_101_off40376_len24_t1118847991400_1118847993700,j_1097456,us_101,40376,24,1118847991400,1118847993700,150.085779088,165.385761,164.065376,0.0,1.320385,122.281374,91.37197900000001,328.51925,328.130752,0.012622,0.375876,61.14068700000001,-58.713800088,163.133489,164.065376,0.012622,-0.9445089999999999,-61.14068699999999
frozen_check,mappo,29,frozen_check_01,window_us_101_off40488_len24_t1118848002600_1118848004900,j_1065729,us_101,40488,24,1118848002600,1118848004900,147.19335676075775,165.289383,164.065376,0.0,1.224007,103.98821744075778,117.5610486374394,174.680236,173.70732,0.59704,0.375876,73.61404319743941,-29.632308123318353,9.390853000000021,9.641944000000024,0.59704,-0.8481310000000001,-30.374174243318365
frozen_check,mappo,29,frozen_check_02,window_us_101_off40640_len24_t1118848017800_1118848020100,j_1101642,us_101,40640,24,1118848017800,1118848020100,74.73005142316467,1025.515907,1024.667776,0.0,0.848131,42.79848316716467,89.59605852158234,3219.261461,3218.784816,0.00439,0.472255,38.48266883358234,14.866007098417668,2193.745554,2194.11704,0.00439,-0.375876,-4.315814333582331
frozen_check,mappo,29,frozen_check_03,window_us_101_off43456_len24_t1118848299400_1118848301700,j_1065807,us_101,43456,24,1118848299400,1118848301700,69.43442816000001,1170.297395,1169.449264,0.0,0.848131,32.368599,69.48662368000001,1170.718835,1169.449264,0.42144,0.848131,32.368599,0.05219551999999794,0.4214399999998477,0.0,0.42144,0.0,0.0
frozen_check,mappo,29,frozen_check_04,window_us_101_off44288_len24_t1118848382600_1118848384900,j_1103741,us_101,44288,24,1118848382600,1118848384900,189.35671569830214,319.626074,318.488808,0.0,1.137266,144.19689573830215,189.35671569830214,319.626074,318.488808,0.0,1.137266,144.19689573830215,0.0,0.0,0.0,0.0,0.0,0.0
frozen_check,mappo,29,frozen_check_05,window_us_101_off45408_len24_t1118848494600_1118848496900,j_1067730,us_101,45408,24,1118848494600,1118848496900,135.386505232,20.421154,19.283888,0.0,1.137266,107.89533,27.954400352,28.942294,28.925832,0.016462,0.0,0.0,-107.43210488,8.521139999999999,9.641943999999999,0.016462,-1.137266,-107.89533
frozen_check,mappo,29,frozen_check_06,window_us_101_off51136_len24_t1118849067400_1118849069700,j_11064,us_101,51136,24,1118849067400,1118849069700,55.588118998386996,1025.515907,1024.667776,0.0,0.848131,23.654612742386995,55.588118998386996,1025.515907,1024.667776,0.0,0.848131,23.654612742386995,0.0,0.0,0.0,0.0,0.0,0.0
frozen_check,mappo,29,frozen_check_07,window_us_101_off52632_len24_t1118849217000_1118849219300,j_1069624,us_101,52632,24,1118849217000,1118849219300,198.95239859169538,2503.927688,2502.963904,0.0,0.963784,55.48902807169537,198.98664419169538,2504.173528,2502.963904,0.24584,0.963784,55.48902807169537,0.03424559999999133,0.24583999999958905,0.0,0.24584,0.0,0.0
frozen_check,mappo,43,frozen_check_00,window_us_101_off40376_len24_t1118847991400_1118847993700,j_1097456,us_101,40376,24,1118847991400,1118847993700,151.64537557600002,492.868822,492.196128,0.007683,0.665011,115.08835200000001,91.37197900000001,328.51925,328.130752,0.012622,0.375876,61.14068700000001,-60.27339657600001,-164.34957200000002,-164.06537600000001,0.004939,-0.28913500000000003,-53.94766500000001
frozen_check,mappo,43,frozen_check_01,window_us_101_off40488_len24_t1118848002600_1118848004900,j_1065729,us_101,40488,24,1118848002600,1118848004900,43.916184799999996,174.40972,173.70732,0.7024,0.0,0.0,117.5610486374394,174.680236,173.70732,0.59704,0.375876,73.61404319743941,73.6448638374394,0.27051600000001486,0.0,-0.10536000000000001,0.375876,73.61404319743941
frozen_check,mappo,43,frozen_check_02,window_us_101_off40640_len24_t1118848017800_1118848020100,j_1101642,us_101,40640,24,1118848017800,1118848020100,113.67292898716467,4388.997665,4388.23408,0.002195,0.76139,48.19324966716467,89.59605852158234,3219.261461,3218.784816,0.00439,0.472255,38.48266883358234,-24.07687046558233,-1169.7362039999998,-1169.4492640000003,0.002195,-0.28913500000000003,-9.710580833582334
frozen_check,mappo,43,frozen_check_03,window_us_101_off43456_len24_t1118848299400_1118848301700,j_1065807,us_101,43456,24,1118848299400,1118848301700,112.64299500000001,2195.41275,2194.11704,0.3512,0.94451,64.737198,56.74928332,2195.502415,2194.11704,0.91312,0.472255,10.789533,-55.89371168000001,0.08966499999996813,0.0,0.56192,-0.472255,-53.94766500000001
frozen_check,mappo,43,frozen_check_04,window_us_101_off44288_len24_t1118848382600_1118848384900,j_1103741,us_101,44288,24,1118848382600,1118848384900,224.1923555318845,493.805649,492.196128,0.0,1.609521,164.69700957188448,189.35671569830214,319.626074,318.488808,0.0,1.137266,144.19689573830215,-34.83563983358235,-174.179575,-173.70731999999998,0.0,-0.47225499999999987,-20.500113833582333
frozen_check,mappo,43,frozen_check_05,window_us_101_off45408_len24_t1118848494600_1118848496900,j_1067730,us_101,45408,24,1118848494600,1118848496900,31.952283872,29.229234,28.925832,0.014267,0.289135,0.0,27.954400352,28.942294,28.925832,0.016462,0.0,0.0,-3.9978835199999985,-0.2869400000000013,0.0,0.0021950000000000008,-0.289135,0.0
frozen_check,mappo,43,frozen_check_06,window_us_101_off51136_len24_t1118849067400_1118849069700,j_11064,us_101,51136,24,1118849067400,1118849069700,55.588118998386996,1025.515907,1024.667776,0.0,0.848131,23.654612742386995,55.588118998386996,1025.515907,1024.667776,0.0,0.848131,23.654612742386995,0.0,0.0,0.0,0.0,0.0,0.0
frozen_check,mappo,43,frozen_check_07,window_us_101_off52632_len24_t1118849217000_1118849219300,j_1069624,us_101,52632,24,1118849217000,1118849219300,176.41201843019164,2504.788531,2502.963904,1.0536,0.771027,22.812154190191627,198.98664419169538,2504.173528,2502.963904,0.24584,0.963784,55.48902807169537,22.57462576150374,-0.6150030000003426,0.0,-0.80776,0.19275699999999996,32.676873881503745
frozen_check,mappo,61,frozen_check_00,window_us_101_off40376_len24_t1118847991400_1118847993700,j_1097456,us_101,40376,24,1118847991400,1118847993700,150.085779088,165.385761,164.065376,0.0,1.320385,122.281374,91.37197900000001,328.51925,328.130752,0.012622,0.375876,61.14068700000001,-58.713800088,163.133489,164.065376,0.012622,-0.9445089999999999,-61.14068699999999
frozen_check,mappo,61,frozen_check_01,window_us_101_off40488_len24_t1118848002600_1118848004900,j_1065729,us_101,40488,24,1118848002600,1118848004900,147.19335676075775,165.289383,164.065376,0.0,1.224007,103.98821744075778,44.0104928,174.93652,173.70732,1.2292,0.0,0.0,-103.18286396075774,9.647137000000015,9.641944000000024,1.2292,-1.224007,-103.98821744075778
frozen_check,mappo,61,frozen_check_02,window_us_101_off40640_len24_t1118848017800_1118848020100,j_1101642,us_101,40640,24,1118848017800,1118848020100,74.73005142316467,1025.515907,1024.667776,0.0,0.848131,42.79848316716467,89.59605852158234,3219.261461,3218.784816,0.00439,0.472255,38.48266883358234,14.866007098417668,2193.745554,2194.11704,0.00439,-0.375876,-4.315814333582331
frozen_check,mappo,61,frozen_check_03,window_us_101_off43456_len24_t1118848299400_1118848301700,j_1065807,us_101,43456,24,1118848299400,1118848301700,69.43442816000001,1170.297395,1169.449264,0.0,0.848131,32.368599,56.74928332,2195.502415,2194.11704,0.91312,0.472255,10.789533,-12.685144840000007,1025.2050199999999,1024.667776,0.91312,-0.375876,-21.579066000000005
frozen_check,mappo,61,frozen_check_04,window_us_101_off44288_len24_t1118848382600_1118848384900,j_1103741,us_101,44288,24,1118848382600,1118848384900,189.35671569830214,319.626074,318.488808,0.0,1.137266,144.19689573830215,189.35671569830214,319.626074,318.488808,0.0,1.137266,144.19689573830215,0.0,0.0,0.0,0.0,0.0,0.0
frozen_check,mappo,61,frozen_check_05,window_us_101_off45408_len24_t1118848494600_1118848496900,j_1067730,us_101,45408,24,1118848494600,1118848496900,135.386505232,20.421154,19.283888,0.0,1.137266,107.89533,27.954400352,28.942294,28.925832,0.016462,0.0,0.0,-107.43210488,8.521139999999999,9.641943999999999,0.016462,-1.137266,-107.89533
frozen_check,mappo,61,frozen_check_06,window_us_101_off51136_len24_t1118849067400_1118849069700,j_11064,us_101,51136,24,1118849067400,1118849069700,55.588118998386996,1025.515907,1024.667776,0.0,0.848131,23.654612742386995,55.588118998386996,1025.515907,1024.667776,0.0,0.848131,23.654612742386995,0.0,0.0,0.0,0.0,0.0,0.0
frozen_check,mappo,61,frozen_check_07,window_us_101_off52632_len24_t1118849217000_1118849219300,j_1069624,us_101,52632,24,1118849217000,1118849219300,198.95239859169538,2503.927688,2502.963904,0.0,0.963784,55.48902807169537,198.98664419169538,2504.173528,2502.963904,0.24584,0.963784,55.48902807169537,0.03424559999999133,0.24583999999958905,0.0,0.24584,0.0,0.0
frozen_check,mappo,7,frozen_check_00,window_us_101_off40376_len24_t1118847991400_1118847993700,j_1097456,us_101,40376,24,1118847991400,1118847993700,91.37197900000001,328.51925,328.130752,0.012622,0.375876,61.14068700000001,60.1886204,492.780675,492.196128,0.015914,0.568633,21.579066,-31.183358600000012,164.26142499999997,164.06537600000001,0.0032920000000000015,0.19275700000000007,-39.561621
frozen_check,mappo,7,frozen_check_01,window_us_101_off40488_len24_t1118848002600_1118848004900,j_1065729,us_101,40488,24,1118848002600,1118848004900,44.0104928,174.93652,173.70732,1.2292,0.0,0.0,44.0104928,174.93652,173.70732,1.2292,0.0,0.0,0.0,0.0,0.0,0.0,0.0,0.0
frozen_check,mappo,7,frozen_check_02,window_us_101_off40640_len24_t1118848017800_1118848020100,j_1101642,us_101,40640,24,1118848017800,1118848020100,89.59605852158234,3219.261461,3218.784816,0.00439,0.472255,38.48266883358234,89.59605852158234,3219.261461,3218.784816,0.00439,0.472255,38.48266883358234,0.0,0.0,0.0,0.0,0.0,0.0
frozen_check,mappo,7,frozen_check_03,window_us_101_off43456_len24_t1118848299400_1118848301700,j_1065807,us_101,43456,24,1118848299400,1118848301700,56.74928332,2195.502415,2194.11704,0.91312,0.472255,10.789533,101.8552198,2195.080975,2194.11704,0.49168,0.472255,53.947665,45.10593648,-0.4214400000000751,0.0,-0.42144000000000004,0.0,43.158132
frozen_check,mappo,7,frozen_check_04,window_us_101_off44288_len24_t1118848382600_1118848384900,j_1103741,us_101,44288,24,1118848382600,1118848384900,189.35671569830214,319.626074,318.488808,0.0,1.137266,144.19689573830215,189.35671569830214,319.626074,318.488808,0.0,1.137266,144.19689573830215,0.0,0.0,0.0,0.0,0.0,0.0
frozen_check,mappo,7,frozen_check_05,window_us_101_off45408_len24_t1118848494600_1118848496900,j_1067730,us_101,45408,24,1118848494600,1118848496900,27.954400352,28.942294,28.925832,0.016462,0.0,0.0,32.001142992,29.233624,28.925832,0.018657,0.289135,0.0,4.046742639999998,0.29132999999999853,0.0,0.002194999999999999,0.289135,0.0
frozen_check,mappo,7,frozen_check_06,window_us_101_off51136_len24_t1118849067400_1118849069700,j_11064,us_101,51136,24,1118849067400,1118849069700,55.588118998386996,1025.515907,1024.667776,0.0,0.848131,23.654612742386995,63.611897038387,1025.988162,1024.667776,0.0,1.320386,23.654612742386995,8.023778040000003,0.472255000000132,0.0,0.0,0.4722550000000001,0.0
frozen_check,mappo,7,frozen_check_07,window_us_101_off52632_len24_t1118849217000_1118849219300,j_1069624,us_101,52632,24,1118849217000,1118849219300,198.98664419169538,2504.173528,2502.963904,0.24584,0.963784,55.48902807169537,198.98664419169538,2504.173528,2502.963904,0.24584,0.963784,55.48902807169537,0.0,0.0,0.0,0.0,0.0,0.0
frozen_check,ppo,17,frozen_check_00,window_us_101_off40376_len24_t1118847991400_1118847993700,j_1097456,us_101,40376,24,1118847991400,1118847993700,150.085779088,165.385761,164.065376,0.0,1.320385,122.281374,150.085779088,165.385761,164.065376,0.0,1.320385,122.281374,0.0,0.0,0.0,0.0,0.0,0.0
frozen_check,ppo,17,frozen_check_01,window_us_101_off40488_len24_t1118848002600_1118848004900,j_1065729,us_101,40488,24,1118848002600,1118848004900,147.19335676075775,165.289383,164.065376,0.0,1.224007,103.98821744075778,147.19335676075778,165.289383,164.065376,0.0,1.224007,103.9882174407578,2.842170943040401e-14,0.0,0.0,0.0,0.0,1.4210854715202004e-14
frozen_check,ppo,17,frozen_check_02,window_us_101_off40640_len24_t1118848017800_1118848020100,j_1101642,us_101,40640,24,1118848017800,1118848020100,74.73005142316467,1025.515907,1024.667776,0.0,0.848131,42.79848316716467,74.73005142316467,1025.515907,1024.667776,0.0,0.848131,42.79848316716467,0.0,0.0,0.0,0.0,0.0,0.0
frozen_check,ppo,17,frozen_check_03,window_us_101_off43456_len24_t1118848299400_1118848301700,j_1065807,us_101,43456,24,1118848299400,1118848301700,69.43442816000001,1170.297395,1169.449264,0.0,0.848131,32.368599,69.43442816000001,1170.297395,1169.449264,0.0,0.848131,32.368599,0.0,0.0,0.0,0.0,0.0,0.0
frozen_check,ppo,17,frozen_check_04,window_us_101_off44288_len24_t1118848382600_1118848384900,j_1103741,us_101,44288,24,1118848382600,1118848384900,189.35671569830214,319.626074,318.488808,0.0,1.137266,144.19689573830215,189.35671569830214,319.626074,318.488808,0.0,1.137266,144.19689573830215,0.0,0.0,0.0,0.0,0.0,0.0
frozen_check,ppo,17,frozen_check_05,window_us_101_off45408_len24_t1118848494600_1118848496900,j_1067730,us_101,45408,24,1118848494600,1118848496900,135.386505232,20.421154,19.283888,0.0,1.137266,107.89533,135.386505232,20.421154,19.283888,0.0,1.137266,107.89533,0.0,0.0,0.0,0.0,0.0,0.0
frozen_check,ppo,17,frozen_check_06,window_us_101_off51136_len24_t1118849067400_1118849069700,j_11064,us_101,51136,24,1118849067400,1118849069700,55.588118998386996,1025.515907,1024.667776,0.0,0.848131,23.654612742386995,55.588118998386996,1025.515907,1024.667776,0.0,0.848131,23.654612742386995,0.0,0.0,0.0,0.0,0.0,0.0
frozen_check,ppo,17,frozen_check_07,window_us_101_off52632_len24_t1118849217000_1118849219300,j_1069624,us_101,52632,24,1118849217000,1118849219300,198.95239859169538,2503.927688,2502.963904,0.0,0.963784,55.48902807169537,198.95239859169538,2503.927688,2502.963904,0.0,0.963784,55.48902807169537,0.0,0.0,0.0,0.0,0.0,0.0
frozen_check,ppo,29,frozen_check_00,window_us_101_off40376_len24_t1118847991400_1118847993700,j_1097456,us_101,40376,24,1118847991400,1118847993700,150.085779088,165.385761,164.065376,0.0,1.320385,122.281374,65.4982142,2.081775,0.0,0.0,2.081775,0.0,-84.587564888,-163.303986,-164.065376,0.0,0.76139,-122.281374
frozen_check,ppo,29,frozen_check_01,window_us_101_off40488_len24_t1118848002600_1118848004900,j_1065729,us_101,40488,24,1118848002600,1118848004900,147.19335676075775,165.289383,164.065376,0.0,1.224007,103.98821744075778,75.66551059999999,1.79264,0.0,0.0,1.79264,0.0,-71.52784616075776,-163.49674299999998,-164.065376,0.0,0.5686329999999999,-103.98821744075778
frozen_check,ppo,29,frozen_check_02,window_us_101_off40640_len24_t1118848017800_1118848020100,j_1101642,us_101,40640,24,1118848017800,1118848020100,74.73005142316467,1025.515907,1024.667776,0.0,0.848131,42.79848316716467,47.166318128,1.137266,0.0,0.0,1.137266,0.0,-27.563733295164667,-1024.378641,-1024.667776,0.0,0.28913500000000014,-42.79848316716467
frozen_check,ppo,29,frozen_check_03,window_us_101_off43456_len24_t1118848299400_1118848301700,j_1065807,us_101,43456,24,1118848299400,1118848301700,77.45674124000001,1170.58653,1169.449264,0.0,1.137266,32.368599,66.76798613599999,2.168517,0.0,0.0,2.168517,0.0,-10.688755104000023,-1168.418013,-1169.449264,0.0,1.031251,-32.368599
frozen_check,ppo,29,frozen_check_04,window_us_101_off44288_len24_t1118848382600_1118848384900,j_1103741,us_101,44288,24,1118848382600,1118848384900,189.35671569830214,319.626074,318.488808,0.0,1.137266,144.19689573830215,78.76214908000001,2.457652,0.0,0.0,2.457652,0.0,-110.59456661830212,-317.168422,-318.488808,0.0,1.3203859999999998,-144.19689573830215
frozen_check,ppo,29,frozen_check_05,window_us_101_off45408_len24_t1118848494600_1118848496900,j_1067730,us_101,45408,24,1118848494600,1118848496900,135.386505232,20.421154,19.283888,0.0,1.137266,107.89533,70.32903533599999,21.462042,19.283888,0.0,2.178154,10.789533,-65.057469896,1.040887999999999,0.0,0.0,1.040888,-97.105797
frozen_check,ppo,29,frozen_check_06,window_us_101_off51136_len24_t1118849067400_1118849069700,j_11064,us_101,51136,24,1118849067400,1118849069700,55.588118998386996,1025.515907,1024.667776,0.0,0.848131,23.654612742386995,55.193499128,1.792641,0.0,0.0,1.792641,0.0,-0.39461987038699675,-1023.723266,-1024.667776,0.0,0.94451,-23.654612742386995
frozen_check,ppo,29,frozen_check_07,window_us_101_off52632_len24_t1118849217000_1118849219300,j_1069624,us_101,52632,24,1118849217000,1118849219300,223.06521399169532,2505.248073,2502.963904,0.0,2.284169,55.48902807169537,104.42034251999999,2.486563,0.0,0.0,2.486563,0.0,-118.64487147169532,-2502.7615100000003,-2502.963904,0.0,0.20239399999999996,-55.48902807169537
frozen_check,ppo,43,frozen_check_00,window_us_101_off40376_len24_t1118847991400_1118847993700,j_1097456,us_101,40376,24,1118847991400,1118847993700,102.61512316000001,1.60952,0.0,0.0,1.60952,61.140687,102.61512316000001,1.60952,0.0,0.0,1.60952,61.140687,0.0,0.0,0.0,0.0,0.0,0.0
frozen_check,ppo,43,frozen_check_01,window_us_101_off40488_len24_t1118848002600_1118848004900,j_1065729,us_101,40488,24,1118848002600,1118848004900,71.98132493358233,1.79264,0.0,0.0,1.79264,4.315814333582334,71.98132493358233,1.79264,0.0,0.0,1.79264,4.315814333582334,0.0,0.0,0.0,0.0,0.0,0.0
frozen_check,ppo,43,frozen_check_02,window_us_101_off40640_len24_t1118848017800_1118848020100,j_1101642,us_101,40640,24,1118848017800,1118848020100,43.48213246158234,1.137266,0.0,0.0,1.137266,4.315814333582334,43.48213246158234,1.137266,0.0,0.0,1.137266,4.315814333582334,0.0,0.0,0.0,0.0,0.0,0.0
frozen_check,ppo,43,frozen_check_03,window_us_101_off43456_len24_t1118848299400_1118848301700,j_1065807,us_101,43456,24,1118848299400,1118848301700,66.76798613599999,2.168517,0.0,0.0,2.168517,0.0,66.76798613599999,2.168517,0.0,0.0,2.168517,0.0,0.0,0.0,0.0,0.0,0.0,0.0
frozen_check,ppo,43,frozen_check_04,window_us_101_off44288_len24_t1118848382600_1118848384900,j_1103741,us_101,44288,24,1118848382600,1118848384900,102.05179591358235,2.457652,0.0,0.0,2.457652,31.289646833582335,102.05179591358235,2.457652,0.0,0.0,2.457652,31.289646833582335,0.0,0.0,0.0,0.0,0.0,0.0
frozen_check,ppo,43,frozen_check_05,window_us_101_off45408_len24_t1118848494600_1118848496900,j_1067730,us_101,45408,24,1118848494600,1118848496900,120.76035439200001,2.756424,0.0,0.0,2.756424,53.947665,120.76035439200001,2.756424,0.0,0.0,2.756424,53.947665,0.0,0.0,0.0,0.0,0.0,0.0
frozen_check,ppo,43,frozen_check_06,window_us_101_off51136_len24_t1118849067400_1118849069700,j_11064,us_101,51136,24,1118849067400,1118849069700,71.239590248,2.554031,0.0,0.0,2.554031,0.0,71.239590248,2.554031,0.0,0.0,2.554031,0.0,0.0,0.0,0.0,0.0,0.0,0.0
frozen_check,ppo,43,frozen_check_07,window_us_101_off52632_len24_t1118849217000_1118849219300,j_1069624,us_101,52632,24,1118849217000,1118849219300,112.45537756,2.862439,0.0,0.0,2.862439,0.0,112.45537756,2.862439,0.0,0.0,2.862439,0.0,0.0,0.0,0.0,0.0,0.0,0.0
frozen_check,ppo,61,frozen_check_00,window_us_101_off40376_len24_t1118847991400_1118847993700,j_1097456,us_101,40376,24,1118847991400,1118847993700,154.543796224,320.572778,318.488808,0.002195,2.081775,100.70230800000002,102.61512316000001,1.60952,0.0,0.0,1.60952,61.140687,-51.928673063999994,-318.96325800000005,-318.488808,-0.002195,-0.47225499999999987,-39.56162100000002
frozen_check,ppo,61,frozen_check_01,window_us_101_off40488_len24_t1118848002600_1118848004900,j_1065729,us_101,40488,24,1118848002600,1118848004900,43.916184799999996,174.40972,173.70732,0.7024,0.0,0.0,74.67120128331837,10.865951,9.641944,0.0,1.224007,30.37417424331838,30.75501648331837,-163.543769,-164.06537600000001,-0.7024,1.224007,30.37417424331838
frozen_check,ppo,61,frozen_check_02,window_us_101_off40640_len24_t1118848017800_1118848020100,j_1101642,us_101,40640,24,1118848017800,1118848020100,88.17156056316466,1025.807237,1024.667776,0.002195,1.137266,48.19324966716467,43.48213246158234,1.137266,0.0,0.0,1.137266,4.315814333582334,-44.68942810158232,-1024.669971,-1024.667776,-0.002195,0.0,-43.87743533358234
frozen_check,ppo,61,frozen_check_03,window_us_101_off43456_len24_t1118848299400_1118848301700,j_1065807,us_101,43456,24,1118848299400,1118848301700,54.326923888,1025.963486,1024.667776,0.3512,0.94451,10.789533,77.4582062,1170.76965,1169.449264,0.0,1.320386,32.368599,23.131282312000003,144.80616399999985,144.78148800000008,-0.3512,0.3758760000000001,21.579066000000005
frozen_check,ppo,61,frozen_check_04,window_us_101_off44288_len24_t1118848382600_1118848384900,j_1103741,us_101,44288,24,1118848382600,1118848384900,133.6528512439728,12.099596,9.641944,0.0,2.457652,62.196440403972815,92.88598295358234,156.032953,154.423432,0.0,1.609521,31.289646833582335,-40.76686829039046,143.933357,144.781488,0.0,-0.848131,-30.90679357039048
frozen_check,ppo,61,frozen_check_05,window_us_101_off45408_len24_t1118848494600_1118848496900,j_1067730,us_101,45408,24,1118848494600,1118848496900,38.71738731199999,29.227039,28.925832,0.012072,0.289135,10.789533,78.64930723200001,20.421154,19.283888,0.0,1.137266,43.158132,39.93191992000002,-8.805885,-9.641943999999999,-0.012072,0.8481310000000002,32.368599
frozen_check,ppo,61,frozen_check_06,window_us_101_off51136_len24_t1118849067400_1118849069700,j_11064,us_101,51136,24,1118849067400,1118849069700,55.588118998386996,1025.515907,1024.667776,0.0,0.848131,23.654612742386995,51.50931346158234,1.792641,0.0,0.0,1.792641,4.315814333582334,-4.0788055368046585,-1023.723266,-1024.667776,0.0,0.94451,-19.33879840880466
frozen_check,ppo,61,frozen_check_07,window_us_101_off52632_len24_t1118849217000_1118849219300,j_1069624,us_101,52632,24,1118849217000,1118849219300,104.42034251999999,2.486563,0.0,0.0,2.486563,0.0,104.42034251999999,2.486563,0.0,0.0,2.486563,0.0,0.0,0.0,0.0,0.0,0.0,0.0
frozen_check,ppo,7,frozen_check_00,window_us_101_off40376_len24_t1118847991400_1118847993700,j_1097456,us_101,40376,24,1118847991400,1118847993700,62.21305435199999,492.783419,492.196128,0.018658,0.568633,21.579066,71.05350216000001,1.60952,0.0,0.0,1.60952,21.579066,8.840447808000015,-491.173899,-492.196128,-0.018658,1.0408870000000001,0.0
frozen_check,ppo,7,frozen_check_01,window_us_101_off40488_len24_t1118848002600_1118848004900,j_1065729,us_101,40488,24,1118848002600,1118848004900,44.0104928,174.93652,173.70732,1.2292,0.0,0.0,71.98132493358233,1.79264,0.0,0.0,1.79264,4.315814333582334,27.970832133582327,-173.14388,-173.70732,-1.2292,1.79264,4.315814333582334
frozen_check,ppo,7,frozen_check_03,window_us_101_off43456_len24_t1118848299400_1118848301700,j_1065807,us_101,43456,24,1118848299400,1118848301700,95.51319240800001,1025.877551,1024.667776,0.73752,0.472255,53.947665,69.557519136,2.168517,0.0,0.0,2.168517,10.789533,-25.955673272000013,-1023.7090340000001,-1024.667776,-0.73752,1.696262,-43.158132
frozen_check,ppo,7,frozen_check_04,window_us_101_off44288_len24_t1118848382600_1118848384900,j_1103741,us_101,44288,24,1118848382600,1118848384900,201.38523341188449,1.609521,0.0,0.0,1.609521,164.69700957188448,102.05179591358235,2.457652,0.0,0.0,2.457652,31.289646833582335,-99.33343749830213,0.848131,0.0,0.0,0.848131,-133.40736273830214
frozen_check,ppo,7,frozen_check_05,window_us_101_off45408_len24_t1118848494600_1118848496900,j_1067730,us_101,45408,24,1118848494600,1118848496900,32.001142992,29.233624,28.925832,0.018657,0.289135,0.0,67.15378278399999,11.820098,9.641944,0.0,2.178154,0.0,35.15263979199999,-17.413525999999997,-19.283887999999997,-0.018657,1.8890190000000002,0.0
frozen_check,ppo,7,frozen_check_06,window_us_101_off51136_len24_t1118849067400_1118849069700,j_11064,us_101,51136,24,1118849067400,1118849069700,63.45596249755166,1.320386,0.0,0.0,1.320386,32.286241409551664,55.193499128,1.792641,0.0,0.0,1.792641,0.0,-8.26246336955166,0.47225499999999987,0.0,0.0,0.47225499999999987,-32.286241409551664
frozen_check,sa_ghmappo,17,frozen_check_00,window_us_101_off40376_len24_t1118847991400_1118847993700,j_1097456,us_101,40376,24,1118847991400,1118847993700,62.21305435199999,492.783419,492.196128,0.018658,0.568633,21.579066,110.55002336800001,165.015921,164.065376,0.006036,0.944509,82.71975300000001,48.33696901600002,-327.767498,-328.13075200000003,-0.012622000000000001,0.375876,61.140687000000014
frozen_check,sa_ghmappo,17,frozen_check_01,window_us_101_off40488_len24_t1118848002600_1118848004900,j_1065729,us_101,40488,24,1118848002600,1118848004900,44.0104928,174.93652,173.70732,1.2292,0.0,0.0,122.29208976551627,165.089107,164.065376,0.1756,0.848131,79.09054948551628,78.28159696551626,-9.847412999999989,-9.641944000000024,-1.0536,0.848131,79.09054948551628
frozen_check,sa_ghmappo,17,frozen_check_03,window_us_101_off43456_len24_t1118848299400_1118848301700,j_1065807,us_101,43456,24,1118848299400,1118848301700,95.51319240800001,1025.877551,1024.667776,0.73752,0.472255,53.947665,47.90980555200001,1170.448319,1169.449264,0.5268,0.472255,10.789533,-47.603386856,144.57076800000004,144.78148800000008,-0.2107199999999999,0.0,-43.158132
frozen_check,sa_ghmappo,17,frozen_check_04,window_us_101_off44288_len24_t1118848382600_1118848384900,j_1103741,us_101,44288,24,1118848382600,1118848384900,201.38523341188449,1.609521,0.0,0.0,1.609521,164.69700957188448,189.35671569830214,319.626074,318.488808,0.0,1.137266,144.19689573830215,-12.028517713582346,318.01655300000004,318.488808,0.0,-0.47225499999999987,-20.500113833582333
frozen_check,sa_ghmappo,17,frozen_check_05,window_us_101_off45408_len24_t1118848494600_1118848496900,j_1067730,us_101,45408,24,1118848494600,1118848496900,32.001142992,29.233624,28.925832,0.018657,0.289135,0.0,38.331667759999995,19.585095,19.283888,0.012072,0.289135,10.789533,6.3305247679999965,-9.648529,-9.641943999999999,-0.006585000000000001,0.0,10.789533
frozen_check,sa_ghmappo,17,frozen_check_06,window_us_101_off51136_len24_t1118849067400_1118849069700,j_11064,us_101,51136,24,1118849067400,1118849069700,63.45596249755166,1.320386,0.0,0.0,1.320386,32.286241409551664,55.588118998386996,1025.515907,1024.667776,0.0,0.848131,23.654612742386995,-7.867843499164664,1024.1955209999999,1024.667776,0.0,-0.4722550000000001,-8.63162866716467
frozen_check,sa_ghmappo,29,frozen_check_00,window_us_101_off40376_len24_t1118847991400_1118847993700,j_1097456,us_101,40376,24,1118847991400,1118847993700,166.16771944,1.23968,0.0,0.006036,1.233644,136.667418,166.19215339200002,1.242424,0.0,0.00878,1.233644,136.667418,0.02443395200000964,0.0027440000000000797,0.0,0.002744,0.0,0.0
frozen_check,sa_ghmappo,29,frozen_check_01,window_us_101_off40488_len24_t1118848002600_1118848004900,j_1065729,us_101,40488,24,1118848002600,1118848004900,49.90301121358233,0.614197,0.0,0.42144,0.192757,4.315814333582334,122.29208976551627,165.089107,164.065376,0.1756,0.848131,79.09054948551628,72.38907855193393,164.47491000000002,164.065376,-0.24583999999999998,0.6553739999999999,74.77473515193394
frozen_check,sa_ghmappo,29,frozen_check_02,window_us_101_off40640_len24_t1118848017800_1118848020100,j_1101642,us_101,40640,24,1118848017800,1118848020100,74.73005142316467,1025.515907,1024.667776,0.0,0.848131,42.79848316716467,74.75448537516468,1025.518651,1024.667776,0.002744,0.848131,42.79848316716467,0.02443395200000964,0.00274400000012065,0.0,0.002744,0.0,0.0
frozen_check,sa_ghmappo,29,frozen_check_03,window_us_101_off43456_len24_t1118848299400_1118848301700,j_1065807,us_101,43456,24,1118848299400,1118848301700,97.51340440000001,1.54155,0.0,0.59704,0.94451,64.737198,103.855431792,1170.744974,1169.449264,0.3512,0.94451,64.737198,6.342027391999991,1169.203424,1169.449264,-0.24584,0.0,0.0
frozen_check,sa_ghmappo,29,frozen_check_04,window_us_101_off44288_len24_t1118848382600_1118848384900,j_1103741,us_101,44288,24,1118848382600,1118848384900,201.38523341188449,1.609521,0.0,0.0,1.609521,164.69700957188448,201.38523341188449,1.609521,0.0,0.0,1.609521,164.69700957188448,0.0,0.0,0.0,0.0,0.0,0.0
frozen_check,sa_ghmappo,29,frozen_check_06,window_us_101_off51136_len24_t1118849067400_1118849069700,j_11064,us_101,51136,24,1118849067400,1118849069700,55.588118998386996,1025.515907,1024.667776,0.0,0.848131,23.654612742386995,55.588118998386996,1025.515907,1024.667776,0.0,0.848131,23.654612742386995,0.0,0.0,0.0,0.0,0.0,0.0
frozen_check,sa_ghmappo,29,frozen_check_07,window_us_101_off52632_len24_t1118849217000_1118849219300,j_1069624,us_101,52632,24,1118849217000,1118849219300,198.98664419169538,2504.173528,2502.963904,0.24584,0.963784,55.48902807169537,198.98664419169538,2504.173528,2502.963904,0.24584,0.963784,55.48902807169537,0.0,0.0,0.0,0.0,0.0,0.0
frozen_check,sa_ghmappo,43,frozen_check_01,window_us_101_off40488_len24_t1118848002600_1118848004900,j_1065729,us_101,40488,24,1118848002600,1118848004900,44.0104928,174.93652,173.70732,1.2292,0.0,0.0,122.29208976551627,165.089107,164.065376,0.1756,0.848131,79.09054948551628,78.28159696551626,-9.847412999999989,-9.641944000000024,-1.0536,0.848131,79.09054948551628
frozen_check,sa_ghmappo,43,frozen_check_02,window_us_101_off40640_len24_t1118848017800_1118848020100,j_1101642,us_101,40640,24,1118848017800,1118848020100,111.64334421674701,3219.924277,3218.784816,0.002195,1.137266,52.509064000747,74.73005142316467,1025.515907,1024.667776,0.0,0.848131,42.79848316716467,-36.91329279358234,-2194.40837,-2194.11704,-0.002195,-0.28913500000000014,-9.710580833582334
frozen_check,sa_ghmappo,43,frozen_check_03,window_us_101_off43456_len24_t1118848299400_1118848301700,j_1065807,us_101,43456,24,1118848299400,1118848301700,95.51319240800001,1025.877551,1024.667776,0.73752,0.472255,53.947665,47.936184272000006,1170.694159,1169.449264,0.77264,0.472255,10.789533,-47.577008136,144.81660799999986,144.78148800000008,0.03512000000000004,0.0,-43.158132
frozen_check,sa_ghmappo,43,frozen_check_04,window_us_101_off44288_len24_t1118848382600_1118848384900,j_1103741,us_101,44288,24,1118848382600,1118848384900,165.0347665511375,165.385762,164.065376,0.0,1.320386,124.77573407113748,189.35671569830214,319.626074,318.488808,0.0,1.137266,144.19689573830215,24.321949147164645,154.24031200000002,154.42343200000002,0.0,-0.18311999999999995,19.421161667164668
frozen_check,sa_ghmappo,43,frozen_check_06,window_us_101_off51136_len24_t1118849067400_1118849069700,j_11064,us_101,51136,24,1118849067400,1118849069700,98.74107140032221,1025.988162,1024.667776,0.0,1.320386,60.78378710432221,55.588118998386996,1025.515907,1024.667776,0.0,0.848131,23.654612742386995,-43.15295240193522,-0.472255000000132,0.0,0.0,-0.4722550000000001,-37.12917436193521
frozen_check,sa_ghmappo,43,frozen_check_07,window_us_101_off52632_len24_t1118849217000_1118849219300,j_1069624,us_101,52632,24,1118849217000,1118849219300,198.98664419169538,2504.173528,2502.963904,0.24584,0.963784,55.48902807169537,198.98664419169538,2504.173528,2502.963904,0.24584,0.963784,55.48902807169537,0.0,0.0,0.0,0.0,0.0,0.0
frozen_check,sa_ghmappo,61,frozen_check_00,window_us_101_off40376_len24_t1118847991400_1118847993700,j_1097456,us_101,40376,24,1118847991400,1118847993700,153.316096184,329.178773,328.130752,0.007134,1.040887,115.08835200000001,153.316096184,329.178773,328.130752,0.007134,1.040887,115.08835200000001,0.0,0.0,0.0,0.0,0.0,0.0
frozen_check,sa_ghmappo,61,frozen_check_01,window_us_101_off40488_len24_t1118848002600_1118848004900,j_1065729,us_101,40488,24,1118848002600,1118848004900,125.5960836774394,175.056112,173.70732,0.59704,0.751752,73.6140431974394,125.59608367743941,175.056112,173.70732,0.59704,0.751752,73.61404319743941,1.4210854715202004e-14,0.0,0.0,0.0,0.0,1.4210854715202004e-14
frozen_check,sa_ghmappo,61,frozen_check_02,window_us_101_off40640_len24_t1118848017800_1118848020100,j_1101642,us_101,40640,24,1118848017800,1118848020100,89.59605852158234,3219.261461,3218.784816,0.00439,0.472255,38.48266883358234,89.59605852158234,3219.261461,3218.784816,0.00439,0.472255,38.48266883358234,0.0,0.0,0.0,0.0,0.0,0.0
frozen_check,sa_ghmappo,61,frozen_check_03,window_us_101_off43456_len24_t1118848299400_1118848301700,j_1065807,us_101,43456,24,1118848299400,1118848301700,116.346909776,1026.952097,1024.667776,0.49168,1.792641,64.737198,116.346909776,1026.952097,1024.667776,0.49168,1.792641,64.737198,0.0,0.0,0.0,0.0,0.0,0.0
frozen_check,sa_ghmappo,61,frozen_check_04,window_us_101_off44288_len24_t1118848382600_1118848384900,j_1103741,us_101,44288,24,1118848382600,1118848384900,189.35671569830214,319.626074,318.488808,0.0,1.137266,144.19689573830215,189.35671569830214,319.626074,318.488808,0.0,1.137266,144.19689573830215,0.0,0.0,0.0,0.0,0.0,0.0
frozen_check,sa_ghmappo,61,frozen_check_06,window_us_101_off51136_len24_t1118849067400_1118849069700,j_11064,us_101,51136,24,1118849067400,1118849069700,104.44903510673987,1026.460417,1024.667776,0.0,1.792641,56.46797277073988,104.44903510673987,1026.460417,1024.667776,0.0,1.792641,56.46797277073987,0.0,0.0,0.0,0.0,0.0,-7.105427357601002e-15
frozen_check,sa_ghmappo,61,frozen_check_07,window_us_101_off52632_len24_t1118849217000_1118849219300,j_1069624,us_101,52632,24,1118849217000,1118849219300,207.01820959169535,2504.462663,2502.963904,0.24584,1.252919,55.48902807169537,207.01820959169535,2504.462663,2502.963904,0.24584,1.252919,55.48902807169537,0.0,0.0,0.0,0.0,0.0,0.0
frozen_check,sa_ghmappo,7,frozen_check_00,window_us_101_off40376_len24_t1118847991400_1118847993700,j_1097456,us_101,40376,24,1118847991400,1118847993700,67.054929104,1.236388,0.0,0.002744,1.233644,21.579066,166.19215339200002,1.242424,0.0,0.00878,1.233644,136.667418,99.13722428800003,0.00603599999999993,0.0,0.006036,0.0,115.088352
frozen_check,sa_ghmappo,7,frozen_check_01,window_us_101_off40488_len24_t1118848002600_1118848004900,j_1065729,us_101,40488,24,1118848002600,1118848004900,72.01276093358233,1.96824,0.0,0.1756,1.79264,4.315814333582334,125.58957485102175,1.427208,0.0,0.38632,1.040888,77.92985753102175,53.576813917439424,-0.541032,0.0,0.21072,-0.751752,73.61404319743941
frozen_check,sa_ghmappo,7,frozen_check_02,window_us_101_off40640_len24_t1118848017800_1118848020100,j_1101642,us_101,40640,24,1118848017800,1118848020100,43.48213246158234,1.137266,0.0,0.0,1.137266,4.315814333582334,73.98923524716467,1.14001,0.0,0.002744,1.137266,42.79848316716467,30.507102785582333,0.0027439999999998577,0.0,0.002744,0.0,38.48266883358234
frozen_check,sa_ghmappo,7,frozen_check_03,window_us_101_off43456_len24_t1118848299400_1118848301700,j_1065807,us_101,43456,24,1118848299400,1118848301700,61.560328928,1.968241,0.0,0.1756,1.792641,10.789533,97.51340440000001,1.54155,0.0,0.59704,0.94451,64.737198,35.953075472000016,-0.42669099999999993,0.0,0.42144000000000004,-0.848131,53.94766500000001
frozen_check,sa_ghmappo,7,frozen_check_04,window_us_101_off44288_len24_t1118848382600_1118848384900,j_1103741,us_101,44288,24,1118848382600,1118848384900,79.62316614,1.137266,0.0,0.0,1.137266,26.9738325,201.38523341188449,1.609521,0.0,0.0,1.609521,164.69700957188448,121.76206727188449,0.47225499999999987,0.0,0.0,0.47225499999999987,137.7231770718845
frozen_check,sa_ghmappo,7,frozen_check_05,window_us_101_off45408_len24_t1118848494600_1118848496900,j_1067730,us_101,45408,24,1118848494600,1118848496900,72.41893688,1.44811,0.0,0.012072,1.436038,21.579066,72.41893688,1.44811,0.0,0.012072,1.436038,21.579066,0.0,0.0,0.0,0.0,0.0,0.0
frozen_check,sa_ghmappo,7,frozen_check_06,window_us_101_off51136_len24_t1118849067400_1118849069700,j_11064,us_101,51136,24,1118849067400,1118849069700,51.50931346158234,1.792641,0.0,0.0,1.792641,4.315814333582334,54.824333830387,1.320386,0.0,0.0,1.320386,23.654612742386995,3.3150203688046602,-0.47225499999999987,0.0,0.0,-0.47225499999999987,19.33879840880466
frozen_check,sa_ghmappo,7,frozen_check_07,window_us_101_off52632_len24_t1118849217000_1118849219300,j_1069624,us_101,52632,24,1118849217000,1118849219300,112.45537756,2.862439,0.0,0.0,2.862439,0.0,104.42034251999999,2.486563,0.0,0.0,2.486563,0.0,-8.035035040000011,-0.3758760000000003,0.0,0.0,-0.3758760000000003,0.0
regression,dt_handoff_drl,17,regression_00,window_lankershim_off4000_len24_t1118936085200_1118936087500,j_1066618,lankershim,4000,24,1118936085200,1118936087500,38.400579763164664,328.513762,328.130752,0.007134,0.375876,8.631628667164668,38.37615020316467,328.511567,328.130752,0.004939,0.375876,8.631628667164668,-0.02442955999999441,-0.0021949999999719694,0.0,-0.002195,0.0,0.0
regression,dt_handoff_drl,17,regression_01,window_lankershim_off7904_len24_t1118936475600_1118936477900,j_1052341,lankershim,7904,24,1118936475600,1118936477900,55.460988252825594,11.07142,9.641944,1.0536,0.375876,13.358471452825595,55.4309570528256,10.93094,9.641944,0.91312,0.375876,13.358471452825595,-0.03003119999999626,-0.14048000000000016,0.0,-0.14048000000000005,0.0,0.0
regression,dt_handoff_drl,17,regression_02,window_lankershim_off14008_len24_t1118937086000_1118937088300,j_1077564,lankershim,14008,24,1118937086000,1118937088300,194.45137744791168,5558.440035,5557.683344,0.004939,0.751752,113.29010216791167,139.69137829674702,3363.950412,3363.566304,0.008232,0.375876,77.684641000747,-54.75999915116466,-2194.4896229999995,-2194.11704,0.003293,-0.375876,-35.60546116716466
regression,dt_handoff_drl,17,regression_03,window_lankershim_off17976_len24_t1118937482800_1118937485100,j_1053611,lankershim,17976,24,1118937482800,1118937485100,78.5337704,2195.432175,2194.11704,0.84288,0.472255,7.193022,78.5337704,2195.432175,2194.11704,0.84288,0.472255,7.193022,0.0,0.0,0.0,0.0,0.0,0.0
regression,dt_handoff_drl,17,regression_04,window_peachtree_off22888_len24_t1163316300_1163318600,j_1080918,peachtree,22888,24,1163316300,1163318600,53.75772522716467,0.385514,0.0,0.0,0.385514,37.403716667164666,53.75772522716467,0.385514,0.0,0.0,0.385514,37.40371666716467,0.0,0.0,0.0,0.0,0.0,7.105427357601002e-15
regression,dt_handoff_drl,17,regression_05,window_us_101_off30672_len24_t1118847021000_1118847023300,j_1054473,us_101,30672,24,1118847021000,1118847023300,20.393349456,28.936807,28.925832,0.010975,0.0,0.0,20.393349456,28.936807,28.925832,0.010975,0.0,0.0,0.0,0.0,0.0,0.0,0.0,0.0
regression,dt_handoff_drl,17,regression_06,window_us_101_off31096_len24_t1118847063400_1118847065700,j_10812,us_101,31096,24,1118847063400,1118847065700,54.70626177916468,0.385514,0.0,0.0,0.385514,37.40371666716467,54.70626177916468,0.385514,0.0,0.0,0.385514,37.40371666716467,0.0,0.0,0.0,0.0,0.0,0.0
regression,dt_handoff_drl,17,regression_07,window_us_101_off32096_len24_t1118847163400_1118847165700,j_1055583,us_101,32096,24,1118847163400,1118847165700,218.31665480724544,2504.80357,2502.963904,0.7024,1.137266,68.01127000724543,218.31665480724544,2504.80357,2502.963904,0.7024,1.137266,68.01127000724543,0.0,0.0,0.0,0.0,0.0,0.0
regression,dt_handoff_drl,17,regression_08,window_us_101_off35256_len24_t1118847479400_1118847481700,j_1081406,us_101,35256,24,1118847479400,1118847481700,23.137658088000002,328.137886,328.130752,0.007134,0.0,0.0,23.113228528,328.135691,328.130752,0.004939,0.0,0.0,-0.024429560000001516,-0.0021949999999719694,0.0,-0.002195,0.0,0.0
regression,dt_handoff_drl,17,regression_09,window_us_101_off35416_len24_t1118847495400_1118847497700,j_1061152,us_101,35416,24,1118847495400,1118847497700,50.838452,175.2526,173.70732,1.54528,0.0,0.0,50.80842079999999,175.11212,173.70732,1.4048,0.0,0.0,-0.030031200000003366,-0.1404799999999966,0.0,-0.14047999999999994,0.0,0.0
regression,dt_handoff_drl,17,regression_10,window_us_101_off35648_len24_t1118847518600_1118847520900,j_1090155,us_101,35648,24,1118847518600,1118847520900,41.311219392000005,2194.124174,2194.11704,0.007134,0.0,0.0,46.971303685208845,0.574669,0.0,0.006036,0.568633,24.815925333208835,5.66008429320884,-2193.549505,-2194.11704,-0.001098,0.568633,24.815925333208835
regression,dt_handoff_drl,17,regression_11,window_us_101_off37040_len24_t1118847657800_1118847660100,j_1064718,us_101,37040,24,1118847657800,1118847660100,57.867947024,3219.469253,3218.784816,0.49168,0.192757,10.789533,49.054847976000005,2194.660997,2194.11704,0.3512,0.192757,10.789533,-8.813099047999998,-1024.8082560000003,-1024.6677759999998,-0.14048,0.0,0.0
regression,dt_handoff_drl,29,regression_00,window_lankershim_off4000_len24_t1118936085200_1118936087500,j_1066618,lankershim,4000,24,1118936085200,1118936087500,38.400579763164664,328.513762,328.130752,0.007134,0.375876,8.631628667164668,38.400579763164664,328.513762,328.130752,0.007134,0.375876,8.631628667164668,0.0,0.0,0.0,0.0,0.0,0.0
regression,dt_handoff_drl,29,regression_01,window_lankershim_off7904_len24_t1118936475600_1118936477900,j_1052341,lankershim,7904,24,1118936475600,1118936477900,55.460988252825594,11.07142,9.641944,1.0536,0.375876,13.358471452825595,55.460988252825594,11.07142,9.641944,1.0536,0.375876,13.358471452825595,0.0,0.0,0.0,0.0,0.0,0.0
regression,dt_handoff_drl,29,regression_02,window_lankershim_off14008_len24_t1118937086000_1118937088300,j_1077564,lankershim,14008,24,1118937086000,1118937088300,194.45137744791168,5558.440035,5557.683344,0.004939,0.751752,113.29010216791167,194.42694349591167,5558.437291,5557.683344,0.002195,0.751752,113.29010216791167,-0.02443395200000964,-0.002743999999438529,0.0,-0.002744,0.0,0.0
regression,dt_handoff_drl,29,regression_03,window_lankershim_off17976_len24_t1118937482800_1118937485100,j_1053611,lankershim,17976,24,1118937482800,1118937485100,78.5337704,2195.432175,2194.11704,0.84288,0.472255,7.193022,78.5079536,2195.256575,2194.11704,0.66728,0.472255,7.193022,-0.025816800000001194,-0.1756000000000313,0.0,-0.17559999999999998,0.0,0.0
regression,dt_handoff_drl,29,regression_04,window_peachtree_off22888_len24_t1163316300_1163318600,j_1080918,peachtree,22888,24,1163316300,1163318600,53.75772522716467,0.385514,0.0,0.0,0.385514,37.403716667164666,53.75772522716467,0.385514,0.0,0.0,0.385514,37.40371666716467,0.0,0.0,0.0,0.0,0.0,7.105427357601002e-15
regression,dt_handoff_drl,29,regression_05,window_us_101_off30672_len24_t1118847021000_1118847023300,j_1054473,us_101,30672,24,1118847021000,1118847023300,24.440786023999998,29.314878,28.925832,0.01317,0.375876,0.0,20.368915504,28.934063,28.925832,0.008231,0.0,0.0,-4.071870519999997,-0.3808150000000019,0.0,-0.004938999999999999,-0.375876,0.0
regression,dt_handoff_drl,29,regression_06,window_us_101_off31096_len24_t1118847063400_1118847065700,j_10812,us_101,31096,24,1118847063400,1118847065700,54.70626177916468,0.385514,0.0,0.0,0.385514,37.40371666716467,54.70626177916468,0.385514,0.0,0.0,0.385514,37.40371666716467,0.0,0.0,0.0,0.0,0.0,0.0
regression,dt_handoff_drl,29,regression_07,window_us_101_off32096_len24_t1118847163400_1118847165700,j_1055583,us_101,32096,24,1118847163400,1118847165700,218.31665480724544,2504.80357,2502.963904,0.7024,1.137266,68.01127000724543,218.28100440724543,2504.52261,2502.963904,0.42144,1.137266,68.01127000724543,-0.03565040000000863,-0.28096000000005006,0.0,-0.28096000000000004,0.0,0.0
regression,dt_handoff_drl,29,regression_08,window_us_101_off35256_len24_t1118847479400_1118847481700,j_1081406,us_101,35256,24,1118847479400,1118847481700,23.137658088000002,328.137886,328.130752,0.007134,0.0,0.0,23.137658088000002,328.137886,328.130752,0.007134,0.0,0.0,0.0,0.0,0.0,0.0,0.0,0.0
regression,dt_handoff_drl,29,regression_09,window_us_101_off35416_len24_t1118847495400_1118847497700,j_1061152,us_101,35416,24,1118847495400,1118847497700,50.838452,175.2526,173.70732,1.54528,0.0,0.0,59.40733523320883,175.014935,173.70732,1.01848,0.289135,8.631625833208835,8.568883233208837,-0.2376649999999927,0.0,-0.5267999999999999,0.289135,8.631625833208835
regression,dt_handoff_drl,29,regression_10,window_us_101_off35648_len24_t1118847518600_1118847520900,j_1090155,us_101,35648,24,1118847518600,1118847520900,41.311219392000005,2194.124174,2194.11704,0.007134,0.0,0.0,41.311219392000005,2194.124174,2194.11704,0.007134,0.0,0.0,0.0,0.0,0.0,0.0,0.0,0.0
regression,dt_handoff_drl,29,regression_11,window_us_101_off37040_len24_t1118847657800_1118847660100,j_1064718,us_101,37040,24,1118847657800,1118847660100,57.867947024,3219.469253,3218.784816,0.49168,0.192757,10.789533,57.842130224,3219.293653,3218.784816,0.31608,0.192757,10.789533,-0.025816800000001194,-0.1756000000000313,0.0,-0.17559999999999998,0.0,0.0
regression,dt_handoff_drl,43,regression_00,window_lankershim_off4000_len24_t1118936085200_1118936087500,j_1066618,lankershim,4000,24,1118936085200,1118936087500,39.794816376,328.143922,328.130752,0.01317,0.0,0.0,38.400579763164664,328.513762,328.130752,0.007134,0.375876,8.631628667164668,-1.3942366128353356,0.3698400000000106,0.0,-0.006036,0.375876,8.631628667164668
regression,dt_handoff_drl,43,regression_01,window_lankershim_off7904_len24_t1118936475600_1118936477900,j_1052341,lankershim,7904,24,1118936475600,1118936477900,55.460988252825594,11.07142,9.641944,1.0536,0.375876,13.358471452825595,55.4281474528256,10.8607,9.641944,0.84288,0.375876,13.358471452825595,-0.03284079999999534,-0.21072000000000024,0.0,-0.21072000000000013,0.0,0.0
regression,dt_handoff_drl,43,regression_02,window_lankershim_off14008_len24_t1118937086000_1118937088300,j_1077564,lankershim,14008,24,1118937086000,1118937088300,145.714609096747,4388.716762,4388.23408,0.010427,0.472255,66.89510800074702,175.24654461591166,3364.318056,3363.566304,0.0,0.751752,113.29010216791167,29.531935519164648,-1024.398706,-1024.6677760000002,-0.010427,0.279497,46.394994167164654
regression,dt_handoff_drl,43,regression_03,window_lankershim_off17976_len24_t1118937482800_1118937485100,j_1053611,lankershim,17976,24,1118937482800,1118937485100,78.5337704,2195.432175,2194.11704,0.84288,0.472255,7.193022,78.5079536,2195.256575,2194.11704,0.66728,0.472255,7.193022,-0.025816800000001194,-0.1756000000000313,0.0,-0.17559999999999998,0.0,0.0
regression,dt_handoff_drl,43,regression_04,window_peachtree_off22888_len24_t1163316300_1163318600,j_1080918,peachtree,22888,24,1163316300,1163318600,53.75772522716467,0.385514,0.0,0.0,0.385514,37.403716667164666,53.75772522716467,0.385514,0.0,0.0,0.385514,37.40371666716467,0.0,0.0,0.0,0.0,0.0,7.105427357601002e-15
regression,dt_handoff_drl,43,regression_05,window_us_101_off30672_len24_t1118847021000_1118847023300,j_1054473,us_101,30672,24,1118847021000,1118847023300,20.393349456,28.936807,28.925832,0.010975,0.0,0.0,20.368915504,28.934063,28.925832,0.008231,0.0,0.0,-0.024433951999998982,-0.0027440000000034104,0.0,-0.002744,0.0,0.0
regression,dt_handoff_drl,43,regression_06,window_us_101_off31096_len24_t1118847063400_1118847065700,j_10812,us_101,31096,24,1118847063400,1118847065700,54.70626177916468,0.385514,0.0,0.0,0.385514,37.40371666716467,54.70626177916468,0.385514,0.0,0.0,0.385514,37.40371666716467,0.0,0.0,0.0,0.0,0.0,0.0
regression,dt_handoff_drl,43,regression_07,window_us_101_off32096_len24_t1118847163400_1118847165700,j_1055583,us_101,32096,24,1118847163400,1118847165700,218.31665480724544,2504.80357,2502.963904,0.7024,1.137266,68.01127000724543,218.28100440724543,2504.52261,2502.963904,0.42144,1.137266,68.01127000724543,-0.03565040000000863,-0.28096000000005006,0.0,-0.28096000000000004,0.0,0.0
regression,dt_handoff_drl,43,regression_08,window_us_101_off35256_len24_t1118847479400_1118847481700,j_1081406,us_101,35256,24,1118847479400,1118847481700,66.2785810689544,328.333387,328.130752,0.009878,0.192757,41.09494697295439,23.137658088000002,328.137886,328.130752,0.007134,0.0,0.0,-43.14092298095439,-0.19550100000003567,0.0,-0.002744,-0.192757,-41.09494697295439
regression,dt_handoff_drl,43,regression_09,window_us_101_off35416_len24_t1118847495400_1118847497700,j_1061152,us_101,35416,24,1118847495400,1118847497700,50.838452,175.2526,173.70732,1.54528,0.0,0.0,59.37168483320883,174.733975,173.70732,0.73752,0.289135,8.631625833208835,8.533232833208835,-0.5186250000000143,0.0,-0.80776,0.289135,8.631625833208835
regression,dt_handoff_drl,43,regression_10,window_us_101_off35648_len24_t1118847518600_1118847520900,j_1090155,us_101,35648,24,1118847518600,1118847520900,41.311219392000005,2194.124174,2194.11704,0.007134,0.0,0.0,46.94686534920884,0.571377,0.0,0.002744,0.568633,24.815925333208835,5.635645957208837,-2193.552797,-2194.11704,-0.00439,0.568633,24.815925333208835
regression,dt_handoff_drl,43,regression_11,window_us_101_off37040_len24_t1118847657800_1118847660100,j_1064718,us_101,37040,24,1118847657800,1118847660100,57.867947024,3219.469253,3218.784816,0.49168,0.192757,10.789533,57.842130224,3219.293653,3218.784816,0.31608,0.192757,10.789533,-0.025816800000001194,-0.1756000000000313,0.0,-0.17559999999999998,0.0,0.0
regression,dt_handoff_drl,61,regression_00,window_lankershim_off4000_len24_t1118936085200_1118936087500,j_1066618,lankershim,4000,24,1118936085200,1118936087500,51.005212536,155.743817,154.423432,0.0,1.320385,0.0,42.980663471999996,155.175184,154.423432,0.0,0.751752,0.0,-8.024549064000006,-0.5686330000000055,0.0,0.0,-0.5686329999999999,0.0
regression,dt_handoff_drl,61,regression_01,window_lankershim_off7904_len24_t1118936475600_1118936477900,j_1052341,lankershim,7904,24,1118936475600,1118936477900,81.33780492,1.330023,0.0,0.0,1.330023,0.0,70.63353105282559,0.76139,0.0,0.0,0.76139,13.358471452825595,-10.704273867174408,-0.5686329999999999,0.0,0.0,-0.5686329999999999,13.358471452825595
regression,dt_handoff_drl,61,regression_02,window_lankershim_off14008_len24_t1118937086000_1118937088300,j_1077564,lankershim,14008,24,1118937086000,1118937088300,102.45202541516467,1170.962406,1169.449264,0.0,1.513142,35.60546116716467,164.11288837591167,1170.490151,1169.449264,0.0,1.040887,113.29010216791167,61.660862960747,-0.472255000000132,0.0,0.0,-0.4722550000000001,77.684641000747
regression,dt_handoff_drl,61,regression_03,window_lankershim_off17976_len24_t1118937482800_1118937485100,j_1053611,lankershim,17976,24,1118937482800,1118937485100,132.26334752,3.89369,0.0,0.0,3.89369,0.0,101.71174527199999,1171.714159,1169.449264,0.0,2.264895,7.193022,-30.55160224800001,1167.820469,1169.449264,0.0,-1.6287949999999998,7.193022
regression,dt_handoff_drl,61,regression_04,window_peachtree_off22888_len24_t1163316300_1163318600,j_1080918,peachtree,22888,24,1163316300,1163318600,40.381718840000005,0.578271,0.0,0.0,0.578271,0.0,28.669822893582335,0.385514,0.0,0.0,0.385514,4.315814333582334,-11.71189594641767,-0.19275699999999996,0.0,0.0,-0.19275699999999996,4.315814333582334
regression,dt_handoff_drl,61,regression_05,window_us_101_off30672_len24_t1118847021000_1118847023300,j_1054473,us_101,30672,24,1118847021000,1118847023300,46.6037875897739,19.958537,19.283888,0.0,0.674649,10.628496293773907,38.58224553377391,19.76578,19.283888,0.0,0.481892,10.628496293773907,-8.021542055999994,-0.1927570000000003,0.0,0.0,-0.19275700000000007,0.0
regression,dt_handoff_drl,61,regression_06,window_us_101_off31096_len24_t1118847063400_1118847065700,j_10812,us_101,31096,24,1118847063400,1118847065700,57.368636232,1.146904,0.0,0.0,1.146904,0.0,37.63990150158234,0.578271,0.0,0.0,0.578271,4.315814333582334,-19.728734730417663,-0.5686329999999999,0.0,0.0,-0.5686329999999999,4.315814333582334
regression,dt_handoff_drl,61,regression_07,window_us_101_off32096_len24_t1118847163400_1118847165700,j_1055583,us_101,32096,24,1118847163400,1118847165700,143.27109492000002,3.411798,0.0,0.0,3.411798,0.0,127.2083496,2.843165,0.0,0.0,2.843165,0.0,-16.06274532000002,-0.5686330000000002,0.0,0.0,-0.5686330000000002,0.0
regression,dt_handoff_drl,61,regression_08,window_us_101_off35256_len24_t1118847479400_1118847481700,j_1081406,us_101,35256,24,1118847479400,1118847481700,46.76178355758233,0.771028,0.0,0.0,0.771028,4.315814333582334,45.18812866058675,0.578271,0.0,0.0,0.578271,10.763701492586744,-1.5736548969955848,-0.19275700000000007,0.0,0.0,-0.19275700000000007,6.44788715900441
regression,dt_handoff_drl,61,regression_09,window_us_101_off35416_len24_t1118847495400_1118847497700,j_1061152,us_101,35416,24,1118847495400,1118847497700,99.79943215320884,11.473133,9.641944,0.0,1.831189,8.631625833208835,91.77172187320885,11.280376,9.641944,0.0,1.638432,8.631625833208835,-8.027710279999994,-0.1927570000000003,0.0,0.0,-0.19275699999999985,0.0
regression,dt_handoff_drl,61,regression_10,window_us_101_off35648_len24_t1118847518600_1118847520900,j_1090155,us_101,35648,24,1118847518600,1118847520900,89.4035714450221,1.416764,0.0,0.0,1.416764,51.25028033302209,54.94543840520884,0.944509,0.0,0.0,0.944509,24.815925333208835,-34.458133039813255,-0.47225499999999987,0.0,0.0,-0.47225499999999987,-26.434354999813255
regression,dt_handoff_drl,61,regression_11,window_us_101_off37040_len24_t1118847657800_1118847660100,j_1064718,us_101,37040,24,1118847657800,1118847660100,61.49074433599999,1170.220292,1169.449264,0.0,0.771028,0.0,56.258735279999996,1170.027535,1169.449264,0.0,0.578271,10.789533,-5.232009055999995,-0.1927570000000287,0.0,0.0,-0.19275700000000007,10.789533
regression,dt_handoff_drl,7,regression_00,window_lankershim_off4000_len24_t1118936085200_1118936087500,j_1066618,lankershim,4000,24,1118936085200,1118936087500,38.37615020316467,328.511567,328.130752,0.004939,0.375876,8.631628667164668,38.400579763164664,328.513762,328.130752,0.007134,0.375876,8.631628667164668,0.02442955999999441,0.0021949999999719694,0.0,0.002195,0.0,0.0
regression,dt_handoff_drl,7,regression_01,window_lankershim_off7904_len24_t1118936475600_1118936477900,j_1052341,lankershim,7904,24,1118936475600,1118936477900,55.4309570528256,10.93094,9.641944,0.91312,0.375876,13.358471452825595,55.460988252825594,11.07142,9.641944,1.0536,0.375876,13.358471452825595,0.03003119999999626,0.14048000000000016,0.0,0.14048000000000005,0.0,0.0
regression,dt_handoff_drl,7,regression_02,window_lankershim_off14008_len24_t1118937086000_1118937088300,j_1077564,lankershim,14008,24,1118937086000,1118937088300,194.45137744791168,5558.440035,5557.683344,0.004939,0.751752,113.29010216791167,175.3186433199117,4389.089894,4388.23408,0.007683,0.848131,102.50056916791169,-19.13273412799998,-1169.350141,-1169.4492639999999,0.002744,0.09637899999999999,-10.789532999999977
regression,dt_handoff_drl,7,regression_03,window_lankershim_off17976_len24_t1118937482800_1118937485100,j_1053611,lankershim,17976,24,1118937482800,1118937485100,78.5079536,2195.256575,2194.11704,0.66728,0.472255,7.193022,78.5337704,2195.432175,2194.11704,0.84288,0.472255,7.193022,0.025816800000001194,0.1756000000000313,0.0,0.17559999999999998,0.0,0.0
regression,dt_handoff_drl,7,regression_04,window_peachtree_off22888_len24_t1163316300_1163318600,j_1080918,peachtree,22888,24,1163316300,1163318600,53.75772522716467,0.385514,0.0,0.0,0.385514,37.403716667164666,53.75772522716467,0.385514,0.0,0.0,0.385514,37.40371666716467,0.0,0.0,0.0,0.0,0.0,7.105427357601002e-15
regression,dt_handoff_drl,7,regression_05,window_us_101_off30672_len24_t1118847021000_1118847023300,j_1054473,us_101,30672,24,1118847021000,1118847023300,20.393349456,28.936807,28.925832,0.010975,0.0,0.0,20.393349456,28.936807,28.925832,0.010975,0.0,0.0,0.0,0.0,0.0,0.0,0.0,0.0
regression,dt_handoff_drl,7,regression_06,window_us_101_off31096_len24_t1118847063400_1118847065700,j_10812,us_101,31096,24,1118847063400,1118847065700,54.70626177916468,0.385514,0.0,0.0,0.385514,37.40371666716467,54.70626177916468,0.385514,0.0,0.0,0.385514,37.40371666716467,0.0,0.0,0.0,0.0,0.0,0.0
regression,dt_handoff_drl,7,regression_07,window_us_101_off32096_len24_t1118847163400_1118847165700,j_1055583,us_101,32096,24,1118847163400,1118847165700,238.52424398449966,2495.449299,2493.32196,0.42144,1.705899,64.8860260244997,226.21636977091734,2495.537502,2493.32196,0.7024,1.513142,60.570211690917354,-12.307874213582323,0.08820300000024872,0.0,0.28096000000000004,-0.19275700000000007,-4.315814333582345
regression,dt_handoff_drl,7,regression_08,window_us_101_off35256_len24_t1118847479400_1118847481700,j_1081406,us_101,35256,24,1118847479400,1118847481700,23.137658088000002,328.137886,328.130752,0.007134,0.0,0.0,23.137658088000002,328.137886,328.130752,0.007134,0.0,0.0,0.0,0.0,0.0,0.0,0.0,0.0
regression,dt_handoff_drl,7,regression_09,window_us_101_off35416_len24_t1118847495400_1118847497700,j_1061152,us_101,35416,24,1118847495400,1118847497700,59.34727283320883,174.733975,173.70732,0.73752,0.289135,8.631625833208835,50.838452,175.2526,173.70732,1.54528,0.0,0.0,-8.50882083320883,0.5186250000000143,0.0,0.80776,-0.289135,-8.631625833208835
regression,dt_handoff_drl,7,regression_10,window_us_101_off35648_len24_t1118847518600_1118847520900,j_1090155,us_101,35648,24,1118847518600,1118847520900,41.311219392000005,2194.124174,2194.11704,0.007134,0.0,0.0,41.311219392000005,2194.124174,2194.11704,0.007134,0.0,0.0,0.0,0.0,0.0,0.0,0.0,0.0
regression,dt_handoff_drl,7,regression_11,window_us_101_off37040_len24_t1118847657800_1118847660100,j_1064718,us_101,37040,24,1118847657800,1118847660100,49.029031176000004,2194.485397,2194.11704,0.1756,0.192757,10.789533,96.286155632,2195.204954,2194.11704,0.7024,0.385514,53.947665,47.257124456,0.7195569999998952,0.0,0.5268,0.192757,43.158132
regression,mappo,17,regression_00,window_lankershim_off4000_len24_t1118936085200_1118936087500,j_1066618,lankershim,4000,24,1118936085200,1118936087500,37.94156713916466,318.864684,318.488808,0.0,0.375876,8.631628667164668,38.400579763164664,328.513762,328.130752,0.007134,0.375876,8.631628667164668,0.4590126240000032,9.649077999999975,9.641943999999967,0.007134,0.0,0.0
regression,mappo,17,regression_01,window_lankershim_off7904_len24_t1118936475600_1118936477900,j_1052341,lankershim,7904,24,1118936475600,1118936477900,54.578110492825594,0.375876,0.0,0.0,0.375876,13.358471452825595,55.460988252825594,11.07142,9.641944,1.0536,0.375876,13.358471452825595,0.8828777599999995,10.695544,9.641944,1.0536,0.0,0.0
regression,mappo,17,regression_02,window_lankershim_off14008_len24_t1118937086000_1118937088300,j_1077564,lankershim,14008,24,1118937086000,1118937088300,175.24654461591166,3364.318056,3363.566304,0.0,0.751752,113.29010216791167,194.45137744791168,5558.440035,5557.683344,0.004939,0.751752,113.29010216791167,19.204832832000022,2194.1219789999996,2194.11704,0.004939,0.0,0.0
regression,mappo,17,regression_03,window_lankershim_off17976_len24_t1118937482800_1118937485100,j_1053611,lankershim,17976,24,1118937482800,1118937485100,69.617404152,1169.921519,1169.449264,0.0,0.472255,7.193022,78.5337704,2195.432175,2194.11704,0.84288,0.472255,7.193022,8.916366247999989,1025.510656,1024.667776,0.84288,0.0,0.0
regression,mappo,17,regression_04,window_peachtree_off22888_len24_t1163316300_1163318600,j_1080918,peachtree,22888,24,1163316300,1163318600,53.75772522716467,0.385514,0.0,0.0,0.385514,37.403716667164666,53.75772522716467,0.385514,0.0,0.0,0.385514,37.40371666716467,0.0,0.0,0.0,0.0,0.0,7.105427357601002e-15
regression,mappo,17,regression_05,window_us_101_off30672_len24_t1118847021000_1118847023300,j_1054473,us_101,30672,24,1118847021000,1118847023300,69.84326600466459,19.76578,19.283888,0.0,0.481892,49.88951676466459,24.440786023999998,29.314878,28.925832,0.01317,0.375876,0.0,-45.40247998066459,9.549098,9.641943999999999,0.01317,-0.106016,-49.88951676466459
regression,mappo,17,regression_06,window_us_101_off31096_len24_t1118847063400_1118847065700,j_10812,us_101,31096,24,1118847063400,1118847065700,54.70626177916468,0.385514,0.0,0.0,0.385514,37.40371666716467,54.70626177916468,0.385514,0.0,0.0,0.385514,37.40371666716467,0.0,0.0,0.0,0.0,0.0,0.0
regression,mappo,17,regression_07,window_us_101_off32096_len24_t1118847163400_1118847165700,j_1055583,us_101,32096,24,1118847163400,1118847165700,311.1074325998688,2504.293927,2502.963904,0.0,1.330023,160.87566951986878,218.31665480724544,2504.80357,2502.963904,0.7024,1.137266,68.01127000724543,-92.79077779262335,0.5096429999998691,0.0,0.7024,-0.19275699999999985,-92.86439951262335
regression,mappo,17,regression_08,window_us_101_off35256_len24_t1118847479400_1118847481700,j_1081406,us_101,35256,24,1118847479400,1118847481700,61.72956327975141,164.45089,164.065376,0.0,0.385514,40.974396159751414,23.137658088000002,328.137886,328.130752,0.007134,0.0,0.0,-38.59190519175141,163.686996,164.065376,0.007134,-0.385514,-40.974396159751414
regression,mappo,17,regression_09,window_us_101_off35416_len24_t1118847495400_1118847497700,j_1061152,us_101,35416,24,1118847495400,1118847497700,164.3541261864177,165.125538,164.065376,0.0,1.060162,114.36904866641768,50.838452,175.2526,173.70732,1.54528,0.0,0.0,-113.5156741864177,10.127061999999995,9.641944000000024,1.54528,-1.060162,-114.36904866641768
regression,mappo,17,regression_10,window_us_101_off35648_len24_t1118847518600_1118847520900,j_1090155,us_101,35648,24,1118847518600,1118847520900,105.20891490483535,0.944509,0.0,0.0,0.944509,83.07940183283534,41.311219392000005,2194.124174,2194.11704,0.007134,0.0,0.0,-63.89769551283535,2193.179665,2194.11704,0.007134,-0.944509,-83.07940183283534
regression,mappo,17,regression_11,window_us_101_off37040_len24_t1118847657800_1118847660100,j_1064718,us_101,37040,24,1118847657800,1118847660100,92.182888432,2194.502554,2194.11704,0.0,0.385514,53.947665,57.867947024,3219.469253,3218.784816,0.49168,0.192757,10.789533,-34.314941407999996,1024.966699,1024.6677759999998,0.49168,-0.192757,-43.158132
regression,mappo,29,regression_00,window_lankershim_off4000_len24_t1118936085200_1118936087500,j_1066618,lankershim,4000,24,1118936085200,1118936087500,37.94156713916466,318.864684,318.488808,0.0,0.375876,8.631628667164668,38.400579763164664,328.513762,328.130752,0.007134,0.375876,8.631628667164668,0.4590126240000032,9.649077999999975,9.641943999999967,0.007134,0.0,0.0
regression,mappo,29,regression_01,window_lankershim_off7904_len24_t1118936475600_1118936477900,j_1052341,lankershim,7904,24,1118936475600,1118936477900,54.578110492825594,0.375876,0.0,0.0,0.375876,13.358471452825595,55.460988252825594,11.07142,9.641944,1.0536,0.375876,13.358471452825595,0.8828777599999995,10.695544,9.641944,1.0536,0.0,0.0
regression,mappo,29,regression_02,window_lankershim_off14008_len24_t1118937086000_1118937088300,j_1077564,lankershim,14008,24,1118937086000,1118937088300,175.24654461591166,3364.318056,3363.566304,0.0,0.751752,113.29010216791167,194.42694349591167,5558.437291,5557.683344,0.002195,0.751752,113.29010216791167,19.180398880000013,2194.119235,2194.11704,0.002195,0.0,0.0
regression,mappo,29,regression_03,window_lankershim_off17976_len24_t1118937482800_1118937485100,j_1053611,lankershim,17976,24,1118937482800,1118937485100,69.617404152,1169.921519,1169.449264,0.0,0.472255,7.193022,78.5337704,2195.432175,2194.11704,0.84288,0.472255,7.193022,8.916366247999989,1025.510656,1024.667776,0.84288,0.0,0.0
regression,mappo,29,regression_04,window_peachtree_off22888_len24_t1163316300_1163318600,j_1080918,peachtree,22888,24,1163316300,1163318600,53.75772522716467,0.385514,0.0,0.0,0.385514,37.403716667164666,53.75772522716467,0.385514,0.0,0.0,0.385514,37.40371666716467,0.0,0.0,0.0,0.0,0.0,7.105427357601002e-15
regression,mappo,29,regression_05,window_us_101_off30672_len24_t1118847021000_1118847023300,j_1054473,us_101,30672,24,1118847021000,1118847023300,69.84326600466459,19.76578,19.283888,0.0,0.481892,49.88951676466459,20.393349456,28.936807,28.925832,0.010975,0.0,0.0,-49.44991654866459,9.171027000000002,9.641943999999999,0.010975,-0.481892,-49.88951676466459
regression,mappo,29,regression_06,window_us_101_off31096_len24_t1118847063400_1118847065700,j_10812,us_101,31096,24,1118847063400,1118847065700,54.70626177916468,0.385514,0.0,0.0,0.385514,37.40371666716467,54.70626177916468,0.385514,0.0,0.0,0.385514,37.40371666716467,0.0,0.0,0.0,0.0,0.0,0.0
regression,mappo,29,regression_07,window_us_101_off32096_len24_t1118847163400_1118847165700,j_1055583,us_101,32096,24,1118847163400,1118847165700,311.1074325998688,2504.293927,2502.963904,0.0,1.330023,160.87566951986878,218.28100440724543,2504.52261,2502.963904,0.42144,1.137266,68.01127000724543,-92.82642819262335,0.228682999999819,0.0,0.42144,-0.19275699999999985,-92.86439951262335
regression,mappo,29,regression_08,window_us_101_off35256_len24_t1118847479400_1118847481700,j_1081406,us_101,35256,24,1118847479400,1118847481700,61.72956327975141,164.45089,164.065376,0.0,0.385514,40.974396159751414,23.137658088000002,328.137886,328.130752,0.007134,0.0,0.0,-38.59190519175141,163.686996,164.065376,0.007134,-0.385514,-40.974396159751414
regression,mappo,29,regression_09,window_us_101_off35416_len24_t1118847495400_1118847497700,j_1061152,us_101,35416,24,1118847495400,1118847497700,164.3541261864177,165.125538,164.065376,0.0,1.060162,114.36904866641768,59.37168483320883,174.733975,173.70732,0.73752,0.289135,8.631625833208835,-104.98244135320886,9.60843699999998,9.641944000000024,0.73752,-0.7710270000000001,-105.73742283320885
regression,mappo,29,regression_10,window_us_101_off35648_len24_t1118847518600_1118847520900,j_1090155,us_101,35648,24,1118847518600,1118847520900,105.20891490483535,0.944509,0.0,0.0,0.944509,83.07940183283534,41.311219392000005,2194.124174,2194.11704,0.007134,0.0,0.0,-63.89769551283535,2193.179665,2194.11704,0.007134,-0.944509,-83.07940183283534
regression,mappo,29,regression_11,window_us_101_off37040_len24_t1118847657800_1118847660100,j_1064718,us_101,37040,24,1118847657800,1118847660100,92.182888432,2194.502554,2194.11704,0.0,0.385514,53.947665,92.182888432,2194.502554,2194.11704,0.0,0.385514,53.947665,0.0,0.0,0.0,0.0,0.0,0.0
regression,mappo,43,regression_00,window_lankershim_off4000_len24_t1118936085200_1118936087500,j_1066618,lankershim,4000,24,1118936085200,1118936087500,39.712510936,482.561867,482.554184,0.007683,0.0,0.0,38.400579763164664,328.513762,328.130752,0.007134,0.375876,8.631628667164668,-1.3119311728353367,-154.04810500000002,-154.42343200000005,-0.000549,0.375876,8.631628667164668
regression,mappo,43,regression_01,window_lankershim_off7904_len24_t1118936475600_1118936477900,j_1052341,lankershim,7904,24,1118936475600,1118936477900,55.4309570528256,10.93094,9.641944,0.91312,0.375876,13.358471452825595,55.460988252825594,11.07142,9.641944,1.0536,0.375876,13.358471452825595,0.03003119999999626,0.14048000000000016,0.0,0.14048000000000005,0.0,0.0
regression,mappo,43,regression_02,window_lankershim_off14008_len24_t1118937086000_1118937088300,j_1077564,lankershim,14008,24,1118937086000,1118937088300,150.02977191032934,4389.186822,4388.23408,0.008232,0.94451,71.21092233432935,194.45137744791168,5558.440035,5557.683344,0.004939,0.751752,113.29010216791167,44.42160553758234,1169.253213,1169.4492639999999,-0.003293,-0.19275799999999998,42.079179833582316
regression,mappo,43,regression_03,window_lankershim_off17976_len24_t1118937482800_1118937485100,j_1053611,lankershim,17976,24,1118937482800,1118937485100,78.50823455999999,2195.291695,2194.11704,0.7024,0.472255,7.193022,78.5337704,2195.432175,2194.11704,0.84288,0.472255,7.193022,0.025535840000003418,0.14048000000002503,0.0,0.14047999999999994,0.0,0.0
regression,mappo,43,regression_04,window_peachtree_off22888_len24_t1163316300_1163318600,j_1080918,peachtree,22888,24,1163316300,1163318600,68.26821154716467,318.874322,318.488808,0.0,0.385514,37.403716667164666,53.75772522716467,0.385514,0.0,0.0,0.385514,37.40371666716467,-14.510486319999998,-318.488808,-318.488808,0.0,0.0,7.105427357601002e-15
regression,mappo,43,regression_05,window_us_101_off30672_len24_t1118847021000_1118847023300,j_1054473,us_101,30672,24,1118847021000,1118847023300,24.391926904,29.310488,28.925832,0.00878,0.375876,0.0,20.393349456,28.936807,28.925832,0.010975,0.0,0.0,-3.9985774480000025,-0.3736809999999977,0.0,0.0021950000000000008,-0.375876,0.0
regression,mappo,43,regression_06,window_us_101_off31096_len24_t1118847063400_1118847065700,j_10812,us_101,31096,24,1118847063400,1118847065700,63.49382498716467,1025.05329,1024.667776,0.0,0.385514,37.40371666716467,54.70626177916468,0.385514,0.0,0.0,0.385514,37.40371666716467,-8.787563207999995,-1024.667776,-1024.667776,0.0,0.0,0.0
regression,mappo,43,regression_07,window_us_101_off32096_len24_t1118847163400_1118847165700,j_1055583,us_101,32096,24,1118847163400,1118847165700,180.78007991707508,2505.017215,2502.963904,1.47504,0.578271,20.388501317075075,218.28100440724543,2504.52261,2502.963904,0.42144,1.137266,68.01127000724543,37.50092449017035,-0.49460499999986496,0.0,-1.0535999999999999,0.5589950000000001,47.62276869017035
regression,mappo,43,regression_08,window_us_101_off35256_len24_t1118847479400_1118847481700,j_1081406,us_101,35256,24,1118847479400,1118847481700,66.25415150895438,328.331192,328.130752,0.007683,0.192757,41.09494697295439,23.137658088000002,328.137886,328.130752,0.007134,0.0,0.0,-43.11649342095438,-0.19330600000000686,0.0,-0.000549,-0.192757,-41.09494697295439
regression,mappo,43,regression_09,window_us_101_off35416_len24_t1118847495400_1118847497700,j_1061152,us_101,35416,24,1118847495400,1118847497700,50.74695359999999,174.79604,173.70732,1.08872,0.0,0.0,50.802801599999995,174.97164,173.70732,1.26432,0.0,0.0,0.05584800000000456,0.17560000000000286,0.0,0.1756000000000002,0.0,0.0
regression,mappo,43,regression_10,window_us_101_off35648_len24_t1118847518600_1118847520900,j_1090155,us_101,35648,24,1118847518600,1118847520900,41.286789832000004,2194.121979,2194.11704,0.004939,0.0,0.0,41.311219392000005,2194.124174,2194.11704,0.007134,0.0,0.0,0.024429560000001516,0.002195000000028813,0.0,0.002195,0.0,0.0
regression,mappo,43,regression_11,window_us_101_off37040_len24_t1118847657800_1118847660100,j_1064718,us_101,37040,24,1118847657800,1118847660100,49.474005072,2049.879509,2049.335552,0.3512,0.192757,10.789533,57.867947024,3219.469253,3218.784816,0.49168,0.192757,10.789533,8.393941952000006,1169.5897440000003,1169.4492639999999,0.14048,0.0,0.0
regression,mappo,61,regression_00,window_lankershim_off4000_len24_t1118936085200_1118936087500,j_1066618,lankershim,4000,24,1118936085200,1118936087500,37.94156713916466,318.864684,318.488808,0.0,0.375876,8.631628667164668,38.400579763164664,328.513762,328.130752,0.007134,0.375876,8.631628667164668,0.4590126240000032,9.649077999999975,9.641943999999967,0.007134,0.0,0.0
regression,mappo,61,regression_01,window_lankershim_off7904_len24_t1118936475600_1118936477900,j_1052341,lankershim,7904,24,1118936475600,1118936477900,54.578110492825594,0.375876,0.0,0.0,0.375876,13.358471452825595,55.460988252825594,11.07142,9.641944,1.0536,0.375876,13.358471452825595,0.8828777599999995,10.695544,9.641944,1.0536,0.0,0.0
regression,mappo,61,regression_02,window_lankershim_off14008_len24_t1118937086000_1118937088300,j_1077564,lankershim,14008,24,1118937086000,1118937088300,175.24654461591166,3364.318056,3363.566304,0.0,0.751752,113.29010216791167,194.45137744791168,5558.440035,5557.683344,0.004939,0.751752,113.29010216791167,19.204832832000022,2194.1219789999996,2194.11704,0.004939,0.0,0.0
regression,mappo,61,regression_03,window_lankershim_off17976_len24_t1118937482800_1118937485100,j_1053611,lankershim,17976,24,1118937482800,1118937485100,69.617404152,1169.921519,1169.449264,0.0,0.472255,7.193022,78.5337704,2195.432175,2194.11704,0.84288,0.472255,7.193022,8.916366247999989,1025.510656,1024.667776,0.84288,0.0,0.0
regression,mappo,61,regression_04,window_peachtree_off22888_len24_t1163316300_1163318600,j_1080918,peachtree,22888,24,1163316300,1163318600,53.75772522716467,0.385514,0.0,0.0,0.385514,37.403716667164666,53.75772522716467,0.385514,0.0,0.0,0.385514,37.40371666716467,0.0,0.0,0.0,0.0,0.0,7.105427357601002e-15
regression,mappo,61,regression_05,window_us_101_off30672_len24_t1118847021000_1118847023300,j_1054473,us_101,30672,24,1118847021000,1118847023300,69.84326600466459,19.76578,19.283888,0.0,0.481892,49.88951676466459,20.393349456,28.936807,28.925832,0.010975,0.0,0.0,-49.44991654866459,9.171027000000002,9.641943999999999,0.010975,-0.481892,-49.88951676466459
regression,mappo,61,regression_06,window_us_101_off31096_len24_t1118847063400_1118847065700,j_10812,us_101,31096,24,1118847063400,1118847065700,54.70626177916468,0.385514,0.0,0.0,0.385514,37.40371666716467,54.70626177916468,0.385514,0.0,0.0,0.385514,37.40371666716467,0.0,0.0,0.0,0.0,0.0,0.0
regression,mappo,61,regression_07,window_us_101_off32096_len24_t1118847163400_1118847165700,j_1055583,us_101,32096,24,1118847163400,1118847165700,311.1074325998688,2504.293927,2502.963904,0.0,1.330023,160.87566951986878,218.28100440724543,2504.52261,2502.963904,0.42144,1.137266,68.01127000724543,-92.82642819262335,0.228682999999819,0.0,0.42144,-0.19275699999999985,-92.86439951262335
regression,mappo,61,regression_08,window_us_101_off35256_len24_t1118847479400_1118847481700,j_1081406,us_101,35256,24,1118847479400,1118847481700,61.72956327975141,164.45089,164.065376,0.0,0.385514,40.974396159751414,23.137658088000002,328.137886,328.130752,0.007134,0.0,0.0,-38.59190519175141,163.686996,164.065376,0.007134,-0.385514,-40.974396159751414
regression,mappo,61,regression_09,window_us_101_off35416_len24_t1118847495400_1118847497700,j_1061152,us_101,35416,24,1118847495400,1118847497700,164.3541261864177,165.125538,164.065376,0.0,1.060162,114.36904866641768,50.802801599999995,174.97164,173.70732,1.26432,0.0,0.0,-113.55132458641769,9.846102000000002,9.641944000000024,1.26432,-1.060162,-114.36904866641768
regression,mappo,61,regression_10,window_us_101_off35648_len24_t1118847518600_1118847520900,j_1090155,us_101,35648,24,1118847518600,1118847520900,105.20891490483535,0.944509,0.0,0.0,0.944509,83.07940183283534,41.311219392000005,2194.124174,2194.11704,0.007134,0.0,0.0,-63.89769551283535,2193.179665,2194.11704,0.007134,-0.944509,-83.07940183283534
regression,mappo,61,regression_11,window_us_101_off37040_len24_t1118847657800_1118847660100,j_1064718,us_101,37040,24,1118847657800,1118847660100,92.182888432,2194.502554,2194.11704,0.0,0.385514,53.947665,57.867947024,3219.469253,3218.784816,0.49168,0.192757,10.789533,-34.314941407999996,1024.966699,1024.6677759999998,0.49168,-0.192757,-43.158132
regression,mappo,7,regression_00,window_lankershim_off4000_len24_t1118936085200_1118936087500,j_1066618,lankershim,4000,24,1118936085200,1118936087500,38.400579763164664,328.513762,328.130752,0.007134,0.375876,8.631628667164668,35.770378040000004,328.14063,328.130752,0.009878,0.0,0.0,-2.63020172316466,-0.37313199999999824,0.0,0.002744,-0.375876,-8.631628667164668
regression,mappo,7,regression_01,window_lankershim_off7904_len24_t1118936475600_1118936477900,j_1052341,lankershim,7904,24,1118936475600,1118936477900,55.460988252825594,11.07142,9.641944,1.0536,0.375876,13.358471452825595,55.460988252825594,11.07142,9.641944,1.0536,0.375876,13.358471452825595,0.0,0.0,0.0,0.0,0.0,0.0
regression,mappo,7,regression_02,window_lankershim_off14008_len24_t1118937086000_1118937088300,j_1077564,lankershim,14008,24,1118937086000,1118937088300,194.45137744791168,5558.440035,5557.683344,0.004939,0.751752,113.29010216791167,194.45137744791168,5558.440035,5557.683344,0.004939,0.751752,113.29010216791167,0.0,0.0,0.0,0.0,0.0,0.0
regression,mappo,7,regression_03,window_lankershim_off17976_len24_t1118937482800_1118937485100,j_1053611,lankershim,17976,24,1118937482800,1118937485100,78.5337704,2195.432175,2194.11704,0.84288,0.472255,7.193022,78.5337704,2195.432175,2194.11704,0.84288,0.472255,7.193022,0.0,0.0,0.0,0.0,0.0,0.0
regression,mappo,7,regression_04,window_peachtree_off22888_len24_t1163316300_1163318600,j_1080918,peachtree,22888,24,1163316300,1163318600,53.75772522716467,0.385514,0.0,0.0,0.385514,37.403716667164666,53.75772522716467,0.385514,0.0,0.0,0.385514,37.40371666716467,0.0,0.0,0.0,0.0,0.0,7.105427357601002e-15
regression,mappo,7,regression_05,window_us_101_off30672_len24_t1118847021000_1118847023300,j_1054473,us_101,30672,24,1118847021000,1118847023300,20.393349456,28.936807,28.925832,0.010975,0.0,0.0,24.440786023999998,29.314878,28.925832,0.01317,0.375876,0.0,4.047436567999998,0.3780709999999985,0.0,0.002194999999999999,0.375876,0.0
regression,mappo,7,regression_06,window_us_101_off31096_len24_t1118847063400_1118847065700,j_10812,us_101,31096,24,1118847063400,1118847065700,54.70626177916468,0.385514,0.0,0.0,0.385514,37.40371666716467,54.70626177916468,0.385514,0.0,0.0,0.385514,37.40371666716467,0.0,0.0,0.0,0.0,0.0,0.0
regression,mappo,7,regression_07,window_us_101_off32096_len24_t1118847163400_1118847165700,j_1055583,us_101,32096,24,1118847163400,1118847165700,218.31665480724544,2504.80357,2502.963904,0.7024,1.137266,68.01127000724543,218.31665480724544,2504.80357,2502.963904,0.7024,1.137266,68.01127000724543,0.0,0.0,0.0,0.0,0.0,0.0
regression,mappo,7,regression_08,window_us_101_off35256_len24_t1118847479400_1118847481700,j_1081406,us_101,35256,24,1118847479400,1118847481700,23.137658088000002,328.137886,328.130752,0.007134,0.0,0.0,72.20401064775142,328.529436,328.130752,0.01317,0.385514,40.974396159751414,49.066352559751415,0.3915499999999952,0.0,0.006036,0.385514,40.974396159751414
regression,mappo,7,regression_09,window_us_101_off35416_len24_t1118847495400_1118847497700,j_1061152,us_101,35416,24,1118847495400,1118847497700,50.838452,175.2526,173.70732,1.54528,0.0,0.0,50.838452,175.2526,173.70732,1.54528,0.0,0.0,0.0,0.0,0.0,0.0,0.0,0.0
regression,mappo,7,regression_10,window_us_101_off35648_len24_t1118847518600_1118847520900,j_1090155,us_101,35648,24,1118847518600,1118847520900,41.311219392000005,2194.124174,2194.11704,0.007134,0.0,0.0,41.311219392000005,2194.124174,2194.11704,0.007134,0.0,0.0,0.0,0.0,0.0,0.0,0.0,0.0
regression,mappo,7,regression_11,window_us_101_off37040_len24_t1118847657800_1118847660100,j_1064718,us_101,37040,24,1118847657800,1118847660100,57.867947024,3219.469253,3218.784816,0.49168,0.192757,10.789533,38.68846585599999,2049.827232,2049.335552,0.49168,0.0,0.0,-19.17948116800001,-1169.642021,-1169.4492639999999,0.0,-0.192757,-10.789533
regression,ppo,17,regression_00,window_lankershim_off4000_len24_t1118936085200_1118936087500,j_1066618,lankershim,4000,24,1118936085200,1118936087500,37.94156713916466,318.864684,318.488808,0.0,0.375876,8.631628667164668,37.94156713916466,318.864684,318.488808,0.0,0.375876,8.631628667164668,0.0,0.0,0.0,0.0,0.0,0.0
regression,ppo,17,regression_01,window_lankershim_off7904_len24_t1118936475600_1118936477900,j_1052341,lankershim,7904,24,1118936475600,1118936477900,54.578110492825594,0.375876,0.0,0.0,0.375876,13.358471452825595,54.578110492825594,0.375876,0.0,0.0,0.375876,13.358471452825595,0.0,0.0,0.0,0.0,0.0,0.0
regression,ppo,17,regression_02,window_lankershim_off14008_len24_t1118937086000_1118937088300,j_1077564,lankershim,14008,24,1118937086000,1118937088300,175.24654461591166,3364.318056,3363.566304,0.0,0.751752,113.29010216791167,175.24654461591166,3364.318056,3363.566304,0.0,0.751752,113.29010216791167,0.0,0.0,0.0,0.0,0.0,0.0
regression,ppo,17,regression_03,window_lankershim_off17976_len24_t1118937482800_1118937485100,j_1053611,lankershim,17976,24,1118937482800,1118937485100,69.617404152,1169.921519,1169.449264,0.0,0.472255,7.193022,69.617404152,1169.921519,1169.449264,0.0,0.472255,7.193022,0.0,0.0,0.0,0.0,0.0,0.0
regression,ppo,17,regression_04,window_peachtree_off22888_len24_t1163316300_1163318600,j_1080918,peachtree,22888,24,1163316300,1163318600,53.75772522716467,0.385514,0.0,0.0,0.385514,37.403716667164666,53.75772522716467,0.385514,0.0,0.0,0.385514,37.40371666716467,0.0,0.0,0.0,0.0,0.0,7.105427357601002e-15
regression,ppo,17,regression_05,window_us_101_off30672_len24_t1118847021000_1118847023300,j_1054473,us_101,30672,24,1118847021000,1118847023300,69.84326600466459,19.76578,19.283888,0.0,0.481892,49.88951676466459,69.84326600466459,19.76578,19.283888,0.0,0.481892,49.889516764664585,0.0,0.0,0.0,0.0,0.0,-7.105427357601002e-15
regression,ppo,17,regression_06,window_us_101_off31096_len24_t1118847063400_1118847065700,j_10812,us_101,31096,24,1118847063400,1118847065700,54.70626177916468,0.385514,0.0,0.0,0.385514,37.40371666716467,54.70626177916468,0.385514,0.0,0.0,0.385514,37.40371666716467,0.0,0.0,0.0,0.0,0.0,0.0
regression,ppo,17,regression_07,window_us_101_off32096_len24_t1118847163400_1118847165700,j_1055583,us_101,32096,24,1118847163400,1118847165700,311.1074325998688,2504.293927,2502.963904,0.0,1.330023,160.87566951986878,311.1074325998688,2504.293927,2502.963904,0.0,1.330023,160.87566951986878,0.0,0.0,0.0,0.0,0.0,0.0
regression,ppo,17,regression_08,window_us_101_off35256_len24_t1118847479400_1118847481700,j_1081406,us_101,35256,24,1118847479400,1118847481700,61.72956327975141,164.45089,164.065376,0.0,0.385514,40.974396159751414,61.72956327975141,164.45089,164.065376,0.0,0.385514,40.974396159751414,0.0,0.0,0.0,0.0,0.0,0.0
regression,ppo,17,regression_09,window_us_101_off35416_len24_t1118847495400_1118847497700,j_1061152,us_101,35416,24,1118847495400,1118847497700,164.3541261864177,165.125538,164.065376,0.0,1.060162,114.36904866641768,164.3541261864177,165.125538,164.065376,0.0,1.060162,114.36904866641768,0.0,0.0,0.0,0.0,0.0,0.0
regression,ppo,17,regression_10,window_us_101_off35648_len24_t1118847518600_1118847520900,j_1090155,us_101,35648,24,1118847518600,1118847520900,105.20891490483535,0.944509,0.0,0.0,0.944509,83.07940183283534,105.20891490483535,0.944509,0.0,0.0,0.944509,83.07940183283534,0.0,0.0,0.0,0.0,0.0,0.0
regression,ppo,17,regression_11,window_us_101_off37040_len24_t1118847657800_1118847660100,j_1064718,us_101,37040,24,1118847657800,1118847660100,92.182888432,2194.502554,2194.11704,0.0,0.385514,53.947665,92.182888432,2194.502554,2194.11704,0.0,0.385514,53.947665,0.0,0.0,0.0,0.0,0.0,0.0
regression,ppo,29,regression_00,window_lankershim_off4000_len24_t1118936085200_1118936087500,j_1066618,lankershim,4000,24,1118936085200,1118936087500,37.94156713916466,318.864684,318.488808,0.0,0.375876,8.631628667164668,49.035643072,0.944509,0.0,0.0,0.944509,0.0,11.094075932835338,-317.92017500000003,-318.488808,0.0,0.568633,-8.631628667164668
regression,ppo,29,regression_01,window_lankershim_off7904_len24_t1118936475600_1118936477900,j_1052341,lankershim,7904,24,1118936475600,1118936477900,62.605820772825595,0.568633,0.0,0.0,0.568633,13.358471452825595,73.31009464,1.137266,0.0,0.0,1.137266,0.0,10.704273867174408,0.568633,0.0,0.0,0.568633,-13.358471452825595
regression,ppo,29,regression_02,window_lankershim_off14008_len24_t1118937086000_1118937088300,j_1077564,lankershim,14008,24,1118937086000,1118937088300,175.24654461591166,3364.318056,3363.566304,0.0,0.751752,113.29010216791167,80.525714216,2.457652,0.0,0.0,2.457652,0.0,-94.72083039991166,-3361.860404,-3363.566304,0.0,1.7059,-113.29010216791167
regression,ppo,29,regression_03,window_lankershim_off17976_len24_t1118937482800_1118937485100,j_1053611,lankershim,17976,24,1118937482800,1118937485100,85.662030312,1170.499789,1169.449264,0.0,1.050525,7.193022,102.518723272,1171.714159,1169.449264,0.0,2.264895,0.0,16.856692960000004,1.2143700000001445,0.0,0.0,1.2143700000000002,-7.193022
regression,ppo,29,regression_04,window_peachtree_off22888_len24_t1163316300_1163318600,j_1080918,peachtree,22888,24,1163316300,1163318600,53.75772522716467,0.385514,0.0,0.0,0.385514,37.403716667164666,40.381718840000005,0.578271,0.0,0.0,0.578271,0.0,-13.376006387164665,0.19275699999999996,0.0,0.0,0.19275699999999996,-37.403716667164666
regression,ppo,29,regression_05,window_us_101_off30672_len24_t1118847021000_1118847023300,j_1054473,us_101,30672,24,1118847021000,1118847023300,69.84326600466459,19.76578,19.283888,0.0,0.481892,49.88951676466459,43.589571744,10.316593,9.641944,0.0,0.674649,0.0,-26.253694260664588,-9.449187,-9.641944,0.0,0.19275700000000007,-49.88951676466459
regression,ppo,29,regression_06,window_us_101_off31096_len24_t1118847063400_1118847065700,j_10812,us_101,31096,24,1118847063400,1118847065700,54.70626177916468,0.385514,0.0,0.0,0.385514,37.40371666716467,41.324087168,0.578271,0.0,0.0,0.578271,0.0,-13.382174611164679,0.19275699999999996,0.0,0.0,0.19275699999999996,-37.40371666716467
regression,ppo,29,regression_07,window_us_101_off32096_len24_t1118847163400_1118847165700,j_1055583,us_101,32096,24,1118847163400,1118847165700,343.23292323986885,2505.431193,2502.963904,0.0,2.467289,160.87566951986878,127.2083496,2.843165,0.0,0.0,2.843165,0.0,-216.02457363986883,-2502.5880279999997,-2502.963904,0.0,0.3758759999999999,-160.87566951986878
regression,ppo,29,regression_08,window_us_101_off35256_len24_t1118847479400_1118847481700,j_1081406,us_101,35256,24,1118847479400,1118847481700,61.72956327975141,164.45089,164.065376,0.0,0.385514,40.974396159751414,50.445969224,0.771028,0.0,0.0,0.771028,0.0,-11.283594055751408,-163.67986199999999,-164.065376,0.0,0.385514,-40.974396159751414
regression,ppo,29,regression_09,window_us_101_off35416_len24_t1118847495400_1118847497700,j_1061152,us_101,35416,24,1118847495400,1118847497700,164.3541261864177,165.125538,164.065376,0.0,1.060162,114.36904866641768,91.77172187320885,11.280376,9.641944,0.0,1.638432,8.631625833208835,-72.58240431320884,-153.84516200000002,-154.423432,0.0,0.5782700000000001,-105.73742283320885
regression,ppo,29,regression_10,window_us_101_off35648_len24_t1118847518600_1118847520900,j_1090155,us_101,35648,24,1118847518600,1118847520900,105.20891490483535,0.944509,0.0,0.0,0.944509,83.07940183283534,46.153291112000005,1.416764,0.0,0.0,1.416764,0.0,-59.05562379283535,0.47225499999999987,0.0,0.0,0.47225499999999987,-83.07940183283534
regression,ppo,29,regression_11,window_us_101_off37040_len24_t1118847657800_1118847660100,j_1064718,us_101,37040,24,1118847657800,1118847660100,100.204430488,2194.695311,2194.11704,0.0,0.578271,53.947665,51.12233822399999,0.771028,0.0,0.0,0.771028,0.0,-49.08209226400001,-2193.924283,-2194.11704,0.0,0.19275700000000007,-53.947665
regression,ppo,43,regression_00,window_lankershim_off4000_len24_t1118936085200_1118936087500,j_1066618,lankershim,4000,24,1118936085200,1118936087500,49.035643072,0.944509,0.0,0.0,0.944509,0.0,49.035643072,0.944509,0.0,0.0,0.944509,0.0,0.0,0.0,0.0,0.0,0.0,0.0
regression,ppo,43,regression_01,window_lankershim_off7904_len24_t1118936475600_1118936477900,j_1052341,lankershim,7904,24,1118936475600,1118936477900,73.31009464,1.137266,0.0,0.0,1.137266,0.0,73.31009464,1.137266,0.0,0.0,1.137266,0.0,0.0,0.0,0.0,0.0,0.0,0.0
regression,ppo,43,regression_02,window_lankershim_off14008_len24_t1118937086000_1118937088300,j_1077564,lankershim,14008,24,1118937086000,1118937088300,100.10739734316466,1.985397,0.0,0.0,1.985397,35.60546116716467,100.10739734316466,1.985397,0.0,0.0,1.985397,35.60546116716467,0.0,0.0,0.0,0.0,0.0,0.0
regression,ppo,43,regression_03,window_lankershim_off17976_len24_t1118937482800_1118937485100,j_1053611,lankershim,17976,24,1118937482800,1118937485100,116.21872135999998,3.31542,0.0,0.0,3.31542,0.0,116.21872135999998,3.31542,0.0,0.0,3.31542,0.0,0.0,0.0,0.0,0.0,0.0,0.0
regression,ppo,43,regression_04,window_peachtree_off22888_len24_t1163316300_1163318600,j_1080918,peachtree,22888,24,1163316300,1163318600,40.381718840000005,0.578271,0.0,0.0,0.578271,0.0,40.381718840000005,0.578271,0.0,0.0,0.578271,0.0,0.0,0.0,0.0,0.0,0.0,0.0
regression,ppo,43,regression_05,window_us_101_off30672_len24_t1118847021000_1118847023300,j_1054473,us_101,30672,24,1118847021000,1118847023300,59.249866208,1.426401,0.0,0.0,1.426401,0.0,59.249866208,1.426401,0.0,0.0,1.426401,0.0,0.0,0.0,0.0,0.0,0.0,0.0
regression,ppo,43,regression_06,window_us_101_off31096_len24_t1118847063400_1118847065700,j_10812,us_101,31096,24,1118847063400,1118847065700,57.368636232,1.146904,0.0,0.0,1.146904,0.0,57.368636232,1.146904,0.0,0.0,1.146904,0.0,0.0,0.0,0.0,0.0,0.0,0.0
regression,ppo,43,regression_07,window_us_101_off32096_len24_t1118847163400_1118847165700,j_1055583,us_101,32096,24,1118847163400,1118847165700,143.27109492000002,3.411798,0.0,0.0,3.411798,0.0,143.27109492000002,3.411798,0.0,0.0,3.411798,0.0,0.0,0.0,0.0,0.0,0.0,0.0
regression,ppo,43,regression_08,window_us_101_off35256_len24_t1118847479400_1118847481700,j_1081406,us_101,35256,24,1118847479400,1118847481700,45.18812866058675,0.578271,0.0,0.0,0.578271,10.763701492586744,45.18812866058675,0.578271,0.0,0.0,0.578271,10.763701492586744,0.0,0.0,0.0,0.0,0.0,0.0
regression,ppo,43,regression_09,window_us_101_off35416_len24_t1118847495400_1118847497700,j_1061152,us_101,35416,24,1118847495400,1118847497700,94.78935889358235,1.831189,0.0,0.0,1.831189,4.315814333582334,94.78935889358235,1.831189,0.0,0.0,1.831189,4.315814333582334,0.0,0.0,0.0,0.0,0.0,0.0
regression,ppo,43,regression_10,window_us_101_off35648_len24_t1118847518600_1118847520900,j_1090155,us_101,35648,24,1118847518600,1118847520900,89.4035714450221,1.416764,0.0,0.0,1.416764,51.25028033302209,89.4035714450221,1.416764,0.0,0.0,1.416764,51.25028033302209,0.0,0.0,0.0,0.0,0.0,0.0
regression,ppo,43,regression_11,window_us_101_off37040_len24_t1118847657800_1118847660100,j_1064718,us_101,37040,24,1118847657800,1118847660100,51.12233822399999,0.771028,0.0,0.0,0.771028,0.0,51.12233822399999,0.771028,0.0,0.0,0.771028,0.0,0.0,0.0,0.0,0.0,0.0,0.0
regression,ppo,61,regression_00,window_lankershim_off4000_len24_t1118936085200_1118936087500,j_1066618,lankershim,4000,24,1118936085200,1118936087500,50.463140403164665,20.230592,19.283888,0.002195,0.944509,8.631628667164668,42.980663471999996,155.175184,154.423432,0.0,0.751752,0.0,-7.482476931164669,134.944592,135.139544,-0.002195,-0.19275700000000007,-8.631628667164668
regression,ppo,61,regression_01,window_lankershim_off7904_len24_t1118936475600_1118936477900,j_1052341,lankershim,7904,24,1118936475600,1118936477900,55.4309570528256,10.93094,9.641944,0.91312,0.375876,13.358471452825595,62.605820772825595,0.568633,0.0,0.0,0.568633,13.358471452825595,7.174863719999998,-10.362307,-9.641944,-0.91312,0.19275700000000007,0.0
regression,ppo,61,regression_02,window_lankershim_off14008_len24_t1118937086000_1118937088300,j_1077564,lankershim,14008,24,1118937086000,1118937088300,124.34296616474698,3220.297958,3218.784816,0.0,1.513142,39.921275500746994,102.45202541516467,1170.962406,1169.449264,0.0,1.513142,35.60546116716467,-21.890940749582313,-2049.335552,-2049.3355519999996,0.0,0.0,-4.315814333582324
regression,ppo,61,regression_03,window_lankershim_off17976_len24_t1118937482800_1118937485100,j_1053611,lankershim,17976,24,1118937482800,1118937485100,76.163606488,1026.314686,1024.667776,0.7024,0.94451,7.193022,85.6641892,1170.76965,1169.449264,0.0,1.320386,7.193022,9.500582711999996,144.45496400000002,144.78148800000008,-0.7024,0.3758760000000001,0.0
regression,ppo,61,regression_04,window_peachtree_off22888_len24_t1163316300_1163318600,j_1080918,peachtree,22888,24,1163316300,1163318600,73.07199521358234,164.643647,164.065376,0.0,0.578271,33.087902333582335,28.669822893582335,0.385514,0.0,0.0,0.385514,4.315814333582334,-44.402172320000005,-164.258133,-164.065376,0.0,-0.19275699999999996,-28.772088
regression,ppo,61,regression_05,window_us_101_off30672_len24_t1118847021000_1118847023300,j_1054473,us_101,30672,24,1118847021000,1118847023300,30.995299709773906,29.221552,28.925832,0.006585,0.289135,10.628496293773907,38.58224553377391,19.76578,19.283888,0.0,0.481892,10.628496293773907,7.586945824000001,-9.455772,-9.641943999999999,-0.006585,0.192757,0.0
regression,ppo,61,regression_06,window_us_101_off31096_len24_t1118847063400_1118847065700,j_10812,us_101,31096,24,1118847063400,1118847065700,63.49382498716467,1025.05329,1024.667776,0.0,0.385514,37.40371666716467,37.63990150158234,0.578271,0.0,0.0,0.578271,4.315814333582334,-25.853923485582335,-1024.475019,-1024.667776,0.0,0.19275699999999996,-33.08790233358234
regression,ppo,61,regression_07,window_us_101_off32096_len24_t1118847163400_1118847165700,j_1055583,us_101,32096,24,1118847163400,1118847165700,127.2083496,2.843165,0.0,0.0,2.843165,0.0,127.2083496,2.843165,0.0,0.0,2.843165,0.0,0.0,0.0,0.0,0.0,0.0,0.0
regression,ppo,61,regression_08,window_us_101_off35256_len24_t1118847479400_1118847481700,j_1081406,us_101,35256,24,1118847479400,1118847481700,85.91762776495439,164.838599,164.065376,0.002195,0.771028,41.09494697295439,45.18812866058675,0.578271,0.0,0.0,0.578271,10.763701492586744,-40.72949910436764,-164.260328,-164.065376,-0.002195,-0.19275700000000007,-30.331245480367645
regression,ppo,61,regression_09,window_us_101_off35416_len24_t1118847495400_1118847497700,j_1061152,us_101,35416,24,1118847495400,1118847497700,50.74695359999999,174.79604,173.70732,1.08872,0.0,0.0,80.05597080679118,10.991241,9.641944,0.0,1.349297,12.947440166791168,29.30901720679119,-163.804799,-164.06537600000001,-1.08872,1.349297,12.947440166791168
regression,ppo,61,regression_10,window_us_101_off35648_len24_t1118847518600_1118847520900,j_1090155,us_101,35648,24,1118847518600,1118847520900,105.22876037962652,1026.086735,1024.667776,0.002195,1.416764,58.26347649962651,54.94543840520884,0.944509,0.0,0.0,0.944509,24.815925333208835,-50.28332197441768,-1025.1422260000002,-1024.667776,-0.002195,-0.47225499999999987,-33.44755116641768
regression,ppo,61,regression_11,window_us_101_off37040_len24_t1118847657800_1118847660100,j_1064718,us_101,37040,24,1118847657800,1118847660100,54.729525976000005,1025.597247,1024.667776,0.3512,0.578271,10.789533,48.237193223999995,1169.834778,1169.449264,0.0,0.385514,10.789533,-6.49233275200001,144.237531,144.78148800000008,-0.3512,-0.19275699999999996,0.0
regression,ppo,7,regression_00,window_lankershim_off4000_len24_t1118936085200_1118936087500,j_1066618,lankershim,4000,24,1118936085200,1118936087500,39.794816376,328.143922,328.130752,0.01317,0.0,0.0,49.035643072,0.944509,0.0,0.0,0.944509,0.0,9.240826696,-327.199413,-328.130752,-0.01317,0.944509,0.0
regression,ppo,7,regression_01,window_lankershim_off7904_len24_t1118936475600_1118936477900,j_1052341,lankershim,7904,24,1118936475600,1118936477900,71.5164088128256,11.456934,9.641944,1.0536,0.76139,13.358471452825595,73.31009464,1.137266,0.0,0.0,1.137266,0.0,1.7936858271744,-10.319668,-9.641944,-1.0536,0.3758760000000001,-13.358471452825595
regression,ppo,7,regression_03,window_lankershim_off17976_len24_t1118937482800_1118937485100,j_1053611,lankershim,17976,24,1118937482800,1118937485100,100.258240456,1027.592432,1024.667776,0.84288,2.081776,7.193022,108.904767272,1171.714159,1169.449264,0.0,2.264895,14.386044,8.646526816000005,144.1217270000002,144.78148800000008,-0.84288,0.18311900000000003,7.193022
regression,ppo,7,regression_04,window_peachtree_off22888_len24_t1163316300_1163318600,j_1080918,peachtree,22888,24,1163316300,1163318600,53.75772522716467,0.385514,0.0,0.0,0.385514,37.403716667164666,40.381718840000005,0.578271,0.0,0.0,0.578271,0.0,-13.376006387164665,0.19275699999999996,0.0,0.0,0.19275699999999996,-37.403716667164666
regression,ppo,7,regression_05,window_us_101_off30672_len24_t1118847021000_1118847023300,j_1054473,us_101,30672,24,1118847021000,1118847023300,24.440786023999998,29.314878,28.925832,0.01317,0.375876,0.0,43.589571744,10.316593,9.641944,0.0,0.674649,0.0,19.14878572,-18.998285000000003,-19.283887999999997,-0.01317,0.29877300000000007,0.0
regression,ppo,7,regression_06,window_us_101_off31096_len24_t1118847063400_1118847065700,j_10812,us_101,31096,24,1118847063400,1118847065700,54.70626177916468,0.385514,0.0,0.0,0.385514,37.40371666716467,41.324087168,0.578271,0.0,0.0,0.578271,0.0,-13.382174611164679,0.19275699999999996,0.0,0.0,0.19275699999999996,-37.40371666716467
regression,ppo,7,regression_08,window_us_101_off35256_len24_t1118847479400_1118847481700,j_1081406,us_101,35256,24,1118847479400,1118847481700,74.22844459975143,328.53218,328.130752,0.015914,0.385514,40.974396159751414,45.18812866058675,0.578271,0.0,0.0,0.578271,10.763701492586744,-29.040315939164678,-327.953909,-328.130752,-0.015914,0.19275699999999996,-30.21069466716467
regression,ppo,7,regression_09,window_us_101_off35416_len24_t1118847495400_1118847497700,j_1061152,us_101,35416,24,1118847495400,1118847497700,50.838452,175.2526,173.70732,1.54528,0.0,0.0,94.78935889358235,1.831189,0.0,0.0,1.831189,4.315814333582334,43.95090689358235,-173.421411,-173.70732,-1.54528,1.831189,4.315814333582334
regression,ppo,7,regression_11,window_us_101_off37040_len24_t1118847657800_1118847660100,j_1064718,us_101,37040,24,1118847657800,1118847660100,75.10667446400001,1025.562933,1024.667776,0.7024,0.192757,43.158132,51.12233822399999,0.771028,0.0,0.0,0.771028,0.0,-23.98433624000002,-1024.791905,-1024.667776,-0.7024,0.578271,-43.158132
regression,sa_ghmappo,17,regression_00,window_lankershim_off4000_len24_t1118936085200_1118936087500,j_1066618,lankershim,4000,24,1118936085200,1118936087500,39.794816376,328.143922,328.130752,0.01317,0.0,0.0,37.94156713916466,318.864684,318.488808,0.0,0.375876,8.631628667164668,-1.8532492368353388,-9.279237999999964,-9.641943999999967,-0.01317,0.375876,8.631628667164668
regression,sa_ghmappo,17,regression_01,window_lankershim_off7904_len24_t1118936475600_1118936477900,j_1052341,lankershim,7904,24,1118936475600,1118936477900,55.460988252825594,11.07142,9.641944,1.0536,0.375876,13.358471452825595,54.676632892825594,1.008036,0.0,0.63216,0.375876,13.358471452825595,-0.7843553599999993,-10.063384,-9.641944,-0.42144000000000004,0.0,0.0
regression,sa_ghmappo,17,regression_03,window_lankershim_off17976_len24_t1118937482800_1118937485100,j_1053611,lankershim,17976,24,1118937482800,1118937485100,78.5337704,2195.432175,2194.11704,0.84288,0.472255,7.193022,67.35050744,1.50643,0.0,0.56192,0.94451,7.193022,-11.183262959999993,-2193.925745,-2194.11704,-0.28096,0.472255,0.0
regression,sa_ghmappo,17,regression_04,window_peachtree_off22888_len24_t1163316300_1163318600,j_1080918,peachtree,22888,24,1163316300,1163318600,53.75772522716467,0.385514,0.0,0.0,0.385514,37.403716667164666,53.75772522716467,0.385514,0.0,0.0,0.385514,37.40371666716467,0.0,0.0,0.0,0.0,0.0,7.105427357601002e-15
regression,sa_ghmappo,17,regression_05,window_us_101_off30672_len24_t1118847021000_1118847023300,j_1054473,us_101,30672,24,1118847021000,1118847023300,24.440786023999998,29.314878,28.925832,0.01317,0.375876,0.0,30.609580157773905,19.579608,19.283888,0.006585,0.289135,10.628496293773907,6.168794133773908,-9.73527,-9.641943999999999,-0.006585,-0.08674100000000001,10.628496293773907
regression,sa_ghmappo,17,regression_06,window_us_101_off31096_len24_t1118847063400_1118847065700,j_10812,us_101,31096,24,1118847063400,1118847065700,54.70626177916468,0.385514,0.0,0.0,0.385514,37.40371666716467,54.70626177916468,0.385514,0.0,0.0,0.385514,37.40371666716467,0.0,0.0,0.0,0.0,0.0,0.0
regression,sa_ghmappo,17,regression_08,window_us_101_off35256_len24_t1118847479400_1118847481700,j_1081406,us_101,35256,24,1118847479400,1118847481700,74.22844459975143,328.53218,328.130752,0.015914,0.385514,40.974396159751414,31.546194460586747,164.263621,164.065376,0.005488,0.192757,10.763701492586744,-42.68225013916468,-164.26855899999998,-164.065376,-0.010426000000000001,-0.192757,-30.21069466716467
regression,sa_ghmappo,17,regression_09,window_us_101_off35416_len24_t1118847495400_1118847497700,j_1061152,us_101,35416,24,1118847495400,1118847497700,50.838452,175.2526,173.70732,1.54528,0.0,0.0,71.56401412,165.012003,164.065376,0.1756,0.771027,21.579066000000005,20.72556212,-10.240597000000008,-9.641944000000024,-1.36968,0.771027,21.579066000000005
regression,sa_ghmappo,17,regression_11,window_us_101_off37040_len24_t1118847657800_1118847660100,j_1064718,us_101,37040,24,1118847657800,1118847660100,75.10667446400001,1025.562933,1024.667776,0.7024,0.192757,43.158132,92.208705232,2194.678154,2194.11704,0.1756,0.385514,53.947665,17.10203076799999,1169.1152210000002,1169.449264,-0.5268,0.192757,10.789532999999999
regression,sa_ghmappo,29,regression_00,window_lankershim_off4000_len24_t1118936085200_1118936087500,j_1066618,lankershim,4000,24,1118936085200,1118936087500,77.49879322965023,10.210577,9.641944,0.0,0.568633,48.100437613650236,77.52322718165023,10.213321,9.641944,0.002744,0.568633,48.10043761365023,0.02443395199999543,0.0027439999999998577,0.0,0.002744,0.0,-7.105427357601002e-15
regression,sa_ghmappo,29,regression_01,window_lankershim_off7904_len24_t1118936475600_1118936477900,j_1052341,lankershim,7904,24,1118936475600,1118936477900,54.676632892825594,1.008036,0.0,0.63216,0.375876,13.358471452825595,54.676632892825594,1.008036,0.0,0.63216,0.375876,13.358471452825595,0.0,0.0,0.0,0.0,0.0,0.0
regression,sa_ghmappo,29,regression_02,window_lankershim_off14008_len24_t1118937086000_1118937088300,j_1077564,lankershim,14008,24,1118937086000,1118937088300,99.87407117832932,2194.883918,2194.11704,0.005488,0.76139,44.237089834329325,59.954916549582336,2194.597527,2194.11704,0.008232,0.472255,4.315814333582334,-39.91915462874698,-0.2863910000000942,0.0,0.002744,-0.28913500000000003,-39.921275500746994
regression,sa_ghmappo,29,regression_03,window_lankershim_off17976_len24_t1118937482800_1118937485100,j_1053611,lankershim,17976,24,1118937482800,1118937485100,69.69513551200001,1170.483439,1169.449264,0.56192,0.472255,7.193022,67.35050744,1.50643,0.0,0.56192,0.94451,7.193022,-2.344628072000006,-1168.9770090000002,-1169.449264,0.0,0.472255,0.0
regression,sa_ghmappo,29,regression_04,window_peachtree_off22888_len24_t1163316300_1163318600,j_1080918,peachtree,22888,24,1163316300,1163318600,53.75772522716467,0.385514,0.0,0.0,0.385514,37.403716667164666,53.75772522716467,0.385514,0.0,0.0,0.385514,37.40371666716467,0.0,0.0,0.0,0.0,0.0,7.105427357601002e-15
regression,sa_ghmappo,29,regression_06,window_us_101_off31096_len24_t1118847063400_1118847065700,j_10812,us_101,31096,24,1118847063400,1118847065700,54.70626177916468,0.385514,0.0,0.0,0.385514,37.40371666716467,54.70626177916468,0.385514,0.0,0.0,0.385514,37.40371666716467,0.0,0.0,0.0,0.0,0.0,0.0
regression,sa_ghmappo,29,regression_07,window_us_101_off32096_len24_t1118847163400_1118847165700,j_1055583,us_101,32096,24,1118847163400,1118847165700,218.31665480724544,2504.80357,2502.963904,0.7024,1.137266,68.01127000724543,218.31665480724544,2504.80357,2502.963904,0.7024,1.137266,68.01127000724543,0.0,0.0,0.0,0.0,0.0,0.0
regression,sa_ghmappo,29,regression_08,window_us_101_off35256_len24_t1118847479400_1118847481700,j_1081406,us_101,35256,24,1118847479400,1118847481700,106.4937703007058,0.578271,0.0,0.0,0.578271,82.0693431327058,37.60117406058674,10.032946,9.641944,0.005488,0.385514,10.763701492586744,-68.89259624011906,9.454675000000002,9.641944,0.005488,-0.19275699999999996,-71.30564164011905
regression,sa_ghmappo,29,regression_09,window_us_101_off35416_len24_t1118847495400_1118847497700,j_1061152,us_101,35416,24,1118847495400,1118847497700,151.52389208000002,1.114052,0.0,0.63216,0.481892,97.10579700000002,71.59966451999999,165.292963,164.065376,0.45656,0.771027,21.579066000000005,-79.92422756000003,164.178911,164.065376,-0.17560000000000003,0.28913500000000003,-75.52673100000001
regression,sa_ghmappo,29,regression_10,window_us_101_off35648_len24_t1118847518600_1118847520900,j_1090155,us_101,35648,24,1118847518600,1118847520900,46.971303685208845,0.574669,0.0,0.006036,0.568633,24.815925333208835,46.971303685208845,0.574669,0.0,0.006036,0.568633,24.815925333208835,0.0,0.0,0.0,0.0,0.0,0.0
regression,sa_ghmappo,29,regression_11,window_us_101_off37040_len24_t1118847657800_1118847660100,j_1064718,us_101,37040,24,1118847657800,1118847660100,77.078552712,0.736714,0.0,0.3512,0.385514,53.947665,77.078552712,0.736714,0.0,0.3512,0.385514,53.947665,0.0,0.0,0.0,0.0,0.0,0.0
regression,sa_ghmappo,43,regression_01,window_lankershim_off7904_len24_t1118936475600_1118936477900,j_1052341,lankershim,7904,24,1118936475600,1118936477900,55.460988252825594,11.07142,9.641944,1.0536,0.375876,13.358471452825595,54.676632892825594,1.008036,0.0,0.63216,0.375876,13.358471452825595,-0.7843553599999993,-10.063384,-9.641944,-0.42144000000000004,0.0,0.0
regression,sa_ghmappo,43,regression_03,window_lankershim_off17976_len24_t1118937482800_1118937485100,j_1053611,lankershim,17976,24,1118937482800,1118937485100,78.5337704,2195.432175,2194.11704,0.84288,0.472255,7.193022,69.69513551200001,1170.483439,1169.449264,0.56192,0.472255,7.193022,-8.838634887999987,-1024.9487359999998,-1024.667776,-0.28096,0.0,0.0
regression,sa_ghmappo,43,regression_04,window_peachtree_off22888_len24_t1163316300_1163318600,j_1080918,peachtree,22888,24,1163316300,1163318600,53.75772522716467,0.385514,0.0,0.0,0.385514,37.403716667164666,53.75772522716467,0.385514,0.0,0.0,0.385514,37.40371666716467,0.0,0.0,0.0,0.0,0.0,7.105427357601002e-15
regression,sa_ghmappo,43,regression_06,window_us_101_off31096_len24_t1118847063400_1118847065700,j_10812,us_101,31096,24,1118847063400,1118847065700,54.70626177916468,0.385514,0.0,0.0,0.385514,37.40371666716467,54.70626177916468,0.385514,0.0,0.0,0.385514,37.40371666716467,0.0,0.0,0.0,0.0,0.0,0.0
regression,sa_ghmappo,43,regression_07,window_us_101_off32096_len24_t1118847163400_1118847165700,j_1055583,us_101,32096,24,1118847163400,1118847165700,218.31665480724544,2504.80357,2502.963904,0.7024,1.137266,68.01127000724543,218.31665480724544,2504.80357,2502.963904,0.7024,1.137266,68.01127000724543,0.0,0.0,0.0,0.0,0.0,0.0
regression,sa_ghmappo,43,regression_08,window_us_101_off35256_len24_t1118847479400_1118847481700,j_1081406,us_101,35256,24,1118847479400,1118847481700,111.2471978287058,328.713962,328.130752,0.004939,0.578271,82.0693431327058,61.72956327975141,164.45089,164.065376,0.0,0.385514,40.974396159751414,-49.51763454895438,-164.263072,-164.065376,-0.004939,-0.19275699999999996,-41.09494697295438
regression,sa_ghmappo,43,regression_09,window_us_101_off35416_len24_t1118847495400_1118847497700,j_1061152,us_101,35416,24,1118847495400,1118847497700,50.838452,175.2526,173.70732,1.54528,0.0,0.0,71.59966451999999,165.292963,164.065376,0.45656,0.771027,21.579066000000005,20.761212519999994,-9.959637000000015,-9.641944000000024,-1.08872,0.771027,21.579066000000005
regression,sa_ghmappo,43,regression_10,window_us_101_off35648_len24_t1118847518600_1118847520900,j_1090155,us_101,35648,24,1118847518600,1118847520900,66.12726422920883,2194.690612,2194.11704,0.004939,0.568633,24.815925333208835,46.971303685208845,0.574669,0.0,0.006036,0.568633,24.815925333208835,-19.15596054399999,-2194.115943,-2194.11704,0.0010969999999999999,0.0,0.0
regression,sa_ghmappo,43,regression_11,window_us_101_off37040_len24_t1118847657800_1118847660100,j_1064718,us_101,37040,24,1118847657800,1118847660100,93.939291576,1025.948447,1024.667776,0.7024,0.578271,53.947665,92.182888432,2194.502554,2194.11704,0.0,0.385514,53.947665,-1.7564031440000036,1168.5541070000002,1169.449264,-0.7024,-0.19275699999999996,0.0
regression,sa_ghmappo,61,regression_00,window_lankershim_off4000_len24_t1118936085200_1118936087500,j_1066618,lankershim,4000,24,1118936085200,1118936087500,44.046870811164666,164.821518,164.065376,0.00439,0.751752,8.631628667164668,44.046870811164666,164.821518,164.065376,0.00439,0.751752,8.631628667164668,0.0,0.0,0.0,0.0,0.0,0.0
regression,sa_ghmappo,61,regression_01,window_lankershim_off7904_len24_t1118936475600_1118936477900,j_1052341,lankershim,7904,24,1118936475600,1118936477900,55.460988252825594,11.07142,9.641944,1.0536,0.375876,13.358471452825595,55.460988252825594,11.07142,9.641944,1.0536,0.375876,13.358471452825595,0.0,0.0,0.0,0.0,0.0,0.0
regression,sa_ghmappo,61,regression_02,window_lankershim_off14008_len24_t1118937086000_1118937088300,j_1077564,lankershim,14008,24,1118937086000,1118937088300,194.45137744791168,5558.440035,5557.683344,0.004939,0.751752,113.29010216791167,194.45137744791168,5558.440035,5557.683344,0.004939,0.751752,113.29010216791167,0.0,0.0,0.0,0.0,0.0,0.0
regression,sa_ghmappo,61,regression_03,window_lankershim_off17976_len24_t1118937482800_1118937485100,j_1053611,lankershim,17976,24,1118937482800,1118937485100,78.5337704,2195.432175,2194.11704,0.84288,0.472255,7.193022,78.5337704,2195.432175,2194.11704,0.84288,0.472255,7.193022,0.0,0.0,0.0,0.0,0.0,0.0
regression,sa_ghmappo,61,regression_04,window_peachtree_off22888_len24_t1163316300_1163318600,j_1080918,peachtree,22888,24,1163316300,1163318600,53.75772522716467,0.385514,0.0,0.0,0.385514,37.403716667164666,53.75772522716467,0.385514,0.0,0.0,0.385514,37.40371666716467,0.0,0.0,0.0,0.0,0.0,7.105427357601002e-15
regression,sa_ghmappo,61,regression_05,window_us_101_off30672_len24_t1118847021000_1118847023300,j_1054473,us_101,30672,24,1118847021000,1118847023300,24.440786023999998,29.314878,28.925832,0.01317,0.375876,0.0,24.440786023999998,29.314878,28.925832,0.01317,0.375876,0.0,0.0,0.0,0.0,0.0,0.0,0.0
regression,sa_ghmappo,61,regression_06,window_us_101_off31096_len24_t1118847063400_1118847065700,j_10812,us_101,31096,24,1118847063400,1118847065700,54.70626177916468,0.385514,0.0,0.0,0.385514,37.40371666716467,54.70626177916468,0.385514,0.0,0.0,0.385514,37.40371666716467,0.0,0.0,0.0,0.0,0.0,0.0
regression,sa_ghmappo,61,regression_07,window_us_101_off32096_len24_t1118847163400_1118847165700,j_1055583,us_101,32096,24,1118847163400,1118847165700,226.3516898472454,2505.179446,2502.963904,0.7024,1.513142,68.01127000724543,226.3516898472454,2505.179446,2502.963904,0.7024,1.513142,68.01127000724543,0.0,0.0,0.0,0.0,0.0,0.0
regression,sa_ghmappo,61,regression_08,window_us_101_off35256_len24_t1118847479400_1118847481700,j_1081406,us_101,35256,24,1118847479400,1118847481700,61.36700291516466,328.520656,328.130752,0.00439,0.385514,30.21069466716467,61.36700291516466,328.520656,328.130752,0.00439,0.385514,30.21069466716467,0.0,0.0,0.0,0.0,0.0,0.0
regression,sa_ghmappo,61,regression_09,window_us_101_off35416_len24_t1118847495400_1118847497700,j_1061152,us_101,35416,24,1118847495400,1118847497700,50.838452,175.2526,173.70732,1.54528,0.0,0.0,50.838452,175.2526,173.70732,1.54528,0.0,0.0,0.0,0.0,0.0,0.0,0.0,0.0
regression,sa_ghmappo,61,regression_10,window_us_101_off35648_len24_t1118847518600_1118847520900,j_1090155,us_101,35648,24,1118847518600,1118847520900,41.311219392000005,2194.124174,2194.11704,0.007134,0.0,0.0,41.311219392000005,2194.124174,2194.11704,0.007134,0.0,0.0,0.0,0.0,0.0,0.0,0.0,0.0
regression,sa_ghmappo,61,regression_11,window_us_101_off37040_len24_t1118847657800_1118847660100,j_1064718,us_101,37040,24,1118847657800,1118847660100,55.521082968,2050.212746,2049.335552,0.49168,0.385514,10.789533,55.521082968,2050.212746,2049.335552,0.49168,0.385514,10.789533,0.0,0.0,0.0,0.0,0.0,0.0
regression,sa_ghmappo,7,regression_00,window_lankershim_off4000_len24_t1118936085200_1118936087500,j_1066618,lankershim,4000,24,1118936085200,1118936087500,39.35288873358233,0.571925,0.0,0.003292,0.568633,4.315814333582334,39.37732268558233,0.574669,0.0,0.006036,0.568633,4.315814333582334,0.02443395199999543,0.0027439999999999687,0.0,0.002744,0.0,0.0
regression,sa_ghmappo,7,regression_01,window_lankershim_off7904_len24_t1118936475600_1118936477900,j_1052341,lankershim,7904,24,1118936475600,1118936477900,62.6715023728256,0.990073,0.0,0.42144,0.568633,13.358471452825595,54.676632892825594,1.008036,0.0,0.63216,0.375876,13.358471452825595,-7.9948694800000055,0.01796299999999995,0.0,0.21072000000000007,-0.19275700000000007,0.0
regression,sa_ghmappo,7,regression_02,window_lankershim_off14008_len24_t1118937086000_1118937088300,j_1077564,lankershim,14008,24,1118937086000,1118937088300,64.84361140558234,1.615009,0.0,0.005488,1.609521,4.315814333582334,157.68585580307635,1.244621,0.0,0.010976,1.233645,111.13219783507635,92.84224439749401,-0.37038799999999994,0.0,0.005488,-0.3758759999999999,106.81638350149402
regression,sa_ghmappo,7,regression_03,window_lankershim_off17976_len24_t1118937482800_1118937485100,j_1053611,lankershim,17976,24,1118937482800,1118937485100,83.37147568799999,2.178961,0.0,0.38632,1.792641,7.193022,67.35050744,1.50643,0.0,0.56192,0.94451,7.193022,-16.02096824799999,-0.6725310000000002,0.0,0.17559999999999998,-0.848131,0.0
regression,sa_ghmappo,7,regression_04,window_peachtree_off22888_len24_t1163316300_1163318600,j_1080918,peachtree,22888,24,1163316300,1163318600,28.669822893582335,0.385514,0.0,0.0,0.385514,4.315814333582334,53.75772522716467,0.385514,0.0,0.0,0.385514,37.40371666716467,25.087902333582335,0.0,0.0,0.0,0.0,33.08790233358234
regression,sa_ghmappo,7,regression_05,window_us_101_off30672_len24_t1118847021000_1118847023300,j_1054473,us_101,30672,24,1118847021000,1118847023300,69.01104445935624,1.240229,0.0,0.006585,1.233644,25.73384362735624,69.01104445935624,1.240229,0.0,0.006585,1.233644,25.73384362735624,0.0,0.0,0.0,0.0,0.0,0.0
regression,sa_ghmappo,7,regression_06,window_us_101_off31096_len24_t1118847063400_1118847065700,j_10812,us_101,31096,24,1118847063400,1118847065700,29.618359445582335,0.385514,0.0,0.0,0.385514,4.315814333582334,54.70626177916468,0.385514,0.0,0.0,0.385514,37.40371666716467,25.087902333582342,0.0,0.0,0.0,0.0,33.08790233358234
regression,sa_ghmappo,7,regression_07,window_us_101_off32096_len24_t1118847163400_1118847165700,j_1055583,us_101,32096,24,1118847163400,1118847165700,135.24338464000002,3.219041,0.0,0.0,3.219041,0.0,127.2083496,2.843165,0.0,0.0,2.843165,0.0,-8.035035040000011,-0.3758759999999999,0.0,0.0,-0.3758759999999999,0.0
regression,sa_ghmappo,7,regression_08,window_us_101_off35256_len24_t1118847479400_1118847481700,j_1081406,us_101,35256,24,1118847479400,1118847481700,45.212562612586744,0.581015,0.0,0.002744,0.578271,10.763701492586744,106.56707215670579,0.586503,0.0,0.008232,0.578271,82.0693431327058,61.35450954411905,0.005488000000000048,0.0,0.005488,0.0,71.30564164011905
regression,sa_ghmappo,7,regression_09,window_us_101_off35416_len24_t1118847495400_1118847497700,j_1061152,us_101,35416,24,1118847495400,1118847497700,95.26716256,1.823014,0.0,0.28096,1.542054,10.789533,75.38916052679117,1.314984,0.0,0.3512,0.963784,12.947440166791168,-19.87800203320883,-0.50803,0.0,0.07024000000000002,-0.5782700000000001,2.1579071667911673
regression,sa_ghmappo,7,regression_10,window_us_101_off35648_len24_t1118847518600_1118847520900,j_1090155,us_101,35648,24,1118847518600,1118847520900,54.96987235720884,0.947253,0.0,0.002744,0.944509,24.815925333208835,46.971303685208845,0.574669,0.0,0.006036,0.568633,24.815925333208835,-7.9985686719999975,-0.372584,0.0,0.003292,-0.375876,0.0
regression,sa_ghmappo,7,regression_11,window_us_101_off37040_len24_t1118847657800_1118847660100,j_1064718,us_101,37040,24,1118847657800,1118847660100,45.916145967999995,0.753871,0.0,0.1756,0.578271,10.789533,77.078552712,0.736714,0.0,0.3512,0.385514,53.947665,31.16240674400001,-0.017156999999999978,0.0,0.1756,-0.19275699999999996,43.158132
