method,seed,update_index,environment_steps,optimizer_steps,actor_loss,env_action_ppo_loss,value_loss,auxiliary_loss,total_loss,entropy,approx_kl,clip_fraction,policy_grad_norm,weighted_value_grad_norm,weighted_auxiliary_grad_norm,pre_clip_total_grad_norm,post_clip_total_grad_norm_upper_bound,global_clip_scale
dt_handoff_drl,17,1,60,8,0.0,-0.023261831956915557,66.25295734405518,0.0,33.091331481933594,1.1885215938091278,0.005046145350206643,0.10881696688011289,0.4922132324427366,8.334517359733582,0.0,8.35028526186943,0.5,0.07735166387329413
dt_handoff_drl,17,10,600,8,0.0,-0.010621615685522556,98.89424324035645,0.0,49.424344539642334,1.2154382318258286,-0.008387278765439987,0.004464285913854837,0.8603605255484581,32.5095009803772,0.0,32.593565225601196,0.5,0.01686788619281992
dt_handoff_drl,17,11,660,8,0.0,-0.008674960816279054,127.81071662902832,0.0,63.8839430809021,1.2738986015319824,0.004532941151410341,0.0,1.128552183508873,30.24265742301941,0.0,30.244882822036743,0.5,0.016845700377994398
dt_handoff_drl,17,12,720,8,0.0,-0.0051452177576720715,70.19415283203125,0.0,35.079217195510864,1.2714313119649887,0.0024441805198875954,0.0,1.2830825299024582,44.27764272689819,0.0,44.21700477600098,0.5,0.011893071691063451
dt_handoff_drl,17,13,780,8,0.0,-0.012974209617823362,34.60948705673218,0.0,17.279513359069824,1.2256219387054443,-0.002655594864336308,0.0,1.4350053742527962,75.00889730453491,0.0,74.9773473739624,0.5,0.0071141482445792135
dt_handoff_drl,17,14,840,8,0.0,-0.012172558810561895,32.20279550552368,0.0,16.07706093788147,1.2164466977119446,0.00873127847444266,0.00390625,1.4779100567102432,29.060400247573853,0.0,28.862736701965332,0.5,0.020186753370410496
dt_handoff_drl,17,15,900,8,0.0,0.0006007025949656963,24.954984188079834,0.0,12.466283798217773,1.1808993071317673,-0.008790465813945048,0.0,0.9967084005475044,24.136998414993286,0.0,24.223183512687683,0.5,0.02367053027916536
dt_handoff_drl,17,16,960,8,0.0,-0.005194830329855904,21.565346717834473,0.0,10.765883564949036,1.1594986319541931,0.002426933053357061,0.0,1.0713440626859665,46.576202392578125,0.0,46.700825214385986,0.5,0.010933493158613916
dt_handoff_drl,17,17,1020,8,0.0,-0.008860567468218505,9.054767549037933,0.0,4.50723460316658,1.1288562417030334,-0.0012396468482620548,0.025111607741564512,1.1989047452807426,7.2984810173511505,0.0,7.38384610414505,0.5,0.08189378849818112
dt_handoff_drl,17,18,1080,8,0.0,0.008526048506610096,15.205865740776062,0.0,7.599941849708557,1.1516989171504974,0.009099879433051683,0.050781250931322575,1.6142303124070168,17.815975427627563,0.0,17.634328842163086,0.5,0.033415937474961875
dt_handoff_drl,17,19,1140,8,0.0,-0.0036186031356919557,12.766201376914978,0.0,6.367710292339325,1.1771775782108307,0.0011650062951957807,0.0457589291036129,1.2099384516477585,16.344916105270386,0.0,16.237612545490265,0.5,0.03662472421490744
dt_handoff_drl,17,2,120,8,0.0,-0.0040869217191357166,23.51662278175354,0.0,11.742538690567017,1.1686006933450699,0.004233176648995141,0.02566964365541935,0.7081987485289574,7.896694898605347,0.0,7.9438678324222565,0.5,0.07333296110527873
dt_handoff_drl,17,20,1200,8,0.0,-0.003271118097472936,40.60527753829956,0.0,20.28728747367859,1.2080225348472595,0.0010006385564338416,0.0,1.5259434953331947,43.14879560470581,0.0,43.37955117225647,0.5,0.012640792343370018
dt_handoff_drl,17,21,1260,8,0.0,0.00704398681409657,21.943334341049194,0.0,10.966761350631714,1.1949690282344818,-0.003869387452141382,0.016741071827709675,1.7205834239721298,25.061219811439514,0.0,25.10783612728119,0.5,0.023286723633292195
dt_handoff_drl,17,22,1320,8,0.0,-0.01560876949224621,17.56613826751709,0.0,8.755980610847473,1.147981122136116,-0.005958238354651257,0.02678571455180645,1.0735375210642815,17.864908576011658,0.0,17.98489212989807,0.5,0.033627493268114275
dt_handoff_drl,17,23,1380,8,0.0,-0.013774245540844277,18.191349148750305,0.0,9.071237623691559,1.0662669837474823,-0.0013388923835009336,0.058593750931322575,1.1941120028495789,21.723583459854126,0.0,21.860447883605957,0.5,0.027163324954937815
dt_handoff_drl,17,24,1440,8,0.0,-0.0024257220793515444,15.374245285987854,0.0,7.675188362598419,0.9508480802178383,0.0012496077688410878,0.024553571827709675,1.2369554415345192,39.27895426750183,0.0,39.01267910003662,0.5,0.013954758891946147
dt_handoff_drl,17,25,1500,8,0.0,-0.0026055353228002787,22.60007643699646,0.0,11.287940979003906,0.9491700232028961,-0.00046771697725489503,0.0,1.8520625606179237,29.887102246284485,0.0,30.258753180503845,0.5,0.018728923809355473
dt_handoff_drl,17,26,1560,8,0.0,-0.006070941220968962,27.2032732963562,0.0,13.585512042045593,1.005365677177906,0.011907119798706844,0.054129465483129025,1.3321134001016617,36.1125431060791,0.0,36.2360303401947,0.5,0.016471316556600685
dt_handoff_drl,17,27,1620,8,0.0,-0.003724769572727382,33.5210964679718,0.0,16.746609330177307,1.021420195698738,0.004317356702813413,0.0,1.4904851838946342,62.335461139678955,0.0,62.50307369232178,0.5,0.00824502860805579
dt_handoff_drl,17,28,1680,8,0.0,-0.008209147257730365,18.58971917629242,0.0,9.276570618152618,1.0079928413033485,0.0042141554404224735,0.020647321827709675,1.4280596002936363,25.7191304564476,0.0,25.90940535068512,0.5,0.027482250456062812
dt_handoff_drl,17,29,1740,8,0.0,-0.008240810726420023,21.425907611846924,0.0,10.695203423500061,0.9509515464305878,0.0018206837057732628,0.017857143189758062,1.7062400206923485,29.723378658294678,0.0,29.895983695983887,0.5,0.021121103650690077
dt_handoff_drl,17,3,180,8,0.0,-0.007534574484452605,59.79741334915161,0.0,29.880159854888916,1.1012121140956879,-0.00033391766191925853,0.00390625,0.7184942737221718,6.261908173561096,0.0,6.314263820648193,0.5,0.08415114236842124
dt_handoff_drl,17,30,1800,8,0.0,-0.028231806121766567,18.40599274635315,0.0,9.165040493011475,0.9724066257476807,0.0013112224114593118,0.0641741082072258,1.7033538967370987,24.19671642780304,0.0,24.47979199886322,0.5,0.02511985244350344
dt_handoff_drl,17,31,1860,8,0.0,-0.0005888822488486767,13.369451522827148,0.0,6.675808370113373,0.8328434899449348,0.006546413683906849,0.008928571827709675,1.434022806584835,27.1336590051651,0.0,27.112398624420166,0.5,0.027168342666358584
dt_handoff_drl,17,32,1920,8,0.0,-0.01614720467478037,16.974014282226562,0.0,8.462361693382263,0.8498115837574005,0.009332921807072125,0.04185267956927419,1.7811185494065285,16.65846610069275,0.0,17.27705490589142,0.5,0.034060054870746474
dt_handoff_drl,17,33,1980,8,0.0,-0.028920853044837713,11.388113975524902,0.0,5.656088411808014,0.9047689512372017,0.0034849059593398124,0.1953125,1.4361215308308601,14.598321318626404,0.0,14.59946608543396,0.5,0.03869283211340851
dt_handoff_drl,17,34,2040,8,0.0,0.0018038703128695488,21.220282793045044,0.0,10.600882828235626,1.1062599271535873,0.0002272983838338405,0.11160714505240321,2.2696915939450264,37.084794759750366,0.0,36.91540265083313,0.5,0.015477877068992195
dt_handoff_drl,17,35,2100,8,0.0,-0.012174451258033514,14.342474102973938,0.0,7.1481993198394775,1.0863298773765564,0.016394134654547088,0.05468750139698386,1.9794376492500305,28.742067694664,0.0,29.047269821166992,0.5,0.019005904237608166
dt_handoff_drl,17,36,2160,8,0.0,-0.0016223224811255932,12.167695045471191,0.0,6.071795284748077,1.0429809913039207,-0.00992665663943626,0.2226562462747097,1.6469079107046127,37.51611506938934,0.0,37.66922700405121,0.5,0.02971618201991482
dt_handoff_drl,17,37,2220,8,0.0,-0.01793827535584569,16.240309238433838,0.0,8.092605590820312,0.9610748440027237,-0.0064090540108736604,0.020647321827709675,1.801647499203682,22.174224734306335,0.0,22.38874661922455,0.5,0.026024995310992498
dt_handoff_drl,17,38,2280,8,0.0,-0.004957295022904873,27.569093704223633,0.0,13.770144522190094,0.944519080221653,-0.01135715885902755,0.025111607741564512,3.2268770784139633,38.79001975059509,0.0,38.20507836341858,0.5,0.015736106021655656
dt_handoff_drl,17,39,2340,8,0.0,-0.01098505686968565,10.950855433940887,0.0,5.455019384622574,0.9423217102885246,0.001418442407157272,0.0078125,1.4844580292701721,62.77350902557373,0.0,62.92349720001221,0.5,0.008972510645043624
dt_handoff_drl,17,4,240,8,0.0,-0.0024491597432643175,54.80592966079712,0.0,27.389184951782227,1.1330601423978806,0.013462103321217,0.0,0.5069399178028107,8.603709995746613,0.0,8.605321049690247,0.5,0.06135333511101466
dt_handoff_drl,17,40,2400,8,0.0,-0.027609465178102255,12.33060073852539,0.0,6.129558026790619,0.8132935613393784,0.014036514359759167,0.11607143050059676,2.347670741379261,27.474972903728485,0.0,27.98438262939453,0.5,0.038851007991851635
dt_handoff_drl,17,41,2460,8,0.0,0.0066347208339720964,31.109522819519043,0.0,15.55230975151062,0.9086225032806396,0.004708564112661406,0.04520089318975806,2.614681139588356,103.36581373214722,0.0,103.91178178787231,0.5,0.00585044886924871
dt_handoff_drl,17,42,2520,8,0.0,-0.009783967165276408,9.83950650691986,0.0,4.900769531726837,0.9199730753898621,0.004276641461729014,0.008928571827709675,2.5141229182481766,23.569180190563202,0.0,23.615386605262756,0.5,0.03799170053053867
dt_handoff_drl,17,43,2580,8,0.0,-0.017871149233542383,19.175106167793274,0.0,9.560840964317322,0.884100466966629,0.012815792943001725,0.0775669664144516,3.0225273966789246,30.48219072818756,0.0,30.851032853126526,0.5,0.02084532260172314
dt_handoff_drl,17,44,2640,8,0.0,0.007821607403457165,24.753098011016846,0.0,12.375478029251099,0.8892471715807915,0.014725981978699565,0.017299107741564512,1.8638092279434204,76.27656483650208,0.0,76.56149506568909,0.5,0.00797264831853243
dt_handoff_drl,17,45,2700,8,0.0,-0.01839681714773178,23.27635955810547,0.0,11.61022275686264,0.956026554107666,0.008741602025111206,0.0078125,2.1625192388892174,27.703373312950134,0.0,27.910041093826294,0.5,0.021051241721904475
dt_handoff_drl,17,46,2760,8,0.0,-0.0018576832953840494,14.233962178230286,0.0,7.106208503246307,0.891480565071106,0.0037942914859740995,0.0078125,2.2914979159832,70.07902908325195,0.0,70.23282384872437,0.5,0.010436958754185403
dt_handoff_drl,17,47,2820,8,0.0,-0.02203066274523735,9.724119186401367,0.0,4.831731855869293,0.8296928703784943,0.040811263606883585,0.22098214086145163,2.542239770293236,17.28200876712799,0.0,17.69900333881378,0.5,0.034735985397487595
dt_handoff_drl,17,48,2880,8,0.0,-0.0015562772750854492,22.07934606075287,0.0,11.030522108078003,0.7594429552555084,-0.0020133732141403016,0.0,2.2713235914707184,108.01150870323181,0.0,107.82945585250854,0.5,0.009198402489495532
dt_handoff_drl,17,49,2940,8,0.0,-0.009263498708605766,13.520283222198486,0.0,6.7438207268714905,0.7057387754321098,0.00042322520766902016,0.020089285913854837,2.628715358674526,32.778814911842346,0.0,32.505356192588806,0.5,0.019185695366454647
dt_handoff_drl,17,5,300,8,0.0,-0.002416496630758047,35.1739399433136,0.0,17.573071479797363,1.148198202252388,-0.0013353815411392134,0.0,0.7212201468646526,17.386918663978577,0.0,17.426820397377014,0.5,0.03007049022821985
dt_handoff_drl,17,50,3000,8,0.0,-0.016701149404980242,15.436204671859741,0.0,7.694726467132568,0.6674555465579033,0.005148469454070437,0.030691965017467737,2.2216763496398926,27.553467988967896,0.0,27.66810369491577,0.5,0.02027026908857202
dt_handoff_drl,17,51,3060,8,0.0,-0.002461699943523854,11.54283332824707,0.0,5.762014806270599,0.6940153017640114,0.004570620658341795,0.020647321827709675,3.2880040779709816,30.358125686645508,0.0,30.421984672546387,0.5,0.019708543320163852
dt_handoff_drl,17,52,3120,8,0.0,-0.007684892974793911,7.986393451690674,0.0,3.979498863220215,0.601311519742012,0.004605086563969962,0.02566964365541935,1.4939428716897964,56.81135320663452,0.0,56.94859576225281,0.5,0.01226182253794195
dt_handoff_drl,17,53,3180,8,0.0,-0.017747217789292336,24.74604320526123,0.0,12.348488628864288,0.678600937128067,0.011884745152201504,0.004464285913854837,4.273838602006435,131.2998161315918,0.0,130.37728691101074,0.5,0.004612494020730524
dt_handoff_drl,17,54,3240,8,0.0,-0.020051953848451376,13.20930814743042,0.0,6.577585279941559,0.701667346060276,0.0052282330943853594,0.0954241082072258,2.947137713432312,52.83020877838135,0.0,53.33673167228699,0.5,0.013841031158424685
dt_handoff_drl,17,55,3300,8,0.0,-0.006306594848865643,11.212810516357422,0.0,5.592417240142822,0.7681483328342438,0.009525395798846148,0.0262276791036129,2.3234703689813614,63.002219676971436,0.0,63.068119406700134,0.5,0.012317605043080253
dt_handoff_drl,17,56,3360,8,0.0,-0.008164233004208654,8.265570044517517,0.0,4.11754983663559,0.707083947956562,-0.00030048313783481717,0.04520089365541935,1.7324604615569115,18.908923506736755,0.0,19.070934057235718,0.5,0.035472615748162406
dt_handoff_drl,17,57,3420,8,0.0,-0.007278332253918052,5.578237056732178,0.0,2.775129497051239,0.6710740849375725,0.007690323298447765,0.0719866082072258,1.7416222766041756,10.434329748153687,0.0,10.631934583187103,0.5,0.05100394892690321
dt_handoff_drl,17,58,3480,8,0.0,-0.0020928075537085533,6.360195338726044,0.0,3.1738692224025726,0.413564994931221,0.00842382812697906,0.06640625046566129,3.4518156442791224,17.09175729751587,0.0,17.660170197486877,0.5,0.03160408973136155
dt_handoff_drl,17,59,3540,8,0.0,0.012502596713602543,15.851155877113342,0.0,7.931679666042328,0.6400768235325813,-0.0004393755880300887,0.12165178637951612,2.8119813948869705,112.0900182723999,0.0,111.52517032623291,0.5,0.004719934044162165
dt_handoff_drl,17,6,360,8,0.0,0.0010216997470706701,40.07933759689331,0.0,20.029123902320862,1.1566441506147385,-0.0012721384409815073,0.024553571827709675,0.6107023097574711,8.423424661159515,0.0,8.445528388023376,0.5,0.06250507613796809
dt_handoff_drl,17,60,3600,8,0.0,-0.001207387656904757,9.037893235683441,0.0,4.511427104473114,0.6312233954668045,0.02196309226565063,0.15178571827709675,2.7107052505016327,44.33130502700806,0.0,44.87589764595032,0.5,0.015216446632407486
dt_handoff_drl,17,61,3660,8,0.0,-0.016676127910614014,7.052268624305725,0.0,3.5026986598968506,0.6759554967284203,-0.006126139887783211,0.08035714365541935,2.7220673337578773,65.85363435745239,0.0,66.58694815635681,0.5,0.01524140849914223
dt_handoff_drl,17,62,3720,8,0.0,-0.012531939893960953,19.826481223106384,0.0,9.89440792798996,0.6300719752907753,0.003594073321437463,0.0,3.2119442522525787,103.26733589172363,0.0,102.46899461746216,0.5,0.005817171922270856
dt_handoff_drl,17,63,3780,8,0.0,-0.0009683246025815606,8.39492654800415,0.0,4.191006988286972,0.5487940572202206,0.0009150008918368258,0.02176339365541935,2.70074113458395,23.187795519828796,0.0,23.551504492759705,0.5,0.02409855932876969
dt_handoff_drl,17,64,3840,8,0.0,-0.006451362045481801,12.506420612335205,0.0,6.241568148136139,0.5190797746181488,0.0029180854035075754,0.032366071827709675,1.9730042815208435,26.517430782318115,0.0,26.409640550613403,0.5,0.022067516509003734
dt_handoff_drl,17,65,3900,8,0.0,0.011767921037971973,5.978277146816254,0.0,2.9959250390529633,0.498148787766695,-0.0036418599422631814,0.008928571827709675,4.338417947292328,70.30030572414398,0.0,69.48288643360138,0.5,0.01465059004573765
dt_handoff_drl,17,66,3960,8,0.0,-0.00978835066780448,37.05315899848938,0.0,18.51102215051651,0.5769097954034805,0.006496289424831048,0.06305803684517741,1.5725833028554916,155.92766761779785,0.0,156.16850471496582,0.5,0.003700080826442431
dt_handoff_drl,17,67,4020,8,0.0,-0.001147158443927765,10.91169136762619,0.0,5.449565589427948,0.5132936201989651,0.002301378899574047,0.034598215483129025,2.4022260159254074,28.842987656593323,0.0,29.01807940006256,0.5,0.024705030311310962
dt_handoff_drl,17,68,4080,8,0.0,-0.012875312007963657,6.597273409366608,0.0,3.2806186974048615,0.5142742358148098,0.015173242449236568,0.09375000093132257,2.439965546131134,26.14919662475586,0.0,26.217384219169617,0.5,0.04126225160847853
dt_handoff_drl,17,69,4140,8,0.0,-0.008821121096843854,7.864961683750153,0.0,3.9177519977092743,0.5907654613256454,0.00513052398673608,0.03850446455180645,2.9985654801130295,29.462879061698914,0.0,29.62911105155945,0.5,0.019345278053240246
dt_handoff_drl,17,7,420,8,0.0,-0.004614183679223061,21.319811582565308,0.0,10.643329560756683,1.1962056308984756,0.002493185020284727,0.0,0.787253350019455,16.899975538253784,0.0,16.958240270614624,0.5,0.03142986266553558
dt_handoff_drl,17,70,4200,8,0.0,0.0018128302181139588,8.059401333332062,0.0,4.025747090578079,0.5766391232609749,0.008251075865700841,0.0,2.127238929271698,21.07266652584076,0.0,21.314069986343384,0.5,0.02664658033718477
dt_handoff_drl,17,71,4260,8,0.0,-0.010439075529575348,6.578051567077637,0.0,3.2735662758350372,0.5020430646836758,0.002483662188751623,0.07198660867288709,2.8884976506233215,11.257208287715912,0.0,11.805810809135437,0.5,0.048318424674026576
dt_handoff_drl,17,72,4320,8,0.0,0.02738015231443569,22.00536012649536,0.0,11.02422845363617,0.5831722021102905,0.0026606476749293506,0.09542410913854837,3.41811566054821,86.96282696723938,0.0,87.07668995857239,0.5,0.008701302994815335
dt_handoff_drl,17,73,4380,8,0.0,-0.000756505411118269,8.733730018138885,0.0,4.361463904380798,0.46445582807064056,-0.010382912698332802,0.004464285913854837,4.652992106974125,120.04498863220215,0.0,120.8050184249878,0.5,0.004455262208266976
dt_handoff_drl,17,74,4440,8,0.0,-0.0031948843970894814,7.6738263964653015,0.0,3.8298687636852264,0.38496094197034836,0.019067552059823356,0.04631696501746774,2.0117136985063553,27.17642331123352,0.0,27.415397882461548,0.5,0.019612933873864848
dt_handoff_drl,17,75,4500,8,0.0,-0.009721389040350914,7.56493067741394,0.0,3.768450230360031,0.4293753504753113,0.01888819091800542,0.054129465483129025,2.690750077366829,41.66137373447418,0.0,41.96322584152222,0.5,0.017422870129222542
dt_handoff_drl,17,76,4560,8,0.0,-0.009990911465138197,8.969813227653503,0.0,4.470646262168884,0.4269452430307865,-0.000553117736671993,0.024553571827709675,1.5373335927724838,120.40591764450073,0.0,120.38160753250122,0.5,0.004669693784533209
dt_handoff_drl,17,77,4620,8,0.0,-0.007112672290531918,7.813589870929718,0.0,3.896076411008835,0.3605835363268852,0.03226604825249524,0.14676339365541935,2.737906403839588,36.82761371135712,0.0,37.57283639907837,0.5,0.019270877469243664
dt_handoff_drl,17,78,4680,8,0.0,-0.0006150995177449659,9.437185764312744,0.0,4.715295910835266,0.268182011321187,0.003632087954429153,0.029017857741564512,2.507769674062729,29.526580929756165,0.0,29.56805729866028,0.5,0.021142781982550974
dt_handoff_drl,17,79,4740,8,0.0,0.0006037907442077994,9.242992043495178,0.0,4.618412524461746,0.3687201291322708,0.01079588606080506,0.012834821827709675,2.8810782954096794,23.747411489486694,0.0,24.091518759727478,0.5,0.02282067753030081
dt_handoff_drl,17,8,480,8,0.0,-0.0030057975091040134,36.26706266403198,0.0,18.11856174468994,1.1963656097650528,0.0017380749486619607,0.0,0.8213496804237366,51.75143480300903,0.0,51.83239984512329,0.5,0.009676758863040353
dt_handoff_drl,17,80,4800,8,0.0,-0.0006957156583666801,5.356991291046143,0.0,2.6747561246156693,0.3043817039579153,-0.0001737165757731418,0.0,2.0196517929434776,49.91507530212402,0.0,50.24746108055115,0.5,0.017385750228663018
dt_handoff_drl,17,81,4860,8,0.0,-0.007064272416755557,11.964265406131744,0.0,5.971385449171066,0.3682982660830021,0.008842952294799034,0.025669643189758062,1.9270656928420067,95.94126987457275,0.0,96.11220359802246,0.5,0.0054312204358426455
dt_handoff_drl,17,82,4920,8,0.0,-0.008611123077571392,8.943098247051239,0.0,4.4603471159935,0.25908834114670753,0.014650523816271743,0.0340401791036129,1.0463543087244034,29.137939453125,0.0,29.0322824716568,0.5,0.021918647796827645
dt_handoff_drl,17,83,4980,8,0.0,-0.0009581821504980326,8.548514306545258,0.0,4.269859492778778,0.3439427390694618,0.007026314713584725,0.020647321827709675,1.080713301897049,40.06300723552704,0.0,40.05718660354614,0.5,0.01821431681060149
dt_handoff_drl,17,84,5040,8,0.0,-0.024407037533819675,12.548356652259827,0.0,6.244795620441437,0.49756040796637535,0.00844411041271087,0.11216518003493547,2.514021284878254,36.68097639083862,0.0,37.19390559196472,0.5,0.016961851519964054
dt_handoff_drl,17,85,5100,8,0.0,-0.0026006102561950684,5.961787432432175,0.0,2.9739492535591125,0.4343848489224911,0.010387442815044778,0.020089285913854837,2.5142637193202972,45.46629744768143,0.0,45.36541527509689,0.5,0.02282109093598646
dt_handoff_drl,17,86,5160,8,0.0,0.01040449133142829,12.80622798204422,0.0,6.408507823944092,0.5010555796325207,0.016386738869186956,0.13950893096625805,3.9680774211883545,97.89969253540039,0.0,97.80476188659668,0.5,0.005876007416450719
dt_handoff_drl,17,87,5220,8,0.0,-0.011013141833245754,4.165324181318283,0.0,2.0648798048496246,0.6769138127565384,-0.00440630045159196,0.10491071548312902,3.268920361995697,27.553736448287964,0.0,27.8918879032135,0.5,0.026986605434133584
dt_handoff_drl,17,88,5280,8,0.0,-0.010986215202137828,6.658491253852844,0.0,3.3126684725284576,0.5590903535485268,0.0015228804440994281,0.042968750931322575,2.1939490139484406,17.877135157585144,0.0,17.99737322330475,0.5,0.03434304944210171
dt_handoff_drl,17,89,5340,8,0.0,-0.028586418367922306,7.330066114664078,0.0,3.6307511627674103,0.5695456266403198,0.018141647102311254,0.1238839291036129,3.9558338075876236,32.27137625217438,0.0,32.84581172466278,0.5,0.01883552537567567
dt_handoff_drl,17,9,540,8,0.0,-0.001522737555205822,19.803592562675476,0.0,9.88772201538086,1.2551611214876175,0.0022811298331362195,0.004464285913854837,0.6915743947029114,8.361217319965363,0.0,8.43710732460022,0.5,0.0658320127024258
dt_handoff_drl,17,90,5400,8,0.0,-0.02461093571037054,9.459454715251923,0.0,4.700011044740677,0.5105389691889286,0.006927275431735325,0.03404017956927419,3.029877468943596,45.91110849380493,0.0,45.6745171546936,0.5,0.013284335273571209
dt_handoff_drl,17,91,5460,8,0.0,-0.00585417851107195,7.024135887622833,0.0,3.502239018678665,0.39747678115963936,0.0017455490597058088,0.028459821827709675,3.4884565472602844,52.29961609840393,0.0,52.085644245147705,0.5,0.013901414399016175
dt_handoff_drl,17,92,5520,8,0.0,-0.008551300968974829,3.6142487227916718,0.0,1.7944380193948746,0.4135066643357277,-0.02802793133105297,0.17020089412108064,2.8383446410298347,11.77156275510788,0.0,12.286773681640625,0.5,0.04824319007481818
dt_handoff_drl,17,93,5580,8,0.0,-0.01394994673319161,4.825706362724304,0.0,2.39408440887928,0.4818822853267193,0.0039019603755150456,0.0301339291036129,3.3082365542650223,34.169944047927856,0.0,34.43100357055664,0.5,0.019734503612946153
dt_handoff_drl,17,94,5640,8,0.0,0.000444724690169096,3.410813271999359,0.0,1.7026565819978714,0.3194807842373848,0.005736914321460063,0.02566964365541935,2.38460873067379,31.795187830924988,0.0,31.82391732931137,0.5,0.031053290416690877
dt_handoff_drl,17,95,5700,8,0.0,-0.021830004174262285,3.6884143948554993,0.0,1.8172540366649628,0.5123191252350807,0.03629731073124276,0.13560267817229033,3.5135552436113358,36.030434250831604,0.0,35.86653280258179,0.5,0.01933838497589405
dt_handoff_drl,17,96,5760,8,0.0,0.011793537181802094,2.946322575211525,0.0,1.4803637489676476,0.4591076895594597,0.006255357036025089,0.07254464318975806,2.9149064868688583,26.041508972644806,0.0,26.12029802799225,0.5,0.03145982892789425
dt_handoff_drl,29,1,60,8,0.0,-0.03440340794622898,84.45330286026001,0.0,42.178484201431274,1.3764176070690155,0.02722495604393771,0.08314732275903225,0.7758935578167439,26.6945219039917,0.0,26.688339471817017,0.5,0.01901315992371106
dt_handoff_drl,29,10,600,8,0.0,-0.008975015254691243,24.542749643325806,0.0,12.252052783966064,1.0346983298659325,0.0023130781519284938,0.016741071827709675,0.7193835489451885,5.645405113697052,0.0,5.746526300907135,0.5,0.09151841171900611
dt_handoff_drl,29,11,660,8,0.0,0.0006557601736858487,45.32856321334839,0.0,22.654229640960693,1.0708070397377014,-0.0014068095479160547,0.1255580373108387,0.8486401364207268,7.70482212305069,0.0,7.71803092956543,0.5,0.06948922326442496
dt_handoff_drl,29,12,720,8,0.0,-0.010504561476409435,20.471834778785706,0.0,10.214966118335724,1.044675126671791,0.0019103122358501423,0.0,0.9677297100424767,10.201046586036682,0.0,10.207160830497742,0.5,0.05253631963366611
dt_handoff_drl,29,13,780,8,0.0,-0.02249595057219267,28.12637233734131,0.0,14.030147075653076,1.0542986392974854,0.009598276956239715,0.09319196501746774,1.0525452196598053,15.305821776390076,0.0,15.334023475646973,0.5,0.03460632918240322
dt_handoff_drl,29,14,840,8,0.0,0.006192733533680439,53.300586223602295,0.0,26.64608645439148,1.0399164110422134,0.005817958488478325,0.03906250046566129,0.9586021825671196,24.50990378856659,0.0,24.614168167114258,0.5,0.02267951939663138
dt_handoff_drl,29,15,900,8,0.0,-0.0029903871472924948,39.527263879776,0.0,19.74932312965393,1.1318518966436386,0.0033259795909543755,0.008928571827709675,2.3021677285432816,21.93742609024048,0.0,22.057029485702515,0.5,0.026432506218315686
dt_handoff_drl,29,16,960,8,0.0,0.00026379385963082314,11.870534896850586,0.0,5.925027012825012,1.0504271984100342,0.009082080254302127,0.07700893003493547,1.0127752423286438,39.20373582839966,0.0,39.29720973968506,0.5,0.01838808601617066
dt_handoff_drl,29,17,1020,8,0.0,-6.029941141605377e-05,13.349100470542908,0.0,6.665470778942108,0.9019183740019798,-0.00099314152248553,0.08091517817229033,1.1937987506389618,13.237381637096405,0.0,13.25099492073059,0.5,0.044005108233561505
dt_handoff_drl,29,18,1080,8,0.0,-0.0020837895572185516,28.665179014205933,0.0,14.322246551513672,0.8259100168943405,-0.0026780671814776724,0.008370535913854837,1.1396412774920464,24.401930332183838,0.0,24.504782915115356,0.5,0.027604848615297904
dt_handoff_drl,29,19,1140,8,0.0,-0.002130551729351282,17.512288570404053,0.0,8.7460116147995,0.8002278581261635,-0.0012127911322750151,0.0,1.3775127977132797,12.920851051807404,0.0,12.861250698566437,0.5,0.04352525274717992
dt_handoff_drl,29,2,120,8,0.0,-0.03210925031453371,29.23170781135559,0.0,14.569825410842896,1.3919028788805008,-0.00534212336060591,0.12053571455180645,0.8138076886534691,7.6247862577438354,0.0,7.693596661090851,0.5,0.07202738503435975
dt_handoff_drl,29,20,1200,8,0.0,-0.017148046928923577,31.52375340461731,0.0,15.73725426197052,0.7474391609430313,-0.012584038519548812,0.029017857741564512,1.1143250316381454,23.76531958580017,0.0,23.896595001220703,0.5,0.021450342309155025
dt_handoff_drl,29,21,1260,8,0.0,-0.00026971008628606796,21.50494086742401,0.0,10.74502170085907,0.7179244756698608,0.0017957465970539488,0.017299107275903225,1.1139150634407997,22.367663979530334,0.0,22.356096029281616,0.5,0.025577384164528157
dt_handoff_drl,29,22,1320,8,0.0,0.0007319673895835876,18.397225975990295,0.0,9.192548632621765,0.6796337738633156,0.0017162579315481707,0.004464285913854837,1.7755483090877533,25.38280415534973,0.0,25.422460794448853,0.5,0.02595523031988819
dt_handoff_drl,29,23,1380,8,0.0,0.002000565073103644,18.14557135105133,0.0,9.068377673625946,0.640845775604248,0.015325681044487283,0.07645089365541935,1.714336670935154,18.062302231788635,0.0,18.318599104881287,0.5,0.030305181464504498
dt_handoff_drl,29,24,1440,8,0.0,-0.018623174633830786,21.076950311660767,0.0,10.51345407962799,0.6397935450077057,0.004192051172140054,0.04241071501746774,1.2277683690190315,24.439499378204346,0.0,24.671525716781616,0.5,0.02179699112429317
dt_handoff_drl,29,25,1500,8,0.0,-0.0054349880665540695,13.551891803741455,0.0,6.764030396938324,0.6480421647429466,0.0012742378457915038,0.008928571827709675,0.8664384558796883,32.60243809223175,0.0,32.62297523021698,0.5,0.019638730035705577
dt_handoff_drl,29,26,1560,8,0.0,-0.0029690831433981657,36.71052074432373,0.0,18.345731735229492,0.6559337601065636,0.0002371584705542773,0.0,1.5199000835418701,57.299076557159424,0.0,57.43859672546387,0.5,0.009276762987696481
dt_handoff_drl,29,27,1620,8,0.0,0.01617015991359949,17.077998161315918,0.0,8.548576831817627,0.659241110086441,0.012442168575944379,0.13113839458674192,1.6455313190817833,19.80929207801819,0.0,20.06241798400879,0.5,0.03155620015302039
dt_handoff_drl,29,28,1680,8,0.0,0.00200587697327137,14.947806119918823,0.0,7.469215035438538,0.6693928688764572,0.00913269814918749,0.038504465483129025,1.4255089238286018,23.54045820236206,0.0,23.546610951423645,0.5,0.02817540192844513
dt_handoff_drl,29,29,1740,8,0.0,-0.004758069466333836,10.940614104270935,0.0,5.4593687653541565,0.6180209293961525,0.0057892034528777,0.031250000931322575,1.9170956462621689,11.85024905204773,0.0,11.682611882686615,0.5,0.04647152932731096
dt_handoff_drl,29,3,180,8,0.0,-0.013841073145158589,26.02555012702942,0.0,12.984974026679993,1.3960098177194595,-0.0007582388643641025,0.0223214291036129,0.8753293752670288,13.554030776023865,0.0,13.570161581039429,0.5,0.0371322974124966
dt_handoff_drl,29,30,1800,8,0.0,-0.0019068988040089607,9.217657506465912,0.0,4.600693583488464,0.622823677957058,-0.00024656346067786217,0.08091517956927419,1.3892116211354733,14.154401242733002,0.0,14.42310482263565,0.5,0.042509703368380926
dt_handoff_drl,29,31,1860,8,0.0,0.005593536421656609,33.02857565879822,0.0,16.513282656669617,0.6598591133952141,0.005487947404617444,0.0,1.6966785117983818,31.76037895679474,0.0,31.522374033927917,0.5,0.017815085750178726
dt_handoff_drl,29,32,1920,8,0.0,-0.005297328345477581,15.233018636703491,0.0,7.605023086071014,0.6188859716057777,-0.0020678587097791024,0.008370535913854837,1.6759882047772408,31.420244693756104,0.0,31.308823943138123,0.5,0.019287579995189378
dt_handoff_drl,29,33,1980,8,0.0,-0.016008711652830243,17.439118027687073,0.0,8.697195708751678,0.6354522109031677,0.00047657817049184814,0.004464285913854837,1.8967206478118896,21.59271478652954,0.0,21.735629081726074,0.5,0.02834531695846295
dt_handoff_drl,29,34,2040,8,0.0,0.0025493045686744153,19.16265904903412,0.0,9.578003466129303,0.5875283926725388,6.0709789977408946e-05,0.00390625,2.6037029772996902,24.475244760513306,0.0,24.625205755233765,0.5,0.02075484199117704
dt_handoff_drl,29,35,2100,8,0.0,0.0014099879190325737,15.779160976409912,0.0,7.885290741920471,0.5699785947799683,0.0013389602245297283,0.0,1.5940652787685394,24.84383523464203,0.0,24.79124414920807,0.5,0.023730461749861993
dt_handoff_drl,29,36,2160,8,0.0,-0.005809861002489924,12.157877802848816,0.0,6.067675679922104,0.5453418269753456,0.0016871334955794737,0.008928571827709675,1.1712758988142014,45.511266469955444,0.0,45.51367008686066,0.5,0.01544426158177399
dt_handoff_drl,29,37,2220,8,0.0,-0.000300026498734951,10.395915508270264,0.0,5.192780911922455,0.48767321184277534,0.0009144436771748587,0.017299107741564512,1.7649870961904526,17.75849163532257,0.0,18.17156457901001,0.5,0.031701741738013926
dt_handoff_drl,29,38,2280,8,0.0,-0.01708580259582959,9.227792918682098,0.0,4.5919826328754425,0.4828028120100498,0.005889890679100063,0.03906250139698386,2.408215641975403,9.666634500026703,0.0,9.530102372169495,0.5,0.0628674842953608
dt_handoff_drl,29,39,2340,8,0.0,-0.00608808477409184,12.036175608634949,0.0,6.008089303970337,0.39105017110705376,-0.005248641049547587,0.012276785913854837,1.219737719744444,8.57015585899353,0.0,8.49960047006607,0.5,0.06215884867949592
dt_handoff_drl,29,4,240,8,0.0,-0.007197452476248145,40.0935435295105,0.0,20.02597689628601,1.3597389459609985,0.0015370767921467632,0.0,0.6710066422820091,14.047394037246704,0.0,14.075973510742188,0.5,0.03643179996277398
dt_handoff_drl,29,40,2400,8,0.0,0.0048712752759456635,11.313509821891785,0.0,5.657262802124023,0.43632884323596954,0.006704582548991311,0.10491071455180645,2.551509641110897,12.405853927135468,0.0,12.977682411670685,0.5,0.04361605149272855
dt_handoff_drl,29,41,2460,8,0.0,-0.014263133518397808,13.723032116889954,0.0,6.8438907861709595,0.33622172847390175,0.007641050360689405,0.08091518003493547,1.7368689700961113,15.356841444969177,0.0,15.260626316070557,0.5,0.03448078986636548
dt_handoff_drl,29,42,2520,8,0.0,0.010977244935929775,12.034317374229431,0.0,6.025759756565094,0.2376153003424406,0.001640434900764376,0.042410715483129025,1.8461980745196342,26.787163138389587,0.0,26.715141654014587,0.5,0.02302443345393107
dt_handoff_drl,29,43,2580,8,0.0,-0.013578137382864952,10.601582884788513,0.0,5.284679681062698,0.25336960703134537,0.0042428724127603346,0.00390625,1.1442958787083626,19.644824624061584,0.0,19.70511531829834,0.5,0.03020483261779689
dt_handoff_drl,29,44,2640,8,0.0,-0.018010305939242244,13.340847253799438,0.0,6.650121808052063,0.22914688475430012,-0.007582515214380692,0.05915178684517741,1.920026756823063,20.094964504241943,0.0,20.414266347885132,0.5,0.030938834268216857
dt_handoff_drl,29,45,2700,8,0.0,-0.017401615856215358,14.997257828712463,0.0,7.478784024715424,0.24432705901563168,0.046962481892478536,0.07031250046566129,1.627177331596613,14.842711687088013,0.0,15.40527880191803,0.5,0.03574563681461288
dt_handoff_drl,29,46,2760,8,0.0,-0.002695766743272543,9.948103487491608,0.0,4.96817073225975,0.31852899864315987,-0.004206977366266074,0.004464285913854837,2.2542414367198944,77.53027486801147,0.0,76.81807017326355,0.5,0.007867306574053812
dt_handoff_drl,29,47,2820,8,0.0,-0.001468136440962553,12.655296087265015,0.0,6.323277413845062,0.2902514189481735,0.004446395414561266,0.0,1.5018451623618603,42.67066740989685,0.0,42.62530159950256,0.5,0.012914824660168845
dt_handoff_drl,29,48,2880,8,0.0,-0.012221090495586395,9.139931917190552,0.0,4.5547707080841064,0.29740643687546253,0.04603411472635344,0.10323660867288709,3.1159489173442125,16.298794388771057,0.0,17.115736722946167,0.5,0.030506516114726573
dt_handoff_drl,29,49,2940,8,0.0,0.020333987660706043,15.057045936584473,0.0,7.546421408653259,0.24357411824166775,-0.0008205632766475901,0.034598215483129025,4.140213891863823,31.845306158065796,0.0,33.13378190994263,0.5,0.0163190015001361
dt_handoff_drl,29,5,300,8,0.0,-0.020235024101566523,12.09277057647705,0.0,6.013302654027939,1.2847674638032913,0.012206635379698128,0.0435267873108387,0.7147159278392792,2.421633303165436,0.0,2.550210550427437,0.5,0.25217316275549406
dt_handoff_drl,29,50,3000,8,0.0,0.00681595504283905,11.066916942596436,0.0,5.5379652082920074,0.23092123121023178,0.0006361742816807237,0.0,0.8245009295642376,88.24556732177734,0.0,88.23431015014648,0.5,0.005929000334891338
dt_handoff_drl,29,51,3060,8,0.0,-0.007812532130628824,17.15911066532135,0.0,8.569320917129517,0.24220884405076504,0.004375852118755574,0.029017857741564512,3.0252739638090134,38.60586333274841,0.0,38.932976484298706,0.5,0.018626529819021496
dt_handoff_drl,29,52,3120,8,0.0,-0.007718835317064077,10.42505955696106,0.0,5.202764868736267,0.20460776425898075,0.00763525783077057,0.026227679569274187,1.0306240059435368,44.04160511493683,0.0,43.778379797935486,0.5,0.018966278867697278
dt_handoff_drl,29,53,3180,8,0.0,-0.0023895706981420517,6.000096142292023,0.0,2.9958217442035675,0.1836789771914482,0.00012316275933699217,0.0,1.2042776942253113,13.377122461795807,0.0,13.60823106765747,0.5,0.042657871718753446
dt_handoff_drl,29,54,3240,8,0.0,-0.013125732773914933,16.21724545955658,0.0,8.09290724992752,0.25896830670535564,0.0353718400328944,0.09095982275903225,1.262840211391449,51.88460326194763,0.0,52.21585536003113,0.5,0.014899878288788374
dt_handoff_drl,29,55,3300,8,0.0,0.00010380009189248085,10.147106051445007,0.0,5.0710113644599915,0.26455309987068176,-0.0002677464763110038,0.016741071827709675,2.3516501784324646,53.24344754219055,0.0,53.70793604850769,0.5,0.01124939641921338
dt_handoff_drl,29,56,3360,8,0.0,0.014818689145613462,5.812555432319641,0.0,2.9188199937343597,0.22764482907950878,0.017001785979800843,0.07924107275903225,1.6361564099788666,21.812047481536865,0.0,21.845755100250244,0.5,0.03193473871577061
dt_handoff_drl,29,57,3420,8,0.0,-0.000617156270891428,25.678391218185425,0.0,12.836061954498291,0.2516611758619547,-0.00935576883603062,0.03348214365541935,3.057740591466427,110.82635462284088,0.0,110.80162501335144,0.5,0.007517006773559841
dt_handoff_drl,29,58,3480,8,0.0,-0.0025730030611157417,7.93695729970932,0.0,3.962915003299713,0.29906873404979706,-0.0019916794626624323,0.0,2.6695256531238556,49.229644536972046,0.0,49.05932855606079,0.5,0.012650546438236186
dt_handoff_drl,29,59,3540,8,0.0,-0.0005888682790100574,4.768930554389954,0.0,2.3816783130168915,0.21981460601091385,0.003913907759852009,0.02176339365541935,1.6925365328788757,15.822567820549011,0.0,16.098369538784027,0.5,0.04005449364970934
dt_handoff_drl,29,6,360,8,0.0,-0.0039877574890851974,81.28777027130127,0.0,40.62692451477051,1.2972859889268875,-0.0013737340632360429,0.0,0.6379329636693001,13.77968454360962,0.0,13.782537460327148,0.5,0.041130052377354884
dt_handoff_drl,29,60,3600,8,0.0,-0.004116436233744025,5.129476428031921,0.0,2.557797759771347,0.28239634446799755,-0.007378745916867047,0.0758928582072258,1.6714464463293552,10.579172968864441,0.0,10.646274268627167,0.5,0.05977846385289899
dt_handoff_drl,29,61,3660,8,0.0,0.003818775760009885,16.730550527572632,0.0,8.365906596183777,0.31872742250561714,-0.007750173685053596,0.016741071827709675,3.4446284398436546,57.69601106643677,0.0,57.46249961853027,0.5,0.011865132940244468
dt_handoff_drl,29,62,3720,8,0.0,0.006128918845206499,7.3474395871162415,0.0,3.676665037870407,0.31836894527077675,-0.0012433883093763143,0.021205357275903225,4.291891872882843,51.27339053153992,0.0,51.848156452178955,0.5,0.010943806806581491
dt_handoff_drl,29,63,3780,8,0.0,-0.005938375485129654,7.631980359554291,0.0,3.8072778582572937,0.2773943655192852,0.017038879745086888,0.0418526791036129,1.5669088959693909,26.014762103557587,0.0,26.028388619422913,0.5,0.028958070153549228
dt_handoff_drl,29,64,3840,8,0.0,-0.01763090118765831,6.079620361328125,0.0,3.019357293844223,0.28219678439199924,-0.0070948770280665485,0.06584821408614516,2.429777704179287,41.76728868484497,0.0,41.58463394641876,0.5,0.015576903811219284
dt_handoff_drl,29,65,3900,8,0.0,0.011290371214272454,13.971968412399292,0.0,6.994023501873016,0.32510431483387947,0.008435517614998389,0.029575893189758062,4.081586420536041,88.1710319519043,0.0,87.63026714324951,0.5,0.006232780975310403
dt_handoff_drl,29,66,3960,8,0.0,-0.005697882967069745,10.004713892936707,0.0,4.993671953678131,0.29870670661330223,0.0015370747860288247,0.008928571827709675,1.6645025685429573,60.85297441482544,0.0,60.992859840393066,0.5,0.012752217236019131
dt_handoff_drl,29,67,4020,8,0.0,-0.013352541252970695,8.41830688714981,0.0,4.192976266145706,0.2824616599828005,0.004809389041838585,0.11662946548312902,2.2068509459495544,35.31121587753296,0.0,35.575950026512146,0.5,0.023033290223415877
dt_handoff_drl,29,68,4080,8,0.0,-0.00958498680847697,4.002445966005325,0.0,1.9887050688266754,0.2932889200747013,0.05544568869663635,0.14955357275903225,1.0380127523094416,9.778383314609528,0.0,9.839148819446564,0.5,0.05917660582023533
dt_handoff_drl,29,69,4140,8,0.0,-0.004524441435933113,7.258017182350159,0.0,3.6211093366146088,0.33747826889157295,0.027674941202349146,0.20200893143191934,1.9151608608663082,18.062740921974182,0.0,18.261266112327576,0.5,0.034231004250402555
dt_handoff_drl,29,7,420,8,0.0,-0.03511638334020972,13.534396886825562,0.0,6.719786465167999,1.229556754231453,0.002840469707734883,0.0887276753783226,0.9790435768663883,5.291658520698547,0.0,5.345210909843445,0.5,0.11671972397059927
dt_handoff_drl,29,70,4200,8,0.0,-0.019294927595183253,9.125493049621582,0.0,4.540168076753616,0.32835609652101994,0.016646537580527365,0.0719866082072258,3.592639848589897,37.65870642662048,0.0,37.769322991371155,0.5,0.020040444324719076
dt_handoff_drl,29,71,4260,8,0.0,-0.019798643421381712,7.143698453903198,0.0,3.548997610807419,0.3053036779165268,0.024312590809131507,0.15290178498253226,2.6716797836124897,27.20077681541443,0.0,27.798245191574097,0.5,0.02146397074676511
dt_handoff_drl,29,72,4320,8,0.0,-0.00339297391474247,4.9574044942855835,0.0,2.472223699092865,0.308561272919178,0.005766979737018119,0.013392857275903225,2.655562322586775,21.399028778076172,0.0,21.616278648376465,0.5,0.027743368488422945
dt_handoff_drl,29,73,4380,8,0.0,-0.009544601023662835,3.2579069435596466,0.0,1.6166512072086334,0.27576325461268425,-0.004604643349011894,0.14787946455180645,2.703400619328022,15.33637124300003,0.0,15.969151139259338,0.5,0.037446531635889846
dt_handoff_drl,29,74,4440,8,0.0,-0.008410849375650287,9.321760594844818,0.0,4.649288386106491,0.31811006739735603,0.006282970905886032,0.07477678637951612,2.2727186381816864,18.83575665950775,0.0,18.861554503440857,0.5,0.03130346368986899
dt_handoff_drl,29,75,4500,8,0.0,-0.004375700678792782,8.974694550037384,0.0,4.480240017175674,0.27315861731767654,-0.0016081667017715517,0.0,1.3082220479846,40.989206194877625,0.0,41.010064125061035,0.5,0.015702151715063985
dt_handoff_drl,29,76,4560,8,0.0,-0.0029594344086945057,6.266104638576508,0.0,3.127186357975006,0.2906491570174694,-0.007724732707174553,0.07198660774156451,2.5597898364067078,40.72389507293701,0.0,41.26861751079559,0.5,0.016401302649393865
dt_handoff_drl,29,77,4620,8,0.0,0.0030179619789123535,4.303306937217712,0.0,2.1520931720733643,0.2578312437981367,0.029683502594707534,0.08928571594879031,1.4513646997511387,26.982033133506775,0.0,27.115001440048218,0.5,0.02855191078717311
dt_handoff_drl,29,78,4680,8,0.0,0.014939654618501663,3.887696236371994,0.0,1.9562116861343384,0.25760871171951294,-0.004796767650987022,0.06361607322469354,5.655904185026884,24.5797461271286,0.0,25.545971155166626,0.5,0.03245267331097965
dt_handoff_drl,29,79,4740,8,0.0,0.018837970681488514,6.464343339204788,0.0,3.2483572363853455,0.26524197682738304,0.03520589073195879,0.06975446501746774,2.042108491063118,41.96247410774231,0.0,41.669881105422974,0.5,0.01687627192651395
dt_handoff_drl,29,8,480,8,0.0,-0.0014899000525474548,24.345898151397705,0.0,12.160794019699097,1.0665493607521057,0.0016530947177670896,0.0602678582072258,0.5018263198435307,4.590795174241066,0.0,4.633436247706413,0.5,0.1316444557294286
dt_handoff_drl,29,80,4800,8,0.0,-0.010542632080614567,6.726249277591705,0.0,3.3495590686798096,0.3022930920124054,0.008439289591478882,0.05133928684517741,5.160944513976574,30.587230682373047,0.0,31.242642998695374,0.5,0.022353575118206737
dt_handoff_drl,29,81,4860,8,0.0,0.01645792694762349,5.907309949398041,0.0,2.967655375599861,0.24575983732938766,0.033620513930145535,0.10435268003493547,2.165997162461281,58.542155742645264,0.0,58.25837326049805,0.5,0.01664472589527873
dt_handoff_drl,29,82,4920,8,0.0,-0.007327010855078697,7.417396247386932,0.0,3.698894202709198,0.24769130535423756,-0.0025808837799559115,0.008370535913854837,2.7325354367494583,52.13809633255005,0.0,52.05247139930725,0.5,0.011107696907366117
dt_handoff_drl,29,83,4980,8,0.0,-0.007512022275477648,4.266884624958038,0.0,2.1234260946512222,0.2504147347062826,-0.002353226962441113,0.00390625,2.119865819811821,36.41362142562866,0.0,36.13298058509827,0.5,0.016240849114289246
dt_handoff_drl,29,84,5040,8,0.0,0.0041774967685341835,5.593658685684204,0.0,2.798425391316414,0.25814555771648884,0.0022846204901725287,0.004464285913854837,1.9567615240812302,69.7647340297699,0.0,69.82149338722229,0.5,0.010018027271474982
dt_handoff_drl,29,85,5100,8,0.0,0.0002932238858193159,5.316615164279938,0.0,2.656108245253563,0.24925953522324562,-0.0024574418930569664,0.021763393189758062,2.0584356039762497,26.393039345741272,0.0,26.758221864700317,0.5,0.023425981325614947
dt_handoff_drl,29,86,5160,8,0.0,-0.0028629684820771217,7.811768710613251,0.0,3.900792121887207,0.22292090579867363,0.005818862078740494,0.008928571827709675,1.9967716932296753,32.84357953071594,0.0,33.097915291786194,0.5,0.019433505754966576
dt_handoff_drl,29,87,5220,8,0.0,0.007602394209243357,6.99795264005661,0.0,3.5036755204200745,0.29032735154032707,0.01458022463702946,0.05859375139698386,5.639890111982822,45.35173940658569,0.0,46.2012939453125,0.5,0.0141624093516845
dt_handoff_drl,29,88,5280,8,0.0,-0.006892315810546279,4.134375840425491,0.0,2.0580742061138153,0.22214319743216038,0.015083673515619012,0.0457589291036129,2.2991913706064224,20.020367085933685,0.0,20.105208694934845,0.5,0.03215172070024479
dt_handoff_drl,29,89,5340,8,0.0,-0.016262689838185906,4.267663300037384,0.0,2.115126758813858,0.24421910010278225,0.010709814820074826,0.14341517817229033,2.253207227215171,16.469829082489014,0.0,17.007505536079407,0.5,0.03504174448383224
dt_handoff_drl,29,9,540,8,0.0,-0.010786197846755385,31.847374439239502,0.0,15.902782559394836,1.0118328481912613,-0.005308778656399227,0.017299107741564512,0.5713712200522423,5.7019065618515015,0.0,5.751267224550247,0.5,0.09489644763829734
dt_handoff_drl,29,90,5400,8,0.0,-0.0023963559069670737,7.686134040355682,0.0,3.8381897807121277,0.24808767065405846,0.04777413063129643,0.10379464365541935,1.9188495874404907,38.900156021118164,0.0,39.221890926361084,0.5,0.014792118143764214
dt_handoff_drl,29,91,5460,8,0.0,0.00932790816295892,20.245724320411682,0.0,10.129869759082794,0.23202160373330116,0.07415344026958337,0.1149553582072258,3.5056945979595184,63.39327025413513,0.0,62.95595026016235,0.5,0.009435469050717318
dt_handoff_drl,29,92,5520,8,0.0,0.016358893364667892,4.2632942497730255,0.0,2.145971119403839,0.20348300226032734,0.0010402764310128987,0.09151785867288709,4.373275116086006,45.44636261463165,0.0,46.27788424491882,0.5,0.016560721183451303
dt_handoff_drl,29,93,5580,8,0.0,-0.009295286610722542,3.988755524158478,0.0,1.982676550745964,0.2405976504087448,-0.002727123910517548,0.05580357275903225,1.7028857693076134,36.09587287902832,0.0,36.28294861316681,0.5,0.020201468081882598
dt_handoff_drl,29,94,5640,8,0.0,-0.008252609986811876,5.18969988822937,0.0,2.5848854333162308,0.17119295336306095,0.002657716765497753,0.013392857741564512,4.581186681985855,34.18806838989258,0.0,34.215869188308716,0.5,0.018589910367631596
dt_handoff_drl,29,95,5700,8,0.0,0.0092086888034828,6.1616374254226685,0.0,3.0879085659980774,0.21188100799918175,-0.0055198837703756,0.025669643189758062,5.727844595909119,35.97003364562988,0.0,36.947787165641785,0.5,0.01880539815691194
dt_handoff_drl,29,96,5760,8,0.0,-0.005647860933095217,2.7916839867830276,0.0,1.3884247988462448,0.17693140171468258,0.026015330390691815,0.09207589458674192,0.9417848885059357,15.80211055278778,0.0,15.931588649749756,0.5,0.03305676830647393
dt_handoff_drl,43,1,60,8,0.0,-0.024892545770853758,24.31078338623047,0.0,12.11726689338684,1.3232301324605942,-0.009093804634176195,0.10770089365541935,0.6100323237478733,4.072666376829147,0.0,4.151543900370598,0.5,0.15630016682760828
dt_handoff_drl,43,10,600,8,0.0,-0.00017552683129906654,17.22712230682373,0.0,8.600848495960236,1.2536903619766235,-0.0006133828255769913,0.0,0.7024344578385353,15.497491955757141,0.0,15.545584559440613,0.5,0.03270106103455527
dt_handoff_drl,43,11,660,8,0.0,-0.00245676189661026,55.799190044403076,0.0,27.88448143005371,1.2657490521669388,0.005050053252489306,0.0,1.005156822502613,15.652323961257935,0.0,15.661146998405457,0.5,0.03780222947459557
dt_handoff_drl,43,12,720,8,0.0,-0.005454045254737139,11.133069634437561,0.0,5.548809170722961,1.227164626121521,0.004983196700777626,0.0,1.0816117376089096,7.604658663272858,0.0,7.702411651611328,0.5,0.07061510560144445
dt_handoff_drl,43,13,780,8,0.0,0.002001458778977394,60.14316272735596,0.0,30.060805797576904,1.2777530997991562,-0.0010879607871174812,0.0,1.4816599488258362,33.955281496047974,0.0,33.936511278152466,0.5,0.015382885677481913
dt_handoff_drl,43,14,840,8,0.0,-0.025970872025936842,54.62648057937622,0.0,27.275432109832764,1.183774694800377,-0.0024746712297201157,0.1702008917927742,1.7732525244355202,20.426644325256348,0.0,20.597248315811157,0.5,0.02461554748722178
dt_handoff_drl,43,15,900,8,0.0,0.01940588327124715,15.926183819770813,0.0,7.971605718135834,1.0892060995101929,-0.009216386592015624,0.021763393189758062,1.4360438585281372,25.389729380607605,0.0,25.307024359703064,0.5,0.02758688041822623
dt_handoff_drl,43,16,960,8,0.0,0.002021562308073044,80.69894313812256,0.0,40.340847969055176,1.0645113289356232,0.003496495890431106,0.0,1.4520689323544502,92.0058479309082,0.0,92.06504344940186,0.5,0.0055925939105236
dt_handoff_drl,43,17,1020,8,0.0,-0.00579276867210865,22.661790132522583,0.0,11.314257383346558,1.0844626873731613,-0.0015097752038855106,0.004464285913854837,1.3180088698863983,23.792125582695007,0.0,23.911826848983765,0.5,0.02375477423767661
dt_handoff_drl,43,18,1080,8,0.0,-0.023102408973500133,13.638322353363037,0.0,6.7862290143966675,0.9829736724495888,-0.008616451290436089,0.051897321827709675,1.9040532633662224,14.674402177333832,0.0,14.84171712398529,0.5,0.04141851446521507
dt_handoff_drl,43,19,1140,8,0.0,-0.006195622496306896,26.249812364578247,0.0,13.109979152679443,0.8731407895684242,-0.00012935340782860294,0.0,1.150258019566536,23.78433895111084,0.0,23.718006372451782,0.5,0.023446056829919782
dt_handoff_drl,43,2,120,8,0.0,-0.007013551890850067,29.375883102416992,0.0,14.667380213737488,1.3547964692115784,0.0027106265479233116,0.03125,0.6666299067437649,5.571679323911667,0.0,5.615796864032745,0.5,0.10264167080554681
dt_handoff_drl,43,20,1200,8,0.0,-0.008050917298533022,18.999815225601196,0.0,9.483119428157806,0.8737407028675079,-0.0031204943952616304,0.0,1.1546772494912148,31.043785095214844,0.0,31.124534845352173,0.5,0.02014714816528083
dt_handoff_drl,43,21,1260,8,0.0,-0.012854257132858038,56.541279315948486,0.0,28.249088287353516,0.8697824776172638,9.701603164558037e-05,0.0,1.7537346333265305,45.51112449169159,0.0,45.54432272911072,0.5,0.016719374555948158
dt_handoff_drl,43,22,1320,8,0.0,-0.006358325481414795,29.366758584976196,0.0,14.668815970420837,0.8205100074410439,-0.0006757157680112869,0.017299107741564512,1.1113267168402672,31.202965259552002,0.0,31.155914783477783,0.5,0.01693667071472558
dt_handoff_drl,43,23,1380,8,0.0,0.0035575039219111204,18.114656805992126,0.0,9.053626537322998,0.7259393483400345,0.0023993912764126435,0.0,1.4010760635137558,34.87672007083893,0.0,34.792768239974976,0.5,0.022395552810061083
dt_handoff_drl,43,24,1440,8,0.0,0.0006849975325167179,14.900368452072144,0.0,7.443833231925964,0.7035989984869957,0.013210945879109204,0.0,1.488034687936306,33.160375118255615,0.0,33.052348375320435,0.5,0.017615842885801786
dt_handoff_drl,43,25,1500,8,0.0,-0.009870178066194057,33.38304781913757,0.0,16.674554586410522,0.7098946273326874,-0.00036345337866805494,0.0,0.9998309165239334,37.88385272026062,0.0,38.25425750017166,0.5,0.027121419219118748
dt_handoff_drl,43,26,1560,8,0.0,-0.007007350446656346,47.30632281303406,0.0,23.638732075691223,0.7422574087977409,-0.007822278508683667,0.0262276791036129,1.3161461874842644,113.64268589019775,0.0,113.76714134216309,0.5,0.004881145654966567
dt_handoff_drl,43,27,1620,8,0.0,-0.02537773983203806,18.05005967617035,0.0,8.992608785629272,0.7043307945132256,0.007509319981181761,0.04575892956927419,1.9046015068888664,80.1830917596817,0.0,80.20819139480591,0.5,0.0111564428886513
dt_handoff_drl,43,28,1680,8,0.0,-0.007828950532712042,16.578049302101135,0.0,8.273694813251495,0.750080518424511,0.036159947485430166,0.03348214318975806,1.6205931901931763,36.83719086647034,0.0,36.9680962562561,0.5,0.02330203198118313
dt_handoff_drl,43,29,1740,8,0.0,0.013933446258306503,36.00344467163086,0.0,18.007014274597168,0.864171177148819,0.004994512361008674,0.03738839365541935,2.602574408054352,68.16885995864868,0.0,67.87050867080688,0.5,0.01061826936197933
dt_handoff_drl,43,3,180,8,0.0,0.008217443712055683,139.04934310913086,0.0,69.51924276351929,1.3645720034837723,-0.0034824417962227017,0.0,0.8318989798426628,21.001971185207367,0.0,21.03049737215042,0.5,0.039121572107258785
dt_handoff_drl,43,30,1800,8,0.0,-0.010975419427268207,12.832122564315796,0.0,6.396619617938995,0.8466234803199768,0.0034274559329787735,0.03069196455180645,2.305833749473095,38.96181344985962,0.0,39.099674582481384,0.5,0.019114315472674497
dt_handoff_drl,43,31,1860,8,0.0,-0.014908826677128673,15.706704258918762,0.0,7.831154227256775,0.7289097607135773,-0.02199193139676936,0.1986607164144516,2.30512036383152,39.51629710197449,0.0,39.76626908779144,0.5,0.023023684155494013
dt_handoff_drl,43,32,1920,8,0.0,-0.0002688665990717709,13.654562592506409,0.0,6.8200125098228455,0.6999984607100487,0.002565327871707268,0.0,1.010599385946989,12.679701924324036,0.0,12.841711223125458,0.5,0.04733848152229009
dt_handoff_drl,43,33,1980,8,0.0,4.595797508955002e-05,40.830721855163574,0.0,20.407224416732788,0.8182348310947418,0.02450553313246928,0.025669643189758062,1.641417421400547,74.9319474697113,0.0,74.92577600479126,0.5,0.012441936348746137
dt_handoff_drl,43,34,2040,8,0.0,-0.005625700781820342,33.510353565216064,0.0,16.740793824195862,0.8757140263915062,0.02230357166263275,0.021205357275903225,1.3523806557059288,71.96896266937256,0.0,72.13214683532715,0.5,0.007694128690957293
dt_handoff_drl,43,35,2100,8,0.0,-0.010317996609956026,47.9703426361084,0.0,23.967005491256714,0.784762516617775,-0.004316846083384007,0.0,1.8187796771526337,104.10795211791992,0.0,103.97719430923462,0.5,0.00580279455460908
dt_handoff_drl,43,36,2160,8,0.0,-0.0019434336572885513,17.183244705200195,0.0,8.581937432289124,0.7741495817899704,0.006932740972843021,0.0223214291036129,2.8286203742027283,85.17522430419922,0.0,85.07339072227478,0.5,0.008405108246106982
dt_handoff_drl,43,37,2220,8,0.0,-0.0031878987792879343,26.351855754852295,0.0,13.164923787117004,0.7815959453582764,-0.0034869267547037452,0.0,1.7325025498867035,80.17438125610352,0.0,80.21852087974548,0.5,0.008120422716821238
dt_handoff_drl,43,38,2280,8,0.0,-0.013084076897939667,13.499457478523254,0.0,6.728568017482758,0.807648167014122,0.013967894541565329,0.030691965483129025,1.9313591122627258,26.165456175804138,0.0,26.2415531873703,0.5,0.02153912291809886
dt_handoff_drl,43,39,2340,8,0.0,-0.0019630398601293564,11.231666922569275,0.0,5.606346547603607,0.7523915991187096,-0.0058143393980572,0.013392857741564512,1.8335871398448944,35.56662917137146,0.0,35.5065723657608,0.5,0.02395836093284406
dt_handoff_drl,43,4,240,8,0.0,-0.001986613031476736,62.670531272888184,0.0,31.31916880607605,1.4109818786382675,0.003985696694144281,0.0,0.6628322526812553,12.67485386133194,0.0,12.678632736206055,0.5,0.04550128286092202
dt_handoff_drl,43,40,2400,8,0.0,-0.01628920203074813,13.756394624710083,0.0,6.853967368602753,0.794076643884182,-0.005677534602000378,0.004464285913854837,2.902367025613785,69.05674958229065,0.0,68.93917632102966,0.5,0.008883268228460492
dt_handoff_drl,43,41,2460,8,0.0,0.006133004440926015,13.855072140693665,0.0,6.925105273723602,0.8563759699463844,0.004536544482107274,0.004464285913854837,2.2205006778240204,22.772359609603882,0.0,22.879475831985474,0.5,0.02636260092275582
dt_handoff_drl,43,42,2520,8,0.0,0.0009871170041151345,13.826051950454712,0.0,6.905235111713409,0.8777841404080391,-0.003213394738850184,0.008370535913854837,2.567974254488945,36.14195442199707,0.0,36.50025200843811,0.5,0.015962529925527054
dt_handoff_drl,43,43,2580,8,0.0,0.0018746357943655312,23.807987213134766,0.0,11.897696912288666,0.8171100243926048,0.0004981864913133904,0.004464285913854837,2.686691239476204,191.6577091217041,0.0,191.88250064849854,0.5,0.002819387610555609
dt_handoff_drl,43,44,2640,8,0.0,0.0037285771686583757,14.841362237930298,0.0,7.41632866859436,0.8080947920680046,0.016002864489564672,0.017299107741564512,1.7191891446709633,28.71900475025177,0.0,28.81446623802185,0.5,0.022474584432009056
dt_handoff_drl,43,45,2700,8,0.0,-0.0024938336573541164,9.566804885864258,0.0,4.772716194391251,0.8192418590188026,0.005940774775808677,0.021205357741564512,2.9015690237283707,28.018000841140747,0.0,28.042796909809113,0.5,0.023827321830716352
dt_handoff_drl,43,46,2760,8,0.0,-0.010704343672841787,9.43520712852478,0.0,4.698705196380615,0.8194030970335007,0.02063784461643081,0.07868303637951612,1.7507801577448845,14.373443245887756,0.0,14.435370564460754,0.5,0.04500879146617619
dt_handoff_drl,43,47,2820,8,0.0,-0.010512874461710453,14.189779162406921,0.0,7.076016783714294,0.835984580218792,0.009583940933225676,0.21595981996506453,2.0369950011372566,19.071709156036377,0.0,19.28150761127472,0.5,0.034463610443448235
dt_handoff_drl,43,48,2880,8,0.0,-0.0030290065333247185,20.957442045211792,0.0,10.467525959014893,0.8165938928723335,0.002305715999682434,0.020089285913854837,3.3218887001276016,41.29766654968262,0.0,41.387688636779785,0.5,0.01580613029832286
dt_handoff_drl,43,49,2940,8,0.0,0.008241204544901848,12.119153261184692,0.0,6.06089860200882,0.6919349133968353,0.0008076830090431031,0.05468750139698386,3.2554789036512375,47.69085109233856,0.0,47.41755497455597,0.5,0.016024354960956895
dt_handoff_drl,43,5,300,8,0.0,-0.008964445907622576,28.388113737106323,0.0,14.17092490196228,1.416738748550415,0.009933191982781864,0.0,0.8181206956505775,6.153107166290283,0.0,6.211859375238419,0.5,0.10108513101334464
dt_handoff_drl,43,50,3000,8,0.0,-0.019939813995733857,20.04314684867859,0.0,9.994641542434692,0.6991886049509048,0.04254827777913306,0.16573660913854837,2.68541157245636,25.109211564064026,0.0,25.506739616394043,0.5,0.021269082867991812
dt_handoff_drl,43,51,3060,8,0.0,-0.011121893767267466,13.318814873695374,0.0,6.64171975851059,0.6565715670585632,-0.0009455075050937012,0.15513392770662904,2.790109299123287,23.50096946954727,0.0,24.26727068424225,0.5,0.025258507898312813
dt_handoff_drl,43,52,3120,8,0.0,0.0042627421207726,12.262917637825012,0.0,6.130335867404938,0.5385701134800911,-0.006852236536360579,0.10825892956927419,2.1041204258799553,34.719807267189026,0.0,34.49759542942047,0.5,0.0191017170695567
dt_handoff_drl,43,53,3180,8,0.0,0.012735153548419476,7.607191205024719,0.0,3.810000389814377,0.6330376267433167,0.007703200477408245,0.046875000931322575,3.5011972934007645,13.377048194408417,0.0,13.92736303806305,0.5,0.039788092678045874
dt_handoff_drl,43,54,3240,8,0.0,-0.00011080410331487656,11.99012577533722,0.0,5.988191783428192,0.6760300397872925,-0.004049972812936176,0.09654018096625805,2.7338389307260513,15.008310496807098,0.0,15.199879944324493,0.5,0.04110377894800787
dt_handoff_drl,43,55,3300,8,0.0,-0.003576799761503935,9.002374827861786,0.0,4.491623491048813,0.5987216010689735,0.002451632870361209,0.03683035774156451,2.2931664437055588,25.371246337890625,0.0,25.516972184181213,0.5,0.022631648065632035
dt_handoff_drl,43,56,3360,8,0.0,0.013490740675479174,10.50286078453064,0.0,5.259345829486847,0.5575310476124287,0.03300606511766091,0.13616071548312902,4.208721861243248,24.749896943569183,0.0,25.3751140832901,0.5,0.02752754724452323
dt_handoff_drl,43,57,3420,8,0.0,0.013394808629527688,10.545770168304443,0.0,5.281550228595734,0.4729648604989052,-0.031307441808166914,0.1512276791036129,4.321399673819542,29.292056441307068,0.0,29.601476907730103,0.5,0.02226791845841592
dt_handoff_drl,43,58,3480,8,0.0,0.0032814200967550278,5.9870030879974365,0.0,2.9924026131629944,0.43803218752145767,0.0032667194172972813,0.020089285913854837,3.072101093828678,11.504863977432251,0.0,12.136448621749878,0.5,0.045249547788759156
dt_handoff_drl,43,59,3540,8,0.0,-0.004624065477401018,8.44443166255951,0.0,4.213292956352234,0.4298827350139618,0.013375880640523974,0.06417410867288709,3.6421540677547455,19.555013179779053,0.0,19.41335654258728,0.5,0.032976447513126554
dt_handoff_drl,43,6,360,8,0.0,-0.015681229066103697,35.11250066757202,0.0,17.52690863609314,1.366005316376686,0.013790260269161081,0.09040178451687098,0.8117484375834465,8.821317493915558,0.0,8.916917622089386,0.5,0.07559049830226916
dt_handoff_drl,43,60,3600,8,0.0,-0.0011529915500432253,7.254978954792023,0.0,3.623422235250473,0.2914254143834114,-0.0018370346006122418,0.016183035913854837,1.97897969186306,20.01865714788437,0.0,20.183578491210938,0.5,0.03336911850368004
dt_handoff_drl,43,61,3660,8,0.0,0.015201036352664232,27.365260362625122,0.0,13.694703936576843,0.31273169070482254,-0.006314294543699361,0.016183035913854837,5.716348469257355,96.56995511054993,0.0,97.48686361312866,0.5,0.008020721802390674
dt_handoff_drl,43,62,3720,8,0.0,-0.011628223583102226,7.765751481056213,0.0,3.8680667877197266,0.3180755637586117,-0.0026050632404803764,0.004464285913854837,1.4585850611329079,33.84957480430603,0.0,33.976436376571655,0.5,0.02136250370257322
dt_handoff_drl,43,63,3780,8,0.0,-0.022646188735961914,9.291789174079895,0.0,4.62034946680069,0.28989289700984955,0.023292582809517626,0.10546875186264515,2.353375159204006,15.194981336593628,0.0,16.046661853790283,0.5,0.03374612003684085
dt_handoff_drl,43,64,3840,8,0.0,-0.011615910567343235,7.826045334339142,0.0,3.898559182882309,0.2847577426582575,0.008345810068931314,0.04464285774156451,1.420367993414402,33.29159116744995,0.0,33.16981792449951,0.5,0.02417426586327153
dt_handoff_drl,43,65,3900,8,0.0,-0.0019535678438842297,6.172654867172241,0.0,3.081143945455551,0.32299334928393364,0.005833604263898451,0.017299107741564512,3.9866898953914642,23.510506987571716,0.0,24.04666554927826,0.5,0.024649531363738528
dt_handoff_drl,43,66,3960,8,0.0,0.0023098764941096306,6.111634314060211,0.0,3.055241137742996,0.2885872796177864,0.01275871216057567,0.0770089291036129,2.703921005129814,29.371758103370667,0.0,29.16782808303833,0.5,0.01926308855425719
dt_handoff_drl,43,67,4020,8,0.0,-0.00383699219673872,8.4273641705513,0.0,4.207480579614639,0.23644503951072693,0.003467350854407414,0.0379464291036129,1.5614362210035324,18.881014943122864,0.0,19.066148221492767,0.5,0.03235196517760905
dt_handoff_drl,43,68,4080,8,0.0,-0.0026701781898736954,10.301041841506958,0.0,5.145167708396912,0.26830033771693707,0.0021649701320711756,0.06640625093132257,3.165769651532173,32.31752157211304,0.0,32.81838083267212,0.5,0.0214573837342867
dt_handoff_drl,43,69,4140,8,0.0,0.0029726149514317513,6.523046493530273,0.0,3.262267380952835,0.22284651547670364,0.011678823957481654,0.03850446501746774,1.5942790992558002,25.588331401348114,0.0,25.651903212070465,0.5,0.03588329688195001
dt_handoff_drl,43,7,420,8,0.0,0.0019680107943713665,10.873379468917847,0.0,5.425717234611511,1.2940571904182434,-0.0014452540599450003,0.0,0.6480341963469982,2.8401485979557037,0.0,2.978424072265625,0.5,0.17884218822122303
dt_handoff_drl,43,70,4200,8,0.0,-0.0006885746261104941,11.167864561080933,0.0,5.58046567440033,0.2778139803558588,0.0024694561179785524,0.012276785913854837,2.343677796423435,54.24369275569916,0.0,54.044328927993774,0.5,0.015058147185413037
dt_handoff_drl,43,71,4260,8,0.0,-0.012483152095228434,6.8188987374305725,0.0,3.3948854804039,0.2080745603889227,0.006440129904149217,0.03404017956927419,1.880304642021656,24.95459270477295,0.0,25.366206765174866,0.5,0.024512344981840472
dt_handoff_drl,43,72,4320,8,0.0,0.007895138813182712,4.71985736489296,0.0,2.365887314081192,0.1936540063470602,0.0004139457896599197,0.012276785913854837,3.214139297604561,18.722477912902832,0.0,19.11357295513153,0.5,0.03892300345821712
dt_handoff_drl,43,73,4380,8,0.0,0.021056775585748255,6.940449655056,0.0,3.4887843132019043,0.249723918735981,0.022066532386816107,0.13671875,1.7581002674996853,24.272309064865112,0.0,24.090864837169647,0.5,0.031819448631722626
dt_handoff_drl,43,74,4440,8,0.0,-0.00806911033578217,4.754327744245529,0.0,2.3653600215911865,0.3734738454222679,0.01912453732074937,0.044084821827709675,2.433262422680855,18.78667712211609,0.0,19.363014698028564,0.5,0.03254679151711065
dt_handoff_drl,43,75,4500,8,0.0,-0.0018033361993730068,6.517622411251068,0.0,3.2542575299739838,0.2750319540500641,-0.001943721727002412,0.008370535913854837,2.111525822430849,22.063003540039062,0.0,22.431170642375946,0.5,0.03129195880795262
dt_handoff_drl,43,76,4560,8,0.0,-0.0010349028743803501,6.254019200801849,0.0,3.122906982898712,0.30677592754364014,0.0019294274388812482,0.10044642956927419,1.3469302356243134,17.002523243427277,0.0,16.88529086112976,0.5,0.03541965039967864
dt_handoff_drl,43,77,4620,8,0.0,-0.0054918210953474045,6.263473391532898,0.0,3.1228833496570587,0.33615346625447273,0.022802565195888747,0.12444196548312902,3.205677293241024,20.529077172279358,0.0,21.150546193122864,0.5,0.029334761854883873
dt_handoff_drl,43,78,4680,8,0.0,-0.004964354448020458,3.994497239589691,0.0,1.9884787648916245,0.3805552013218403,0.0166107001095952,0.024553571827709675,2.7346109747886658,9.900474607944489,0.0,10.29272198677063,0.5,0.05318088393936368
dt_handoff_drl,43,79,4740,8,0.0,-0.0004501697840169072,3.9193787276744843,0.0,1.9561152905225754,0.31238897889852524,0.0446452552878327,0.12500000093132257,3.714159309864044,16.719350934028625,0.0,17.2397038936615,0.5,0.03064788936235264
dt_handoff_drl,43,8,480,8,0.0,-0.0052503421902656555,14.226406216621399,0.0,7.094943284988403,1.3009415119886398,0.010595904925139621,0.0418526791036129,0.7308042272925377,7.254923731088638,0.0,7.3214021027088165,0.5,0.08646218464824748
dt_handoff_drl,43,80,4800,8,0.0,-0.010830295505002141,4.170395255088806,0.0,2.071477249264717,0.2890095170587301,0.00179330127502908,0.030133929569274187,1.3744893036782742,11.375379085540771,0.0,11.607344448566437,0.5,0.05124133404191141
dt_handoff_drl,43,81,4860,8,0.0,-0.00447447132319212,10.017800450325012,0.0,5.001216650009155,0.32090257480740547,0.0019722000770343584,0.09933035867288709,4.349075198173523,52.84181523323059,0.0,53.836201429367065,0.5,0.010630638144180686
dt_handoff_drl,43,82,4920,8,0.0,0.000790916383266449,7.602534353733063,0.0,3.7988193035125732,0.32387520000338554,-0.0028131026519986335,0.0262276791036129,4.286001518368721,122.01945495605469,0.0,122.07470321655273,0.5,0.005376973913097051
dt_handoff_drl,43,83,4980,8,0.0,-0.004386437591165304,3.950958102941513,0.0,1.9677255898714066,0.3367038071155548,0.00047302064285759116,0.03850446501746774,2.225110989063978,31.665417790412903,0.0,32.11168038845062,0.5,0.02037298298311439
dt_handoff_drl,43,84,5040,8,0.0,-0.003782611805945635,4.138635575771332,0.0,2.0617064833641052,0.3828713968396187,0.010860637827136088,0.025111607741564512,2.5536594688892365,9.770433366298676,0.0,10.29784369468689,0.5,0.0526044808854964
dt_handoff_drl,43,85,5100,8,0.0,-0.013582572340965271,3.9282653629779816,0.0,1.9472005665302277,0.33495111763477325,0.03057893737059203,0.08593750186264515,2.7027706652879715,19.24459570646286,0.0,18.90970730781555,0.5,0.03614233636739304
dt_handoff_drl,43,86,5160,8,0.0,-0.005229402333498001,8.149573802947998,0.0,4.066420018672943,0.31374253891408443,0.015195268567367748,0.09765625186264515,4.577410254627466,25.443814754486084,0.0,26.182579040527344,0.5,0.020291050953003834
dt_handoff_drl,43,87,5220,8,0.0,0.005268536973744631,3.685544431209564,0.0,1.8448606878519058,0.31800735741853714,0.015076096276061435,0.12834821548312902,4.383080020546913,30.84148406982422,0.0,31.958782196044922,0.5,0.018637772072148416
dt_handoff_drl,43,88,5280,8,0.0,0.0025525835808366537,4.4522062838077545,0.0,2.2254287600517273,0.32270296290516853,0.0055071931401471375,0.06305803637951612,5.305711656808853,17.252100229263306,0.0,17.868630290031433,0.5,0.032964870331423424
dt_handoff_drl,43,89,5340,8,0.0,0.004166291328147054,5.821211636066437,0.0,2.91204234957695,0.27297649905085564,0.013272842135847895,0.04910714365541935,2.943630591034889,18.547511339187622,0.0,18.589763045310974,0.5,0.03234960518912266
dt_handoff_drl,43,9,540,8,0.0,-0.01355072227306664,48.75808763504028,0.0,24.352316856384277,1.317603424191475,0.0022192692017597437,0.0,0.7109518274664879,10.488170325756073,0.0,10.490146696567535,0.5,0.05199822869141819
dt_handoff_drl,43,90,5400,8,0.0,-0.013981430791318417,2.1083987057209015,0.0,1.037525087594986,0.2692834008485079,0.019636904702565516,0.06975446548312902,2.8335243612527847,15.040807247161865,0.0,14.82777088880539,0.5,0.04213463827726988
dt_handoff_drl,43,91,5460,8,0.0,0.005370971048250794,2.394438311457634,0.0,1.1989978104829788,0.3592338375747204,0.009553889795824944,0.06417410774156451,4.8893392235040665,17.968935668468475,0.0,18.25316298007965,0.5,0.03623554255702976
dt_handoff_drl,43,92,5520,8,0.0,0.011602880898863077,3.6736209392547607,0.0,1.8455534875392914,0.28599003702402115,0.018805507334946014,0.06305803684517741,5.624660789966583,23.341743111610413,0.0,23.84129625558853,0.5,0.02730310588246917
dt_handoff_drl,43,93,5580,8,0.0,0.009903926402330399,3.7152325212955475,0.0,1.8644928485155106,0.30273430421948433,0.004686312516241742,0.0457589291036129,4.923589766025543,31.044894993305206,0.0,32.0499267578125,0.5,0.025802883206893848
dt_handoff_drl,43,94,5640,8,0.0,-0.013351008296012878,3.6734479367733,0.0,1.8198479115962982,0.35250383615493774,0.056301324597370694,0.12946428591385484,5.665688395500183,42.49770534038544,0.0,44.3443238735199,0.5,0.017362335861935977
dt_handoff_drl,43,95,5700,8,0.0,-0.009935811627656221,7.2443225383758545,0.0,3.60949569940567,0.2729751951992512,0.012662582283155643,0.024553571827709675,4.227048397064209,36.09452986717224,0.0,37.09180498123169,0.5,0.01699112935592888
dt_handoff_drl,43,96,5760,8,0.0,0.03046197397634387,3.2085487842559814,0.0,1.6318263188004494,0.29100803285837173,-0.008113378089547041,0.1010044664144516,8.655474781990051,42.56245493888855,0.0,43.44495606422424,0.5,0.015160166807488914
dt_handoff_drl,61,1,60,8,0.0,-0.011017725802958012,29.160090923309326,0.0,14.556539177894592,1.2488531172275543,0.013955641014035791,0.0669642873108387,0.6179885044693947,4.3276795744895935,0.0,4.393783897161484,0.5,0.14226689442621362
dt_handoff_drl,61,10,600,8,0.0,-0.005719077307730913,10.071678638458252,0.0,5.016318082809448,1.380214512348175,0.003856728973914869,0.008370535913854837,0.7171598374843597,5.760811269283295,0.0,5.8116262555122375,0.5,0.09527951086380075
dt_handoff_drl,61,11,660,8,0.0,-0.0005003251135349274,28.582563638687134,0.0,14.276978611946106,1.380311444401741,-0.0062571976814069785,0.0,1.0313563793897629,15.309226036071777,0.0,15.235431671142578,0.5,0.03396219076975631
dt_handoff_drl,61,12,720,8,0.0,-0.001212550327181816,29.241193532943726,0.0,14.605711936950684,1.3672330379486084,0.0022303776786429808,0.0,1.2498052939772606,10.002476930618286,0.0,10.122482895851135,0.5,0.05140029820129869
dt_handoff_drl,61,13,780,8,0.0,-0.018863856326788664,55.72702360153198,0.0,27.83085060119629,1.3797051459550858,0.0031188231805572286,0.0,1.0093043744564056,17.644289135932922,0.0,17.622182965278625,0.5,0.03039330366286182
dt_handoff_drl,61,14,840,8,0.0,-0.02357016517271404,5.359367877244949,0.0,2.6425918340682983,1.352193832397461,-0.0008924331632442772,0.02176339365541935,1.5971975773572922,6.110462427139282,0.0,6.29408198595047,0.5,0.08531899241699406
dt_handoff_drl,61,15,900,8,0.0,-0.0023906610440462828,6.899250507354736,0.0,3.4342278838157654,1.3006697446107864,-0.010952323558740318,0.04631696455180645,0.9551885649561882,9.095718801021576,0.0,9.13994824886322,0.5,0.06484289465787273
dt_handoff_drl,61,16,960,8,0.0,-0.0063053639605641365,11.737219333648682,0.0,5.850488066673279,1.181623414158821,-0.0014350284618558362,0.013392857275903225,1.0339316874742508,9.183625191450119,0.0,9.235829174518585,0.5,0.07567501977048569
dt_handoff_drl,61,17,1020,8,0.0,0.0017960313707590103,31.18746018409729,0.0,15.583073616027832,1.2452284842729568,0.0031063255737535655,0.004464285913854837,1.1817074343562126,15.353792071342468,0.0,15.338497936725616,0.5,0.03858780552032036
dt_handoff_drl,61,18,1080,8,0.0,0.01050880178809166,16.443979740142822,0.0,8.220197916030884,1.23009093105793,0.004815218679141253,0.039062500931322575,1.7732106745243073,47.51117491722107,0.0,47.32331371307373,0.5,0.01196771679332504
dt_handoff_drl,61,19,1140,8,0.0,-0.02139127788541373,13.137415170669556,0.0,6.53437203168869,1.294415459036827,0.00587645715859253,0.058593750931322575,1.7128370702266693,18.328649759292603,0.0,18.51443636417389,0.5,0.03186006452644372
dt_handoff_drl,61,2,120,8,0.0,-0.009772677905857563,127.41797256469727,0.0,63.68556785583496,1.364543229341507,-0.004721215140307322,0.004464285913854837,0.7657664641737938,34.60187768936157,0.0,34.63017201423645,0.5,0.014830771345113302
dt_handoff_drl,61,20,1200,8,0.0,-0.019056319259107113,6.730990558862686,0.0,3.3339680433273315,1.2470865547657013,0.0030266179237514734,0.0563616082072258,1.2969189807772636,8.941281497478485,0.0,9.009211838245392,0.5,0.06434154939394861
dt_handoff_drl,61,21,1260,8,0.0,-0.021989746019244194,6.9776418805122375,0.0,3.454491764307022,1.2339449524879456,0.0004922192019876093,0.017299107275903225,1.3294331729412079,9.839227318763733,0.0,9.760968446731567,0.5,0.05947884333324898
dt_handoff_drl,61,22,1320,8,0.0,-0.005266363965347409,16.399576783180237,0.0,8.182771146297455,1.1750835627317429,0.022326681937556714,0.0770089291036129,1.5463992953300476,13.557117223739624,0.0,13.527586877346039,0.5,0.040189257991152645
dt_handoff_drl,61,23,1380,8,0.0,-0.012066608294844627,14.324573636054993,0.0,7.138514935970306,1.1705330461263657,-0.00753128067299258,0.050223215483129025,1.3062098696827888,17.89495062828064,0.0,18.1753990650177,0.5,0.0295051487842355
dt_handoff_drl,61,24,1440,8,0.0,-0.01689532771706581,5.419026225805283,0.0,2.681363984942436,1.125378355383873,0.003317429742310196,0.11997767724096775,1.241890788078308,6.388543099164963,0.0,6.73795622587204,0.5,0.10073624625283022
dt_handoff_drl,61,25,1500,8,0.0,-0.017315049888566136,21.242161512374878,0.0,10.593185901641846,1.0579560995101929,0.01865675809676759,0.07254464272409678,0.876426886767149,15.921773076057434,0.0,15.884815454483032,0.5,0.03399572933240747
dt_handoff_drl,61,26,1560,8,0.0,0.0007977122440934181,8.901700675487518,0.0,4.441565692424774,1.0082363113760948,0.006330444311970496,0.01785714365541935,0.7803576961159706,13.607081413269043,0.0,13.721547961235046,0.5,0.05328079814638915
dt_handoff_drl,61,27,1620,8,0.0,-0.03378288890235126,6.213319003582001,0.0,3.0625298023223877,1.0346802696585655,0.01604399032657966,0.17801339412108064,1.678226113319397,5.592617601156235,0.0,5.909136980772018,0.5,0.1102151133523926
dt_handoff_drl,61,28,1680,8,0.0,-0.01399033865891397,4.126527577638626,0.0,2.0399916619062424,0.928179144859314,0.0182889656862244,0.1188616082072258,1.0434625893831253,4.976382374763489,0.0,5.1375392973423,0.5,0.10426111630975514
dt_handoff_drl,61,29,1740,8,0.0,-0.0036459421971812844,5.921887576580048,0.0,2.9492001980543137,0.8097643628716469,0.0009562073973938823,0.012834821827709675,1.6057853624224663,16.369950771331787,0.0,17.05582857131958,0.5,0.031243394512527174
dt_handoff_drl,61,3,180,8,0.0,-0.01425724383443594,19.796205401420593,0.0,9.870272517204285,1.3573195338249207,-0.0020893587279715575,0.02678571455180645,0.6538273617625237,3.948060542345047,0.0,4.002090692520142,0.5,0.13641177784761682
dt_handoff_drl,61,30,1800,8,0.0,-0.0026028617285192013,11.824034333229065,0.0,5.901784896850586,0.762947104871273,0.03671124839456752,0.19921875186264515,1.4411351308226585,23.31431806087494,0.0,23.98298841714859,0.5,0.028501213797574133
dt_handoff_drl,61,31,1860,8,0.0,0.008755848277360201,9.213219285011292,0.0,4.60780668258667,0.7558928430080414,-0.012801033270079643,0.12946428637951612,1.4188841581344604,17.81646502017975,0.0,17.48560917377472,0.5,0.03602848010972671
dt_handoff_drl,61,32,1920,8,0.0,-0.009967455174773932,17.59627914428711,0.0,8.780298948287964,0.7873079627752304,-0.0016870823565113824,0.055803571827709675,1.33317419141531,25.323408603668213,0.0,25.68557906150818,0.5,0.02398901570024547
dt_handoff_drl,61,33,1980,8,0.0,-0.011261922307312489,4.9535731971263885,0.0,2.457802638411522,0.7722002938389778,0.019255224004155025,0.16406250186264515,1.1642085015773773,3.9623053669929504,0.0,4.334609150886536,0.5,0.13114511929239178
dt_handoff_drl,61,34,2040,8,0.0,0.005058456212282181,5.0048225820064545,0.0,2.500182420015335,0.7287306115031242,0.011082261946285143,0.21763392817229033,1.270866721868515,9.17562872171402,0.0,9.129579842090607,0.5,0.05915603821374516
dt_handoff_drl,61,35,2100,8,0.0,0.0035176206583855674,26.35958695411682,0.0,13.176206707954407,0.7104272469878197,0.019988983185612597,0.05636160681024194,2.139188200235367,44.93691277503967,0.0,44.2502875328064,0.5,0.011709441883152611
dt_handoff_drl,61,36,2160,8,0.0,-0.02702683163806796,8.20857161283493,0.0,4.070422917604446,0.6836029812693596,-0.0005716673476854339,0.06696428684517741,1.5776192545890808,13.439173460006714,0.0,13.04300343990326,0.5,0.039055551662379014
dt_handoff_drl,61,37,2220,8,0.0,-0.01475625004968606,12.226515769958496,0.0,6.091733455657959,0.6768100559711456,-0.0020003629033453763,0.020647321827709675,1.7688960582017899,12.70172268152237,0.0,12.683181583881378,0.5,0.04450435944655701
dt_handoff_drl,61,38,2280,8,0.0,-0.008650160394608974,5.0995007157325745,0.0,2.534366399049759,0.6733810305595398,-0.0024938209280662704,0.026227679569274187,1.619621992111206,8.990366339683533,0.0,8.51411160826683,0.5,0.06905841999776427
dt_handoff_drl,61,39,2340,8,0.0,-0.003601991105824709,6.344469368457794,0.0,3.161673754453659,0.6958930641412735,0.012679329520324245,0.09040178544819355,1.3482412993907928,9.658651769161224,0.0,10.10739803314209,0.5,0.07155275750608586
dt_handoff_drl,61,4,240,8,0.0,-0.017744547221809626,13.535506248474121,0.0,6.73638391494751,1.3624566346406937,0.0013793629113934003,0.0,0.7352470606565475,4.9111767411231995,0.0,4.988324910402298,0.5,0.10782530327775718
dt_handoff_drl,61,40,2400,8,0.0,-0.012739577650791034,10.383369326591492,0.0,5.172345459461212,0.6599535718560219,0.010748926564701833,0.008370535913854837,1.3185998424887657,12.125613510608673,0.0,12.060636162757874,0.5,0.04654668353857632
dt_handoff_drl,61,41,2460,8,0.0,-0.021564878057688475,6.1144726276397705,0.0,3.0292217433452606,0.6449709683656693,0.024876929994206876,0.07700893050059676,1.5457868501543999,6.956638872623444,0.0,7.138285517692566,0.5,0.07757614356489154
dt_handoff_drl,61,42,2520,8,0.0,-0.0005095884625916369,4.297436892986298,0.0,2.1425092965364456,0.5699589774012566,0.018387819203780964,0.0641741082072258,1.1120977886021137,7.04251766204834,0.0,7.1408371925354,0.5,0.09218485929074709
dt_handoff_drl,61,43,2580,8,0.0,-0.0067205000668764114,5.714888393878937,0.0,2.8451617658138275,0.5561916455626488,0.007054291934764478,0.02176339365541935,1.9438680484890938,6.370448738336563,0.0,5.978315591812134,0.5,0.09027733848133093
dt_handoff_drl,61,44,2640,8,0.0,-0.02153629483655095,6.015241622924805,0.0,2.980893313884735,0.5191202759742737,0.002641049664816819,0.04520089318975806,1.2965225875377655,8.131513267755508,0.0,8.680823415517807,0.5,0.0816508117411665
dt_handoff_drl,61,45,2700,8,0.0,-0.013643544516526163,1.9642326384782791,0.0,0.9635625705122948,0.49102017283439636,-0.0003908944854629226,0.025111607741564512,1.71737090498209,2.756358429789543,0.0,3.524598926305771,0.5,0.16559280207904115
dt_handoff_drl,61,46,2760,8,0.0,-0.0020668241195380688,4.506011486053467,0.0,2.2456454187631607,0.5293453894555569,-0.00012653078010771424,0.14285714272409678,2.131832502782345,8.945932388305664,0.0,9.254694759845734,0.5,0.059543790211763044
dt_handoff_drl,61,47,2820,8,0.0,-0.02144153555855155,5.930981516838074,0.0,2.9385496973991394,0.5499457009136677,0.06445163648459129,0.1981026791036129,1.6212970186024904,11.662675082683563,0.0,11.875089466571808,0.5,0.04974529701757596
dt_handoff_drl,61,48,2880,8,0.0,-0.011844161432236433,3.3214576840400696,0.0,1.643359288573265,0.5525382831692696,0.001930042024469003,0.029017857741564512,1.9593274891376495,5.250979542732239,0.0,5.976109743118286,0.5,0.09353030669633976
dt_handoff_drl,61,49,2940,8,0.0,-0.004084712127223611,4.261245310306549,0.0,2.1219452917575836,0.4592653289437294,0.008039004635065794,0.13839285960420966,1.6999314278364182,7.544611811637878,0.0,7.862233936786652,0.5,0.087142693678017
dt_handoff_drl,61,5,300,8,0.0,-0.017434816749300808,15.028644800186157,0.0,7.482959687709808,1.3927844762802124,0.0029899967321398435,0.004464285913854837,1.0256109908223152,10.787820398807526,0.0,10.831753373146057,0.5,0.04716058539607191
dt_handoff_drl,61,50,3000,8,0.0,0.001171605195850134,8.92397391796112,0.0,4.4591735899448395,0.3984958603978157,0.02248627252265578,0.09263392956927419,1.4381309151649475,9.60371708869934,0.0,9.474701702594757,0.5,0.06592651199107376
dt_handoff_drl,61,51,3060,8,0.0,-0.0013362215831875801,2.0536141842603683,0.0,1.0215629264712334,0.3907964862883091,0.0011976456808042713,0.04129464365541935,1.1551638767123222,5.3213986456394196,0.0,5.561155021190643,0.5,0.12967553443203464
dt_handoff_drl,61,52,3120,8,0.0,-0.012447713874280453,7.882023990154266,0.0,3.9247820675373077,0.37821516022086143,0.008225190598750487,0.17131696455180645,2.386625289916992,6.612563341856003,0.0,7.6102115213871,0.5,0.0811611918674417
dt_handoff_drl,61,53,3180,8,0.0,-0.0011538846883922815,3.8244413137435913,0.0,1.9073542058467865,0.3712575100362301,0.01579170650074957,0.0457589291036129,1.964023221284151,3.2614738941192627,0.0,4.289228856563568,0.5,0.1399354274746081
dt_handoff_drl,61,54,3240,8,0.0,0.003689899400342256,3.4227931201457977,0.0,1.7118646204471588,0.32218436896800995,0.0011349256383255124,0.04520089318975806,1.9055119939148426,5.119486898183823,0.0,5.521830439567566,0.5,0.1215373410703654
dt_handoff_drl,61,55,3300,8,0.0,-0.004234205931425095,3.379276752471924,0.0,1.6822897344827652,0.31144217774271965,0.008319455802848097,0.03069196455180645,1.547683922573924,6.950540065765381,0.0,7.488997936248779,0.5,0.0854894786924348
dt_handoff_drl,61,56,3360,8,0.0,-0.004073715826962143,2.9838138222694397,0.0,1.4849202036857605,0.291298383846879,0.0384554416013998,0.10100446548312902,0.978103855624795,4.944284588098526,0.0,5.23752161860466,0.5,0.10396189798041024
dt_handoff_drl,61,57,3420,8,0.0,-0.01610796432942152,2.8911586701869965,0.0,1.4267368167638779,0.27345392294228077,0.04187457828084007,0.09430803824216127,1.0243841093033552,4.076864093542099,0.0,4.431719064712524,0.5,0.1261434204625422
dt_handoff_drl,61,58,3480,8,0.0,0.0016290305647999048,6.5542004108428955,0.0,3.276017904281616,0.2711362037807703,0.0027740044934034813,0.0,2.030556857585907,16.32791519165039,0.0,16.97686743736267,0.5,0.03416185910104219
dt_handoff_drl,61,59,3540,8,0.0,-0.014798542484641075,7.971084892749786,0.0,3.968448966741562,0.22949811816215515,0.003120754237897927,0.03348214365541935,0.778638944029808,16.730876803398132,0.0,16.59020346403122,0.5,0.03779516176921163
dt_handoff_drl,61,6,360,8,0.0,0.00781608372926712,51.17338991165161,0.0,25.580535650253296,1.397542580962181,0.004224831231113058,0.0,0.894396647810936,16.145091652870178,0.0,16.212964177131653,0.5,0.0334728755337042
dt_handoff_drl,61,60,3600,8,0.0,-0.0058378869434818625,3.6698717772960663,0.0,1.826435461640358,0.2662552483379841,0.005310529304551892,0.02176339365541935,1.439226921647787,6.87126612663269,0.0,7.280078232288361,0.5,0.0804180466817604
dt_handoff_drl,61,61,3660,8,0.0,-0.014749830355867743,4.739640980958939,0.0,2.3523820489645004,0.2688619941473007,0.022755853224225575,0.07087053637951612,1.2364251166582108,8.568029463291168,0.0,8.88286280632019,0.5,0.06624042949693634
dt_handoff_drl,61,62,3720,8,0.0,0.0001598205417394638,4.886587023735046,0.0,2.440630227327347,0.2823065295815468,0.004801154664164642,0.0970982164144516,2.4935500994324684,10.212481707334518,0.0,10.160869896411896,0.5,0.06001242019723813
dt_handoff_drl,61,63,3780,8,0.0,-0.012641973793506622,6.601882219314575,0.0,3.2857291847467422,0.25699931010603905,0.03233862449633307,0.08482142956927419,2.7227815091609955,18.677560329437256,0.0,18.912763595581055,0.5,0.04207304426158313
dt_handoff_drl,61,64,3840,8,0.0,-0.006103795953094959,9.39610356092453,0.0,4.689308136701584,0.26398863829672337,0.0032472387201778474,0.022321429569274187,2.1609294191002846,48.9811806678772,0.0,49.27369785308838,0.5,0.010304482783726854
dt_handoff_drl,61,65,3900,8,0.0,0.005281544756144285,5.146589428186417,0.0,2.5761135518550873,0.24627023935317993,0.01089675304319826,0.1891741082072258,1.6768800914287567,22.14421460032463,0.0,22.22836062312126,0.5,0.037090706139906456
dt_handoff_drl,61,66,3960,8,0.0,0.005049227271229029,2.799987494945526,0.0,1.4027276933193207,0.2315257005393505,-0.0005626938727800734,0.020647321827709675,0.396612785756588,9.207491129636765,0.0,9.103905320167542,0.5,0.06696819320403244
dt_handoff_drl,61,67,4020,8,0.0,-0.0016206707805395126,2.6470182836055756,0.0,1.3195424973964691,0.23459779284894466,0.012544269353384152,0.02957589365541935,1.352168008685112,5.250116229057312,0.0,5.550556004047394,0.5,0.09763007632141522
dt_handoff_drl,61,68,4080,8,0.0,-0.004479692317545414,3.9790566861629486,0.0,1.9827300161123276,0.23185972310602665,0.00669311596902844,0.004464285913854837,1.7479808628559113,7.740468859672546,0.0,7.861392706632614,0.5,0.08395023993895616
dt_handoff_drl,61,69,4140,8,0.0,-0.004515054635703564,6.364093720912933,0.0,3.175668179988861,0.1863637361675501,0.005865148964403488,0.020647321827709675,1.1196477301418781,4.615079820156097,0.0,4.798624575138092,0.5,0.11578438365491261
dt_handoff_drl,61,7,420,8,0.0,-0.006399701815098524,50.221803188323975,0.0,25.09054207801819,1.3960152864456177,0.007339990719628986,0.0,0.8426238149404526,14.114348351955414,0.0,14.12703162431717,0.5,0.040597924939527734
dt_handoff_drl,61,70,4200,8,0.0,-0.006698958284687251,2.629997968673706,0.0,1.3058991879224777,0.24008528515696526,0.013543337607188732,0.08426339412108064,0.987070057541132,8.31288680434227,0.0,8.625791192054749,0.5,0.0857743588344755
dt_handoff_drl,61,71,4260,8,0.0,-0.0020610399078577757,3.919025033712387,0.0,1.955264374613762,0.21871335990726948,0.013005012788198655,0.03459821455180645,1.6599681004881859,14.674091577529907,0.0,15.059427499771118,0.5,0.03588887639682228
dt_handoff_drl,61,72,4320,8,0.0,0.005603764206171036,4.153407394886017,0.0,2.0799764692783356,0.23309212364256382,-0.004192394371784758,0.06696428637951612,2.756690561771393,7.550380825996399,0.0,9.113354861736298,0.5,0.06749699771114775
dt_handoff_drl,61,73,4380,8,0.0,0.007604911224916577,2.8223259449005127,0.0,1.4166109561920166,0.21569148264825344,0.005166625142010162,0.03850446501746774,1.5027553029358387,8.15494480729103,0.0,8.250362575054169,0.5,0.08335837031770993
dt_handoff_drl,61,74,4440,8,0.0,-0.009354501497000456,2.640989273786545,0.0,1.309282124042511,0.18579871393740177,0.011079607958890847,0.03348214318975806,0.6741910176351666,14.213188886642456,0.0,14.581046462059021,0.5,0.0376576350449652
dt_handoff_drl,61,75,4500,8,0.0,0.009199656604323536,6.200141429901123,0.0,3.1071069538593292,0.21634738892316818,0.0021329037135728868,0.020647321827709675,2.2004846669733524,14.432066321372986,0.0,15.694338321685791,0.5,0.03339804959636829
dt_handoff_drl,61,76,4560,8,0.0,-0.0026609194464981556,2.713962107896805,0.0,1.3524473756551743,0.1872751172631979,0.004465973155674874,0.008370535913854837,1.3044013055041432,7.592667996883392,0.0,8.193685561418533,0.5,0.07633443224156913
dt_handoff_drl,61,77,4620,8,0.0,0.002431822125799954,7.770178258419037,0.0,3.8855644166469574,0.1956419236958027,-0.0007650535826542182,0.03348214318975806,2.6949456185102463,31.706873416900635,0.0,33.171141386032104,0.5,0.015556472051997028
dt_handoff_drl,61,78,4680,8,0.0,-0.01619919901713729,6.883518993854523,0.0,3.4235893189907074,0.19709868729114532,0.018261627255924395,0.07087053684517741,0.8477687258273363,8.000889718532562,0.0,8.483510911464691,0.5,0.08522276967916478
dt_handoff_drl,61,79,4740,8,0.0,-0.006897238548845053,7.189878880977631,0.0,3.586447924375534,0.1594248516485095,0.007184307497482223,0.016741071827709675,0.807553181424737,5.715101420879364,0.0,5.704395174980164,0.5,0.0928738793681906
dt_handoff_drl,61,8,480,8,0.0,-0.006577592575922608,59.87089824676514,0.0,29.915120363235474,1.3750536888837814,0.0076723426464013755,0.0,0.8090533092617989,11.063411891460419,0.0,11.075661957263947,0.5,0.05347457440983057
dt_handoff_drl,61,80,4800,8,0.0,-0.010457001626491547,4.671047002077103,0.0,2.323257803916931,0.18086528033018112,0.019417722354774014,0.029575893189758062,1.5013154335319996,7.57476994395256,0.0,7.996125727891922,0.5,0.08733342709570303
dt_handoff_drl,61,81,4860,8,0.0,-0.002396402880549431,4.4777185916900635,0.0,2.234859362244606,0.1603508135303855,-0.002132387910023681,0.016741071827709675,1.3270979188382626,10.310956507921219,0.0,10.623774528503418,0.5,0.06142593380673498
dt_handoff_drl,61,82,4920,8,0.0,0.005449546035379171,3.7019518613815308,0.0,1.855057030916214,0.136843703687191,0.0037310811731003923,0.05022321501746774,1.7643607556819916,6.233504116535187,0.0,6.5857497453689575,0.5,0.08981989875372379
dt_handoff_drl,61,83,4980,8,0.0,-0.008071459364145994,3.217856705188751,0.0,1.5994888693094254,0.13680045679211617,0.022821570240921574,0.04296875046566129,0.9256384409964085,6.903839737176895,0.0,7.262940049171448,0.5,0.08854699245591194
dt_handoff_drl,61,84,5040,8,0.0,-0.0010328548960387707,2.710256040096283,0.0,1.353014126420021,0.10810399148613214,0.0038635074906778755,0.008370535913854837,1.1233383417129517,6.261853456497192,0.0,6.821804910898209,0.5,0.0985899737277401
dt_handoff_drl,61,85,5100,8,0.0,-0.0022626155987381935,2.491957038640976,0.0,1.2424497678875923,0.12661335803568363,0.0021992769707139814,0.004464285913854837,1.328152947127819,5.707925319671631,0.0,6.409182578325272,0.5,0.11900586762306532
dt_handoff_drl,61,86,5160,8,0.0,-0.0017359941266477108,2.3569552451372147,0.0,1.1755617335438728,0.11799256503582001,0.0017664462029642891,0.00390625,1.7975561134517193,5.588672608137131,0.0,6.470618635416031,0.5,0.09135850332466901
dt_handoff_drl,61,87,5220,8,0.0,-7.503293454647064e-05,1.9682991951704025,0.0,0.9827871695160866,0.12874157913029194,-0.005284939411467349,0.025111607741564512,1.3538075797259808,4.793048530817032,0.0,4.664826810359955,0.5,0.14165811293512384
dt_handoff_drl,61,88,5280,8,0.0,-0.0042672171257436275,2.5625344812870026,0.0,1.2758665308356285,0.11335048731416464,0.0006943703983779415,0.00390625,1.5021294914186,4.157717362046242,0.0,4.500461548566818,0.5,0.13608239839394018
dt_handoff_drl,61,89,5340,8,0.0,0.011506414972245693,2.571546286344528,0.0,1.2960956245660782,0.11839409824460745,-0.0012426441153365886,0.02566964365541935,1.438620664179325,5.781382322311401,0.0,6.426202237606049,0.5,0.1063339047669521
dt_handoff_drl,61,9,540,8,0.0,-0.010081775952130556,20.999292612075806,0.0,10.475974321365356,1.359011858701706,0.004689249588409439,0.0,0.9692503251135349,15.05710768699646,0.0,15.201257228851318,0.5,0.03396450531411735
dt_handoff_drl,61,90,5400,8,0.0,-0.004682645201683044,2.8503232896327972,0.0,1.4192494750022888,0.1229526037350297,0.024634511977637885,0.06808035913854837,1.3578636664897203,4.449158757925034,0.0,4.251812517642975,0.5,0.11932609237237755
dt_handoff_drl,61,91,5460,8,0.0,-0.00039209192618727684,2.8943136632442474,0.0,1.445435293018818,0.13294513523578644,0.003411227779906767,0.03850446455180645,2.52660109475255,3.254436418414116,0.0,4.4968054592609406,0.5,0.1444566435669408
dt_handoff_drl,61,92,5520,8,0.0,-0.013934544753283262,1.8262432366609573,0.0,0.8980493396520615,0.1137745575979352,0.014421970768125902,0.04129464318975806,1.4763742368668318,3.8657873421907425,0.0,4.329013541340828,0.5,0.14045135468115133
dt_handoff_drl,61,93,5580,8,0.0,0.006134484428912401,2.5003019720315933,0.0,1.2551159113645554,0.11695622559636831,0.008791473188466625,0.008928571827709675,0.9003287702798843,5.824973493814468,0.0,6.019360989332199,0.5,0.10359579206610549
dt_handoff_drl,61,94,5640,8,0.0,-0.008236759575083852,2.322396755218506,0.0,1.1519928649067879,0.09687576023861766,-0.003571742118538168,0.012834821827709675,1.0920222289860249,6.6297648549079895,0.0,7.055213987827301,0.5,0.08627038704036759
dt_handoff_drl,61,95,5700,8,0.0,-0.008142323757056147,2.3413147628307343,0.0,1.1614243388175964,0.10907384380698204,0.026938362617329403,0.05412946501746774,0.9287379446905106,3.749456435441971,0.0,3.647501990199089,0.5,0.16979159120789777
dt_handoff_drl,61,96,5760,8,0.0,-0.011503990041092038,2.1662418246269226,0.0,1.0705506578087807,0.10662805754691362,0.001590315114299301,0.029575893189758062,1.1706712190061808,3.368881419301033,0.0,3.783108666539192,0.5,0.174401794214597
dt_handoff_drl,7,1,60,8,0.0,-0.017594022443518043,44.75523376464844,0.0,22.34716773033142,1.285559207201004,-0.011275454657152295,0.020089285913854837,0.5480441860854626,3.2442163228988647,0.0,3.306313216686249,0.5,0.16257986839623817
dt_handoff_drl,7,10,600,8,0.0,-0.008322699693962932,96.02371406555176,0.0,47.99129104614258,1.2243499755859375,0.00028647069848375395,0.0,0.8671951815485954,37.323570728302,0.0,37.34708523750305,0.5,0.014416644614338985
dt_handoff_drl,7,11,660,8,0.0,0.0007343493634834886,104.6593542098999,0.0,52.31798481941223,1.2425133287906647,-0.0032016503682825714,0.008370535913854837,1.0211152210831642,31.378283858299255,0.0,31.42461884021759,0.5,0.018783681363359568
dt_handoff_drl,7,12,720,8,0.0,0.0019275345839560032,21.112712740898132,0.0,10.546299636363983,1.1984093636274338,0.009468102507526055,0.013392857275903225,1.1813761293888092,67.74692153930664,0.0,68.0651330947876,0.5,0.009623563547403808
dt_handoff_drl,7,13,780,8,0.0,0.004367029294371605,62.60048151016235,0.0,31.292718410491943,1.1889399886131287,0.0018936667183879763,0.0,1.1773521155118942,60.46862459182739,0.0,60.732744216918945,0.5,0.010278177750065716
dt_handoff_drl,7,14,840,8,0.0,-0.004513709340244532,31.199767351150513,0.0,15.583718180656433,1.1651752144098282,2.4971843231469393e-05,0.0,1.1516446322202682,26.112832069396973,0.0,26.01403498649597,0.5,0.021717956347565657
dt_handoff_drl,7,15,900,8,0.0,0.00023673952091485262,21.381725311279297,0.0,10.680699825286865,1.039951041340828,-0.010502946213819087,0.017299107275903225,0.8369941264390945,52.23443794250488,0.0,52.18868005275726,0.5,0.012999806939694877
dt_handoff_drl,7,16,960,8,0.0,-0.011504714260809124,40.064777851104736,0.0,20.010342836380005,1.054155394434929,0.0006357593770189851,0.0,1.0345823988318443,56.607760429382324,0.0,56.64409303665161,0.5,0.011301106402035462
dt_handoff_drl,7,17,1020,8,0.0,-0.016494747920660302,30.351487159729004,0.0,15.148047924041748,1.1200932264328003,0.0022328847408061847,0.046875000931322575,1.2049216702580452,51.90576124191284,0.0,51.990174651145935,0.5,0.01660050090457508
dt_handoff_drl,7,18,1080,8,0.0,0.0031908079981803894,18.9399733543396,0.0,9.461500406265259,1.167707696557045,0.007980940776178613,0.0,1.0176992863416672,98.52234077453613,0.0,98.59786224365234,0.5,0.0054302497511975155
dt_handoff_drl,7,19,1140,8,0.0,-0.0010629859752953053,55.969078063964844,0.0,27.97165846824646,1.181787148118019,-0.0032950005916063674,0.0,1.1060884892940521,51.746243953704834,0.0,51.81935000419617,0.5,0.012498020767038407
dt_handoff_drl,7,2,120,8,0.0,-0.006501974072307348,15.404486656188965,0.0,7.683372139930725,1.2369159758090973,-0.0053093166861799546,0.0,0.609460711479187,9.136616170406342,0.0,9.16398137807846,0.5,0.05656175440460469
dt_handoff_drl,7,20,1200,8,0.0,-0.010138140060007572,22.419650077819824,0.0,11.188209652900696,1.1477326303720474,0.006018746116751572,0.0,1.2407068610191345,24.362878561019897,0.0,24.291606187820435,0.5,0.023656945855404145
dt_handoff_drl,7,21,1260,8,0.0,-0.007851817645132542,58.81535482406616,0.0,29.38822340965271,1.1602536737918854,-0.007956368150189519,0.0,1.0796261206269264,49.64509725570679,0.0,49.56157612800598,0.5,0.013297530023376115
dt_handoff_drl,7,22,1320,8,0.0,0.001860566670075059,16.107912302017212,0.0,8.044266700744629,1.1549900770187378,0.003858620038954541,0.0,0.8528000563383102,38.12886345386505,0.0,38.138577461242676,0.5,0.019252991964076323
dt_handoff_drl,7,23,1380,8,0.0,-0.0005454847123473883,20.306254625320435,0.0,10.141236186027527,1.1345606446266174,0.0005457210972963367,0.008370535913854837,1.5403920859098434,49.89828395843506,0.0,49.74481415748596,0.5,0.013029597818430683
dt_handoff_drl,7,24,1440,8,0.0,0.0024368762969970703,12.709391236305237,0.0,6.346264719963074,1.0867784321308136,0.0008264214447990526,0.0,1.106911577284336,43.816624879837036,0.0,43.87289893627167,0.5,0.020622052808525887
dt_handoff_drl,7,25,1500,8,0.0,-0.000607562717050314,48.95258045196533,0.0,24.46428418159485,1.1398275345563889,0.010244476346997544,0.0,1.3732434585690498,34.496598958969116,0.0,34.63438367843628,0.5,0.01621557088369223
dt_handoff_drl,7,26,1560,8,0.0,-0.005234275944530964,24.002965450286865,0.0,11.985035061836243,1.1213416159152985,0.002607641930808313,0.00390625,1.3800439238548279,127.24113178253174,0.0,127.03722667694092,0.5,0.00432825573068742
dt_handoff_drl,7,27,1620,8,0.0,-0.007661769166588783,32.80582523345947,0.0,16.384792923927307,1.045772910118103,0.00814223829365801,0.008928571827709675,1.6226903945207596,33.58670139312744,0.0,33.993959188461304,0.5,0.01563116860040182
dt_handoff_drl,7,28,1680,8,0.0,-0.011139208567328751,33.00428557395935,0.0,16.47991681098938,1.108642652630806,0.011764029099140316,0.0,1.945169910788536,66.42053318023682,0.0,66.34948492050171,0.5,0.008266853068508034
dt_handoff_drl,7,29,1740,8,0.0,-0.005347254686057568,10.35695606470108,0.0,5.162517011165619,1.0613872855901718,4.4392400013748556e-05,0.013392857275903225,1.0771494433283806,44.13685369491577,0.0,44.0501389503479,0.5,0.013151929372181506
dt_handoff_drl,7,3,180,8,0.0,-0.00278654508292675,116.00598812103271,0.0,57.98778438568115,1.2422699630260468,-0.0005286041923682205,0.0,0.49960077181458473,18.955304384231567,0.0,18.971955120563507,0.5,0.03299071647630537
dt_handoff_drl,7,30,1800,8,0.0,-0.004561069188639522,13.528297543525696,0.0,6.74840784072876,1.117989718914032,0.001924838921695482,0.008370535913854837,1.7044464945793152,55.58428907394409,0.0,56.015520334243774,0.5,0.010520183159665904
dt_handoff_drl,7,31,1860,8,0.0,-0.007263578358106315,38.35034990310669,0.0,19.15706992149353,1.0841635465621948,0.011803106084698811,0.0,1.3419879525899887,65.334481716156,0.0,65.31663656234741,0.5,0.008116604674428117
dt_handoff_drl,7,32,1920,8,0.0,-0.008640813175588846,19.847290515899658,0.0,9.90426880121231,1.0735561698675156,0.004610018877428956,0.008370535913854837,1.6721600145101547,49.051331758499146,0.0,48.92616367340088,0.5,0.011767999135032603
dt_handoff_drl,7,33,1980,8,0.0,-0.010644227964803576,16.780890226364136,0.0,8.369500935077667,1.029987707734108,0.007915830523415934,0.05580357322469354,1.420143447816372,37.12443256378174,0.0,37.14335739612579,0.5,0.019249254656513802
dt_handoff_drl,7,34,2040,8,0.0,-0.023044598288834095,13.127596855163574,0.0,6.531168639659882,0.9585335850715637,0.0004497807312873192,0.0602678582072258,1.1166843734681606,23.38814401626587,0.0,23.552826762199402,0.5,0.027616481208638383
dt_handoff_drl,7,35,2100,8,0.0,-0.009180448949337006,10.804794609546661,0.0,5.383814632892609,0.9402173459529877,0.014026710574398749,0.06250000093132257,1.6830009073019028,19.198018550872803,0.0,19.38938820362091,0.5,0.028332850152175067
dt_handoff_drl,7,36,2160,8,0.0,0.00523037021048367,9.56737756729126,0.0,4.781992882490158,0.6926256194710732,-0.008845704578561708,0.08649553637951612,2.0795548260211945,56.941205739974976,0.0,56.685500144958496,0.5,0.016123368483329063
dt_handoff_drl,7,37,2220,8,0.0,-0.008129048044793308,49.78231763839722,0.0,24.875795364379883,0.7233978733420372,0.007992186532646883,0.06250000093132257,2.160115033388138,211.46043395996094,0.0,211.93427085876465,0.5,0.002571527770751932
dt_handoff_drl,7,38,2280,8,0.0,-0.01534117292612791,26.191389083862305,0.0,13.073440670967102,0.6912630200386047,0.01397449872456491,0.020647321827709675,1.8960950896143913,106.09423685073853,0.0,105.76390075683594,0.5,0.005937882983818666
dt_handoff_drl,7,39,2340,8,0.0,0.008673332165926695,11.26114010810852,0.0,5.632303297519684,0.6940179392695427,0.005403504968853667,0.11439732369035482,1.9410215467214584,61.54493975639343,0.0,61.2833137512207,0.5,0.01380293945927623
dt_handoff_drl,7,4,240,8,0.0,-0.004646164983569179,31.5907039642334,0.0,15.778798818588257,1.1906807869672775,-0.0010323869173589628,0.0,0.6206429116427898,14.945368528366089,0.0,14.942546844482422,0.5,0.03387406571862989
dt_handoff_drl,7,40,2400,8,0.0,-0.006403831881470978,19.616044282913208,0.0,9.795099675655365,0.6518528461456299,0.004364664229797199,0.017299107741564512,2.095826357603073,119.32218933105469,0.0,118.56515407562256,0.5,0.004912707990758394
dt_handoff_drl,7,41,2460,8,0.0,0.014498688629828393,45.06631827354431,0.0,22.540022492408752,0.7635324075818062,-0.021322105400031433,0.16685267770662904,2.412488393485546,131.63064563274384,0.0,130.89531123638153,0.5,0.007437450562440199
dt_handoff_drl,7,42,2520,8,0.0,0.001272580586373806,21.301911234855652,0.0,10.644090414047241,0.8137844130396843,-0.004664134539780207,0.008370535913854837,1.9335582330822945,98.64675378799438,0.0,99.09355974197388,0.5,0.0063396557546015015
dt_handoff_drl,7,43,2580,8,0.0,0.012015233281999826,14.111882328987122,0.0,7.060943841934204,0.7012712359428406,0.0024546635686419904,0.1244419626891613,2.0451811626553535,61.22895836830139,0.0,61.54382681846619,0.5,0.015085671657743457
dt_handoff_drl,7,44,2640,8,0.0,-0.0018633652944117785,12.008571743965149,0.0,5.995741069316864,0.6681423634290695,0.0008018898661248386,0.01785714365541935,1.2189336568117142,28.481125354766846,0.0,28.709870517253876,0.5,0.027279452953903178
dt_handoff_drl,7,45,2700,8,0.0,0.0009276713244616985,11.72700572013855,0.0,5.858178973197937,0.6251557320356369,0.03240105477743782,0.09319196548312902,1.549373783171177,18.28426706790924,0.0,18.3648202419281,0.5,0.039715329369083306
dt_handoff_drl,7,46,2760,8,0.0,-0.028294316492974758,35.86260938644409,0.0,17.89546573162079,0.754446841776371,0.0020099444373045117,0.08537946688011289,2.677873373031616,65.45036792755127,0.0,65.89344811439514,0.5,0.010061007318104833
dt_handoff_drl,7,47,2820,8,0.0,-0.003143639536574483,26.80923104286194,0.0,13.394448399543762,0.7023372873663902,0.005793156029540114,0.14062499906867743,1.696934498846531,44.06738638877869,0.0,43.92563343048096,0.5,0.01369025082979865
dt_handoff_drl,7,48,2880,8,0.0,0.011314566945657134,21.870986223220825,0.0,10.940773487091064,0.6034253612160683,-0.00021181428746785969,0.04464285774156451,2.892456352710724,44.64008712768555,0.0,44.35321915149689,0.5,0.016636631082119765
dt_handoff_drl,7,49,2940,8,0.0,-0.02015677752206102,13.930218815803528,0.0,6.939467072486877,0.5485752485692501,-0.0055201746872626245,0.10770089458674192,1.8784184008836746,26.14411473274231,0.0,26.614198327064514,0.5,0.02420545497266113
dt_handoff_drl,7,5,300,8,0.0,0.00455023639369756,122.98379802703857,0.0,61.484354972839355,1.209512859582901,0.0006482894532382488,0.0,0.614678680896759,38.371115922927856,0.0,38.39120841026306,0.5,0.013212727641895908
dt_handoff_drl,7,50,3000,8,0.0,-0.010737116448581219,17.5295649766922,0.0,8.748347282409668,0.5698328763246536,-0.0030018331308383495,0.0,1.6993963867425919,32.167973279953,0.0,32.11675834655762,0.5,0.01787919537835511
dt_handoff_drl,7,51,3060,8,0.0,-0.0036911654751747847,10.181921064853668,0.0,5.081639587879181,0.5629854202270508,0.0029415120516205207,0.021205357741564512,2.6777524799108505,23.99321222305298,0.0,24.21721887588501,0.5,0.02147912406938124
dt_handoff_drl,7,52,3120,8,0.0,-0.014034881722182035,7.018175423145294,0.0,3.490405410528183,0.4647390730679035,1.5749625163152814e-05,0.055245536379516125,1.8361920043826103,35.53539049625397,0.0,35.06471073627472,0.5,0.018137108468136244
dt_handoff_drl,7,53,3180,8,0.0,0.0038675490068271756,39.0130295753479,0.0,19.503248810768127,0.713379755616188,-0.006097578756453004,0.09263392817229033,2.8360828161239624,224.08816528320312,0.0,223.14289665222168,0.5,0.003179387932746655
dt_handoff_drl,7,54,3240,8,0.0,0.008534017018973827,12.193617820739746,0.0,6.0987401604652405,0.6602769047021866,0.012968405862920918,0.08872768003493547,1.85575021058321,61.519797563552856,0.0,61.809420585632324,0.5,0.010362162341849387
dt_handoff_drl,7,55,3300,8,0.0,-0.007633591070771217,13.77515423297882,0.0,6.8734994530677795,0.6444049403071404,0.00547258990991395,0.04910714318975806,2.1801025792956352,74.09772634506226,0.0,74.25222396850586,0.5,0.0077122422184072404
dt_handoff_drl,7,56,3360,8,0.0,-0.013490025070495903,12.231042623519897,0.0,6.09529834985733,0.6732907146215439,0.007587862205127749,0.05970982229337096,1.8921017497777939,16.645074367523193,0.0,17.0172061920166,0.5,0.03719691545189016
dt_handoff_drl,7,57,3420,8,0.0,-0.011467678705230355,9.684969067573547,0.0,4.823815405368805,0.7201482728123665,0.0014730324037373066,0.13225446455180645,2.9203557819128036,18.340608656406403,0.0,18.983662247657776,0.5,0.03478542027559839
dt_handoff_drl,7,58,3480,8,0.0,-0.005885371298063546,10.281394302845001,0.0,5.128859102725983,0.5952745378017426,0.012032653794449288,0.044084821827709675,1.7383028864860535,37.4032027721405,0.0,37.585888385772705,0.5,0.016218135278230992
dt_handoff_drl,7,59,3540,8,0.0,0.004037223290652037,12.467917382717133,0.0,6.23300564289093,0.49902188032865524,-0.0010612394689815119,0.02957589365541935,2.315021738409996,101.0969786643982,0.0,101.47488260269165,0.5,0.007883011726352841
dt_handoff_drl,7,6,360,8,0.0,-0.004657855490222573,28.964471578598022,0.0,14.46527361869812,1.2304361909627914,0.0017903076513903216,0.004464285913854837,0.601061262190342,7.541870176792145,0.0,7.5646140575408936,0.5,0.07011084251887263
dt_handoff_drl,7,60,3600,8,0.0,-0.02087397302966565,21.654778361320496,0.0,10.801814019680023,0.47013624012470245,0.012581939532537945,0.04520089318975806,1.1391657814383507,62.01482629776001,0.0,62.13542628288269,0.5,0.011129587155007965
dt_handoff_drl,7,61,3660,8,0.0,-0.005197825259529054,8.162682890892029,0.0,4.072382181882858,0.3761458918452263,0.0008605404418631224,0.004464285913854837,1.5253979414701462,68.02011013031006,0.0,68.22161984443665,0.5,0.013555120400639926
dt_handoff_drl,7,62,3720,8,0.0,-0.009928656450938433,9.841653764247894,0.0,4.904248654842377,0.6649642437696457,0.00012955681268067565,0.021205357275903225,1.603014811873436,16.227667808532715,0.0,16.755704045295715,0.5,0.031513782715723984
dt_handoff_drl,7,63,3780,8,0.0,0.0025087558897212148,8.699178993701935,0.0,4.346924215555191,0.5174048766493797,-0.0028295465162955225,0.0,1.7458757236599922,48.484657406806946,0.0,48.60057246685028,0.5,0.015745035374947015
dt_handoff_drl,7,64,3840,8,0.0,-0.0009421361610293388,19.524028658866882,0.0,9.756310045719147,0.47620781511068344,0.010401816141893505,0.1646205373108387,2.3762073516845703,42.594820737838745,0.0,42.047298192977905,0.5,0.01610090524024164
dt_handoff_drl,7,65,3900,8,0.0,-0.0033077213447541,21.34149205684662,0.0,10.662664949893951,0.4773457534611225,0.008849673409713432,0.004464285913854837,2.0014121383428574,81.32741451263428,0.0,82.35704708099365,0.5,0.006692420003177055
dt_handoff_drl,7,66,3960,8,0.0,-0.018762854393571615,25.40966248512268,0.0,12.680449843406677,0.5618654526770115,0.019613741329521872,0.11774553591385484,1.960914023220539,59.48027753829956,0.0,59.75897693634033,0.5,0.008693844503237545
dt_handoff_drl,7,67,4020,8,0.0,-0.011268612463027239,7.287293553352356,0.0,3.627525746822357,0.4852432459592819,0.01718791833263822,0.07812500093132257,1.566310502588749,27.790401577949524,0.0,27.641815781593323,0.5,0.028039809765829857
dt_handoff_drl,7,68,4080,8,0.0,-0.00701582501642406,10.519584774971008,0.0,5.2464388608932495,0.6337618231773376,0.010792463610414416,0.02566964365541935,2.3051167875528336,25.249623954296112,0.0,24.995554506778717,0.5,0.029461565962361817
dt_handoff_drl,7,69,4140,8,0.0,-0.010227875085547566,9.934964537620544,0.0,4.95142474770546,0.5829677060246468,0.02482154346216703,0.05468750046566129,1.8142203614115715,23.620619893074036,0.0,23.79829978942871,0.5,0.028837577309732874
dt_handoff_drl,7,7,420,8,0.0,-0.013885016553103924,45.31431484222412,0.0,22.630557775497437,1.271472230553627,0.000478824476886075,0.0,0.6120555736124516,11.098026692867279,0.0,11.129063844680786,0.5,0.04744117151538032
dt_handoff_drl,7,70,4200,8,0.0,-0.007028461783193052,8.906449556350708,0.0,4.439075082540512,0.7121158391237259,0.011090937332483009,0.13671875186264515,2.564524471759796,11.701707541942596,0.0,11.857206523418427,0.5,0.04961017552813085
dt_handoff_drl,7,71,4260,8,0.0,0.0021576324943453074,10.528918385505676,0.0,5.260060518980026,0.655625157058239,0.00187216877748142,0.02566964365541935,2.357254460453987,25.168641328811646,0.0,24.659422159194946,0.5,0.02135305228774078
dt_handoff_drl,7,72,4320,8,0.0,-0.013578473241068423,4.77645617723465,0.0,2.369238168001175,0.541143286973238,0.009553379473800305,0.2628348208963871,3.295972466468811,11.07101684808731,0.0,11.674817740917206,0.5,0.049873940692562894
dt_handoff_drl,7,73,4380,8,0.0,0.014007392339408398,8.958473205566406,0.0,4.486716598272324,0.6527325063943863,0.0015003105900177616,0.07979910774156451,3.0439649671316147,18.616362869739532,0.0,18.784700751304626,0.5,0.03279475299122933
dt_handoff_drl,7,74,4440,8,0.0,0.0036542294546961784,5.4679162204265594,0.0,2.7327107191085815,0.490166574716568,0.01866505722864531,0.07031250093132257,2.389488510787487,14.214552998542786,0.0,14.26410984992981,0.5,0.040179435492466074
dt_handoff_drl,7,75,4500,8,0.0,-0.009891227819025517,6.067194759845734,0.0,3.018688052892685,0.5018144585192204,0.03612923336913809,0.16796875186264515,2.4493770450353622,20.57501709461212,0.0,20.79996109008789,0.5,0.0324133828383457
dt_handoff_drl,7,76,4560,8,0.0,-0.015242581022903323,13.294461727142334,0.0,6.627000153064728,0.4988069161772728,0.03750326857698383,0.13002232275903225,2.4331614151597023,37.08492398262024,0.0,37.423502683639526,0.5,0.015253690710193925
dt_handoff_drl,7,77,4620,8,0.0,-0.0010843528434634209,73.47860622406006,0.0,36.73347997665405,0.4739133007824421,0.014660865133919287,0.08091518050059676,4.748255714774132,67.910719871521,0.0,68.5508975982666,0.5,0.008749872481524259
dt_handoff_drl,7,78,4680,8,0.0,0.0006647116970270872,15.12394392490387,0.0,7.558267414569855,0.436919990926981,-0.004590922602801584,0.04910714318975806,4.454083651304245,70.34420394897461,0.0,71.33772325515747,0.5,0.007137038620820778
dt_handoff_drl,7,79,4740,8,0.0,-0.0026873151073232293,6.062338769435883,0.0,3.022909551858902,0.5572583302855492,0.06457959187537199,0.16406250186264515,2.0329094603657722,18.912684679031372,0.0,18.75862818956375,0.5,0.04011966539269155
dt_handoff_drl,7,8,480,8,0.0,-0.008272039704024792,13.789517879486084,0.0,6.873747229576111,1.2739576399326324,0.003745548034203239,0.0,0.8508467003703117,10.071880459785461,0.0,10.20603632926941,0.5,0.05487176254382854
dt_handoff_drl,7,80,4800,8,0.0,0.0018201807979494333,4.617553651332855,0.0,2.3053191006183624,0.5277871489524841,0.002316302474355325,0.08426339458674192,2.387758180499077,9.792202770709991,0.0,10.248506605625153,0.5,0.055527707123259704
dt_handoff_drl,7,81,4860,8,0.0,-0.011802650522440672,3.7575002312660217,0.0,1.8607735484838486,0.6173932403326035,0.010729884190368466,0.13058035913854837,2.559100218117237,10.083284556865692,0.0,10.579121530056,0.5,0.052759771731275905
dt_handoff_drl,7,82,4920,8,0.0,-0.017243214417248964,7.894809007644653,0.0,3.924243539571762,0.5917733833193779,0.012756376774632372,0.1489955340512097,2.8798822313547134,12.810719609260559,0.0,13.326572179794312,0.5,0.0412111881850908
dt_handoff_drl,7,83,4980,8,0.0,0.005622838158160448,7.641036868095398,0.0,3.8195914030075073,0.6549939438700676,0.06420075264759362,0.3091517835855484,2.5158481150865555,25.897397875785828,0.0,25.64679652452469,0.5,0.03007998538741167
dt_handoff_drl,7,84,5040,8,0.0,0.014127926900982857,4.058310031890869,0.0,2.036113202571869,0.7169730365276337,0.02780546348367352,0.2957589291036129,3.193713888525963,18.453888654708862,0.0,18.89632999897003,0.5,0.028312483820373626
dt_handoff_drl,7,85,5100,8,0.0,-0.008313146012369543,11.542514443397522,0.0,5.755845546722412,0.7098596468567848,0.02583325345767662,0.08593750279396772,2.2894366085529327,11.279191195964813,0.0,11.436077415943146,0.5,0.04721833451553863
dt_handoff_drl,7,86,5160,8,0.0,-0.01630608574487269,4.795581638813019,0.0,2.3754453510046005,0.6039370074868202,-0.0027321549714542925,0.19419642724096775,2.77985318005085,8.414235413074493,0.0,9.07133573293686,0.5,0.05944801238320381
dt_handoff_drl,7,87,5220,8,0.0,0.01302527030929923,5.644375741481781,0.0,2.828883171081543,0.6329984739422798,0.011626851104665548,0.14899553637951612,4.111464753746986,14.051430642604828,0.0,15.200704991817474,0.5,0.043908638145683236
dt_handoff_drl,7,88,5280,8,0.0,-0.005702880444005132,3.292808622121811,0.0,1.6354746967554092,0.5226725861430168,0.020154783867837978,0.11997767817229033,3.996638521552086,7.391383916139603,0.0,9.210874497890472,0.5,0.0694629352633893
dt_handoff_drl,7,89,5340,8,0.0,-0.011442446149885654,5.82095193862915,0.0,2.894075334072113,0.4958232119679451,0.0032345797662856057,0.08091517956927419,4.485409617424011,10.421047687530518,0.0,11.568988978862762,0.5,0.049404470829541164
dt_handoff_drl,7,9,540,8,0.0,-0.01449054665863514,63.56168079376221,0.0,31.753982305526733,1.2367121577262878,-0.002888335038733203,0.02176339365541935,0.8015667870640755,20.731797099113464,0.0,20.765267491340637,0.5,0.024665356213775427
dt_handoff_drl,7,90,5400,8,0.0,-0.017795468564145267,7.067611634731293,0.0,3.5106312036514282,0.5379046201705933,0.02696701900276821,0.2566964300349355,3.388006865978241,11.694653928279877,0.0,11.548627734184265,0.5,0.047972130379851916
dt_handoff_drl,7,91,5460,8,0.0,-0.01616283692419529,7.11335688829422,0.0,3.5356800854206085,0.48355286195874214,0.08182170858344762,0.2511160746216774,3.2046531289815903,11.720039010047913,0.0,12.513892710208893,0.5,0.04718028213161217
dt_handoff_drl,7,92,5520,8,0.0,0.0022538380580954254,3.5427477061748505,0.0,1.7681062519550323,0.5521440654993057,0.07705766228173161,0.2126116082072258,5.625513464212418,14.224862039089203,0.0,15.338475108146667,0.5,0.0485928170354675
dt_handoff_drl,7,93,5580,8,0.0,0.04026025673374534,7.252682268619537,0.0,3.661356419324875,0.5244951359927654,0.10887916052888613,0.3537946380674839,4.153757750988007,16.508396983146667,0.0,15.383890092372894,0.5,0.04707377295007867
dt_handoff_drl,7,94,5640,8,0.0,0.00871748337522149,5.924116849899292,0.0,2.965178593993187,0.5597302839159966,0.07168338039991795,0.2198660708963871,2.351649194955826,15.89530897140503,0.0,15.470358610153198,0.5,0.03774162664486644
dt_handoff_drl,7,95,5700,8,0.0,-0.011643016536254436,2.8342995941638947,0.0,1.4008695632219315,0.4637218378484249,0.04068016844030353,0.29241071501746774,3.7577799037098885,8.345644325017929,0.0,9.912675470113754,0.5,0.06995992092548145
dt_handoff_drl,7,96,5760,8,0.0,0.0046184067614376545,11.346042275428772,0.0,5.672877609729767,0.47619887813925743,0.07916058504633838,0.2661830335855484,4.421558141708374,22.999816298484802,0.0,23.28512966632843,0.5,0.025529120120716682
mappo,17,1,60,8,0.0,-0.006452584872022271,77.8306188583374,0.0,38.896477699279785,1.2379081100225449,0.0018002417345996946,0.0,0.2096310993656516,4.9250098168849945,0.0,4.9312214851379395,0.5,0.11256318031205424
mappo,17,10,600,8,0.0,0.0027152438269695267,58.937336444854736,0.0,29.457830905914307,1.3553073704242706,-0.002268825028295396,0.0,0.45490236580371857,5.4918928146362305,0.0,5.554726481437683,0.5,0.0943671527227595
mappo,17,11,660,8,0.0,-0.001882696698885411,10.547721445560455,0.0,5.258581429719925,1.3396458476781845,0.0028298152878960536,0.0,0.37116190791130066,2.769383952021599,0.0,2.78263495862484,0.5,0.2007480849457953
mappo,17,12,720,8,0.0,0.003381728718522936,38.68546271324158,0.0,19.332278609275818,1.3834567666053772,0.0012104250981792575,0.0,0.31572113558650017,12.613913238048553,0.0,12.650666117668152,0.5,0.04413102283948949
mappo,17,13,780,8,0.0,-0.018912507686764002,14.160718560218811,0.0,7.048354983329773,1.3091872930526733,0.008202450808312278,0.0,0.7959811761975288,3.738542467355728,0.0,3.771542802453041,0.5,0.155092385682376
mappo,17,14,840,8,0.0,-0.005051543470472097,15.451375603675842,0.0,7.707595407962799,1.3040870875120163,-0.0021516934502869844,0.004464285913854837,0.3970853239297867,7.633517265319824,0.0,7.732619225978851,0.5,0.06977415991096057
mappo,17,15,900,8,0.0,-0.0117513258010149,24.614012718200684,0.0,12.282789945602417,1.2465382367372513,0.005364836863009259,0.0,0.3558491002768278,14.969929099082947,0.0,14.967862486839294,0.5,0.04023837690260479
mappo,17,16,960,8,0.0,-0.005574408976826817,15.23687732219696,0.0,7.6002132296562195,1.2650792002677917,-0.0003214941389160231,0.0,0.52560755610466,13.11639952659607,0.0,13.136420607566833,0.5,0.039597796849412434
mappo,17,17,1020,8,0.0,0.004560567787848413,13.755240797996521,0.0,6.869864284992218,1.231659397482872,0.002828939614119008,0.0,0.5623684823513031,8.758177906274796,0.0,8.660914242267609,0.5,0.06579355192255247
mappo,17,18,1080,8,0.0,-0.012888341210782528,31.398677110671997,0.0,15.674026250839233,1.2423958033323288,0.0008958741236710921,0.0,0.6508121527731419,8.331244736909866,0.0,8.296907842159271,0.5,0.07943096883023569
mappo,17,19,1140,8,0.0,0.00102614751085639,32.526095390319824,0.0,16.251264572143555,1.2809152007102966,-0.0006430468492908403,0.0,0.40893353894352913,9.917026489973068,0.0,9.893649339675903,0.5,0.06413730143151931
mappo,17,2,120,8,0.0,-0.01787883508950472,50.391703605651855,0.0,25.16535210609436,1.2620966136455536,-0.013943514466518536,0.0,0.4296536799520254,3.3577341586351395,0.0,3.398284822702408,0.5,0.1978343117793597
mappo,17,20,1200,8,0.0,-0.020764934131875634,19.90861439704895,0.0,9.920685529708862,1.2856834083795547,0.0014594991371268407,0.0,0.49817008525133133,10.457511484622955,0.0,10.523946821689606,0.5,0.056245963293206726
mappo,17,21,1260,8,0.0,-0.005224370863288641,31.354176998138428,0.0,15.659213781356812,1.2649954855442047,-0.0009265667031286284,0.0,0.6072246171534061,20.234392881393433,0.0,20.124748706817627,0.5,0.02574683180460583
mappo,17,22,1320,8,0.0,-0.006809934275224805,16.306957483291626,0.0,8.134013175964355,1.2655699998140335,-0.0020860893273493275,0.0,0.5877976454794407,6.921349465847015,0.0,6.7908419370651245,0.5,0.08409828675440309
mappo,17,23,1380,8,0.0,-0.009398352936841547,15.871474623680115,0.0,7.914056301116943,1.228263646364212,0.003906287940480979,0.0,0.6504610106348991,20.374248504638672,0.0,20.245773434638977,0.5,0.025571975735955862
mappo,17,24,1440,8,0.0,0.0019850688986480236,17.66597592830658,0.0,8.822501003742218,1.2472214698791504,0.007767787465127185,0.0,0.5197298713028431,10.145377397537231,0.0,10.099804997444153,0.5,0.06553643677369499
mappo,17,25,1500,8,0.0,-0.0009836871176958084,8.542360544204712,0.0,4.2578334510326385,1.2363119572401047,-0.008063973189564422,0.0,0.6287697572261095,5.9860819876194,0.0,5.831442296504974,0.5,0.09823301224915383
mappo,17,26,1560,8,0.0,0.0003824483137577772,65.04006052017212,0.0,32.50851106643677,1.1901658773422241,0.004352202580776066,0.0,0.5591852217912674,44.98748970031738,0.0,45.236371994018555,0.5,0.011176085101337144
mappo,17,27,1620,8,0.0,-0.005968731129541993,51.347819805145264,0.0,25.6561176776886,1.182354360818863,0.007756874983897433,0.004464285913854837,0.5550110228359699,28.982989072799683,0.0,28.990429639816284,0.5,0.021434133647762206
mappo,17,28,1680,8,0.0,-0.0013529215939342976,23.559940338134766,0.0,11.766968846321106,1.1648184955120087,0.004162907775025815,0.0,0.6513678096234798,9.973389983177185,0.0,10.087921917438507,0.5,0.054038181294753594
mappo,17,29,1740,8,0.0,-0.002316877515113447,15.935738801956177,0.0,7.953881025314331,1.1671693623065948,-0.003568005980923772,0.0,0.5241598673164845,6.430891394615173,0.0,6.439883291721344,0.5,0.08540162621336887
mappo,17,3,180,8,0.0,0.0027349297888576984,84.00072383880615,0.0,41.99006795883179,1.302827700972557,-0.0014995848760008812,0.0,0.25169800966978073,10.557451248168945,0.0,10.558909177780151,0.5,0.04807088419109958
mappo,17,30,1800,8,0.0,-0.0046686152927577496,17.639610767364502,0.0,8.803008079528809,1.2128577828407288,0.0035653458471642807,0.0,0.5217020660638809,11.384402513504028,0.0,11.261839270591736,0.5,0.05832341269431472
mappo,17,31,1860,8,0.0,-0.006871047662571073,13.804357886314392,0.0,6.882808268070221,1.2499533146619797,-0.0019459654067759402,0.0,0.4300563596189022,7.892126560211182,0.0,7.926474303007126,0.5,0.07921794473163331
mappo,17,32,1920,8,0.0,-0.003995375125668943,27.879708290100098,0.0,13.923283696174622,1.257491484284401,0.0023855514664319344,0.0,0.52628568187356,9.201639652252197,0.0,9.223483860492706,0.5,0.056448622198136664
mappo,17,33,1980,8,0.0,-0.0011100757983513176,12.786291480064392,0.0,6.379459321498871,1.2576289027929306,0.0059209868049947545,0.0,0.3664009813219309,9.56399118900299,0.0,9.552064001560211,0.5,0.06509402068887489
mappo,17,34,2040,8,0.0,-0.007599033415317535,29.574103593826294,0.0,14.767045259475708,1.240756317973137,0.003932805790100247,0.0,0.5220467709004879,11.216316938400269,0.0,11.230810046195984,0.5,0.046517152281144704
mappo,17,35,2100,8,0.0,-0.0014189067878760397,56.655478954315186,0.0,28.31382393836975,1.2496018409729004,0.0001991048629861325,0.0,0.5181793458759785,38.043153524398804,0.0,38.13490152359009,0.5,0.013853747591818325
mappo,17,36,2160,8,0.0,-0.008868686854839325,11.804464221000671,0.0,5.881113022565842,1.2250412106513977,0.011654288973659277,0.0262276791036129,0.7895339988172054,14.877308785915375,0.0,15.119072496891022,0.5,0.04526399713427278
mappo,17,37,2220,8,0.0,-0.005152476020157337,22.95479941368103,0.0,11.460281610488892,1.1965601593255997,-0.013576241239206865,0.0,0.3577987626194954,14.243448734283447,0.0,14.190902352333069,0.5,0.04751945737424488
mappo,17,38,2280,8,0.0,-0.006746402708813548,27.00423836708069,0.0,13.484136700630188,1.1236013323068619,0.005138893975527026,0.0,0.7040360644459724,16.015095829963684,0.0,15.896769404411316,0.5,0.03422616864912604
mappo,17,39,2340,8,0.0,0.0016133105382323265,25.266420602798462,0.0,12.623192548751831,1.1631042212247849,0.0055209721613209695,0.0,0.41110250912606716,17.64077615737915,0.0,17.56064921617508,0.5,0.035341382531335945
mappo,17,4,240,8,0.0,0.003870348446071148,12.075431287288666,0.0,6.028317213058472,1.3268730491399765,-0.004626622190698981,0.0,0.28159897588193417,1.2012541107833385,0.0,1.240846861153841,0.4926803819835186,0.6075142157034965
mappo,17,40,2400,8,0.0,-0.006362198386341333,13.459340691566467,0.0,6.711103439331055,1.2204689383506775,-0.0026621678443916608,0.013392857275903225,0.7305561304092407,6.715815991163254,0.0,6.771004915237427,0.5,0.0824442748849758
mappo,17,41,2460,8,0.0,0.006244827061891556,48.70453453063965,0.0,24.346144199371338,1.236832544207573,-0.003476776742900256,0.004464285913854837,0.6413053385913372,31.10393261909485,0.0,31.355132579803467,0.5,0.024891397768313506
mappo,17,42,2520,8,0.0,-0.00461447611451149,17.671806693077087,0.0,8.819186985492706,1.2101877629756927,0.014696416532387957,0.004464285913854837,0.4259505271911621,15.202959418296814,0.0,15.300558507442474,0.5,0.04623875276724793
mappo,17,43,2580,8,0.0,-0.011165954871103168,13.82428753376007,0.0,6.88859099149704,1.2386795431375504,-0.0006909332005307078,0.0,0.6376694776117802,22.930471658706665,0.0,22.962196588516235,0.5,0.029002997211845034
mappo,17,44,2640,8,0.0,0.007367884216364473,18.67177724838257,0.0,9.330841302871704,1.2415460050106049,0.0024057679693214595,0.0,0.5690583661198616,15.582468748092651,0.0,15.688601970672607,0.5,0.03646057349591673
mappo,17,45,2700,8,0.0,0.006478169467300177,12.492968916893005,0.0,6.240743577480316,1.2219029068946838,-0.0017772134433471365,0.0,0.5800156071782112,13.223844289779663,0.0,13.166784584522247,0.5,0.05120830063012401
mappo,17,46,2760,8,0.0,-0.003695372026413679,20.602768778800964,0.0,10.285463273525238,1.222589761018753,0.00202425412771845,0.0,0.6208765134215355,22.187873244285583,0.0,22.271307945251465,0.5,0.03259237696040748
mappo,17,47,2820,8,0.0,-0.00612863214337267,12.922423481941223,0.0,6.4427202343940735,1.2362893968820572,-0.00822508498094976,0.004464285913854837,0.5079326964914799,17.432883858680725,0.0,17.43988037109375,0.5,0.04985557722872471
mappo,17,48,2880,8,0.0,-0.006794573739171028,19.471312880516052,0.0,9.716455638408661,1.2406332939863205,0.012858610818511806,0.004464285913854837,0.702412623912096,14.518633961677551,0.0,14.634979963302612,0.5,0.03856143166249934
mappo,17,49,2940,8,0.0,0.006875461665913463,14.111803889274597,0.0,7.050416529178619,1.2360793352127075,0.004873260884778574,0.0,0.5451481454074383,13.776334881782532,0.0,13.747411370277405,0.5,0.03988676209753088
mappo,17,5,300,8,0.0,-0.0016344322357326746,33.4480504989624,0.0,16.70902144908905,1.3368536084890366,-0.005920401271396258,0.0,0.4249868895858526,4.4483553767204285,0.0,4.475846976041794,0.5,0.1494448201116412
mappo,17,50,3000,8,0.0,0.0018116501159965992,10.845950603485107,0.0,5.411897838115692,1.2888998687267303,0.0023257557113538496,0.0,0.8159080669283867,11.625529825687408,0.0,11.577724158763885,0.5,0.05201156988547597
mappo,17,51,3060,8,0.0,-0.0028670751489698887,43.261345863342285,0.0,21.615720987319946,1.2085273563861847,0.001284933312490466,0.0,0.719569019973278,29.09568202495575,0.0,29.10713839530945,0.5,0.02086983248042254
mappo,17,52,3120,8,0.0,-0.017030401155352592,15.606165289878845,0.0,7.773760914802551,1.2291393876075745,-0.0006287736905505881,0.004464285913854837,0.902264729142189,19.739606857299805,0.0,19.665769934654236,0.5,0.04012834585610232
mappo,17,53,3180,8,0.0,-0.009236538171535358,13.52958881855011,0.0,6.743673205375671,1.1884546130895615,-0.005458911743517092,0.004464285913854837,0.7150017395615578,23.711145997047424,0.0,23.71584939956665,0.5,0.0245185912960428
mappo,17,54,3240,8,0.0,-0.015414435882121325,11.513737559318542,0.0,5.729916334152222,1.1538020968437195,-0.002927303430624306,0.008928571827709675,0.832335565239191,18.867002248764038,0.0,18.50265145301819,0.5,0.0302230377936688
mappo,17,55,3300,8,0.0,-0.01567411608994007,24.573770761489868,0.0,12.260396003723145,1.0815200507640839,-0.005086146789835766,0.012834821827709675,0.7067407630383968,43.51613175868988,0.0,43.79465985298157,0.5,0.01940845340940126
mappo,17,56,3360,8,0.0,-0.00059107830747962,10.90699028968811,0.0,5.441666901111603,1.123707503080368,-0.005536038603167981,0.0,0.5970413759350777,13.14166647195816,0.0,13.019789695739746,0.5,0.046119641970526405
mappo,17,57,3420,8,0.0,-0.0030568414367735386,7.19962877035141,0.0,3.585995316505432,1.0762307345867157,0.0019611104871728458,0.0,0.8172295466065407,18.15185296535492,0.0,18.61685872077942,0.5,0.03261910673103396
mappo,17,58,3480,8,0.0,0.0016446555964648724,18.252114057540894,0.0,9.11661434173584,1.1087423264980316,0.002839567343471572,0.0,0.8958229571580887,55.29962348937988,0.0,55.76616048812866,0.5,0.009177085048515327
mappo,17,59,3540,8,0.0,0.006837150547653437,30.532314777374268,0.0,15.262260794639587,1.0733681917190552,0.0035326250799698755,0.013392857275903225,0.9736022353172302,24.971655249595642,0.0,24.652709484100342,0.5,0.02385412984044153
mappo,17,6,360,8,0.0,-0.010007703443989158,75.88774681091309,0.0,37.92034077644348,1.352505311369896,-0.004376117081847042,0.0,0.4611068032681942,9.352521419525146,0.0,9.40004974603653,0.5,0.05752224625823896
mappo,17,60,3600,8,0.0,-0.002841833047568798,11.279891848564148,0.0,5.626340687274933,1.0763495713472366,-0.0029778126063320087,0.00390625,0.7563855983316898,9.922159940004349,0.0,9.839439481496811,0.5,0.06047963188910983
mappo,17,61,3660,8,0.0,0.002062097191810608,17.147337675094604,0.0,8.565205335617065,1.0525559484958649,0.004877644722000696,0.0,0.7187167555093765,29.552237510681152,0.0,29.82899308204651,0.5,0.021296960029270805
mappo,17,62,3720,8,0.0,-0.00974283111281693,18.46343684196472,0.0,9.210819721221924,1.1155979931354523,-0.0007743742971797474,0.0,0.8809139020740986,69.3858413696289,0.0,69.52250909805298,0.5,0.007387421936127467
mappo,17,63,3780,8,0.0,0.000484381802380085,9.682000279426575,0.0,4.83116751909256,1.031699500977993,0.00012457994853320997,0.0,0.8732038028538227,30.458434104919434,0.0,30.08055090904236,0.5,0.017906686061220915
mappo,17,64,3840,8,0.0,-0.0010434419964440167,8.729138314723969,0.0,4.35284036397934,1.0685330927371979,0.0030590409878641367,0.0,1.0834109149873257,14.369712591171265,0.0,14.091521263122559,0.5,0.03926053772553684
mappo,17,65,3900,8,0.0,-0.0004338151775300503,22.53939664363861,0.0,11.259196043014526,1.0068527162075043,0.00013343313185032457,0.0,1.1131948083639145,25.553327083587646,0.0,25.990372896194458,0.5,0.027136377649717495
mappo,17,66,3960,8,0.0,-0.0020965540315955877,9.130375146865845,0.0,4.553010791540146,1.0080146864056587,0.0014712385600432754,0.02176339365541935,0.9581169039011002,11.28990638256073,0.0,11.044809758663177,0.5,0.052709271202038985
mappo,17,67,4020,8,0.0,0.006187557766679674,22.671436548233032,0.0,11.33191192150116,0.9993884190917015,0.001051085491781123,0.008928571827709675,1.1252268105745316,92.88302898406982,0.0,92.77138423919678,0.5,0.005433222680259651
mappo,17,68,4080,8,0.0,-0.004676415817812085,10.808324575424194,0.0,5.390522301197052,0.8963377699255943,0.0005358024936867878,0.0,1.0488517135381699,16.633455455303192,0.0,17.22247439622879,0.5,0.03543798726085301
mappo,17,69,4140,8,0.0,-0.0002091065252898261,11.856854677200317,0.0,5.918506383895874,0.9711891338229179,0.0032506010902579874,0.0,0.9338503107428551,38.83262848854065,0.0,39.21323800086975,0.5,0.01341809291212981
mappo,17,7,420,8,0.0,-0.010508114472031593,38.52715587615967,0.0,19.239503860473633,1.3566179126501083,-0.005568703607423231,0.0,0.4530159831047058,3.5502630472183228,0.0,3.5893687903881073,0.5,0.15774322420983622
mappo,17,70,4200,8,0.0,0.005860091303475201,25.59678030014038,0.0,12.794826030731201,0.9424447119235992,0.0017271789693040773,0.0,0.8563495799899101,54.3228325843811,0.0,54.69748783111572,0.5,0.009529050669568304
mappo,17,71,4260,8,0.0,-0.005204773275181651,13.795418739318848,0.0,6.8831587433815,0.9346007332205772,0.00027664523781822936,0.0,0.5980777107179165,32.60383915901184,0.0,32.60081648826599,0.5,0.01587220780662227
mappo,17,72,4320,8,0.0,-0.004816812463104725,13.521739721298218,0.0,6.74689918756485,0.9153890907764435,-0.004963339073583484,0.0,0.9262077175080776,12.049939036369324,0.0,11.832696497440338,0.5,0.049482825428283514
mappo,17,73,4380,8,0.0,-0.0035954759223386645,23.860398054122925,0.0,11.91790509223938,0.8698427602648735,8.436099960817955e-05,0.0,0.6143249869346619,19.74488878250122,0.0,19.691361010074615,0.5,0.035296448978891524
mappo,17,74,4440,8,0.0,0.0015294414479285479,21.965118765830994,0.0,10.975507259368896,0.8581703901290894,-0.012682445303653367,0.004464285913854837,0.6850138641893864,32.151843309402466,0.0,31.945525884628296,0.5,0.021424155539933893
mappo,17,75,4500,8,0.0,0.0023290844110306352,17.098308563232422,0.0,8.542935371398926,0.854779951274395,0.00014146925241220742,0.0,0.5533430464565754,17.479898273944855,0.0,17.674551248550415,0.5,0.03774741334441061
mappo,17,76,4560,8,0.0,-0.001088721037376672,18.79800319671631,0.0,9.388936638832092,0.8976049646735191,0.002307538962668332,0.0,0.5930724553763866,17.340702295303345,0.0,17.3106871843338,0.5,0.03214325509305537
mappo,17,77,4620,8,0.0,-0.01535229291766882,11.602663516998291,0.0,5.776592314243317,0.9387173354625702,-0.008780687436228618,0.004464285913854837,0.7738351300358772,21.781166315078735,0.0,22.012157142162323,0.5,0.03799140699867527
mappo,17,78,4680,8,0.0,0.0028331081848591566,10.777216911315918,0.0,5.382840275764465,0.8601299375295639,0.0014880254748277366,0.0,0.8762825280427933,22.496492743492126,0.0,22.25291919708252,0.5,0.026279797196347876
mappo,17,79,4740,8,0.0,-0.004126852247281931,21.1861629486084,0.0,10.580134630203247,0.8819942995905876,0.002820687528583221,0.0,0.9991277530789375,23.37229359149933,0.0,23.309616804122925,0.5,0.026831388011970915
mappo,17,8,480,8,0.0,-0.00909056095406413,21.27438509464264,0.0,10.614680111408234,1.3421829789876938,0.009276714168663602,0.0,0.4510191548615694,3.1947640776634216,0.0,3.2210596054792404,0.5,0.1923480647309759
mappo,17,80,4800,8,0.0,-0.008184538222849369,21.60834038257599,0.0,10.786902964115143,0.9082621186971664,-0.0026571830894681625,0.012834821827709675,0.8741843812167645,22.90988063812256,0.0,23.086186170578003,0.5,0.023650844368061388
mappo,17,81,4860,8,0.0,0.009345962665975094,41.742682695388794,0.0,20.87247860431671,0.8208540081977844,0.0011288560199318454,0.0,1.154344942420721,68.93169736862183,0.0,68.44785618782043,0.5,0.010168748733910056
mappo,17,82,4920,8,0.0,0.002255368046462536,14.82146942615509,0.0,7.4040879011154175,0.8902174830436707,0.0019726977266145695,0.0,0.7525154799222946,78.0562834739685,0.0,77.73932218551636,0.5,0.006580945619766186
mappo,17,83,4980,8,0.0,-0.011893817689269781,14.55495810508728,0.0,7.257108986377716,0.8476211354136467,0.01610052133037243,0.029017857275903225,1.0014763250946999,18.700969457626343,0.0,18.40729260444641,0.5,0.028463929297258647
mappo,17,84,5040,8,0.0,-0.0011714743450284004,14.099192023277283,0.0,7.039923429489136,0.8501126319169998,0.00395684756222181,0.0,0.8100638687610626,17.202615678310394,0.0,17.431540846824646,0.5,0.038502201362938006
mappo,17,85,5100,8,0.0,0.002087979344651103,13.687956094741821,0.0,6.838174104690552,0.7891922146081924,-0.0009164261573459953,0.0,1.1019973941147327,37.67863094806671,0.0,37.388015270233154,0.5,0.01626180013416468
mappo,17,86,5160,8,0.0,0.005383515730500221,8.083661139011383,0.0,4.040245860815048,0.69682477414608,-0.0037072440172778443,0.07142857322469354,1.2104309536516666,18.62662661075592,0.0,18.68211591243744,0.5,0.03629241510108141
mappo,17,87,5220,8,0.0,-0.007595575763843954,8.37598431110382,0.0,4.173065155744553,0.7331468164920807,-0.0015164021169766784,0.0,1.20521879196167,8.8963063955307,0.0,8.478692889213562,0.5,0.06311787325903133
mappo,17,88,5280,8,0.0,0.0009121149778366089,18.68003797531128,0.0,9.334254503250122,0.6676734536886215,0.0007972609346325044,0.004464285913854837,0.7500081695616245,58.07450342178345,0.0,57.93343925476074,0.5,0.009094475752055822
mappo,17,89,5340,8,0.0,0.0017564385198056698,10.767871141433716,0.0,5.379092454910278,0.6599536836147308,0.0020011369342682883,0.0,1.4404985271394253,27.16179049015045,0.0,27.67139506340027,0.5,0.020781634067162737
mappo,17,9,540,8,0.0,0.011073955334722996,74.17401599884033,0.0,37.08410143852234,1.3980264961719513,-0.0021024772722739726,0.0,0.6118451803922653,5.92724934220314,0.0,5.970168173313141,0.5,0.1008321658280546
mappo,17,90,5400,8,0.0,-0.010160296456888318,11.595023155212402,0.0,5.780844330787659,0.6506958305835724,0.005228638707194477,0.021205357741564512,1.48081673681736,14.162684500217438,0.0,13.802904427051544,0.5,0.04577256150902383
mappo,17,91,5460,8,0.0,0.0024479464991600253,21.294819355010986,0.0,10.643589735031128,0.6267999112606049,-0.0018814385766745545,0.0,1.1385586336255074,23.33850860595703,0.0,22.980478286743164,0.5,0.024190646560088607
mappo,17,92,5520,8,0.0,-0.0005042289849370718,11.196683406829834,0.0,5.591684877872467,0.6152522787451744,-0.0005893075212952681,0.0,1.1314221024513245,33.78515827655792,0.0,33.40642321109772,0.5,0.021496398170537015
mappo,17,93,5580,8,0.0,0.005328218452632427,14.946600198745728,0.0,7.4726367592811584,0.599166065454483,-0.00035914441104978323,0.0,1.0940108969807625,23.673288583755493,0.0,24.174911618232727,0.5,0.026925877933720976
mappo,17,94,5640,8,0.0,-0.002110244065988809,17.797370433807373,0.0,8.890685319900513,0.5889569967985153,0.009160825735307299,0.05022321455180645,1.266675554215908,19.605668783187866,0.0,20.021133422851562,0.5,0.030569146620651213
mappo,17,95,5700,8,0.0,0.0035080276429653168,10.697059988975525,0.0,5.345888376235962,0.6149683967232704,0.0012685692818195093,0.0,0.6747953034937382,21.25132727622986,0.0,21.301126897335052,0.5,0.03480395721393246
mappo,17,96,5760,8,0.0,-0.00023685535416007042,7.260355472564697,0.0,3.624247223138809,0.5693719014525414,0.01567513221380068,0.0680803582072258,1.107069879770279,21.920209407806396,0.0,21.756749033927917,0.5,0.02859057176653775
mappo,29,1,60,8,0.0,-0.007648867554962635,73.8250184059143,0.0,36.89303970336914,1.1819950342178345,-0.0029945427377242595,0.0,0.2877338156104088,5.403178960084915,0.0,5.41257980465889,0.5,0.10103519346292952
mappo,29,10,600,8,0.0,-0.0006704800762236118,39.085793018341064,0.0,19.52924156188965,1.298444613814354,0.001766562902048463,0.0,0.4027286618947983,3.891348123550415,0.0,3.93313992023468,0.5,0.1765442481821257
mappo,29,11,660,8,0.0,-0.007648452650755644,15.320587396621704,0.0,7.639712572097778,1.2932431995868683,0.00032371896875815764,0.0,0.3320818059146404,3.6416004598140717,0.0,3.697457507252693,0.5,0.15520448057818087
mappo,29,12,720,8,0.0,-0.002933177398517728,64.81006526947021,0.0,32.38933038711548,1.2768696993589401,0.0017455885390518233,0.0,0.38938494212925434,6.398522526025772,0.0,6.398112922906876,0.5,0.09670131002111837
mappo,29,13,780,8,0.0,0.00410564721096307,42.26786947250366,0.0,21.12550163269043,1.2539107948541641,8.559060370316729e-05,0.0,0.19075258634984493,3.99993634223938,0.0,4.020133435726166,0.5,0.1320724365904639
mappo,29,14,840,8,0.0,0.0033149970695376396,14.46577513217926,0.0,7.224188148975372,1.2014380246400833,0.0001071574806701392,0.0,0.32390409894287586,6.0744869112968445,0.0,6.076437383890152,0.5,0.09683669330935453
mappo,29,15,900,8,0.0,-0.002938598394393921,41.64103293418884,0.0,20.805305242538452,1.227252259850502,0.0006657768426521216,0.0,0.28287995234131813,7.425629526376724,0.0,7.42750358581543,0.5,0.08066734086706139
mappo,29,16,960,8,0.0,-0.003618028713390231,120.69235324859619,0.0,60.32989454269409,1.2665009796619415,-4.514378815656528e-05,0.0,0.3591413237154484,31.384719133377075,0.0,31.351646423339844,0.5,0.017645683974363176
mappo,29,17,1020,8,0.0,0.008691000286489725,15.446583867073059,0.0,7.719771444797516,1.2211556434631348,0.0011123824151582085,0.0,0.32367539033293724,6.603751689195633,0.0,6.62568786740303,0.5,0.09509571940288446
mappo,29,18,1080,8,0.0,-0.0013524077367037535,26.809082746505737,0.0,13.390818119049072,1.237088605761528,-0.0022078389301896095,0.0,0.23771223425865173,10.104312479496002,0.0,10.091162085533142,0.5,0.05581354985184409
mappo,29,19,1140,8,0.0,-0.0026005939580500126,76.15582513809204,0.0,38.062766790390015,1.254529669880867,0.00021040850697318092,0.0,0.4545069485902786,33.08509373664856,0.0,33.19001030921936,0.5,0.01618447636733264
mappo,29,2,120,8,0.0,-0.010173941496759653,35.62283229827881,0.0,17.789454698562622,1.178749680519104,0.002855562273907708,0.0,0.345770126208663,1.7528060227632523,0.0,1.7994590774178505,0.5,0.3476092648557687
mappo,29,20,1200,8,0.0,-0.0027190529508516192,17.867631196975708,0.0,8.919042766094208,1.2053605616092682,-0.0007637106900801882,0.0,0.3232964873313904,5.538041263818741,0.0,5.554068863391876,0.5,0.09474335436492709
mappo,29,21,1260,8,0.0,0.0027347784489393234,34.39195275306702,0.0,17.18651854991913,1.2192432880401611,-0.0019641825201688334,0.0,0.48352564685046673,21.298235297203064,0.0,21.263220071792603,0.5,0.026591595710237476
mappo,29,22,1320,8,0.0,-0.0010989350266754627,8.893459975719452,0.0,4.4332786202430725,1.2352462857961655,-0.0021667460969183594,0.0,0.4003354646265507,4.501094818115234,0.0,4.5344105660915375,0.5,0.11441039560790413
mappo,29,23,1380,8,0.0,-0.005076908506453037,40.4331431388855,0.0,20.19931721687317,1.2177174240350723,-0.0028297010285314173,0.0,0.42348687537014484,13.69505226612091,0.0,13.746595025062561,0.5,0.03855291148657269
mappo,29,24,1440,8,0.0,-0.011202187277376652,23.170955538749695,0.0,11.562113106250763,1.2162462919950485,0.001713638412184082,0.0,0.4657604731619358,29.520785570144653,0.0,29.46442222595215,0.5,0.01869435452635723
mappo,29,25,1500,8,0.0,0.001995434984564781,40.770214796066284,0.0,20.375032663345337,1.2070494145154953,0.0032488008437212557,0.0,0.34128354862332344,9.493403971195221,0.0,9.477554082870483,0.5,0.05938484037704143
mappo,29,26,1560,8,0.0,0.007532072515459731,25.542840003967285,0.0,12.766894221305847,1.2057880014181137,-0.001951557779648283,0.0,0.43621033802628517,15.892930328845978,0.0,15.91400295495987,0.5,0.03963366897288596
mappo,29,27,1620,8,0.0,0.0011575411772355437,20.443872928619385,0.0,10.211029291152954,1.2064933627843857,-0.0016973029560176656,0.0,0.5823714472353458,37.510804653167725,0.0,37.43930006027222,0.5,0.014684448635280772
mappo,29,28,1680,8,0.0,8.10227356851101e-06,12.158589243888855,0.0,6.067635178565979,1.1667466163635254,0.0025253618659917265,0.0,0.43091945350170135,16.92387366294861,0.0,16.913611352443695,0.5,0.03455611132238837
mappo,29,29,1740,8,0.0,-0.004406736698001623,34.217443227767944,0.0,17.0927232503891,1.1591380089521408,-0.0004883639339823276,0.0,0.48063731379806995,31.440746665000916,0.0,31.534923434257507,0.5,0.017500327509934948
mappo,29,3,180,8,0.0,-0.001435247715562582,40.49463653564453,0.0,20.23396325111389,1.1919920444488525,0.00167368512484245,0.0,0.24378088396042585,3.111678570508957,0.0,3.1257040202617645,0.5,0.18239159962940005
mappo,29,30,1800,8,0.0,0.0017174314707517624,38.685380697250366,0.0,19.332936644554138,1.1471603959798813,-0.0027524233992153313,0.0,0.5407192260026932,29.199485898017883,0.0,29.0508451461792,0.5,0.02160161881120442
mappo,29,31,1860,8,0.0,0.0035885744728147984,7.799555659294128,0.0,3.8917556405067444,1.1610815078020096,-0.0030693897424498573,0.0,0.4508120771497488,7.073814362287521,0.0,6.969063729047775,0.5,0.08874442215197596
mappo,29,32,1920,8,0.0,0.007117819041013718,28.713809728622437,0.0,14.352070808410645,1.1952064633369446,-0.003255004769016523,0.0,0.4882361236959696,22.735665798187256,0.0,22.524827420711517,0.5,0.030973794543043342
mappo,29,33,1980,8,0.0,-0.0059852509293705225,13.496882677078247,0.0,6.730853796005249,1.1602204144001007,-0.004569283561068005,0.0,0.5505727231502533,8.513285756111145,0.0,8.451841115951538,0.5,0.06816663307824175
mappo,29,34,2040,8,0.0,-0.004404389066621661,48.78747606277466,0.0,24.377710342407227,1.162288174033165,0.0038253438460742473,0.0,0.4523111991584301,14.076715230941772,0.0,14.095597267150879,0.5,0.03829422585662444
mappo,29,35,2100,8,0.0,0.0023374478332698345,15.772219777107239,0.0,7.876853168010712,1.1594197005033493,0.0005711492049158551,0.0,0.5719975531101227,15.957956850528717,0.0,15.84227705001831,0.5,0.036700906864316235
mappo,29,36,2160,8,0.0,0.0017028101719915867,27.154035091400146,0.0,13.567542314529419,1.1178310811519623,-0.002802159058774123,0.0,0.7265012748539448,38.324116706848145,0.0,38.10166072845459,0.5,0.013682950424316423
mappo,29,37,2220,8,0.0,0.0039768575225025415,12.836630821228027,0.0,6.411232978105545,1.1059342324733734,-0.001147353796113748,0.0,0.5304376911371946,20.043810486793518,0.0,20.265007495880127,0.5,0.02621803439085798
mappo,29,38,2280,8,0.0,-0.016360715497285128,18.639947056770325,0.0,9.292239844799042,1.1372622400522232,0.004706410254584625,0.0,0.6991127729415894,10.372560650110245,0.0,10.27914410829544,0.5,0.06396214437092093
mappo,29,39,2340,8,0.0,-0.005080407485365868,74.26119709014893,0.0,37.11413311958313,1.1385401785373688,-0.008691236580489203,0.0,0.6006754711270332,37.92689800262451,0.0,38.0588161945343,0.5,0.015354625204887461
mappo,29,4,240,8,0.0,-0.005945415701717138,20.438557147979736,0.0,10.201271891593933,1.206137478351593,-0.001298147104535019,0.0,0.3385513685643673,1.9490741416811943,0.0,1.9862284436821938,0.5,0.35018635580387014
mappo,29,40,2400,8,0.0,-0.008566330652683973,15.491922378540039,0.0,7.7266581654548645,1.0736693441867828,0.0036026089455845067,0.0,0.6455311216413975,10.53087192773819,0.0,10.53921389579773,0.5,0.05135738866874815
mappo,29,41,2460,8,0.0,-0.010875022038817406,26.80585026741028,0.0,13.381259202957153,1.0790826827287674,0.0022515860546263866,0.0,0.5382277145981789,25.493476688861847,0.0,25.493906021118164,0.5,0.03145339303778557
mappo,29,42,2520,8,0.0,0.002578450134024024,11.919211268424988,0.0,5.951616883277893,1.0567183941602707,0.0029266458441270515,0.0,0.4520717766135931,14.142963111400604,0.0,14.099211871623993,0.5,0.04323461995957669
mappo,29,43,2580,8,0.0,-0.003389979712665081,37.52852916717529,0.0,18.75014078617096,1.073386326432228,0.0013922917132731527,0.0,0.47585777938365936,49.91317439079285,0.0,49.83436131477356,0.5,0.013292473347577115
mappo,29,44,2640,8,0.0,0.001348483085166663,13.54476809501648,0.0,6.763031780719757,1.070082813501358,-0.0006715949275530875,0.0,0.8265943452715874,19.12045967578888,0.0,19.29759293794632,0.5,0.0334242411369263
mappo,29,45,2700,8,0.0,0.0001771179959177971,13.247205018997192,0.0,6.6131356954574585,1.0643811374902725,-0.0006914282657817239,0.0,0.47348721511662006,16.87866461277008,0.0,16.957767724990845,0.5,0.03884781549651062
mappo,29,46,2760,8,0.0,-0.004007515264675021,23.89798378944397,0.0,11.93441891670227,1.0565528273582458,-0.0002126129111275077,0.0,0.6913833655416965,42.90936636924744,0.0,42.601831912994385,0.5,0.013135627324203982
mappo,29,47,2820,8,0.0,0.005070679355412722,12.585984706878662,0.0,6.287821710109711,1.024125099182129,-0.00017330348782707006,0.0,0.6599113121628761,18.743326663970947,0.0,18.904276132583618,0.5,0.031599424033900904
mappo,29,48,2880,8,0.0,0.0021254951134324074,16.62847149372101,0.0,8.30587887763977,1.0482447892427444,0.0017361116551910527,0.0,0.46721104718744755,21.98984944820404,0.0,21.973082900047302,0.5,0.028083497669891214
mappo,29,49,2940,8,0.0,-0.010827710619196296,11.421056509017944,0.0,5.689331412315369,1.0369109362363815,0.006034244637703523,0.004464285913854837,0.7421370968222618,15.068981647491455,0.0,15.367962777614594,0.5,0.04668431857096212
mappo,29,5,300,8,0.0,-0.0030187289230525494,38.70907974243164,0.0,19.33960449695587,1.1916053146123886,0.0002736668429861311,0.0,0.3261420987546444,1.1113464683294296,0.0,1.1619864627718925,0.5,0.43791758421451066
mappo,29,50,3000,8,0.0,0.00233899470185861,15.57994544506073,0.0,7.782300114631653,1.001157946884632,-0.003363976375112543,0.0,0.6878868639469147,31.288379907608032,0.0,31.58560299873352,0.5,0.017405696156584563
mappo,29,51,3060,8,0.0,-0.00047012651339173317,28.29751229286194,0.0,14.138827562332153,0.945863351225853,-0.00037355841050157323,0.0,0.573125634342432,16.845233738422394,0.0,16.764516174793243,0.5,0.03476197806925029
mappo,29,52,3120,8,0.0,0.002434708847431466,14.311274528503418,0.0,7.147980868816376,1.0091121941804886,-0.000737117890821537,0.0,0.9443725682795048,45.612067222595215,0.0,45.55802273750305,0.5,0.011389632245348105
mappo,29,53,3180,8,0.0,-0.0029885126277804375,13.534026861190796,0.0,6.754304945468903,0.971989132463932,-0.008735746188904159,0.0,0.6660882122814655,14.511584103107452,0.0,14.424993515014648,0.5,0.0389875149980806
mappo,29,54,3240,8,0.0,-0.003710730466991663,9.830969154834747,0.0,4.9018270671367645,0.9946715012192726,-0.001364376373203413,0.0,0.4512451943010092,25.193918347358704,0.0,25.196586966514587,0.5,0.022774938439667415
mappo,29,55,3300,8,0.0,-0.0019739348208531737,9.174015164375305,0.0,4.575817793607712,0.9215787053108215,-0.00526370934676379,0.0,0.5824736300855875,24.603818893432617,0.0,24.628342628479004,0.5,0.022898597663021655
mappo,29,56,3360,8,0.0,-0.003976627252995968,13.219770073890686,0.0,6.596429705619812,0.9478669539093971,0.004783096112078056,0.0,0.5991530604660511,16.205909371376038,0.0,16.1938756108284,0.5,0.050231859302141794
mappo,29,57,3420,8,0.0,0.00038699712604284286,28.04875111579895,0.0,14.014753699302673,1.0009019672870636,0.00015626132517354563,0.0,0.429494246840477,28.67183554172516,0.0,28.632203340530396,0.5,0.029629191167824937
mappo,29,58,3480,8,0.0,-0.002044583401584532,21.709757089614868,0.0,10.842625260353088,1.0208814963698387,-0.0006301983303274028,0.0,0.5573240295052528,102.4458417892456,0.0,102.15371608734131,0.5,0.004904355363771121
mappo,29,59,3540,8,0.0,0.011046252446249127,11.732535243034363,0.0,5.867210209369659,1.010362647473812,-0.0007271182112162933,0.0,0.43053731136024,27.70015811920166,0.0,27.565688908100128,0.5,0.02860991194762971
mappo,29,6,360,8,0.0,0.002622111001983285,35.68110966682434,0.0,17.830791473388672,1.2384895235300064,0.004283571848645806,0.0,0.19384857267141342,4.117296174168587,0.0,4.125610217452049,0.5,0.14189015720449147
mappo,29,60,3600,8,0.0,-0.0005956641398370266,24.500544786453247,0.0,12.239447712898254,1.0229028537869453,0.0019242792805016506,0.0,0.5571564752608538,27.73430371284485,0.0,27.636382818222046,0.5,0.026570552174464402
mappo,29,61,3660,8,0.0,-0.004365227650851011,13.25890600681305,0.0,6.6148708164691925,1.0217146053910255,0.0017048412664735224,0.0,0.7759885750710964,18.16551685333252,0.0,18.372528791427612,0.5,0.035039095770664386
mappo,29,62,3720,8,0.0,-0.0017325300723314285,35.09020924568176,0.0,17.53290891647339,1.0463271141052246,0.00235326134134084,0.0,0.5714718773961067,23.227102756500244,0.0,23.3397034406662,0.5,0.02330628019325344
mappo,29,63,3780,8,0.0,-0.011560716200619936,45.110180616378784,0.0,22.533323168754578,1.0206946432590485,0.005142731301020831,0.0,0.5825583338737488,37.34521448612213,0.0,37.458640575408936,0.5,0.017451091379348884
mappo,29,64,3840,8,0.0,0.004205018631182611,38.5115921497345,0.0,19.24976670742035,1.0234124138951302,-0.001863918630988337,0.0,0.6732542999088764,21.23258250951767,0.0,21.13523304462433,0.5,0.0309106140429129
mappo,29,65,3900,8,0.0,0.004494699591305107,29.048152446746826,0.0,14.518396377563477,1.017409585416317,0.0010431141236040276,0.0,0.5304661616683006,25.328096508979797,0.0,25.274927020072937,0.5,0.032884837272652165
mappo,29,66,3960,8,0.0,0.004242736846208572,31.705785274505615,0.0,15.847150206565857,0.9985100850462914,0.00039507836208940716,0.0,0.5287296436727047,41.42653274536133,0.0,41.40332639217377,0.5,0.016144305254797032
mappo,29,67,4020,8,0.0,-0.012982460204511881,11.596317291259766,0.0,5.775059819221497,1.0116391479969025,0.002504803975170944,0.0,0.8373226746916771,18.39222425222397,0.0,18.094483196735382,0.5,0.039167351169350946
mappo,29,68,4080,8,0.0,-0.011943049961701035,12.877848148345947,0.0,6.416776895523071,1.0204009488224983,0.005187969833059469,0.0,1.0986444093286991,20.638508200645447,0.0,20.999552965164185,0.5,0.03292873681059835
mappo,29,69,4140,8,0.0,-0.0068100371863693,27.120543718338013,0.0,13.543624997138977,0.9836843386292458,-0.0017986374150495976,0.0,0.7512035258114338,25.402324676513672,0.0,25.205044388771057,0.5,0.02401484789442508
mappo,29,7,420,8,0.0,0.008091477677226067,30.42077112197876,0.0,15.20631718635559,1.2159888744354248,-0.0007885268132667989,0.0,0.2610671781003475,3.665040284395218,0.0,3.6557427793741226,0.5,0.16264687406685538
mappo,29,70,4200,8,0.0,-0.0018357234075665474,32.5405638217926,0.0,16.258512377738953,0.9933935254812241,0.0018120950080628973,0.0,0.8428209200501442,22.154226422309875,0.0,22.19899880886078,0.5,0.023954957570597093
mappo,29,71,4260,8,0.0,0.0012447712942957878,14.561962366104126,0.0,7.272814095020294,0.9411818608641624,-0.004811891907593235,0.0,0.7505857236683369,48.082979917526245,0.0,47.8029088973999,0.5,0.011380218896525974
mappo,29,72,4320,8,0.0,0.005425080191344023,19.993176221847534,0.0,9.992990016937256,0.9023295864462852,-0.001067964760295581,0.0,1.377842828631401,21.888357520103455,0.0,22.244367480278015,0.5,0.03399747452022889
mappo,29,73,4380,8,0.0,0.007947260048240423,14.100924730300903,0.0,7.049544930458069,0.8864651620388031,0.0006558064196724445,0.0,1.2033889330923557,21.001576781272888,0.0,21.005533695220947,0.5,0.029410616750322655
mappo,29,74,4440,8,0.0,0.006747341714799404,19.916529655456543,0.0,9.95623642206192,0.877571165561676,0.0010519223660594434,0.0,0.9586226269602776,44.95185434818268,0.0,44.4734445810318,0.5,0.017577357701899898
mappo,29,75,4500,8,0.0,-0.00939592078793794,15.344948291778564,0.0,7.654183626174927,0.8894590586423874,0.002787967569020111,0.0,1.5317995622754097,43.26892399787903,0.0,42.51736354827881,0.5,0.01335892875213383
mappo,29,76,4560,8,0.0,0.0006858122069388628,14.179917693138123,0.0,7.081727623939514,0.8916822075843811,-0.0005729189069825225,0.0,0.7736114077270031,26.754118740558624,0.0,26.786945104599,0.5,0.025685755812564888
mappo,29,77,4620,8,0.0,-0.003367103636264801,10.538822412490845,0.0,5.257813096046448,0.8230983763933182,-0.002016876016568858,0.0,0.5340092852711678,29.8718318939209,0.0,29.793796062469482,0.5,0.024943197117561024
mappo,29,78,4680,8,0.0,-0.0065450905822217464,14.02767276763916,0.0,6.998587787151337,0.8703468441963196,0.006130064342869446,0.013392857275903225,1.2625132352113724,36.5011830329895,0.0,36.929454922676086,0.5,0.020527990139386727
mappo,29,79,4740,8,0.0,-0.0008722483180463314,15.04259705543518,0.0,7.512407839298248,0.8018513098359108,-0.0009263362080673687,0.0,1.3372506648302078,40.50013256072998,0.0,41.207661867141724,0.5,0.012952318263854989
mappo,29,8,480,8,0.0,-0.02288856857921928,10.95057588815689,0.0,5.439981698989868,1.2417744845151901,-0.0013694817425857764,0.0,0.5436682999134064,2.0433966629207134,0.0,2.172847740352154,0.5,0.30233415940570757
mappo,29,80,4800,8,0.0,0.005447590257972479,23.89269232749939,0.0,11.943571925163269,0.8221792206168175,0.03048575879074633,0.03850446455180645,1.1386672668159008,64.37508535385132,0.0,64.00263166427612,0.5,0.008412948026688275
mappo,29,81,4860,8,0.0,0.0029588458128273487,24.472229957580566,0.0,12.231348395347595,0.7725428491830826,0.003651409628218971,0.0,0.5980046167969704,30.63625168800354,0.0,30.724282383918762,0.5,0.019205929183641272
mappo,29,82,4920,8,0.0,-0.006459179800003767,19.775766015052795,0.0,9.872811555862427,0.861224390566349,-0.0027600297689787112,0.0,0.8978027701377869,96.58398246765137,0.0,96.64447689056396,0.5,0.005341753570725864
mappo,29,83,4980,8,0.0,-0.007786976173520088,20.05830979347229,0.0,10.013539552688599,0.7828461527824402,-0.0034592411902849562,0.0,0.8221042975783348,34.96601188182831,0.0,34.9731479883194,0.5,0.021404404376655705
mappo,29,84,5040,8,0.0,0.004462757147848606,17.464569091796875,0.0,8.72852173447609,0.8225515782833099,-0.0005920930998399854,0.0,0.8628444261848927,31.811957120895386,0.0,31.560128211975098,0.5,0.021380111989124918
mappo,29,85,5100,8,0.0,0.0016072462312877178,24.65625751018524,0.0,12.321504890918732,0.823116660118103,0.002850167638825951,0.0,1.1012137085199356,30.98448348045349,0.0,30.82664954662323,0.5,0.021002592196142755
mappo,29,86,5160,8,0.0,-0.007613256108015776,15.140119910240173,0.0,7.554221570491791,0.8225112482905388,-0.009444163151783869,0.0,1.305111050605774,94.69254112243652,0.0,95.23874092102051,0.5,0.005379750027287867
mappo,29,87,5220,8,0.0,0.005973137042019516,10.949267864227295,0.0,5.472277641296387,0.8329430893063545,0.011631233966909349,0.012834821827709675,0.6238117143511772,22.44036900997162,0.0,22.522310376167297,0.5,0.03114296982612929
mappo,29,88,5280,8,0.0,-0.013110964209772646,11.098899602890015,0.0,5.528209924697876,0.8128792941570282,0.0036844358073722105,0.0,1.5844270586967468,15.191768109798431,0.0,15.327525794506073,0.5,0.0393290407472615
mappo,29,89,5340,8,0.0,0.0002450038446113467,12.526959538459778,0.0,6.256061673164368,0.7663151621818542,0.01100742188282311,0.03459821455180645,0.6001407206058502,19.54317271709442,0.0,19.53277838230133,0.5,0.029763739027561995
mappo,29,9,540,8,0.0,-0.01313026249408722,26.792776107788086,0.0,13.370478868484497,1.2779081910848618,-0.00011514952348079532,0.0,0.2838595751672983,7.4000979363918304,0.0,7.39960104227066,0.5,0.08279641722946404
mappo,29,90,5400,8,0.0,0.0034988855477422476,21.238353729248047,0.0,10.614713072776794,0.7962631657719612,-0.006470698630437255,0.004464285913854837,0.7224971130490303,35.78321957588196,0.0,35.55868303775787,0.5,0.018881533802816538
mappo,29,91,5460,8,0.0,-0.005164956673979759,9.629486322402954,0.0,4.8017367124557495,0.7841596528887749,0.005217176119913347,0.0,0.8729102313518524,60.64330530166626,0.0,60.79106426239014,0.5,0.008585761178469773
mappo,29,92,5520,8,0.0,-0.014169590082019567,11.60803771018982,0.0,5.782101392745972,0.7747827619314194,0.019359432975761592,0.0998883917927742,1.3463316857814789,23.054094791412354,0.0,23.342461824417114,0.5,0.027630013761378542
mappo,29,93,5580,8,0.0,-0.004765050078276545,9.648985862731934,0.0,4.811730265617371,0.7997649535536766,-0.005025565449614078,0.0,1.0535274110734463,14.074800193309784,0.0,14.071634590625763,0.5,0.044292221130541494
mappo,29,94,5640,8,0.0,0.0006789164617657661,16.822001218795776,0.0,8.40452527999878,0.7154102325439453,0.004052686272189021,0.0,0.660271342843771,54.0921106338501,0.0,53.989943981170654,0.5,0.009817721677348977
mappo,29,95,5700,8,0.0,0.007713294122368097,10.734471797943115,0.0,5.367814898490906,0.7134268581867218,-0.009122606308665127,0.0,0.9327688701450825,17.684898138046265,0.0,17.601257383823395,0.5,0.040608592926634435
mappo,29,96,5760,8,0.0,0.004765440709888935,11.402896165847778,0.0,5.698563933372498,0.7649592980742455,0.010846619436051697,0.008370535913854837,1.007877178490162,38.91661834716797,0.0,38.844375133514404,0.5,0.016262272410866134
mappo,43,1,60,8,0.0,-0.003476361045613885,13.40736997127533,0.0,6.687441945075989,1.2766698151826859,0.0030548419454135,0.0,0.23747836239635944,2.660972014069557,0.0,2.670653685927391,0.5,0.1982625923307868
mappo,43,10,600,8,0.0,-0.005764781031757593,30.981810331344604,0.0,15.472286939620972,1.2853621542453766,0.001474114651500713,0.0,0.3827028386294842,5.760403394699097,0.0,5.830384016036987,0.5,0.08916191470306631
mappo,43,11,660,8,0.0,-0.0011091064661741257,50.19148588180542,0.0,25.081761121749878,1.2872959077358246,0.0002523984421713976,0.0,0.4547313004732132,3.3874356746673584,0.0,3.420900285243988,0.5,0.15303368539452644
mappo,43,12,720,8,0.0,-0.021696307696402073,20.264244318008423,0.0,10.09774935245514,1.2676587849855423,0.0019369589354027994,0.0,0.48158254846930504,4.548457741737366,0.0,4.516464471817017,0.5,0.14328665127196644
mappo,43,13,780,8,0.0,-0.0012202574871480465,92.87559795379639,0.0,46.42376661300659,1.281187728047371,0.004223005169478711,0.0,0.42814352363348007,14.188779592514038,0.0,14.112998962402344,0.5,0.04181985074404822
mappo,43,14,840,8,0.0,-0.0006576739251613617,13.945372700691223,0.0,6.959233820438385,1.2794783264398575,0.0024061583753791638,0.0,0.36620671674609184,5.110907644033432,0.0,5.145932823419571,0.5,0.1110108027521554
mappo,43,15,900,8,0.0,0.00408770190551877,40.24529027938843,0.0,20.113994359970093,1.2738353461027145,0.006117457247455604,0.0,0.41201529279351234,15.761743307113647,0.0,15.875737428665161,0.5,0.035180345743926186
mappo,43,16,960,8,0.0,-0.005316960625350475,15.075786352157593,0.0,7.519984066486359,1.2592197507619858,-0.00436605323193362,0.0,0.3926614597439766,14.053574085235596,0.0,14.043603301048279,0.5,0.03763673167955731
mappo,43,17,1020,8,0.0,-0.008004612289369106,34.204482078552246,0.0,17.08145010471344,1.278636246919632,-0.00426867202622816,0.0,0.48226041346788406,11.867761015892029,0.0,11.903095602989197,0.5,0.044385433760917824
mappo,43,18,1080,8,0.0,0.005087820929475129,32.59894919395447,0.0,16.29231894016266,1.2243451625108719,0.0004563717811834067,0.0,0.5068981684744358,8.546298146247864,0.0,8.500025689601898,0.5,0.060549131712274974
mappo,43,19,1140,8,0.0,0.005294586124364287,23.998934507369995,0.0,11.992573618888855,1.2188167721033096,0.0021182145101192873,0.0,0.4421463720500469,9.246620535850525,0.0,9.331266582012177,0.5,0.059428947340146955
mappo,43,2,120,8,0.0,-0.006220893992576748,33.41653752326965,0.0,16.689135193824768,1.291254460811615,0.0037618523638229817,0.0,0.28298354521393776,2.055937722325325,0.0,2.075373813509941,0.5,0.2518410936682898
mappo,43,20,1200,8,0.0,0.0003833741648122668,21.284602403640747,0.0,10.630475997924805,1.2208718806505203,-0.0018935369334940333,0.0,0.48489394038915634,20.606452703475952,0.0,20.416082620620728,0.5,0.024621279348834745
mappo,43,21,1260,8,0.0,0.002197515219449997,49.58169364929199,0.0,24.780467748641968,1.2576833814382553,-0.0004892149263469037,0.0,0.6336635313928127,27.766626834869385,0.0,27.499217987060547,0.5,0.020175599246693526
mappo,43,22,1320,8,0.0,-0.008981176186352968,26.784219980239868,0.0,13.370704770088196,1.2424085289239883,0.006557189510203898,0.0,0.5938703864812851,23.22701108455658,0.0,23.409815073013306,0.5,0.024661472735146357
mappo,43,23,1380,8,0.0,-0.015418681432493031,85.59198379516602,0.0,42.76795721054077,1.2617364525794983,0.0056781757302815095,0.0485491082072258,0.6069102622568607,33.70667290687561,0.0,33.81855130195618,0.5,0.01523861566994746
mappo,43,24,1440,8,0.0,0.003738134168088436,22.695862770080566,0.0,11.33922791481018,1.244173377752304,-0.004777295303938445,0.0,0.43559682182967663,43.697484493255615,0.0,43.85540151596069,0.5,0.011656196057166224
mappo,43,25,1500,8,0.0,-0.005215339828282595,32.87836265563965,0.0,16.421395182609558,1.2570695132017136,-0.0012520263699116185,0.0,0.5756827481091022,24.359262347221375,0.0,24.57720708847046,0.5,0.023395731595540148
mappo,43,26,1560,8,0.0,9.522121399641037e-05,16.426008105278015,0.0,8.200971066951752,1.2128223180770874,0.008002269751159474,0.06863839458674192,0.40613978542387486,25.455796718597412,0.0,25.500662088394165,0.5,0.022957026648856106
mappo,43,27,1620,8,0.0,-0.004568685777485371,37.0247266292572,0.0,18.495522618293762,1.2272059917449951,0.008900783839635551,0.008928571827709675,0.4946831464767456,16.203826904296875,0.0,16.18850815296173,0.5,0.033969017963660766
mappo,43,28,1680,8,0.0,-0.008731270674616098,10.928396940231323,0.0,5.444443941116333,1.1023132503032684,0.01709169428795576,0.025669643189758062,0.4240786135196686,6.181399345397949,0.0,6.104123055934906,0.5,0.09419925148744124
mappo,43,29,1740,8,0.0,-0.007868754211813211,69.51381540298462,0.0,34.736811876297,1.2227198630571365,0.0012592833518283442,0.0,0.6558391898870468,51.392842054367065,0.0,51.6871919631958,0.5,0.010947128656072284
mappo,43,3,180,8,0.0,0.002349328249692917,89.83846473693848,0.0,44.90870380401611,1.2877401113510132,0.0012733972589558107,0.0,0.35046540945768356,8.276753067970276,0.0,8.288695454597473,0.5,0.061226356947758145
mappo,43,30,1800,8,0.0,-0.006267801392823458,12.291991472244263,0.0,6.128960072994232,1.0767974108457565,0.0010510636693652486,0.0,0.5527666993439198,9.104000747203827,0.0,8.815173387527466,0.5,0.06211259839891297
mappo,43,31,1860,8,0.0,-0.002016484271734953,16.99761188030243,0.0,8.485534131526947,1.1255277693271637,-0.004114013601792976,0.0,0.5527101308107376,25.918386101722717,0.0,25.9245103597641,0.5,0.020781051366402035
mappo,43,32,1920,8,0.0,0.0003740102984011173,17.965367317199707,0.0,8.97235906124115,1.0698704421520233,-0.002385435545875225,0.0,0.9458806291222572,32.8035364151001,0.0,33.29194092750549,0.5,0.015044059511501213
mappo,43,33,1980,8,0.0,-0.008639536681585014,22.005489110946655,0.0,10.98293912410736,1.1165996938943863,0.0008456599243800156,0.0,0.7121697440743446,15.732032656669617,0.0,15.390065312385559,0.5,0.0341657373793404
mappo,43,34,2040,8,0.0,-0.011574259027838707,18.97391128540039,0.0,9.464256942272186,1.1124503165483475,-0.001211658676766092,0.0,0.5632458217442036,13.051938652992249,0.0,13.004875659942627,0.5,0.04198970938732501
mappo,43,35,2100,8,0.0,-0.009731988422572613,11.749962151050568,0.0,5.854137361049652,1.111178919672966,-0.001683665044765803,0.0,0.580261267721653,17.812106370925903,0.0,17.858353793621063,0.5,0.03950343589872718
mappo,43,36,2160,8,0.0,-0.005899616051465273,91.11170387268066,0.0,45.5390887260437,1.0863669961690903,0.003945150674553588,0.0,0.5674241110682487,61.08140850067139,0.0,60.9780855178833,0.5,0.00866648837702754
mappo,43,37,2220,8,0.0,0.0023571858764626086,25.133965969085693,0.0,12.558411002159119,1.092896208167076,-0.009689263039035723,0.004464285913854837,0.3809600844979286,11.075515151023865,0.0,11.053107559680939,0.5,0.053729498940311024
mappo,43,38,2280,8,0.0,0.00688997283577919,12.188592970371246,0.0,6.090981721878052,1.0204777494072914,0.002497160679922672,0.0,0.6827680692076683,17.328388154506683,0.0,17.55169004201889,0.5,0.04204553035251325
mappo,43,39,2340,8,0.0,-0.007621304132044315,33.40182638168335,0.0,16.68334138393402,0.9950160831212997,0.010996026372595225,0.046875000931322575,0.7139779850840569,16.03128743171692,0.0,15.94969129562378,0.5,0.03275492716275969
mappo,43,4,240,8,0.0,-0.006818062589445617,51.653972148895264,0.0,25.807469606399536,1.269825041294098,-0.0011235449583182344,0.0,0.3354024086147547,3.6068629026412964,0.0,3.6269714683294296,0.5,0.16823775870954005
mappo,43,40,2400,8,0.0,-0.0031010350212454796,14.541224598884583,0.0,7.2583059668540955,0.9205336645245552,0.001096365915145725,0.07198660727590322,0.6420362554490566,28.94120955467224,0.0,28.84981870651245,0.5,0.018349739821251793
mappo,43,41,2460,8,0.0,0.006431673187762499,11.069543719291687,0.0,5.5325862765312195,0.8617273718118668,-0.014333511688164435,0.0,0.691786851733923,17.677010416984558,0.0,18.089553952217102,0.5,0.030097564787099143
mappo,43,42,2520,8,0.0,-0.008701065089553595,9.854825675487518,0.0,4.910507619380951,0.8204184100031853,-0.004101034457562491,0.0,1.1357091218233109,7.450731575489044,0.0,7.317940533161163,0.5,0.08170670583030765
mappo,43,43,2580,8,0.0,-0.010253047570586205,21.55266571044922,0.0,10.758651971817017,0.7427878230810165,-0.0017615290562389418,0.0,0.6805070210248232,13.218853116035461,0.0,13.41208553314209,0.5,0.03889550774032862
mappo,43,44,2640,8,0.0,-0.013209940865635872,21.199106574058533,0.0,10.577887177467346,0.8456104546785355,0.011055109396693297,0.0301339291036129,1.5291466489434242,21.091774344444275,0.0,21.920460999011993,0.5,0.03284125787441224
mappo,43,45,2700,8,0.0,-0.005464334972202778,24.732529878616333,0.0,12.351354360580444,0.9446230977773666,0.02025285929266829,0.17354910634458065,1.0443374998867512,22.09204411506653,0.0,21.93535476922989,0.5,0.03212993826964541
mappo,43,46,2760,8,0.0,-0.004790745209902525,20.992190837860107,0.0,10.48214066028595,0.9164204970002174,-0.004647619141906034,0.0,0.8264323212206364,59.49886751174927,0.0,59.17127704620361,0.5,0.00873235454203512
mappo,43,47,2820,8,0.0,-0.00964643806219101,10.348579943180084,0.0,5.155815124511719,0.8828294798731804,0.0062974710162961856,0.024553571827709675,1.0550711937248707,11.37573391199112,0.0,11.165394961833954,0.5,0.052571604953819843
mappo,43,48,2880,8,0.0,0.0013261688291095197,23.16336989402771,0.0,11.57518595457077,0.7824853211641312,-0.00021860271590412594,0.0,0.4991313964128494,18.671059489250183,0.0,18.693439960479736,0.5,0.02931199335177019
mappo,43,49,2940,8,0.0,0.002029507973929867,12.008262038230896,0.0,5.99819678068161,0.7963746711611748,-0.000507761025801301,0.013392857741564512,0.7821566760540009,15.552034199237823,0.0,15.232836842536926,0.5,0.04193871496799212
mappo,43,5,300,8,0.0,-0.008065309375524521,71.80965995788574,0.0,35.88422441482544,1.2540857642889023,-0.0019108043707092293,0.0,0.2815178809687495,5.362772524356842,0.0,5.377011477947235,0.5,0.10528626856447496
mappo,43,50,3000,8,0.0,0.014938088599592447,9.972440838813782,0.0,4.99450010061264,0.6658516898751259,0.0006083901580495876,0.035156250931322575,1.346042960882187,22.137112140655518,0.0,21.585962772369385,0.5,0.028642051139004202
mappo,43,51,3060,8,0.0,0.0007189889438450336,21.66158103942871,0.0,10.82374358177185,0.7765741348266602,0.0036180208371661138,0.0,0.665825616568327,40.35318684577942,0.0,40.097742319107056,0.5,0.013597006167099945
mappo,43,52,3120,8,0.0,0.01325638487469405,11.750110030174255,0.0,5.880783677101135,0.7527687475085258,0.002191745508753229,0.04575892956927419,2.2229570895433426,17.360386908054352,0.0,16.235750555992126,0.5,0.04001210354001944
mappo,43,53,3180,8,0.0,-0.0060268668457865715,13.92663836479187,0.0,6.949754476547241,0.7537837103009224,0.0013949412366400793,0.0,1.5344774313271046,16.66660988330841,0.0,16.440736055374146,0.5,0.031103597308942563
mappo,43,54,3240,8,0.0,-0.0032614218071103096,16.766425251960754,0.0,8.373256385326385,0.6694807931780815,-0.0006608050935028587,0.0,0.8933166489005089,14.351995587348938,0.0,14.307885646820068,0.5,0.03783716855504246
mappo,43,55,3300,8,0.0,-0.0045041602570563555,14.172488808631897,0.0,7.074252903461456,0.7487366273999214,-0.00782031063863542,0.04241071501746774,0.9488998502492905,26.423301339149475,0.0,26.64668834209442,0.5,0.024769073109390714
mappo,43,56,3360,8,0.0,0.004522459639701992,9.555604338645935,0.0,4.776840925216675,0.5483711585402489,-0.0075643148957169615,0.05412946501746774,1.37510372325778,9.819551408290863,0.0,9.708000779151917,0.5,0.05439498400145923
mappo,43,57,3420,8,0.0,0.0005452751647680998,10.518540263175964,0.0,5.253023982048035,0.6791426464915276,0.0059431659428810235,0.047433036379516125,0.7216425985097885,15.040648579597473,0.0,14.962690591812134,0.5,0.03611196969745735
mappo,43,58,3480,8,0.0,0.001739739607728552,13.688833832740784,0.0,6.8391517996788025,0.7004870548844337,-0.005813988245790824,0.0,1.699248731136322,53.031808853149414,0.0,52.64911508560181,0.5,0.010185616734815241
mappo,43,59,3540,8,0.0,-0.0003872030647471547,14.19565498828888,0.0,7.090553045272827,0.6887279823422432,0.00035981521432404406,0.0,1.4026308581233025,13.438627481460571,0.0,13.310097336769104,0.5,0.04099181695974706
mappo,43,6,360,8,0.0,0.001756416168063879,37.949342250823975,0.0,18.963988542556763,1.2439376413822174,0.0001709909474811866,0.0,0.29845641925930977,2.6098995357751846,0.0,2.623395264148712,0.5,0.23176276653819775
mappo,43,60,3600,8,0.0,0.0061283467803150415,17.618542432785034,0.0,8.808696627616882,0.6703121513128281,0.013285535402246751,0.09095982275903225,0.9130946528166533,26.9780433177948,0.0,26.55502486228943,0.5,0.019384337374736646
mappo,43,61,3660,8,0.0,-0.006974128540605307,12.977515578269958,0.0,6.475422501564026,0.6361196413636208,-0.0011240172025281936,0.0,1.089388146996498,47.54351615905762,0.0,47.18955707550049,0.5,0.010969002406592822
mappo,43,62,3720,8,0.0,-0.005844688159413636,18.29498529434204,0.0,9.134031236171722,0.7616800293326378,0.00906787658459507,0.012834821827709675,1.8184176534414291,13.973873734474182,0.0,14.64394223690033,0.5,0.03664155861043583
mappo,43,63,3780,8,0.0,0.0005179969593882561,10.044018149375916,0.0,5.016764998435974,0.5762017667293549,-0.0007433874343405478,0.0,1.3749245777726173,11.472079396247864,0.0,11.091391921043396,0.5,0.04768131158417709
mappo,43,64,3840,8,0.0,-0.003079009591601789,7.917369246482849,0.0,3.949764996767044,0.5840632617473602,-0.00850924620317528,0.046316965483129025,0.9344945475459099,16.649035930633545,0.0,16.4271183013916,0.5,0.034674104140185145
mappo,43,65,3900,8,0.0,-0.016338887624442577,8.60243308544159,0.0,4.278835743665695,0.6042008846998215,0.002728843599470565,0.008928571827709675,1.050808772444725,7.321145951747894,0.0,7.239043056964874,0.5,0.07494394352176244
mappo,43,66,3960,8,0.0,-0.0010995976626873016,8.01236355304718,0.0,3.999153345823288,0.5928847342729568,0.008775484064244665,0.10491071408614516,1.153073102235794,6.22220778465271,0.0,6.246332585811615,0.5,0.08564895773453521
mappo,43,67,4020,8,0.0,0.00828905077651143,27.28723692893982,0.0,13.644300699234009,0.76066043227911,0.013450066471705213,0.03850446455180645,1.3305709213018417,71.92756080627441,0.0,71.3787145614624,0.5,0.007159680323704711
mappo,43,68,4080,8,0.0,0.018927340977825224,16.185222148895264,0.0,8.103854238986969,0.7684113681316376,-0.021341504230804276,0.15848214458674192,2.5453458428382874,18.413138508796692,0.0,17.79679787158966,0.5,0.0309658913534509
mappo,43,69,4140,8,0.0,0.003877129638567567,21.456992387771606,0.0,10.724776029586792,0.7596985623240471,-0.0030429285543505102,0.0,1.3751064017415047,23.226351380348206,0.0,22.906707644462585,0.5,0.026064200386805892
mappo,43,7,420,8,0.0,-0.0008784986566752195,42.932271003723145,0.0,21.45233654975891,1.2920900136232376,0.00429321596675436,0.0,0.25811087526381016,1.7117703408002853,0.0,1.7332338243722916,0.5,0.3124275292597068
mappo,43,70,4200,8,0.0,0.008439870085567236,13.666447043418884,0.0,6.834204912185669,0.7458547130227089,0.013491257501300424,0.11272321688011289,1.4125753790140152,46.92203378677368,0.0,46.13219380378723,0.5,0.012174122274331903
mappo,43,71,4260,8,0.0,0.02432065363973379,8.718149542808533,0.0,4.377745807170868,0.5649594068527222,0.0022328166814986616,0.0758928582072258,1.3735330030322075,25.08181482553482,0.0,24.642275273799896,0.5,0.030366445951386996
mappo,43,72,4320,8,0.0,-0.004405168700031936,24.30642318725586,0.0,12.142741858959198,0.6064468547701836,0.0018122096844308544,0.004464285913854837,1.5606344640254974,50.21627879142761,0.0,49.42631554603577,0.5,0.012357144187158069
mappo,43,73,4380,8,0.0,0.012826087186113,19.682230353355408,0.0,9.847388207912445,0.6553107053041458,0.01194813082111068,0.08314732275903225,2.037983700633049,25.277263522148132,0.0,24.549657225608826,0.5,0.025489399211175733
mappo,43,74,4440,8,0.0,-0.010656011756509542,7.121452212333679,0.0,3.543922871351242,0.6147244796156883,0.005296276665831101,0.025111607275903225,1.1128541827201843,28.16135060787201,0.0,28.634962558746338,0.5,0.019140726886535186
mappo,43,75,4500,8,0.0,-0.01132681907620281,10.091121017932892,0.0,5.029311180114746,0.4922594614326954,0.049262081207416486,0.18470982275903225,1.558360256254673,14.79349035024643,0.0,15.111595332622528,0.5,0.047023880305916546
mappo,43,76,4560,8,0.0,0.004167439881712198,7.7382572889328,0.0,3.868278980255127,0.501699436455965,0.004113813717594894,0.008928571827709675,1.7982352785766125,18.16481339931488,0.0,19.22815603017807,0.5,0.03456165740269006
mappo,43,77,4620,8,0.0,0.0025742880534380674,7.508393287658691,0.0,3.75196036696434,0.48106007650494576,0.026285607062163763,0.09765625093132257,1.0215176194906235,15.877600848674774,0.0,15.756614089012146,0.5,0.04163925648505082
mappo,43,78,4680,8,0.0,0.013196837157011032,13.059194445610046,0.0,6.536838352680206,0.595579482614994,0.007892798472312279,0.07589285774156451,2.393671602010727,28.454559803009033,0.0,27.390095353126526,0.5,0.02420594364670885
mappo,43,79,4740,8,0.0,-0.0033376929350197315,11.24553644657135,0.0,5.612777531147003,0.6652945354580879,-0.0016424990171799436,0.032366071827709675,1.31885327398777,31.962689518928528,0.0,32.34699547290802,0.5,0.017496807720276737
mappo,43,8,480,8,0.0,-0.005638673901557922,27.19956135749817,0.0,13.581379890441895,1.2762180119752884,-0.0009307821601396427,0.0,0.33889504708349705,2.499357409775257,0.0,2.551181323826313,0.5,0.2532063033583626
mappo,43,80,4800,8,0.0,-0.002397202479187399,19.08058786392212,0.0,9.532965302467346,0.4931235983967781,0.008521477138856426,0.06584821501746774,1.071640271693468,17.06654727458954,0.0,17.50256657600403,0.5,0.02979814230990557
mappo,43,81,4860,8,0.0,-0.0027602328918874264,12.970638632774353,0.0,6.476714611053467,0.5844418406486511,0.0015432071013492532,0.0,1.5048768445849419,14.91444456577301,0.0,14.990917205810547,0.5,0.03797222491640716
mappo,43,82,4920,8,0.0,0.0152207650244236,8.718661665916443,0.0,4.369498908519745,0.5052719004452229,-0.007139150631701341,0.11049107369035482,2.215814583003521,39.343037366867065,0.0,38.24970746040344,0.5,0.015859471948110528
mappo,43,83,4980,8,0.0,-0.009574719471856952,7.045136988162994,0.0,3.5089257657527924,0.4067965932190418,0.005565186123931198,0.016183035913854837,0.8362885378301144,15.167204976081848,0.0,15.267857789993286,0.5,0.038071982697001135
mappo,43,84,5040,8,0.0,-0.008448993787169456,6.1153724193573,0.0,3.0440767109394073,0.516057088971138,0.024383993080846267,0.06752232275903225,1.1426473446190357,12.097377598285675,0.0,12.450076520442963,0.5,0.051742540626213064
mappo,43,85,5100,8,0.0,-0.010428011417388916,5.835470199584961,0.0,2.903598666191101,0.37084807455539703,0.02504713643793366,0.05524553684517741,0.8379563800990582,9.612571507692337,0.0,9.49262049794197,0.5,0.07458715854586272
mappo,43,86,5160,8,0.0,0.021464754128828645,26.511815309524536,0.0,13.271756649017334,0.5615526586771011,-0.003330828360049054,0.1277901795692742,2.3270944133400917,99.43965435028076,0.0,98.28481388092041,0.5,0.005267137332191817
mappo,43,87,5220,8,0.0,-0.001919897273182869,8.201131045818329,0.0,4.0929683446884155,0.5677206516265869,0.0031520952106802724,0.0,1.6446975991129875,18.07467383146286,0.0,18.307933032512665,0.5,0.03535333302595103
mappo,43,88,5280,8,0.0,0.002782492432743311,19.234917402267456,0.0,9.61510694026947,0.5134626738727093,0.0028267211132515513,0.0,2.31330643594265,44.13147950172424,0.0,42.911110162734985,0.5,0.013165327440361634
mappo,43,89,5340,8,0.0,-0.012983139022253454,8.130774855613708,0.0,4.047185599803925,0.5218732617795467,-0.006571354424522724,0.017299107275903225,2.0593224614858627,18.063344478607178,0.0,18.741540908813477,0.5,0.02941785639249437
mappo,43,9,540,8,0.0,0.005716207786463201,91.09053802490234,0.0,45.537349224090576,1.3635333478450775,0.012972292344784364,0.0,0.31981163285672665,5.193710088729858,0.0,5.184444189071655,0.5,0.09886857880143336
mappo,43,90,5400,8,0.0,0.006939739687368274,7.02925717830658,0.0,3.5163553953170776,0.521288026124239,-0.03884357460628962,0.13560268003493547,1.3769373074173927,25.107619166374207,0.0,25.187766432762146,0.5,0.025611066491759663
mappo,43,91,5460,8,0.0,-0.0034214314073324203,7.373944193124771,0.0,3.6797978430986404,0.37527695298194885,-0.0040134905284503475,0.08091518096625805,1.110173586755991,15.10188376903534,0.0,15.289307236671448,0.5,0.04211292636637947
mappo,43,92,5520,8,0.0,-0.008099187747575343,12.688326358795166,0.0,6.331238389015198,0.48256368190050125,0.00019736963076866232,0.0,1.0927964821457863,59.59720706939697,0.0,59.473073959350586,0.5,0.008548982069485102
mappo,43,93,5580,8,0.0,0.005181153304874897,8.057963490486145,0.0,4.030352979898453,0.380989670753479,-0.00977743488692795,0.07142857275903225,1.686260387301445,14.567200541496277,0.0,14.8517245054245,0.5,0.037050290744559136
mappo,43,94,5640,8,0.0,-0.009742680238559842,9.283718526363373,0.0,4.627497494220734,0.4619135968387127,0.0022182896791491657,0.026227679569274187,1.8041954934597015,16.724358558654785,0.0,16.532209992408752,0.5,0.038213743322409954
mappo,43,95,5700,8,0.0,-0.016295835375785828,17.269469022750854,0.0,8.614042341709137,0.4396527484059334,0.009978579066228122,0.016741071827709675,1.6437394693493843,32.664647936820984,0.0,32.08939576148987,0.5,0.01983194936235616
mappo,43,96,5760,8,0.0,-0.006881602806970477,10.142943978309631,0.0,5.060777068138123,0.38132961839437485,0.02123682380261016,0.07645089365541935,1.8390328660607338,48.303635478019714,0.0,48.782754778862,0.5,0.01578475673963439
mappo,61,1,60,8,0.0,-0.010809598490595818,36.3725700378418,0.0,18.163881182670593,1.1594246625900269,-0.0015591521660098806,0.004464285913854837,0.3010552506893873,1.3619334250688553,0.0,1.4006976187229156,0.5,0.43737468273236463
mappo,61,10,600,8,0.0,-0.0009664727840572596,31.81267547607422,0.0,15.893530011177063,1.1841146498918533,0.0023537299045983673,0.0,0.31591671146452427,2.3603770956397057,0.0,2.3847628235816956,0.5,0.25246438609105887
mappo,61,11,660,8,0.0,-0.014241020195186138,12.140311062335968,0.0,6.044238954782486,1.1675563752651215,0.0005826031201650039,0.0,0.3004582282155752,1.6488427817821503,0.0,1.6878785490989685,0.5,0.3806476119253788
mappo,61,12,720,8,0.0,-0.008932120748795569,21.16476798057556,0.0,10.561633110046387,1.1818828284740448,0.0012657519255299121,0.0,0.44589078798890114,5.843052566051483,0.0,5.86907958984375,0.5,0.08735360112715111
mappo,61,13,780,8,0.0,0.0006118842866271734,24.683997869491577,0.0,12.331798195838928,1.0812747851014137,-0.003661133916466497,0.0,0.2348311422392726,4.9854825139045715,0.0,5.006865292787552,0.5,0.10814677394639652
mappo,61,14,840,8,0.0,0.0045699491165578365,32.04941368103027,0.0,16.018131494522095,1.1145635396242142,-0.0011628576817201974,0.0,0.29747576266527176,5.013099938631058,0.0,5.056863784790039,0.5,0.11907628380772703
mappo,61,15,900,8,0.0,0.0007532630115747452,12.656935453414917,0.0,6.318271160125732,1.0949793606996536,0.0022841065968215446,0.0,0.3211292438209057,1.8221134543418884,0.0,1.8328554332256317,0.5,0.2939728216274468
mappo,61,16,960,8,0.0,-0.012218319810926914,34.91860485076904,0.0,17.43630874156952,1.077490285038948,0.002101405170833459,0.0,0.36901027895510197,5.534031122922897,0.0,5.568533033132553,0.5,0.10239557988564257
mappo,61,17,1020,8,0.0,0.008364966604858637,24.333993911743164,0.0,12.165207862854004,1.015399843454361,-0.0001113798534788657,0.0,0.41000706888735294,12.077476143836975,0.0,12.184790134429932,0.5,0.0421951360004991
mappo,61,18,1080,8,0.0,0.0006077282596379519,28.990300178527832,0.0,14.485987067222595,0.9770771414041519,-0.001317447553446982,0.0,0.30996682681143284,9.940670013427734,0.0,9.951315224170685,0.5,0.05156121308095526
mappo,61,19,1140,8,0.0,0.0028663380071520805,53.83454608917236,0.0,26.91016912460327,0.9970534071326256,0.0019235656873206608,0.0,0.5527525581419468,7.5880401730537415,0.0,7.620468825101852,0.5,0.08262450091625032
mappo,61,2,120,8,0.0,0.004312697274144739,88.70464515686035,0.0,44.344768047332764,1.1867262870073318,0.0009383274118590634,0.0,0.26937135495245457,10.044553637504578,0.0,10.051157236099243,0.5,0.050870369073836366
mappo,61,20,1200,8,0.0,-0.007227764930576086,21.58433175086975,0.0,10.774954736232758,0.9983296319842339,-0.0007813310949131846,0.0,0.3627475667744875,6.313039630651474,0.0,6.375819087028503,0.5,0.08797112529376389
mappo,61,21,1260,8,0.0,-0.005585166625678539,18.090606331825256,0.0,9.030604004859924,0.9113858938217163,0.001208435685839504,0.0,0.41927380859851837,12.54294466972351,0.0,12.640301704406738,0.5,0.0423114819218424
mappo,61,22,1320,8,0.0,-0.00849627424031496,30.00445556640625,0.0,14.984565258026123,0.9166181087493896,0.001793956835172139,0.0,0.5168763864785433,7.946115016937256,0.0,7.850364625453949,0.5,0.07427520888142093
mappo,61,23,1380,8,0.0,-0.004873952828347683,21.5114187002182,0.0,10.741380870342255,0.9454434141516685,-0.0013966802944196388,0.0,0.3313240157440305,12.074892938137054,0.0,12.153530895709991,0.5,0.04661583884523636
mappo,61,24,1440,8,0.0,-2.8516864404082298e-05,42.53783178329468,0.0,21.259547114372253,0.9340222999453545,0.0007223385982797481,0.0,0.37915264442563057,11.499230861663818,0.0,11.512933611869812,0.5,0.04503012635150256
mappo,61,25,1500,8,0.0,-0.011352958157658577,21.609329223632812,0.0,10.784223079681396,0.9088316634297371,0.0004142237812629901,0.0,0.3288906589150429,18.022871255874634,0.0,18.010307908058167,0.5,0.02979208179398456
mappo,61,26,1560,8,0.0,-0.0032812384888529778,24.946449041366577,0.0,12.460350275039673,0.9592804908752441,0.004544586008705664,0.0,0.47823092713952065,7.792418330907822,0.0,7.814460128545761,0.5,0.0745637873002042
mappo,61,27,1620,8,0.0,-0.008017037063837051,15.565279960632324,0.0,7.765228271484375,0.9394860416650772,-0.005014031579776201,0.008928571827709675,0.43392384238541126,10.544147312641144,0.0,10.469086527824402,0.5,0.05671736102229099
mappo,61,28,1680,8,0.0,-0.007692062761634588,13.750928521156311,0.0,6.858153522014618,0.9618720188736916,6.897415732964873e-05,0.0,0.3160430397838354,3.949331760406494,0.0,3.9571986347436905,0.5,0.15229329822331358
mappo,61,29,1740,8,0.0,-0.018482318613678217,12.052967309951782,0.0,5.998293936252594,0.9707532748579979,-0.00790126872016117,0.060267859138548374,0.4190153945237398,4.394743412733078,0.0,4.468065679073334,0.5,0.13430876138225484
mappo,61,3,180,8,0.0,-0.00730838836170733,40.03910160064697,0.0,20.00078845024109,1.145416259765625,-0.0014582430012524128,0.0,0.34729625657200813,2.6260643750429153,0.0,2.649100184440613,0.5,0.20663910314996348
mappo,61,30,1800,8,0.0,-0.003682296723127365,18.06965923309326,0.0,9.022059738636017,0.908736065030098,0.01421310983823787,0.0340401791036129,0.38499547727406025,7.873748958110809,0.0,7.866887867450714,0.5,0.06946305723252272
mappo,61,31,1860,8,0.0,-0.01212075658258982,27.03623926639557,0.0,13.496673107147217,0.9325748980045319,-0.00665299769025296,0.0,0.4400092139840126,18.82785737514496,0.0,18.913588792085648,0.5,0.038958050715577
mappo,61,32,1920,8,0.0,-0.01434529572725296,75.14633846282959,0.0,37.54898023605347,0.984360858798027,0.0016460190308862366,0.0,0.7307073473930359,49.40370416641235,0.0,49.806798219680786,0.5,0.01141814185597617
mappo,61,33,1980,8,0.0,-0.002962174592539668,91.96857738494873,0.0,45.970966815948486,1.0360346734523773,-0.004825484531465918,0.016741071827709675,0.6799794100224972,38.24321460723877,0.0,38.36577606201172,0.5,0.014155552331149518
mappo,61,34,2040,8,0.0,0.007449855096638203,23.208388328552246,0.0,11.601035833358765,1.0607883632183075,-0.006115354251960525,0.0,0.35843581333756447,14.824351370334625,0.0,14.7499478161335,0.5,0.04911733996224919
mappo,61,35,2100,8,0.0,-0.003643055446445942,39.424116373062134,0.0,19.697660088539124,1.0755351930856705,0.0010092719148815377,0.0,0.3823771346360445,30.22224235534668,0.0,30.30327033996582,0.5,0.017821053495913296
mappo,61,36,2160,8,0.0,0.005979440174996853,13.255748867988586,0.0,6.623579740524292,1.0274149775505066,-0.0010637985478751943,0.0,0.46382737904787064,9.139563381671906,0.0,9.048240900039673,0.5,0.06093512742774198
mappo,61,37,2220,8,0.0,-0.002597029786556959,16.839141011238098,0.0,8.406947076320648,1.002630203962326,0.007342739947489463,0.0,0.5144584514200687,8.445154011249542,0.0,8.4373939037323,0.5,0.06466517024195345
mappo,61,38,2280,8,0.0,0.0009526226203888655,53.953857421875,0.0,26.967801094055176,1.0079451873898506,0.0012908060307381675,0.0,0.43219776451587677,15.33181118965149,0.0,15.390372157096863,0.5,0.03401449415571391
mappo,61,39,2340,8,0.0,-0.000543437316082418,16.25753951072693,0.0,8.118281900882721,0.9944345876574516,-0.00046035106697672745,0.0,0.46658383682370186,22.735644698143005,0.0,22.805509209632874,0.5,0.023024883976918556
mappo,61,4,240,8,0.0,-0.02307765930891037,16.563056468963623,0.0,8.24686723947525,1.1583449095487595,0.004174419188132106,0.0,0.5866372510790825,1.7235547751188278,0.0,1.8616073206067085,0.5,0.3263320213852986
mappo,61,40,2400,8,0.0,0.0001828228123486042,10.896176099777222,0.0,5.438878536224365,0.9392258152365685,0.010558460431639105,0.012834821827709675,0.592467337846756,9.226437956094742,0.0,9.046309888362885,0.5,0.0636429310453786
mappo,61,41,2460,8,0.0,-0.001527263317257166,15.836778402328491,0.0,7.907299280166626,0.9562779888510704,0.00295237645650559,0.0,0.5618845671415329,9.254982441663742,0.0,9.194855749607086,0.5,0.06460391388136454
mappo,61,42,2520,8,0.0,-0.005793194519355893,13.112566947937012,0.0,6.541594505310059,0.8895756751298904,0.002825421681336593,0.0,0.6200738623738289,16.590721249580383,0.0,16.72368812561035,0.5,0.0317784146182501
mappo,61,43,2580,8,0.0,0.006362153682857752,31.4329674243927,0.0,15.71433973312378,0.8506096825003624,2.892381417041179e-06,0.0,0.6695488281548023,18.01572334766388,0.0,18.422168016433716,0.5,0.0315064773668082
mappo,61,44,2640,8,0.0,0.006267676391871646,11.771159291267395,0.0,5.883537948131561,0.8309475257992744,0.0024276609074149746,0.0,0.4138607308268547,8.646089315414429,0.0,8.643182158470154,0.5,0.0639172387444044
mappo,61,45,2700,8,0.0,0.007563624531030655,34.53549098968506,0.0,17.266377687454224,0.8931836634874344,-0.006947155750822276,0.004464285913854837,0.8555157706141472,36.489317417144775,0.0,36.238696336746216,0.5,0.01436536106542164
mappo,61,46,2760,8,0.0,-0.01258905092254281,31.25618314743042,0.0,15.605730533599854,0.9772102758288383,0.00043436457053758204,0.060267857275903225,0.7515729442238808,22.91677236557007,0.0,22.913453340530396,0.5,0.027855279222300463
mappo,61,47,2820,8,0.0,-0.011818309139925987,34.03726243972778,0.0,16.99683105945587,0.9981355667114258,0.01745781092904508,0.012834821827709675,0.7175258323550224,14.944868683815002,0.0,15.012399792671204,0.5,0.035062780496478076
mappo,61,48,2880,8,0.0,-0.007026166655123234,41.27320075035095,0.0,20.619254231452942,1.0320031568408012,-0.012084291436622152,0.0223214291036129,0.6144028343260288,46.626232385635376,0.0,46.85281574726105,0.5,0.013095089564119903
mappo,61,49,2940,8,0.0,-0.003985905088484287,22.661349534988403,0.0,11.316028714179993,1.0660281479358673,-0.0029612735233968124,0.0,0.9184620380401611,49.57309186458588,0.0,49.39901781082153,0.5,0.015571816599205857
mappo,61,5,300,8,0.0,0.0015589017421007156,38.90554237365723,0.0,19.442189931869507,1.2140192985534668,-0.003590958920540288,0.0,0.2942794505506754,3.462401881814003,0.0,3.4823904931545258,0.5,0.18493876276437243
mappo,61,50,3000,8,0.0,-0.013883381150662899,24.57827639579773,0.0,12.264987111091614,1.026756376028061,-0.0036180363968014717,0.03348214365541935,0.730424840003252,74.31194496154785,0.0,74.43685054779053,0.5,0.00712748871592967
mappo,61,51,3060,8,0.0,0.0018707236740738153,16.823904752731323,0.0,8.404771625995636,0.9051572531461716,0.0017007919668685645,0.08091518096625805,0.5922565497457981,40.0984992980957,0.0,39.87216854095459,0.5,0.014338327926472869
mappo,61,52,3120,8,0.0,-0.0032947175204753876,89.96501636505127,0.0,44.970683097839355,0.8530577346682549,0.0057741402706597,0.0,0.779637061059475,74.68357276916504,0.0,74.77723217010498,0.5,0.007682316364192352
mappo,61,53,3180,8,0.0,-0.0026354356668889523,11.184776425361633,0.0,5.581334114074707,0.8418656513094902,-0.0016280615382129326,0.0,0.7384929358959198,17.0460125207901,0.0,16.638095915317535,0.5,0.035230449049377666
mappo,61,54,3240,8,0.0,-0.008874541148543358,71.3598222732544,0.0,35.66291666030884,0.8120274096727371,-0.00019083032111666398,0.0,0.6223910674452782,68.69165563583374,0.0,68.93953132629395,0.5,0.0075672050563710055
mappo,61,55,3300,8,0.0,-0.0020268273074179888,8.30863469839096,0.0,4.143748641014099,0.854186125099659,-0.00021153494708414655,0.0,0.3909431081265211,12.778438925743103,0.0,12.744492888450623,0.5,0.04998856248022724
mappo,61,56,3360,8,0.0,-0.003893456421792507,18.167611002922058,0.0,9.071349203586578,0.8562858700752258,0.0027131379902129993,0.004464285913854837,0.5856032855808735,21.850238800048828,0.0,22.091632843017578,0.5,0.02954361115313969
mappo,61,57,3420,8,0.0,0.0035630129277706146,16.701393365859985,0.0,8.34545612335205,0.8803732842206955,-0.002130276057869196,0.0,1.0297499373555183,12.474948763847351,0.0,12.122554302215576,0.5,0.048561321323231384
mappo,61,58,3480,8,0.0,0.0002339573111385107,13.280166149139404,0.0,6.631338536739349,0.8978449702262878,0.008105764209176414,0.012834821827709675,0.6272789873182774,30.91751265525818,0.0,30.87778663635254,0.5,0.01671164441611761
mappo,61,59,3540,8,0.0,0.0015865144087001681,7.123289585113525,0.0,3.5551516115665436,0.8079688847064972,0.01027098429040052,0.046316965483129025,0.9441233612596989,8.877649933099747,0.0,8.790682196617126,0.5,0.06876645375498477
mappo,61,6,360,8,0.0,-0.006416507880203426,118.10693073272705,0.0,59.034703731536865,1.2343899309635162,0.003408929071156308,0.0,0.4068213598802686,4.07977007329464,0.0,4.0945670157670975,0.5,0.16029213159321892
mappo,61,60,3600,8,0.0,-0.005743717818404548,19.00105917453766,0.0,9.486780762672424,0.8005100190639496,0.009655187517637387,0.0,0.6403023600578308,10.62543398141861,0.0,10.71275794506073,0.5,0.05513875219127488
mappo,61,61,3660,8,0.0,0.0065384721383452415,26.233707904815674,0.0,13.115432858467102,0.7959208860993385,-0.0018778591329464689,0.04352678684517741,0.8219658695161343,24.460488080978394,0.0,24.265962719917297,0.5,0.023404752874661393
mappo,61,62,3720,8,0.0,0.004361549858003855,13.158284783363342,0.0,6.574959993362427,0.8543999940156937,0.0003995177830802277,0.0,0.6311658062040806,29.244911909103394,0.0,29.10282564163208,0.5,0.01841345802398859
mappo,61,63,3780,8,0.0,0.0039542135782539845,10.308178901672363,0.0,5.150131940841675,0.7911641448736191,0.0019365083571756259,0.004464285913854837,0.6113198287785053,24.493534564971924,0.0,24.16375482082367,0.5,0.024426372903307854
mappo,61,64,3840,8,0.0,-0.0074368249624967575,29.840761423110962,0.0,14.905279159545898,0.766465574502945,-0.0015539545720457681,0.0,0.6995213106274605,41.3892138004303,0.0,41.29099082946777,0.5,0.012470275951313774
mappo,61,65,3900,8,0.0,-0.0067686253460124135,9.773840606212616,0.0,4.87273907661438,0.7412586510181427,0.0015744664779049344,0.0,0.5457398481667042,7.632484436035156,0.0,7.651269376277924,0.5,0.06804760981203598
mappo,61,66,3960,8,0.0,0.006185009144246578,12.047806322574615,0.0,6.022438108921051,0.7650165781378746,-0.00043257414654362947,0.0,0.7594042383134365,11.133723855018616,0.0,11.466828107833862,0.5,0.05312318320382728
mappo,61,67,4020,8,0.0,-0.0009546559303998947,21.093485593795776,0.0,10.539009690284729,0.6778532788157463,0.004713240392447915,0.01171875,1.0963438525795937,40.54921340942383,0.0,40.71838188171387,0.5,0.012813713048121449
mappo,61,68,4080,8,0.0,-0.003880016505718231,8.567957937717438,0.0,4.272536188364029,0.756282202899456,0.0028167268610559404,0.0,0.6365938670933247,17.585309982299805,0.0,17.504862546920776,0.5,0.03018593377239502
mappo,61,69,4140,8,0.0,-0.0014069858007133007,11.934332013130188,0.0,5.9583364725112915,0.7422587424516678,-0.0014082822381169535,0.0,1.0293950699269772,16.011844158172607,0.0,16.298492968082428,0.5,0.03599321657538339
mappo,61,7,420,8,0.0,0.0002763732336461544,29.773974657058716,0.0,14.87532663345337,1.1936969310045242,-0.001967852978850715,0.0,0.3057908769696951,2.2492700964212418,0.0,2.282822996377945,0.5,0.2323967328605956
mappo,61,70,4200,8,0.0,0.008641178719699383,24.846539974212646,0.0,12.4235200881958,0.8391104117035866,0.008908988471375778,0.017299107741564512,1.141345601528883,18.464037775993347,0.0,18.231495022773743,0.5,0.03196619011081087
mappo,61,71,4260,8,0.0,0.00042420049430802464,24.785720825195312,0.0,12.385176420211792,0.8108135461807251,0.0008092699063126929,0.0,1.247945249080658,23.148733735084534,0.0,22.797762870788574,0.5,0.02627334063930768
mappo,61,72,4320,8,0.0,-0.003140780027024448,19.93659281730652,0.0,9.95692777633667,0.8227825462818146,0.011547068090294488,0.004464285913854837,1.1102127134799957,71.76302242279053,0.0,71.29091501235962,0.5,0.007124774465312137
mappo,61,73,4380,8,0.0,-0.007628557272255421,36.85315012931824,0.0,18.41141390800476,0.7532099485397339,-0.006523723204736598,0.0340401791036129,0.9764266014099121,28.61956787109375,0.0,28.622506380081177,0.5,0.019959616371519117
mappo,61,74,4440,8,0.0,-0.0014080856926739216,17.676408052444458,0.0,8.830263555049896,0.6532408744096756,-0.000487588724354282,0.0,0.9282990396022797,26.456195831298828,0.0,26.307703971862793,0.5,0.021173165808903525
mappo,61,75,4500,8,0.0,-0.011438068002462387,23.78976058959961,0.0,11.876493453979492,0.6948712021112442,0.0017096049705287442,0.0,0.895396176725626,27.159502148628235,0.0,27.26812446117401,0.5,0.0234459652999227
mappo,61,76,4560,8,0.0,-0.007864684564992785,16.287845730781555,0.0,8.129279732704163,0.6778460741043091,0.010295471831341274,0.013392857275903225,1.0829958319664001,18.22274351119995,0.0,18.061028361320496,0.5,0.031857076538347295
mappo,61,77,4620,8,0.0,-0.004199584247544408,17.030562162399292,0.0,8.505415081977844,0.5666461661458015,0.00950592741719447,0.04520089318975806,1.002007432281971,18.598598301410675,0.0,18.51686841249466,0.5,0.034415792677447134
mappo,61,78,4680,8,0.0,-0.0025131655856966972,14.240321040153503,0.0,7.1113699078559875,0.6277612522244453,0.0066543038410600275,0.004464285913854837,1.3167795836925507,31.054739713668823,0.0,31.889842629432678,0.5,0.01996922082012342
mappo,61,79,4740,8,0.0,0.00031059375032782555,11.942435383796692,0.0,5.96548467874527,0.6043535992503166,-0.0002494889486115426,0.0,0.8036536462605,45.45812487602234,0.0,45.239014625549316,0.5,0.011603006641289555
mappo,61,8,480,8,0.0,-0.012071826960891485,55.93166637420654,0.0,27.94186770915985,1.1893249452114105,0.0018117791171903264,0.0,0.325950063765049,4.444443613290787,0.0,4.458227187395096,0.5,0.14634053573382966
mappo,61,80,4800,8,0.0,0.0024608190869912505,13.128392219543457,0.0,6.560125529766083,0.6531475558876991,-0.0018983768568432424,0.0,1.6020425111055374,15.455514013767242,0.0,15.367394506931305,0.5,0.04053119808417503
mappo,61,81,4860,8,0.0,-0.00024923309683799744,23.07179617881775,0.0,11.528959095478058,0.6689855977892876,-0.00467032176675275,0.05022321501746774,0.9671153761446476,47.00869798660278,0.0,46.94106960296631,0.5,0.010988061542390777
mappo,61,82,4920,8,0.0,0.019035152858123183,12.418116092681885,0.0,6.22133207321167,0.6761132255196571,0.0030151423416100442,0.0731026791036129,1.7097813338041306,15.37013965845108,0.0,15.198935687541962,0.5,0.04070940464466388
mappo,61,83,4980,8,0.0,0.0032949307933449745,13.530459761619568,0.0,6.761521816253662,0.7002959921956062,-0.010669514071196318,0.016741071827709675,1.0532758757472038,17.695419311523438,0.0,17.499494671821594,0.5,0.029680504970328654
mappo,61,84,5040,8,0.0,-0.007638081442564726,13.806649208068848,0.0,6.88917475938797,0.6511723399162292,0.003245275205699727,0.06752232275903225,0.8446596004068851,24.23936128616333,0.0,24.236032009124756,0.5,0.027400994749549643
mappo,61,85,5100,8,0.0,0.006360295228660107,6.898627519607544,0.0,3.451240211725235,0.4433789402246475,0.009264442971470999,0.004464285913854837,0.7258844003081322,10.390880763530731,0.0,10.503114938735962,0.5,0.052869956160647644
mappo,61,86,5160,8,0.0,-0.0067365760914981365,14.630027770996094,0.0,7.3031675815582275,0.510978102684021,0.01712735663750209,0.042968750931322575,1.3226300701498985,20.5616055727005,0.0,21.02747505903244,0.5,0.03313892636071928
mappo,61,87,5220,8,0.0,0.0044771203538402915,7.738644003868103,0.0,3.8684199154376984,0.5379124097526073,-0.0032693037173885386,0.0,0.9769986346364021,18.901910305023193,0.0,19.205310344696045,0.5,0.030485746732936733
mappo,61,88,5280,8,0.0,-0.00304395699640736,9.677818477153778,0.0,4.831074148416519,0.47911928966641426,-0.0020185227222100366,0.012834821827709675,1.1712895631790161,14.267765820026398,0.0,14.204265713691711,0.5,0.04549939487464547
mappo,61,89,5340,8,0.0,0.0074930075206793845,9.272647202014923,0.0,4.639643281698227,0.4173326641321182,0.001696884530247189,0.0,0.8661579247564077,21.759177029132843,0.0,21.41762799024582,0.5,0.030851952206287492
mappo,61,9,540,8,0.0,-0.0014505874132737517,15.745622038841248,0.0,7.859190106391907,1.2170364260673523,0.001315649027674226,0.0,0.4924691431224346,5.987555921077728,0.0,6.034997820854187,0.5,0.08331878434288872
mappo,61,90,5400,8,0.0,0.014035830274224281,10.69039237499237,0.0,5.3541973531246185,0.5034816674888134,0.005323359837348107,0.09207589365541935,2.05684357509017,23.601708829402924,0.0,23.573246717453003,0.5,0.028228294538499787
mappo,61,91,5460,8,0.0,-0.012517604511231184,13.075185894966125,0.0,6.520398139953613,0.46771493926644325,0.01572116289753467,0.059709821827709675,1.4046543687582016,47.93417429924011,0.0,48.24324035644531,0.5,0.01149291287574395
mappo,61,92,5520,8,0.0,0.02303239470347762,8.815136134624481,0.0,4.426625549793243,0.3974900096654892,-0.0115179757704027,0.04966517956927419,1.8849931806325912,18.582607865333557,0.0,18.635701954364777,0.5,0.035939436390910365
mappo,61,93,5580,8,0.0,-0.009418442845344543,6.639378309249878,0.0,3.3065107464790344,0.376001488417387,-0.00028338270749372896,0.0,0.8549444265663624,12.263133883476257,0.0,12.533901691436768,0.5,0.042452040074703545
mappo,61,94,5640,8,0.0,-0.011560601182281971,8.885090589523315,0.0,4.427447408437729,0.3537289872765541,0.0022454662757809274,0.016183035913854837,0.7989324480295181,9.669323325157166,0.0,9.649982631206512,0.5,0.06431192814344387
mappo,61,95,5700,8,0.0,-0.003491298295557499,8.870580196380615,0.0,4.428560107946396,0.32386384904384613,0.003306803359009791,0.004464285913854837,1.326318621635437,21.30992418527603,0.0,20.984718918800354,0.5,0.031577248807963365
mappo,61,96,5760,8,0.0,0.00469303666613996,26.297330379486084,0.0,13.149788856506348,0.35694603621959686,0.000830179218610283,0.0,2.695774592459202,63.51562142372131,0.0,62.52269649505615,0.5,0.009932837995565658
mappo,7,1,60,8,0.0,-0.00046053482219576836,93.90909194946289,0.0,46.94214677810669,1.1937753856182098,-0.0021469604045307733,0.0,0.2595325754955411,4.861729770898819,0.0,4.873803824186325,0.5,0.12164832197064467
mappo,7,10,600,8,0.0,-0.0027993107214570045,41.48166799545288,0.0,20.72532057762146,1.2713916450738907,0.0037317517562769353,0.0,0.2589440867304802,9.15860891342163,0.0,9.167369186878204,0.5,0.06141761410170603
mappo,7,11,660,8,0.0,-0.01929567102342844,49.33767247200012,0.0,24.63701820373535,1.2522790282964706,0.0004952842718921602,0.0,0.4766179099678993,7.829874157905579,0.0,7.809644937515259,0.5,0.07058581084522085
mappo,7,12,720,8,0.0,-0.0008258109446614981,29.390141487121582,0.0,14.68153190612793,1.271314024925232,-0.0012600485479197232,0.0,0.33904460445046425,18.260459184646606,0.0,18.327802181243896,0.5,0.0279789538140323
mappo,7,13,780,8,0.0,0.0015635316376574337,95.26531791687012,0.0,47.62151861190796,1.2704107612371445,-0.0020818580451305024,0.0,0.35929761454463005,13.389916181564331,0.0,13.39203280210495,0.5,0.04072513835114586
mappo,7,14,840,8,0.0,-0.0004681471036747098,37.94638204574585,0.0,18.960330486297607,1.2392280399799347,0.0010320878209313378,0.0,0.2809077464044094,8.198066353797913,0.0,8.182002663612366,0.5,0.06466386637563465
mappo,7,15,900,8,0.0,-0.00820916099473834,25.715270280838013,0.0,12.837061047554016,1.2365246415138245,-0.0005157787863936392,0.0,0.5103014037013054,14.148688197135925,0.0,14.342097997665405,0.5,0.037264007742575385
mappo,7,16,960,8,0.0,-0.0004378161393105984,3.2807942032814026,0.0,1.6277976483106613,1.2161644101142883,0.007358156741247512,0.0,0.36048030853271484,2.5176618099212646,0.0,2.505175933241844,0.5,0.21970905713457484
mappo,7,17,1020,8,0.0,-0.000552887620870024,32.05237936973572,0.0,16.013285279273987,1.2351668179035187,-0.0027262393850833178,0.0,0.37976644933223724,9.231118321418762,0.0,9.269549787044525,0.5,0.056233849210358754
mappo,7,18,1080,8,0.0,0.007169302727561444,15.117571592330933,0.0,7.5548266768455505,1.1128478795289993,0.010141450591618195,0.004464285913854837,0.2370822038501501,11.18233671784401,0.0,11.159405589103699,0.5,0.06530304863050156
mappo,7,19,1140,8,0.0,-0.006502561271190643,16.026935815811157,0.0,7.995522320270538,1.1442879885435104,0.009460074041271582,0.0,0.5246084555983543,11.575554132461548,0.0,11.542704343795776,0.5,0.04620538133873906
mappo,7,2,120,8,0.0,0.00426641883677803,36.35838866233826,0.0,18.17129957675934,1.2161400020122528,0.001280592565308325,0.0,0.309263052418828,4.892379939556122,0.0,4.907782047986984,0.5,0.10735688646043674
mappo,7,20,1200,8,0.0,0.0062699285335838795,45.37698841094971,0.0,22.683870553970337,1.0893601775169373,-0.0028425092259567464,0.0,0.497465206310153,21.514556407928467,0.0,21.39319157600403,0.5,0.025700906258034468
mappo,7,21,1260,8,0.0,-0.005237320438027382,15.969198107719421,0.0,7.968483209609985,1.0878370851278305,-0.0013454423751682043,0.0,0.45097753033041954,12.910079926252365,0.0,12.857698142528534,0.5,0.055542975238854285
mappo,7,22,1320,8,0.0,0.0039014348294585943,38.12682580947876,0.0,19.05593228340149,1.1381660848855972,0.0014988777899986871,0.0,0.48432859033346176,37.46165156364441,0.0,37.514528036117554,0.5,0.013525801996835628
mappo,7,23,1380,8,0.0,-0.003272643778473139,25.315762519836426,0.0,12.643474876880646,1.11337910592556,-0.0025733922584549873,0.0,0.3456312771886587,12.52509742975235,0.0,12.587451159954071,0.5,0.04732036734144121
mappo,7,24,1440,8,0.0,-0.01604439620859921,16.578531503677368,0.0,8.2627574801445,1.0463824272155762,-0.0036920854618074372,0.008370535913854837,0.6063230372965336,18.56289315223694,0.0,18.75175452232361,0.5,0.029055327024046965
mappo,7,25,1500,8,0.0,0.0016635004431009293,54.274383544921875,0.0,27.12897229194641,0.9882526323199272,0.0029164225634303875,0.0,0.6570117957890034,29.873818397521973,0.0,30.229412078857422,0.5,0.019014190859021455
mappo,7,26,1560,8,0.0,-0.0031401989981532097,12.061253428459167,0.0,6.017938792705536,0.9547629356384277,-0.0014694542260258459,0.0,0.48854978382587433,7.8934489488601685,0.0,7.925261676311493,0.5,0.07086378726165767
mappo,7,27,1620,8,0.0,0.0020114900544285774,11.16820204257965,0.0,5.5777647495269775,0.8347759321331978,0.007530593604315072,0.0,0.5431826580315828,9.928056001663208,0.0,9.717107355594635,0.5,0.05985031258665923
mappo,7,28,1680,8,0.0,-0.002950375434011221,27.28844714164734,0.0,13.632212400436401,0.9060947224497795,7.719481618551072e-05,0.0,0.6047819182276726,13.032042920589447,0.0,13.0929496884346,0.5,0.04282977139683918
mappo,7,29,1740,8,0.0,0.0032064324332168326,15.3248610496521,0.0,7.656475245952606,0.9161751717329025,-0.0018461795370967593,0.0,0.7809678837656975,18.20383793115616,0.0,18.241902887821198,0.5,0.03392148254020446
mappo,7,3,180,8,0.0,-0.003325482946820557,39.65199851989746,0.0,19.810566306114197,1.2107511460781097,-0.0015518482157403923,0.0,0.1979128159582615,1.5076859146356583,0.0,1.521569848060608,0.5,0.3474067802825719
mappo,7,30,1800,8,0.0,-0.004899610066786408,18.370711088180542,0.0,9.171712398529053,0.8743428066372871,-0.0022805621210864047,0.0,0.5476953219622374,46.328370094299316,0.0,46.012168407440186,0.5,0.011084688779762718
mappo,7,31,1860,8,0.0,0.0167857613414526,43.064697265625,0.0,21.540417432785034,0.8716863542795181,-0.0023639936189283617,0.039620536379516125,0.5749079771339893,44.553919315338135,0.0,44.185861587524414,0.5,0.0127760605717315
mappo,7,32,1920,8,0.0,-0.025385289220139384,20.478645086288452,0.0,10.203913807868958,1.0023630410432816,0.012829109356971458,0.12388393143191934,0.7521726228296757,18.274335145950317,0.0,18.242872834205627,0.5,0.030185766743743077
mappo,7,33,1980,8,0.0,0.0003403599839657545,15.048463225364685,0.0,7.514513909816742,1.0058123767375946,0.004092354494787287,0.0,0.683175802230835,28.43148922920227,0.0,28.137223958969116,0.5,0.020763398154404155
mappo,7,34,2040,8,0.0,-0.0012212709989398718,28.895643711090088,0.0,14.437344670295715,0.9255999326705933,-0.0058687348500825465,0.0,0.7774120643734932,20.203280806541443,0.0,20.406587541103363,0.5,0.035873318383903306
mappo,7,35,2100,8,0.0,-0.01341483579017222,13.134833812713623,0.0,6.545604348182678,0.8397802412509918,0.007173254620283842,0.021763393189758062,0.7904822863638401,12.660141587257385,0.0,12.858863472938538,0.5,0.04320743852979445
mappo,7,36,2160,8,0.0,-0.00188828120008111,43.85792922973633,0.0,21.918593645095825,0.8482512459158897,-0.00022136199550004676,0.0,0.7185897640883923,26.777849912643433,0.0,27.1023006439209,0.5,0.019115257225639618
mappo,7,37,2220,8,0.0,-0.0006647408008575439,19.93994927406311,0.0,9.962179064750671,0.7130767852067947,0.0011492779285617871,0.0,1.2104471661150455,16.936645090579987,0.0,17.043950498104095,0.5,0.038991361519503984
mappo,7,38,2280,8,0.0,-0.002687659114599228,18.25132191181183,0.0,9.116529524326324,0.6443753242492676,0.010003198447520845,0.004464285913854837,1.0540179945528507,19.707678735256195,0.0,19.461593866348267,0.5,0.0299249395191954
mappo,7,39,2340,8,0.0,-0.003034414956346154,13.927118062973022,0.0,6.9539390206336975,0.6585603132843971,0.0009675706969574094,0.0,0.8167609795928001,14.27317214012146,0.0,14.047828674316406,0.5,0.038779409340023156
mappo,7,4,240,8,0.0,-0.007834964897483587,16.057039737701416,0.0,8.00860071182251,1.2084150314331055,-0.00023899321604403667,0.0,0.21780176926404238,1.3377681374549866,0.0,1.3581727147102356,0.5,0.4393346184045638
mappo,7,40,2400,8,0.0,-0.009616135619580746,25.704766750335693,0.0,12.83538544178009,0.738158792257309,0.0030178174129105173,0.0223214291036129,0.5225995518267155,31.345282077789307,0.0,31.52432155609131,0.5,0.018195847541627588
mappo,7,41,2460,8,0.0,0.011952230939641595,21.999311208724976,0.0,11.005553722381592,0.6054244339466095,-0.004131669244088698,0.008370535913854837,1.4672383666038513,15.565315008163452,0.0,16.25143027305603,0.5,0.0319717182987173
mappo,7,42,2520,8,0.0,-0.0009074694753508084,15.618937611579895,0.0,7.802472352981567,0.6088917702436447,0.005871788990475579,0.07979910913854837,0.9114932604134083,31.06112790107727,0.0,31.051869869232178,0.5,0.01900089956420032
mappo,7,43,2580,8,0.0,0.0025508441030979156,33.52547645568848,0.0,16.759503483772278,0.5785780102014542,-0.0026331933331675828,0.0,0.9669590815901756,46.09005689620972,0.0,46.70955777168274,0.5,0.011618006384756935
mappo,7,44,2640,8,0.0,0.003947522724047303,15.919418215751648,0.0,7.958502471446991,0.5154144801199436,-0.0002347140261917957,0.0,0.9064125344157219,22.215557098388672,0.0,21.966055631637573,0.5,0.024693940523692257
mappo,7,45,2700,8,0.0,0.026802112348377705,12.864874958992004,0.0,6.455008685588837,0.4230685606598854,0.004867690819082782,0.07254464412108064,1.0357357487082481,20.246891796588898,0.0,19.759244740009308,0.5,0.041009129067431586
mappo,7,46,2760,8,0.0,0.006731248926371336,11.607795238494873,0.0,5.807844579219818,0.27842699736356735,0.004006718131677189,0.0,0.7871093563735485,9.259205102920532,0.0,9.105625808238983,0.5,0.06623359213960943
mappo,7,47,2820,8,0.0,-0.006860939785838127,10.491343379020691,0.0,5.2343334555625916,0.4477264769375324,0.0037039110811747378,0.0,0.9601476043462753,11.040643692016602,0.0,11.443512439727783,0.5,0.045790185908929304
mappo,7,48,2880,8,0.0,-0.015689071267843246,47.33649826049805,0.0,23.644162893295288,0.8397414833307266,0.02600812438322464,0.11272321501746774,0.8201823811978102,113.1810474395752,0.0,113.55195426940918,0.5,0.004434340973938284
mappo,7,49,2940,8,0.0,0.018970849574543536,26.693669080734253,0.0,13.35817015171051,0.7635276541113853,0.020797368953935802,0.17633928917348385,1.478848073631525,38.467726707458496,0.0,37.71739411354065,0.5,0.01661399856421327
mappo,7,5,300,8,0.0,0.00514395534992218,35.83645176887512,0.0,17.91144597530365,1.1924210339784622,-0.0020831378642469645,0.0,0.23928877152502537,2.316563367843628,0.0,2.3347774296998978,0.5,0.2373121736203694
mappo,7,50,3000,8,0.0,0.0014268525410443544,17.27944803237915,0.0,8.632830262184143,0.8320598304271698,0.005198132334044203,0.09486607275903225,0.9294260255992413,30.73835301399231,0.0,30.976277589797974,0.5,0.018526093526030074
mappo,7,51,3060,8,0.0,0.0026234081014990807,25.28096604347229,0.0,12.635138630867004,0.7967837080359459,0.01385633296740707,0.0552455373108387,0.7438699565827847,39.15530276298523,0.0,38.973684430122375,0.5,0.019389289532613197
mappo,7,52,3120,8,0.0,0.013586123008280993,12.640869677066803,0.0,6.3274213671684265,0.6599521115422249,-0.001968214535736479,0.16127232275903225,1.1978805530816317,62.81556463241577,0.0,62.19739007949829,0.5,0.00876701773664081
mappo,7,53,3180,8,0.0,0.024703408940695226,27.185047149658203,0.0,13.611507892608643,0.5718821510672569,-0.00021093383838888258,0.0,1.9610924273729324,73.6912636756897,0.0,75.32564210891724,0.5,0.00689806801233994
mappo,7,54,3240,8,0.0,0.0050675878301262856,9.662362396717072,0.0,4.830435395240784,0.5813377574086189,0.0004786745430465089,0.016741071827709675,1.0400047078728676,18.67955845594406,0.0,18.47437697649002,0.5,0.03767599588919351
mappo,7,55,3300,8,0.0,-0.005902696517296135,28.179086923599243,0.0,14.075559258460999,0.8081467226147652,0.003491914932965301,0.109375,1.0858173966407776,48.78286910057068,0.0,48.97042798995972,0.5,0.011611581186632674
mappo,7,56,3360,8,0.0,0.0024926012847572565,12.399110078811646,0.0,6.194997191429138,0.7050404697656631,-0.004438136573298834,0.012834821827709675,1.1706123128533363,55.172831535339355,0.0,55.452781677246094,0.5,0.009428172424002122
mappo,7,57,3420,8,0.0,-0.0026321583427488804,42.309168100357056,0.0,21.14346492290497,0.8487211018800735,0.001068177411070792,0.0,1.5188809521496296,49.77390003204346,0.0,50.913402795791626,0.5,0.012152020871886453
mappo,7,58,3480,8,0.0,-0.004886651411652565,29.383146047592163,0.0,14.678709864616394,0.7976408302783966,-0.0004770181913045235,0.0,1.537227377295494,112.64810466766357,0.0,111.33432292938232,0.5,0.004578288355584056
mappo,7,59,3540,8,0.0,0.0031289978651329875,12.490423560142517,0.0,6.240740895271301,0.7599852681159973,0.005450170589028858,0.07477678684517741,1.3402070328593254,33.45714461803436,0.0,32.803696513175964,0.5,0.02187350923476486
mappo,7,6,360,8,0.0,-0.00499964552000165,62.396302700042725,0.0,31.180591106414795,1.2560255378484726,-0.0008874738887243439,0.0,0.29701252095401287,3.929883152246475,0.0,3.9481953531503677,0.5,0.16154671178101834
mappo,7,60,3600,8,0.0,-0.002019054372794926,14.597696900367737,0.0,7.2901928424835205,0.6636540815234184,-0.0003901277777913492,0.0,0.843907542526722,39.47638821601868,0.0,39.689316630363464,0.5,0.018310115843495574
mappo,7,61,3660,8,0.0,-0.0004920787177979946,14.94170618057251,0.0,7.463249325752258,0.7111738100647926,0.0026460973549546907,0.0,0.8580953143537045,16.485920310020447,0.0,16.590834975242615,0.5,0.034696829675938526
mappo,7,62,3720,8,0.0,0.007885068655014038,11.480823278427124,0.0,5.74099463224411,0.7302156686782837,-0.006385806365869939,0.008928571827709675,0.8368886411190033,22.410833597183228,0.0,22.684173226356506,0.5,0.02593728549004238
mappo,7,63,3780,8,0.0,-0.007897753268480301,7.48023784160614,0.0,3.727501332759857,0.4719795510172844,-0.001050827639119234,0.046316965483129025,0.8154693953692913,18.35542643070221,0.0,18.5010803937912,0.5,0.033937668360414695
mappo,7,64,3840,8,0.0,-0.003143944777548313,13.882497429847717,0.0,6.932663142681122,0.5441719517111778,-0.00096071603911696,0.0,0.921224482357502,49.98018503189087,0.0,49.67217540740967,0.5,0.011635370137183985
mappo,7,65,3900,8,0.0,-0.013710991304833442,17.05343496799469,0.0,8.506633698940277,0.6372816264629364,0.020620033297745977,0.020089285913854837,0.7795022167265415,21.204891204833984,0.0,21.250449180603027,0.5,0.02429835335447352
mappo,7,66,3960,8,0.0,0.002549940487369895,12.832343101501465,0.0,6.411573946475983,0.7147469967603683,-0.005820930397021584,0.00390625,1.2127312198281288,12.36449807882309,0.0,11.972933113574982,0.5,0.051941198060941066
mappo,7,67,4020,8,0.0,0.006437298376113176,8.878010869026184,0.0,4.439320683479309,0.6122099310159683,-0.014519745720463106,0.046875000931322575,1.0909001901745796,45.42035436630249,0.0,44.70954465866089,0.5,0.012001441948650254
mappo,7,68,4080,8,0.0,0.003423917107284069,15.639656066894531,0.0,7.817090451717377,0.6161423921585083,-0.0024933107597462367,0.0,0.8901954889297485,32.65905809402466,0.0,33.23312950134277,0.5,0.016321704743869493
mappo,7,69,4140,8,0.0,0.0030721724033355713,8.16461580991745,0.0,4.081434428691864,0.39456265792250633,0.000996213417238323,0.0,0.9616465531289577,27.596393823623657,0.0,27.07978069782257,0.5,0.022220929828182454
mappo,7,7,420,8,0.0,-0.01275125052779913,85.26087522506714,0.0,42.60536575317383,1.2321560233831406,-0.002088972476485651,0.0,0.20529578160494566,5.65988627076149,0.0,5.669560939073563,0.5,0.09855077070971095
mappo,7,70,4200,8,0.0,0.0018776357173919678,11.553444027900696,0.0,5.771862864494324,0.67366923391819,-0.004562237823847681,0.013392857275903225,0.8988588228821754,36.47174799442291,0.0,36.25261914730072,0.5,0.015712159897189854
mappo,7,71,4260,8,0.0,0.023195930290967226,21.031821489334106,0.0,10.532083511352539,0.702322207391262,0.0024733893642405747,0.10602678637951612,1.853417158126831,46.51444387435913,0.0,45.57850193977356,0.5,0.014220231444871648
mappo,7,72,4320,8,0.0,-0.004663544241338968,23.2572922706604,0.0,11.616613864898682,0.7368672415614128,-0.0007751229968562257,0.0,1.0589857548475266,101.5298376083374,0.0,100.84912872314453,0.5,0.005015958564046294
mappo,7,73,4380,8,0.0,0.010346833878429607,10.635807871818542,0.0,5.321914434432983,0.6336389109492302,-0.015664546583138872,0.012834821827709675,1.6531799957156181,16.57972538471222,0.0,17.212462902069092,0.5,0.03261283572790126
mappo,7,74,4440,8,0.0,0.0008470725733786821,10.39824116230011,0.0,5.194296896457672,0.5670752450823784,0.0006430699977499899,0.0,1.3472126983106136,30.261184453964233,0.0,30.10231125354767,0.5,0.019432546462336196
mappo,7,75,4500,8,0.0,0.005015474744141102,22.34432101249695,0.0,11.170833110809326,0.6342778354883194,0.0028003878542222083,0.008928571827709675,1.4968848079442978,56.47822713851929,0.0,56.55774116516113,0.5,0.009145226094900136
mappo,7,76,4560,8,0.0,-0.0001187111483886838,35.97648072242737,0.0,17.980945110321045,0.7176568731665611,0.016837553157529328,0.12109375093132257,0.7625277191400528,44.80073857307434,0.0,44.79248356819153,0.5,0.013862135475290364
mappo,7,77,4620,8,0.0,-0.007312396674024058,10.9813671708107,0.0,5.4747675359249115,0.8603630363941193,0.0016953406302491203,0.0,0.9208817631006241,51.05539059638977,0.0,51.60090470314026,0.5,0.010733627361618824
mappo,7,78,4680,8,0.0,-0.006545314798131585,18.223628878593445,0.0,9.098290979862213,0.6978100538253784,0.014818480023677694,0.15178571548312902,1.507507473230362,39.22675549983978,0.0,39.49820411205292,0.5,0.01499055220817867
mappo,7,79,4740,8,0.0,-0.0014409450814127922,11.70051908493042,0.0,5.8424540758132935,0.6364478021860123,0.0018745143825071864,0.0,0.8766871616244316,21.076449751853943,0.0,21.224835991859436,0.5,0.025769804943771703
mappo,7,8,480,8,0.0,-0.006428287480957806,29.336008548736572,0.0,14.649312734603882,1.226326808333397,-0.00207334730293951,0.0,0.369790256023407,2.6712881475687027,0.0,2.689434975385666,0.5,0.19718791823055606
mappo,7,80,4800,8,0.0,-0.008986982051283121,13.387988924980164,0.0,6.678049683570862,0.6957809403538704,-0.001873630677437177,0.004464285913854837,2.1612958163022995,55.344804763793945,0.0,56.73640298843384,0.5,0.009314877116040803
mappo,7,81,4860,8,0.0,0.015589432558044791,12.029145777225494,0.0,6.02426689863205,0.5895438343286514,0.018145389767596498,0.06696428684517741,1.2356933057308197,27.204994916915894,0.0,26.74463987350464,0.5,0.020251962764619415
mappo,7,82,4920,8,0.0,-0.002481582574546337,12.048640012741089,0.0,6.016546010971069,0.5292440615594387,0.002051278861472383,0.0,1.0002563074231148,29.136606216430664,0.0,29.539546132087708,0.5,0.022460427723075545
mappo,7,83,4980,8,0.0,0.001757703721523285,7.59192168712616,0.0,3.7932436764240265,0.4474911130964756,-0.0009585191555743222,0.0,1.5192181915044785,16.75923502445221,0.0,17.095214009284973,0.5,0.03726587606786206
mappo,7,84,5040,8,0.0,0.0013054581359028816,12.360816478729248,0.0,6.176544189453125,0.5169494040310383,0.0007444465409207623,0.0,1.9555602595210075,17.92241334915161,0.0,18.931475043296814,0.5,0.03180224830463615
mappo,7,85,5100,8,0.0,0.0033057797700166702,19.324012279510498,0.0,9.660172879695892,0.5139316208660603,-0.018039373826468363,0.06696428684517741,0.9638746082782745,38.52389633655548,0.0,38.13368618488312,0.5,0.02095247807426466
mappo,7,86,5160,8,0.0,-0.0030707274563610554,10.575074076652527,0.0,5.278258383274078,0.620786651968956,0.0021038994746049866,0.017299107741564512,1.1689725294709206,13.151434540748596,0.0,13.74301540851593,0.5,0.04092621176609905
mappo,7,87,5220,8,0.0,-0.0069352794089354575,12.491616129875183,0.0,6.232611358165741,0.6261411160230637,-0.006440741090045776,0.04520089318975806,0.8339448310434818,27.663536071777344,0.0,27.750057220458984,0.5,0.023738525733954144
mappo,7,88,5280,8,0.0,0.004448056221008301,6.877171814441681,0.0,3.43901988863945,0.4014015235006809,0.00830230910287355,0.04129464365541935,0.994140699505806,19.173430263996124,0.0,19.177759408950806,0.5,0.03632640539209425
mappo,7,89,5340,8,0.0,-0.0020615262910723686,13.992406845092773,0.0,6.988189220428467,0.5952540040016174,0.002083654788293643,0.00390625,1.2655329257249832,52.29670810699463,0.0,52.625104904174805,0.5,0.009602642684529001
mappo,7,9,540,8,0.0,-0.008447951171547174,41.14702796936035,0.0,20.552687644958496,1.2378173470497131,0.002239513509266544,0.0,0.35071075707674026,5.39753845334053,0.0,5.441955476999283,0.5,0.09826404330117947
mappo,7,90,5400,8,0.0,0.010254152584820986,11.544036030769348,0.0,5.777074098587036,0.519812572747469,0.004775693581905216,0.0680803582072258,1.8404608741402626,17.533532202243805,0.0,17.72556084394455,0.5,0.04081026818491306
mappo,7,91,5460,8,0.0,-0.006473965011537075,8.559454500675201,0.0,4.269241213798523,0.4012073539197445,-0.0023662923031224636,0.021205357741564512,0.6195410452783108,12.555569410324097,0.0,12.506911277770996,0.5,0.043247742978279276
mappo,7,92,5520,8,0.0,-0.0025808466598391533,15.232558012008667,0.0,7.608620047569275,0.5078052803874016,-0.0033859845680126455,0.0,0.955259658396244,22.097203850746155,0.0,21.761062741279602,0.5,0.026260862017382754
mappo,7,93,5580,8,0.0,0.0047559470403939486,16.595645427703857,0.0,8.29728215932846,0.5296679399907589,-0.004744898709759582,0.0,2.144752338528633,67.73334312438965,0.0,66.3942379951477,0.5,0.007956432974288576
mappo,7,94,5640,8,0.0,0.0017265134956687689,9.385986566543579,0.0,4.691053926944733,0.36659548431634903,0.007164107842982048,0.03683035774156451,1.0208146125078201,13.952213525772095,0.0,13.848881304264069,0.5,0.04646208312705701
mappo,7,95,5700,8,0.0,-0.007939181290566921,37.03944158554077,0.0,18.506806135177612,0.49752409756183624,0.01790607514703879,0.0301339291036129,1.2148367166519165,92.00984191894531,0.0,92.16783809661865,0.5,0.005626064741983105
mappo,7,96,5760,8,0.0,0.0002959730481961742,8.64667022228241,0.0,4.318946748971939,0.46843743696808815,0.0006413617375073954,0.0,0.827652383595705,41.190828800201416,0.0,41.197198152542114,0.5,0.013522129082051899
ppo,17,1,60,8,-0.0005683631170541048,0.0,49.03525114059448,0.0,24.502307653427124,1.4749115258455276,-0.002790363068925217,0.0,0.28826012276113033,5.173808068037033,0.0,5.180909514427185,0.5,0.10616889307433841
ppo,17,10,600,8,-0.003384376410394907,0.0,42.89389753341675,0.0,21.430127024650574,1.343726322054863,-0.0020705034694401547,0.0,0.4988678991794586,3.5461470931768417,0.0,3.6070606559515,0.5,0.18136043113549763
ppo,17,11,660,8,-0.006204120349138975,0.0,23.486083030700684,0.0,11.723052501678467,1.3784581422805786,0.0008841674207360484,0.0,0.3557743262499571,2.6241386085748672,0.0,2.6409545242786407,0.5,0.2205044762993377
ppo,17,12,720,8,0.0010661939159035683,0.0,37.39625525474548,0.0,18.6848361492157,1.4357603341341019,-0.0011594350871746428,0.0,0.370566138997674,3.8206952959299088,0.0,3.831032007932663,0.5,0.15311524165160273
ppo,17,13,780,8,-0.007585471495985985,0.0,16.707911252975464,0.0,8.332839548587799,1.3530589193105698,-0.0006492234551842557,0.0,0.6513792695477605,11.914849042892456,0.0,11.858782410621643,0.5,0.04382748899865277
ppo,17,14,840,8,-0.007116698528989218,0.0,60.899291038513184,0.0,30.42830514907837,1.4222837090492249,0.0012412313226377591,0.0,0.46606893837451935,17.391844034194946,0.0,17.443064332008362,0.5,0.030245044831062617
ppo,17,15,900,8,0.0051604751497507095,0.0,25.834333539009094,0.0,12.90896588563919,1.3361352235078812,0.0010256248715450056,0.0,0.4701906889677048,6.738563597202301,0.0,6.7829591035842896,0.5,0.07769298746539435
ppo,17,16,960,8,-0.0028013521805405617,0.0,10.07735151052475,0.0,5.022076308727264,1.3798022717237473,0.002393255868810229,0.0,0.557073574513197,3.3307528346776962,0.0,3.3881248384714127,0.5,0.17798452087410152
ppo,17,17,1020,8,0.0008015220519155264,0.0,16.497675895690918,0.0,8.235798001289368,1.3841590285301208,0.0024537748031434603,0.0,0.37494667433202267,14.427819967269897,0.0,14.476709246635437,0.5,0.03540791403481909
ppo,17,18,1080,8,-0.006078056409023702,0.0,29.360403895378113,0.0,14.660386621952057,1.3737671971321106,0.0003806937183981063,0.0,0.48027385771274567,8.681466907262802,0.0,8.73394849896431,0.5,0.07088146362787505
ppo,17,19,1140,8,-0.007307190098799765,0.0,24.25899052619934,0.0,12.108827471733093,1.3360462933778763,0.0008777863258728758,0.0,0.5192834362387657,11.791612386703491,0.0,11.724069058895111,0.5,0.04825120150531592
ppo,17,2,120,8,-0.009116061264649034,0.0,16.28044557571411,0.0,8.116198360919952,1.490841805934906,0.0037345204955272493,0.0,0.3344815354794264,2.3392850905656815,0.0,2.363815352320671,0.5,0.23397935501368922
ppo,17,20,1200,8,0.0006223181262612343,0.0,12.170684576034546,0.0,6.072298169136047,1.3666487783193588,-0.004067300382303074,0.0,0.43997520953416824,4.888936549425125,0.0,4.905325502157211,0.5,0.11998027512782984
ppo,17,21,1260,8,0.00019207922741770744,0.0,9.13630485534668,0.0,4.554832428693771,1.3512034565210342,-0.0013463211253110785,0.0,0.3445893991738558,7.787049174308777,0.0,7.819434762001038,0.5,0.06911669782902499
ppo,17,22,1320,8,-0.0026894481852650642,0.0,23.54848337173462,0.0,11.758021831512451,1.3530401140451431,0.0013509024302038597,0.0,0.3986074663698673,7.228717774152756,0.0,7.282490968704224,0.5,0.08110925144914043
ppo,17,23,1380,8,0.002346259541809559,0.0,13.54635763168335,0.0,6.762429654598236,1.309543713927269,0.00013666879385709763,0.0,0.4671175181865692,7.026667773723602,0.0,7.007940798997879,0.5,0.0864988795002471
ppo,17,24,1440,8,-0.007706377189606428,0.0,22.122855305671692,0.0,11.040089309215546,1.363178864121437,-0.0020930950267938897,0.0,0.4889606535434723,16.576179087162018,0.0,16.540449738502502,0.5,0.03701952397390711
ppo,17,25,1500,8,-0.007218862883746624,0.0,48.39335632324219,0.0,24.175954818725586,1.3504687547683716,0.0002401617166469805,0.0,0.3415555767714977,13.72451627254486,0.0,13.741754055023193,0.5,0.038768275833073636
ppo,17,26,1560,8,0.008998657809570432,0.0,19.69360327720642,0.0,9.842541575431824,1.3258802443742752,-0.0003501084302115487,0.0,0.5877061299979687,12.795816481113434,0.0,12.715334117412567,0.5,0.04703539241327338
ppo,17,27,1620,8,-0.004097668686881661,0.0,12.21900224685669,0.0,6.092028647661209,1.3374857902526855,0.0029387307231445448,0.0,0.4692993722856045,8.964294999837875,0.0,9.052000045776367,0.5,0.0741236889043638
ppo,17,28,1680,8,-0.005521555547602475,0.0,67.06903409957886,0.0,33.5158908367157,1.3104802072048187,-0.0011840818478958681,0.0,0.3111775778234005,37.863415479660034,0.0,37.876118302345276,0.5,0.017669646942673464
ppo,17,29,1740,8,0.0008728122338652611,0.0,9.035486102104187,0.0,4.504733473062515,1.3882452547550201,-0.002222085422545206,0.0,0.38610028102993965,11.867721498012543,0.0,11.920064330101013,0.5,0.04402337663356177
ppo,17,3,180,8,-0.004921865649521351,0.0,76.61817789077759,0.0,38.28939342498779,1.4773517847061157,0.006047924922313541,0.0,0.38687485456466675,7.078629583120346,0.0,7.097030431032181,0.5,0.08136363426745694
ppo,17,30,1800,8,-0.005721505498513579,0.0,22.459783792495728,0.0,11.210837125778198,1.3333516120910645,0.0005892218541703187,0.0,0.6903977431356907,41.45231652259827,0.0,41.32151246070862,0.5,0.012346123121249688
ppo,17,31,1860,8,0.00019547995179891586,0.0,39.385189056396484,0.0,19.679275393486023,1.3514572083950043,0.0001360204596494441,0.0,0.4590529352426529,25.45197629928589,0.0,25.467896938323975,0.5,0.01991916806800889
ppo,17,32,1920,8,-0.002229304052889347,0.0,47.53734636306763,0.0,23.753284215927124,1.3159865885972977,5.324792618921492e-05,0.0,0.3155049942433834,25.396775126457214,0.0,25.358868956565857,0.5,0.021828229694295605
ppo,17,33,1980,8,-0.004348970949649811,0.0,23.768497943878174,0.0,11.866941690444946,1.2958332896232605,0.0009468448970437748,0.0,0.5375773087143898,33.99553728103638,0.0,33.9603226184845,0.5,0.016037531585152306
ppo,17,34,2040,8,0.00428154063411057,0.0,12.944676637649536,0.0,6.463420629501343,1.3199210166931152,-0.0010307416596333496,0.0,0.6428259313106537,20.251570224761963,0.0,20.24759352207184,0.5,0.029227330768445154
ppo,17,35,2100,8,0.0003590644337236881,0.0,40.10242176055908,0.0,20.038525581359863,1.3044388741254807,0.001286417826122488,0.0,0.467193141579628,12.85273563861847,0.0,12.884137392044067,0.5,0.0416055141120004
ppo,17,36,2160,8,0.0018024006858468056,0.0,16.151869773864746,0.0,8.064647257328033,1.309011071920395,0.000714475556378602,0.0,0.34843132831156254,13.022214829921722,0.0,13.006493389606476,0.5,0.053502542218825624
ppo,17,37,2220,8,-0.0029823987279087305,0.0,11.6779066324234,0.0,5.8229745626449585,1.2996404618024826,-0.00022506599270855077,0.0,0.4826966766268015,13.607492685317993,0.0,13.641939520835876,0.5,0.03927452306296198
ppo,17,38,2280,8,-0.0032905221451073885,0.0,42.33894348144531,0.0,21.15286922454834,1.3312292695045471,0.0008405625994782895,0.0,0.5099385548382998,49.67038011550903,0.0,49.73317337036133,0.5,0.010483042443208072
ppo,17,39,2340,8,-0.00936007546260953,0.0,20.754738092422485,0.0,10.355027854442596,1.2981137782335281,-1.894625438580988e-05,0.0,0.3825085088610649,13.680269479751587,0.0,13.657502174377441,0.5,0.04401588884318051
ppo,17,4,240,8,-0.01425620773807168,0.0,32.52759003639221,0.0,16.234794855117798,1.4744222909212112,0.010204987614997663,0.0,0.4342046417295933,4.469560772180557,0.0,4.492044746875763,0.5,0.13164569587657543
ppo,17,40,2400,8,-0.008221923373639584,0.0,14.319278478622437,0.0,7.138206243515015,1.3210982382297516,0.0022729527390765725,0.0,0.5061880350112915,8.649431645870209,0.0,8.632871001958847,0.5,0.06629053883263715
ppo,17,41,2460,8,-1.3714656233787537e-05,0.0,9.973727822303772,0.0,4.974195241928101,1.2654981315135956,0.0006446450170187745,0.0,0.34394446201622486,8.576980769634247,0.0,8.611986339092255,0.5,0.060689422537437684
ppo,17,42,2520,8,-0.00044217007234692574,0.0,15.641509056091309,0.0,7.807400465011597,1.291213944554329,0.001048817011906067,0.0,0.6121852844953537,20.058794260025024,0.0,19.964454770088196,0.5,0.028892337770884766
ppo,17,43,2580,8,-0.005342706106603146,0.0,25.082929849624634,0.0,12.522942781448364,1.3179550915956497,0.0011191569356014952,0.0,0.5360454469919205,15.076820731163025,0.0,15.01008665561676,0.5,0.04852293142211147
ppo,17,44,2640,8,0.004554449580609798,0.0,13.178964972496033,0.0,6.58118063211441,1.2856363952159882,-0.0016027835736167617,0.0,0.36058068089187145,11.561685502529144,0.0,11.515804767608643,0.5,0.04943370440031877
ppo,17,45,2700,8,0.004735535476356745,0.0,25.340142250061035,0.0,12.662283301353455,1.2523130178451538,0.0008011662030185107,0.0,0.40181860513985157,16.254598677158356,0.0,16.25688761472702,0.5,0.04067588518620194
ppo,17,46,2760,8,-0.00220193387940526,0.0,16.87204396724701,0.0,8.421201288700104,1.2618833035230637,0.0045533002412412316,0.0,0.5458020232617855,26.10787159204483,0.0,26.243701100349426,0.5,0.027411006266953024
ppo,17,47,2820,8,0.0027511404477991164,0.0,16.672900319099426,0.0,8.326835215091705,1.2366078794002533,0.0010109913332598808,0.0,0.758497454226017,46.42454433441162,0.0,46.402791023254395,0.5,0.011262588003165057
ppo,17,48,2880,8,-0.0007556555792689323,0.0,10.789923667907715,0.0,5.381788849830627,1.2417481243610382,-0.0007288700776371115,0.0,0.28571122512221336,7.926513850688934,0.0,7.944163382053375,0.5,0.07615669995693788
ppo,17,49,2940,8,-0.0027122488245368004,0.0,19.957553148269653,0.0,9.963540434837341,1.252393662929535,-0.0014771269179618685,0.0,0.49353012815117836,12.530774652957916,0.0,12.57433819770813,0.5,0.04513050021722048
ppo,17,5,300,8,-0.0022171009331941605,0.0,15.639051675796509,0.0,7.803063988685608,1.4244601875543594,-0.0001424207366653718,0.0,0.37491803243756294,1.474287785589695,0.0,1.545591562986374,0.5,0.4299733802397978
ppo,17,50,3000,8,0.00039189308881759644,0.0,11.498020470142365,0.0,5.736375629901886,1.3026481866836548,0.0005292519999784417,0.0,0.4455968104302883,29.772984504699707,0.0,29.829811692237854,0.5,0.019477896788060334
ppo,17,51,3060,8,-0.011786266230046749,0.0,27.48763918876648,0.0,13.718921303749084,1.3112309575080872,0.0002684959108592011,0.0,0.36633768677711487,40.31849503517151,0.0,40.30689239501953,0.5,0.014949569471263063
ppo,17,52,3120,8,0.00046508200466632843,0.0,9.790855586528778,0.0,4.88285693526268,1.3035984933376312,-0.0005888072664674837,0.0,0.45094368793070316,9.769935011863708,0.0,9.7484610080719,0.5,0.05648352587826061
ppo,17,53,3180,8,-0.004706765757873654,0.0,21.620916604995728,0.0,10.793106436729431,1.2645135968923569,0.00015123752200452145,0.0,0.39794560708105564,29.743520140647888,0.0,29.793779253959656,0.5,0.020692548644400417
ppo,17,54,3240,8,0.005303999409079552,0.0,27.313469886779785,0.0,13.649165630340576,1.2873580008745193,-0.00026244845867040567,0.0,0.5242071337997913,14.696633577346802,0.0,14.664976239204407,0.5,0.041569676266364916
ppo,17,55,3300,8,0.0004458066541701555,0.0,24.899290800094604,0.0,12.436846852302551,1.3244393318891525,0.0023904860463517252,0.0,0.5523331761360168,25.014914989471436,0.0,25.035335421562195,0.5,0.028521312826718485
ppo,17,56,3360,8,-0.0001508910208940506,0.0,16.701574087142944,0.0,8.337644875049591,1.299118623137474,-0.0005557902350119548,0.0,0.8948543444275856,40.82979726791382,0.0,40.942288398742676,0.5,0.014330452109743687
ppo,17,57,3420,8,0.004122735001146793,0.0,18.720972418785095,0.0,9.351432025432587,1.3176906257867813,0.0005314287773217075,0.0,0.7819616720080376,47.88941979408264,0.0,47.59680962562561,0.5,0.011484153735903712
ppo,17,58,3480,8,0.008059441111981869,0.0,24.78816509246826,0.0,12.389201998710632,1.2939715832471848,-0.0019537304096957087,0.0,0.4030353147536516,29.91537654399872,0.0,29.97784721851349,0.5,0.02278872879826671
ppo,17,59,3540,8,0.004797778092324734,0.0,15.815485000610352,0.0,7.899576187133789,1.296397864818573,-0.0011249246817897074,0.0,0.5673159305006266,13.52952778339386,0.0,13.438797414302826,0.5,0.05468645725368236
ppo,17,6,360,8,-0.008370117517188191,0.0,30.789121389389038,0.0,15.37182343006134,1.4366987496614456,0.004161195829510689,0.0,0.3354862742125988,1.5591101720929146,0.0,1.5988137423992157,0.5,0.3398269598196072
ppo,17,60,3600,8,-0.0037384084425866604,0.0,16.196202874183655,0.0,8.08113557100296,1.3227486312389374,0.001803087827283889,0.0,0.6562510840594769,24.331913352012634,0.0,24.36061704158783,0.5,0.028537923534842528
ppo,17,61,3660,8,-0.0065471697598695755,0.0,19.48047661781311,0.0,9.720471799373627,1.321963757276535,-0.0008088803369901143,0.0,0.4681514501571655,17.00245761871338,0.0,16.999305725097656,0.5,0.03201795453620203
ppo,17,62,3720,8,-0.0005643570329993963,0.0,11.018490552902222,0.0,5.49537193775177,1.3308861553668976,5.850152228958905e-05,0.0,0.5957056619226933,19.73355531692505,0.0,19.752444624900818,0.5,0.029031074646288575
ppo,17,63,3780,8,0.0031495187431573868,0.0,40.11634659767151,0.0,20.04830229282379,1.3020492643117905,-0.0008307557709485991,0.0,0.504171485081315,49.84381341934204,0.0,49.96599340438843,0.5,0.010625799804855032
ppo,17,64,3840,8,-0.0022552364971488714,0.0,53.79982042312622,0.0,26.884756803512573,1.2898235619068146,0.010227019782178104,0.0,0.5314857251942158,34.072967290878296,0.0,34.184914350509644,0.5,0.01662630902367128
ppo,17,65,3900,8,-0.001854823436588049,0.0,33.05141854286194,0.0,16.510636806488037,1.3217738419771194,0.0017020385748764966,0.0,0.5540235973894596,27.87469744682312,0.0,27.986067533493042,0.5,0.018791066912929755
ppo,17,66,3960,8,0.00295044673839584,0.0,13.259432196617126,0.0,6.619594514369965,1.3072063773870468,0.000741097743230057,0.0,0.4812026061117649,21.39155900478363,0.0,21.444000363349915,0.5,0.028630923729112388
ppo,17,67,4020,8,0.000971058751019882,0.0,13.89919888973236,0.0,6.937474012374878,1.3096476048231125,-0.00021531026141019538,0.0,0.5516604371368885,22.72062110900879,0.0,22.70906102657318,0.5,0.028293843721840087
ppo,17,68,4080,8,0.0006560049951076508,0.0,14.059085130691528,0.0,7.016999661922455,1.3198960572481155,0.012617391941603273,0.0,0.6562207192182541,21.321011066436768,0.0,21.264444231987,0.5,0.02775816845120722
ppo,17,69,4140,8,-0.0024532161187380552,0.0,10.30171126127243,0.0,5.135553658008575,1.284867838025093,0.00115664970871876,0.0,0.4647126831114292,20.033069789409637,0.0,20.036873757839203,0.5,0.0368745036445774
ppo,17,7,420,8,-0.008658804697915912,0.0,36.497833490371704,0.0,18.226139664649963,1.4118653237819672,0.006213994689460378,0.0,0.45533839240670204,4.287649929523468,0.0,4.335358560085297,0.5,0.133888758050264
ppo,17,70,4200,8,0.004400906153023243,0.0,24.37764263153076,0.0,12.17978036403656,1.344181701540947,-0.0011426093569752993,0.0,0.7710272669792175,44.273515701293945,0.0,44.67355179786682,0.5,0.013474091652161149
ppo,17,71,4260,8,0.006466530496254563,0.0,43.12620687484741,0.0,21.55646848678589,1.3101414293050766,0.006766780425095931,0.004464285913854837,0.47126902639865875,77.23449087142944,0.0,77.057870388031,0.5,0.006729792458585014
ppo,17,72,4320,8,-0.0037579243071377277,0.0,9.992513597011566,0.0,4.9793098866939545,1.3188991993665695,0.004217681067530066,0.0,0.44886667653918266,13.232914924621582,0.0,13.202550053596497,0.5,0.042002339224174255
ppo,17,73,4380,8,-0.001731068710796535,0.0,13.505197882652283,0.0,6.737849950790405,1.3017941564321518,-0.0002646404900588095,0.0,0.5126116462051868,29.47306776046753,0.0,29.34625768661499,0.5,0.019752919600201712
ppo,17,74,4440,8,-0.0052114442223683,0.0,29.39783239364624,0.0,14.681027054786682,1.2678166329860687,0.001742848166031763,0.0,0.4701142683625221,75.67502117156982,0.0,75.69408702850342,0.5,0.0071847744901932
ppo,17,75,4500,8,8.782558143138885e-05,0.0,12.739279747009277,0.0,6.356641590595245,1.3086209744215012,-0.001278720643313136,0.0,0.6641757637262344,13.992459118366241,0.0,14.027673363685608,0.5,0.044479171295301635
ppo,17,76,4560,8,-0.00455770711414516,0.0,26.792733192443848,0.0,13.37908399105072,1.2725010812282562,-0.00044330794844427146,0.0,0.579247985035181,19.383209228515625,0.0,19.542548179626465,0.5,0.028005281437248182
ppo,17,77,4620,8,-0.009119059890508652,0.0,12.707576394081116,0.0,6.33183366060257,1.2835382372140884,0.009046579652931541,0.0,0.6771079115569592,24.204946041107178,0.0,24.321483969688416,0.5,0.027867477998062117
ppo,17,78,4680,8,-0.006136271869763732,0.0,6.06591796875,0.0,3.013799488544464,1.3023187518119812,-0.001076403059414588,0.0,0.5656797029078007,29.463834166526794,0.0,29.66446280479431,0.5,0.019409189788904112
ppo,17,79,4740,8,-0.012861514114774764,0.0,14.946252822875977,0.0,7.447543680667877,1.2721105962991714,0.002900487061651802,0.0,0.7929633930325508,18.73626744747162,0.0,18.486903309822083,0.5,0.03185808396085523
ppo,17,8,480,8,0.0004114194307476282,0.0,18.87091863155365,0.0,9.422142207622528,1.372827634215355,-0.0021815290674567223,0.0,0.39360230788588524,11.376611948013306,0.0,11.366023182868958,0.5,0.044417086691596226
ppo,17,80,4800,8,-0.001980631146579981,0.0,12.090255618095398,0.0,6.030184864997864,1.2962330430746078,-0.00038287933784886263,0.0,0.6912801675498486,14.057900190353394,0.0,13.95426595211029,0.5,0.03916754933759726
ppo,17,81,4860,8,0.00031218607909977436,0.0,12.8433678150177,0.0,6.408913314342499,1.3082708567380905,-0.005955618049483746,0.0,0.5077013932168484,19.558162212371826,0.0,19.46591305732727,0.5,0.027400381112743944
ppo,17,82,4920,8,-0.0009180647321045399,0.0,18.901461958885193,0.0,9.436730682849884,1.30824713408947,0.001468480019866547,0.0,0.5417981557548046,46.662696838378906,0.0,46.58522653579712,0.5,0.011107231675317318
ppo,17,83,4980,8,-0.002271027653478086,0.0,11.414004802703857,0.0,5.691484063863754,1.3247186541557312,0.008164440194377676,0.020647321827709675,0.4481610134243965,12.456400454044342,0.0,12.523465812206268,0.5,0.053460076315202734
ppo,17,84,5040,8,-0.0014521735720336437,0.0,10.059982299804688,0.0,5.015658497810364,1.2880477160215378,-0.0016136246122187003,0.0,0.6386442743241787,23.144548892974854,0.0,23.549856185913086,0.5,0.022156534303251468
ppo,17,85,5100,8,-0.006346878886688501,0.0,8.869628846645355,0.0,4.415704160928726,1.2763327807188034,-0.002769512386294082,0.0,0.892230711877346,14.25527936220169,0.0,14.396909654140472,0.5,0.04039090407729558
ppo,17,86,5160,8,0.0016492106951773167,0.0,12.20643401145935,0.0,6.092270195484161,1.2596038281917572,-0.0039045696685207076,0.0,0.7521990947425365,17.068780541419983,0.0,16.8650643825531,0.5,0.032991133112075806
ppo,17,87,5220,8,-0.009511053678579628,0.0,15.021999835968018,0.0,7.488750636577606,1.2738390564918518,-0.0007884620790719055,0.0,0.8926245123147964,9.271198034286499,0.0,9.468927025794983,0.5,0.06426961152462281
ppo,17,88,5280,8,-0.005272728390991688,0.0,13.621045708656311,0.0,6.792708039283752,1.254195660352707,-0.0007620896503794938,0.0,1.0860696882009506,17.493120312690735,0.0,18.010086178779602,0.5,0.034906319161409766
ppo,17,89,5340,8,0.0022833615075796843,0.0,17.397822737693787,0.0,8.68902188539505,1.2173023372888565,1.0317162377759814e-06,0.0,0.6671085208654404,54.22783827781677,0.0,53.931061029434204,0.5,0.010262948434163243
ppo,17,9,540,8,0.004006502946140245,0.0,35.17809534072876,0.0,17.579148054122925,1.390620470046997,0.0018016907524724957,0.0,0.3950766548514366,5.775600224733353,0.0,5.77591335773468,0.5,0.09920211899986549
ppo,17,90,5400,8,-0.008089093957096338,0.0,10.324334561824799,0.0,5.141530454158783,1.2547834664583206,0.002766268044069875,0.0,0.6971701942384243,13.367030143737793,0.0,13.374659538269043,0.5,0.0409896902080434
ppo,17,91,5460,8,-0.0044324081391096115,0.0,12.655161261558533,0.0,6.3115028738975525,1.1645359545946121,0.003035748944967054,0.008928571827709675,0.7871521227061749,25.398783206939697,0.0,25.415262579917908,0.5,0.02420599562968251
ppo,17,92,5520,8,-0.003128069918602705,0.0,53.398202896118164,0.0,26.683817625045776,1.2155248671770096,0.0008129261623253115,0.0,0.8512363694608212,89.22440719604492,0.0,89.15106296539307,0.5,0.0056872450151678
ppo,17,93,5580,8,-0.0038867542752996087,0.0,10.142728328704834,0.0,5.055909693241119,1.1567764729261398,-0.0017987475257541519,0.0,0.8612683117389679,25.586150884628296,0.0,25.04587173461914,0.5,0.020933816432110498
ppo,17,94,5640,8,-0.009095874091144651,0.0,19.72975206375122,0.0,9.843582451343536,1.219761610031128,0.009594464849215001,0.012834821827709675,0.8503161258995533,17.008073687553406,0.0,17.135472774505615,0.5,0.03387664721208306
ppo,17,95,5700,8,0.011280165985226631,0.0,14.312237739562988,0.0,7.15593558549881,1.1463595479726791,-0.002896793455875013,0.0,0.4582424759864807,13.369949579238892,0.0,13.378058731555939,0.5,0.047152521344335764
ppo,17,96,5760,8,-0.010707383276894689,0.0,23.3965185880661,0.0,11.675759851932526,1.1792169511318207,0.0031305518987210235,0.004464285913854837,0.6983957923948765,54.50804102420807,0.0,54.780009031295776,0.5,0.011781551944251763
ppo,29,1,60,8,0.010517570655792952,0.0,42.474358558654785,0.0,21.23251163959503,1.5185025930404663,-0.0027926098118769005,0.0,0.2971925064921379,3.516255669295788,0.0,3.531672105193138,0.5,0.25531085821848887
ppo,29,10,600,8,-0.004295039921998978,0.0,25.763851642608643,0.0,12.862649857997894,1.4981107264757156,0.003513027331791818,0.0,0.48026731982827187,7.71096271276474,0.0,7.750863432884216,0.5,0.07134859890863687
ppo,29,11,660,8,-0.002500139526091516,0.0,40.84317064285278,0.0,20.40430974960327,1.4775527566671371,0.002686253770662006,0.0,0.34667679481208324,3.2643707394599915,0.0,3.2812032103538513,0.5,0.16581091012183452
ppo,29,12,720,8,-0.00029254553373903036,0.0,33.96552538871765,0.0,16.968003511428833,1.446671649813652,0.003923977157683112,0.0,0.3677318897098303,6.685621559619904,0.0,6.692725360393524,0.5,0.07662610210023697
ppo,29,13,780,8,0.0006647631889791228,0.0,24.307300806045532,0.0,12.14004671573639,1.4268334656953812,0.0002984140646731248,0.0,0.4508792795240879,13.123544335365295,0.0,13.100470662117004,0.5,0.040194247503759536
ppo,29,14,840,8,0.0037802578881382942,0.0,57.090396881103516,0.0,28.53458309173584,1.4395912289619446,0.0007567768207081826,0.0,0.4313554912805557,12.128134369850159,0.0,12.152931571006775,0.5,0.05171156203282622
ppo,29,15,900,8,-0.0013428693637251854,0.0,23.88450050354004,0.0,11.926500797271729,1.4406632483005524,8.335646089108195e-05,0.0,0.36187706142663956,11.937387466430664,0.0,11.95293641090393,0.5,0.04215398378116317
ppo,29,16,960,8,0.006739367730915546,0.0,23.00456690788269,0.0,11.494175553321838,1.4847277104854584,0.0015612639472237788,0.0,0.39798128977417946,8.027537792921066,0.0,7.995487838983536,0.5,0.07323680788237587
ppo,29,17,1020,8,0.005697727436199784,0.0,10.485552310943604,0.0,5.233932793140411,1.4541128724813461,0.003085586721681466,0.0,0.28296648152172565,7.419638574123383,0.0,7.401367366313934,0.5,0.07315725116852109
ppo,29,18,1080,8,-0.004180950112640858,0.0,25.810137271881104,0.0,12.886237382888794,1.4650494754314423,0.002037944343101117,0.0,0.36471002735197544,7.599236279726028,0.0,7.627623230218887,0.5,0.08477728039319242
ppo,29,19,1140,8,0.0009094430788536556,0.0,71.26902770996094,0.0,35.62054705619812,1.4876538813114166,0.0012169432739028707,0.0,0.4324080292135477,18.01273477077484,0.0,18.023157119750977,0.5,0.02995059897827148
ppo,29,2,120,8,-0.0018658998887985945,0.0,43.83084201812744,0.0,21.89912509918213,1.4430338740348816,-0.0028265498194741667,0.0,0.23629363626241684,1.0061581060290337,0.0,1.0370148606598377,0.4968164451420307,0.5402582066298607
ppo,29,20,1200,8,0.0022214665077626705,0.0,13.898856163024902,0.0,6.93718683719635,1.4462678581476212,0.00041993333798018284,0.0,0.32724233716726303,10.482243180274963,0.0,10.492667198181152,0.5,0.0495219947287234
ppo,29,21,1260,8,0.005314722890034318,0.0,25.838997840881348,0.0,12.910163640975952,1.4650450497865677,-0.0007921389915281907,0.0,0.3642217107117176,7.147072374820709,0.0,7.188536167144775,0.5,0.07795266450768154
ppo,29,22,1320,8,-0.010894767940044403,0.0,20.618929386138916,0.0,10.283726930618286,1.4843020290136337,0.0005299697850205121,0.0,0.4879578035324812,8.566060602664948,0.0,8.62617701292038,0.5,0.07117361436205161
ppo,29,23,1380,8,-0.005371424835175276,0.0,40.518083572387695,0.0,20.2390798330307,1.4590218663215637,0.0011271164203208173,0.0,0.5166936814785004,11.555410623550415,0.0,11.558170914649963,0.5,0.045991242820426194
ppo,29,24,1440,8,-0.00394096749369055,0.0,11.794996500015259,0.0,5.87873038649559,1.482695147395134,0.00011045246446883539,0.0,0.40900541469454765,6.841774255037308,0.0,6.844532281160355,0.5,0.08899517510277632
ppo,29,25,1500,8,-0.006472907029092312,0.0,24.151947617530823,0.0,12.055151343345642,1.4349488317966461,-0.00018027188434643904,0.0,0.49928004667162895,17.73498010635376,0.0,17.84934914112091,0.5,0.03362516605014232
ppo,29,26,1560,8,-0.0009723627008497715,0.0,6.6162455677986145,0.0,3.2926465570926666,1.4503924250602722,0.0027590876816248056,0.0,0.28782153502106667,7.730355858802795,0.0,7.71930330991745,0.5,0.071890082529189
ppo,29,27,1620,8,-0.0057891858741641045,0.0,9.558481693267822,0.0,4.759188562631607,1.426308885216713,-0.001508325534814503,0.0,0.3125239610671997,7.870091676712036,0.0,7.923839837312698,0.5,0.08118901611144386
ppo,29,28,1680,8,0.00030324322142405435,0.0,10.535536706447601,0.0,5.253688275814056,1.438325583934784,-0.0004696099040302215,0.0,0.8551857396960258,12.357176423072815,0.0,12.098567247390747,0.5,0.0433796260015043
ppo,29,29,1740,8,-0.0014793621376156807,0.0,19.50214695930481,0.0,9.73521089553833,1.438328742980957,0.00010176517389481887,0.0,0.6414261050522327,8.146495282649994,0.0,8.33651751279831,0.5,0.06919913909046564
ppo,29,3,180,8,-0.0004864002112299204,0.0,15.983614802360535,0.0,7.976504564285278,1.4816316813230515,0.000526295458257664,0.0,0.27522297762334347,3.805113136768341,0.0,3.8194002211093903,0.5,0.13143379335465658
ppo,29,30,1800,8,-0.00640388042666018,0.0,14.360999464988708,0.0,7.159648895263672,1.4446947425603867,-0.00019100862846244127,0.0,0.46549632772803307,12.514239430427551,0.0,12.50082379579544,0.5,0.052250631258101504
ppo,29,31,1860,8,0.0011893156915903091,0.0,5.498126268386841,0.0,2.735825687646866,1.4426755756139755,-0.001326566609350266,0.0,0.31658095121383667,5.5660925805568695,0.0,5.553920924663544,0.5,0.1148095764656805
ppo,29,32,1920,8,-0.006180263590067625,0.0,23.047147274017334,0.0,11.50311827659607,1.4274832457304,-0.0001239489273388017,0.0,0.4752481169998646,9.781293451786041,0.0,9.863423466682434,0.5,0.05568240066409262
ppo,29,33,1980,8,-0.0015180280606728047,0.0,5.741823315620422,0.0,2.8546157479286194,1.4777893871068954,-0.00853662950976286,0.0,0.5009995624423027,7.754824936389923,0.0,7.924963355064392,0.5,0.06412334046623555
ppo,29,34,2040,8,-0.007731802761554718,0.0,14.754737496376038,0.0,7.35560154914856,1.4035571366548538,-0.0010013594255724456,0.0,0.576583981513977,8.766624927520752,0.0,8.768977969884872,0.5,0.06958997153592136
ppo,29,35,2100,8,-0.019714652793481946,0.0,15.872040867805481,0.0,7.902559220790863,1.3746647834777832,0.004353353368060198,0.0,0.8542550578713417,9.495387315750122,0.0,9.909289121627808,0.5,0.05744541735092309
ppo,29,36,2160,8,-0.0006339484825730324,0.0,32.7114999294281,0.0,16.341955304145813,1.3160366415977478,0.0096414455329068,0.0,0.6446329802274704,12.930181920528412,0.0,13.050165593624115,0.5,0.04921119390099838
ppo,29,37,2220,8,-0.0015141163021326065,0.0,6.467591285705566,0.0,3.2190714180469513,1.3210097402334213,-0.001158649058197625,0.0,0.5153177678585052,14.162879824638367,0.0,14.016650140285492,0.5,0.043473761303661825
ppo,29,38,2280,8,-0.007988766767084599,0.0,21.051978588104248,0.0,10.505021274089813,1.2979221045970917,0.0008878204644133803,0.0,0.584378944709897,14.601205825805664,0.0,14.663375973701477,0.5,0.039453765126857054
ppo,29,39,2340,8,-0.017357343807816505,0.0,9.558887302875519,0.0,4.749624311923981,1.2462037950754166,-7.688859113841318e-05,0.0,0.6323499977588654,16.092682778835297,0.0,16.375358521938324,0.5,0.04256687895215229
ppo,29,4,240,8,-0.0022162492386996746,0.0,63.75182485580444,0.0,31.85860776901245,1.5088266730308533,0.00090891458785336,0.0,0.3474332746118307,1.7102587521076202,0.0,1.7535503506660461,0.5,0.3291901314249929
ppo,29,40,2400,8,-0.011121541261672974,0.0,17.107489347457886,0.0,8.529482543468475,1.3140665739774704,-0.001022598522467888,0.00390625,0.5282563008368015,12.237058997154236,0.0,12.237181067466736,0.5,0.043516973626171664
ppo,29,41,2460,8,-0.0030218574684113264,0.0,7.937466979026794,0.0,3.9529786705970764,1.273305505514145,-0.0036461691197473556,0.0,0.6195686422288418,8.555440068244934,0.0,8.64568942785263,0.5,0.0624326687366383
ppo,29,42,2520,8,0.005199279170483351,0.0,6.778077960014343,0.0,3.381108045578003,1.3130249232053757,0.002765708718470705,0.0,0.9001533351838589,8.73891094326973,0.0,8.43992754817009,0.5,0.07955497397156461
ppo,29,43,2580,8,-0.0035172076895833015,0.0,13.454048991203308,0.0,6.709879100322723,1.3628116995096207,0.0038331615260176477,0.0,0.9331948161125183,28.352616786956787,0.0,28.887944221496582,0.5,0.018034812962826358
ppo,29,44,2640,8,-0.012207499705255032,0.0,9.069557249546051,0.0,4.509558290243149,1.3012810796499252,-0.0019891771371476352,0.0,0.5600672997534275,11.808917880058289,0.0,11.653074979782104,0.5,0.04889646925124886
ppo,29,45,2700,8,-0.00557208380632801,0.0,17.674100637435913,0.0,8.819000542163849,1.247755616903305,0.0004423817154020071,0.0,0.7492849491536617,18.574884176254272,0.0,18.785608887672424,0.5,0.028517445919180564
ppo,29,46,2760,8,-0.02761823497712612,0.0,9.002471387386322,0.0,4.461679965257645,1.1937410533428192,0.005249642804301402,0.058593750931322575,1.198900494724512,8.170235335826874,0.0,7.846213400363922,0.5,0.06599849893300538
ppo,29,47,2820,8,-0.004258136032149196,0.0,9.192846059799194,0.0,4.581011474132538,1.1153422743082047,0.0036524103488773108,0.07589285913854837,0.7721380367875099,7.411786437034607,0.0,7.4174506068229675,0.5,0.07360225477477453
ppo,29,48,2880,8,-0.0006710455054417253,0.0,6.259204566478729,0.0,3.1181794703006744,1.0751749575138092,-0.003016340604517609,0.0,1.0249180980026722,3.245485320687294,0.0,3.3958513736724854,0.5,0.17204660619265108
ppo,29,49,2940,8,-0.01683347229845822,0.0,5.450951039791107,0.0,2.699307292699814,0.933478519320488,-0.005299187920172699,0.0,0.9261139333248138,6.568764626979828,0.0,6.731792390346527,0.5,0.07981924986495324
ppo,29,5,300,8,-0.005782434716820717,0.0,23.98819661140442,0.0,11.973582327365875,1.47338305413723,0.004070183233125135,0.0,0.3412256371229887,1.477174311876297,0.0,1.5394143760204315,0.5,0.4580480075126633
ppo,29,50,3000,8,-0.007606706116348505,0.0,6.104984521865845,0.0,3.034626603126526,1.0258902981877327,0.004625198784196982,0.0,1.2539954110980034,8.507591724395752,0.0,8.210549652576447,0.5,0.07012183390263295
ppo,29,51,3060,8,-0.013611952657811344,0.0,6.267214834690094,0.0,3.109426587820053,1.0568901300430298,-0.002133739246346522,0.0301339291036129,0.8412912003695965,4.2848755568265915,0.0,4.52021524310112,0.5,0.1389451711487025
ppo,29,52,3120,8,-0.022850370965898037,0.0,7.188852548599243,0.0,3.5599822103977203,1.1593678146600723,0.0036114172253292054,0.14787946501746774,1.2501818761229515,3.9872310161590576,0.0,4.564114943146706,0.5,0.15174992919897037
ppo,29,53,3180,8,-0.011749240569770336,0.0,5.820821285247803,0.0,2.8891302049160004,0.953116700053215,0.037538098033110145,0.0987723208963871,1.2519976496696472,7.34929159283638,0.0,7.625016808509827,0.5,0.07899899547763001
ppo,29,54,3240,8,-0.006238522939383984,0.0,7.678106427192688,0.0,3.8227091133594513,1.0105551704764366,0.0013815203710692003,0.0,0.9510527998209,15.89909291267395,0.0,15.519334554672241,0.5,0.032943898539649054
ppo,29,55,3300,8,-0.021146755665540695,0.0,5.192012846469879,0.0,2.564960092306137,0.9899575710296631,0.01398542344395537,0.11774553544819355,1.1118537932634354,5.803187280893326,0.0,6.108736097812653,0.5,0.09383263418874341
ppo,29,56,3360,8,-0.0019815685227513313,0.0,5.1528827250003815,0.0,2.5651740580797195,0.928572304546833,-0.005045929614425404,0.0078125,0.6734886169433594,4.2337532341480255,0.0,4.270619258284569,0.5,0.1492706762300564
ppo,29,57,3420,8,-0.0044104838743805885,0.0,7.390803575515747,0.0,3.6802853643894196,1.070595197379589,-0.00019305005844216794,0.0,1.2403522208333015,7.399961680173874,0.0,7.607841610908508,0.5,0.0756948246822107
ppo,29,58,3480,8,-0.009048924199305475,0.0,5.671128451824188,0.0,2.8159674406051636,1.0547919049859047,-0.0025042558036147966,0.0,1.1982925087213516,5.509138762950897,0.0,6.001653164625168,0.5,0.10359439167193532
ppo,29,59,3540,8,-0.018469430040568113,0.0,6.8403578996658325,0.0,3.392986536026001,0.8723049908876419,0.04126668283061008,0.17299107275903225,1.0480788126587868,5.8838196992874146,0.0,5.954542905092239,0.5,0.10950930258901694
ppo,29,6,360,8,0.005749282689066604,0.0,33.31465458869934,0.0,16.648120880126953,1.4955451488494873,0.0020034386761835776,0.0,0.26601174660027027,4.5865176767110825,0.0,4.602172315120697,0.5,0.17390693208093919
ppo,29,60,3600,8,0.0013932401780039072,0.0,3.2478182911872864,0.0,1.6165278255939484,0.8774547725915909,0.008148309803800657,0.11830357182770967,1.207356758415699,4.158530011773109,0.0,4.404510498046875,0.5,0.13961433248857458
ppo,29,61,3660,8,0.0013803462497889996,0.0,5.990311503410339,0.0,2.9888546466827393,0.7681451216340065,0.0026660132643883117,0.08928571548312902,1.1940063163638115,11.180182933807373,0.0,10.888390302658081,0.5,0.04767304007171732
ppo,29,62,3720,8,-0.019632028008345515,0.0,8.453970313072205,0.0,4.198698163032532,0.8655056282877922,0.005248203226074111,0.13448660913854837,1.1624698862433434,18.146246194839478,0.0,18.697360634803772,0.5,0.02760485050672064
ppo,29,63,3780,8,-0.018425497954012826,0.0,6.075486838817596,0.0,3.0100348591804504,0.928300753235817,0.02723060140851885,0.1685267873108387,0.9423766359686852,3.6893419474363327,0.0,3.921276241540909,0.5,0.18208571394172546
ppo,29,64,3840,8,-0.00771110929781571,0.0,9.273784220218658,0.0,4.62044033408165,0.8740747049450874,0.0011834476244985126,0.1400669626891613,1.1445268020033836,7.692954897880554,0.0,7.9478581845760345,0.5,0.08501478433418296
ppo,29,65,3900,8,-0.025004982016980648,0.0,3.9927190840244293,0.0,1.9634370058774948,0.7917583882808685,0.0446018680522684,0.16462053451687098,0.9084805175662041,4.454737097024918,0.0,4.698875457048416,0.5,0.13162564546996192
ppo,29,66,3960,8,-0.013031211754423566,0.0,2.826430380344391,0.0,1.3939251527190208,0.6258822605013847,0.02722779864052427,0.2293526791036129,0.998131301254034,6.251955032348633,0.0,6.445327311754227,0.5,0.09919095469645398
ppo,29,67,4020,8,-0.010564630851149559,0.0,5.732435345649719,0.0,2.8506593108177185,0.49937162548303604,0.006697107255604351,0.020647321827709675,1.0963621065020561,14.732606172561646,0.0,14.285874366760254,0.5,0.036620053267549545
ppo,29,68,4080,8,-0.0024376658257097006,0.0,3.1922135055065155,0.0,1.5876888185739517,0.5980295836925507,0.024020085907977773,0.07477678637951612,1.1137056797742844,5.93861149251461,0.0,6.011700540781021,0.5,0.11839086999377567
ppo,29,69,4140,8,-0.0017298110760748386,0.0,4.501704573631287,0.0,2.2435370832681656,0.5585389398038387,-0.007018894550128607,0.0524553582072258,0.8109967447817326,7.769136190414429,0.0,8.076604276895523,0.5,0.0779484098728312
ppo,29,7,420,8,-0.0011225695488974452,0.0,21.532376646995544,0.0,10.750138700008392,1.4927285015583038,-0.0008910658798413351,0.0,0.43766950070858,1.3402615673840046,0.0,1.4236614033579826,0.5,0.41532377905172685
ppo,29,70,4200,8,-0.0033324211835861206,0.0,3.907067120075226,0.0,1.9444292932748795,0.5771888755261898,-0.0035395070917729754,0.0,1.1443804912269115,7.371780693531036,0.0,7.7710862159729,0.5,0.07280786735888364
ppo,29,71,4260,8,-0.012784064747393131,0.0,5.116070866584778,0.0,2.5399781316518784,0.5273221097886562,0.022928565616894048,0.15569196548312902,1.2173664569854736,16.867754101753235,0.0,17.085961937904358,0.5,0.030553771042614603
ppo,29,72,4320,8,0.005233637988567352,0.0,4.290713906288147,0.0,2.1456054151058197,0.4985164478421211,0.0022528871122631244,0.0,0.8672941662371159,15.100624680519104,0.0,15.444198489189148,0.5,0.03295795572810698
ppo,29,73,4380,8,0.002595813013613224,0.0,2.6876745223999023,0.0,1.3414165824651718,0.5016479827463627,0.008010768797248602,0.020647321827709675,1.124985110014677,3.980126053094864,0.0,3.809958755970001,0.5,0.15953930930627538
ppo,29,74,4440,8,-0.009150632424280047,0.0,4.3055693209171295,0.0,2.139027565717697,0.4606442227959633,0.008468586360777408,0.05022321501746774,0.7453380301594734,5.223931282758713,0.0,5.218875408172607,0.5,0.12270405710132921
ppo,29,75,4500,8,-0.0048835006018634886,0.0,3.0751406848430634,0.0,1.528059870004654,0.4626943841576576,0.008423818366281921,0.025111607741564512,0.9064332693815231,4.924107521772385,0.0,4.849616825580597,0.5,0.11242305379497669
ppo,29,76,4560,8,-0.011823467706562951,0.0,2.7986518144607544,0.0,1.3833168670535088,0.41855762898921967,0.004176835998805473,0.025111607275903225,0.8276397846639156,2.8255265951156616,0.0,3.2170087546110153,0.5,0.17999511350908526
ppo,29,77,4620,8,-0.011240171268582344,0.0,2.4567936062812805,0.0,1.2133406475186348,0.3815993703901768,0.0068569155810109805,0.0379464291036129,0.7032021265476942,3.364816263318062,0.0,3.643854930996895,0.5,0.16840349746489788
ppo,29,78,4680,8,-0.0002087983302772045,0.0,2.132751375436783,0.0,1.062840111553669,0.33267585933208466,0.00035276437029096996,0.008370535913854837,0.7607281431555748,3.0138514935970306,0.0,3.1444484144449234,0.5,0.17999643594259143
ppo,29,79,4740,8,-0.006552627310156822,0.0,2.8538125455379486,0.0,1.4167705923318863,0.3583045117557049,-0.0028293617633607937,0.012834821827709675,0.8649153411388397,6.095273911952972,0.0,6.460024923086166,0.5,0.09198559543364201
ppo,29,8,480,8,0.0016343900933861732,0.0,48.43473744392395,0.0,24.204152703285217,1.4850720912218094,0.0018708657662500627,0.0,0.2658838536590338,7.524072051048279,0.0,7.531738072633743,0.5,0.07387124764160262
ppo,29,80,4800,8,0.003700415138155222,0.0,3.507761538028717,0.0,1.7535905838012695,0.39906152337789536,0.009390070572408149,0.00390625,1.3776774667203426,13.902942776679993,0.0,14.174839854240417,0.5,0.036498821685302094
ppo,29,81,4860,8,-0.0018105767667293549,0.0,2.9840746223926544,0.0,1.4868608862161636,0.3365868143737316,0.001417228467289533,0.012834821827709675,1.5563755296170712,5.83402693271637,0.0,5.5920146107673645,0.5,0.10519421338453822
ppo,29,82,4920,8,0.002619129605591297,0.0,1.7822263836860657,0.0,0.8900947868824005,0.3637548238039017,0.005979978388950258,0.004464285913854837,0.687470268458128,2.815057374536991,0.0,2.757676586508751,0.5,0.23896446824033185
ppo,29,83,4980,8,-0.007926557213068008,0.0,2.6907589733600616,0.0,1.3333227932453156,0.41301705688238144,-0.00035350721827853704,0.0,0.8447151705622673,4.084646120667458,0.0,4.2210588455200195,0.5,0.1346537843404765
ppo,29,84,5040,8,0.0013060797937214375,0.0,2.467459201812744,0.0,1.2308552414178848,0.41804667189717293,0.011979952573710761,0.020089285913854837,1.0549699701368809,6.209068089723587,0.0,5.911325842142105,0.5,0.09573977052020723
ppo,29,85,5100,8,0.00035566871520131826,0.0,2.3837872743606567,0.0,1.1882707327604294,0.39785440266132355,0.005729406321734132,0.004464285913854837,0.9367473050951958,7.813392281532288,0.0,7.99295237660408,0.5,0.06950853119030215
ppo,29,86,5160,8,-0.0013655634684255347,0.0,2.197714239358902,0.0,1.0942188873887062,0.32726919651031494,0.020839788972807582,0.08314732275903225,1.2982309460639954,3.482161268591881,0.0,4.2509550005197525,0.5,0.1319046239816691
ppo,29,87,5220,8,-0.016725532710552216,0.0,3.120538651943207,0.0,1.5398279428482056,0.37158526107668877,0.03978448232919618,0.10993303637951612,1.2426979653537273,9.650458812713623,0.0,10.008959084749222,0.5,0.06060868659057965
ppo,29,88,5280,8,0.01241679341183044,0.0,5.819188296794891,0.0,2.918031722307205,0.3979242667555809,0.0001909967932078871,0.03125,2.8172905147075653,12.550628781318665,0.0,14.558662056922913,0.5,0.035491691949135915
ppo,29,89,5340,8,0.007749435491859913,0.0,1.5142298340797424,0.0,0.7615341767668724,0.3330180458724499,-0.006047084049896512,0.0,1.0900229886174202,3.564804792404175,0.0,3.995633140206337,0.5,0.17495134669262863
ppo,29,9,540,8,0.001583247329108417,0.0,6.2522300481796265,0.0,3.113081783056259,1.4616461843252182,0.001626909102924401,0.0,0.29940065927803516,1.247470661997795,0.0,1.310836173593998,0.5,0.4789975014087361
ppo,29,90,5400,8,0.007139920257031918,0.0,2.9290721714496613,0.0,1.468222051858902,0.3453916124999523,0.006422089547413634,0.054687500931322575,1.2367377802729607,9.157816916704178,0.0,8.581581115722656,0.5,0.07345475384390307
ppo,29,91,5460,8,0.002573890029452741,0.0,2.311073452234268,0.0,1.1543537601828575,0.37568462640047073,0.007591367759232526,0.0,1.1415735185146332,4.061096280813217,0.0,4.394798457622528,0.5,0.13785606410963996
ppo,29,92,5520,8,-0.019012202508747578,0.0,3.714010536670685,0.0,1.8351199328899384,0.2873131036758423,0.04437455030347337,0.1138392873108387,1.0911608152091503,5.839371547102928,0.0,6.619842886924744,0.5,0.11794919670791289
ppo,29,93,5580,8,-0.017330685164779425,0.0,2.904508590698242,0.0,1.4317912608385086,0.3132336977869272,0.009650360247178469,0.040178571827709675,1.6330335550010204,10.328160464763641,0.0,9.608256101608276,0.5,0.059636338358581745
ppo,29,94,5640,8,-0.005727644776925445,0.0,2.681552916765213,0.0,1.3315674662590027,0.3481347784399986,0.021168478973777383,0.029017857741564512,0.6131303682923317,6.877985715866089,0.0,7.168085545301437,0.5,0.0961498681562577
ppo,29,95,5700,8,0.0010479566408321261,0.0,2.2867795675992966,0.0,1.1418307051062584,0.2607031222432852,-0.0053966873460922216,0.004464285913854837,0.936916908249259,5.212240695953369,0.0,5.148097574710846,0.5,0.10745837150924045
ppo,29,96,5760,8,-0.011517483391799033,0.0,2.579787790775299,0.0,1.2750151455402374,0.3361289016902447,0.008647114080304164,0.054687500931322575,0.9315173663198948,4.998094484210014,0.0,5.1215168088674545,0.5,0.16892052033094096
ppo,43,1,60,8,-0.004092398099601269,0.0,24.250263690948486,0.0,12.106205582618713,1.4833794832229614,-0.0027452659705886617,0.0,0.317144438624382,2.4394723773002625,0.0,2.4666968286037445,0.5,0.22341560674922692
ppo,43,10,600,8,-0.008648068411275744,0.0,8.872118771076202,0.0,4.412754267454147,1.4657024294137955,-0.00038255656431829266,0.0,0.26925870403647423,3.4528726041316986,0.0,3.4636718928813934,0.5,0.1575281579862788
ppo,43,11,660,8,0.008230779552832246,0.0,40.18660545349121,0.0,20.08664035797119,1.489258959889412,0.0015691664775658865,0.0,0.3443315979093313,6.400243312120438,0.0,6.422469437122345,0.5,0.10453035920688371
ppo,43,12,720,8,-0.001144918001955375,0.0,13.12654721736908,0.0,6.547601222991943,1.4527423828840256,0.0028482729831011966,0.0,0.25764557160437107,2.1671278551220894,0.0,2.1927018016576767,0.5,0.2908300151775508
ppo,43,13,780,8,-0.007514232769608498,0.0,58.95072364807129,0.0,29.453032970428467,1.4814465641975403,-0.00022171673481352627,0.0,0.29157390631735325,11.716817855834961,0.0,11.7271928191185,0.5,0.04556633039827338
ppo,43,14,840,8,-0.005595541093498468,0.0,38.01461458206177,0.0,18.9869601726532,1.475153461098671,-0.0007225857782486855,0.0,0.35660815332084894,3.916187733411789,0.0,3.925194799900055,0.5,0.13109957128127694
ppo,43,15,900,8,-0.009343694429844618,0.0,39.09098935127258,0.0,19.521565794944763,1.4585442394018173,-0.00010122477033291943,0.0,0.32395984046161175,7.565312922000885,0.0,7.598172545433044,0.5,0.07016032060431031
ppo,43,16,960,8,0.015146548859775066,0.0,18.980979800224304,0.0,9.491276860237122,1.4359343945980072,0.0004251523369021015,0.0,0.28735586628317833,10.950664222240448,0.0,10.998883306980133,0.5,0.05396418543277899
ppo,43,17,1020,8,0.0017620065627852455,0.0,54.678658962249756,0.0,27.326427936553955,1.466370850801468,0.0010385605783085339,0.0,0.3981526140123606,11.9229017496109,0.0,11.948657155036926,0.5,0.04350625932667132
ppo,43,18,1080,8,0.0011570076458156109,0.0,24.0402569770813,0.0,12.006803154945374,1.4482511132955551,0.0009005776228150353,0.0,0.3619360998272896,8.747184872627258,0.0,8.773989856243134,0.5,0.06387921025019783
ppo,43,19,1140,8,0.007294526789337397,0.0,27.524749040603638,0.0,13.75555944442749,1.4109715223312378,0.0019717746599781094,0.0,0.29092574678361416,7.241814970970154,0.0,7.24284815788269,0.5,0.07407075600003798
ppo,43,2,120,8,-0.004362425766885281,0.0,34.15375256538391,0.0,17.057667016983032,1.4846974909305573,0.003207826095604105,0.0,0.1913508828729391,1.6296723373234272,0.0,1.644998375326395,0.4938489906489849,0.44927942653209135
ppo,43,20,1200,8,0.001413057034369558,0.0,12.158217787742615,0.0,6.0660993456840515,1.4422668665647507,-0.0001192021688893874,0.0,0.48925646394491196,12.543006658554077,0.0,12.478655099868774,0.5,0.04075604221550641
ppo,43,21,1260,8,-0.0020833995658904314,0.0,5.268341660499573,0.0,2.6175119876861572,1.4575458317995071,0.0009056157869054005,0.0,0.4133848715573549,4.421973407268524,0.0,4.411524057388306,0.5,0.1266238616151981
ppo,43,22,1320,8,-0.002891602460294962,0.0,29.01596236228943,0.0,14.490518808364868,1.4570609033107758,0.0005964566480542999,0.0,0.3454632069915533,10.130076229572296,0.0,10.164648354053497,0.5,0.05081113242136268
ppo,43,23,1380,8,-0.00938533735461533,0.0,36.11581540107727,0.0,18.03402292728424,1.4499354362487793,0.0016893595638975967,0.0,0.519541023299098,9.911362528800964,0.0,9.940630435943604,0.5,0.05270990255381567
ppo,43,24,1440,8,0.002394023584201932,0.0,9.587763547897339,0.0,4.78193524479866,1.434056207537651,-3.665079520942527e-05,0.0,0.325701093301177,6.847905337810516,0.0,6.89305967092514,0.5,0.09441145874220964
ppo,43,25,1500,8,-0.002248881384730339,0.0,50.8610405921936,0.0,25.41370964050293,1.4562044143676758,-0.0003208400776202325,0.0,0.49258027598261833,19.42267072200775,0.0,19.51572299003601,0.5,0.026794993374861853
ppo,43,26,1560,8,-0.0013050275156274438,0.0,26.358328580856323,0.0,13.163782238960266,1.4077123403549194,2.004733687499538e-06,0.0,0.4280075766146183,18.138585686683655,0.0,18.24092745780945,0.5,0.028585270312988013
ppo,43,27,1620,8,-0.004625316709280014,0.0,10.411577105522156,0.0,5.187112629413605,1.4050614535808563,-0.002146005048416555,0.0,0.31324934773147106,13.375389993190765,0.0,13.341494798660278,0.5,0.05294410552362183
ppo,43,28,1680,8,-0.0033469415502622724,0.0,12.246724724769592,0.0,6.106055319309235,1.396013766527176,0.0018136052422050852,0.0,0.3898207675665617,11.342832863330841,0.0,11.245982706546783,0.5,0.04856221201158511
ppo,43,29,1740,8,0.005058865761384368,0.0,55.18932056427002,0.0,27.585554838180542,1.4164039343595505,0.00018567681399872527,0.0,0.38911416195333004,39.08261251449585,0.0,39.107343673706055,0.5,0.013471209746599159
ppo,43,3,180,8,-0.009638533927500248,0.0,15.83787477016449,0.0,7.894468396902084,1.4830342084169388,0.0031309426922234707,0.0,0.2918553687632084,1.360304694622755,0.0,1.3936619758605957,0.46171416342258453,0.5057539412234595
ppo,43,30,1800,8,-0.0021966833155602217,0.0,12.461222887039185,0.0,6.214334428310394,1.4080373048782349,0.000316450899845222,0.0,0.5683375485241413,22.436769485473633,0.0,22.781593680381775,0.5,0.022798534297293623
ppo,43,31,1860,8,-0.0029570183251053095,0.0,14.862770199775696,0.0,7.414176404476166,1.4251720905303955,0.0023480469899368472,0.0,0.4621839299798012,5.481340229511261,0.0,5.582308292388916,0.5,0.09591458928189008
ppo,43,32,1920,8,-0.006292613223195076,0.0,14.257893681526184,0.0,7.108295261859894,1.4358974546194077,0.0027448480659586494,0.0,0.3384411558508873,24.76412320137024,0.0,24.787399530410767,0.5,0.02102154628868205
ppo,43,33,1980,8,0.0037622046656906605,0.0,12.72066879272461,0.0,6.3496639132499695,1.443275824189186,-0.0005543536462937482,0.0,0.3554058540612459,23.619558334350586,0.0,23.598865032196045,0.5,0.02194379027707434
ppo,43,34,2040,8,0.0037510301917791367,0.0,41.61138200759888,0.0,20.795554161071777,1.3888285905122757,-0.0004186383685009787,0.0,0.4279358237981796,18.620644330978394,0.0,18.616257429122925,0.5,0.033807437958988364
ppo,43,35,2100,8,-0.002732350490987301,0.0,7.758833169937134,0.0,3.862241208553314,1.4443063586950302,-0.002016072437982075,0.0,0.391048526391387,11.584339141845703,0.0,11.598733127117157,0.5,0.04784742825868272
ppo,43,36,2160,8,-0.0015918398275971413,0.0,12.058783531188965,0.0,6.013547897338867,1.4251904338598251,0.0177836045040749,0.0,0.3792571760714054,11.535655736923218,0.0,11.588602602481842,0.5,0.05241585902612209
ppo,43,37,2220,8,-0.0005247765220701694,0.0,11.097398042678833,0.0,5.533845961093903,1.432831659913063,0.000993484653008636,0.0,0.4247940983623266,8.18313381075859,0.0,8.11971202492714,0.5,0.07395553903689411
ppo,43,38,2280,8,-0.005116134881973267,0.0,8.013420283794403,0.0,3.9870929419994354,1.450109377503395,-0.0021900548690609867,0.0,0.4791764486581087,9.572564721107483,0.0,9.799744933843613,0.5,0.07025495216990194
ppo,43,39,2340,8,0.007218344137072563,0.0,20.20896315574646,0.0,10.09747314453125,1.4226907938718796,0.01173554317210801,0.0,0.5260559692978859,18.29310715198517,0.0,18.14561629295349,0.5,0.03131473637945772
ppo,43,4,240,8,-0.007235346361994743,0.0,15.345131397247314,0.0,7.650327026844025,1.5003337264060974,0.0011955294794461224,0.0,0.28469037637114525,1.3588832505047321,0.0,1.416782721877098,0.4978381097316742,0.4894361668539848
ppo,43,40,2400,8,-0.018848498119041324,0.0,39.74647760391235,0.0,19.84016728401184,1.4222973585128784,0.0019045573135372251,0.0,0.6972392089664936,41.11241662502289,0.0,41.45848762989044,0.5,0.013862947435878493
ppo,43,41,2460,8,-0.015118017792701721,0.0,10.716428875923157,0.0,5.329414367675781,1.3681984543800354,0.015487641008803621,0.0,0.5321320258080959,9.884866714477539,0.0,10.001859962940216,0.5,0.06316447610362301
ppo,43,42,2520,8,0.0036461730487644672,0.0,7.423575401306152,0.0,3.7020707428455353,1.3363230526447296,-0.0012611286801984534,0.0,0.4791814349591732,11.706513345241547,0.0,11.836142599582672,0.5,0.047239596634438545
ppo,43,43,2580,8,-0.012898937799036503,0.0,16.348515033721924,0.0,8.147641956806183,1.3716689050197601,-0.003007610979693709,0.0,0.5520858466625214,12.406193673610687,0.0,12.432871997356415,0.5,0.04599135281031608
ppo,43,44,2640,8,-0.009502864675596356,0.0,5.845650494098663,0.0,2.8990889489650726,1.4233411252498627,0.023890331794973463,0.021205357275903225,0.5564257577061653,5.891486495733261,0.0,5.872692316770554,0.5,0.09532205452477499
ppo,43,45,2700,8,-0.006784646771848202,0.0,7.3918129205703735,0.0,3.6754819452762604,1.3639874160289764,0.006698437297018245,0.0,0.44491738826036453,7.147174388170242,0.0,7.256577879190445,0.5,0.08283475505235895
ppo,43,46,2760,8,-0.0011719492031261325,0.0,10.610918283462524,0.0,5.290457338094711,1.3829771131277084,-0.0038703568498021923,0.0,0.5849939472973347,5.718644201755524,0.0,5.847012013196945,0.5,0.09914503014295238
ppo,43,47,2820,8,0.007771890261210501,0.0,5.804485738277435,0.0,2.8964480459690094,1.3566672801971436,0.0013067713407508563,0.0,0.7646420896053314,5.331044852733612,0.0,5.481578320264816,0.5,0.105385773071982
ppo,43,48,2880,8,-0.013239124789834023,0.0,13.55500328540802,0.0,6.750893712043762,1.3368796557188034,-1.531771704321727e-05,0.0,1.226109005510807,18.924079060554504,0.0,19.716855883598328,0.5,0.02604531638596471
ppo,43,49,2940,8,0.002551404293626547,0.0,13.098641276359558,0.0,6.538821518421173,1.3050624281167984,0.0006728860644216184,0.0,0.7559289857745171,25.115763425827026,0.0,25.423539876937866,0.5,0.01999727553480129
ppo,43,5,300,8,-0.008484572637826204,0.0,24.101948261260986,0.0,12.02748727798462,1.5002239346504211,-0.0013219772517913952,0.0,0.35380068980157375,2.803614392876625,0.0,2.8379657864570618,0.5,0.219269052477488
ppo,43,50,3000,8,-0.013211968005634844,0.0,10.395503222942352,0.0,5.171001136302948,1.3538430482149124,0.005426090123364702,0.059709821827709675,0.8394780494272709,6.450645267963409,0.0,6.690660655498505,0.5,0.08712974094127779
ppo,43,51,3060,8,0.00880338717252016,0.0,9.271892070770264,0.0,4.6314860582351685,1.3263265043497086,-0.0008908936069929041,0.0,0.5379680097103119,10.135814607143402,0.0,10.291069090366364,0.5,0.057701202501939566
ppo,43,52,3120,8,-0.006886308081448078,0.0,13.833097457885742,0.0,6.89683473110199,1.2827765345573425,0.007841822545742616,0.01785714365541935,0.7507516033947468,19.378023386001587,0.0,19.649047255516052,0.5,0.027470344098821948
ppo,43,53,3180,8,-0.003702928312122822,0.0,11.081010520458221,0.0,5.523806691169739,1.2995554357767105,0.008533449178287356,0.012834821827709675,0.9314810186624527,7.228824973106384,0.0,7.195397436618805,0.5,0.08871073025279046
ppo,43,54,3240,8,0.002756429836153984,0.0,7.497813403606415,0.0,3.7389885783195496,1.2674533277750015,-0.0037717364721174818,0.0,0.61951644718647,9.462708353996277,0.0,9.430603504180908,0.5,0.060198687248247104
ppo,43,55,3300,8,0.006496042013168335,0.0,8.44350153207779,0.0,4.215371400117874,1.2875348031520844,0.0014529328163916944,0.029575893189758062,0.7217822186648846,8.696603238582611,0.0,8.860508739948273,0.5,0.06586461812411096
ppo,43,56,3360,8,-0.009865273488685489,0.0,19.917290568351746,0.0,9.9366854429245,1.2094845920801163,0.015777117165271193,0.0301339291036129,1.1054885908961296,8.78884345293045,0.0,8.950515627861023,0.5,0.06434943584776268
ppo,43,57,3420,8,-0.006527008023113012,0.0,5.802591025829315,0.0,2.8821254074573517,1.2643134593963623,0.005061998759629205,0.0,0.9064163044095039,9.460934162139893,0.0,9.71656608581543,0.5,0.06094705334610753
ppo,43,58,3480,8,0.005306407809257507,0.0,5.075099498033524,0.0,2.5307120084762573,1.2144151329994202,-0.007316051391171641,0.0,1.0322158224880695,3.7168195843696594,0.0,4.090229958295822,0.5,0.13166625027099738
ppo,43,59,3540,8,-0.002195194596424699,0.0,6.944746673107147,0.0,3.4591493904590607,1.102878376841545,-0.003217958685127087,0.0,1.480728767812252,15.354104995727539,0.0,14.418110966682434,0.5,0.035642417182245374
ppo,43,6,360,8,-3.0705006793141365e-05,0.0,41.783469438552856,0.0,20.876875638961792,1.4828380346298218,0.0012042501557516516,0.0,0.2648327127099037,6.81501829624176,0.0,6.82439512014389,0.5,0.07938671328800406
ppo,43,60,3600,8,0.0041218469850718975,0.0,10.679426193237305,0.0,5.33084100484848,1.2993882447481155,-0.0013372315697779413,0.06696428637951612,1.3431314826011658,7.650108486413956,0.0,7.319790005683899,0.5,0.07982751940744556
ppo,43,61,3660,8,-0.0029206639155745506,0.0,10.033379077911377,0.0,5.002393364906311,1.1375456005334854,0.0013382761098910123,0.0,0.6901625357568264,11.73838946223259,0.0,11.524689853191376,0.5,0.05644972246259194
ppo,43,62,3720,8,0.00229627569206059,0.0,11.852342009544373,0.0,5.915549337863922,1.2917991131544113,-0.004808466781696552,0.025669643189758062,0.8222900629043579,8.839074671268463,0.0,8.75679326057434,0.5,0.059994109839863446
ppo,43,63,3780,8,-0.008076306316070259,0.0,8.535204708576202,0.0,4.2475892305374146,1.193685606122017,0.005963944910035934,0.021205357275903225,0.9578025564551353,5.437151923775673,0.0,5.400458335876465,0.5,0.13363008582098307
ppo,43,64,3840,8,-0.01851038821041584,0.0,10.43520474433899,0.0,5.187875270843506,1.121669888496399,0.004796632012585178,0.03459821455180645,1.0709842443466187,5.16821762919426,0.0,5.7791478633880615,0.5,0.09794283060200044
ppo,43,65,3900,8,-0.002185978926718235,0.0,3.628650963306427,0.0,1.8008406460285187,1.1298892498016357,-0.009740866691572592,0.00390625,0.8736965507268906,4.364274322986603,0.0,4.557179868221283,0.5,0.12486286634086438
ppo,43,66,3960,8,-0.0037887925282120705,0.0,11.175278425216675,0.0,5.574376225471497,0.9474289938807487,0.006686117922072299,0.025111607741564512,1.0489759184420109,14.641870260238647,0.0,14.40676724910736,0.5,0.03755830317124985
ppo,43,67,4020,8,-0.003189964802004397,0.0,10.41856837272644,0.0,5.195082128047943,1.1012178659439087,0.018075365223921835,0.0078125,0.9761720821261406,7.382857084274292,0.0,7.730902314186096,0.5,0.07101176439300573
ppo,43,68,4080,8,-0.01740400562994182,0.0,10.510151863098145,0.0,5.227606475353241,1.0065451338887215,0.004674730353144696,0.03069196455180645,1.4859276078641415,6.441411346197128,0.0,6.926233232021332,0.5,0.07759806802461561
ppo,43,69,4140,8,-0.009236166253685951,0.0,4.1999229192733765,0.0,2.0822963565587997,0.8428974896669388,-0.0030657877287012525,0.030691965483129025,0.8641121610999107,4.6566875874996185,0.0,4.820078343153,0.5,0.11119667945843012
ppo,43,7,420,8,-0.002590716685517691,0.0,23.215507745742798,0.0,11.590619385242462,1.454374447464943,0.00033516972871439066,0.0,0.35473501309752464,3.2740444242954254,0.0,3.2909514904022217,0.5,0.1535603716237231
ppo,43,70,4200,8,-0.005487306043505669,0.0,6.057975858449936,0.0,3.014649882912636,0.8850752785801888,0.0020354278531158343,0.058593750931322575,1.4995748549699783,4.684489816427231,0.0,5.09041303396225,0.5,0.10516003813524495
ppo,43,71,4260,8,-0.003761627711355686,0.0,6.525781273841858,0.0,3.250122159719467,0.9006782099604607,-0.002542600899687386,0.04687500046566129,1.9325044862926006,5.524226129055023,0.0,6.2371120154857635,0.5,0.10062832643465343
ppo,43,72,4320,8,-0.018450090661644936,0.0,5.8537070751190186,0.0,2.900030195713043,0.8373207077383995,0.01155056395509746,0.0809151791036129,1.2013858668506145,5.079924076795578,0.0,5.723907858133316,0.5,0.10025234780254373
ppo,43,73,4380,8,0.0011999807320535183,0.0,4.98508033156395,0.0,2.4855050295591354,0.8235149085521698,0.007421554370779404,0.0,0.9320219531655312,12.077869057655334,0.0,12.470325231552124,0.5,0.040536810630068726
ppo,43,74,4440,8,-0.012748220935463905,0.0,3.6555110216140747,0.0,1.806472897529602,0.8534380048513412,0.0009485631635470781,0.026785715017467737,0.8471505008637905,3.5778120905160904,0.0,3.655566543340683,0.5,0.15744341766238867
ppo,43,75,4500,8,-0.010344241745769978,0.0,5.7366898357868195,0.0,2.850368484854698,0.7632152363657951,-0.006569761659193318,0.021763393189758062,1.2506234422326088,5.665782570838928,0.0,6.002694129943848,0.5,0.08649592083110567
ppo,43,76,4560,8,-0.01189254649943905,0.0,4.230672478675842,0.0,2.0950859785079956,0.8357656672596931,0.003234970190533204,0.017299107741564512,0.9846352115273476,6.869314193725586,0.0,7.032709240913391,0.5,0.08061133404377167
ppo,43,77,4620,8,-0.0027830353938043118,0.0,6.113757610321045,0.0,3.0464307367801666,0.7665028348565102,0.0071774809366615955,0.008370535913854837,1.9799085557460785,12.014298558235168,0.0,12.340199947357178,0.5,0.04356268336585778
ppo,43,78,4680,8,-0.015160990704316646,0.0,3.608097642660141,0.0,1.7814678251743317,0.7420006692409515,0.006098605281295022,0.11160714272409678,1.3712888360023499,4.127205580472946,0.0,4.496752291917801,0.5,0.1298000442434432
ppo,43,79,4740,8,-0.0010362884495407343,0.0,8.031019687652588,0.0,4.0057331919670105,0.8740387335419655,-0.006464343314291909,0.0,0.9732388556003571,5.4249794483184814,0.0,5.615083485841751,0.5,0.11729027443361345
ppo,43,8,480,8,-0.002682771533727646,0.0,16.829689502716064,0.0,8.397392451763153,1.47695991396904,-0.00046051131357671693,0.0,0.27098532393574715,6.356182813644409,0.0,6.365930140018463,0.5,0.08057042930098003
ppo,43,80,4800,8,0.0005054645007476211,0.0,4.821575343608856,0.0,2.4043830037117004,0.6910122260451317,-0.000978981886873953,0.008928571827709675,1.3054386898875237,6.330467462539673,0.0,6.387564092874527,0.5,0.10428012625774917
ppo,43,81,4860,8,-0.015432273503392935,0.0,6.244273602962494,0.0,3.0974255800247192,0.9278976544737816,0.007509195522288792,0.06975446501746774,1.3524409234523773,5.351178228855133,0.0,5.83880141377449,0.5,0.09902630573978526
ppo,43,82,4920,8,-0.005157731822691858,0.0,6.5998300313949585,0.0,3.287267565727234,0.7489707916975021,0.008764496345975203,0.0,1.1475126333534718,7.875572741031647,0.0,7.978840589523315,0.5,0.06778582964436738
ppo,43,83,4980,8,-0.0028382177697494626,0.0,8.331957936286926,0.0,4.154627591371536,0.851314440369606,0.001171896296000341,0.008370535913854837,1.1629190221428871,9.10786885023117,0.0,9.240326821804047,0.5,0.057633011974518186
ppo,43,84,5040,8,-0.004442681412911043,0.0,6.204344809055328,0.0,3.0903552770614624,0.7374478653073311,0.013501486052518885,0.0876116082072258,1.0427782386541367,7.545413851737976,0.0,7.829953372478485,0.5,0.07318403522976777
ppo,43,85,5100,8,-0.012022622860968113,0.0,4.308287739753723,0.0,2.1344904005527496,0.7630916610360146,0.009034375289047603,0.046875000931322575,1.4955893903970718,7.218452006578445,0.0,7.8489930331707,0.5,0.08733228960997302
ppo,43,86,5160,8,-0.0015252390876412392,0.0,5.431023001670837,0.0,2.7054624557495117,0.8523780256509781,0.01108430490421597,0.10993303637951612,1.4795031137764454,10.021284013986588,0.0,10.001304984092712,0.5,0.0698857387415343
ppo,43,87,5220,8,-0.032674520276486874,0.0,9.258920431137085,0.0,4.589476674795151,0.7308989837765694,0.010795258398502483,0.06919642770662904,2.6911563854664564,12.857719600200653,0.0,14.483943045139313,0.5,0.048100349863090267
ppo,43,88,5280,8,0.007738561951555312,0.0,8.449725568294525,0.0,4.225204706192017,0.7396670579910278,0.018576176116766874,0.10881696408614516,1.1649920865893364,8.995720028877258,0.0,8.954336285591125,0.5,0.06615484553697636
ppo,43,89,5340,8,0.002253797836601734,0.0,6.539745509624481,0.0,3.265062987804413,0.7063550353050232,0.002548376426602772,0.0,1.5800438895821571,20.689110279083252,0.0,21.389427185058594,0.5,0.02366585745080179
ppo,43,9,540,8,-0.000206357566639781,0.0,48.507606983184814,0.0,24.23842144012451,1.5175706297159195,0.000954584149440052,0.0,0.3404958136379719,2.8948844373226166,0.0,2.917197734117508,0.5,0.1796310758184853
ppo,43,90,5400,8,0.01107601379044354,0.0,3.612123489379883,0.0,1.8101204931735992,0.7017273902893066,0.023341374562733108,0.10937500093132257,1.3461317047476768,9.018780827522278,0.0,8.75081741809845,0.5,0.08256983391585765
ppo,43,91,5460,8,0.00819995068013668,0.0,14.084841966629028,0.0,7.044485509395599,0.6135540157556534,0.010776590655041218,0.008928571827709675,1.8666499331593513,19.9222092628479,0.0,21.143818140029907,0.5,0.025476298828278954
ppo,43,92,5520,8,0.018090417957864702,0.0,13.025635004043579,0.0,6.5236300230026245,0.727795735001564,0.03684726744540967,0.1746651791036129,2.436685137450695,21.437808990478516,0.0,20.745603322982788,0.5,0.025373064766500288
ppo,43,93,5580,8,0.004370413720607758,0.0,4.848987311124802,0.0,2.422914132475853,0.5949981287121773,0.0037676407355320407,0.04129464318975806,2.3881955072283745,10.338461995124817,0.0,11.721984446048737,0.5,0.057965356509145666
ppo,43,94,5640,8,0.004165902500972152,0.0,4.99158588051796,0.0,2.494388312101364,0.5570527166128159,-0.004903400243165379,0.08984375093132257,2.812286712229252,7.458346486091614,0.0,8.335664957761765,0.5,0.07874037990280322
ppo,43,95,5700,8,-0.001124740985687822,0.0,3.973027467727661,0.0,1.9796337932348251,0.5755191519856453,-0.0019508816112647764,0.0,1.2928138747811317,4.280809611082077,0.0,4.299980074167252,0.5,0.12325372938449385
ppo,43,96,5760,8,-0.006544453091919422,0.0,6.170200526714325,0.0,3.0727915167808533,0.5764237269759178,0.002276614622132911,0.016183035913854837,1.3130246549844742,5.757310092449188,0.0,5.886237531900406,0.5,0.10569368065980943
ppo,61,1,60,8,-0.011643800418823957,0.0,10.706991493701935,0.0,5.327170729637146,1.4681212604045868,-0.004835842213651631,0.0,0.2603071089833975,1.9216389879584312,0.0,1.9419149085879326,0.5,0.3082187970765225
ppo,61,10,600,8,-0.0053730548825114965,0.0,34.84671330451965,0.0,17.40337872505188,1.4604785740375519,-0.0008149367067744606,0.0,0.24643196538090706,2.7605590373277664,0.0,2.7730012238025665,0.5,0.2022104566474317
ppo,61,11,660,8,-0.0006850045174360275,0.0,21.032889127731323,0.0,10.50087821483612,1.4881148040294647,0.0003661806113086641,0.0,0.23414732702076435,2.0786152780056,0.0,2.1016629338264465,0.5,0.2944856580757084
ppo,61,12,720,8,0.009453791659325361,0.0,20.037559032440186,0.0,10.013755857944489,1.4477496445178986,-0.00035517961441655643,0.0,0.34055737778544426,5.824334502220154,0.0,5.839812159538269,0.5,0.10017616522444094
ppo,61,13,780,8,-0.0038384979707188904,0.0,72.8524169921875,0.0,36.40768480300903,1.4684485793113708,-0.0004939521413689363,0.0,0.23216645419597626,6.580620765686035,0.0,6.582392990589142,0.5,0.07828491278633988
ppo,61,14,840,8,0.002645926084369421,0.0,28.0847384929657,0.0,14.030317783355713,1.4697355479002,-0.001375439847834059,0.0,0.28100928477942944,5.59914293885231,0.0,5.6025309562683105,0.5,0.11077743397450283
ppo,61,15,900,8,-0.006124366424046457,0.0,19.151121735572815,0.0,9.55491727590561,1.4519277811050415,-0.00010805204692587722,0.0,0.31106570456176996,11.204168736934662,0.0,11.219123125076294,0.5,0.046638269981179155
ppo,61,16,960,8,-0.0014399806968867779,0.0,39.454707622528076,0.0,19.710878014564514,1.5035679042339325,0.0008089171096798964,0.0,0.35122215189039707,6.367513209581375,0.0,6.390132337808609,0.5,0.09959732580072868
ppo,61,17,1020,8,-0.0009663112869020551,0.0,28.11650824546814,0.0,14.042554259300232,1.4733465909957886,0.00194561016633088,0.0,0.29434454068541527,4.9186674654483795,0.0,4.93062686920166,0.5,0.1045488195484701
ppo,61,18,1080,8,-0.007997372769750655,0.0,28.670076847076416,0.0,14.312395691871643,1.4645392149686813,0.000571779120946303,0.0,0.23742605186998844,8.818503379821777,0.0,8.814620852470398,0.5,0.06594961966870133
ppo,61,19,1140,8,-0.005419750232249498,0.0,13.408025979995728,0.0,6.683819234371185,1.4773865342140198,0.000763450422709866,0.0,0.30198859609663486,4.347843527793884,0.0,4.357862949371338,0.5,0.1238596382725595
ppo,61,2,120,8,0.0041674968670122325,0.0,93.95034503936768,0.0,46.96424961090088,1.5091213136911392,-0.0007013518115854822,0.0,0.30226967856287956,8.956916689872742,0.0,8.957454860210419,0.5,0.058125564207162854
ppo,61,20,1200,8,-0.0009763094130903482,0.0,11.356096506118774,0.0,5.662413835525513,1.465813234448433,0.0004513843214226654,0.0,0.2744084447622299,3.9424751698970795,0.0,3.970741420984268,0.5,0.1442565609451384
ppo,61,21,1260,8,-0.0063022923859534785,0.0,52.660213470458984,0.0,26.308743715286255,1.5060945749282837,0.002877430626540445,0.0,0.37307783402502537,16.949387192726135,0.0,17.01160752773285,0.5,0.031503546317024254
ppo,61,22,1320,8,-0.007287727436050773,0.0,11.821207523345947,0.0,5.8887845277786255,1.4531473815441132,-0.001760884410032304,0.0,0.4053802005946636,22.49548602104187,0.0,22.430309534072876,0.5,0.02273939844392587
ppo,61,23,1380,8,-0.002259871456772089,0.0,33.88355350494385,0.0,16.925074696540833,1.444186046719551,0.0005612717231997522,0.0,0.454596322029829,11.821320950984955,0.0,11.823648452758789,0.5,0.05220399232298682
ppo,61,24,1440,8,-0.0032283428590744734,0.0,24.477240800857544,0.0,12.220234215259552,1.5157796144485474,0.0005130294775881339,0.0,0.32525392808020115,8.815631866455078,0.0,8.847560167312622,0.5,0.06137375512434524
ppo,61,25,1500,8,-0.00182826176751405,0.0,29.357219219207764,0.0,14.661909580230713,1.4871716499328613,-0.0014824617355770897,0.0,0.38662248104810715,17.54055655002594,0.0,17.51422917842865,0.5,0.03003777544606212
ppo,61,26,1560,8,-0.007573210401460528,0.0,26.605986833572388,0.0,13.281095385551453,1.4324792623519897,4.912772510579089e-05,0.0,0.3493547551333904,13.014456510543823,0.0,13.045161426067352,0.5,0.04868753218025796
ppo,61,27,1620,8,-0.003959759371355176,0.0,14.960331916809082,0.0,7.461168348789215,1.503782495856285,6.27437184448354e-05,0.0,0.4277001991868019,12.639705121517181,0.0,12.744055092334747,0.5,0.04440059301415595
ppo,61,28,1680,8,0.0005466854199767113,0.0,19.16987156867981,0.0,9.570753991603851,1.472862184047699,-0.0010720204081735574,0.0,0.42255783826112747,37.11530065536499,0.0,36.95598316192627,0.5,0.013614657782881559
ppo,61,29,1740,8,-0.008335855323821306,0.0,46.7824330329895,0.0,23.368029356002808,1.4851654171943665,-0.0010544104261498433,0.0,0.4721987694501877,14.11445838212967,0.0,14.103588819503784,0.5,0.04030868946648067
ppo,61,3,180,8,-0.0007706661708652973,0.0,12.805807292461395,0.0,6.387563079595566,1.4569851160049438,-0.000711402935849037,0.0,0.31882859393954277,2.7173038870096207,0.0,2.7413927614688873,0.5,0.20128636233277797
ppo,61,30,1800,8,-0.0018038507550954819,0.0,15.130411028862,0.0,7.548861622810364,1.4540016949176788,-0.0011737833610823145,0.0,0.34118274599313736,18.272862911224365,0.0,18.183204174041748,0.5,0.029303142544828804
ppo,61,31,1860,8,0.0006617426406592131,0.0,31.377041816711426,0.0,15.67442274093628,1.4759746938943863,-0.000916714571758348,0.0,0.30770415998995304,15.204772233963013,0.0,15.242367625236511,0.5,0.03717088625508688
ppo,61,32,1920,8,-0.008373488206416368,0.0,36.89379048347473,0.0,18.423811078071594,1.4710917621850967,-0.0014876529603498057,0.0,0.47027774900197983,16.526533484458923,0.0,16.462653040885925,0.5,0.038075795539983574
ppo,61,33,1980,8,-0.005396462860517204,0.0,18.283408641815186,0.0,9.121621966362,1.4685964435338974,-0.004708428023150191,0.0,0.5086701810359955,8.36515337228775,0.0,8.45120707154274,0.5,0.07024553918621584
ppo,61,34,2040,8,-0.0034089754335582256,0.0,9.992541909217834,0.0,4.978285998106003,1.4576021581888199,-0.0006590336124645546,0.0,0.4890323020517826,15.710919499397278,0.0,15.461909770965576,0.5,0.038907593582019034
ppo,61,35,2100,8,0.0009123100899159908,0.0,17.237332344055176,0.0,8.605019927024841,1.4558431804180145,-0.0021563977388723288,0.0,0.41307374462485313,39.85738658905029,0.0,39.98551821708679,0.5,0.013011043920379724
ppo,61,36,2160,8,7.798336446285248e-05,0.0,13.003347635269165,0.0,6.487377047538757,1.4374786615371704,0.006138458571513183,0.0,0.3330274000763893,10.176834642887115,0.0,10.16922652721405,0.5,0.05491221139678701
ppo,61,37,2220,8,-0.005683411087375134,0.0,22.916717767715454,0.0,11.438328385353088,1.4346995055675507,0.000910386350369663,0.0,0.580875638872385,19.022096037864685,0.0,19.21137833595276,0.5,0.030021857414371113
ppo,61,38,2280,8,0.0057511357590556145,0.0,16.814817309379578,0.0,8.398613214492798,1.4546656608581543,-0.0009957959409803152,0.012276785913854837,0.5445269867777824,17.603720009326935,0.0,17.54734295606613,0.5,0.03640885367925762
ppo,61,39,2340,8,-0.010218325071036816,0.0,13.557416319847107,0.0,6.7543861865997314,1.410358726978302,0.00949545494040649,0.00390625,0.5193778723478317,7.613135397434235,0.0,7.602745056152344,0.5,0.07280951617959334
ppo,61,4,240,8,-0.005533595220185816,0.0,35.29143285751343,0.0,17.62569808959961,1.4485074430704117,-0.0004858146942297026,0.0,0.2616863176226616,3.172332674264908,0.0,3.1813571751117706,0.5,0.16549201606494388
ppo,61,40,2400,8,-0.007505384739488363,0.0,8.868073105812073,0.0,4.412340342998505,1.4190974980592728,-0.0006650763971265405,0.0,0.4979129172861576,28.41658878326416,0.0,28.25056743621826,0.5,0.018418213282516794
ppo,61,41,2460,8,-0.011069504078477621,0.0,10.315841674804688,0.0,5.132639825344086,1.421156421303749,-0.007379482478427235,0.03906250046566129,0.5621610023081303,20.318936944007874,0.0,20.27678894996643,0.5,0.026901099666065968
ppo,61,42,2520,8,0.009990499820560217,0.0,12.273846507072449,0.0,6.1326398849487305,1.4273737967014313,0.011993021988018882,0.06752232275903225,0.9411126598715782,9.282960414886475,0.0,8.935547709465027,0.5,0.06507279166769343
ppo,61,43,2580,8,-0.0038152921479195356,0.0,24.955275297164917,0.0,12.459993362426758,1.3829305768013,0.0011622010424616747,0.0,0.7557870373129845,21.16253125667572,0.0,21.588905215263367,0.5,0.02575312774475084
ppo,61,44,2640,8,-0.009062280296348035,0.0,17.091445803642273,0.0,8.52275401353836,1.3906754851341248,-0.0014301349874585867,0.0,0.7124170027673244,8.756424963474274,0.0,8.682253122329712,0.5,0.06328427398754742
ppo,61,45,2700,8,-0.024062288459390402,0.0,11.410326600074768,0.0,5.667251229286194,1.384970337152481,0.00629496596025092,0.0,0.8742761462926865,8.082527041435242,0.0,8.372667253017426,0.5,0.06898714525238808
ppo,61,46,2760,8,-0.02473914995789528,0.0,11.724279999732971,0.0,5.8236841559410095,1.3716647028923035,0.0062570707450504415,0.06808035681024194,0.711949098855257,10.754719376564026,0.0,10.904373437166214,0.5,0.05899219329956153
ppo,61,47,2820,8,-0.009252706542611122,0.0,9.191254556179047,0.0,4.573143422603607,1.3231130093336105,-0.009696068067569286,0.10602678824216127,0.7457569539546967,8.256220996379852,0.0,8.412250995635986,0.5,0.06024805819931867
ppo,61,48,2880,8,-0.0035803101491183043,0.0,6.389884054660797,0.0,3.1783752739429474,1.2986461222171783,0.010093669523485005,0.09933035727590322,0.7826012447476387,4.584923565387726,0.0,4.596388012170792,0.5,0.12207232367698276
ppo,61,49,2940,8,-0.007025921484455466,0.0,6.482141852378845,0.0,3.222861021757126,1.1183944791555405,0.0049356947565684095,0.013392857741564512,1.1967027261853218,12.319800019264221,0.0,11.751547694206238,0.5,0.0435811582989578
ppo,61,5,300,8,-0.004742125980556011,0.0,25.937135815620422,0.0,12.948974370956421,1.485147476196289,0.0006911977598065278,0.0,0.22868588007986546,1.1748634167015553,0.0,1.2014534585177898,0.48148447647690773,0.5466822722622248
ppo,61,50,3000,8,-0.007069665472954512,0.0,5.351890325546265,0.0,2.6560091972351074,1.286629855632782,0.002735754427703796,0.004464285913854837,2.0502513349056244,5.844500839710236,0.0,6.5731761157512665,0.5,0.09047043810545258
ppo,61,51,3060,8,0.004996395669877529,0.0,9.536040186882019,0.0,4.762325882911682,1.069059744477272,-0.013725367229199037,0.0915178582072258,0.6307534854859114,23.294859170913696,0.0,23.43583059310913,0.5,0.021908276533881818
ppo,61,52,3120,8,-0.0025837901048362255,0.0,8.129274606704712,0.0,4.050173372030258,1.188010260462761,0.000349400652339682,0.0,0.6907728463411331,12.916673183441162,0.0,12.823807537555695,0.5,0.048871087399579
ppo,61,53,3180,8,-0.014536188449710608,0.0,7.478563606739044,0.0,3.7149133682250977,0.983229786157608,-0.003211593830201309,0.0,0.9013881124556065,8.161985635757446,0.0,8.203151524066925,0.5,0.06386149356815546
ppo,61,54,3240,8,-0.00802450580522418,0.0,11.476451754570007,0.0,5.719419300556183,1.0782076567411423,-0.007012092741206288,0.0,0.855385884642601,5.56672939658165,0.0,5.484172075986862,0.5,0.1193603643310608
ppo,61,55,3300,8,-0.005692625418305397,0.0,8.487914502620697,0.0,4.227723613381386,1.0540968030691147,0.004448313942702953,0.013392857741564512,1.024648167192936,5.6069634556770325,0.0,5.771963447332382,0.5,0.10841935600964875
ppo,61,56,3360,8,-0.016411839053034782,0.0,9.443810641765594,0.0,4.695863127708435,0.963045671582222,0.007817381905624643,0.03069196455180645,0.9901161044836044,5.924793407320976,0.0,6.123345136642456,0.5,0.11791092325271411
ppo,61,57,3420,8,-0.00704757240600884,0.0,5.17920783162117,0.0,2.573843836784363,0.8712555542588234,0.004796824505319819,0.03404017956927419,0.8665605634450912,3.4460081309080124,0.0,3.5997256487607956,0.5,0.17298211914345962
ppo,61,58,3480,8,-0.017436452209949493,0.0,5.386553198099136,0.0,2.666691556572914,0.9148611947894096,0.0009445059113204479,0.0892857164144516,0.9831507578492165,9.040064454078674,0.0,9.246533274650574,0.5,0.06870845172807624
ppo,61,59,3540,8,0.018051331397145987,0.0,11.499034643173218,0.0,5.758886098861694,0.8682562559843063,0.012619115150300786,0.09598214458674192,1.7855228558182716,15.303770542144775,0.0,14.707531094551086,0.5,0.035385614731214106
ppo,61,6,360,8,-0.003497685305774212,0.0,51.15223979949951,0.0,25.55782699584961,1.4795849174261093,0.0012288077887205873,0.0,0.2577337175607681,4.349289089441299,0.0,4.357802093029022,0.5,0.11779581485506187
ppo,61,60,3600,8,-0.0008346028625965118,0.0,7.419396698474884,0.0,3.6995289027690887,0.9334865361452103,-0.002741906902883784,0.0,1.1839872226119041,5.342328727245331,0.0,5.922469347715378,0.5,0.09464495822133548
ppo,61,61,3660,8,0.009448849596083164,0.0,6.581934690475464,0.0,3.291554868221283,0.8861382901668549,0.007564776482468005,0.02566964365541935,1.9814844839274883,4.741107225418091,0.0,5.327108383178711,0.5,0.09598643334552188
ppo,61,62,3720,8,-0.007009749358985573,0.0,5.371286362409592,0.0,2.6700167059898376,0.8616682961583138,0.0012631538702407852,0.0,1.0127177573740482,4.087308794260025,0.0,4.307692810893059,0.5,0.15407956700009814
ppo,61,63,3780,8,-0.0019566493574529886,0.0,8.755901873111725,0.0,4.3677831292152405,0.8211182430386543,0.0035891035659005865,0.0,1.132506512105465,4.947849094867706,0.0,5.020512819290161,0.5,0.12819149118883522
ppo,61,64,3840,8,-0.009185950038954616,0.0,4.086618214845657,0.0,2.026742160320282,0.7380995824933052,0.004120125391636975,0.012834821827709675,1.4457246586680412,6.055731296539307,0.0,6.284131079912186,0.5,0.08598621496498247
ppo,61,65,3900,8,-0.009544570930302143,0.0,7.30001974105835,0.0,3.6322847604751587,0.818049356341362,0.009847760527918581,0.038504465483129025,1.6806411370635033,5.6939816772937775,0.0,6.15390419960022,0.5,0.08489345309181177
ppo,61,66,3960,8,0.001962678972631693,0.0,3.5545401573181152,0.0,1.7717934101819992,0.7439345866441727,0.0030902224716555793,0.008928571827709675,1.291421514004469,4.958448722958565,0.0,5.514528721570969,0.5,0.0983069540792669
ppo,61,67,4020,8,-0.015814307145774364,0.0,5.3758766651153564,0.0,2.665519505739212,0.6604539528489113,0.003865723578201141,0.004464285913854837,1.2069685012102127,4.906703859567642,0.0,5.137228742241859,0.5,0.1298544957330438
ppo,61,68,4080,8,-0.011804054491221905,0.0,5.754059672355652,0.0,2.8586024343967438,0.6623383909463882,-0.001775096548954025,0.012834821827709675,1.2684606313705444,5.992197722196579,0.0,6.7338816821575165,0.5,0.08879201081092913
ppo,61,69,4140,8,-0.014302519150078297,0.0,4.971246629953384,0.0,2.465572312474251,0.5748506262898445,0.021973967257508775,0.06194196455180645,1.1403433214873075,15.820352554321289,0.0,16.45729947090149,0.5,0.031544656007278106
ppo,61,7,420,8,0.0003745989961316809,0.0,129.80125331878662,0.0,64.88597917556763,1.5022922605276108,-0.0010095549696416128,0.0,0.21424433588981628,7.481553941965103,0.0,7.484394907951355,0.5,0.07325407021734165
ppo,61,70,4200,8,0.021117674186825752,0.0,5.768998146057129,0.0,2.8999328315258026,0.5683926716446877,0.007859549426939338,0.042968750931322575,2.0004117228090763,4.931354612112045,0.0,5.365095734596252,0.5,0.10970257673492455
ppo,61,71,4260,8,0.01842805463820696,0.0,6.569477319717407,0.0,3.2978245615959167,0.5342101752758026,-0.016950378554611234,0.10881696548312902,2.7716609090566635,7.354934215545654,0.0,6.4954944252967834,0.5,0.09017585654372731
ppo,61,72,4320,8,0.004087341090780683,0.0,5.542633980512619,0.0,2.770027071237564,0.5377257764339447,0.002247136246296577,0.008928571827709675,0.9067766293883324,3.8349699825048447,0.0,3.9760700166225433,0.5,0.14244617793201172
ppo,61,73,4380,8,-0.006704544517560862,0.0,4.360065132379532,0.0,2.1677481830120087,0.557982973754406,0.0045277992758201435,0.004464285913854837,1.218251310288906,4.4987020790576935,0.0,4.294622540473938,0.5,0.12487391126712036
ppo,61,74,4440,8,0.004506584722548723,0.0,5.9797718822956085,0.0,2.989472061395645,0.49204713106155396,-0.014259273124480387,0.0613839291036129,3.625059064477682,9.001373797655106,0.0,7.780777961015701,0.5,0.0774066448053196
ppo,61,75,4500,8,-0.009464490227401257,0.0,4.506388485431671,0.0,2.237996682524681,0.573310598731041,0.0052826888859272,0.0340401791036129,1.3855357933789492,4.472135305404663,0.0,4.916087597608566,0.5,0.12336262460696987
ppo,61,76,4560,8,-0.014900237554684281,0.0,4.278310209512711,0.0,2.1187610179185867,0.549391470849514,-0.0009176029770969762,0.058593750931322575,1.2164436466991901,11.661731362342834,0.0,12.264307856559753,0.5,0.05043834442443658
ppo,61,77,4620,8,0.007365977857261896,0.0,11.586695551872253,0.0,5.795202612876892,0.5511199608445168,0.006648672280789469,0.017857143189758062,2.2187574878335,20.31223428249359,0.0,21.765176594257355,0.5,0.02875408760753347
ppo,61,78,4680,8,-0.00703761912882328,0.0,14.927523016929626,0.0,7.451102614402771,0.5621249452233315,0.030364516453118995,0.1395089291036129,1.7555721178650856,16.962361216545105,0.0,16.948986649513245,0.5,0.03525392074487095
ppo,61,79,4740,8,0.004555374383926392,0.0,5.62313574552536,0.0,2.810290217399597,0.58330487459898,-0.005449164600577205,0.04241071455180645,1.8730446323752403,13.994496822357178,0.0,14.657745838165283,0.5,0.03655442000815991
ppo,61,8,480,8,0.001592419110238552,0.0,33.77546191215515,0.0,16.874688386917114,1.4635082483291626,-4.9528000090504065e-05,0.0,0.23856721259653568,3.262149855494499,0.0,3.2744539827108383,0.5,0.1683506501412049
ppo,61,80,4800,8,0.023419725708663464,0.0,5.236342638731003,0.0,2.6360075622797012,0.558345153927803,0.008124907471938059,0.10993303637951612,2.9247237741947174,15.359471917152405,0.0,14.356581330299377,0.5,0.04285084108263754
ppo,61,81,4860,8,-0.011392549145966768,0.0,6.498835921287537,0.0,3.2326267063617706,0.5398689322173595,0.007010901372268563,0.012834821827709675,2.9586546793580055,19.57387685775757,0.0,21.884201765060425,0.5,0.02392095024824925
ppo,61,82,4920,8,-0.005915398942306638,0.0,5.800343453884125,0.0,2.8894134759902954,0.4842795915901661,0.007690663427638356,0.05078125046566129,0.9393005147576332,5.9237247705459595,0.0,6.011183500289917,0.5,0.10500391464490866
ppo,61,83,4980,8,0.008770898450165987,0.0,4.227893620729446,0.0,2.1183161586523056,0.44015707448124886,-5.008233529224526e-06,0.0,1.1209653913974762,9.947251319885254,0.0,10.402933418750763,0.5,0.06460910033311974
ppo,61,84,5040,8,0.00037630926817655563,0.0,5.0170159339904785,0.0,2.5047281235456467,0.41561612114310265,0.005682324645022163,0.004464285913854837,1.8404723815619946,6.627962380647659,0.0,6.488687664270401,0.5,0.09432736099608485
ppo,61,85,5100,8,0.007157589308917522,0.0,3.6013509929180145,0.0,1.803869590163231,0.3963497541844845,-0.0007261421324074036,0.0,1.0533089339733124,3.7254656553268433,0.0,3.736909732222557,0.5,0.16242365302390457
ppo,61,86,5160,8,0.013447907753288746,0.0,5.780101954936981,0.0,2.8985569775104523,0.4941905476152897,-0.0026806467831193004,0.06752232182770967,2.4763233829289675,8.082448154687881,0.0,8.62057825922966,0.5,0.07463159070387779
ppo,61,87,5220,8,0.007829874521121383,0.0,5.395061731338501,0.0,2.7012757062911987,0.40850141271948814,0.010542969674133928,0.04910714318975806,2.6093101277947426,14.450740694999695,0.0,14.019252181053162,0.5,0.037172970506915544
ppo,61,88,5280,8,-0.008713880321010947,0.0,5.320451855659485,0.0,2.647598475217819,0.3913521319627762,0.013608987635961967,0.05078125046566129,1.0339600443840027,8.46961984038353,0.0,8.662182658910751,0.5,0.07133152143809605
ppo,61,89,5340,8,-0.0062129131983965635,0.0,3.6802875697612762,0.0,1.8298361003398895,0.4094785340130329,0.014433710405683087,0.031250000931322575,1.418117307126522,3.796912729740143,0.0,3.996245414018631,0.5,0.13682692712980668
ppo,61,9,540,8,0.008077465929090977,0.0,29.123565673828125,0.0,14.555028796195984,1.4831217527389526,0.00219285171260708,0.0,0.29073112457990646,2.4397927820682526,0.0,2.459679067134857,0.5,0.2216408716475566
ppo,61,90,5400,8,-0.003822849947027862,0.0,4.004158020019531,0.0,1.9946402311325073,0.361593633890152,0.0021597743307211204,0.025111607741564512,1.478922225534916,12.700387060642242,0.0,13.069674730300903,0.5,0.04582484322957399
ppo,61,91,5460,8,-0.005895880400203168,0.0,5.066797167062759,0.0,2.5242912471294403,0.32114996761083603,0.0023210180734167807,0.03459821455180645,1.4379537105560303,5.060694918036461,0.0,5.846599772572517,0.5,0.13857797190326265
ppo,61,92,5520,8,0.028494039201177657,0.0,4.336626559495926,0.0,2.193348690867424,0.34585918486118317,0.000289773718577635,0.15401785727590322,3.993174396455288,8.291206777095795,0.0,8.206506609916687,0.5,0.067925783995894
ppo,61,93,5580,8,0.0011874297633767128,0.0,5.469827055931091,0.0,2.732315957546234,0.3784940168261528,0.004715788798421272,0.06584821548312902,1.7305018156766891,8.271713376045227,0.0,8.292068004608154,0.5,0.08346287576129982
ppo,61,94,5640,8,-0.004562967922538519,0.0,4.752945601940155,0.0,2.3689693957567215,0.2940424606204033,0.03327544313378894,0.06752232322469354,2.021355725824833,8.149095296859741,0.0,8.755303084850311,0.5,0.07719982210188028
ppo,61,95,5700,8,-0.000760064460337162,0.0,3.8085670173168182,0.0,1.9004123210906982,0.31111480854451656,-0.005268465637527697,0.02566964365541935,1.9873451218008995,3.9981710761785507,0.0,4.847584158182144,0.5,0.12675220336080867
ppo,61,96,5760,8,-0.0006269311998039484,0.0,2.952449858188629,0.0,1.4725570678710938,0.3040933236479759,0.0009604116107766458,0.004464285913854837,1.570085197687149,4.191672384738922,0.0,4.420656606554985,0.5,0.1497371271677157
ppo,7,1,60,8,-0.003235274227336049,0.0,23.306385040283203,0.0,11.6351238489151,1.483334332704544,0.00040752437780611217,0.0,0.23946468904614449,1.5925951264798641,0.0,1.6223579421639442,0.5,0.4380185600341196
ppo,7,10,600,8,0.0030128168873488903,0.0,10.68466854095459,0.0,5.330546647310257,1.4800443649291992,0.00020991078599763568,0.0,0.26601237431168556,1.5628737807273865,0.0,1.5994817987084389,0.5,0.3859828870752983
ppo,7,11,660,8,0.00013050087727606297,0.0,14.362640619277954,0.0,7.166735053062439,1.4715610146522522,5.065265213488601e-06,0.0,0.3431156948208809,4.200876593589783,0.0,4.248036354780197,0.5,0.15659530088096715
ppo,7,12,720,8,-0.01191977341659367,0.0,10.521629095077515,0.0,5.23401466012001,1.4880186468362808,-0.0008104304906737525,0.0,0.22363420575857162,4.803865611553192,0.0,4.824146389961243,0.5,0.12425940564800024
ppo,7,13,780,8,0.0049854719545692205,0.0,27.865503311157227,0.0,13.922433137893677,1.5304241925477982,-0.0016718219994800165,0.0,0.33184126764535904,10.134814977645874,0.0,10.160597264766693,0.5,0.05039852771782995
ppo,7,14,840,8,-0.006938042119145393,0.0,25.315370321273804,0.0,12.636049509048462,1.4697581678628922,0.001008861800073646,0.0,0.32432051189243793,3.5476890355348587,0.0,3.5650182217359543,0.5,0.16674615203866397
ppo,7,15,900,8,-0.0028789306525141,0.0,26.66340970993042,0.0,13.314091682434082,1.4734195917844772,4.232688752381364e-05,0.0,0.3260430432856083,6.228736519813538,0.0,6.236102819442749,0.5,0.08418657830155031
ppo,7,16,960,8,0.0009400267736054957,0.0,19.330211877822876,0.0,9.651319861412048,1.4726183116436005,-0.0007569457848148886,0.0,0.33431488275527954,5.121233403682709,0.0,5.126028001308441,0.5,0.10863954102090892
ppo,7,17,1020,8,-0.004567492287606001,0.0,65.79330205917358,0.0,32.8770809173584,1.5002671033143997,-0.000907362767208042,0.0,0.2854386456310749,18.987881302833557,0.0,18.9721736907959,0.5,0.028307256623465664
ppo,7,18,1080,8,0.0004228423349559307,0.0,10.533795416355133,0.0,5.252758055925369,1.4562505930662155,-0.00039774651850166265,0.0,0.2965044844895601,7.191649317741394,0.0,7.253725841641426,0.5,0.09835205415950984
ppo,7,19,1140,8,-0.0036718687042593956,0.0,80.38602781295776,0.0,40.17415809631348,1.5184533149003983,0.001539118742584833,0.0,0.3908696621656418,29.30457293987274,0.0,29.39686954021454,0.5,0.019007598304224417
ppo,7,2,120,8,-0.006681479950202629,0.0,14.681125044822693,0.0,7.318992614746094,1.4888412803411484,0.001193083950511209,0.0,0.27969901636242867,3.2432178407907486,0.0,3.256852447986603,0.5,0.16205220260142827
ppo,7,20,1200,8,-0.0013778128195554018,0.0,26.47103500366211,0.0,13.219273209571838,1.4866371154785156,-3.689734512590803e-06,0.0,0.31403682194650173,7.772243797779083,0.0,7.7743805050849915,0.5,0.0692851315831
ppo,7,21,1260,8,0.0031714527867734432,0.0,7.966833531856537,0.0,3.9719140827655792,1.4674121141433716,9.525688983558211e-05,0.0,0.3395791482180357,10.257278442382812,0.0,10.260834872722626,0.5,0.059636234526773635
ppo,7,22,1320,8,0.0004155747592449188,0.0,61.4556360244751,0.0,30.713321685791016,1.4911790937185287,0.0004574380363919772,0.0,0.323767913505435,43.77469539642334,0.0,43.8231201171875,0.5,0.01175994541484
ppo,7,23,1380,8,0.002104332437738776,0.0,34.935343980789185,0.0,17.455039262771606,1.4736645370721817,0.0008565748030378018,0.0,0.3278719373047352,10.853463590145111,0.0,10.872579455375671,0.5,0.05043101303909449
ppo,7,24,1440,8,0.007058405666612089,0.0,9.298842549324036,0.0,4.6416798532009125,1.4799844622612,0.0005055244214418053,0.0,0.2793770246207714,13.636997282505035,0.0,13.592726409435272,0.5,0.04020384692276015
ppo,7,25,1500,8,-0.008672074880450964,0.0,108.1706371307373,0.0,54.061891078948975,1.47554250061512,-0.0005990092249703594,0.0,0.401341050863266,32.30376899242401,0.0,32.38247060775757,0.5,0.019446290558825994
ppo,7,26,1560,8,-0.0016148583963513374,0.0,12.518800020217896,0.0,6.243000090122223,1.4784979075193405,0.0004006070739706047,0.0,0.4719785079360008,17.90596628189087,0.0,17.752299547195435,0.5,0.031064183631260445
ppo,7,27,1620,8,-0.001415979117155075,0.0,48.38176727294922,0.0,24.17511546611786,1.4352249056100845,-0.00042651689545891713,0.0,0.3119166884571314,18.789568066596985,0.0,18.753446221351624,0.5,0.0322900001715807
ppo,7,28,1680,8,0.005255860509350896,0.0,36.247361183166504,0.0,18.11391508579254,1.5021381974220276,-0.0049106671649497,0.0,0.33522178046405315,16.2718288898468,0.0,16.281914949417114,0.5,0.03491027732558802
ppo,7,29,1740,8,0.001124862814322114,0.0,23.60796308517456,0.0,11.790404677391052,1.4701739251613617,2.4069136998150498e-05,0.0,0.4055298827588558,34.51241374015808,0.0,34.46494197845459,0.5,0.014805999858717911
ppo,7,3,180,8,-0.006852007005363703,0.0,30.491413831710815,0.0,15.223995327949524,1.4859841167926788,0.0017010994779411703,0.0,0.3220457676798105,2.002858094871044,0.0,2.03733429312706,0.5,0.29998327117063023
ppo,7,30,1800,8,0.000259975902736187,0.0,14.782844066619873,0.0,7.376926004886627,1.4756102561950684,-0.004770782034029253,0.0,0.39397156424820423,15.37694102525711,0.0,15.297866761684418,0.5,0.04025721363136309
ppo,7,31,1860,8,0.0014540296979248524,0.0,94.78829193115234,0.0,47.380674839019775,1.49245685338974,0.0019072478171437979,0.0,0.5573154203593731,82.56904935836792,0.0,82.85186290740967,0.5,0.006607837242402765
ppo,7,32,1920,8,0.0019966447725892067,0.0,18.284688234329224,0.0,9.129839718341827,1.4501226842403412,0.006229017046280205,0.0,0.40036609396338463,28.731317043304443,0.0,28.806647300720215,0.5,0.018149801236090744
ppo,7,33,1980,8,0.005093997111544013,0.0,22.78893518447876,0.0,11.38512670993805,1.4434986412525177,-0.00028344112979539204,0.0,0.4043430685997009,37.6121289730072,0.0,37.704291582107544,0.5,0.014854438466257777
ppo,7,34,2040,8,0.005811239592730999,0.0,25.317566633224487,0.0,12.649824380874634,1.4770414233207703,7.000403275014833e-05,0.0,0.6508254036307335,19.995657920837402,0.0,20.309409856796265,0.5,0.02792984808086419
ppo,7,35,2100,8,0.0003197200130671263,0.0,11.838170170783997,0.0,5.904856204986572,1.4548644721508026,-0.0015731676467112266,0.0,0.40024353191256523,14.166838824748993,0.0,14.207590758800507,0.5,0.04371676195645246
ppo,7,36,2160,8,-0.0042734001763165,0.0,11.834283947944641,0.0,5.898114830255508,1.4753771424293518,0.0010281854997629125,0.0,0.5305174384266138,12.526521682739258,0.0,12.751267790794373,0.5,0.04955358776742154
ppo,7,37,2220,8,0.0018007857725024223,0.0,32.798577308654785,0.0,16.386487007141113,1.4602294266223907,-0.0013446194061543792,0.0,0.4790639840066433,24.253789484500885,0.0,24.096988141536713,0.5,0.027428690281405807
ppo,7,38,2280,8,-0.002581932465545833,0.0,20.759199619293213,0.0,10.362689971923828,1.4327958524227142,0.0023325151287281187,0.0,0.6032163202762604,13.767035901546478,0.0,13.9004687666893,0.5,0.04889415687975552
ppo,7,39,2340,8,0.0010531871812418103,0.0,13.275477051734924,0.0,6.623990714550018,1.480092167854309,0.006699680059682578,0.0,0.5291872657835484,9.75265771150589,0.0,9.789151728153229,0.5,0.06392553505800636
ppo,7,4,240,8,-0.005656837718561292,0.0,45.99560213088989,0.0,22.977066040039062,1.5078340917825699,-0.0001483652176830219,0.0,0.2823696192353964,2.185525357723236,0.0,2.2048376500606537,0.5,0.2521537134724846
ppo,7,40,2400,8,0.00045017339289188385,0.0,22.702571868896484,0.0,11.337050914764404,1.4685264080762863,0.0012462193044484593,0.0,0.376926651224494,16.143117427825928,0.0,16.16427767276764,0.5,0.03820861341498263
ppo,7,41,2460,8,-0.006621001637540758,0.0,9.604616582393646,0.0,4.78109809756279,1.4589199423789978,-0.003489878166874405,0.0,0.4394882246851921,9.157607316970825,0.0,9.097834289073944,0.5,0.06226166913377541
ppo,7,42,2520,8,-0.0015246342663886026,0.0,10.033097624778748,0.0,5.000631511211395,1.439270406961441,-0.0025320043569081463,0.0,0.5021955147385597,15.249520540237427,0.0,15.086155831813812,0.5,0.0425640657681233
ppo,7,43,2580,8,-0.010300630703568459,0.0,10.617479681968689,0.0,5.284147202968597,1.4291950911283493,0.008792781736701727,0.0,0.6085568964481354,7.476342082023621,0.0,7.514235138893127,0.5,0.07364246015886075
ppo,7,44,2640,8,-0.009715557098388672,0.0,14.013032674789429,0.0,6.982610285282135,1.4190446734428406,-0.001492283889092505,0.0,0.5023094266653061,14.824052095413208,0.0,14.95224016904831,0.5,0.04618487018035793
ppo,7,45,2700,8,-0.007917753420770168,0.0,13.491273880004883,0.0,6.723354637622833,1.4364500045776367,-0.0002890090545406565,0.0,0.6381191574037075,8.99334055185318,0.0,9.267188370227814,0.5,0.0639581632888406
ppo,7,46,2760,8,0.007101614493876696,0.0,16.7570823431015,0.0,8.372023344039917,1.3619616478681564,0.0017519140965305269,0.0,0.5838498696684837,24.970393776893616,0.0,25.195534229278564,0.5,0.02264491291478797
ppo,7,47,2820,8,-0.02438575425185263,0.0,22.454373359680176,0.0,11.188414096832275,1.4386835396289825,-0.013697523856535554,0.06863839458674192,0.9977166838943958,40.04311203956604,0.0,40.70493936538696,0.5,0.012806871510762267
ppo,7,48,2880,8,-0.004604920628480613,0.0,8.627058506011963,0.0,4.294844567775726,1.4079826474189758,-0.004861960303969681,0.021205357275903225,0.6759321913123131,11.419613122940063,0.0,11.42928946018219,0.5,0.05199276962285632
ppo,7,49,2940,8,-0.011191351339221,0.0,17.23398244380951,0.0,8.592450380325317,1.3349610716104507,1.6097721527330577e-05,0.0,0.602279644459486,11.877344965934753,0.0,11.951544165611267,0.5,0.04550768061133776
ppo,7,5,300,8,-0.009083935525268316,0.0,42.31433963775635,0.0,21.13355588912964,1.4529626071453094,4.887437535217032e-05,0.0,0.3594766017049551,1.7255209162831306,0.0,1.7813442796468735,0.5,0.3805562579476001
ppo,7,50,3000,8,-0.0006792897911509499,0.0,12.814236760139465,0.0,6.392855703830719,1.3583360761404037,0.016055282234447077,0.01785714365541935,0.48706169053912163,15.977807879447937,0.0,15.927515745162964,0.5,0.0371628636305173
ppo,7,51,3060,8,0.0004559634253382683,0.0,7.654934823513031,0.0,3.814281851053238,1.3641578704118729,-0.0014348199911182746,0.0,0.9920456260442734,11.73315292596817,0.0,12.399392426013947,0.5,0.04988560497546216
ppo,7,52,3120,8,-0.0009700851514935493,0.0,11.731367111206055,0.0,5.85137403011322,1.3339522629976273,0.0003565268707461655,0.0,0.6229388490319252,19.17983651161194,0.0,19.345889449119568,0.5,0.02998878476866266
ppo,7,53,3180,8,0.0077777557307854295,0.0,9.14061427116394,0.0,4.565096706151962,1.298814058303833,-0.0005965512100374326,0.0,1.053373347967863,11.236125588417053,0.0,11.347685933113098,0.5,0.04514322798521092
ppo,7,54,3240,8,-0.022614482906647027,0.0,4.524259120225906,0.0,2.2261513769626617,1.3363693952560425,0.0070200528843997745,0.036830357275903225,1.4323262721300125,12.331084549427032,0.0,13.356424450874329,0.5,0.03975888770005807
ppo,7,55,3300,8,-0.0030136844143271446,0.0,10.620152771472931,0.0,5.293494701385498,1.3568077683448792,0.00730774128169287,0.0,0.62027508020401,25.319118976593018,0.0,24.976353883743286,0.5,0.021366424489756824
ppo,7,56,3360,8,-0.004015691578388214,0.0,10.587195873260498,0.0,5.276555299758911,1.3026909083127975,-0.005879703283426352,0.008928571827709675,0.7449416518211365,9.650431275367737,0.0,9.692709505558014,0.5,0.06543426720430437
ppo,7,57,3420,8,-0.027770929038524628,0.0,8.205109179019928,0.0,4.061731278896332,1.305240660905838,-0.009107236168347299,0.11383928544819355,0.9299899339675903,4.127728313207626,0.0,4.458308786153793,0.5,0.12558865825574023
ppo,7,58,3480,8,0.005264728330075741,0.0,9.808958411216736,0.0,4.896754741668701,1.298914983868599,0.004417938980623148,0.008928571827709675,0.8249630779027939,7.238780617713928,0.0,7.1489507257938385,0.5,0.08711213400167507
ppo,7,59,3540,8,-0.012610455974936485,0.0,10.654482245445251,0.0,5.301882177591324,1.274846225976944,0.003910704272129806,0.004464285913854837,1.4716517552733421,6.928587913513184,0.0,7.19015970826149,0.5,0.0828621527673248
ppo,7,6,360,8,0.0014406642876565456,0.0,35.64368534088135,0.0,17.80828309059143,1.5000137239694595,0.0015091190307430224,0.0,0.25552309304475784,3.090156063437462,0.0,3.1070969849824905,0.5,0.18361705446636142
ppo,7,60,3600,8,-0.020090349833481014,0.0,11.7122243642807,0.0,5.822411835193634,1.360999658703804,0.0329290478839539,0.13448660634458065,0.7031412459909916,16.442742586135864,0.0,16.62851047515869,0.5,0.030805158418670982
ppo,7,61,3660,8,0.00011447432916611433,0.0,4.762976855039597,0.0,2.369405210018158,1.2197698503732681,-0.021618590864818543,0.10100446501746774,1.1544601172208786,5.901327133178711,0.0,5.761740118265152,0.5,0.09923860113748836
ppo,7,62,3720,8,-0.016102399211376905,0.0,10.85058867931366,0.0,5.398232638835907,1.0959342494606972,0.004465522972168401,0.03404017956927419,1.3643248453736305,6.089659869670868,0.0,6.470647215843201,0.5,0.08239322440627349
ppo,7,63,3780,8,-0.005672492901794612,0.0,10.643528699874878,0.0,5.305653512477875,1.0438272505998611,0.006257194967474788,0.0,1.1864159032702446,16.17575716972351,0.0,16.089421153068542,0.5,0.031179412579663054
ppo,7,64,3840,8,0.006881772773340344,0.0,9.427970290184021,0.0,4.710745066404343,1.0121813490986824,-0.004212983956676908,0.004464285913854837,1.2867900133132935,16.929391026496887,0.0,16.53469228744507,0.5,0.032778689268178576
ppo,7,65,3900,8,0.0005016573704779148,0.0,8.165287733078003,0.0,4.072834134101868,1.031144104897976,-0.0012181102647446096,0.0,1.2387487888336182,8.609690755605698,0.0,8.494620263576508,0.5,0.07018145060051025
ppo,7,66,3960,8,-0.012936327373608947,0.0,9.187615752220154,0.0,4.570068597793579,1.0802888795733452,0.001229529494594317,0.008928571827709675,1.416529767215252,7.9401838183403015,0.0,7.958708584308624,0.5,0.07416230591035644
ppo,7,67,4020,8,-0.02075099281501025,0.0,7.57955402135849,0.0,3.7589737474918365,1.0052241459488869,0.014200727848219685,0.09263392817229033,1.83871790766716,13.842962384223938,0.0,14.49650752544403,0.5,0.03610819599314155
ppo,7,68,4080,8,-0.02501122932881117,0.0,2.0957851856946945,0.0,1.0145760029554367,0.8305342495441437,0.003033820175915025,0.12109375093132257,0.8721120245754719,5.143105357885361,0.0,5.389883905649185,0.5,0.1189472743631773
ppo,7,69,4140,8,-0.007582714315503836,0.0,6.111383616924286,0.0,3.039700895547867,0.8408202975988388,0.004999361190130003,0.04408482322469354,1.148441381752491,13.533970594406128,0.0,13.657193422317505,0.5,0.03833945948217
ppo,7,7,420,8,0.002504895441234112,0.0,17.63139832019806,0.0,8.803391218185425,1.481270745396614,0.0011513037752592936,0.0,0.2362888976931572,4.080986946821213,0.0,4.091245472431183,0.5,0.13004841769421882
ppo,7,70,4200,8,-0.008647035574540496,0.0,9.22488921880722,0.0,4.594846129417419,0.8951446935534477,0.003043129421712365,0.016741071827709675,1.8214540779590607,12.822703838348389,0.0,13.13589197397232,0.5,0.04450862147280759
ppo,7,71,4260,8,-0.014119660918368027,0.0,5.100101500749588,0.0,2.5278398543596268,0.809121772646904,-0.002544181072153151,0.06696428684517741,1.1819966547191143,3.034005880355835,0.0,3.5229086875915527,0.5,0.14836762382273516
ppo,7,72,4320,8,-0.01210515876300633,0.0,4.319673031568527,0.0,2.1376895010471344,1.0041832625865936,0.006874847691506147,0.15792411006987095,1.7738679125905037,4.564304232597351,0.0,5.093420475721359,0.5,0.11778025785442173
ppo,7,73,4380,8,-0.011131609586300328,0.0,13.62605106830597,0.0,6.7924105525016785,0.9483184814453125,0.018441675460053375,0.06417410727590322,1.0560897998511791,4.094186559319496,0.0,4.44063001871109,0.5,0.13355319200138793
ppo,7,74,4440,8,-0.008345817914232612,0.0,3.6301897168159485,0.0,1.799428567290306,0.7320515885949135,0.009070678415810107,0.05301339318975806,1.052877962589264,4.0641400665044785,0.0,4.1294107139110565,0.5,0.14098780701266464
ppo,7,75,4500,8,-0.007028471678495407,0.0,4.932302892208099,0.0,2.4514838606119156,0.7639087736606598,-0.0016036770794016775,0.0,1.0253088511526585,7.353152513504028,0.0,7.363777071237564,0.5,0.07965645210255066
ppo,7,76,4560,8,-0.0075795999728143215,0.0,3.6144232153892517,0.0,1.7913390398025513,0.8292966857552528,0.027077539376477944,0.08370535867288709,1.6402031108736992,3.651598244905472,0.0,3.6893178522586823,0.5,0.14603479641326209
ppo,7,77,4620,8,-0.019358503632247448,0.0,7.152943909168243,0.0,3.548622101545334,0.8491335362195969,0.03212126816470118,0.25111607648432255,2.013099953532219,8.145761162042618,0.0,8.543369054794312,0.5,0.06693910200247825
ppo,7,78,4680,8,-0.01371599268168211,0.0,4.134093254804611,0.0,2.045820415019989,0.7510205656290054,-0.0045958760238136165,0.09654017956927419,0.971642255783081,5.3683076202869415,0.0,5.566246032714844,0.5,0.10915805395653935
ppo,7,79,4740,8,0.00693463534116745,0.0,5.674278914928436,0.0,2.8375267386436462,0.6547378599643707,-0.0035850158888024453,0.004464285913854837,1.2183899506926537,20.99085533618927,0.0,20.90550458431244,0.5,0.02538874888360213
ppo,7,8,480,8,-0.0002730137202888727,0.0,152.1080322265625,0.0,76.03860807418823,1.5136031657457352,-0.0005470256346598035,0.0,0.23837476037442684,12.551472961902618,0.0,12.547345399856567,0.5,0.0445989063616565
ppo,7,80,4800,8,-0.028573461342602968,0.0,3.849799156188965,0.0,1.8891798704862595,0.7146243900060654,0.008603488067819853,0.17968750279396772,1.8141743764281273,5.464155793190002,0.0,6.275138407945633,0.5,0.09463537240627236
ppo,7,81,4860,8,-0.020823327358812094,0.0,4.149761289358139,0.0,2.0467803478240967,0.727701909840107,0.025989355581259588,0.09263392956927419,1.691944431513548,3.051790826022625,0.0,3.8748187869787216,0.5,0.16654474686619478
ppo,7,82,4920,8,-0.0028076627058908343,0.0,5.655724465847015,0.0,2.8169654607772827,0.808911956846714,0.006838032240921166,0.008370535913854837,1.344900131225586,4.198794335126877,0.0,4.227622538805008,0.5,0.1320525341028317
ppo,7,83,4980,8,-0.01986863208003342,0.0,5.353534638881683,0.0,2.650527685880661,0.6370983198285103,0.00987582239213225,0.08928571455180645,2.2017060555517673,4.343009859323502,0.0,5.551222205162048,0.5,0.1049911160578946
ppo,7,84,5040,8,-0.006786290556192398,0.0,3.418461263179779,0.0,1.696597769856453,0.5846581757068634,-0.0007395568391075358,0.0797991082072258,1.114176832139492,6.218826711177826,0.0,6.24956214427948,0.5,0.10352705711786331
ppo,7,85,5100,8,-0.0003192467847838998,0.0,3.749301701784134,0.0,1.8686072379350662,0.5724369809031487,0.0018388341813988518,0.008370535913854837,1.2390524223446846,4.844038367271423,0.0,5.309409528970718,0.5,0.11000184276258584
ppo,7,86,5160,8,-0.009615402203053236,0.0,2.344791352748871,0.0,1.1574554666876793,0.5324819050729275,-0.0030310670927065075,0.020647321827709675,2.017350286245346,3.7535190731287003,0.0,3.9670162200927734,0.5,0.15640671116720462
ppo,7,87,5220,8,-0.0066762687638401985,0.0,3.172829747200012,0.0,1.5751035511493683,0.463504608720541,0.0013556709563999902,0.028459821827709675,0.7596601061522961,5.277577638626099,0.0,5.271676808595657,0.5,0.11685715598064557
ppo,7,88,5280,8,-0.01650443347170949,0.0,3.6638493835926056,0.0,1.8110029846429825,0.4417288787662983,-0.004989897045177827,0.03850446501746774,1.0684545412659645,5.007710367441177,0.0,5.12356436252594,0.5,0.10623252500514864
ppo,7,89,5340,8,0.00448077917098999,0.0,2.5194680988788605,0.0,1.2597557380795479,0.44591224193573,0.002717755885896622,0.008928571827709675,1.001809373497963,4.380210906267166,0.0,4.647744566202164,0.5,0.12819921775916338
ppo,7,9,540,8,-0.005209743045270443,0.0,35.02835249900818,0.0,17.49395191669464,1.5014435797929764,3.1412845146405743e-05,0.0,0.24078494310379028,4.867399215698242,0.0,4.885421440005302,0.5,0.14542983702658832
ppo,7,90,5400,8,-0.005953374784439802,0.0,1.9834673553705215,0.0,0.9812373295426369,0.45429877191782,-0.010859256341063883,0.020647321827709675,0.9030919447541237,4.2316527515649796,0.0,4.431552410125732,0.5,0.15161936112689342
ppo,7,91,5460,8,0.012701053638011217,0.0,3.446698635816574,0.0,1.7324844896793365,0.3565845675766468,0.0004456629421838443,0.004464285913854837,1.4227658212184906,11.144504219293594,0.0,10.888066560029984,0.5,0.06515172511986324
ppo,7,92,5520,8,-0.0023347558453679085,0.0,2.0350299179553986,0.0,1.0111405700445175,0.4039612151682377,-0.0028530965828394983,0.0,0.4510877914726734,3.4709565341472626,0.0,3.3634906262159348,0.5,0.18037565844002554
ppo,7,93,5580,8,-0.009211823475197889,0.0,2.340037852525711,0.0,1.1572907641530037,0.3516313172876835,0.016582447990003857,0.03850446501746774,1.3529555760324001,3.452497810125351,0.0,3.7659109234809875,0.5,0.17018236272101517
ppo,7,94,5640,8,-0.0031739729456603527,0.0,2.241308629512787,0.0,1.1135830134153366,0.38973211124539375,0.0027973505148111144,0.00390625,1.04141154140234,5.399620682001114,0.0,5.092534601688385,0.5,0.1038265242691698
ppo,7,95,5700,8,-0.004301574546843767,0.0,3.1097467243671417,0.0,1.5465580374002457,0.4013756029307842,-0.006165170784697693,0.042968750931322575,1.707093521952629,3.8516472578048706,0.0,4.681242197751999,0.5,0.12898365969349757
ppo,7,96,5760,8,-0.007529800641350448,0.0,2.9469111561775208,0.0,1.4616284221410751,0.42973657697439194,-4.089382309757639e-05,0.004464285913854837,0.9638703651726246,6.035661965608597,0.0,6.167162001132965,0.5,0.10825995462950837
sa_ghmappo,17,1,60,8,0.0,-0.01389602746348828,46.722999572753906,2.137248545885086,23.549777269363403,1.155195489525795,0.0020959021276212297,0.0,0.2309054359793663,2.830010935664177,0.1178931063041091,2.8422651290893555,0.5,0.22390254586805552
sa_ghmappo,17,10,600,8,0.0,-0.005409322213381529,30.644474267959595,1.947159081697464,15.501484870910645,1.0059380754828453,0.0027587668446358293,0.004464285913854837,0.3713024780154228,75.58771347999573,0.1714116856455803,75.74088144302368,0.5,0.008224403980300943
sa_ghmappo,17,11,660,8,0.0,0.000904335844097659,22.03426766395569,1.6381597071886063,11.172336459159851,0.9517642334103584,-0.0013673177018063143,0.0,0.6440332494676113,17.878093004226685,0.1592118740081787,17.74941062927246,0.5,0.030370941261011166
sa_ghmappo,17,12,720,8,0.0,0.004546246491372585,32.195964336395264,1.9835060834884644,16.28996992111206,1.09091916680336,-0.0141798720760562,0.03906250046566129,1.278950646519661,22.80886173248291,0.1808799896389246,22.915482759475708,0.5,0.02255131659245213
sa_ghmappo,17,13,780,8,0.0,0.008909647818654776,42.32064723968506,1.9889605343341827,21.357033252716064,1.1096519231796265,0.020356937078759074,0.0876116082072258,1.0651030540466309,75.33030200004578,0.18807881511747837,75.54954409599304,0.5,0.008463883028613317
sa_ghmappo,17,14,840,8,0.0,-0.01979342778213322,23.547719717025757,1.4772527515888214,11.891469240188599,1.0322594717144966,0.02474613720551133,0.020647321827709675,0.7868149653077126,35.43284344673157,0.13583283219486475,35.44284796714783,0.5,0.015388693308124379
sa_ghmappo,17,15,900,8,0.0,-0.03173820301890373,29.437214612960815,1.8002927750349045,14.854799747467041,1.2098334431648254,-0.013645802871906199,0.3130580382421613,1.0152634158730507,78.92254877090454,0.18787518329918385,79.58919668197632,0.5,0.0072462446789971265
sa_ghmappo,17,16,960,8,0.0,0.003503919579088688,42.64289903640747,1.9410410076379776,21.50604224205017,1.3014847487211227,0.009959277340385597,0.07254464272409678,1.0571935772895813,129.38662004470825,0.19381756149232388,129.13684368133545,0.5,0.006341683898805673
sa_ghmappo,17,17,1020,8,0.0,-0.0030107609927654266,34.06918287277222,1.681019440293312,17.187854766845703,1.1827962696552277,-0.003138597443467006,0.0,0.9048422090709209,115.78222179412842,0.14734829682856798,116.1074571609497,0.5,0.004647894733272594
sa_ghmappo,17,18,1080,8,0.0,-0.05111820437014103,31.17506170272827,1.8068518489599228,15.704059720039368,1.303810402750969,0.05268345936201513,0.21595982275903225,1.047420997172594,110.50013399124146,0.2114446796476841,111.142991065979,0.5,0.005932669741176069
sa_ghmappo,17,19,1140,8,0.0,-0.006540818605571985,14.02359402179718,1.889375627040863,7.180853605270386,1.3340403735637665,7.023811485851184e-05,0.00390625,0.9172178506851196,27.46032440662384,0.22432079538702965,27.547377586364746,0.5,0.020307208231012282
sa_ghmappo,17,2,120,8,0.0,0.0011512034106999636,24.44599688053131,2.0604824125766754,12.418938279151917,1.1259213536977768,0.0036513331870082766,0.004464285913854837,0.2685763593763113,3.3339380770921707,0.1168556334450841,3.3582361936569214,0.5,0.2330855278269894
sa_ghmappo,17,20,1200,8,0.0,-0.012522415723651648,18.004655957221985,1.7013622671365738,9.146681249141693,1.3260501474142075,0.005038816758315079,0.0485491082072258,1.2712820991873741,63.91400408744812,0.22032726742327213,64.38969254493713,0.5,0.014904232397171906
sa_ghmappo,17,21,1260,8,0.0,-0.0017123359721153975,12.27353322505951,1.7849310040473938,6.300412118434906,1.313540130853653,0.0097742141551862,0.2181919664144516,0.8723882623016834,16.76121175289154,0.16029480565339327,16.919788479804993,0.5,0.03235017314643509
sa_ghmappo,17,22,1320,8,0.0,-0.030126530677080154,9.940251231193542,1.7988190650939941,5.106159567832947,1.3721503168344498,-0.014054772793315351,0.1863839291036129,0.8038848005235195,15.042911112308502,0.1965463999658823,15.073164284229279,0.5,0.04094184925940801
sa_ghmappo,17,23,1380,8,0.0,-0.013611491791380104,43.10808563232422,1.8433558493852615,21.710707187652588,1.4060553014278412,0.023016874969471246,0.030133929569274187,0.9530325084924698,40.06860280036926,0.2063464093953371,40.306923389434814,0.5,0.015637462043622305
sa_ghmappo,17,24,1440,8,0.0,-0.03144079027697444,42.112377405166626,1.8279248625040054,21.193752884864807,1.3787171691656113,0.013053572969511151,0.04073660774156451,0.8066275045275688,44.52616357803345,0.24670764058828354,44.46704864501953,0.5,0.01220251128602349
sa_ghmappo,17,25,1500,8,0.0,-0.017606126610189676,13.968887090682983,1.7899529784917831,7.132075846195221,1.3756857961416245,-0.00562867839471437,0.0630580373108387,1.0055028647184372,38.96247673034668,0.23533925414085388,38.89552879333496,0.5,0.014140703788675605
sa_ghmappo,17,26,1560,8,0.0,-0.009148659300990403,7.761915564537048,1.783026471734047,4.036211580038071,1.3900354355573654,0.005170969816390425,0.012834821827709675,0.9692583084106445,21.29251992702484,0.2725598234683275,21.108774304389954,0.5,0.027787840135974903
sa_ghmappo,17,27,1620,8,0.0,-0.006105691893026233,14.227974891662598,1.91108138859272,7.284881055355072,1.410880371928215,0.023632880533114076,0.05078125139698386,0.9188797697424889,28.76407539844513,0.2940496113151312,28.800522327423096,0.5,0.025829247297848083
sa_ghmappo,17,28,1680,8,0.0,0.007249937392771244,11.671752035617828,2.0038995891809464,6.029297769069672,1.421808272600174,0.02413798723137006,0.07589285727590322,0.9336130693554878,49.38073182106018,0.3230810593813658,49.23955178260803,0.5,0.011336333363698072
sa_ghmappo,17,29,1740,8,0.0,0.003937962726922706,10.14304530620575,2.247558146715164,5.286253988742828,1.3962520360946655,0.008155068033374846,0.0,0.9612817838788033,46.16817259788513,0.43406982347369194,46.588046073913574,0.5,0.011209415353521527
sa_ghmappo,17,3,180,8,0.0,-0.0009647645056247711,62.94968891143799,1.9846207797527313,31.660828590393066,1.1513032913208008,0.003038173286768142,0.0,0.197765301913023,9.106986165046692,0.10521515365689993,9.113326370716095,0.5,0.06170139972178799
sa_ghmappo,17,30,1800,8,0.0,0.002918546088039875,7.474210262298584,1.9000366181135178,3.9157330691814423,1.4294243305921555,0.002773763204459101,0.13392857182770967,1.0025286003947258,18.966688632965088,0.3072068430483341,19.11249750852585,0.5,0.0392109758408125
sa_ghmappo,17,31,1860,8,0.0,0.0025315782986581326,12.542717456817627,2.0300614833831787,6.462801992893219,1.4094351083040237,0.010446418376886868,0.22154017724096775,1.2927687168121338,33.94928503036499,0.38047637045383453,33.40253472328186,0.5,0.02179365865914404
sa_ghmappo,17,32,1920,8,0.0,-0.01857430025575013,26.131276845932007,2.189062088727951,13.25197172164917,1.3998925238847733,0.017334674368612468,0.059709821827709675,0.8730059862136841,29.057807445526123,0.39863647893071175,29.174123287200928,0.5,0.018060654504970547
sa_ghmappo,17,33,1980,8,0.0,0.014388262294232845,9.336452960968018,1.8241306245326996,4.851354151964188,1.3673658668994904,0.03429802891332656,0.2466517873108387,1.7597209215164185,30.928863286972046,0.42974860593676567,31.084994077682495,0.5,0.02162398975189
sa_ghmappo,17,34,2040,8,0.0,-0.0017792551079764962,8.165740668773651,1.660182073712349,4.233326196670532,1.378304362297058,-0.0024636595244373893,0.039062500931322575,1.0582288280129433,15.946157217025757,0.3262947201728821,16.002235054969788,0.5,0.03880136432096107
sa_ghmappo,17,35,2100,8,0.0,0.009033345733769238,18.050764203071594,1.9191938191652298,9.212855339050293,1.3479511737823486,0.0031555990572087467,0.0797991082072258,1.015482448041439,57.41204357147217,0.35785701125860214,57.49478626251221,0.5,0.009530441074426958
sa_ghmappo,17,36,2160,8,0.0,-0.018110262462869287,20.90441918373108,1.8075434118509293,10.602082014083862,1.2771507501602173,0.0008805879147075757,0.029017857275903225,1.28883895277977,28.861705660820007,0.370121106505394,29.104915022850037,0.5,0.019736475307002004
sa_ghmappo,17,37,2220,8,0.0,-0.01424659974873066,14.096444010734558,1.6179168969392776,7.184125602245331,1.1641466468572617,-0.008483463898301125,0.07868303684517741,0.9375429078936577,19.227245151996613,0.34681209921836853,19.46535760164261,0.5,0.03391914054932293
sa_ghmappo,17,38,2280,8,0.0,-0.015330086462199688,16.402479767799377,1.8474985510110855,8.358866393566132,1.1793325543403625,0.01804535893461434,0.1439732164144516,1.0840885117650032,15.03067934513092,0.4410161226987839,15.282639384269714,0.5,0.034271781735487124
sa_ghmappo,17,39,2340,8,0.0,-0.02681907103396952,17.248929619789124,1.6296025514602661,8.749771535396576,1.0834455043077469,0.007191657496150583,0.22656249860301614,1.5174426063895226,29.456923365592957,0.39460090175271034,29.615654706954956,0.5,0.019991702014188914
sa_ghmappo,17,4,240,8,0.0,-0.0033001561532728374,20.970305681228638,1.8979156762361526,10.660270392894745,1.1374171376228333,-0.001317659704000107,0.0,0.3033428955823183,4.717568129301071,0.10644245706498623,4.735415726900101,0.5,0.11070599049095622
sa_ghmappo,17,40,2400,8,0.0,0.01016093511134386,19.29456126689911,1.7668826282024384,9.82479178905487,0.9338161051273346,0.006175058551889379,0.03404017956927419,1.1718097105622292,27.350849747657776,0.39024509489536285,27.25245690345764,0.5,0.023790090094621814
sa_ghmappo,17,41,2460,8,0.0,0.024886914994567633,16.480081796646118,1.623053103685379,8.416558384895325,1.0674811750650406,-0.022604496305575594,0.3203125037252903,1.2903200164437294,24.508087396621704,0.3652632310986519,24.496955394744873,0.5,0.023265521591702806
sa_ghmappo,17,42,2520,8,0.0,-0.014246810926124454,12.15563714504242,1.8511089980602264,6.238291621208191,1.0390786677598953,0.014117810293100774,0.04631696455180645,1.4198975935578346,22.34769332408905,0.4548690468072891,22.359381318092346,0.5,0.029043210234694875
sa_ghmappo,17,43,2580,8,0.0,-0.019798398949205875,10.03274691104889,1.3950009047985077,5.127269208431244,0.8805925622582436,0.005068162165116519,0.24776786006987095,1.34853096306324,9.078016519546509,0.37470081076025963,9.377046346664429,0.5,0.054901744413203515
sa_ghmappo,17,44,2640,8,0.0,0.013891164679080248,5.793577492237091,1.9331355839967728,3.093626767396927,1.0366714671254158,0.0698658206674736,0.43694196874275804,1.4779231324791908,15.107567250728607,0.5028017945587635,15.422373056411743,0.5,0.03811504859232281
sa_ghmappo,17,45,2700,8,0.0,-0.0061407729517668486,7.830494046211243,1.7997051626443863,4.078680515289307,1.0396354794502258,-0.0039898965624161065,0.0848214291036129,1.718863733112812,17.271998167037964,0.3748084679245949,16.86907583475113,0.5,0.041824015144150135
sa_ghmappo,17,46,2760,8,0.0,-0.030931726723792963,25.15865969657898,1.7909881472587585,12.716766476631165,1.0730761140584946,0.037157865532208234,0.3722098208963871,1.232820637524128,18.927754640579224,0.5060100704431534,19.111767768859863,0.5,0.02746076764891546
sa_ghmappo,17,47,2820,8,0.0,-0.018948906334117055,10.785946547985077,2.134905621409416,5.5776941776275635,0.9820715487003326,0.0367912333458662,0.2550223208963871,1.3540978655219078,9.837242007255554,0.6147516444325447,9.90202122926712,0.5,0.05433351168180892
sa_ghmappo,17,48,2880,8,0.0,0.022360009839758277,9.72352385520935,1.5373616218566895,5.028307229280472,0.9550924152135849,0.008071687014307827,0.17187500093132257,1.3110887259244919,14.144712686538696,0.5208065323531628,14.25406163930893,0.5,0.04346501175361361
sa_ghmappo,17,49,2940,8,0.0,-0.010943248402327299,16.058894157409668,1.6230531483888626,8.171597123146057,0.921209067106247,0.01549474085913971,0.07700892956927419,1.3514126315712929,17.164594292640686,0.46389201655983925,16.847047924995422,0.5,0.034494736068508995
sa_ghmappo,17,5,300,8,0.0,-0.004826081916689873,29.236785411834717,1.915099784731865,14.793507933616638,1.1568580865859985,-0.008935997044318356,0.004464285913854837,0.456860963255167,8.050384104251862,0.11162346415221691,8.075075149536133,0.5,0.07143763704549404
sa_ghmappo,17,50,3000,8,0.0,-0.006645932677201927,7.731184005737305,1.8615038692951202,4.036658704280853,0.8437761664390564,0.018031199302640744,0.05468750139698386,1.462614618241787,9.60883092880249,0.5222405269742012,9.879385709762573,0.5,0.059556636695601614
sa_ghmappo,17,51,3060,8,0.0,0.0013440632028505206,8.012259900569916,1.5563588440418243,4.154377281665802,0.873261034488678,0.013987819496833254,0.15959821548312902,1.943720854818821,9.386488527059555,0.49750683829188347,9.301055788993835,0.5,0.08473115650625995
sa_ghmappo,17,52,3120,8,0.0,-0.019969488261267543,10.581553220748901,1.8787665367126465,5.451102614402771,0.7581145539879799,0.03304864557139808,0.13839285913854837,1.1797274723649025,8.478472352027893,0.5846690572798252,8.68822568655014,0.5,0.06339595659176334
sa_ghmappo,17,53,3180,8,0.0,0.008208777057006955,3.9391142278909683,1.8861640989780426,2.158288910984993,0.8093356266617775,0.04896841279696673,0.13225446501746774,1.2442482560873032,6.88293182849884,0.5475416928529739,6.75010558962822,0.5,0.095603237246402
sa_ghmappo,17,54,3240,8,0.0,2.4423934519290924e-06,7.522231638431549,2.005721002817154,3.953517735004425,0.8172738328576088,0.02175090462424123,0.10156250093132257,1.3499523922801018,7.6227907836437225,0.4624789394438267,7.7951894998550415,0.5,0.07151730032275364
sa_ghmappo,17,55,3300,8,0.0,-0.02802405972033739,9.031134963035583,1.9424313753843307,4.672815650701523,0.8970969170331955,0.12407814801554196,0.29296875,1.6464898362755775,7.1926533579826355,0.6820773035287857,7.7696495950222015,0.5,0.08151523017009481
sa_ghmappo,17,56,3360,8,0.0,0.047108914237469435,5.983047306537628,1.845185399055481,3.2146426886320114,0.8508421629667282,0.04017502366332337,0.22209821455180645,1.488938145339489,19.906171560287476,0.5170922465622425,19.655336499214172,0.5,0.030530901128133642
sa_ghmappo,17,57,3420,8,0.0,-0.002831451129168272,17.71640419960022,1.484246626496315,8.995406806468964,0.8388610109686852,0.019577182189095765,0.1356026791036129,1.554854590445757,18.663189470767975,0.37028491869568825,19.19568580389023,0.5,0.036411114853370966
sa_ghmappo,17,58,3480,8,0.0,-0.014395355887245387,8.165325999259949,1.2072239145636559,4.17961660027504,0.9373448118567467,0.06338630756363273,0.2310267877765,1.3348753899335861,4.858006864786148,0.4142740499228239,4.998558610677719,0.5,0.11595141879551488
sa_ghmappo,17,59,3540,8,0.0,0.01615544082596898,35.07172203063965,1.9081749320030212,17.73232328891754,1.0511150285601616,0.0064256636214850005,0.16183035913854837,1.2645813897252083,44.14775896072388,0.7754212096333504,43.77700901031494,0.5,0.012409380039745729
sa_ghmappo,17,6,360,8,0.0,-0.004975274670869112,62.2114634513855,1.925820678472519,31.282004594802856,1.1333723217248917,-0.0004270133940735832,0.004464285913854837,0.26778195053339005,25.233134269714355,0.12032103072851896,25.239938020706177,0.5,0.020481091094140647
sa_ghmappo,17,60,3600,8,0.0,0.029943657107651234,11.01889979839325,1.6241477578878403,5.692017912864685,0.9790386259555817,0.021248090255539864,0.12890625279396772,1.8393489643931389,19.680402994155884,0.5916131474077702,19.82501745223999,0.5,0.029259678249808647
sa_ghmappo,17,61,3660,8,0.0,0.031228394014760852,6.445909798145294,1.1861271187663078,3.3648187816143036,0.7977273613214493,0.0999893403313763,0.16238839458674192,0.861285537481308,17.23726761341095,0.2809604573994875,17.21856713294983,0.5,0.049715396396053484
sa_ghmappo,17,62,3720,8,0.0,-0.0013208873569965363,22.392091989517212,0.9277258887887001,11.280290603637695,0.7207326516509056,-0.0005196236961637624,0.07031250139698386,1.0591901205480099,14.393091917037964,0.15323488228023052,14.579900860786438,0.5,0.03846136557489965
sa_ghmappo,17,63,3780,8,0.0,-0.012035291059873998,44.778234004974365,1.2773314267396927,22.494397044181824,1.0418419018387794,0.05163892765267519,0.21819196455180645,1.2871400117874146,71.4932804107666,0.3746239021420479,71.48174524307251,0.5,0.0073450165027919
sa_ghmappo,17,64,3840,8,0.0,-0.02714287582784891,17.91266393661499,1.3904556930065155,9.058415949344635,0.9818530082702637,0.04243165031220997,0.11272321594879031,0.9300091490149498,37.35820531845093,0.45333157107234,37.3239221572876,0.5,0.014421328371364941
sa_ghmappo,17,65,3900,8,0.0,0.021855557337403297,15.757640480995178,1.2091962695121765,8.012104451656342,0.949070617556572,0.009410817467141896,0.06584821501746774,1.1666763499379158,19.934763431549072,0.29782500863075256,19.85860323905945,0.5,0.029964635766133313
sa_ghmappo,17,66,3960,8,0.0,-0.00561758317053318,11.5574951171875,1.228444904088974,5.886464357376099,0.9510073885321617,0.0014811956407356774,0.020647321827709675,1.4038995802402496,16.50968849658966,0.2954240385442972,16.418415307998657,0.5,0.03449228822689953
sa_ghmappo,17,67,4020,8,0.0,0.003976542968302965,10.420848846435547,1.3524017482995987,5.340549141168594,0.9092013612389565,-0.0071092417783802375,0.06975446548312902,0.9170449674129486,31.372031688690186,0.33885345607995987,31.24261462688446,0.5,0.01946282466214901
sa_ghmappo,17,68,4080,8,0.0,0.008521903771907091,11.094486713409424,1.6903114467859268,5.714392066001892,1.0404350012540817,0.0015669406566303223,0.11886160681024194,1.3234717063605785,20.634151697158813,0.5573177672922611,20.42654836177826,0.5,0.034138862258336705
sa_ghmappo,17,69,4140,8,0.0,-0.0009257625497411937,11.429833054542542,1.7361113876104355,5.87716281414032,1.0439049303531647,0.014985088866069418,0.03459821501746774,1.2076206803321838,22.64276611804962,0.642378680408001,22.678635954856873,0.5,0.027555783895713185
sa_ghmappo,17,7,420,8,0.0,-0.005457460065372288,38.347397804260254,1.8553296774625778,19.34265375137329,1.1120447367429733,0.0014439287551795132,0.0,0.49233173206448555,25.84525966644287,0.13696033507585526,25.824610710144043,0.5,0.020774679641443992
sa_ghmappo,17,70,4200,8,0.0,0.0026683704927563667,10.881129264831543,1.7476517111063004,5.607844322919846,1.0153933688998222,0.014789565175306052,0.04687500139698386,1.4934795945882797,35.26896572113037,0.5841500945389271,35.45400357246399,0.5,0.014683995645264757
sa_ghmappo,17,71,4260,8,0.0,-0.015613685827702284,13.738691210746765,1.91824072599411,7.035613298416138,0.9942655488848686,0.011266835514106788,0.020647321827709675,1.6161618158221245,19.255379676818848,0.588751919567585,19.22396492958069,0.5,0.02893343110628988
sa_ghmappo,17,72,4320,8,0.0,-0.026455684332177043,8.238284766674042,1.4352605491876602,4.226607531309128,0.960524208843708,0.00758445426254184,0.04464285774156451,1.2797381281852722,11.134077072143555,0.5196068361401558,11.07061219215393,0.5,0.04880753795054561
sa_ghmappo,17,73,4380,8,0.0,-0.002778433612547815,21.88611936569214,1.7243471294641495,11.102854371070862,0.9861516430974007,0.005058292706962675,0.08816964272409678,1.0514820739626884,26.503837823867798,0.7795881628990173,26.732807397842407,0.5,0.020246808328500707
sa_ghmappo,17,74,4440,8,0.0,-0.014583886601030827,8.491044759750366,1.251900240778923,4.347189396619797,0.8939151093363762,-0.005222597508691251,0.11830357182770967,1.506617933511734,18.138824224472046,0.464424017816782,18.135436058044434,0.5,0.029179303005781598
sa_ghmappo,17,75,4500,8,0.0,-0.008587803808040917,5.481887996196747,1.4169600456953049,2.865076333284378,0.897583357989788,0.018848680158043862,0.07421875093132257,1.4891748130321503,16.07783043384552,0.5090837366878986,16.145848631858826,0.5,0.033499098690867576
sa_ghmappo,17,76,4560,8,0.0,-0.01056555105606094,8.067292332649231,1.2021733671426773,4.135018706321716,0.8279281109571457,0.017797726508433698,0.14787946501746774,1.1915256679058075,12.032849907875061,0.4153338633477688,12.06428736448288,0.5,0.048275063797266024
sa_ghmappo,17,77,4620,8,0.0,-0.010233418783172965,17.558342337608337,1.5011390149593353,8.9105726480484,0.8479020670056343,-0.0009352560300612822,0.06026785681024194,1.5238551944494247,17.632472157478333,0.5331755578517914,17.812937378883362,0.5,0.031232247841380772
sa_ghmappo,17,78,4680,8,0.0,0.008963630069047213,13.420123934745789,1.7014901638031006,6.880504131317139,0.8670500665903091,0.006295407652942231,0.022321429569274187,1.575540691614151,29.261587738990784,0.4573860429227352,29.094838619232178,0.5,0.020126861495705445
sa_ghmappo,17,79,4740,8,0.0,-0.015640687226550654,10.819802165031433,1.5721057206392288,5.544028878211975,0.7442098259925842,0.001835435934481211,0.05580357229337096,1.1832024231553078,14.709434390068054,0.34841073863208294,14.780789911746979,0.5,0.04310555082547083
sa_ghmappo,17,8,480,8,0.0,-0.0017994483932852745,15.812494993209839,1.783455491065979,8.071959435939789,1.0834169834852219,-0.008682509469508659,0.0,0.4185894951224327,19.46778094768524,0.1434561386704445,19.481471300125122,0.5,0.03182336350589748
sa_ghmappo,17,80,4800,8,0.0,-0.02501676813699305,26.196263074874878,1.570097640156746,13.222946166992188,0.717830203473568,0.007332812929234933,0.1216517873108387,1.0077293366193771,22.632399082183838,0.28678240440785885,22.728618025779724,0.5,0.02445937374904804
sa_ghmappo,17,81,4860,8,0.0,-0.014077620231546462,5.666367411613464,1.507662519812584,2.962341010570526,0.7531342208385468,0.008683855918206973,0.10156250139698386,1.1135774701833725,9.532062649726868,0.43934865668416023,9.597683668136597,0.5,0.05376698018417176
sa_ghmappo,17,82,4920,8,0.0,-0.008061031345278025,18.292458415031433,1.7928455919027328,9.308660566806793,0.8792355433106422,0.04389767129032407,0.07142857275903225,1.2195296064019203,21.68331551551819,0.5742670185863972,21.717615127563477,0.5,0.023879325340141977
sa_ghmappo,17,83,4980,8,0.0,-0.026877734810113907,8.202844023704529,1.9643344432115555,4.261148363351822,0.982943557202816,0.03239311490324326,0.1640625,1.7578355446457863,27.185179114341736,0.8132674619555473,27.69929265975952,0.5,0.021880853024235276
sa_ghmappo,17,84,5040,8,0.0,-0.010052297729998827,13.4584721326828,2.0139398276805878,6.9110963344573975,0.9481400847434998,0.004351078634499572,0.14620536053553224,1.8097942024469376,24.726640224456787,0.7016108706593513,25.18164098262787,0.5,0.025739939375200714
sa_ghmappo,17,85,5100,8,0.0,-0.0077507979003712535,8.120842933654785,1.7624253630638123,4.21954482793808,0.9368370696902275,0.03382862720172852,0.1590401791036129,1.4201255291700363,14.380305767059326,0.6857287324965,14.558605551719666,0.5,0.03895330045598283
sa_ghmappo,17,86,5160,8,0.0,-0.005365598946809769,4.585094511508942,1.2263952195644379,2.400452181696892,0.9368996620178223,0.013177914617699571,0.18582589272409678,1.6657388880848885,9.466066837310791,0.5410615131258965,9.294472694396973,0.5,0.061219029858767385
sa_ghmappo,17,87,5220,8,0.0,-0.011401468014810234,15.917859196662903,1.1930603682994843,8.057859420776367,0.8974724188446999,0.012922014779178426,0.0641741082072258,1.4696060419082642,18.523046016693115,0.38497134670615196,18.72334110736847,0.5,0.030139131126332312
sa_ghmappo,17,88,5280,8,0.0,-0.009502091445028782,11.11322557926178,1.4591018557548523,5.683443367481232,0.9577551558613777,0.0009759302192833275,0.12667411006987095,1.4018312245607376,24.77060091495514,0.45412933826446533,24.839081525802612,0.5,0.022035791066590402
sa_ghmappo,17,89,5340,8,0.0,0.0030904989689588547,14.952490329742432,1.248879000544548,7.593962788581848,1.026101067662239,-0.002550766679632943,0.07979910727590322,1.3250004425644875,35.7228080034256,0.4322451688349247,35.933765053749084,0.5,0.016873240740968028
sa_ghmappo,17,9,540,8,0.0,-0.003693805541843176,17.777852535247803,1.8941082209348679,9.0642129778862,1.043040245771408,0.0016679688269505277,0.030133929569274187,0.47442594543099403,47.401602029800415,0.1650539357215166,47.38614273071289,0.5,0.011451652980070743
sa_ghmappo,17,90,5400,8,0.0,-0.041904790326952934,9.51331377029419,1.3756330832839012,4.842413246631622,0.990234836935997,0.04680025407287758,0.29910714365541935,1.578442007303238,11.0067657828331,0.6619301550090313,11.346189737319946,0.5,0.04743847917903463
sa_ghmappo,17,91,5460,8,0.0,0.0005130365025252104,15.207773327827454,1.4683689922094345,7.741815507411957,0.942107304930687,0.04406482324702665,0.15178571362048388,1.3407440483570099,22.494043827056885,0.5608676373958588,22.631856441497803,0.5,0.02320491222642469
sa_ghmappo,17,92,5520,8,0.0,-0.012176189571619034,6.67047905921936,1.0680043548345566,3.4210409820079803,0.8822839707136154,0.025956894969567657,0.1088169664144516,1.4698538035154343,12.859323918819427,0.345770999789238,12.779625356197357,0.5,0.04778918974051465
sa_ghmappo,17,93,5580,8,0.0,-0.020072046434506774,50.04205131530762,1.573591947555542,25.14886784553528,0.9444462805986404,0.02142365423787851,0.1411830373108387,1.4035056307911873,28.99434757232666,0.5170993283390999,29.224575996398926,0.5,0.017404789762144615
sa_ghmappo,17,94,5640,8,0.0,-0.009367969410959631,13.44620406627655,1.085102990269661,6.814728915691376,0.7515498250722885,0.001414348247635644,0.11328125093132257,1.9291567504405975,20.098281502723694,0.358258955180645,20.24801540374756,0.5,0.030311771884955013
sa_ghmappo,17,95,5700,8,0.0,-0.01135003031231463,7.01370507478714,1.2854141294956207,3.6166214644908905,0.7422483190894127,-0.0014630893201683648,0.036272321827709675,0.9484598860144615,20.936076760292053,0.36390799283981323,20.989620447158813,0.5,0.025576134085667994
sa_ghmappo,17,96,5760,8,0.0,0.026037317860755138,13.052235960960388,1.4300525784492493,6.68797242641449,0.7187992408871651,0.018371888560068328,0.09933035774156451,2.0918484181165695,25.712570786476135,0.5504302866756916,25.278945803642273,0.5,0.022935671972497924
sa_ghmappo,29,1,60,8,0.0,0.00014023436233401299,77.64972019195557,2.0117433816194534,39.014036655426025,1.2138619720935822,0.0013832571457896847,0.0,0.21338715590536594,5.224264860153198,0.0941753750666976,5.22947433590889,0.5,0.09877576617652808
sa_ghmappo,29,10,600,8,0.0,-0.002588882576674223,34.314998626708984,1.6979780793190002,17.31244957447052,1.2258826941251755,0.004895992417004891,0.0,0.5079468749463558,20.440082550048828,0.12727336399257183,20.505882024765015,0.5,0.02700558898465344
sa_ghmappo,29,11,660,8,0.0,-0.020856605377048254,16.786405563354492,1.7726517915725708,8.536570131778717,1.304123193025589,0.027604538088780828,0.1395089291036129,0.6217866316437721,35.28003263473511,0.1455442039296031,35.54501390457153,0.5,0.02511606924622821
sa_ghmappo,29,12,720,8,0.0,0.003995454804680776,14.466209053993225,1.7718514502048492,7.401269435882568,1.3015778064727783,-0.0017381877260049805,0.012834821827709675,0.8663732185959816,34.98191487789154,0.17874120362102985,35.043238401412964,0.5,0.01789579488666302
sa_ghmappo,29,13,780,8,0.0,-0.017797118984162807,36.73729372024536,1.7698171734809875,18.514968991279602,1.2862862348556519,-0.003786968532949686,0.013392857275903225,0.7845226712524891,50.040443420410156,0.1872986601665616,50.37760293483734,0.5,0.013272757921619941
sa_ghmappo,29,14,840,8,0.0,-0.007613626308739185,14.264095544815063,1.766286239027977,7.28819614648819,1.2866578251123428,-0.0015696127084083855,0.008928571827709675,0.5623889155685902,25.779778480529785,0.17137970961630344,25.871179699897766,0.5,0.023608676665398936
sa_ghmappo,29,15,900,8,0.0,-0.033875060034915805,15.843251705169678,1.7693335115909576,8.053058683872223,1.1625325679779053,0.022480355866719037,0.2795758917927742,0.6268671862781048,13.780384063720703,0.15837938711047173,13.797879695892334,0.5,0.0434546439319057
sa_ghmappo,29,16,960,8,0.0,-0.012564225005917251,59.34242296218872,1.8041701316833496,29.8272647857666,1.179950326681137,0.006026706592820119,0.030691965017467737,0.9019406773149967,39.26446318626404,0.15364297293126583,39.52787947654724,0.5,0.01400348745985649
sa_ghmappo,29,17,1020,8,0.0,-0.018341342452913523,12.159250259399414,1.888750284910202,6.240197598934174,0.996110774576664,0.024857626674929634,0.11830357136204839,1.0764428079128265,11.02054214477539,0.2680175621062517,10.910373747348785,0.5,0.05232559668299393
sa_ghmappo,29,18,1080,8,0.0,-0.0028314930386841297,19.056668758392334,1.8283430188894272,9.698187947273254,1.0149340331554413,0.008974545751698315,0.03738839318975806,1.9546030648052692,26.817391991615295,0.3411712422966957,26.47952377796173,0.5,0.023331048550770186
sa_ghmappo,29,19,1140,8,0.0,0.006057568825781345,30.495181798934937,1.7690346240997314,15.419028162956238,1.1523928940296173,0.04145726701244712,0.2165178582072258,0.7896506749093533,91.45138549804688,0.26649580895900726,91.41036605834961,0.5,0.0058061105005077765
sa_ghmappo,29,2,120,8,0.0,-0.004434515256434679,54.245429039001465,2.0026906579732895,27.30659818649292,1.1951245069503784,-0.002961716440040618,0.0,0.25103721767663956,12.211132645606995,0.09564578905701637,12.210896015167236,0.5,0.04346683401509133
sa_ghmappo,29,20,1200,8,0.0,-0.01428197615314275,14.911261677742004,1.9620355665683746,7.6248908042907715,1.2661374062299728,0.00037807109765708447,0.05691964318975806,1.0050598159432411,45.79945135116577,0.47585320100188255,45.602415323257446,0.5,0.012540189281920383
sa_ghmappo,29,21,1260,8,0.0,-0.014540378469973803,12.373031973838806,1.78571455180645,6.338123142719269,1.2423873245716095,0.03881096432451159,0.0993303582072258,0.9807435423135757,15.021697044372559,0.28357741236686707,14.791770458221436,0.5,0.03594144021313989
sa_ghmappo,29,22,1320,8,0.0,-0.005534922704100609,16.26715099811554,1.8501156568527222,8.30080509185791,1.224702537059784,0.024031943670706823,0.11886160867288709,1.2825087942183018,19.69050443172455,0.3190866019576788,20.17827820777893,0.5,0.026354097258483578
sa_ghmappo,29,23,1380,8,0.0,-0.004189376486465335,10.08670973777771,1.9236532747745514,5.2192898988723755,1.224092811346054,0.026155701005336596,0.14229910634458065,1.0420610383152962,19.561776876449585,0.31173189356923103,19.953495383262634,0.5,0.03242079110888512
sa_ghmappo,29,24,1440,8,0.0,0.013149894773960114,7.680217087268829,1.9414691030979156,4.034030735492706,1.3374652713537216,0.027799137635156512,0.07421875139698386,1.3593483045697212,18.303980469703674,0.46968843787908554,18.093023538589478,0.5,0.035622681911770294
sa_ghmappo,29,25,1500,8,0.0,0.0011640985030680895,7.910258591175079,1.848605901002884,4.128431677818298,1.2722266614437103,0.013051070272922516,0.0340401791036129,0.98801339417696,14.726146936416626,0.38442033901810646,14.719007968902588,0.5,0.04390645286737083
sa_ghmappo,29,26,1560,8,0.0,-0.01466327253729105,15.063032269477844,2.0739650577306747,7.711019158363342,1.3230195045471191,0.02476874354761094,0.2968749990686774,1.1103208363056183,31.593502402305603,0.5470134504139423,31.76719295978546,0.5,0.01919419042979915
sa_ghmappo,29,27,1620,8,0.0,-0.006020451313816011,7.429734021425247,1.8113984167575836,3.8770290911197662,1.2957371920347214,0.00844714988488704,0.1199776791036129,1.2879436388611794,28.022042393684387,0.3598279096186161,27.684040307998657,0.5,0.023258710258867638
sa_ghmappo,29,28,1680,8,0.0,-0.010601213725749403,18.122941374778748,1.8021474480628967,9.218278884887695,1.2805316597223282,0.009564768057316542,0.022321429569274187,1.0197899416089058,21.14320480823517,0.3412445858120918,21.233036518096924,0.5,0.025132414922214866
sa_ghmappo,29,29,1740,8,0.0,-0.00471110746730119,17.159066677093506,1.739039584994316,8.73632162809372,1.2404636144638062,0.004889111834927462,0.04185267956927419,0.8739597871899605,37.39499747753143,0.35820024460554123,37.64874517917633,0.5,0.021924548952378733
sa_ghmappo,29,3,180,8,0.0,0.0002525052987039089,43.12451505661011,1.9986418336629868,21.750173330307007,1.2200959473848343,0.0020134320366196334,0.0,0.3536004424095154,11.801758348941803,0.09304236248135567,11.809732973575592,0.5,0.04429812935195325
sa_ghmappo,29,30,1800,8,0.0,-0.019423138350248337,33.78906536102295,1.7686233669519424,17.0392085313797,1.2763064056634903,0.008132490227581002,0.1110491082072258,1.9229582250118256,64.70518279075623,0.33021366223692894,65.15411019325256,0.5,0.00999105192245477
sa_ghmappo,29,31,1860,8,0.0,-0.012125282868510112,13.325872659683228,1.7791860103607178,6.815685987472534,1.304379254579544,0.001699888875009492,0.02566964365541935,1.4211278334259987,56.650887966156006,0.40366245806217194,56.46069145202637,0.5,0.009474133393223897
sa_ghmappo,29,32,1920,8,0.0,-0.004813953069970012,16.292457580566406,1.7573044300079346,8.304274320602417,1.2871063798666,0.012710096139926463,0.04520089365541935,0.8727599754929543,30.128334522247314,0.3188319429755211,29.991148948669434,0.5,0.01832454367726844
sa_ghmappo,29,33,1980,8,0.0,-0.016197369433939457,13.395424723625183,1.4497912228107452,6.813768744468689,1.2725390642881393,-0.0031127118854783475,0.0758928582072258,1.2720242887735367,16.095266699790955,0.34512679651379585,16.1256862282753,0.5,0.035015259402897216
sa_ghmappo,29,34,2040,8,0.0,-0.01816520350985229,8.351659715175629,1.6580899208784103,4.310551226139069,1.2922260165214539,0.011760803841752931,0.09374999860301614,1.5315425992012024,16.223023891448975,0.5871287807822227,16.11804723739624,0.5,0.03402984870315569
sa_ghmappo,29,35,2100,8,0.0,-0.005141076631844044,12.468509793281555,1.6177469789981842,6.3778679966926575,1.3020710349082947,0.01563906407682225,0.0837053582072258,1.2592663019895554,29.84334897994995,0.6605132594704628,30.04486393928528,0.5,0.018177336252482357
sa_ghmappo,29,36,2160,8,0.0,-0.010962502099573612,12.65626847743988,1.7504796832799911,6.479806840419769,1.2412683069705963,0.012423369407770224,0.10546875093132257,1.2822374776005745,22.932119727134705,0.6804905161261559,23.170502543449402,0.5,0.024300468067246766
sa_ghmappo,29,37,2220,8,0.0,-0.008057632483541965,22.399497270584106,2.209622710943222,11.400981545448303,1.167175754904747,0.009697956789750606,0.08370535727590322,2.1743062287569046,63.146767139434814,0.9805000945925713,63.47479724884033,0.5,0.00928889838395582
sa_ghmappo,29,38,2280,8,0.0,0.0036781523376703262,10.498366355895996,1.8707795143127441,5.42848664522171,1.145267814397812,-0.006806701741879806,0.07533482182770967,1.3009609580039978,49.64428985118866,0.8243870064616203,50.127169132232666,0.5,0.014372134404668613
sa_ghmappo,29,39,2340,8,0.0,-0.012331037083640695,21.924331188201904,1.4582219123840332,11.083948135375977,1.1708575189113617,0.01074384399180417,0.2589285708963871,1.3611176684498787,46.325204730033875,0.6597951129078865,46.60713493824005,0.5,0.015127000329337902
sa_ghmappo,29,4,240,8,0.0,-6.047333590686321e-05,93.44297218322754,2.0008413046598434,46.90891122817993,1.2599029242992401,0.0013638497184729204,0.0,0.3516445215791464,14.779601097106934,0.1150648258626461,14.814961075782776,0.5,0.03609601183579468
sa_ghmappo,29,40,2400,8,0.0,-0.02662588399834931,12.622694253921509,1.5416691601276398,6.426982998847961,1.190510243177414,0.02581868453125935,0.19308035727590322,1.3030346408486366,23.641300559043884,0.7179985269904137,23.80159902572632,0.5,0.02471705536363201
sa_ghmappo,29,41,2460,8,0.0,-0.013433796411845833,10.414889693260193,1.8192711472511292,5.363523036241531,1.2415115237236023,0.044959432794712484,0.13727678591385484,2.0869943350553513,34.08055806159973,0.9985298067331314,34.15828990936279,0.5,0.016719830447702724
sa_ghmappo,29,42,2520,8,0.0,-0.002745872363448143,18.91507875919342,1.395357370376587,9.582677662372589,1.165152758359909,0.0453427106840536,0.09598214365541935,1.1844975724816322,38.36309099197388,0.7066329047083855,38.07860589027405,0.5,0.01410269676674125
sa_ghmappo,29,43,2580,8,0.0,-0.01986503298394382,13.10130500793457,1.122451364994049,6.631992816925049,1.1039701998233795,0.0017045390559360385,0.012834821827709675,1.4567432552576065,53.88190841674805,0.4689275063574314,54.01945734024048,0.5,0.01256263595579175
sa_ghmappo,29,44,2640,8,0.0,0.0023664513719268143,54.33891677856445,1.1861605048179626,27.27963948249817,1.0800997018814087,0.006553156999871135,0.1305803582072258,1.4729749709367752,50.00899696350098,0.5028120391070843,50.08478307723999,0.5,0.010528620724444018
sa_ghmappo,29,45,2700,8,0.0,-0.008232924272306263,23.633466958999634,1.1265768334269524,11.911163091659546,0.9995216503739357,0.010548831676715054,0.06640625093132257,1.8869593888521194,55.19875764846802,0.503438200801611,55.30962777137756,0.5,0.010315641434162701
sa_ghmappo,29,46,2760,8,0.0,-0.03038858762010932,57.994328022003174,1.1203103065490723,29.06906771659851,0.9739287421107292,0.04714466561563313,0.17578125186264515,1.6442017257213593,37.61083197593689,0.4559851810336113,37.4121413230896,0.5,0.014303702963509295
sa_ghmappo,29,47,2820,8,0.0,-0.010636484017595649,23.547927856445312,1.3326014280319214,11.887027144432068,0.9560370296239853,0.005555983560043387,0.050223215483129025,1.476429283618927,59.73958230018616,0.6161409951746464,59.97140693664551,0.5,0.009409775512031997
sa_ghmappo,29,48,2880,8,0.0,0.017824320122599602,25.054081439971924,1.1163382977247238,12.648114442825317,0.8384139314293861,0.008179662472684868,0.054687500931322575,1.9507177397608757,54.708523750305176,0.48193997144699097,54.24859809875488,0.5,0.010255011930701692
sa_ghmappo,29,49,2940,8,0.0,-0.0027883744332939386,17.511131644248962,1.073209524154663,8.85097849369049,0.9120170772075653,-0.01911087338521611,0.05078125139698386,1.598755531013012,31.450445413589478,0.3959801383316517,31.546074628829956,0.5,0.018807549866829535
sa_ghmappo,29,5,300,8,0.0,0.0027972367824986577,25.16408085823059,1.9744863361120224,12.769742846488953,1.2543873339891434,-0.0021096981363371015,0.0,0.2465226724743843,9.801130592823029,0.11004308052361012,9.807822555303574,0.5,0.06854128644594408
sa_ghmappo,29,50,3000,8,0.0,-0.016818820033222437,18.593526244163513,1.1719593852758408,9.387550950050354,0.9589113891124725,0.01479748115525581,0.1138392873108387,1.6164171993732452,34.76686382293701,0.4662967249751091,34.83449339866638,0.5,0.014815717648428697
sa_ghmappo,29,51,3060,8,0.0,-0.008677682664711028,14.129411458969116,1.3305340707302094,7.179619133472443,0.9462376534938812,0.021963655490253586,0.11886160727590322,1.8703404814004898,20.895294427871704,0.7256819307804108,21.045569896697998,0.5,0.02519222776149467
sa_ghmappo,29,52,3120,8,0.0,-0.021675134368706495,12.066370606422424,1.1898041516542435,6.121889710426331,0.860085055232048,0.014593924133805558,0.058593750931322575,1.6527238935232162,35.103333830833435,0.5734247788786888,35.17749238014221,0.5,0.017457848140966133
sa_ghmappo,29,53,3180,8,0.0,-0.02092789113521576,22.870285034179688,1.0230097323656082,11.508075714111328,0.8439828604459763,-0.007614830770762637,0.09319196501746774,2.047706589102745,62.60422658920288,0.6211726665496826,62.939223289489746,0.5,0.009078932084065254
sa_ghmappo,29,54,3240,8,0.0,-0.026325286307837814,9.934743404388428,1.2847085446119308,5.061433494091034,0.808367408812046,0.021769380837213248,0.10100446501746774,1.9354115799069405,23.171846628189087,0.7205080091953278,23.487572073936462,0.5,0.023956627352721378
sa_ghmappo,29,55,3300,8,0.0,-0.026459897228050977,9.625157356262207,1.2961618602275848,4.906390935182571,0.9343881532549858,0.019955770520027727,0.17912946501746774,2.047168545424938,20.814231753349304,0.8611318841576576,21.4041965007782,0.5,0.024180422011751083
sa_ghmappo,29,56,3360,8,0.0,0.020050727180205286,9.045366525650024,1.200648009777069,4.654517948627472,0.8280786350369453,-0.01229748417972587,0.09598214458674192,1.729297712445259,25.910788536071777,0.5971659198403358,25.87636435031891,0.5,0.023203535034906107
sa_ghmappo,29,57,3420,8,0.0,-0.018076614011079073,9.45226764678955,1.0221332162618637,4.802388101816177,0.788220688700676,0.02403882194266771,0.04575892956927419,2.276812121272087,20.01923108100891,0.5285956747829914,20.269750475883484,0.5,0.026814037270518773
sa_ghmappo,29,58,3480,8,0.0,-0.002690799068659544,12.84197723865509,1.5118634849786758,6.5622299909591675,0.7254221364855766,0.019592334050685167,0.1551339291036129,1.6931549683213234,48.46059775352478,0.7612656578421593,48.97148823738098,0.5,0.013286687354191196
sa_ghmappo,29,59,3540,8,0.0,-0.006538166897371411,9.273650109767914,1.1067970395088196,4.733201116323471,0.7765479162335396,0.012892411643406376,0.09988839365541935,1.5927200317382812,26.419933915138245,0.5629623308777809,26.59745442867279,0.5,0.02671286783099392
sa_ghmappo,29,6,360,8,0.0,0.009281468344852328,54.51326608657837,1.9143670797348022,27.444587469100952,1.2764230519533157,-0.0028546787007144303,0.0,0.3327406495809555,29.1330406665802,0.09519817866384983,29.10869836807251,0.5,0.018916647904422903
sa_ghmappo,29,60,3600,8,0.0,-0.01922715874388814,7.619361162185669,1.3528219312429428,3.9189099967479706,0.6825633496046066,0.0036209205791237764,0.042410715483129025,2.2257531881332397,42.651554346084595,0.8055002763867378,42.36061942577362,0.5,0.018504293368763417
sa_ghmappo,29,61,3660,8,0.0,-0.018223370425403118,5.315983176231384,1.2158440798521042,2.7541492879390717,0.7203406244516373,0.028794563047995325,0.09375000093132257,1.2315618842840195,19.16308319568634,0.7513270825147629,19.372995376586914,0.5,0.031813737410369004
sa_ghmappo,29,62,3720,8,0.0,-0.009032942354679108,10.22988474369049,1.6969296783208847,5.267898291349411,0.770411528646946,-0.0009177540923701599,0.09933036053553224,2.2156106680631638,56.37314569950104,1.2495173811912537,57.02121317386627,0.5,0.01545187828914433
sa_ghmappo,29,63,3780,8,0.0,0.0010377930011600256,9.27443242073059,1.0806898400187492,4.739294677972794,0.702825091779232,0.07951804174808785,0.3705357126891613,1.6203101500868797,36.659319162368774,0.7103728465735912,36.9497184753418,0.5,0.01964017079839024
sa_ghmappo,29,64,3840,8,0.0,-0.007053122244542465,17.61487352848053,1.0675121694803238,8.901065349578857,0.6069671213626862,0.013932822876085993,0.10770089272409678,2.0859640389680862,34.469006061553955,0.5764393247663975,34.73795676231384,0.5,0.015390581143893368
sa_ghmappo,29,65,3900,8,0.0,-0.03489321889355779,11.927956104278564,1.1275911331176758,6.035194367170334,0.6649455651640892,-0.0029602390495711006,0.08705357275903225,1.8828238546848297,55.589521408081055,0.6549369394779205,55.70822238922119,0.5,0.010363032093513745
sa_ghmappo,29,66,3960,8,0.0,-0.01045124838128686,4.979172050952911,1.0417957231402397,2.5780205726623535,0.5293790139257908,0.021617439917463344,0.09933035913854837,1.6623871736228466,20.167545199394226,0.560519564896822,20.386598825454712,0.5,0.030042646977478285
sa_ghmappo,29,67,4020,8,0.0,-0.03595012202276848,13.189292311668396,1.062127411365509,6.658678352832794,0.6230421140789986,0.024511066785635194,0.17578125186264515,2.284713990986347,48.17484998703003,0.5533903762698174,48.8627405166626,0.5,0.011091664397968446
sa_ghmappo,29,68,4080,8,0.0,-0.013538450701162219,26.493898391723633,1.3974944800138474,13.367257952690125,0.5902344360947609,0.0067130881288903765,0.0457589291036129,2.230098634958267,40.19818925857544,1.073260672390461,40.25494337081909,0.5,0.012838116550249282
sa_ghmappo,29,69,4140,8,0.0,-0.01592216733843088,5.803954780101776,1.2469845414161682,3.0054454505443573,0.5308190025389194,-0.02889337916712975,0.1735491082072258,2.01601542532444,23.5783132314682,0.5272804796695709,24.01613450050354,0.5,0.026833920189933604
sa_ghmappo,29,7,420,8,0.0,-0.00946154270786792,31.101771354675293,1.8783560693264008,15.716955184936523,1.2304901033639908,0.006449538850574754,0.0,0.44954545982182026,36.13903892040253,0.1035485491156578,36.32973563671112,0.5,0.01661150570411528
sa_ghmappo,29,70,4200,8,0.0,0.0017462269170209765,14.866859555244446,1.0060182139277458,7.530147135257721,0.5630791857838631,0.03132754916441627,0.14899553917348385,3.0603664070367813,43.38639259338379,0.6673881337046623,43.95616817474365,0.5,0.015707003307317415
sa_ghmappo,29,71,4260,8,0.0,0.02422769134864211,5.7281036376953125,0.9857071861624718,2.9824876338243484,0.4362574517726898,0.09137227531755343,0.23883928451687098,1.9561725035309792,51.646636962890625,0.37594789639115334,51.68742763996124,0.5,0.020689261015246086
sa_ghmappo,29,72,4320,8,0.0,0.00892471440602094,7.928683817386627,0.9442605227231979,4.063510298728943,0.41823147237300873,0.11329213986755349,0.18973214644938707,1.1755652874708176,47.3818359375,0.3285419698804617,47.741034269332886,0.5,0.01244876754218949
sa_ghmappo,29,73,4380,8,0.0,-0.02504300232976675,10.13057154417038,1.1081987619400024,5.1465123295784,0.45503856614232063,0.026048591933431453,0.13783482275903225,3.048371970653534,27.065648794174194,0.705010436475277,27.21371364593506,0.5,0.019662641386329217
sa_ghmappo,29,74,4440,8,0.0,-0.006666148081421852,5.285061776638031,1.0389022752642632,2.7344911694526672,0.5263815149664879,0.02830329386233643,0.10937500093132257,2.1013303473591805,39.65289807319641,0.691280260682106,39.376028299331665,0.5,0.021480336038800965
sa_ghmappo,29,75,4500,8,0.0,0.019822314381599426,9.227063059806824,1.079062819480896,4.736332714557648,0.49275534600019455,0.0057811757124,0.07087053637951612,3.149816870689392,42.66149342060089,0.6287068650126457,42.25457584857941,0.5,0.015288839460257449
sa_ghmappo,29,76,4560,8,0.0,0.004866709467023611,15.933121085166931,0.9502751156687737,8.06060254573822,0.5852281823754311,0.019251999776315643,0.21428571362048388,2.3595998659729958,40.883758544921875,0.5413995534181595,41.04716753959656,0.5,0.013627636811435594
sa_ghmappo,29,77,4620,8,0.0,0.00764146912842989,12.34416377544403,1.0895960628986359,6.2827168405056,0.5966157242655754,8.351358701474965e-05,0.11718750093132257,5.146900117397308,52.34213173389435,0.5794292539358139,53.21113383769989,0.5,0.01387583107005129
sa_ghmappo,29,78,4680,8,0.0,-0.0025227293372154236,8.918803751468658,1.045471914112568,4.556051015853882,0.5375221632421017,0.01729121458629379,0.1657366082072258,1.8184358552098274,25.509751796722412,0.6164434477686882,25.206926822662354,0.5,0.02142588454898468
sa_ghmappo,29,79,4740,8,0.0,0.010099105536937714,10.32228708267212,0.6971475780010223,5.2355155646800995,0.5441804341971874,0.0037846567465749104,0.04966517956927419,2.635769471526146,77.37908971309662,0.36050551384687424,77.68198299407959,0.5,0.009638460670035485
sa_ghmappo,29,8,480,8,0.0,-0.009349575266242027,25.021687507629395,1.8594866245985031,12.674477934837341,1.2965282648801804,-0.021927461144514382,0.07142857182770967,0.4468227028846741,21.476075768470764,0.09778295550495386,21.36918807029724,0.5,0.03228306023122049
sa_ghmappo,29,80,4800,8,0.0,-0.002361135702813044,16.435716032981873,0.8880176320672035,8.298468589782715,0.5830156952142715,0.0009760124448803253,0.18136160634458065,4.52085080742836,83.65220880508423,0.6358026564121246,83.67796230316162,0.5,0.008125399579162192
sa_ghmappo,29,81,4860,8,0.0,0.00853826038655825,20.181775093078613,0.8829737305641174,10.181622982025146,0.6100371852517128,0.03459565454249969,0.1969866082072258,2.2364111244678497,56.089316606521606,0.5248508676886559,55.977155685424805,0.5,0.011635382433869
sa_ghmappo,29,82,4920,8,0.0,-0.01819251896813512,11.28700041770935,1.1408618316054344,5.733739018440247,0.5654775351285934,0.00406082981498912,0.08816964365541935,2.135211244225502,37.51978898048401,0.7668008208274841,37.68314480781555,0.5,0.016730123140264237
sa_ghmappo,29,83,4980,8,0.0,0.00869060930563137,3.7975043952465057,0.9318790435791016,1.9947093725204468,0.5921338200569153,0.0015144468125072308,0.058593750931322575,2.212599068880081,28.595158457756042,0.5287709012627602,28.738236904144287,0.5,0.024169607332927345
sa_ghmappo,29,84,5040,8,0.0,-0.010436615906655788,12.482743978500366,1.171214982867241,6.342244625091553,0.5812166184186935,0.02877665509004146,0.08147321548312902,2.7209691554307938,44.587947368621826,0.7695855870842934,44.86227107048035,0.5,0.012296686969898923
sa_ghmappo,29,85,5100,8,0.0,0.004775046370923519,4.242031633853912,0.7381384894251823,2.194536805152893,0.5067891553044319,0.05487348349561216,0.15959821455180645,2.0523693412542343,46.79547619819641,0.3720417432487011,47.22713303565979,0.5,0.012457116760577945
sa_ghmappo,29,86,5160,8,0.0,-0.01931479573249817,14.87415599822998,0.8381502777338028,7.49625751376152,0.5320685915648937,0.03324202655130648,0.12332589458674192,1.9086040332913399,51.57325267791748,0.5925310961902142,51.91263270378113,0.5,0.011097091969490975
sa_ghmappo,29,87,5220,8,0.0,-0.017673345282673836,15.67345142364502,1.0068187713623047,7.913168370723724,0.6565956547856331,0.011403651464206632,0.07366071362048388,2.788313627243042,60.95225119590759,0.7217057645320892,60.802775859832764,0.5,0.010185892391409126
sa_ghmappo,29,88,5280,8,0.0,-0.0019157277420163155,6.271584928035736,0.7031109258532524,3.19865246117115,0.5535361617803574,-0.0026295164634575485,0.03459821501746774,2.3936994522809982,100.6118791103363,0.396028071641922,100.52804732322693,0.5,0.01017113856067385
sa_ghmappo,29,89,5340,8,0.0,-0.010798892588354647,4.445038020610809,0.867263026535511,2.2934250831604004,0.5021325461566448,-0.000776538836362306,0.08035714365541935,2.072902239859104,31.209605932235718,0.4880840852856636,31.445375680923462,0.5,0.018505419949704553
sa_ghmappo,29,9,540,8,0.0,0.011388800572603941,38.22031378746033,1.8148760348558426,19.289844155311584,1.3189168572425842,0.0005023859994253144,0.10993303544819355,0.4285604916512966,38.81486892700195,0.11932821478694677,38.784313917160034,0.5,0.014834716160106514
sa_ghmappo,29,90,5400,8,0.0,-0.00046556536108255386,5.390496253967285,0.9952993020415306,2.789610594511032,0.4701958931982517,-0.01064001410122728,0.10825893003493547,2.4430377930402756,41.73617744445801,0.6476374939084053,41.817707777023315,0.5,0.017808286231637577
sa_ghmappo,29,91,5460,8,0.0,-0.005844400729984045,25.83233666419983,0.9397512376308441,12.999184012413025,0.5114884488284588,0.029109752176736947,0.1847098208963871,2.273214429616928,80.86452388763428,0.6657029017806053,80.9276852607727,0.5,0.007937333203130535
sa_ghmappo,29,92,5520,8,0.0,0.00020007649436593056,12.0989670753479,0.8958573415875435,6.134250074625015,0.5019206739962101,0.012611885653313948,0.09430803777649999,2.3572414368391037,78.80620622634888,0.629334419965744,79.07822036743164,0.5,0.007809827879516669
sa_ghmappo,29,93,5580,8,0.0,-0.0032182764261960983,4.973780006170273,1.045828491449356,2.5836931467056274,0.4561389423906803,-0.009903686983307125,0.05412946501746774,1.8344666436314583,28.008148908615112,0.7574502751231194,27.92287039756775,0.5,0.019093832393439633
sa_ghmappo,29,94,5640,8,0.0,-0.010818108508829027,9.29848700761795,0.8436659649014473,4.7180187702178955,0.47732165455818176,0.010829332528373925,0.08203125232830644,2.4845856204628944,30.676015615463257,0.552080150693655,31.34368896484375,0.5,0.016405301977830886
sa_ghmappo,29,95,5700,8,0.0,0.007239558733999729,3.7822692692279816,0.8450360894203186,1.978277012705803,0.46008049324154854,0.027230456435063388,0.05133928684517741,1.56850466132164,24.49450719356537,0.6132048740983009,24.457136631011963,0.5,0.028220703946984053
sa_ghmappo,29,96,5760,8,0.0,-0.016453996300697327,5.015322387218475,1.0374293774366379,2.58896242082119,0.5987787917256355,0.014696912006911589,0.1668526795692742,1.9957703351974487,17.263900101184845,0.8116979822516441,17.43259108066559,0.5,0.03577234281618693
sa_ghmappo,43,1,60,8,0.0,-0.0048268320970237255,34.79063391685486,1.9875950366258621,17.57694709300995,1.2302498072385788,0.008415763257289655,0.02566964365541935,0.18486088421195745,2.8708359450101852,0.10343746282160282,2.880294233560562,0.5,0.21782060281829482
sa_ghmappo,43,10,600,8,0.0,-0.0004908714909106493,53.986560583114624,1.9745391756296158,27.177135586738586,1.3107857406139374,0.022173241653945297,0.09375000279396772,0.6781401708722115,31.247819900512695,0.2992531228810549,31.386829733848572,0.5,0.01998996439233666
sa_ghmappo,43,11,660,8,0.0,-0.005143568123457953,22.00911521911621,1.72580786049366,11.15888249874115,1.311239242553711,0.0026456811301613925,0.09709821455180645,0.6836193539202213,64.5532546043396,0.45961716026067734,64.82789707183838,0.5,0.008110942547545852
sa_ghmappo,43,12,720,8,0.0,0.008402331732213497,96.17504215240479,1.775130495429039,48.26007843017578,1.3357289731502533,-0.0007208362512756139,0.06305803684517741,1.0565911754965782,48.76248526573181,0.2334399912506342,48.979231119155884,0.5,0.012879163979740737
sa_ghmappo,43,13,780,8,0.0,-0.003805791959166527,16.26975131034851,1.7539072334766388,8.293059527873993,1.3401049226522446,-0.006706687555379176,0.0,0.9083547666668892,26.859782576560974,0.20625885389745235,26.897587418556213,0.5,0.025074052219337322
sa_ghmappo,43,14,840,8,0.0,-0.004357385914772749,33.95498061180115,1.7378421276807785,17.133281469345093,1.3635350912809372,0.008727658016141504,0.015625,1.0321196764707565,36.68861365318298,0.23541624285280704,36.523956060409546,0.5,0.01755728236109353
sa_ghmappo,43,15,900,8,0.0,-0.012739532627165318,22.534264087677002,1.6591009199619293,11.40682852268219,1.3474166691303253,0.010851690778508782,0.2505580401048064,1.0258479937911034,72.00748360157013,0.22097426000982523,71.97598493099213,0.5,0.01213758007868349
sa_ghmappo,43,16,960,8,0.0,0.00048701069317758083,20.52262043952942,1.6578561663627625,10.414802610874176,1.2780235707759857,0.012857488320150878,0.0379464291036129,0.8758665919303894,40.57017260789871,0.18777531944215298,40.55711901187897,0.5,0.020060070736630606
sa_ghmappo,43,17,1020,8,0.0,0.0025659454986453056,20.205884099006653,1.7321428060531616,10.265734016895294,1.2988083809614182,0.008604787231888622,0.0,1.0816188380122185,31.03703224658966,0.21943777240812778,30.75275593996048,0.5,0.02598699448549215
sa_ghmappo,43,18,1080,8,0.0,-0.00975668292926457,56.57573890686035,1.7469801157712936,28.439935445785522,1.287560686469078,0.0002621668973006308,0.008928571827709675,1.1332028731703758,44.742655515670776,0.1709194853901863,44.81816387176514,0.5,0.012650850617290267
sa_ghmappo,43,19,1140,8,0.0,-0.015446240548044443,18.335976600646973,1.9015478789806366,9.330674886703491,1.2021696865558624,0.01168291119620335,0.042968750931322575,2.0744533091783524,23.308930158615112,0.2989631313830614,22.386662364006042,0.5,0.026941548573783343
sa_ghmappo,43,2,120,8,0.0,-0.0013134207110852003,57.37683391571045,1.928468644618988,28.867257595062256,1.2692909240722656,-9.885765030048788e-05,0.004464285913854837,0.252102991566062,4.522619068622589,0.08607752621173859,4.53228035569191,0.5,0.11761465815804366
sa_ghmappo,43,20,1200,8,0.0,0.00047556357458233833,29.24728035926819,1.5122939497232437,14.763833045959473,1.1511966735124588,0.0058536612341413274,0.04241071501746774,0.7861352786421776,35.63296961784363,0.2730836756527424,35.56457233428955,0.5,0.017657725776237646
sa_ghmappo,43,21,1260,8,0.0,-0.03624321773531847,20.88669466972351,1.946033000946045,10.59106731414795,1.0639923587441444,0.004961615632055327,0.1372767873108387,1.6739788800477982,22.035545587539673,0.2976479306817055,21.987300515174866,0.5,0.02600427735454658
sa_ghmappo,43,22,1320,8,0.0,0.00612385431304574,18.954886198043823,1.9406903833150864,9.66849285364151,0.9143315032124519,0.05445300287101418,0.18694196362048388,1.6635950654745102,26.768891155719757,0.3881094604730606,27.311683416366577,0.5,0.023882432032338297
sa_ghmappo,43,23,1380,8,0.0,0.05116229550912976,25.032336473464966,1.8809071779251099,12.744821786880493,1.0599351972341537,0.11426403032965027,0.36662946874275804,2.5507081747055054,48.29232096672058,0.3897050842642784,48.9340124130249,0.5,0.013158731020024
sa_ghmappo,43,24,1440,8,0.0,0.05446297023445368,17.771331071853638,2.0391135960817337,9.13298362493515,1.1056369543075562,0.07592668454162776,0.30859375,3.0666600167751312,43.24220263957977,0.42466455698013306,42.956865668296814,0.5,0.01577749684708361
sa_ghmappo,43,25,1500,8,0.0,0.06553184380754828,15.636414766311646,1.8072712570428848,8.053517043590546,1.0949629098176956,0.04911030124640092,0.339285708963871,3.809352271258831,36.95419132709503,0.3014595825225115,36.416200160980225,0.5,0.01746979232684532
sa_ghmappo,43,26,1560,8,0.0,0.004830537363886833,10.591596484184265,1.7075658589601517,5.459544897079468,1.1840445697307587,0.014021785173099488,0.0,1.9052267223596573,27.89847493171692,0.29257783107459545,27.606536984443665,0.5,0.021041363290962525
sa_ghmappo,43,27,1620,8,0.0,0.011069333646446466,40.48902177810669,1.8357577621936798,20.427363991737366,1.1791402399539948,0.041989624383859336,0.18415178451687098,1.5707873553037643,54.881627559661865,0.2658990602940321,54.40121126174927,0.5,0.012211211320935672
sa_ghmappo,43,28,1680,8,0.0,-0.011296443059109151,79.22800779342651,1.838153213262558,39.776108503341675,1.0414230823516846,0.018430299271130934,0.012276785913854837,1.383825846016407,48.68708419799805,0.2580750845372677,48.454776763916016,0.5,0.011509911890099356
sa_ghmappo,43,29,1740,8,0.0,0.023344934568740427,11.851616621017456,1.784654974937439,6.117621898651123,0.9996801465749741,0.04259348241612315,0.2667410718277097,1.8244004100561142,47.427844643592834,0.334616057574749,46.62374269962311,0.5,0.01713009610598659
sa_ghmappo,43,3,180,8,0.0,-0.007118120789527893,68.48432970046997,1.8835189789533615,34.40988850593567,1.3509593904018402,0.0028036658059136244,0.0,0.3428995292633772,10.47057980298996,0.08253533206880093,10.481366336345673,0.5,0.05526491689169687
sa_ghmappo,43,30,1800,8,0.0,0.004980446770787239,38.92348098754883,1.912297084927559,19.646395921707153,1.155492126941681,0.042906689195660874,0.22377232322469354,1.416053369641304,122.07138085365295,0.29591076262295246,122.41962718963623,0.5,0.006066536122679675
sa_ghmappo,43,31,1860,8,0.0,-0.009727386757731438,17.75213885307312,1.7855739295482635,9.033161878585815,1.1737555116415024,0.01283390008029528,0.18136160727590322,1.7612427920103073,36.82316565513611,0.3822831101715565,37.133800745010376,0.5,0.015787209351701838
sa_ghmappo,43,32,1920,8,0.0,0.04114028922049329,12.533849358558655,1.7517355978488922,6.472326874732971,1.0911649614572525,0.034454732201993465,0.3091517835855484,2.3856234550476074,24.396698117256165,0.28933118283748627,25.04964315891266,0.5,0.026033622710062116
sa_ghmappo,43,33,1980,8,0.0,3.8477592170238495e-05,20.563542127609253,1.7973491251468658,10.449001669883728,1.254304677248001,0.018073323706630617,0.4542410746216774,1.7648792639374733,60.48802065849304,0.5096410624682903,61.564045667648315,0.5,0.011188193320903914
sa_ghmappo,43,34,2040,8,0.0,-0.008549150545150042,35.21147704124451,1.6614755988121033,17.75078296661377,1.2554308772087097,0.0053223292488837615,0.016183035913854837,1.2341377958655357,22.488729119300842,0.4004068747162819,22.49000072479248,0.5,0.025109981080052416
sa_ghmappo,43,35,2100,8,0.0,0.020725619280710816,16.95091462135315,1.7841553837060928,8.661789059638977,1.280941367149353,-0.015132798449485563,0.2544642873108387,2.04665420204401,29.697692275047302,0.6300659291446209,30.28496563434601,0.5,0.01936701111034297
sa_ghmappo,43,36,2160,8,0.0,0.07363983802497387,13.546265006065369,1.5272353738546371,6.987322151660919,1.2174029797315598,0.09007982624461874,0.5217633941210806,2.0663398429751396,30.644631385803223,0.4781300202012062,30.879249811172485,0.5,0.017584277480749873
sa_ghmappo,43,37,2220,8,0.0,0.0030740704387426376,15.313462138175964,1.4056204110383987,7.787702798843384,1.266417756676674,0.0208187015959993,0.1545758917927742,0.9801052212715149,48.53918933868408,0.23560451343655586,48.71545433998108,0.5,0.013659758290565626
sa_ghmappo,43,38,2280,8,0.0,0.009498645551502705,30.754765272140503,1.4554593563079834,15.520502090454102,1.1924953162670135,0.0029768821696052328,0.22544643003493547,1.26824052631855,91.12190628051758,0.2389478851109743,90.8516263961792,0.5,0.005581019786063835
sa_ghmappo,43,39,2340,8,0.0,-0.0023796060122549534,27.77721929550171,1.6219073981046677,14.035555481910706,1.2865536510944366,0.013870353519450873,0.14006696455180645,0.9677761271595955,102.96842098236084,0.4859202429652214,103.57494306564331,0.5,0.006012273147201859
sa_ghmappo,43,4,240,8,0.0,-0.01697880821302533,19.398566007614136,1.8872358053922653,9.857180058956146,1.384789764881134,-0.009471487908740528,0.06752232182770967,0.38405931927263737,4.571057170629501,0.08759268186986446,4.594317078590393,0.5,0.11506586388719645
sa_ghmappo,43,40,2400,8,0.0,0.02682097494835034,10.93817937374115,1.5247182250022888,5.63641083240509,1.1971787810325623,0.005682425922714174,0.2505580373108387,1.6498209536075592,26.91162931919098,0.3582763113081455,27.40705978870392,0.5,0.01991413254228505
sa_ghmappo,43,41,2460,8,0.0,5.518505349755287e-05,11.260055661201477,1.582177296280861,5.775311291217804,1.2989259958267212,0.043692866107448936,0.16462053451687098,1.4040446728467941,36.299726605415344,0.37996623292565346,36.93973124027252,0.5,0.019156851467223904
sa_ghmappo,43,42,2520,8,0.0,-0.022467600647360086,12.636461973190308,1.6574305146932602,6.449485242366791,1.2021245658397675,0.0075017944545834325,0.18805803637951612,1.816030740737915,19.5807603597641,0.385928463190794,19.930057287216187,0.5,0.02790544628809791
sa_ghmappo,43,43,2580,8,0.0,0.0428553381934762,21.19304370880127,2.056469202041626,10.83390498161316,1.1119073703885078,0.040156572649721056,0.537946427706629,1.9320160746574402,70.02904891967773,0.8132343664765358,70.36069369316101,0.5,0.009242326812503632
sa_ghmappo,43,44,2640,8,0.0,0.030740668531507254,16.636876463890076,2.1588785499334335,8.554974853992462,1.0091963037848473,0.009974377055186778,0.29520089365541935,1.8952228873968124,78.47191047668457,0.8637889176607132,78.83818912506104,0.5,0.008856104401440383
sa_ghmappo,43,45,2700,8,0.0,0.04235316859558225,12.17256486415863,1.4965401887893677,6.266712844371796,1.1576776802539825,0.03572738671209663,0.2890625037252903,1.7117955088615417,42.072291135787964,0.2855410948395729,41.801013827323914,0.5,0.016769382831853474
sa_ghmappo,43,46,2760,8,0.0,0.017534956568852067,37.60119342803955,1.6256205886602402,18.968205332756042,1.248882070183754,0.026426097836520057,0.3593749962747097,1.3585064709186554,58.616568088531494,0.46544453501701355,58.319767475128174,0.5,0.008788178696767823
sa_ghmappo,43,47,2820,8,0.0,0.007847322151064873,21.6015625,1.7724434733390808,10.973744988441467,1.2127753794193268,0.02955502230906859,0.18582589365541935,1.1476444005966187,33.79306602478027,0.540166262537241,33.96106195449829,0.5,0.016954052940761348
sa_ghmappo,43,48,2880,8,0.0,-0.017777395201846957,16.49736523628235,1.699563056230545,8.388504445552826,1.2357122302055359,0.02883770335756708,0.2907366072759032,1.447271391749382,69.90805387496948,0.5890723057091236,70.25465536117554,0.5,0.007966971955949635
sa_ghmappo,43,49,2940,8,0.0,-0.006831334671005607,30.64390254020691,1.4788044542074203,15.450993418693542,1.2006746977567673,0.010478381518623792,0.08928571548312902,1.1969787999987602,45.79863667488098,0.3146595451980829,46.0937340259552,0.5,0.01160677038273368
sa_ghmappo,43,5,300,8,0.0,6.543099880218506e-05,19.241119265556335,1.8294451087713242,9.788834989070892,1.473451241850853,0.003473090211628005,0.025111607741564512,0.38415538519620895,4.67303179204464,0.09139853436499834,4.697385743260384,0.5,0.131380321532204
sa_ghmappo,43,50,3000,8,0.0,-0.017234090715646744,9.763806223869324,1.7981275618076324,5.033318281173706,1.1163413375616074,0.005617013346636668,0.050781250931322575,1.3368044197559357,25.313719272613525,0.6061641722917557,25.558721780776978,0.5,0.025023244170627998
sa_ghmappo,43,51,3060,8,0.0,0.008891690187738277,12.815626859664917,1.4200061559677124,6.546824038028717,1.1881798803806305,-0.0005505237604666036,0.14787946827709675,1.044330656528473,26.250085711479187,0.3381621725857258,26.126299619674683,0.5,0.026937638757330906
sa_ghmappo,43,52,3120,8,0.0,-0.012972674798220396,17.38462734222412,1.3597538024187088,8.803541839122772,1.1774298697710037,0.023148705782659817,0.09933035727590322,1.2293935604393482,24.85249662399292,0.3465447686612606,25.222814798355103,0.5,0.022758023136724898
sa_ghmappo,43,53,3180,8,0.0,-0.027083213441073895,11.518032312393188,1.6955062448978424,5.890218615531921,1.1264920085668564,0.03290547942742705,0.10881696501746774,1.9751571267843246,26.598737239837646,0.6384060829877853,26.910135507583618,0.5,0.019193897539427355
sa_ghmappo,43,54,3240,8,0.0,0.04544257279485464,11.798338651657104,1.3939595818519592,6.0737839341163635,1.022380881011486,-0.007747120765998261,0.22098214365541935,1.869161568582058,60.65086126327515,0.35001225396990776,59.96314883232117,0.5,0.010710218777579116
sa_ghmappo,43,55,3300,8,0.0,0.01329221436753869,17.876057863235474,1.556557223200798,9.09595137834549,1.1025322675704956,0.01443445892073214,0.23660713993012905,2.2335211038589478,75.67800283432007,0.5548286773264408,75.41877889633179,0.5,0.007653081333772041
sa_ghmappo,43,56,3360,8,0.0,-0.008761762641370296,17.220447540283203,1.7205563187599182,8.76196151971817,1.1555951684713364,0.08051475255342666,0.39508928218856454,1.5549725741147995,56.564199686050415,0.7067901827394962,57.69367694854736,0.5,0.010580143403807347
sa_ghmappo,43,57,3420,8,0.0,0.01669660024344921,19.381975173950195,1.8917476534843445,9.8868008852005,1.005794569849968,0.04763149283826351,0.21093749906867743,1.6944825202226639,29.604596853256226,0.6076097935438156,29.78310775756836,0.5,0.017494419933447577
sa_ghmappo,43,58,3480,8,0.0,-0.030832112301141024,11.470900416374207,1.5590693950653076,5.849481105804443,1.1043936386704445,-0.01063259934016969,0.08537946455180645,1.8545980155467987,23.79404330253601,0.4144674129784107,23.965540051460266,0.5,0.02568814693466268
sa_ghmappo,43,59,3540,8,0.0,0.005795452743768692,15.121142864227295,1.6019722670316696,7.71610814332962,1.0455876290798187,0.038020884327124804,0.18415178451687098,1.086819313466549,30.56786024570465,0.2933978885412216,30.533579468727112,0.5,0.019286873671170192
sa_ghmappo,43,6,360,8,0.0,-0.0055996018927544355,11.84308922290802,1.8491558581590652,6.08660626411438,1.4254227131605148,0.009791069925995544,0.013392857275903225,0.44869305565953255,6.683176547288895,0.1515161655843258,6.716274917125702,0.5,0.08446302952371117
sa_ghmappo,43,60,3600,8,0.0,-0.0027865413576364517,21.56533408164978,1.7009424418210983,10.939713835716248,1.0260793715715408,-0.006816524517489597,0.06361607182770967,1.4959728196263313,48.02043414115906,0.32345791906118393,48.13235282897949,0.5,0.011858108497140913
sa_ghmappo,43,61,3660,8,0.0,-0.008896903600543737,19.47273361682892,1.7368203103542328,9.890318632125854,1.083308070898056,0.01028251595562324,0.004464285913854837,1.0131587833166122,75.11660957336426,0.405722513794899,75.41255044937134,0.5,0.007341419391234264
sa_ghmappo,43,62,3720,8,0.0,0.008087481372058392,10.449508905410767,1.5657068639993668,5.3810670375823975,0.834557332098484,0.04296757392876316,0.2857142835855484,1.5536144152283669,24.659048795700073,0.3340868651866913,25.267244815826416,0.5,0.023006195297701624
sa_ghmappo,43,63,3780,8,0.0,-0.004401380196213722,8.88669639825821,1.448905885219574,4.5739661157131195,0.987133227288723,-0.011300345649942756,0.21875,1.7154164463281631,20.837352991104126,0.3203807845711708,20.9902206659317,0.5,0.03472548315096655
sa_ghmappo,43,64,3840,8,0.0,-0.008196096052415669,27.63675355911255,1.6496095657348633,13.965677618980408,0.9464510455727577,0.01162664506409783,0.06473214365541935,1.693144530057907,32.43503284454346,0.3200860172510147,32.13079905509949,0.5,0.01693817681003058
sa_ghmappo,43,65,3900,8,0.0,0.002921297214925289,30.72135281562805,1.7271984070539474,15.527959823608398,0.8357671201229095,-0.018549291737144813,0.19866071548312902,1.6986255496740341,49.689112424850464,0.4503602460026741,49.595149755477905,0.5,0.012342824895600076
sa_ghmappo,43,66,3960,8,0.0,-0.010898587759584188,12.546396136283875,1.4844709783792496,6.4037405252456665,0.7006164565682411,-0.007717383778071962,0.016741071827709675,1.3308445811271667,15.86872923374176,0.4265984073281288,15.944229781627655,0.5,0.03666157369564297
sa_ghmappo,43,67,4020,8,0.0,-0.007180834072642028,12.334148168563843,1.4537781924009323,6.297229886054993,0.8041074946522713,0.011606779236899456,0.09709821548312902,2.146982252597809,18.124102473258972,0.4207873158156872,18.582071900367737,0.5,0.033989707254377236
sa_ghmappo,43,68,4080,8,0.0,0.015071723348228261,7.6917405128479,1.5537945181131363,4.009493708610535,0.6827824860811234,-0.01594590922468342,0.17578124906867743,2.083357535302639,32.50854444503784,0.5362956337630749,31.638786613941193,0.5,0.023652833202545055
sa_ghmappo,43,69,4140,8,0.0,0.03509528702124953,25.209834575653076,1.2271455824375153,12.753804802894592,0.8922121524810791,0.07120937159925234,0.36160714412108064,1.950459435582161,47.54381322860718,0.41056710109114647,48.06465721130371,0.5,0.010710687832914
sa_ghmappo,43,7,420,8,0.0,-0.008365579415112734,96.85600471496582,1.8127207159996033,48.58655118942261,1.435847282409668,-0.007173703459557146,0.012834821827709675,0.49809037148952484,28.247125387191772,0.11865048110485077,28.178412437438965,0.5,0.018893434148865663
sa_ghmappo,43,70,4200,8,0.0,0.01987184677273035,16.049259305000305,1.612712562084198,8.196560084819794,0.9212772250175476,0.011502664230647497,0.1473214291036129,2.4600887447595596,28.96825659275055,0.591882161796093,29.82092249393463,0.5,0.022082179943228353
sa_ghmappo,43,71,4260,8,0.0,-0.016248499043285847,10.239151179790497,1.2410976439714432,5.218990653753281,0.8446072190999985,-0.017549537544255145,0.19084821455180645,2.069484367966652,17.91100400686264,0.3821107745170593,18.239555537700653,0.5,0.03300603330048746
sa_ghmappo,43,72,4320,8,0.0,0.0036481680581346154,10.900267124176025,1.2823535650968552,5.573344051837921,0.8672865331172943,0.060654543587588705,0.18638392724096775,1.5794192552566528,15.606550872325897,0.43287141248583794,15.707332134246826,0.5,0.03715953966567731
sa_ghmappo,43,73,4380,8,0.0,0.0031518274918198586,15.282349467277527,1.4532751590013504,7.78096479177475,0.8689186051487923,-0.00735538215667475,0.1272321422584355,1.9849096089601517,27.85254430770874,0.5901396423578262,27.58511447906494,0.5,0.020129317147225993
sa_ghmappo,43,74,4440,8,0.0,0.004017269238829613,12.296394109725952,1.10885588824749,6.256521999835968,0.6578080356121063,-0.0214719420982874,0.17131696548312902,2.2948999851942062,49.28965103626251,0.5001113153994083,49.61577641963959,0.5,0.015128432094904774
sa_ghmappo,43,75,4500,8,0.0,-0.009553160984069109,10.32931399345398,1.1866596937179565,5.26680913567543,0.6960653588175774,0.0006493196451629046,0.10546875139698386,1.8832227289676666,23.166038274765015,0.374293927103281,23.917728662490845,0.5,0.022388314650483517
sa_ghmappo,43,76,4560,8,0.0,0.0070348335430026054,7.083255469799042,1.3231870830059052,3.673411339521408,0.7569897025823593,0.019664101047965232,0.025111607275903225,2.805089294910431,30.817288160324097,0.6747938543558121,30.56557273864746,0.5,0.024358107629710204
sa_ghmappo,43,77,4620,8,0.0,-0.023075323551893234,6.10621440410614,1.1606531888246536,3.138907730579376,0.718939945101738,0.06490717878477881,0.12109374906867743,2.406680591404438,28.40223127603531,0.599174790084362,28.107131898403168,0.5,0.0255921878963331
sa_ghmappo,43,78,4680,8,0.0,-0.024329672567546368,7.630763649940491,1.0157212018966675,3.885207712650299,0.7416469380259514,0.06175723974592984,0.16685267817229033,1.447872169315815,10.271031141281128,0.5544697623699903,10.267401397228241,0.5,0.057155760519209
sa_ghmappo,43,79,4740,8,0.0,0.008091485826298594,8.56857830286026,1.448673129081726,4.429496586322784,0.7751374542713165,-0.0014679463929496706,0.1875,2.285745307803154,22.245174169540405,0.9026334434747696,22.79168999195099,0.5,0.023368340538180217
sa_ghmappo,43,8,480,8,0.0,-0.005459815729409456,38.89778661727905,1.7787964344024658,19.60755753517151,1.3756272345781326,0.006955870383535512,0.004464285913854837,0.6044991128146648,22.046889066696167,0.17910555005073547,21.992592334747314,0.5,0.0242065806186473
sa_ghmappo,43,80,4800,8,0.0,0.018247940577566624,12.93337070941925,1.0978176817297935,6.588279604911804,0.6435534060001373,0.05644417507573962,0.2031250037252903,1.6304389759898186,14.860153436660767,0.4892502687871456,15.195250153541565,0.5,0.0389919198119128
sa_ghmappo,43,81,4860,8,0.0,-0.028905347287945915,8.75904792547226,1.1404726654291153,4.457342326641083,0.7323716729879379,0.08201919290877413,0.16796875232830644,1.326275795698166,8.40780395269394,0.5654649212956429,8.715993523597717,0.5,0.06345158195311633
sa_ghmappo,43,82,4920,8,0.0,-0.006606873124837875,6.043687999248505,1.1150280609726906,3.1191026270389557,0.7637331411242485,-0.002104455028529628,0.09542410727590322,2.540065214037895,24.748040556907654,0.5562611110508442,24.510643362998962,0.5,0.028985999357758356
sa_ghmappo,43,83,4980,8,0.0,0.0028465515933930874,14.992583513259888,1.557671308517456,7.647519409656525,0.7386081665754318,0.16564010297588538,0.3337053572759032,1.6030638664960861,30.60446548461914,0.9520565718412399,30.6498544216156,0.5,0.017316357552227848
sa_ghmappo,43,84,5040,8,0.0,-0.006449689157307148,8.715684592723846,1.450813114643097,4.488532721996307,0.7941167429089546,0.01287359841808211,0.14118303824216127,1.8537938445806503,22.590222120285034,0.9778252840042114,23.127793192863464,0.5,0.02398396722831244
sa_ghmappo,43,85,5100,8,0.0,-0.0021580904722213745,16.687609910964966,1.1635223627090454,8.450627565383911,0.7371675297617912,0.036513067097985186,0.1473214291036129,2.2516916692256927,24.747225522994995,0.5936251059174538,24.737178564071655,0.5,0.02140678115023119
sa_ghmappo,43,86,5160,8,0.0,0.01199896540492773,7.412171423435211,1.164684310555458,3.8272784054279327,0.7274671047925949,0.011104235265520401,0.10044643050059676,2.4553506523370743,27.18790626525879,0.6950930878520012,27.12898564338684,0.5,0.02619169272346414
sa_ghmappo,43,87,5220,8,0.0,-0.00773640675470233,8.130845785140991,1.1495634019374847,4.165583610534668,0.705923780798912,0.027027596392144915,0.15848214272409678,2.2128781154751778,12.85101592540741,0.5902039036154747,13.134582042694092,0.5,0.04935573266756103
sa_ghmappo,43,88,5280,8,0.0,0.012895107152871788,7.81889671087265,0.8901571482419968,4.005366146564484,0.5993021056056023,0.1175286057550693,0.2645089318975806,2.3154814541339874,14.743098497390747,0.4444744996726513,14.7766854763031,0.5,0.039708324746755314
sa_ghmappo,43,89,5340,8,0.0,0.023588635958731174,8.17900538444519,1.215058334171772,4.228069573640823,0.6527624428272247,0.015515626055275789,0.10658482229337096,3.116521790623665,26.50848913192749,0.5226359777152538,26.29207408428192,0.5,0.02035967677634318
sa_ghmappo,43,9,540,8,0.0,0.004751602653414011,25.178003072738647,1.7538720220327377,12.755548357963562,1.3591727316379547,0.001667805750912521,0.004464285913854837,0.6384090706706047,47.0335111618042,0.19242486730217934,46.88938760757446,0.5,0.01164414776292298
sa_ghmappo,43,90,5400,8,0.0,0.019888139562681317,7.682408452033997,1.069622352719307,3.9627793431282043,0.5275248400866985,0.03729571493022377,0.10044642956927419,1.7440957129001617,20.563281178474426,0.43241963908076286,20.486900806427002,0.5,0.0282544800992631
sa_ghmappo,43,91,5460,8,0.0,0.010988159803673625,5.9993457198143005,1.045430101454258,3.109634220600128,0.5569833070039749,-0.014027622981302557,0.1969866119325161,1.7171512246131897,27.890318155288696,0.43569401279091835,28.2918484210968,0.5,0.019865751491780534
sa_ghmappo,43,92,5520,8,0.0,-0.014948305208235979,15.538224816322327,1.1909465938806534,7.866951286792755,0.6307463422417641,-0.0006203338562045246,0.09709821548312902,1.5293373465538025,31.563703298568726,0.6246145851910114,31.851510286331177,0.5,0.016460854066216533
sa_ghmappo,43,93,5580,8,0.0,-0.014615283405873924,14.65207827091217,0.8767892941832542,7.393184006214142,0.5918577089905739,0.008451306082861265,0.05022321501746774,2.062664419412613,27.538620591163635,0.3750705383718014,27.66038203239441,0.5,0.020039258709397247
sa_ghmappo,43,94,5640,8,0.0,-0.021486138459295034,16.134281635284424,1.2305399179458618,8.162536859512329,0.6171772927045822,0.009263862848456483,0.0652901791036129,2.0905565172433853,34.711779832839966,0.5513001456856728,35.15885138511658,0.5,0.015522176389348125
sa_ghmappo,43,95,5700,8,0.0,0.012743704952299595,6.9122002720832825,1.1868396997451782,3.582013487815857,0.5514380559325218,0.004947205536154797,0.09765625046566129,3.1603697538375854,34.95072615146637,0.5584792383015156,34.94280767440796,0.5,0.018383561219771798
sa_ghmappo,43,96,5760,8,0.0,-0.02754117688164115,7.452566087245941,1.2315024510025978,3.816221922636032,0.5670214220881462,0.03672428146819584,0.19084821455180645,1.489037111401558,29.564627408981323,0.6100572496652603,29.919256925582886,0.5,0.020621045434338618
sa_ghmappo,61,1,60,8,0.0,-0.00853079347871244,28.87738585472107,1.9951605796813965,14.617380738258362,1.229741856455803,0.007509254472097382,0.016741071827709675,0.22152757737785578,2.155303306877613,0.10103902034461498,2.175068497657776,0.5,0.2738653416754928
sa_ghmappo,61,10,600,8,0.0,-0.00859319418668747,18.796881198883057,1.6967445015907288,9.547298967838287,1.2222932130098343,0.0195744099910371,0.029017857741564512,0.47735825553536415,18.41608417034149,0.14843654818832874,18.52736622095108,0.5,0.044144672321558436
sa_ghmappo,61,11,660,8,0.0,0.0013559863436967134,34.342461347579956,1.7129813730716705,17.332051753997803,1.1833339929580688,0.008795296482276171,0.004464285913854837,0.6471148915588856,30.092967987060547,0.1355984089896083,30.219232082366943,0.5,0.01871820003818523
sa_ghmappo,61,12,720,8,0.0,-0.001655716449022293,8.973311424255371,1.7220323234796524,4.6451171934604645,1.2085937559604645,0.0017776041859178804,0.017299107741564512,0.7786275260150433,14.112308919429779,0.21192820370197296,14.23690950870514,0.5,0.048939446519197655
sa_ghmappo,61,13,780,8,0.0,-0.03206867538392544,8.517454087734222,1.5312842428684235,4.36952668428421,1.026021458208561,0.025187157429172657,0.20926339412108064,0.7949778288602829,7.383083075284958,0.15341115184128284,7.749312847852707,0.5,0.08694329080263069
sa_ghmappo,61,14,840,8,0.0,-0.000549632590264082,88.2852087020874,2.116118997335434,44.342156410217285,1.1509638875722885,0.014818941373960115,0.17466517817229033,1.2613746598362923,97.85496139526367,0.21453770250082016,98.34843111038208,0.5,0.0060313966698692595
sa_ghmappo,61,15,900,8,0.0,0.005437847692519426,22.448289394378662,1.8702519536018372,11.405570149421692,1.1037862300872803,-0.012210254033561796,0.05691964365541935,2.0252978801727295,58.06601858139038,0.2605480719357729,59.7490177154541,0.5,0.009236072900767023
sa_ghmappo,61,16,960,8,0.0,0.023660199716687202,22.02251672744751,1.898750975728035,11.215309619903564,0.9484083130955696,0.09960024052998051,0.3063616082072258,1.0270967483520508,29.62232267856598,0.2251531518995762,29.342517137527466,0.5,0.021333803951143322
sa_ghmappo,61,17,1020,8,0.0,0.00554886250756681,20.839741468429565,1.8355202227830887,10.60093903541565,0.8032837137579918,0.0038476829358842224,0.04687500046566129,0.5587895140051842,34.209139347076416,0.2169549148529768,34.31692731380463,0.5,0.022558673212229884
sa_ghmappo,61,18,1080,8,0.0,-0.009355462156236172,18.230488777160645,1.8220596313476562,9.278337359428406,0.9757314398884773,0.009036466886755079,0.17020089318975806,0.9813246801495552,37.0457878112793,0.22715891152620316,37.41437840461731,0.5,0.017428106002525402
sa_ghmappo,61,19,1140,8,0.0,0.012192565365694463,14.99686986207962,1.6598900854587555,7.667049735784531,0.9566792920231819,0.02545520116109401,0.029017857741564512,1.5896229892969131,21.401268243789673,0.21110280230641365,21.73481571674347,0.5,0.03208768499233273
sa_ghmappo,61,2,120,8,0.0,0.008247068151831627,108.24564552307129,1.8893376588821411,54.30691194534302,1.3091281205415726,0.0035883927448594477,0.0,0.17704079113900661,17.41148602962494,0.07399017922580242,17.411213874816895,0.5,0.030166269538893155
sa_ghmappo,61,20,1200,8,0.0,-0.009575042990036309,13.731092095375061,1.855483427643776,7.030865430831909,1.065397635102272,0.026581267069559544,0.17299106996506453,1.5201637968420982,20.91950821876526,0.2192684318870306,20.633901357650757,0.5,0.027376096464641505
sa_ghmappo,61,21,1260,8,0.0,-0.0039441343396902084,31.205671548843384,1.7313204407691956,15.761847615242004,1.0176355242729187,0.02155911357021978,0.21986607182770967,1.3370535597205162,32.47273516654968,0.25101676397025585,32.44476056098938,0.5,0.02022828151073485
sa_ghmappo,61,22,1320,8,0.0,0.0051448887679725885,25.60632586479187,1.775246649980545,12.977971911430359,0.7860743254423141,0.01121971191605553,0.03459821501746774,1.5615908801555634,30.609293699264526,0.27538530714809895,31.474741458892822,0.5,0.01805178396967484
sa_ghmappo,61,23,1380,8,0.0,-0.003334483946673572,18.81757664680481,1.7099981606006622,9.568297624588013,0.8156137093901634,0.006280360699747689,0.0078125,1.6474245190620422,35.88983738422394,0.2490271981805563,35.23978841304779,0.5,0.022100413702981943
sa_ghmappo,61,24,1440,8,0.0,0.014111621771007776,38.147127866744995,1.7217406630516052,19.250476479530334,0.9373094961047173,-0.003747157235920895,0.10100446455180645,1.2631600052118301,82.68592238426208,0.22892215475440025,82.23857188224792,0.5,0.008744172235600239
sa_ghmappo,61,25,1500,8,0.0,0.014766471460461617,17.670194625854492,1.731102094054222,9.012334406375885,1.0639576017856598,0.016575441288296133,0.2421874962747097,1.8320506140589714,45.54490554332733,0.267363591119647,46.7424476146698,0.5,0.01623392307896217
sa_ghmappo,61,26,1560,8,0.0,0.049158412497490644,13.205805778503418,1.772076740860939,6.818573951721191,1.0695166811347008,0.09428601976833306,0.3599330298602581,1.4822389781475067,39.668495178222656,0.26201748847961426,39.162068247795105,0.5,0.026918173028744587
sa_ghmappo,61,27,1620,8,0.0,-0.006008959375321865,19.598318099975586,1.6671023219823837,9.949389696121216,1.047059305012226,0.020212329050991684,0.0223214291036129,1.0443671867251396,37.66867446899414,0.19571956805884838,37.20595145225525,0.5,0.016432243232481
sa_ghmappo,61,28,1680,8,0.0,0.03105849726125598,30.13873314857483,1.8024826496839523,15.268292903900146,1.2380490452051163,0.06724113773088902,0.29910713993012905,1.2646676748991013,40.37907576560974,0.32831195183098316,40.766963958740234,0.5,0.015473976283042725
sa_ghmappo,61,29,1740,8,0.0,-0.009582080412656069,11.964795410633087,1.7275059521198273,6.132931977510452,1.2634192109107971,0.0002310952841071412,0.013392857275903225,0.9775806814432144,21.14644765853882,0.4179579094052315,21.115907669067383,0.5,0.02838940915887317
sa_ghmappo,61,3,180,8,0.0,-0.0022503023501485586,17.32675325870514,1.900179386138916,8.838191270828247,1.2953229695558548,-0.0037796733813593164,0.0,0.2743034530431032,1.981129065155983,0.0844089025631547,2.0132389813661575,0.5,0.25958210106307145
sa_ghmappo,61,30,1800,8,0.0,0.010393170989118516,10.757311761379242,1.7996813654899597,5.556811600923538,1.2205535918474197,0.0017117882307502441,0.04687500046566129,1.6127726212143898,23.10263955593109,0.4035995826125145,23.338575959205627,0.5,0.023896105551749043
sa_ghmappo,61,31,1860,8,0.0,0.03200785582885146,17.618042945861816,1.7908171713352203,9.008582592010498,1.152856096625328,0.01973763364367187,0.3225446455180645,2.0737439692020416,39.476497769355774,0.22456682287156582,40.00884509086609,0.5,0.019724925082017054
sa_ghmappo,61,32,1920,8,0.0,0.03905260656028986,66.98832035064697,2.0935328900814056,33.73049354553223,1.2072716653347015,0.1088560014613904,0.5,2.055913060903549,132.99443817138672,0.5627914592623711,132.96176433563232,0.5,0.006022446578902609
sa_ghmappo,61,33,1980,8,0.0,0.009228040464222431,60.71185636520386,2.3093459606170654,30.583091735839844,1.2999755144119263,0.022573359994567,0.1724330373108387,1.1105475649237633,197.87456130981445,0.784548930823803,198.03977966308594,0.5,0.002616649324994843
sa_ghmappo,61,34,2040,8,0.0,0.0029030805453658104,13.276081681251526,1.729331061244011,6.804969489574432,0.8907588124275208,0.02360017300816253,0.4469866119325161,1.3351521268486977,50.578866600990295,0.2878658715635538,51.18814218044281,0.5,0.014276129805489172
sa_ghmappo,61,35,2100,8,0.0,0.005880579585209489,11.625633597373962,1.8421456217765808,5.993536829948425,0.937509298324585,0.008236631561885588,0.043526786379516125,1.098229393362999,15.549451410770416,0.27485576644539833,15.69009816646576,0.5,0.03982686225365742
sa_ghmappo,61,36,2160,8,0.0,-0.008828244812320918,24.022889375686646,1.7149861007928848,12.164457082748413,0.9658006802201271,0.0564342801226303,0.23270088899880648,1.1539396494627,63.66894793510437,0.30531077086925507,64.15363049507141,0.5,0.010154602480154226
sa_ghmappo,61,37,2220,8,0.0,0.006531299091875553,41.03748941421509,1.8395849168300629,20.697782516479492,1.1452183276414871,0.009745990973897278,0.0457589291036129,1.3024826496839523,69.6834032535553,0.35478801280260086,69.23128867149353,0.5,0.0100483782807705
sa_ghmappo,61,38,2280,8,0.0,0.00022409576922655106,26.125064849853516,1.7660513520240784,13.22799563407898,1.1366111636161804,-0.0013883935753256083,0.12053571548312902,1.5068781152367592,42.23946571350098,0.23869808577001095,42.62063813209534,0.5,0.013470272681019545
sa_ghmappo,61,39,2340,8,0.0,-0.005014127120375633,14.225486397743225,1.5358004420995712,7.25130170583725,1.0007364004850388,0.00427925255644368,0.00390625,1.1669904440641403,27.92892098426819,0.26122114807367325,28.032809615135193,0.5,0.024333582928628514
sa_ghmappo,61,4,240,8,0.0,0.0014335904270410538,26.385744094848633,1.8770458549261093,13.369172215461731,1.283831849694252,0.0026667422098398674,0.0,0.3167647495865822,5.883939772844315,0.09694263711571693,5.886835008859634,0.5,0.09471048400590751
sa_ghmappo,61,40,2400,8,0.0,0.016017636749893427,30.26054811477661,1.8871517032384872,15.322975277900696,1.2031451910734177,0.019616637044236995,0.23325893143191934,1.2200872227549553,55.376518964767456,0.4087679609656334,55.26837706565857,0.5,0.011984628776301917
sa_ghmappo,61,41,2460,8,0.0,0.020953269209712744,26.88013219833374,2.0057889968156815,13.649338960647583,1.2259288281202316,0.016805830295197666,0.20703125,1.3609449341893196,80.0391116142273,0.3934812396764755,80.0170259475708,0.5,0.008741364031174701
sa_ghmappo,61,42,2520,8,0.0,0.012550958432257175,22.487067461013794,1.726778045296669,11.417487978935242,1.1274424940347672,-0.007794939796440303,0.0262276791036129,1.369001679122448,82.44707250595093,0.25833938270807266,82.66430473327637,0.5,0.006444039528625935
sa_ghmappo,61,43,2580,8,0.0,0.00027002347633242607,40.59204912185669,2.0384914875030518,20.487505555152893,1.2638152539730072,0.05347303254529834,0.472098208963871,1.1580624431371689,44.68681216239929,0.5858669281005859,45.59386587142944,0.5,0.012869093874969416
sa_ghmappo,61,44,2640,8,0.0,0.023619615356437862,17.910618901252747,1.7036807537078857,9.13788616657257,1.1410896107554436,0.06210423390439246,0.4514508880674839,1.0759959295392036,87.05046558380127,0.27944257110357285,86.79703342914581,0.5,0.01201151867506345
sa_ghmappo,61,45,2700,8,0.0,0.0046030269004404545,25.255968809127808,1.4556220471858978,12.769936680793762,0.8212697058916092,-0.008472008281387389,0.008928571827709675,0.5587056763470173,48.03615665435791,0.20512992702424526,48.11764335632324,0.5,0.01058342193270434
sa_ghmappo,61,46,2760,8,0.0,-8.821929804980755e-05,17.492984414100647,1.5560275167226791,8.890883982181549,1.1122972816228867,0.05143863515695557,0.2706473208963871,0.9010652750730515,30.39560079574585,0.221171198412776,30.695589542388916,0.5,0.017515001800886967
sa_ghmappo,61,47,2820,8,0.0,0.013380040327319875,19.643649101257324,1.704106941819191,9.995145201683044,1.0469822213053703,0.005140322784427553,0.17801339365541935,1.7918134108185768,38.3207631111145,0.2537993770092726,38.212794065475464,0.5,0.014147225068903736
sa_ghmappo,61,48,2880,8,0.0,0.030701686162501574,22.527185440063477,1.701113522052765,11.453947901725769,1.045770339667797,0.007101306779077277,0.24999999906867743,2.149169273674488,51.427045822143555,0.2605952452868223,52.15908169746399,0.5,0.01167854471406785
sa_ghmappo,61,49,2940,8,0.0,0.03233420616015792,15.34771066904068,1.7071970254182816,7.866278916597366,1.0630168318748474,0.010403451655292884,0.21037946501746774,1.37644562125206,93.05341577529907,0.2764609847217798,92.49792814254761,0.5,0.008719543880987298
sa_ghmappo,61,5,300,8,0.0,-0.010467888787388802,72.46374368667603,1.79249407351017,36.38742470741272,1.3228020519018173,0.001523617967905011,0.0,0.24336493015289307,14.121124625205994,0.10451330058276653,14.137510180473328,0.5,0.03595654542334471
sa_ghmappo,61,50,3000,8,0.0,0.00964442640542984,22.820584058761597,1.585345596075058,11.56931185722351,0.915925107896328,0.017028290807502344,0.0340401791036129,1.2411816343665123,85.78245735168457,0.25675761327147484,86.26469898223877,0.5,0.0058623051412472985
sa_ghmappo,61,51,3060,8,0.0,0.002132708963472396,17.077579736709595,1.8099780529737473,8.709701180458069,1.2219386547803879,0.061538557114545256,0.4715401791036129,1.1937102898955345,46.56708478927612,0.43201663345098495,47.08049690723419,0.5,0.01722162605455304
sa_ghmappo,61,52,3120,8,0.0,0.013454146275762469,23.67224884033203,1.63730089366436,12.00101113319397,1.2297376543283463,0.011710754695741343,0.05078125046566129,1.2957677096128464,38.07958769798279,0.33636384829878807,37.99666666984558,0.5,0.01620535198430626
sa_ghmappo,61,53,3180,8,0.0,-0.01194534869864583,14.842861533164978,1.5268445312976837,7.550404846668243,1.1765012294054031,-0.0007146463613025844,0.0457589291036129,0.982768177986145,19.46342384815216,0.21151413954794407,19.72071599960327,0.5,0.02944053007031815
sa_ghmappo,61,54,3240,8,0.0,-0.007861569989472628,11.599706053733826,1.4997128546237946,5.929575681686401,1.2387157678604126,0.022888879000674933,0.2282366082072258,1.1521237567067146,25.541862845420837,0.257503904402256,25.957200407981873,0.5,0.023827071373182625
sa_ghmappo,61,55,3300,8,0.0,-0.02668943116441369,11.792398571968079,1.8074811100959778,6.037664771080017,1.2593247443437576,-0.006918693892657757,0.1283482164144516,1.2270595729351044,18.28817081451416,0.433884110301733,18.262330055236816,0.5,0.03157745045405077
sa_ghmappo,61,56,3360,8,0.0,0.0316930147819221,14.851843118667603,1.4870094805955887,7.595641374588013,1.0674084201455116,0.0154895099112764,0.30859375,1.8668193370103836,63.91543245315552,0.3154480829834938,63.737427711486816,0.5,0.013292493399324803
sa_ghmappo,61,57,3420,8,0.0,0.006238118279725313,24.695822715759277,1.643690437078476,12.508052229881287,1.0466477274894714,-0.0008582999580539763,0.047991071827709675,1.273947037756443,39.32483696937561,0.2660598047077656,39.31165313720703,0.5,0.013713207631677209
sa_ghmappo,61,58,3480,8,0.0,-0.00730965833645314,11.833771347999573,1.8267712593078613,6.081476271152496,1.0776985734701157,0.0013897535536671057,0.15457589272409678,1.4814303889870644,33.969722509384155,0.3072807118296623,33.44902205467224,0.5,0.018062979627089068
sa_ghmappo,61,59,3540,8,0.0,-0.01846250302332919,10.788897812366486,1.9749982953071594,5.562608450651169,1.0877719819545746,0.00458945328136906,0.1065848246216774,1.631997972726822,20.922740578651428,0.4198073409497738,20.46578884124756,0.5,0.02631141667189781
sa_ghmappo,61,6,360,8,0.0,-0.013567557823989773,49.067840576171875,1.8646706640720367,24.693605661392212,1.3213373720645905,-0.0036870210751658306,0.004464285913854837,0.3760695978999138,14.583030700683594,0.10692488681524992,14.637844800949097,0.5,0.03779308818692053
sa_ghmappo,61,60,3600,8,0.0,-0.011240909807384014,19.34260380268097,1.5338246077299118,9.80330240726471,1.01410573720932,0.0021436707029351965,0.02566964365541935,1.4757622107863426,32.075565576553345,0.3040080778300762,31.598092794418335,0.5,0.017476573529313765
sa_ghmappo,61,61,3660,8,0.0,-0.0023830560967326164,19.51453447341919,1.7787145674228668,9.92267519235611,1.0080394595861435,0.03160665990435518,0.12555803637951612,1.392383150756359,40.19057834148407,0.5103667713701725,40.25450146198273,0.5,0.01792665655091126
sa_ghmappo,61,62,3720,8,0.0,-0.02454343345016241,8.887570142745972,1.9092185646295547,4.6001452803611755,1.001809760928154,0.012406341773385066,0.14174107275903225,1.4022654294967651,16.62437093257904,0.4890647791326046,16.8666113615036,0.5,0.03439219210239872
sa_ghmappo,61,63,3780,8,0.0,0.015309592126868665,11.732114911079407,1.2994040697813034,6.0016568303108215,0.9650593176484108,0.04921764777827775,0.44084821129217744,2.7509647011756897,21.258692979812622,0.4206223338842392,21.26048594713211,0.5,0.03378393354626793
sa_ghmappo,61,64,3840,8,0.0,-0.025270354701206088,13.744265079498291,2.1004176884889603,7.047709882259369,0.9194060936570168,0.11886237328872085,0.284598215483129,1.70526784658432,15.132763147354126,0.6343411020934582,15.622194647789001,0.5,0.039947545457829615
sa_ghmappo,61,65,3900,8,0.0,0.010824406053870916,12.345318794250488,1.6629460901021957,6.340470910072327,0.9307321831583977,0.05815825741592562,0.22377231903374195,2.3709543645381927,9.018488228321075,0.4874069020152092,9.21142953634262,0.5,0.05785273784915904
sa_ghmappo,61,66,3960,8,0.0,-0.03648591204546392,7.197434365749359,1.5881461203098297,3.7124731242656708,0.857270635664463,0.07422052734182216,0.343191958963871,0.8892750702798367,5.719668537378311,0.3778136745095253,5.78248929977417,0.5,0.10235928251579293
sa_ghmappo,61,67,4020,8,0.0,0.003795493335928768,5.746548652648926,1.728016421198845,3.0420155823230743,0.7855902090668678,0.0820073802024126,0.18582589412108064,1.2217101976275444,6.295394420623779,0.5327139534056187,6.358567982912064,0.5,0.0902480570614035
sa_ghmappo,61,68,4080,8,0.0,0.01637108437716961,9.916828453540802,1.228760115802288,5.090001404285431,0.7659915238618851,0.041714897626661696,0.22712053544819355,1.969657525420189,12.8337761759758,0.44147393107414246,12.67275321483612,0.5,0.04620239142941322
sa_ghmappo,61,69,4140,8,0.0,0.05309463764751854,9.601135075092316,1.4459411054849625,4.991649717092514,0.6606631353497505,0.11691091740794946,0.2527901791036129,1.4422073997557163,20.297013521194458,0.38672469928860664,20.0444598197937,0.5,0.028573675448350256
sa_ghmappo,61,7,420,8,0.0,-0.0030807312577962875,36.27843379974365,1.8239632695913315,18.305195689201355,1.3336793333292007,0.005142244754097192,0.0,0.5156368277966976,21.828404426574707,0.12724679429084063,21.761362552642822,0.5,0.030017589637152745
sa_ghmappo,61,70,4200,8,0.0,0.0006566462107002735,22.411978721618652,1.5136884450912476,11.351333260536194,0.6681766584515572,0.017418698671463062,0.09654017956927419,2.2136579528450966,42.12629413604736,0.321007389575243,42.981337785720825,0.5,0.012858166154133589
sa_ghmappo,61,71,4260,8,0.0,0.02937209513038397,14.248149514198303,1.444239228963852,7.292264819145203,0.5605879202485085,0.05156995737706893,0.15625000419095159,1.3324196711182594,14.592703342437744,0.36660498939454556,14.769630074501038,0.5,0.04739503798449441
sa_ghmappo,61,72,4320,8,0.0,-0.00716626294888556,11.825771391391754,1.2583930939435959,6.025716453790665,0.5842403918504715,-0.019825246763502946,0.11328125,1.4541021026670933,12.885487675666809,0.24281676299870014,12.863733232021332,0.5,0.050116047668063324
sa_ghmappo,61,73,4380,8,0.0,-0.021119178738445044,10.372796654701233,1.7593657225370407,5.335984647274017,0.5231167487800121,0.03332542363114044,0.10658482275903225,0.8180864453315735,10.073404669761658,0.51259396225214,10.045076251029968,0.5,0.06093363069686149
sa_ghmappo,61,74,4440,8,0.0,-0.002336833334993571,20.356530785560608,2.0764923989772797,10.378147304058075,0.5430712774395943,0.07920797361293808,0.22991071129217744,1.9024924151599407,35.74684143066406,0.5321633480489254,35.90258574485779,0.5,0.015912258420423597
sa_ghmappo,61,75,4500,8,0.0,-0.0035479366124491207,12.093868851661682,1.617817223072052,6.200239777565002,0.4928496703505516,0.008488083942211233,0.03962053591385484,1.3997412770986557,32.920772075653076,0.3674835227429867,33.242759227752686,0.5,0.01696084237238886
sa_ghmappo,61,76,4560,8,0.0,0.03266848670318723,6.449321836233139,1.8219789266586304,3.4344040006399155,0.5123359709978104,0.09132983653398696,0.15290178824216127,1.4127739667892456,12.014770120382309,0.4606996439397335,11.889603644609451,0.5,0.05873219325493197
sa_ghmappo,61,77,4620,8,0.0,-0.006693625822663307,15.45667815208435,1.4431089013814926,7.86148464679718,0.447170939296484,0.003884051664499566,0.03738839318975806,1.2311918400228024,24.926433086395264,0.28824254125356674,24.789114594459534,0.5,0.022306312384166464
sa_ghmappo,61,78,4680,8,0.0,-0.01133730044693948,9.380452275276184,1.959625631570816,4.8698336482048035,0.5017738565802574,0.019620234103058465,0.04575892956927419,0.945668987929821,9.297207832336426,0.41330503672361374,9.522303640842438,0.5,0.056825577404019265
sa_ghmappo,61,79,4740,8,0.0,0.0024128546938300133,6.745865643024445,1.4051823318004608,3.510907679796219,0.49562395736575127,0.03146720864606323,0.07254464458674192,0.6720592193305492,5.741722524166107,0.22917965054512024,5.873347759246826,0.5,0.09179027736288924
sa_ghmappo,61,8,480,8,0.0,-0.005716114537790418,27.472550868988037,1.64939646422863,13.882659792900085,1.2839103788137436,0.012222706234751968,0.034598215483129025,0.6411745995283127,22.76562190055847,0.12528215069323778,22.81691861152649,0.5,0.02400856637737425
sa_ghmappo,61,80,4800,8,0.0,0.004639637656509876,7.627845108509064,1.6944465786218643,3.981634736061096,0.637221023440361,0.0134508012997685,0.06361607275903225,1.1010552570223808,8.232952117919922,0.3876645304262638,8.310324490070343,0.5,0.06622571354169361
sa_ghmappo,61,81,4860,8,0.0,-0.004024098394438624,24.026711225509644,1.3634295165538788,12.1400785446167,0.5595795325934887,0.028241474818059942,0.05133928684517741,1.8314502388238907,20.61486566066742,0.2550475765019655,20.49830198287964,0.5,0.02581997212170087
sa_ghmappo,61,82,4920,8,0.0,-0.010843135416507721,8.595058560371399,1.3085664063692093,4.412472069263458,0.5070742033421993,0.004339557064668043,0.04073660774156451,0.8931346721947193,13.663853764533997,0.22714540921151638,13.783529877662659,0.5,0.038936313396112796
sa_ghmappo,61,83,4980,8,0.0,-0.01133506209589541,6.752297461032867,1.6210730224847794,3.5219128727912903,0.5008073039352894,-0.011994445205345983,0.04520089365541935,1.13010935485363,8.904869675636292,0.3123079687356949,9.073433756828308,0.5,0.06088559603630274
sa_ghmappo,61,84,5040,8,0.0,0.006475585047155619,27.700376510620117,1.3345555812120438,13.983807444572449,0.6312080323696136,-0.004492397059948416,0.09821428637951612,1.183641403913498,27.428743362426758,0.24042696319520473,27.540629863739014,0.5,0.01874370139382017
sa_ghmappo,61,85,5100,8,0.0,-0.013593855081126094,8.760276854038239,1.1280047371983528,4.473391562700272,0.5953558757901192,0.0030283554951893166,0.06529017956927419,1.0033151507377625,15.889687418937683,0.23952730558812618,15.89625358581543,0.5,0.03279014018714319
sa_ghmappo,61,86,5160,8,0.0,0.009259682148694992,5.437100052833557,1.1833758801221848,2.8403710424900055,0.5776272341609001,0.016563061722990824,0.025111607275903225,0.9367578625679016,12.227314233779907,0.25058153085410595,12.122124075889587,0.5,0.04270405574860241
sa_ghmappo,61,87,5220,8,0.0,-0.019294556230306625,5.235923767089844,1.6363694667816162,2.755211263895035,0.709297776222229,0.014227958636183757,0.07477678684517741,1.3395123444497585,11.381676733493805,0.37687527015805244,11.143542647361755,0.5,0.04825440094747588
sa_ghmappo,61,88,5280,8,0.0,-0.009461559355258942,5.074158102273941,1.3715979158878326,2.6585510075092316,0.6226207613945007,0.01867418276378885,0.06361607182770967,1.504496030509472,12.727746784687042,0.2824569381773472,12.515841841697693,0.5,0.05261294392362924
sa_ghmappo,61,89,5340,8,0.0,-0.0010131928138434887,16.097163796424866,1.3909193575382233,8.18099182844162,0.5668830163776875,0.006395962736860383,0.0797991082072258,2.315313920378685,23.65050745010376,0.2866400331258774,24.283520460128784,0.5,0.025497161348013
sa_ghmappo,61,9,540,8,0.0,-0.01031678712752182,37.31373643875122,1.6909081190824509,18.803327083587646,1.231518104672432,0.01025306386873126,0.004464285913854837,0.4968313053250313,30.56498622894287,0.1072780741378665,30.675581097602844,0.5,0.022102953151450895
sa_ghmappo,61,90,5400,8,0.0,-0.016511726658791304,11.816504120826721,1.661098599433899,6.051685959100723,0.6164269521832466,0.022732536468538456,0.09821428637951612,1.5065629482269287,22.190923929214478,0.4075048863887787,22.2409770488739,0.5,0.02535540646319199
sa_ghmappo,61,91,5460,8,0.0,0.018219160847365856,25.868112802505493,1.0946112275123596,13.05578899383545,0.5947779938578606,0.03984388666503946,0.18861607182770967,1.607185397297144,54.49885582923889,0.2862412575632334,54.422751903533936,0.5,0.011412099951739956
sa_ghmappo,61,92,5520,8,0.0,0.002031334675848484,14.960692405700684,1.23512464761734,7.598579227924347,0.7310670092701912,0.012199040789198534,0.0535714291036129,1.2331262677907944,29.495140314102173,0.33020489290356636,29.83020520210266,0.5,0.017214490547048163
sa_ghmappo,61,93,5580,8,0.0,-0.008874249877408147,17.454506993293762,1.3579486310482025,8.84694367647171,0.7230197191238403,0.013044097674537625,0.020647321827709675,2.0442797541618347,29.403740644454956,0.39332411997020245,29.491435289382935,0.5,0.0179270632605332
sa_ghmappo,61,94,5640,8,0.0,-0.005159079097211361,8.642640948295593,1.254265308380127,4.434478402137756,0.7109356373548508,0.0014446092973230407,0.06473214365541935,1.9073027223348618,22.785913228988647,0.3862398490309715,23.16373300552368,0.5,0.023579792645843797
sa_ghmappo,61,95,5700,8,0.0,0.001985725946724415,6.215392827987671,1.3605011999607086,3.2378555834293365,0.7876590266823769,0.014941176421416458,0.058035715483129025,2.98552106320858,19.27840781211853,0.42408862337470055,19.245148420333862,0.5,0.038071889272357474
sa_ghmappo,61,96,5760,8,0.0,-0.006453988375142217,6.753565549850464,1.1716066598892212,3.4805051386356354,0.6984317898750305,0.020329090100858593,0.08482143003493547,0.9212545230984688,8.931216955184937,0.42782178334891796,8.800296127796173,0.5,0.05893640611017015
sa_ghmappo,7,1,60,8,0.0,-0.00846505188383162,110.56588077545166,1.991604283452034,55.4608473777771,1.2789542526006699,0.0008440301098744385,0.008928571827709675,0.18228307366371155,11.571823358535767,0.0922907218337059,11.575838088989258,0.5,0.049160010055623114
sa_ghmappo,7,10,600,8,0.0,-0.0041332963010063395,22.02197003364563,1.7785036116838455,11.170267224311829,1.4434799402952194,-0.00186751737578561,0.0,0.6555815301835537,18.59443998336792,0.1438552848994732,18.631806135177612,0.5,0.030174214388543542
sa_ghmappo,7,11,660,8,0.0,-0.0004988904111087322,15.962116718292236,1.7978716790676117,8.145667254924774,1.4679240435361862,0.013263224740512669,0.008928571827709675,0.6261231787502766,21.235790252685547,0.15269302669912577,21.143744468688965,0.5,0.030475640299594427
sa_ghmappo,7,12,720,8,0.0,-0.00730371056124568,21.12419843673706,1.760821670293808,10.716389417648315,1.4488325417041779,-0.001897161826491356,0.0262276791036129,0.8449856862425804,27.99647033214569,0.2276273164898157,28.16273260116577,0.5,0.023480740588382534
sa_ghmappo,7,13,780,8,0.0,-0.0034418044378980994,50.63809633255005,1.854313224554062,25.48653483390808,1.450214371085167,0.006382576713804156,0.004464285913854837,0.7892419174313545,45.83285450935364,0.23573816940188408,45.920968770980835,0.5,0.012929269578604793
sa_ghmappo,7,14,840,8,0.0,-0.0046495720744132996,12.230984926223755,1.7950229793787003,6.276170432567596,1.4174900501966476,0.004301015709643252,0.008370535913854837,0.8976123556494713,26.473693013191223,0.29710330814123154,26.494712948799133,0.5,0.02115142911055042
sa_ghmappo,7,15,900,8,0.0,-0.0026902041863650084,11.288718700408936,1.6762296259403229,5.795208513736725,1.4083551317453384,0.014248436365960515,0.03459821501746774,0.7590913102030754,44.05290412902832,0.22767641209065914,44.10411310195923,0.5,0.0141143614666945
sa_ghmappo,7,16,960,8,0.0,0.004350388888269663,26.174150228500366,1.795418918132782,13.256767511367798,1.420006424188614,-0.004425489882123657,0.02566964365541935,1.1120317205786705,78.0737042427063,0.23328178375959396,78.2208743095398,0.5,0.007548890473941607
sa_ghmappo,7,17,1020,8,0.0,-0.012647982686758041,16.066208600997925,1.917560413479805,8.197591066360474,1.4621273130178452,0.004586009898957855,0.022321429569274187,0.6973700150847435,27.657639622688293,0.27449119836091995,27.694459319114685,0.5,0.026849206509752047
sa_ghmappo,7,18,1080,8,0.0,0.011668331921100616,14.863766074180603,1.7261299639940262,7.601875722408295,1.4288754761219025,0.011945001722779125,0.013392857275903225,0.9621518030762672,63.77843248844147,0.29925444908440113,63.778300285339355,0.5,0.014287845015437164
sa_ghmappo,7,19,1140,8,0.0,-0.005219367332756519,32.66863703727722,1.7561159282922745,16.490299224853516,1.4411291182041168,-0.0010024727380368859,0.020647321827709675,1.0572500675916672,33.15445590019226,0.2729943972080946,33.399665117263794,0.5,0.016128795741585333
sa_ghmappo,7,2,120,8,0.0,-0.007075680419802666,16.598248839378357,1.9770597070455551,8.476881980895996,1.2872669100761414,-0.0016139914750965545,0.008928571827709675,0.2665549051016569,3.710727244615555,0.09872082248330116,3.7231230288743973,0.5,0.20353647200761876
sa_ghmappo,7,20,1200,8,0.0,-0.026748651638627052,12.977699995040894,1.892705887556076,6.636908710002899,1.4463182985782623,0.002012729033594951,0.03348214318975806,1.043454684317112,25.62510359287262,0.2895892485976219,25.329813480377197,0.5,0.02829844319114522
sa_ghmappo,7,21,1260,8,0.0,0.007250238908454776,11.663039565086365,1.687364861369133,5.993335545063019,1.4170962274074554,0.009510536125162616,0.0591517873108387,0.9971077367663383,15.389538645744324,0.3366849645972252,15.480139374732971,0.5,0.041424526436484053
sa_ghmappo,7,22,1320,8,0.0,0.0039301111828535795,32.605037450790405,2.0584444105625153,16.498279690742493,1.4013162702322006,-0.003817195916781202,0.1735491044819355,1.1610731557011604,75.70786476135254,0.37394553422927856,75.34864568710327,0.5,0.007376947399431206
sa_ghmappo,7,23,1380,8,0.0,-0.011896564159542322,13.44872260093689,2.0502432137727737,6.903545796871185,1.3943439275026321,-7.44957069400698e-05,0.025111607741564512,0.8804416656494141,17.606709480285645,0.4063548147678375,17.773409843444824,0.5,0.03335365398280397
sa_ghmappo,7,24,1440,8,0.0,0.010798106595757417,10.578771233558655,1.590954527258873,5.445326775312424,1.3952442854642868,-0.005580393539275974,0.1495535708963871,1.1838666424155235,19.407004415988922,0.3123408183455467,19.47156947851181,0.5,0.03702131427597344
sa_ghmappo,7,25,1500,8,0.0,-0.012227134662680328,20.77129077911377,1.6934916079044342,10.529235363006592,1.3531985878944397,0.019198702415451407,0.09765625186264515,0.9233998209238052,25.738885045051575,0.27271125651896,25.741636276245117,0.5,0.024609375801142253
sa_ghmappo,7,26,1560,8,0.0,-0.01841092389076948,8.480667233467102,1.601697251200676,4.369470179080963,1.2622340768575668,0.011270013405010104,0.0602678582072258,0.9372148141264915,23.178815007209778,0.3592526242136955,23.239858746528625,0.5,0.026348628042340713
sa_ghmappo,7,27,1620,8,0.0,0.01898204442113638,15.50176203250885,1.383367583155632,7.896471560001373,1.1728299707174301,0.02623809059150517,0.07645089365541935,0.9213804230093956,83.39718532562256,0.30190982669591904,83.23138761520386,0.5,0.007794374207926391
sa_ghmappo,7,28,1680,8,0.0,-0.0172176375053823,32.35542964935303,1.4436716884374619,16.292630314826965,1.2234262824058533,-0.007414396648528054,0.07645089365541935,1.1863047927618027,53.445730209350586,0.2700694818049669,53.25714445114136,0.5,0.009906732746330625
sa_ghmappo,7,29,1740,8,0.0,-0.01782219426240772,19.10164201259613,1.2473184615373611,9.646330833435059,1.1400004625320435,0.025731589790666476,0.18749999906867743,1.359507754445076,23.5078307390213,0.2318042777478695,23.642622470855713,0.5,0.02494678094953791
sa_ghmappo,7,3,180,8,0.0,-0.013696958776563406,63.37873411178589,1.9842682927846909,31.860857248306274,1.3239303529262543,-0.011377364775398746,0.0546875,0.3454044908285141,9.035815417766571,0.10214211605489254,9.049800336360931,0.5,0.06283669061701562
sa_ghmappo,7,30,1800,8,0.0,-0.002194425091147423,12.6631338596344,1.4237146228551865,6.461474418640137,1.0269637182354927,0.019618870748672634,0.06417410867288709,1.095174178481102,25.870028853416443,0.3184669390320778,25.67114782333374,0.5,0.024565629501565805
sa_ghmappo,7,31,1860,8,0.0,0.004849868826568127,27.249937057495117,1.4450158923864365,13.76331341266632,1.1006417125463486,0.01027358639112208,0.07533482182770967,0.9856120869517326,58.6324520111084,0.24632269330322742,58.464962005615234,0.5,0.0096486668495162
sa_ghmappo,7,32,1920,8,0.0,-0.02692608069628477,35.32571530342102,1.2655675560235977,17.75181555747986,1.0673352256417274,0.017651907197432593,0.06640625093132257,1.4971618205308914,68.70228695869446,0.20539294369518757,68.46662926673889,0.5,0.00955467107343793
sa_ghmappo,7,33,1980,8,0.0,-0.009397998452186584,15.375129222869873,1.0856740921735764,7.776746094226837,0.998781681060791,0.001539562304969877,0.028459821827709675,1.1556845158338547,21.105797171592712,0.18942476622760296,21.024452328681946,0.5,0.02980578245120395
sa_ghmappo,7,34,2040,8,0.0,-0.009642131044529378,15.494072914123535,1.419510766863823,7.868214130401611,1.1131142601370811,0.013012688836170128,0.04520089318975806,1.28808031976223,26.00354313850403,0.25241959653794765,25.856802463531494,0.5,0.024993058311821456
sa_ghmappo,7,35,2100,8,0.0,-0.01589066837914288,43.43806290626526,1.2316485196352005,21.816333293914795,0.9972458928823471,0.023109054774977267,0.05859375,1.4497633650898933,91.3196587562561,0.20221420377492905,91.3979697227478,0.5,0.006139575145628025
sa_ghmappo,7,36,2160,8,0.0,-0.030051847254071617,15.015663266181946,1.4514188766479492,7.6119460463523865,1.0975388437509537,0.02693983435165137,0.12611607182770967,1.2076713666319847,19.249378442764282,0.35037147253751755,19.613195061683655,0.5,0.02900943908676802
sa_ghmappo,7,37,2220,8,0.0,-0.020408739103004336,13.555484175682068,1.2703485861420631,6.8744418025016785,0.9926488995552063,-0.002131105080479756,0.06752232275903225,1.8137730658054352,21.55586326122284,0.3493940271437168,21.518768787384033,0.5,0.025655011513065616
sa_ghmappo,7,38,2280,8,0.0,-0.01522736856713891,15.884562492370605,1.8194062411785126,8.098586618900299,1.040750578045845,0.00855124439112842,0.17857143003493547,1.5492280423641205,21.405768871307373,0.41793448105454445,21.374000072479248,0.5,0.026117655893532418
sa_ghmappo,7,39,2340,8,0.0,-0.0303678794298321,6.945918321609497,1.4836182296276093,3.5814034044742584,0.9549836590886116,0.0027958566788583994,0.21874999906867743,1.6728984713554382,16.941701531410217,0.5416675619781017,17.48572862148285,0.5,0.036296500619923434
sa_ghmappo,7,4,240,8,0.0,-0.01303646297310479,15.541107058525085,1.982843816280365,7.942021131515503,1.3780175298452377,0.002916290148277767,0.004464285913854837,0.447747815400362,5.4930673241615295,0.1129944184795022,5.528044641017914,0.5,0.09947282324690852
sa_ghmappo,7,40,2400,8,0.0,-0.016424017027020454,14.770835816860199,1.5554713308811188,7.514929920434952,0.9610966295003891,-0.0066020648228004575,0.1908482164144516,1.7823389247059822,51.07470512390137,0.446553610265255,51.58563470840454,0.5,0.011628950454431505
sa_ghmappo,7,41,2460,8,0.0,-0.003990258905105293,42.514796018600464,1.3684055358171463,21.381789565086365,0.8458283096551895,0.0018472483498044312,0.10825892956927419,1.2821652442216873,56.698132038116455,0.4377673380076885,56.98096537590027,0.5,0.010872925145100291
sa_ghmappo,7,42,2520,8,0.0,-0.01760824676603079,10.010971784591675,1.2984281182289124,5.109938740730286,0.7781612351536751,0.000634199977184835,0.04575892956927419,1.3292063176631927,19.417030096054077,0.33089690282940865,19.58664858341217,0.5,0.026579237040229436
sa_ghmappo,7,43,2580,8,0.0,-0.008559165871702135,16.29217004776001,1.3879982680082321,8.268944442272186,0.738121971487999,0.004921920437482186,0.022321429569274187,1.5192598178982735,25.58651614189148,0.3422388955950737,25.779065370559692,0.5,0.021031923596905103
sa_ghmappo,7,44,2640,8,0.0,-0.0035112030163872987,9.70089316368103,1.2859710678458214,4.968502402305603,0.7030114531517029,0.017805098083044868,0.10546875186264515,0.9729237779974937,16.403439044952393,0.27910604514181614,16.268667459487915,0.5,0.03444918891494933
sa_ghmappo,7,45,2700,8,0.0,-0.014454079791903496,10.039970874786377,1.3592837303876877,5.134719610214233,0.6740226447582245,0.04845804213982774,0.13839285681024194,0.9468529522418976,10.836311280727386,0.2619123086333275,10.934714376926422,0.5,0.0557382902695027
sa_ghmappo,7,46,2760,8,0.0,-0.0023292643018066883,32.73232650756836,1.0169603824615479,16.4597008228302,0.5829415246844292,0.004118332273719716,0.03292410774156451,1.2106715440750122,24.47116732597351,0.1638471595942974,24.552501916885376,0.5,0.020710769038380546
sa_ghmappo,7,47,2820,8,0.0,-0.01744531956501305,9.672176480293274,1.382415384054184,4.94900444149971,0.7880086153745651,-0.0029110335526638664,0.1450892877765,1.044795237481594,8.730858266353607,0.2885438818484545,8.815731227397919,0.5,0.062237657207608946
sa_ghmappo,7,48,2880,8,0.0,-0.016132336109876633,15.689599514007568,1.1344607174396515,7.9351136684417725,0.6999868229031563,0.009252801370166708,0.03850446501746774,0.7796369642019272,13.36866557598114,0.26207731664180756,13.279640555381775,0.5,0.039967223106316334
sa_ghmappo,7,49,2940,8,0.0,-0.014719363476615399,12.96706759929657,1.080464892089367,6.570280194282532,0.65807194262743,0.0004060242063133046,0.04910714365541935,1.0771999061107635,11.024533450603485,0.2771824635565281,11.048600018024445,0.5,0.047957808707295185
sa_ghmappo,7,5,300,8,0.0,-0.0009676788176875561,35.8419828414917,1.922375813126564,18.098153829574585,1.4107374399900436,0.008638395695015788,0.004464285913854837,0.3965095095336437,6.869491666555405,0.11022379528731108,6.891333699226379,0.5,0.08596114028004247
sa_ghmappo,7,50,3000,8,0.0,-0.012239859905093908,9.202824652194977,1.6418861597776413,4.746673077344894,0.6688043624162674,0.014359591630636714,0.08984375046566129,1.2408357486128807,8.894221544265747,0.5134648159146309,9.139229238033295,0.5,0.057175987305060405
sa_ghmappo,7,51,3060,8,0.0,0.005013981368392706,12.179149866104126,1.3319677859544754,6.221092462539673,0.6693179681897163,0.002305953239556402,0.0797991082072258,0.9408139139413834,18.206177353858948,0.3696416765451431,18.192615151405334,0.5,0.027906293328285935
sa_ghmappo,7,52,3120,8,0.0,0.0012586545199155807,17.51288139820099,1.07287235558033,8.858668565750122,0.631795160472393,0.015145822806516662,0.07868303684517741,1.4352090433239937,29.20920717716217,0.4696605745702982,29.089419960975647,0.5,0.022842930462991767
sa_ghmappo,7,53,3180,8,0.0,0.03682245721574873,124.20154190063477,1.398444950580597,62.27010536193848,0.7333034202456474,0.09432773895969149,0.21540178637951612,2.800272762775421,139.59148693084717,0.30154234915971756,140.9131965637207,0.5,0.0036863948216314434
sa_ghmappo,7,54,3240,8,0.0,-0.02807699842378497,23.815747618675232,1.105023056268692,11.984270453453064,0.6028560921549797,0.03947494991007261,0.13895089412108064,0.8086927905678749,22.496426582336426,0.22828593291342258,22.73704171180725,0.5,0.028397855655455436
sa_ghmappo,7,55,3300,8,0.0,-0.01326053922821302,24.219958782196045,1.2922017276287079,12.218596577644348,0.7342559397220612,0.004472249844184262,0.0926339291036129,1.2255234271287918,22.13058376312256,0.292303953319788,22.2273907661438,0.5,0.023361498697967532
sa_ghmappo,7,56,3360,8,0.0,-0.003416613209992647,13.90156614780426,1.3133071959018707,7.071383357048035,0.7313875183463097,0.017811748293752316,0.028459821827709675,1.26043551415205,24.538115859031677,0.31545111536979675,24.41754651069641,0.5,0.025230944118851354
sa_ghmappo,7,57,3420,8,0.0,-0.0018137928564101458,20.057608604431152,0.9669943451881409,10.117674946784973,0.60153017193079,0.011442049912147922,0.0379464291036129,0.9419683963060379,29.80717158317566,0.2146513033658266,29.72611355781555,0.5,0.017937217116673197
sa_ghmappo,7,58,3480,8,0.0,-0.007582137361168861,24.99284029006958,1.3471176326274872,12.615622520446777,0.7927060201764107,0.01721973652820452,0.07645089318975806,0.9730192571878433,24.025936484336853,0.3141715843230486,24.076419234275818,0.5,0.024170330772098386
sa_ghmappo,7,59,3540,8,0.0,-0.011583597399294376,17.095184087753296,1.1904705911874771,8.64764541387558,0.7410168275237083,-0.006632823060499504,0.020647321827709675,1.164838783442974,30.482346057891846,0.24369330145418644,30.446301460266113,0.5,0.017543442648332835
sa_ghmappo,7,6,360,8,0.0,-0.011381983225874137,37.62506437301636,1.8760023415088654,18.97407817840576,1.4672309160232544,-0.0027566648241190705,0.0,0.3500931113958359,10.029588043689728,0.09121847245842218,10.052350103855133,0.5,0.05242300570283334
sa_ghmappo,7,60,3600,8,0.0,-0.016754515236243606,38.71884274482727,1.4785099774599075,19.482476234436035,0.8041582778096199,0.03226201622237568,0.05859375046566129,1.4055797457695007,35.48834562301636,0.3447781428694725,35.48772048950195,0.5,0.014642307429550673
sa_ghmappo,7,61,3660,8,0.0,0.0023955414071679115,17.625463247299194,1.231655478477478,8.93142294883728,0.6869673058390617,0.008904425860237097,0.046875000931322575,0.9114215932786465,30.704513788223267,0.2422600220888853,30.54961109161377,0.5,0.01676045772533829
sa_ghmappo,7,62,3720,8,0.0,-0.006320796674117446,8.563109576702118,1.3075429573655128,4.3981165289878845,0.7871772199869156,0.0019384955267014448,0.020089285913854837,1.0609555020928383,20.09794807434082,0.2961343564093113,20.11201763153076,0.5,0.027806982370458973
sa_ghmappo,7,63,3780,8,0.0,-0.008358209393918514,9.7276029586792,1.368948295712471,4.984630048274994,0.7708063200116158,0.01664688144956017,0.0418526791036129,1.6089787483215332,14.33450573682785,0.2858450636267662,14.093342363834381,0.5,0.04215517350043151
sa_ghmappo,7,64,3840,8,0.0,-0.024212167743826285,8.981263995170593,0.9744366705417633,4.557791173458099,0.6072274371981621,0.01404965751862619,0.09877232182770967,0.7546142619103193,5.264460861682892,0.16186338011175394,5.2963738441467285,0.5,0.09744988856576636
sa_ghmappo,7,65,3900,8,0.0,-0.005888897459954023,12.490304589271545,1.3647663444280624,6.369692444801331,0.6047371402382851,-0.0019837992840621155,0.06752232322469354,0.9072048179805279,15.032181739807129,0.32409811206161976,15.245667815208435,0.5,0.0365232245682558
sa_ghmappo,7,66,3960,8,0.0,-0.01191296661272645,7.91811603307724,1.3334280997514725,4.073936730623245,0.6551039442420006,-0.024331770953722298,0.10435268003493547,1.3149657882750034,6.252736806869507,0.35326023027300835,6.44042032957077,0.5,0.08141209275435592
sa_ghmappo,7,67,4020,8,0.0,-0.0029985131695866585,20.713439345359802,1.3516005128622055,10.481513321399689,0.736775629222393,0.012431727740477072,0.06361607275903225,1.6397142112255096,25.023562908172607,0.4295061156153679,25.105003356933594,0.5,0.025770060156438634
sa_ghmappo,7,68,4080,8,0.0,-0.021244138144538738,15.497098088264465,1.2859770953655243,7.84882527589798,0.7077430188655853,0.011533933182363398,0.07087053637951612,1.7156560234725475,27.116270422935486,0.4265495054423809,27.830983877182007,0.5,0.026270114521789817
sa_ghmappo,7,69,4140,8,0.0,0.004489915678277612,20.23102605342865,1.3804252296686172,10.252631068229675,0.5414571575820446,-0.020154001613263972,0.08816964458674192,1.9493975266814232,23.19465208053589,0.3120676949620247,23.364189624786377,0.5,0.022883467126143895
sa_ghmappo,7,7,420,8,0.0,0.0022917981550563127,112.20714092254639,1.8546692579984665,56.276883125305176,1.444667026400566,0.0028561237713802257,0.0,0.5882785618305206,32.67479753494263,0.09564184118062258,32.73465895652771,0.5,0.015408792052991284
sa_ghmappo,7,70,4200,8,0.0,-0.011396434856578708,10.496239721775055,1.1247704550623894,5.344251126050949,0.4949212595820427,0.02503366789460415,0.11049107182770967,1.597554910928011,11.949792623519897,0.20838356483727694,12.021399974822998,0.5,0.04779612558990143
sa_ghmappo,7,71,4260,8,0.0,-0.0071475475415354595,26.311236143112183,1.2721234932541847,13.269697904586792,0.598491296172142,0.022868047593874508,0.08147321688011289,1.686873935163021,57.31423854827881,0.3871760107576847,57.64552545547485,0.5,0.008797912720281008
sa_ghmappo,7,72,4320,8,0.0,0.0031096497550606728,24.528358459472656,1.3470710217952728,12.394654989242554,0.7340918183326721,0.05785063307484961,0.15792410913854837,1.2806416898965836,39.38656282424927,0.42875114269554615,39.812416076660156,0.5,0.014560328018450268
sa_ghmappo,7,73,4380,8,0.0,0.0010641147382557392,23.416858673095703,1.6419010907411575,11.866820931434631,0.6862452477216721,-0.02301661549063283,0.07812500093132257,0.9881580546498299,87.0132327079773,0.6228420957922935,87.23906707763672,0.5,0.008073469640108924
sa_ghmappo,7,74,4440,8,0.0,-0.0057863781694322824,11.493704319000244,1.2681564390659332,5.8613022565841675,0.6579196155071259,-0.0008255980428657494,0.07087053684517741,1.1795903444290161,18.0000661611557,0.3425465114414692,18.127236485481262,0.5,0.02859519490145745
sa_ghmappo,7,75,4500,8,0.0,-0.019029091694392264,7.870495319366455,1.2540749236941338,4.03694361448288,0.46824807673692703,0.01686965817680175,0.11941964412108064,1.2241744976490736,7.924818933010101,0.42023954913020134,7.992428541183472,0.5,0.06782547588956145
sa_ghmappo,7,76,4560,8,0.0,-0.0017756633460521698,11.964103937149048,1.4139360338449478,6.116371691226959,0.5298230163753033,0.003807688122833497,0.03683035774156451,1.0451073125004768,14.021702766418457,0.350347600877285,14.070921778678894,0.5,0.037182404022161906
sa_ghmappo,7,77,4620,8,0.0,-0.013938890770077705,13.046048879623413,1.1703286468982697,6.621116816997528,0.5001515783369541,0.013758881549620128,0.08816964412108064,1.2990391105413437,9.872475445270538,0.37753934040665627,10.044644057750702,0.5,0.05191682685625467
sa_ghmappo,7,78,4680,8,0.0,-0.015767933567985892,11.395873188972473,1.5215595811605453,5.828882694244385,0.5441998019814491,0.01784601576946443,0.04631696455180645,1.2056617513298988,10.73484456539154,0.4307802990078926,10.92553162574768,0.5,0.0474747051509501
sa_ghmappo,7,79,4740,8,0.0,-0.012139427941292524,15.262521147727966,1.2326902598142624,7.737954199314117,0.4435972459614277,0.022918116133951116,0.03683035774156451,0.8989189118146896,15.763665199279785,0.3314477242529392,15.787615656852722,0.5,0.03437799573290966
sa_ghmappo,7,8,480,8,0.0,-0.004875693703070283,8.07511192560196,1.825980544090271,4.2007173001766205,1.4561036676168442,-0.001279667289054487,0.0,0.43983379751443863,14.01137501001358,0.11476294044405222,13.972592055797577,0.5,0.0479938000788433
sa_ghmappo,7,80,4800,8,0.0,-0.009437617467483506,21.22269904613495,1.477583184838295,10.744852006435394,0.48182014748454094,0.00812664937984664,0.03738839365541935,1.169492468237877,28.58047890663147,0.46403859555721283,28.664703130722046,0.5,0.017659172075274874
sa_ghmappo,7,81,4860,8,0.0,0.013733117142692208,10.002353012561798,1.3128422945737839,5.141332626342773,0.4861130714416504,0.017168698468594812,0.10491071688011289,1.6041582822799683,12.909193634986877,0.3457590490579605,12.551634311676025,0.5,0.04123927077463892
sa_ghmappo,7,82,4920,8,0.0,-0.007101888302713633,11.541289329528809,1.0171210318803787,5.860827326774597,0.44274936243891716,0.01157743464136729,0.017299107741564512,1.1434328183531761,9.093409359455109,0.30812678299844265,9.251767694950104,0.5,0.05505377888460828
sa_ghmappo,7,83,4980,8,0.0,-0.010492091765627265,9.65880936384201,1.1143954396247864,4.924438059329987,0.5914192572236061,-0.008022454676392954,0.0758928582072258,1.4418867975473404,15.67492389678955,0.307596355676651,15.559170007705688,0.5,0.03305008834083797
sa_ghmappo,7,84,5040,8,0.0,-0.02476262068375945,15.324798226356506,1.2267245203256607,7.75353217124939,0.6776710227131844,0.013719373808271484,0.19140625093132257,1.5845298767089844,37.60394644737244,0.460554800927639,37.56335210800171,0.5,0.0139958755406155
sa_ghmappo,7,85,5100,8,0.0,0.008504795841872692,9.193724632263184,1.2893463522195816,4.727491736412048,0.6809955835342407,-0.009704283285827842,0.1462053586728871,2.0412197411060333,40.0936244726181,0.48008987307548523,41.050827741622925,0.5,0.01680366973140747
sa_ghmappo,7,86,5160,8,0.0,-0.005720772780478001,21.85319972038269,1.255961611866951,11.039489388465881,0.6986189112067223,0.011885931831784546,0.1986607164144516,1.6810079887509346,41.28570055961609,0.4574821852147579,41.52765595912933,0.5,0.01675867437684891
sa_ghmappo,7,87,5220,8,0.0,-7.252581417560577e-05,24.055517196655273,1.132715679705143,12.133533000946045,0.7424641773104668,0.03302652823913377,0.12946428591385484,1.530114285647869,54.01138234138489,0.458181519061327,54.0247266292572,0.5,0.013620079348918328
sa_ghmappo,7,88,5280,8,0.0,-0.014585578683181666,13.543388366699219,1.1444931626319885,6.864097058773041,0.7460702508687973,0.02463454157987144,0.0574776791036129,1.3943340107798576,28.740460753440857,0.44250963628292084,29.075607538223267,0.5,0.02106288398596465
sa_ghmappo,7,89,5340,8,0.0,-0.0007355573470704257,18.535754323005676,1.3042796924710274,9.389818906784058,0.7750551626086235,0.018649318401003256,0.06640625046566129,1.2306468412280083,73.36182641983032,0.6043792515993118,73.31836652755737,0.5,0.00853992666447438
sa_ghmappo,7,9,540,8,0.0,-0.012107448652386665,54.49194812774658,1.7305492162704468,27.392425537109375,1.4495278596878052,-0.0010974992910632864,0.0,0.6191907785832882,30.43952250480652,0.11637680698186159,30.374892711639404,0.5,0.01971480641489949
sa_ghmappo,7,90,5400,8,0.0,-0.011720659327693284,7.384135067462921,0.7899985238909721,3.7538200318813324,0.552679143846035,0.0031359328058897518,0.17912946827709675,1.6168260425329208,30.857381284236908,0.2655503321439028,31.058385133743286,0.5,0.027401338013843785
sa_ghmappo,7,91,5460,8,0.0,-0.01605576800648123,6.466416537761688,1.3352007865905762,3.3430293202400208,0.7643279731273651,-3.7880410673096776e-05,0.14006696362048388,1.7955342829227448,13.404158353805542,0.5637656860053539,13.486139297485352,0.5,0.039443795433876876
sa_ghmappo,7,92,5520,8,0.0,-0.005210482515394688,8.56026315689087,1.0678513422608376,4.373353034257889,0.8353138193488121,0.08692593812884297,0.27678571129217744,1.759956568479538,17.172401905059814,0.40816530585289,17.059456706047058,0.5,0.03326445994770749
sa_ghmappo,7,93,5580,8,0.0,-0.008133872179314494,10.868988275527954,0.9125666841864586,5.509745121002197,0.7871653139591217,0.00567349826451391,0.2890624972060323,2.2272128611803055,17.27099621295929,0.4745657220482826,17.817456007003784,0.5,0.032321314735963225
sa_ghmappo,7,94,5640,8,0.0,-0.01099280986818485,8.502197086811066,1.185544341802597,4.351231545209885,0.7428676709532738,0.02896761782176327,0.09988839365541935,1.5977579057216644,21.552062511444092,0.5694664493203163,21.971951007843018,0.5,0.025100152108121453
sa_ghmappo,7,95,5700,8,0.0,0.00851289601996541,8.679085671901703,1.3277751505374908,4.473273545503616,0.7559766620397568,0.11007569085631985,0.22488839458674192,2.3721958696842194,23.906046152114868,0.5115020200610161,23.62725043296814,0.5,0.025998972255708703
sa_ghmappo,7,96,5760,8,0.0,-0.0112566405441612,4.711399495601654,1.1194333955645561,2.4507290720939636,0.5657390058040619,0.01086217729607597,0.07645089412108064,1.5091603100299835,11.316957354545593,0.5313439592719078,11.047849535942078,0.5,0.05328045652196385
