split,method,seed,design_id,window_id,workflow_id,source_segment_id,source_frame_offset,source_window_length,source_time_start,source_time_end,both_completed,short_on_time_workflow_completion_rate,long_on_time_workflow_completion_rate,delta_on_time_workflow_completion_rate,short_workflow_completion_rate,long_workflow_completion_rate,delta_workflow_completion_rate,short_unfinished_after_deadline_rate,long_unfinished_after_deadline_rate,delta_unfinished_after_deadline_rate,short_service_failure_rate,long_service_failure_rate,delta_service_failure_rate,short_service_failures,long_service_failures,delta_service_failures,short_failed_service_attempt_seconds_proxy,long_failed_service_attempt_seconds_proxy,delta_failed_service_attempt_seconds_proxy,short_node_coverage_rate,long_node_coverage_rate,delta_node_coverage_rate,short_modeled_completion_seconds,long_modeled_completion_seconds,delta_modeled_completion_seconds,short_total_transfer_mb,long_total_transfer_mb,delta_total_transfer_mb,short_model_prepare_mb,long_model_prepare_mb,delta_model_prepare_mb,short_state_transfer_mb,long_state_transfer_mb,delta_state_transfer_mb,short_input_transfer_mb,long_input_transfer_mb,delta_input_transfer_mb,short_recompute_seconds,long_recompute_seconds,delta_recompute_seconds,short_invalid_prepare_attempts,long_invalid_prepare_attempts,delta_invalid_prepare_attempts,short_max_consecutive_no_progress_steps,long_max_consecutive_no_progress_steps,delta_max_consecutive_no_progress_steps,short_action_0,long_action_0,delta_action_0,short_action_1,long_action_1,delta_action_1,short_action_2,long_action_2,delta_action_2,short_action_3,long_action_3,delta_action_3,short_action_4,long_action_4,delta_action_4,short_reward,long_reward,delta_reward
frozen_check,dt_handoff_drl,17,frozen_check_00,window_us_101_off40376_len24_t1118847991400_1118847993700,j_1097456,us_101,40376,24,1118847991400,1118847993700,True,0.0,0.0,0.0,1.0,1.0,0.0,0.0,0.0,0.0,0.0,0.0,0.0,0.0,0.0,0.0,0.0,0.0,0.0,1.0,1.0,0.0,91.37197900000001,91.34754944000001,-0.024429560000001516,328.51925,328.517055,-0.0021949999999719694,328.130752,328.130752,0.0,0.012622,0.010427,-0.002194999999999999,0.375876,0.375876,0.0,61.14068700000001,61.14068700000001,0.0,0.0,0.0,0.0,0.0,0.0,0.0,2.0,3.0,1.0,0.0,0.0,0.0,0.0,0.0,0.0,0.0,0.0,0.0,5.0,4.0,-1.0,6.537262983139626,6.539218370066151,0.0019553869265251933
frozen_check,dt_handoff_drl,17,frozen_check_01,window_us_101_off40488_len24_t1118848002600_1118848004900,j_1065729,us_101,40488,24,1118848002600,1118848004900,True,1.0,1.0,0.0,1.0,1.0,0.0,0.0,0.0,0.0,0.0,0.0,0.0,0.0,0.0,0.0,0.0,0.0,0.0,1.0,1.0,0.0,44.0104928,43.9804616,-0.030031200000003366,174.93652,174.79604,-0.1404799999999966,173.70732,173.70732,0.0,1.2292,1.08872,-0.14048000000000016,0.0,0.0,0.0,0.0,0.0,0.0,0.0,0.0,0.0,0.0,0.0,0.0,0.0,1.0,1.0,0.0,0.0,0.0,0.0,0.0,0.0,0.0,0.0,0.0,7.0,6.0,-1.0,14.397699410899666,14.400167322997305,0.002467912097639413
frozen_check,dt_handoff_drl,17,frozen_check_02,window_us_101_off40640_len24_t1118848017800_1118848020100,j_1101642,us_101,40640,24,1118848017800,1118848020100,True,0.0,0.0,0.0,1.0,1.0,0.0,0.0,0.0,0.0,0.0,0.0,0.0,0.0,0.0,0.0,0.0,0.0,0.0,1.0,1.0,0.0,89.59605852158234,74.75448537516468,-14.841573146417659,3219.261461,1025.518651,-2193.7428099999997,3218.784816,1024.667776,-2194.11704,0.00439,0.002744,-0.001646,0.472255,0.848131,0.375876,38.48266883358234,42.79848316716467,4.315814333582331,2.0,1.0,-1.0,0.0,0.0,0.0,2.0,3.0,1.0,0.0,0.0,0.0,0.0,0.0,0.0,0.0,0.0,0.0,3.0,2.0,-1.0,1.333229882163959,3.5420968348040693,2.2088669526401103
frozen_check,dt_handoff_drl,17,frozen_check_03,window_us_101_off43456_len24_t1118848299400_1118848301700,j_1065807,us_101,43456,24,1118848299400,1118848301700,True,0.0,1.0,1.0,1.0,1.0,0.0,0.0,0.0,0.0,0.0,0.0,0.0,0.0,0.0,0.0,0.0,0.0,0.0,1.0,1.0,0.0,56.74928332,47.936184272000006,-8.813099047999998,2195.502415,1170.694159,-1024.808256,2194.11704,1169.449264,-1024.667776,0.91312,0.77264,-0.14048000000000005,0.472255,0.472255,0.0,10.789533,10.789533,0.0,0.0,0.0,0.0,0.0,0.0,0.0,1.0,2.0,1.0,0.0,0.0,0.0,0.0,0.0,0.0,0.0,0.0,0.0,5.0,4.0,-1.0,6.43769685354385,11.619958309116408,5.182261455572558
frozen_check,dt_handoff_drl,17,frozen_check_04,window_us_101_off44288_len24_t1118848382600_1118848384900,j_1103741,us_101,44288,24,1118848382600,1118848384900,True,0.0,0.0,0.0,1.0,1.0,0.0,1.0,1.0,0.0,0.0,0.0,0.0,0.0,0.0,0.0,0.0,0.0,0.0,1.0,1.0,0.0,189.35671569830214,189.35671569830214,0.0,319.626074,319.626074,0.0,318.488808,318.488808,0.0,0.0,0.0,0.0,1.137266,1.137266,0.0,144.19689573830215,144.19689573830215,0.0,4.0,1.0,-3.0,0.0,0.0,0.0,3.0,5.0,2.0,0.0,0.0,0.0,0.0,0.0,0.0,0.0,1.0,1.0,4.0,1.0,-3.0,-1.29737474494013,-1.29737474494013,0.0
frozen_check,dt_handoff_drl,17,frozen_check_05,window_us_101_off45408_len24_t1118848494600_1118848496900,j_1067730,us_101,45408,24,1118848494600,1118848496900,True,1.0,1.0,0.0,1.0,1.0,0.0,0.0,0.0,0.0,0.0,0.0,0.0,0.0,0.0,0.0,0.0,0.0,0.0,1.0,1.0,0.0,27.954400352,27.954400352,0.0,28.942294,28.942294,0.0,28.925832,28.925832,0.0,0.016462,0.016462,0.0,0.0,0.0,0.0,0.0,0.0,0.0,0.0,0.0,0.0,0.0,0.0,0.0,1.0,1.0,0.0,0.0,0.0,0.0,0.0,0.0,0.0,0.0,0.0,0.0,6.0,6.0,0.0,15.750170665958322,15.750170665958322,0.0
frozen_check,dt_handoff_drl,17,frozen_check_06,window_us_101_off51136_len24_t1118849067400_1118849069700,j_11064,us_101,51136,24,1118849067400,1118849069700,True,0.0,0.0,0.0,1.0,1.0,0.0,0.0,0.0,0.0,0.0,0.0,0.0,0.0,0.0,0.0,0.0,0.0,0.0,1.0,1.0,0.0,55.588118998386996,55.588118998386996,0.0,1025.515907,1025.515907,0.0,1024.667776,1024.667776,0.0,0.0,0.0,0.0,0.848131,0.848131,0.0,23.654612742386995,23.654612742386995,0.0,5.0,1.0,-4.0,0.0,0.0,0.0,1.0,4.0,3.0,0.0,0.0,0.0,0.0,0.0,0.0,0.0,1.0,1.0,5.0,1.0,-4.0,7.075407422720857,7.075407422720857,0.0
frozen_check,dt_handoff_drl,17,frozen_check_07,window_us_101_off52632_len24_t1118849217000_1118849219300,j_1069624,us_101,52632,24,1118849217000,1118849219300,True,0.0,0.0,0.0,1.0,1.0,0.0,1.0,1.0,0.0,0.0,0.0,0.0,0.0,0.0,0.0,0.0,0.0,0.0,1.0,1.0,0.0,198.98664419169538,198.98664419169538,0.0,2504.173528,2504.173528,0.0,2502.963904,2502.963904,0.0,0.24584,0.24584,0.0,0.963784,0.963784,0.0,55.48902807169537,55.48902807169537,0.0,2.0,2.0,0.0,0.0,0.0,0.0,4.0,5.0,1.0,0.0,0.0,0.0,0.0,0.0,0.0,0.0,0.0,0.0,6.0,5.0,-1.0,2.9149717959739254,2.9149717959739254,0.0
frozen_check,dt_handoff_drl,29,frozen_check_00,window_us_101_off40376_len24_t1118847991400_1118847993700,j_1097456,us_101,40376,24,1118847991400,1118847993700,True,0.0,0.0,0.0,1.0,1.0,0.0,0.0,0.0,0.0,0.0,0.0,0.0,0.0,0.0,0.0,0.0,0.0,0.0,1.0,1.0,0.0,91.37197900000001,91.323111096,-0.04886790400000507,328.51925,328.513762,-0.005488000000013926,328.130752,328.130752,0.0,0.012622,0.007134,-0.005488,0.375876,0.375876,0.0,61.14068700000001,61.14068700000001,0.0,0.0,0.0,0.0,0.0,0.0,0.0,2.0,4.0,2.0,0.0,0.0,0.0,0.0,0.0,0.0,0.0,0.0,0.0,5.0,3.0,-2.0,6.537262983139626,6.541174971008771,0.00391198786914515
frozen_check,dt_handoff_drl,29,frozen_check_01,window_us_101_off40488_len24_t1118848002600_1118848004900,j_1065729,us_101,40488,24,1118848002600,1118848004900,True,1.0,0.0,-1.0,1.0,1.0,0.0,0.0,0.0,0.0,0.0,0.0,0.0,0.0,0.0,0.0,0.0,0.0,0.0,1.0,1.0,0.0,44.0104928,117.5610486374394,73.55055583743939,174.93652,174.680236,-0.25628399999999374,173.70732,173.70732,0.0,1.2292,0.59704,-0.63216,0.0,0.375876,0.375876,0.0,73.61404319743941,73.61404319743941,0.0,0.0,0.0,0.0,0.0,0.0,0.0,2.0,2.0,0.0,0.0,0.0,0.0,0.0,0.0,0.0,0.0,0.0,7.0,5.0,-2.0,14.397699410899666,4.513774285441867,-9.883925125457798
frozen_check,dt_handoff_drl,29,frozen_check_02,window_us_101_off40640_len24_t1118848017800_1118848020100,j_1101642,us_101,40640,24,1118848017800,1118848020100,True,0.0,0.0,0.0,1.0,1.0,0.0,0.0,0.0,0.0,0.0,0.0,0.0,0.0,0.0,0.0,0.0,0.0,0.0,1.0,1.0,0.0,89.59605852158234,89.59605852158234,0.0,3219.261461,3219.261461,0.0,3218.784816,3218.784816,0.0,0.00439,0.00439,0.0,0.472255,0.472255,0.0,38.48266883358234,38.48266883358234,0.0,2.0,2.0,0.0,0.0,0.0,0.0,2.0,2.0,0.0,0.0,0.0,0.0,0.0,0.0,0.0,0.0,0.0,0.0,3.0,3.0,0.0,1.333229882163959,1.333229882163959,0.0
frozen_check,dt_handoff_drl,29,frozen_check_03,window_us_101_off43456_len24_t1118848299400_1118848301700,j_1065807,us_101,43456,24,1118848299400,1118848301700,True,0.0,0.0,0.0,1.0,1.0,0.0,0.0,1.0,1.0,0.0,0.0,0.0,0.0,0.0,0.0,0.0,0.0,0.0,1.0,1.0,0.0,56.74928332,69.46080688,12.711523560000003,2195.502415,1170.543235,-1024.9591799999998,2194.11704,1169.449264,-1024.667776,0.91312,0.24584,-0.6672800000000001,0.472255,0.848131,0.375876,10.789533,32.368599,21.579066000000005,0.0,0.0,0.0,0.0,0.0,0.0,1.0,5.0,4.0,0.0,0.0,0.0,0.0,0.0,0.0,0.0,0.0,0.0,5.0,1.0,-4.0,6.43769685354385,5.898058779940533,-0.5396380736033164
frozen_check,dt_handoff_drl,29,frozen_check_04,window_us_101_off44288_len24_t1118848382600_1118848384900,j_1103741,us_101,44288,24,1118848382600,1118848384900,True,0.0,0.0,0.0,1.0,1.0,0.0,1.0,1.0,0.0,0.0,0.0,0.0,0.0,0.0,0.0,0.0,0.0,0.0,1.0,1.0,0.0,189.35671569830214,189.35671569830214,0.0,319.626074,319.626074,0.0,318.488808,318.488808,0.0,0.0,0.0,0.0,1.137266,1.137266,0.0,144.19689573830215,144.19689573830215,0.0,4.0,2.0,-2.0,0.0,0.0,0.0,3.0,5.0,2.0,0.0,0.0,0.0,0.0,0.0,0.0,0.0,0.0,0.0,4.0,2.0,-2.0,-1.29737474494013,-1.29737474494013,0.0
frozen_check,dt_handoff_drl,29,frozen_check_05,window_us_101_off45408_len24_t1118848494600_1118848496900,j_1067730,us_101,45408,24,1118848494600,1118848496900,True,1.0,1.0,0.0,1.0,1.0,0.0,0.0,0.0,0.0,1.0,0.0,-1.0,2.0,0.0,-2.0,4.0,0.0,-4.0,1.0,1.0,0.0,32.001142992,27.905532448000002,-4.095610543999996,29.233624,28.936806,-0.29681799999999825,28.925832,28.925832,0.0,0.018657,0.010974,-0.007683000000000001,0.289135,0.0,-0.289135,0.0,0.0,0.0,2.0,0.0,-2.0,2.0,0.0,-2.0,0.0,3.0,3.0,0.0,0.0,0.0,0.0,0.0,0.0,0.0,0.0,0.0,9.0,4.0,-5.0,9.426295593655489,15.754082653827465,6.327787060171977
frozen_check,dt_handoff_drl,29,frozen_check_06,window_us_101_off51136_len24_t1118849067400_1118849069700,j_11064,us_101,51136,24,1118849067400,1118849069700,True,0.0,0.0,0.0,1.0,1.0,0.0,0.0,0.0,0.0,0.0,0.0,0.0,0.0,0.0,0.0,0.0,0.0,0.0,1.0,1.0,0.0,55.588118998386996,55.588118998386996,0.0,1025.515907,1025.515907,0.0,1024.667776,1024.667776,0.0,0.0,0.0,0.0,0.848131,0.848131,0.0,23.654612742386995,23.654612742386995,0.0,3.0,2.0,-1.0,0.0,0.0,0.0,3.0,4.0,1.0,0.0,0.0,0.0,0.0,0.0,0.0,0.0,0.0,0.0,3.0,2.0,-1.0,7.075407422720857,7.075407422720857,0.0
frozen_check,dt_handoff_drl,29,frozen_check_07,window_us_101_off52632_len24_t1118849217000_1118849219300,j_1069624,us_101,52632,24,1118849217000,1118849219300,True,0.0,0.0,0.0,1.0,1.0,0.0,1.0,1.0,0.0,0.0,0.0,0.0,0.0,0.0,0.0,0.0,0.0,0.0,1.0,1.0,0.0,198.98664419169538,198.98664419169538,0.0,2504.173528,2504.173528,0.0,2502.963904,2502.963904,0.0,0.24584,0.24584,0.0,0.963784,0.963784,0.0,55.48902807169537,55.48902807169537,0.0,2.0,1.0,-1.0,0.0,0.0,0.0,4.0,6.0,2.0,0.0,0.0,0.0,0.0,0.0,0.0,0.0,0.0,0.0,6.0,4.0,-2.0,2.9149717959739254,2.9149717959739254,0.0
frozen_check,dt_handoff_drl,43,frozen_check_00,window_us_101_off40376_len24_t1118847991400_1118847993700,j_1097456,us_101,40376,24,1118847991400,1118847993700,True,1.0,1.0,0.0,1.0,1.0,0.0,0.0,0.0,0.0,1.0,1.0,0.0,2.0,1.0,-1.0,4.0,2.0,-2.0,1.0,1.0,0.0,36.585000951999994,34.560567,-2.0244339519999954,492.211494,492.20875,-0.002744000000006963,492.196128,492.196128,0.0,0.015366,0.012622,-0.002744,0.0,0.0,0.0,0.0,0.0,0.0,2.0,1.0,-1.0,1.0,1.0,0.0,1.0,2.0,1.0,0.0,0.0,0.0,0.0,0.0,0.0,0.0,0.0,0.0,8.0,6.0,-2.0,8.843996085916295,12.005952079850866,3.161955993934571
frozen_check,dt_handoff_drl,43,frozen_check_01,window_us_101_off40488_len24_t1118848002600_1118848004900,j_1065729,us_101,40488,24,1118848002600,1118848004900,True,1.0,0.0,-1.0,1.0,1.0,0.0,0.0,0.0,0.0,0.0,0.0,0.0,0.0,0.0,0.0,0.0,0.0,0.0,1.0,1.0,0.0,44.0104928,117.5610486374394,73.55055583743939,174.93652,174.680236,-0.25628399999999374,173.70732,173.70732,0.0,1.2292,0.59704,-0.63216,0.0,0.375876,0.375876,0.0,73.61404319743941,73.61404319743941,0.0,0.0,0.0,0.0,0.0,0.0,0.0,2.0,2.0,0.0,0.0,0.0,0.0,0.0,0.0,0.0,0.0,0.0,7.0,5.0,-2.0,14.397699410899666,4.513774285441867,-9.883925125457798
frozen_check,dt_handoff_drl,43,frozen_check_02,window_us_101_off40640_len24_t1118848017800_1118848020100,j_1101642,us_101,40640,24,1118848017800,1118848020100,True,0.0,0.0,0.0,1.0,1.0,0.0,1.0,0.0,-1.0,1.0,0.0,-1.0,2.0,0.0,-2.0,4.0,0.0,-4.0,1.0,1.0,0.0,113.69735854716467,74.73005142316467,-38.967307124,4388.99986,1025.515907,-3363.483953,4388.23408,1024.667776,-3363.566304,0.00439,0.0,-0.00439,0.76139,0.848131,0.08674099999999996,48.19324966716467,42.79848316716467,-5.394766500000003,3.0,1.0,-2.0,1.0,0.0,-1.0,3.0,4.0,1.0,0.0,0.0,0.0,0.0,0.0,0.0,0.0,0.0,0.0,4.0,1.0,-3.0,-7.139576008574261,3.544052828738642,10.683628837312902
frozen_check,dt_handoff_drl,43,frozen_check_03,window_us_101_off43456_len24_t1118848299400_1118848301700,j_1065807,us_101,43456,24,1118848299400,1118848301700,True,0.0,1.0,1.0,1.0,1.0,0.0,0.0,0.0,0.0,0.0,0.0,0.0,0.0,0.0,0.0,0.0,0.0,0.0,1.0,1.0,0.0,56.74928332,47.910367472000004,-8.838915848,2195.502415,1170.518559,-1024.9838559999998,2194.11704,1169.449264,-1024.667776,0.91312,0.59704,-0.31608,0.472255,0.472255,0.0,10.789533,10.789533,0.0,0.0,0.0,0.0,0.0,0.0,0.0,1.0,3.0,2.0,0.0,0.0,0.0,0.0,0.0,0.0,0.0,0.0,0.0,5.0,3.0,-2.0,6.43769685354385,11.622105423238459,5.184408569694609
frozen_check,dt_handoff_drl,43,frozen_check_04,window_us_101_off44288_len24_t1118848382600_1118848384900,j_1103741,us_101,44288,24,1118848382600,1118848384900,True,0.0,0.0,0.0,1.0,1.0,0.0,1.0,1.0,0.0,0.0,0.0,0.0,0.0,0.0,0.0,0.0,0.0,0.0,1.0,1.0,0.0,189.35671569830214,189.35671569830214,0.0,319.626074,319.626074,0.0,318.488808,318.488808,0.0,0.0,0.0,0.0,1.137266,1.137266,0.0,144.19689573830215,144.19689573830215,0.0,2.0,0.0,-2.0,0.0,0.0,0.0,5.0,7.0,2.0,0.0,0.0,0.0,0.0,0.0,0.0,0.0,0.0,0.0,2.0,0.0,-2.0,-1.29737474494013,-1.29737474494013,0.0
frozen_check,dt_handoff_drl,43,frozen_check_05,window_us_101_off45408_len24_t1118848494600_1118848496900,j_1067730,us_101,45408,24,1118848494600,1118848496900,True,1.0,1.0,0.0,1.0,1.0,0.0,0.0,0.0,0.0,0.0,0.0,0.0,0.0,0.0,0.0,0.0,0.0,0.0,1.0,1.0,0.0,27.954400352,27.905532448000002,-0.048867903999997964,28.942294,28.936806,-0.005487999999999715,28.925832,28.925832,0.0,0.016462,0.010974,-0.0054880000000000016,0.0,0.0,0.0,0.0,0.0,0.0,0.0,0.0,0.0,0.0,0.0,0.0,1.0,3.0,2.0,0.0,0.0,0.0,0.0,0.0,0.0,0.0,0.0,0.0,6.0,4.0,-2.0,15.750170665958322,15.754082653827465,0.003911987869143374
frozen_check,dt_handoff_drl,43,frozen_check_06,window_us_101_off51136_len24_t1118849067400_1118849069700,j_11064,us_101,51136,24,1118849067400,1118849069700,True,0.0,0.0,0.0,1.0,1.0,0.0,0.0,0.0,0.0,1.0,0.0,-1.0,1.0,0.0,-1.0,2.0,0.0,-2.0,1.0,1.0,0.0,105.1094775123222,55.588118998386996,-49.521358513935205,2195.437426,1025.515907,-1169.921519,2194.11704,1024.667776,-1169.449264,0.0,0.0,0.0,1.320386,0.848131,-0.4722550000000001,60.78378710432221,23.654612742386995,-37.12917436193521,4.0,0.0,-4.0,1.0,0.0,-1.0,3.0,6.0,3.0,0.0,0.0,0.0,0.0,0.0,0.0,0.0,0.0,0.0,4.0,0.0,-4.0,-0.43108841898052663,7.075407422720857,7.506495841701383
frozen_check,dt_handoff_drl,43,frozen_check_07,window_us_101_off52632_len24_t1118849217000_1118849219300,j_1069624,us_101,52632,24,1118849217000,1118849219300,True,0.0,0.0,0.0,1.0,1.0,0.0,1.0,1.0,0.0,0.0,0.0,0.0,0.0,0.0,0.0,0.0,0.0,0.0,1.0,1.0,0.0,198.98664419169538,198.98664419169538,0.0,2504.173528,2504.173528,0.0,2502.963904,2502.963904,0.0,0.24584,0.24584,0.0,0.963784,0.963784,0.0,55.48902807169537,55.48902807169537,0.0,2.0,2.0,0.0,0.0,0.0,0.0,4.0,5.0,1.0,0.0,0.0,0.0,0.0,0.0,0.0,0.0,0.0,0.0,6.0,5.0,-1.0,2.9149717959739254,2.9149717959739254,0.0
frozen_check,dt_handoff_drl,61,frozen_check_00,window_us_101_off40376_len24_t1118847991400_1118847993700,j_1097456,us_101,40376,24,1118847991400,1118847993700,True,0.0,0.0,0.0,1.0,1.0,0.0,1.0,1.0,0.0,0.0,0.0,0.0,0.0,0.0,0.0,0.0,0.0,0.0,1.0,1.0,0.0,136.200197752,71.05350216000001,-65.146695592,11.723719,1.60952,-10.114199,9.641944,0.0,-9.641944,0.0,0.0,0.0,2.081775,1.60952,-0.47225499999999987,86.316264,21.579066,-64.737198,0.0,0.0,0.0,0.0,0.0,0.0,4.0,4.0,0.0,0.0,0.0,0.0,3.0,3.0,0.0,0.0,0.0,0.0,0.0,0.0,0.0,3.098524897758425,8.314970336044853,5.216445438286428
frozen_check,dt_handoff_drl,61,frozen_check_01,window_us_101_off40488_len24_t1118848002600_1118848004900,j_1065729,us_101,40488,24,1118848002600,1118848004900,True,1.0,1.0,0.0,1.0,1.0,0.0,0.0,0.0,0.0,0.0,0.0,0.0,0.0,0.0,0.0,0.0,0.0,0.0,1.0,1.0,0.0,65.80856836807685,65.80856836807685,0.0,11.241827,11.241827,0.0,9.641944,9.641944,0.0,0.0,0.0,0.0,1.599883,1.599883,0.0,5.476506288076857,5.476506288076857,0.0,0.0,0.0,0.0,0.0,0.0,0.0,4.0,4.0,0.0,0.0,0.0,0.0,3.0,3.0,0.0,0.0,0.0,0.0,0.0,0.0,0.0,12.730079646921341,12.730079646921341,0.0
frozen_check,dt_handoff_drl,61,frozen_check_02,window_us_101_off40640_len24_t1118848017800_1118848020100,j_1101642,us_101,40640,24,1118848017800,1118848020100,True,1.0,1.0,0.0,1.0,1.0,0.0,0.0,0.0,0.0,0.0,0.0,0.0,0.0,0.0,0.0,0.0,0.0,0.0,1.0,1.0,0.0,44.24738258958233,44.24738258958233,0.0,1025.515907,1025.515907,0.0,1024.667776,1024.667776,0.0,0.0,0.0,0.0,0.848131,0.848131,0.0,4.315814333582334,4.315814333582334,0.0,0.0,0.0,0.0,0.0,0.0,0.0,4.0,4.0,0.0,0.0,0.0,0.0,1.0,1.0,0.0,0.0,0.0,0.0,0.0,0.0,0.0,9.982666335425229,9.982666335425229,0.0
frozen_check,dt_handoff_drl,61,frozen_check_03,window_us_101_off43456_len24_t1118848299400_1118848301700,j_1065807,us_101,43456,24,1118848299400,1118848301700,True,0.0,0.0,0.0,1.0,1.0,0.0,1.0,1.0,0.0,0.0,0.0,0.0,0.0,0.0,0.0,0.0,0.0,0.0,1.0,1.0,0.0,77.134927288,77.4582062,0.32327891200000636,1171.434661,1170.76965,-0.6650110000000495,1169.449264,1169.449264,0.0,0.0,0.0,0.0,1.985397,1.320386,-0.665011,0.0,32.368599,32.368599,0.0,0.0,0.0,0.0,0.0,0.0,1.0,5.0,4.0,0.0,0.0,0.0,5.0,1.0,-4.0,0.0,0.0,0.0,0.0,0.0,0.0,5.283714044721836,5.2581614016401685,-0.02555264308166727
frozen_check,dt_handoff_drl,61,frozen_check_04,window_us_101_off44288_len24_t1118848382600_1118848384900,j_1103741,us_101,44288,24,1118848382600,1118848384900,True,0.0,0.0,0.0,1.0,1.0,0.0,1.0,1.0,0.0,0.0,0.0,0.0,0.0,0.0,0.0,0.0,0.0,0.0,1.0,1.0,0.0,100.91754835358233,147.08242335755514,46.16487500397281,156.322088,156.032953,-0.2891350000000159,154.423432,154.423432,0.0,0.0,0.0,0.0,1.898656,1.609521,-0.2891349999999999,31.289646833582335,93.48608723755515,62.196440403972815,0.0,0.0,0.0,0.0,0.0,0.0,3.0,5.0,2.0,0.0,0.0,0.0,4.0,2.0,-2.0,0.0,0.0,0.0,0.0,0.0,0.0,5.8538029869807,2.160747625639181,-3.6930553613415187
frozen_check,dt_handoff_drl,61,frozen_check_05,window_us_101_off45408_len24_t1118848494600_1118848496900,j_1067730,us_101,45408,24,1118848494600,1118848496900,True,0.0,0.0,0.0,1.0,1.0,0.0,0.0,1.0,1.0,0.0,0.0,0.0,0.0,0.0,0.0,0.0,0.0,0.0,1.0,1.0,0.0,62.304486272,78.64930723200001,16.344820960000014,20.893409,20.421154,-0.472254999999997,19.283888,19.283888,0.0,0.0,0.0,0.0,1.609521,1.137266,-0.47225499999999987,10.789533,43.158132,32.368599,0.0,0.0,0.0,0.0,0.0,0.0,4.0,6.0,2.0,0.0,0.0,0.0,3.0,1.0,-2.0,0.0,0.0,0.0,0.0,0.0,0.0,9.005911846508813,7.6985460805800505,-1.307365765928762
frozen_check,dt_handoff_drl,61,frozen_check_06,window_us_101_off51136_len24_t1118849067400_1118849069700,j_11064,us_101,51136,24,1118849067400,1118849069700,True,0.0,0.0,0.0,1.0,1.0,0.0,1.0,0.0,-1.0,0.0,0.0,0.0,0.0,0.0,0.0,0.0,0.0,0.0,1.0,1.0,0.0,71.239590248,51.50931346158234,-19.73027678641766,2.554031,1.792641,-0.7613900000000002,0.0,0.0,0.0,0.0,0.0,0.0,2.554031,1.792641,-0.7613900000000002,0.0,4.315814333582334,4.315814333582334,0.0,0.0,0.0,0.0,0.0,0.0,0.0,3.0,3.0,0.0,0.0,0.0,6.0,3.0,-3.0,0.0,0.0,0.0,0.0,0.0,0.0,6.2996434667967165,7.878420159557672,1.5787766927609557
frozen_check,dt_handoff_drl,61,frozen_check_07,window_us_101_off52632_len24_t1118849217000_1118849219300,j_1069624,us_101,52632,24,1118849217000,1118849219300,True,0.0,0.0,0.0,1.0,1.0,0.0,1.0,1.0,0.0,0.0,0.0,0.0,0.0,0.0,0.0,0.0,0.0,0.0,1.0,1.0,0.0,120.4904126,104.42034251999999,-16.070070080000008,3.238315,2.486563,-0.7517520000000002,0.0,0.0,0.0,0.0,0.0,0.0,3.238315,2.486563,-0.7517520000000002,0.0,0.0,0.0,0.0,0.0,0.0,0.0,0.0,0.0,0.0,2.0,2.0,0.0,0.0,0.0,10.0,8.0,-2.0,0.0,0.0,0.0,0.0,0.0,0.0,10.35925903406839,11.645214702272447,1.285955668204057
frozen_check,dt_handoff_drl,7,frozen_check_00,window_us_101_off40376_len24_t1118847991400_1118847993700,j_1097456,us_101,40376,24,1118847991400,1118847993700,True,0.0,0.0,0.0,1.0,1.0,0.0,0.0,0.0,0.0,0.0,0.0,0.0,0.0,0.0,0.0,0.0,0.0,0.0,1.0,1.0,0.0,91.37197900000001,91.37197900000001,0.0,328.51925,328.51925,0.0,328.130752,328.130752,0.0,0.012622,0.012622,0.0,0.375876,0.375876,0.0,61.14068700000001,61.14068700000001,0.0,0.0,0.0,0.0,0.0,0.0,0.0,2.0,2.0,0.0,0.0,0.0,0.0,0.0,0.0,0.0,0.0,0.0,0.0,5.0,5.0,0.0,6.537262983139626,6.537262983139626,0.0
frozen_check,dt_handoff_drl,7,frozen_check_01,window_us_101_off40488_len24_t1118848002600_1118848004900,j_1065729,us_101,40488,24,1118848002600,1118848004900,True,1.0,1.0,0.0,1.0,1.0,0.0,0.0,0.0,0.0,0.0,0.0,0.0,0.0,0.0,0.0,0.0,0.0,0.0,1.0,1.0,0.0,43.25616864,44.0104928,0.754324160000003,165.013616,174.93652,9.922903999999988,164.065376,173.70732,9.641944000000024,0.94824,1.2292,0.2809600000000001,0.0,0.0,0.0,0.0,0.0,0.0,0.0,0.0,0.0,0.0,0.0,0.0,2.0,0.0,-2.0,0.0,0.0,0.0,0.0,0.0,0.0,0.0,0.0,0.0,5.0,7.0,2.0,14.462666055950134,14.397699410899666,-0.06496664505046823
frozen_check,dt_handoff_drl,7,frozen_check_02,window_us_101_off40640_len24_t1118848017800_1118848020100,j_1101642,us_101,40640,24,1118848017800,1118848020100,True,0.0,0.0,0.0,1.0,1.0,0.0,0.0,0.0,0.0,0.0,0.0,0.0,0.0,0.0,0.0,0.0,0.0,0.0,1.0,1.0,0.0,89.59605852158234,89.59605852158234,0.0,3219.261461,3219.261461,0.0,3218.784816,3218.784816,0.0,0.00439,0.00439,0.0,0.472255,0.472255,0.0,38.48266883358234,38.48266883358234,0.0,2.0,2.0,0.0,0.0,0.0,0.0,2.0,2.0,0.0,0.0,0.0,0.0,0.0,0.0,0.0,0.0,0.0,0.0,3.0,3.0,0.0,1.333229882163959,1.333229882163959,0.0
frozen_check,dt_handoff_drl,7,frozen_check_03,window_us_101_off43456_len24_t1118848299400_1118848301700,j_1065807,us_101,43456,24,1118848299400,1118848301700,True,1.0,0.0,-1.0,1.0,1.0,0.0,0.0,0.0,0.0,0.0,0.0,0.0,0.0,0.0,0.0,0.0,0.0,0.0,1.0,1.0,0.0,47.884550672,56.74928332,8.864732648,1170.342959,2195.502415,1025.1594559999999,1169.449264,2194.11704,1024.667776,0.42144,0.91312,0.49168000000000006,0.472255,0.472255,0.0,10.789533,10.789533,0.0,0.0,0.0,0.0,0.0,0.0,0.0,4.0,1.0,-3.0,0.0,0.0,0.0,0.0,0.0,0.0,0.0,0.0,0.0,2.0,5.0,3.0,11.62425253736051,6.43769685354385,-5.18655568381666
frozen_check,dt_handoff_drl,7,frozen_check_04,window_us_101_off44288_len24_t1118848382600_1118848384900,j_1103741,us_101,44288,24,1118848382600,1118848384900,True,0.0,0.0,0.0,1.0,1.0,0.0,1.0,1.0,0.0,0.0,0.0,0.0,0.0,0.0,0.0,0.0,0.0,0.0,1.0,1.0,0.0,189.35671569830214,189.35671569830214,0.0,319.626074,319.626074,0.0,318.488808,318.488808,0.0,0.0,0.0,0.0,1.137266,1.137266,0.0,144.19689573830215,144.19689573830215,0.0,0.0,4.0,4.0,0.0,0.0,0.0,7.0,3.0,-4.0,0.0,0.0,0.0,0.0,0.0,0.0,0.0,0.0,0.0,0.0,4.0,4.0,-1.29737474494013,-1.29737474494013,0.0
frozen_check,dt_handoff_drl,7,frozen_check_05,window_us_101_off45408_len24_t1118848494600_1118848496900,j_1067730,us_101,45408,24,1118848494600,1118848496900,True,1.0,1.0,0.0,1.0,1.0,0.0,0.0,0.0,0.0,0.0,0.0,0.0,0.0,0.0,0.0,0.0,0.0,0.0,1.0,1.0,0.0,27.9299664,27.954400352,0.024433951999998982,28.93955,28.942294,0.0027439999999998577,28.925832,28.925832,0.0,0.013718,0.016462,0.0027440000000000016,0.0,0.0,0.0,0.0,0.0,0.0,0.0,0.0,0.0,0.0,0.0,0.0,2.0,1.0,-1.0,0.0,0.0,0.0,0.0,0.0,0.0,0.0,0.0,0.0,5.0,6.0,1.0,15.752126659892895,15.750170665958322,-0.001955993934572575
frozen_check,dt_handoff_drl,7,frozen_check_06,window_us_101_off51136_len24_t1118849067400_1118849069700,j_11064,us_101,51136,24,1118849067400,1118849069700,True,0.0,0.0,0.0,1.0,1.0,0.0,0.0,0.0,0.0,0.0,0.0,0.0,0.0,0.0,0.0,0.0,0.0,0.0,1.0,1.0,0.0,55.588118998386996,55.588118998386996,0.0,1025.515907,1025.515907,0.0,1024.667776,1024.667776,0.0,0.0,0.0,0.0,0.848131,0.848131,0.0,23.654612742386995,23.654612742386995,0.0,0.0,5.0,5.0,0.0,0.0,0.0,6.0,1.0,-5.0,0.0,0.0,0.0,0.0,0.0,0.0,0.0,0.0,0.0,0.0,5.0,5.0,7.075407422720857,7.075407422720857,0.0
frozen_check,dt_handoff_drl,7,frozen_check_07,window_us_101_off52632_len24_t1118849217000_1118849219300,j_1069624,us_101,52632,24,1118849217000,1118849219300,True,0.0,0.0,0.0,1.0,1.0,0.0,1.0,1.0,0.0,0.0,0.0,0.0,0.0,0.0,0.0,0.0,0.0,0.0,1.0,1.0,0.0,211.88543219924327,203.85386679924326,-8.031565400000005,2495.389352,2495.100217,-0.2891349999999875,2493.32196,2493.32196,0.0,0.24584,0.24584,0.0,1.821552,1.532417,-0.28913500000000014,45.00776711924327,45.00776711924327,0.0,0.0,2.0,2.0,0.0,0.0,0.0,6.0,3.0,-3.0,0.0,0.0,0.0,3.0,2.0,-1.0,0.0,0.0,0.0,1.0,5.0,4.0,1.887159206074191,2.5298190770504974,0.6426598709763063
frozen_check,mappo,17,frozen_check_00,window_us_101_off40376_len24_t1118847991400_1118847993700,j_1097456,us_101,40376,24,1118847991400,1118847993700,True,0.0,0.0,0.0,1.0,1.0,0.0,1.0,0.0,-1.0,0.0,0.0,0.0,0.0,0.0,0.0,0.0,0.0,0.0,1.0,1.0,0.0,150.085779088,91.37197900000001,-58.713800088,165.385761,328.51925,163.133489,164.065376,328.130752,164.065376,0.0,0.012622,0.012622,1.320385,0.375876,-0.9445089999999999,122.281374,61.14068700000001,-61.14068699999999,0.0,0.0,0.0,0.0,0.0,0.0,7.0,2.0,-5.0,0.0,0.0,0.0,0.0,0.0,0.0,0.0,0.0,0.0,0.0,5.0,5.0,1.9161239265903696,6.537262983139626,4.621139056549256
frozen_check,mappo,17,frozen_check_01,window_us_101_off40488_len24_t1118848002600_1118848004900,j_1065729,us_101,40488,24,1118848002600,1118848004900,True,0.0,1.0,1.0,1.0,1.0,0.0,0.0,0.0,0.0,0.0,0.0,0.0,0.0,0.0,0.0,0.0,0.0,0.0,1.0,1.0,0.0,147.19335676075775,44.0104928,-103.18286396075774,165.289383,174.93652,9.647137000000015,164.065376,173.70732,9.641944000000024,0.0,1.2292,1.2292,1.224007,0.0,-1.224007,103.98821744075778,0.0,-103.98821744075778,0.0,0.0,0.0,0.0,0.0,0.0,7.0,0.0,-7.0,0.0,0.0,0.0,0.0,0.0,0.0,0.0,0.0,0.0,0.0,7.0,7.0,2.147562592273297,14.397699410899666,12.25013681862637
frozen_check,mappo,17,frozen_check_02,window_us_101_off40640_len24_t1118848017800_1118848020100,j_1101642,us_101,40640,24,1118848017800,1118848020100,True,0.0,0.0,0.0,1.0,1.0,0.0,0.0,0.0,0.0,0.0,0.0,0.0,0.0,0.0,0.0,0.0,0.0,0.0,1.0,1.0,0.0,74.73005142316467,89.59605852158234,14.866007098417668,1025.515907,3219.261461,2193.745554,1024.667776,3218.784816,2194.11704,0.0,0.00439,0.00439,0.848131,0.472255,-0.375876,42.79848316716467,38.48266883358234,-4.315814333582331,0.0,2.0,2.0,0.0,0.0,0.0,5.0,2.0,-3.0,0.0,0.0,0.0,0.0,0.0,0.0,0.0,0.0,0.0,0.0,3.0,3.0,3.544052828738642,1.333229882163959,-2.210822946574683
frozen_check,mappo,17,frozen_check_03,window_us_101_off43456_len24_t1118848299400_1118848301700,j_1065807,us_101,43456,24,1118848299400,1118848301700,True,0.0,0.0,0.0,1.0,1.0,0.0,1.0,0.0,-1.0,0.0,1.0,1.0,0.0,1.0,1.0,0.0,2.0,2.0,1.0,1.0,0.0,69.43442816000001,101.8552198,32.42079163999999,1170.297395,2195.080975,1024.7835799999998,1169.449264,2194.11704,1024.667776,0.0,0.49168,0.49168,0.848131,0.472255,-0.375876,32.368599,53.947665,21.579065999999997,0.0,3.0,3.0,0.0,1.0,1.0,6.0,1.0,-5.0,0.0,0.0,0.0,0.0,0.0,0.0,0.0,0.0,0.0,0.0,6.0,6.0,5.900283555711406,-0.17058181656322713,-6.070865372274633
frozen_check,mappo,17,frozen_check_04,window_us_101_off44288_len24_t1118848382600_1118848384900,j_1103741,us_101,44288,24,1118848382600,1118848384900,True,0.0,0.0,0.0,1.0,1.0,0.0,1.0,1.0,0.0,0.0,0.0,0.0,0.0,0.0,0.0,0.0,0.0,0.0,1.0,1.0,0.0,189.35671569830214,189.35671569830214,0.0,319.626074,319.626074,0.0,318.488808,318.488808,0.0,0.0,0.0,0.0,1.137266,1.137266,0.0,144.19689573830215,144.19689573830215,0.0,0.0,4.0,4.0,0.0,0.0,0.0,7.0,3.0,-4.0,0.0,0.0,0.0,0.0,0.0,0.0,0.0,0.0,0.0,0.0,4.0,4.0,-1.29737474494013,-1.29737474494013,0.0
frozen_check,mappo,17,frozen_check_05,window_us_101_off45408_len24_t1118848494600_1118848496900,j_1067730,us_101,45408,24,1118848494600,1118848496900,True,0.0,1.0,1.0,1.0,1.0,0.0,1.0,0.0,-1.0,0.0,1.0,1.0,0.0,2.0,2.0,0.0,4.0,4.0,1.0,1.0,0.0,135.386505232,32.001142992,-103.38536223999999,20.421154,29.233624,8.812469999999998,19.283888,28.925832,9.641943999999999,0.0,0.018657,0.018657,1.137266,0.289135,-0.8481310000000002,107.89533,0.0,-107.89533,0.0,2.0,2.0,0.0,2.0,2.0,7.0,0.0,-7.0,0.0,0.0,0.0,0.0,0.0,0.0,0.0,0.0,0.0,0.0,9.0,9.0,3.1595702405800505,9.426295593655489,6.266725353075438
frozen_check,mappo,17,frozen_check_06,window_us_101_off51136_len24_t1118849067400_1118849069700,j_11064,us_101,51136,24,1118849067400,1118849069700,True,0.0,0.0,0.0,1.0,1.0,0.0,0.0,0.0,0.0,0.0,0.0,0.0,0.0,0.0,0.0,0.0,0.0,0.0,1.0,1.0,0.0,55.588118998386996,55.588118998386996,0.0,1025.515907,1025.515907,0.0,1024.667776,1024.667776,0.0,0.0,0.0,0.0,0.848131,0.848131,0.0,23.654612742386995,23.654612742386995,0.0,0.0,3.0,3.0,0.0,0.0,0.0,6.0,3.0,-3.0,0.0,0.0,0.0,0.0,0.0,0.0,0.0,0.0,0.0,0.0,3.0,3.0,7.075407422720857,7.075407422720857,0.0
frozen_check,mappo,17,frozen_check_07,window_us_101_off52632_len24_t1118849217000_1118849219300,j_1069624,us_101,52632,24,1118849217000,1118849219300,True,0.0,0.0,0.0,1.0,1.0,0.0,1.0,1.0,0.0,0.0,0.0,0.0,0.0,0.0,0.0,0.0,0.0,0.0,1.0,1.0,0.0,198.95239859169538,198.98664419169538,0.03424559999999133,2503.927688,2504.173528,0.24583999999958905,2502.963904,2502.963904,0.0,0.0,0.24584,0.24584,0.963784,0.963784,0.0,55.48902807169537,55.48902807169537,0.0,0.0,0.0,0.0,0.0,0.0,0.0,10.0,7.0,-3.0,0.0,0.0,0.0,0.0,0.0,0.0,0.0,0.0,0.0,0.0,3.0,3.0,2.9178259221447975,2.9149717959739254,-0.0028541261708721066
frozen_check,mappo,29,frozen_check_00,window_us_101_off40376_len24_t1118847991400_1118847993700,j_1097456,us_101,40376,24,1118847991400,1118847993700,True,0.0,0.0,0.0,1.0,1.0,0.0,1.0,0.0,-1.0,0.0,0.0,0.0,0.0,0.0,0.0,0.0,0.0,0.0,1.0,1.0,0.0,150.085779088,91.37197900000001,-58.713800088,165.385761,328.51925,163.133489,164.065376,328.130752,164.065376,0.0,0.012622,0.012622,1.320385,0.375876,-0.9445089999999999,122.281374,61.14068700000001,-61.14068699999999,0.0,0.0,0.0,0.0,0.0,0.0,7.0,2.0,-5.0,0.0,0.0,0.0,0.0,0.0,0.0,0.0,0.0,0.0,0.0,5.0,5.0,1.9161239265903696,6.537262983139626,4.621139056549256
frozen_check,mappo,29,frozen_check_01,window_us_101_off40488_len24_t1118848002600_1118848004900,j_1065729,us_101,40488,24,1118848002600,1118848004900,True,0.0,0.0,0.0,1.0,1.0,0.0,0.0,0.0,0.0,0.0,0.0,0.0,0.0,0.0,0.0,0.0,0.0,0.0,1.0,1.0,0.0,147.19335676075775,117.5610486374394,-29.632308123318353,165.289383,174.680236,9.390853000000021,164.065376,173.70732,9.641944000000024,0.0,0.59704,0.59704,1.224007,0.375876,-0.8481310000000001,103.98821744075778,73.61404319743941,-30.374174243318365,0.0,0.0,0.0,0.0,0.0,0.0,7.0,2.0,-5.0,0.0,0.0,0.0,0.0,0.0,0.0,0.0,0.0,0.0,0.0,5.0,5.0,2.147562592273297,4.513774285441867,2.3662116931685704
frozen_check,mappo,29,frozen_check_02,window_us_101_off40640_len24_t1118848017800_1118848020100,j_1101642,us_101,40640,24,1118848017800,1118848020100,True,0.0,0.0,0.0,1.0,1.0,0.0,0.0,0.0,0.0,0.0,0.0,0.0,0.0,0.0,0.0,0.0,0.0,0.0,1.0,1.0,0.0,74.73005142316467,89.59605852158234,14.866007098417668,1025.515907,3219.261461,2193.745554,1024.667776,3218.784816,2194.11704,0.0,0.00439,0.00439,0.848131,0.472255,-0.375876,42.79848316716467,38.48266883358234,-4.315814333582331,0.0,1.0,1.0,0.0,0.0,0.0,5.0,3.0,-2.0,0.0,0.0,0.0,0.0,0.0,0.0,0.0,0.0,0.0,0.0,2.0,2.0,3.544052828738642,1.333229882163959,-2.210822946574683
frozen_check,mappo,29,frozen_check_03,window_us_101_off43456_len24_t1118848299400_1118848301700,j_1065807,us_101,43456,24,1118848299400,1118848301700,True,0.0,0.0,0.0,1.0,1.0,0.0,1.0,1.0,0.0,0.0,0.0,0.0,0.0,0.0,0.0,0.0,0.0,0.0,1.0,1.0,0.0,69.43442816000001,69.48662368000001,0.05219551999999794,1170.297395,1170.718835,0.4214399999998477,1169.449264,1169.449264,0.0,0.0,0.42144,0.42144,0.848131,0.848131,0.0,32.368599,32.368599,0.0,0.0,0.0,0.0,0.0,0.0,0.0,6.0,4.0,-2.0,0.0,0.0,0.0,0.0,0.0,0.0,0.0,0.0,0.0,0.0,2.0,2.0,5.900283555711406,5.895911665818482,-0.004371889892923697
frozen_check,mappo,29,frozen_check_04,window_us_101_off44288_len24_t1118848382600_1118848384900,j_1103741,us_101,44288,24,1118848382600,1118848384900,True,0.0,0.0,0.0,1.0,1.0,0.0,1.0,1.0,0.0,0.0,0.0,0.0,0.0,0.0,0.0,0.0,0.0,0.0,1.0,1.0,0.0,189.35671569830214,189.35671569830214,0.0,319.626074,319.626074,0.0,318.488808,318.488808,0.0,0.0,0.0,0.0,1.137266,1.137266,0.0,144.19689573830215,144.19689573830215,0.0,0.0,0.0,0.0,0.0,0.0,0.0,7.0,7.0,0.0,0.0,0.0,0.0,0.0,0.0,0.0,0.0,0.0,0.0,0.0,0.0,0.0,-1.29737474494013,-1.29737474494013,0.0
frozen_check,mappo,29,frozen_check_05,window_us_101_off45408_len24_t1118848494600_1118848496900,j_1067730,us_101,45408,24,1118848494600,1118848496900,True,0.0,1.0,1.0,1.0,1.0,0.0,1.0,0.0,-1.0,0.0,0.0,0.0,0.0,0.0,0.0,0.0,0.0,0.0,1.0,1.0,0.0,135.386505232,27.954400352,-107.43210488,20.421154,28.942294,8.521139999999999,19.283888,28.925832,9.641943999999999,0.0,0.016462,0.016462,1.137266,0.0,-1.137266,107.89533,0.0,-107.89533,0.0,0.0,0.0,0.0,0.0,0.0,7.0,1.0,-6.0,0.0,0.0,0.0,0.0,0.0,0.0,0.0,0.0,0.0,0.0,6.0,6.0,3.1595702405800505,15.750170665958322,12.590600425378272
frozen_check,mappo,29,frozen_check_06,window_us_101_off51136_len24_t1118849067400_1118849069700,j_11064,us_101,51136,24,1118849067400,1118849069700,True,0.0,0.0,0.0,1.0,1.0,0.0,0.0,0.0,0.0,0.0,0.0,0.0,0.0,0.0,0.0,0.0,0.0,0.0,1.0,1.0,0.0,55.588118998386996,55.588118998386996,0.0,1025.515907,1025.515907,0.0,1024.667776,1024.667776,0.0,0.0,0.0,0.0,0.848131,0.848131,0.0,23.654612742386995,23.654612742386995,0.0,0.0,0.0,0.0,0.0,0.0,0.0,6.0,6.0,0.0,0.0,0.0,0.0,0.0,0.0,0.0,0.0,0.0,0.0,0.0,0.0,0.0,7.075407422720857,7.075407422720857,0.0
frozen_check,mappo,29,frozen_check_07,window_us_101_off52632_len24_t1118849217000_1118849219300,j_1069624,us_101,52632,24,1118849217000,1118849219300,True,0.0,0.0,0.0,1.0,1.0,0.0,1.0,1.0,0.0,0.0,0.0,0.0,0.0,0.0,0.0,0.0,0.0,0.0,1.0,1.0,0.0,198.95239859169538,198.98664419169538,0.03424559999999133,2503.927688,2504.173528,0.24583999999958905,2502.963904,2502.963904,0.0,0.0,0.24584,0.24584,0.963784,0.963784,0.0,55.48902807169537,55.48902807169537,0.0,0.0,0.0,0.0,0.0,0.0,0.0,10.0,8.0,-2.0,0.0,0.0,0.0,0.0,0.0,0.0,0.0,0.0,0.0,0.0,2.0,2.0,2.9178259221447975,2.9149717959739254,-0.0028541261708721066
frozen_check,mappo,43,frozen_check_00,window_us_101_off40376_len24_t1118847991400_1118847993700,j_1097456,us_101,40376,24,1118847991400,1118847993700,True,0.0,0.0,0.0,1.0,1.0,0.0,1.0,0.0,-1.0,1.0,0.0,-1.0,2.0,0.0,-2.0,4.0,0.0,-4.0,1.0,1.0,0.0,151.64537557600002,91.37197900000001,-60.27339657600001,492.868822,328.51925,-164.34957200000002,492.196128,328.130752,-164.06537600000001,0.007683,0.012622,0.004939,0.665011,0.375876,-0.28913500000000003,115.08835200000001,61.14068700000001,-53.94766500000001,0.0,0.0,0.0,1.0,0.0,-1.0,1.0,2.0,1.0,5.0,0.0,-5.0,0.0,0.0,0.0,0.0,0.0,0.0,3.0,5.0,2.0,-4.3611399762063705,6.537262983139626,10.898402959345997
frozen_check,mappo,43,frozen_check_01,window_us_101_off40488_len24_t1118848002600_1118848004900,j_1065729,us_101,40488,24,1118848002600,1118848004900,True,1.0,0.0,-1.0,1.0,1.0,0.0,0.0,0.0,0.0,0.0,0.0,0.0,0.0,0.0,0.0,0.0,0.0,0.0,1.0,1.0,0.0,43.916184799999996,117.5610486374394,73.6448638374394,174.40972,174.680236,0.27051600000001486,173.70732,173.70732,0.0,0.7024,0.59704,-0.10536000000000001,0.0,0.375876,0.375876,0.0,73.61404319743941,73.61404319743941,0.0,0.0,0.0,0.0,0.0,0.0,0.0,3.0,3.0,3.0,0.0,-3.0,0.0,0.0,0.0,0.0,0.0,0.0,4.0,4.0,0.0,14.405489361265818,4.513774285441867,-9.891715075823951
frozen_check,mappo,43,frozen_check_02,window_us_101_off40640_len24_t1118848017800_1118848020100,j_1101642,us_101,40640,24,1118848017800,1118848020100,True,0.0,0.0,0.0,1.0,1.0,0.0,1.0,0.0,-1.0,1.0,0.0,-1.0,2.0,0.0,-2.0,4.0,0.0,-4.0,1.0,1.0,0.0,113.67292898716467,89.59605852158234,-24.07687046558233,4388.997665,3219.261461,-1169.7362039999998,4388.23408,3218.784816,-1169.4492640000003,0.002195,0.00439,0.002195,0.76139,0.472255,-0.28913500000000003,48.19324966716467,38.48266883358234,-9.710580833582334,0.0,1.0,1.0,1.0,0.0,-1.0,3.0,3.0,0.0,3.0,0.0,-3.0,0.0,0.0,0.0,0.0,0.0,0.0,1.0,2.0,1.0,-7.137620621647736,1.333229882163959,8.470850503811695
frozen_check,mappo,43,frozen_check_03,window_us_101_off43456_len24_t1118848299400_1118848301700,j_1065807,us_101,43456,24,1118848299400,1118848301700,True,0.0,0.0,0.0,1.0,1.0,0.0,0.0,0.0,0.0,1.0,0.0,-1.0,1.0,0.0,-1.0,2.0,0.0,-2.0,1.0,1.0,0.0,112.64299500000001,56.74928332,-55.89371168000001,2195.41275,2195.502415,0.08966499999996813,2194.11704,2194.11704,0.0,0.3512,0.91312,0.56192,0.94451,0.472255,-0.472255,64.737198,10.789533,-53.94766500000001,1.0,0.0,-1.0,1.0,0.0,-1.0,1.0,1.0,0.0,3.0,0.0,-3.0,0.0,0.0,0.0,0.0,0.0,0.0,3.0,5.0,2.0,-1.0337583273368236,6.43769685354385,7.471455180880673
frozen_check,mappo,43,frozen_check_04,window_us_101_off44288_len24_t1118848382600_1118848384900,j_1103741,us_101,44288,24,1118848382600,1118848384900,True,0.0,0.0,0.0,1.0,1.0,0.0,1.0,1.0,0.0,1.0,0.0,-1.0,3.0,0.0,-3.0,6.0,0.0,-6.0,1.0,1.0,0.0,224.1923555318845,189.35671569830214,-34.83563983358235,493.805649,319.626074,-174.179575,492.196128,318.488808,-173.70731999999998,0.0,0.0,0.0,1.609521,1.137266,-0.47225499999999987,164.69700957188448,144.19689573830215,-20.500113833582333,2.0,0.0,-2.0,1.0,0.0,-1.0,2.0,7.0,5.0,6.0,0.0,-6.0,0.0,0.0,0.0,0.0,0.0,0.0,2.0,0.0,-2.0,-13.165334616743932,-1.29737474494013,11.867959871803802
frozen_check,mappo,43,frozen_check_05,window_us_101_off45408_len24_t1118848494600_1118848496900,j_1067730,us_101,45408,24,1118848494600,1118848496900,True,1.0,1.0,0.0,1.0,1.0,0.0,0.0,0.0,0.0,1.0,0.0,-1.0,2.0,0.0,-2.0,4.0,0.0,-4.0,1.0,1.0,0.0,31.952283872,27.954400352,-3.9978835199999985,29.229234,28.942294,-0.2869400000000013,28.925832,28.925832,0.0,0.014267,0.016462,0.0021950000000000008,0.289135,0.0,-0.289135,0.0,0.0,0.0,1.0,0.0,-1.0,2.0,0.0,-2.0,0.0,1.0,1.0,3.0,0.0,-3.0,0.0,0.0,0.0,0.0,0.0,0.0,6.0,6.0,0.0,9.430206367508541,15.750170665958322,6.319964298449781
frozen_check,mappo,43,frozen_check_06,window_us_101_off51136_len24_t1118849067400_1118849069700,j_11064,us_101,51136,24,1118849067400,1118849069700,True,0.0,0.0,0.0,1.0,1.0,0.0,0.0,0.0,0.0,0.0,0.0,0.0,0.0,0.0,0.0,0.0,0.0,0.0,1.0,1.0,0.0,55.588118998386996,55.588118998386996,0.0,1025.515907,1025.515907,0.0,1024.667776,1024.667776,0.0,0.0,0.0,0.0,0.848131,0.848131,0.0,23.654612742386995,23.654612742386995,0.0,2.0,0.0,-2.0,0.0,0.0,0.0,0.0,6.0,6.0,4.0,0.0,-4.0,0.0,0.0,0.0,0.0,0.0,0.0,2.0,0.0,-2.0,7.075407422720857,7.075407422720857,0.0
frozen_check,mappo,43,frozen_check_07,window_us_101_off52632_len24_t1118849217000_1118849219300,j_1069624,us_101,52632,24,1118849217000,1118849219300,True,0.0,0.0,0.0,1.0,1.0,0.0,1.0,1.0,0.0,1.0,0.0,-1.0,5.0,0.0,-5.0,10.0,0.0,-10.0,1.0,1.0,0.0,176.41201843019164,198.98664419169538,22.57462576150374,2504.788531,2504.173528,-0.6150030000003426,2502.963904,2502.963904,0.0,1.0536,0.24584,-0.80776,0.771027,0.963784,0.19275699999999996,22.812154190191627,55.48902807169537,32.676873881503745,0.0,0.0,0.0,3.0,0.0,-3.0,2.0,8.0,6.0,8.0,0.0,-8.0,0.0,0.0,0.0,0.0,0.0,0.0,5.0,2.0,-3.0,-10.279344526194453,2.9149717959739254,13.19431632216838
frozen_check,mappo,61,frozen_check_00,window_us_101_off40376_len24_t1118847991400_1118847993700,j_1097456,us_101,40376,24,1118847991400,1118847993700,True,0.0,0.0,0.0,1.0,1.0,0.0,1.0,0.0,-1.0,0.0,0.0,0.0,0.0,0.0,0.0,0.0,0.0,0.0,1.0,1.0,0.0,150.085779088,91.37197900000001,-58.713800088,165.385761,328.51925,163.133489,164.065376,328.130752,164.065376,0.0,0.012622,0.012622,1.320385,0.375876,-0.9445089999999999,122.281374,61.14068700000001,-61.14068699999999,0.0,0.0,0.0,0.0,0.0,0.0,7.0,2.0,-5.0,0.0,0.0,0.0,0.0,0.0,0.0,0.0,0.0,0.0,0.0,5.0,5.0,1.9161239265903696,6.537262983139626,4.621139056549256
frozen_check,mappo,61,frozen_check_01,window_us_101_off40488_len24_t1118848002600_1118848004900,j_1065729,us_101,40488,24,1118848002600,1118848004900,True,0.0,1.0,1.0,1.0,1.0,0.0,0.0,0.0,0.0,0.0,0.0,0.0,0.0,0.0,0.0,0.0,0.0,0.0,1.0,1.0,0.0,147.19335676075775,44.0104928,-103.18286396075774,165.289383,174.93652,9.647137000000015,164.065376,173.70732,9.641944000000024,0.0,1.2292,1.2292,1.224007,0.0,-1.224007,103.98821744075778,0.0,-103.98821744075778,0.0,0.0,0.0,0.0,0.0,0.0,7.0,0.0,-7.0,0.0,0.0,0.0,0.0,0.0,0.0,0.0,0.0,0.0,0.0,7.0,7.0,2.147562592273297,14.397699410899666,12.25013681862637
frozen_check,mappo,61,frozen_check_02,window_us_101_off40640_len24_t1118848017800_1118848020100,j_1101642,us_101,40640,24,1118848017800,1118848020100,True,0.0,0.0,0.0,1.0,1.0,0.0,0.0,0.0,0.0,0.0,0.0,0.0,0.0,0.0,0.0,0.0,0.0,0.0,1.0,1.0,0.0,74.73005142316467,89.59605852158234,14.866007098417668,1025.515907,3219.261461,2193.745554,1024.667776,3218.784816,2194.11704,0.0,0.00439,0.00439,0.848131,0.472255,-0.375876,42.79848316716467,38.48266883358234,-4.315814333582331,0.0,2.0,2.0,0.0,0.0,0.0,5.0,2.0,-3.0,0.0,0.0,0.0,0.0,0.0,0.0,0.0,0.0,0.0,0.0,3.0,3.0,3.544052828738642,1.333229882163959,-2.210822946574683
frozen_check,mappo,61,frozen_check_03,window_us_101_off43456_len24_t1118848299400_1118848301700,j_1065807,us_101,43456,24,1118848299400,1118848301700,True,0.0,0.0,0.0,1.0,1.0,0.0,1.0,0.0,-1.0,0.0,0.0,0.0,0.0,0.0,0.0,0.0,0.0,0.0,1.0,1.0,0.0,69.43442816000001,56.74928332,-12.685144840000007,1170.297395,2195.502415,1025.2050199999999,1169.449264,2194.11704,1024.667776,0.0,0.91312,0.91312,0.848131,0.472255,-0.375876,32.368599,10.789533,-21.579066000000005,0.0,0.0,0.0,0.0,0.0,0.0,6.0,1.0,-5.0,0.0,0.0,0.0,0.0,0.0,0.0,0.0,0.0,0.0,0.0,5.0,5.0,5.900283555711406,6.43769685354385,0.537413297832444
frozen_check,mappo,61,frozen_check_04,window_us_101_off44288_len24_t1118848382600_1118848384900,j_1103741,us_101,44288,24,1118848382600,1118848384900,True,0.0,0.0,0.0,1.0,1.0,0.0,1.0,1.0,0.0,0.0,0.0,0.0,0.0,0.0,0.0,0.0,0.0,0.0,1.0,1.0,0.0,189.35671569830214,189.35671569830214,0.0,319.626074,319.626074,0.0,318.488808,318.488808,0.0,0.0,0.0,0.0,1.137266,1.137266,0.0,144.19689573830215,144.19689573830215,0.0,0.0,1.0,1.0,0.0,0.0,0.0,7.0,6.0,-1.0,0.0,0.0,0.0,0.0,0.0,0.0,0.0,0.0,0.0,0.0,1.0,1.0,-1.29737474494013,-1.29737474494013,0.0
frozen_check,mappo,61,frozen_check_05,window_us_101_off45408_len24_t1118848494600_1118848496900,j_1067730,us_101,45408,24,1118848494600,1118848496900,True,0.0,1.0,1.0,1.0,1.0,0.0,1.0,0.0,-1.0,0.0,0.0,0.0,0.0,0.0,0.0,0.0,0.0,0.0,1.0,1.0,0.0,135.386505232,27.954400352,-107.43210488,20.421154,28.942294,8.521139999999999,19.283888,28.925832,9.641943999999999,0.0,0.016462,0.016462,1.137266,0.0,-1.137266,107.89533,0.0,-107.89533,0.0,0.0,0.0,0.0,0.0,0.0,7.0,1.0,-6.0,0.0,0.0,0.0,0.0,0.0,0.0,0.0,0.0,0.0,0.0,6.0,6.0,3.1595702405800505,15.750170665958322,12.590600425378272
frozen_check,mappo,61,frozen_check_06,window_us_101_off51136_len24_t1118849067400_1118849069700,j_11064,us_101,51136,24,1118849067400,1118849069700,True,0.0,0.0,0.0,1.0,1.0,0.0,0.0,0.0,0.0,0.0,0.0,0.0,0.0,0.0,0.0,0.0,0.0,0.0,1.0,1.0,0.0,55.588118998386996,55.588118998386996,0.0,1025.515907,1025.515907,0.0,1024.667776,1024.667776,0.0,0.0,0.0,0.0,0.848131,0.848131,0.0,23.654612742386995,23.654612742386995,0.0,0.0,2.0,2.0,0.0,0.0,0.0,6.0,4.0,-2.0,0.0,0.0,0.0,0.0,0.0,0.0,0.0,0.0,0.0,0.0,2.0,2.0,7.075407422720857,7.075407422720857,0.0
frozen_check,mappo,61,frozen_check_07,window_us_101_off52632_len24_t1118849217000_1118849219300,j_1069624,us_101,52632,24,1118849217000,1118849219300,True,0.0,0.0,0.0,1.0,1.0,0.0,1.0,1.0,0.0,0.0,0.0,0.0,0.0,0.0,0.0,0.0,0.0,0.0,1.0,1.0,0.0,198.95239859169538,198.98664419169538,0.03424559999999133,2503.927688,2504.173528,0.24583999999958905,2502.963904,2502.963904,0.0,0.0,0.24584,0.24584,0.963784,0.963784,0.0,55.48902807169537,55.48902807169537,0.0,0.0,1.0,1.0,0.0,0.0,0.0,10.0,6.0,-4.0,0.0,0.0,0.0,0.0,0.0,0.0,0.0,0.0,0.0,0.0,4.0,4.0,2.9178259221447975,2.9149717959739254,-0.0028541261708721066
frozen_check,mappo,7,frozen_check_00,window_us_101_off40376_len24_t1118847991400_1118847993700,j_1097456,us_101,40376,24,1118847991400,1118847993700,True,0.0,0.0,0.0,1.0,1.0,0.0,0.0,1.0,1.0,0.0,1.0,1.0,0.0,3.0,3.0,0.0,6.0,6.0,1.0,1.0,0.0,91.37197900000001,60.1886204,-31.183358600000012,328.51925,492.780675,164.26142499999997,328.130752,492.196128,164.06537600000001,0.012622,0.015914,0.0032920000000000015,0.375876,0.568633,0.19275700000000007,61.14068700000001,21.579066,-39.561621,0.0,3.0,3.0,0.0,2.0,2.0,2.0,1.0,-1.0,0.0,0.0,0.0,0.0,0.0,0.0,0.0,0.0,0.0,5.0,9.0,4.0,6.537262983139626,-0.044558515480877636,-6.581821498620504
frozen_check,mappo,7,frozen_check_01,window_us_101_off40488_len24_t1118848002600_1118848004900,j_1065729,us_101,40488,24,1118848002600,1118848004900,True,1.0,1.0,0.0,1.0,1.0,0.0,0.0,0.0,0.0,0.0,0.0,0.0,0.0,0.0,0.0,0.0,0.0,0.0,1.0,1.0,0.0,44.0104928,44.0104928,0.0,174.93652,174.93652,0.0,173.70732,173.70732,0.0,1.2292,1.2292,0.0,0.0,0.0,0.0,0.0,0.0,0.0,0.0,0.0,0.0,0.0,0.0,0.0,0.0,0.0,0.0,0.0,0.0,0.0,0.0,0.0,0.0,0.0,0.0,0.0,7.0,7.0,0.0,14.397699410899666,14.397699410899666,0.0
frozen_check,mappo,7,frozen_check_02,window_us_101_off40640_len24_t1118848017800_1118848020100,j_1101642,us_101,40640,24,1118848017800,1118848020100,True,0.0,0.0,0.0,1.0,1.0,0.0,0.0,0.0,0.0,0.0,0.0,0.0,0.0,0.0,0.0,0.0,0.0,0.0,1.0,1.0,0.0,89.59605852158234,89.59605852158234,0.0,3219.261461,3219.261461,0.0,3218.784816,3218.784816,0.0,0.00439,0.00439,0.0,0.472255,0.472255,0.0,38.48266883358234,38.48266883358234,0.0,2.0,2.0,0.0,0.0,0.0,0.0,2.0,2.0,0.0,0.0,0.0,0.0,0.0,0.0,0.0,0.0,0.0,0.0,3.0,3.0,0.0,1.333229882163959,1.333229882163959,0.0
frozen_check,mappo,7,frozen_check_03,window_us_101_off43456_len24_t1118848299400_1118848301700,j_1065807,us_101,43456,24,1118848299400,1118848301700,True,0.0,0.0,0.0,1.0,1.0,0.0,0.0,0.0,0.0,0.0,1.0,1.0,0.0,1.0,1.0,0.0,2.0,2.0,1.0,1.0,0.0,56.74928332,101.8552198,45.10593648,2195.502415,2195.080975,-0.4214400000000751,2194.11704,2194.11704,0.0,0.91312,0.49168,-0.42144000000000004,0.472255,0.472255,0.0,10.789533,53.947665,43.158132,0.0,3.0,3.0,0.0,1.0,1.0,1.0,1.0,0.0,0.0,0.0,0.0,0.0,0.0,0.0,0.0,0.0,0.0,5.0,6.0,1.0,6.43769685354385,-0.17058181656322713,-6.608278670107077
frozen_check,mappo,7,frozen_check_04,window_us_101_off44288_len24_t1118848382600_1118848384900,j_1103741,us_101,44288,24,1118848382600,1118848384900,True,0.0,0.0,0.0,1.0,1.0,0.0,1.0,1.0,0.0,0.0,0.0,0.0,0.0,0.0,0.0,0.0,0.0,0.0,1.0,1.0,0.0,189.35671569830214,189.35671569830214,0.0,319.626074,319.626074,0.0,318.488808,318.488808,0.0,0.0,0.0,0.0,1.137266,1.137266,0.0,144.19689573830215,144.19689573830215,0.0,4.0,4.0,0.0,0.0,0.0,0.0,3.0,3.0,0.0,0.0,0.0,0.0,0.0,0.0,0.0,0.0,0.0,0.0,4.0,4.0,0.0,-1.29737474494013,-1.29737474494013,0.0
frozen_check,mappo,7,frozen_check_05,window_us_101_off45408_len24_t1118848494600_1118848496900,j_1067730,us_101,45408,24,1118848494600,1118848496900,True,1.0,1.0,0.0,1.0,1.0,0.0,0.0,0.0,0.0,0.0,1.0,1.0,0.0,2.0,2.0,0.0,4.0,4.0,1.0,1.0,0.0,27.954400352,32.001142992,4.046742639999998,28.942294,29.233624,0.29132999999999853,28.925832,28.925832,0.0,0.016462,0.018657,0.002194999999999999,0.0,0.289135,0.289135,0.0,0.0,0.0,0.0,2.0,2.0,0.0,2.0,2.0,1.0,0.0,-1.0,0.0,0.0,0.0,0.0,0.0,0.0,0.0,0.0,0.0,6.0,9.0,3.0,15.750170665958322,9.426295593655489,-6.323875072302833
frozen_check,mappo,7,frozen_check_06,window_us_101_off51136_len24_t1118849067400_1118849069700,j_11064,us_101,51136,24,1118849067400,1118849069700,True,0.0,0.0,0.0,1.0,1.0,0.0,0.0,0.0,0.0,0.0,0.0,0.0,0.0,0.0,0.0,0.0,0.0,0.0,1.0,1.0,0.0,55.588118998386996,63.611897038387,8.023778040000003,1025.515907,1025.988162,0.472255000000132,1024.667776,1024.667776,0.0,0.0,0.0,0.0,0.848131,1.320386,0.4722550000000001,23.654612742386995,23.654612742386995,0.0,5.0,4.0,-1.0,0.0,0.0,0.0,1.0,1.0,0.0,0.0,0.0,0.0,0.0,1.0,1.0,0.0,0.0,0.0,5.0,4.0,-1.0,7.075407422720857,6.43328526864962,-0.6421221540712372
frozen_check,mappo,7,frozen_check_07,window_us_101_off52632_len24_t1118849217000_1118849219300,j_1069624,us_101,52632,24,1118849217000,1118849219300,True,0.0,0.0,0.0,1.0,1.0,0.0,1.0,1.0,0.0,0.0,0.0,0.0,0.0,0.0,0.0,0.0,0.0,0.0,1.0,1.0,0.0,198.98664419169538,198.98664419169538,0.0,2504.173528,2504.173528,0.0,2502.963904,2502.963904,0.0,0.24584,0.24584,0.0,0.963784,0.963784,0.0,55.48902807169537,55.48902807169537,0.0,2.0,2.0,0.0,0.0,0.0,0.0,4.0,4.0,0.0,0.0,0.0,0.0,0.0,0.0,0.0,0.0,0.0,0.0,6.0,6.0,0.0,2.9149717959739254,2.9149717959739254,0.0
frozen_check,ppo,17,frozen_check_00,window_us_101_off40376_len24_t1118847991400_1118847993700,j_1097456,us_101,40376,24,1118847991400,1118847993700,True,0.0,0.0,0.0,1.0,1.0,0.0,1.0,1.0,0.0,0.0,0.0,0.0,0.0,0.0,0.0,0.0,0.0,0.0,1.0,1.0,0.0,150.085779088,150.085779088,0.0,165.385761,165.385761,0.0,164.065376,164.065376,0.0,0.0,0.0,0.0,1.320385,1.320385,0.0,122.281374,122.281374,0.0,0.0,0.0,0.0,0.0,0.0,0.0,7.0,7.0,0.0,0.0,0.0,0.0,0.0,0.0,0.0,0.0,0.0,0.0,0.0,0.0,0.0,1.9161239265903696,1.9161239265903696,0.0
frozen_check,ppo,17,frozen_check_01,window_us_101_off40488_len24_t1118848002600_1118848004900,j_1065729,us_101,40488,24,1118848002600,1118848004900,True,0.0,0.0,0.0,1.0,1.0,0.0,0.0,0.0,0.0,0.0,0.0,0.0,0.0,0.0,0.0,0.0,0.0,0.0,1.0,1.0,0.0,147.19335676075775,147.19335676075778,2.842170943040401e-14,165.289383,165.289383,0.0,164.065376,164.065376,0.0,0.0,0.0,0.0,1.224007,1.224007,0.0,103.98821744075778,103.9882174407578,1.4210854715202004e-14,0.0,0.0,0.0,0.0,0.0,0.0,7.0,7.0,0.0,0.0,0.0,0.0,0.0,0.0,0.0,0.0,0.0,0.0,0.0,0.0,0.0,2.147562592273297,2.147562592273295,-1.7763568394002505e-15
frozen_check,ppo,17,frozen_check_02,window_us_101_off40640_len24_t1118848017800_1118848020100,j_1101642,us_101,40640,24,1118848017800,1118848020100,True,0.0,0.0,0.0,1.0,1.0,0.0,0.0,0.0,0.0,0.0,0.0,0.0,0.0,0.0,0.0,0.0,0.0,0.0,1.0,1.0,0.0,74.73005142316467,74.73005142316467,0.0,1025.515907,1025.515907,0.0,1024.667776,1024.667776,0.0,0.0,0.0,0.0,0.848131,0.848131,0.0,42.79848316716467,42.79848316716467,0.0,0.0,0.0,0.0,0.0,0.0,0.0,5.0,5.0,0.0,0.0,0.0,0.0,0.0,0.0,0.0,0.0,0.0,0.0,0.0,0.0,0.0,3.544052828738642,3.544052828738642,0.0
frozen_check,ppo,17,frozen_check_03,window_us_101_off43456_len24_t1118848299400_1118848301700,j_1065807,us_101,43456,24,1118848299400,1118848301700,True,0.0,0.0,0.0,1.0,1.0,0.0,1.0,1.0,0.0,0.0,0.0,0.0,0.0,0.0,0.0,0.0,0.0,0.0,1.0,1.0,0.0,69.43442816000001,69.43442816000001,0.0,1170.297395,1170.297395,0.0,1169.449264,1169.449264,0.0,0.0,0.0,0.0,0.848131,0.848131,0.0,32.368599,32.368599,0.0,0.0,0.0,0.0,0.0,0.0,0.0,6.0,6.0,0.0,0.0,0.0,0.0,0.0,0.0,0.0,0.0,0.0,0.0,0.0,0.0,0.0,5.900283555711406,5.900283555711406,0.0
frozen_check,ppo,17,frozen_check_04,window_us_101_off44288_len24_t1118848382600_1118848384900,j_1103741,us_101,44288,24,1118848382600,1118848384900,True,0.0,0.0,0.0,1.0,1.0,0.0,1.0,1.0,0.0,0.0,0.0,0.0,0.0,0.0,0.0,0.0,0.0,0.0,1.0,1.0,0.0,189.35671569830214,189.35671569830214,0.0,319.626074,319.626074,0.0,318.488808,318.488808,0.0,0.0,0.0,0.0,1.137266,1.137266,0.0,144.19689573830215,144.19689573830215,0.0,0.0,0.0,0.0,0.0,0.0,0.0,7.0,7.0,0.0,0.0,0.0,0.0,0.0,0.0,0.0,0.0,0.0,0.0,0.0,0.0,0.0,-1.29737474494013,-1.29737474494013,0.0
frozen_check,ppo,17,frozen_check_05,window_us_101_off45408_len24_t1118848494600_1118848496900,j_1067730,us_101,45408,24,1118848494600,1118848496900,True,0.0,0.0,0.0,1.0,1.0,0.0,1.0,1.0,0.0,0.0,0.0,0.0,0.0,0.0,0.0,0.0,0.0,0.0,1.0,1.0,0.0,135.386505232,135.386505232,0.0,20.421154,20.421154,0.0,19.283888,19.283888,0.0,0.0,0.0,0.0,1.137266,1.137266,0.0,107.89533,107.89533,0.0,0.0,0.0,0.0,0.0,0.0,0.0,7.0,7.0,0.0,0.0,0.0,0.0,0.0,0.0,0.0,0.0,0.0,0.0,0.0,0.0,0.0,3.1595702405800505,3.1595702405800505,0.0
frozen_check,ppo,17,frozen_check_06,window_us_101_off51136_len24_t1118849067400_1118849069700,j_11064,us_101,51136,24,1118849067400,1118849069700,True,0.0,0.0,0.0,1.0,1.0,0.0,0.0,0.0,0.0,0.0,0.0,0.0,0.0,0.0,0.0,0.0,0.0,0.0,1.0,1.0,0.0,55.588118998386996,55.588118998386996,0.0,1025.515907,1025.515907,0.0,1024.667776,1024.667776,0.0,0.0,0.0,0.0,0.848131,0.848131,0.0,23.654612742386995,23.654612742386995,0.0,0.0,0.0,0.0,0.0,0.0,0.0,6.0,6.0,0.0,0.0,0.0,0.0,0.0,0.0,0.0,0.0,0.0,0.0,0.0,0.0,0.0,7.075407422720857,7.075407422720857,0.0
frozen_check,ppo,17,frozen_check_07,window_us_101_off52632_len24_t1118849217000_1118849219300,j_1069624,us_101,52632,24,1118849217000,1118849219300,True,0.0,0.0,0.0,1.0,1.0,0.0,1.0,1.0,0.0,0.0,0.0,0.0,0.0,0.0,0.0,0.0,0.0,0.0,1.0,1.0,0.0,198.95239859169538,198.95239859169538,0.0,2503.927688,2503.927688,0.0,2502.963904,2502.963904,0.0,0.0,0.0,0.0,0.963784,0.963784,0.0,55.48902807169537,55.48902807169537,0.0,0.0,0.0,0.0,0.0,0.0,0.0,10.0,10.0,0.0,0.0,0.0,0.0,0.0,0.0,0.0,0.0,0.0,0.0,0.0,0.0,0.0,2.9178259221447975,2.9178259221447975,0.0
frozen_check,ppo,29,frozen_check_00,window_us_101_off40376_len24_t1118847991400_1118847993700,j_1097456,us_101,40376,24,1118847991400,1118847993700,True,0.0,0.0,0.0,1.0,1.0,0.0,1.0,0.0,-1.0,0.0,0.0,0.0,0.0,0.0,0.0,0.0,0.0,0.0,1.0,1.0,0.0,150.085779088,65.4982142,-84.587564888,165.385761,2.081775,-163.303986,164.065376,0.0,-164.065376,0.0,0.0,0.0,1.320385,2.081775,0.76139,122.281374,0.0,-122.281374,0.0,0.0,0.0,0.0,0.0,0.0,7.0,2.0,-5.0,0.0,0.0,0.0,0.0,5.0,5.0,0.0,0.0,0.0,0.0,0.0,0.0,1.9161239265903696,8.759173461973615,6.843049535383246
frozen_check,ppo,29,frozen_check_01,window_us_101_off40488_len24_t1118848002600_1118848004900,j_1065729,us_101,40488,24,1118848002600,1118848004900,True,0.0,0.0,0.0,1.0,1.0,0.0,0.0,0.0,0.0,0.0,0.0,0.0,0.0,0.0,0.0,0.0,0.0,0.0,1.0,1.0,0.0,147.19335676075775,75.66551059999999,-71.52784616075776,165.289383,1.79264,-163.49674299999998,164.065376,0.0,-164.065376,0.0,0.0,0.0,1.224007,1.79264,0.5686329999999999,103.98821744075778,0.0,-103.98821744075778,0.0,0.0,0.0,0.0,0.0,0.0,7.0,2.0,-5.0,0.0,0.0,0.0,0.0,5.0,5.0,0.0,0.0,0.0,0.0,0.0,0.0,2.147562592273297,7.945924388949919,5.798361796676622
frozen_check,ppo,29,frozen_check_02,window_us_101_off40640_len24_t1118848017800_1118848020100,j_1101642,us_101,40640,24,1118848017800,1118848020100,True,0.0,1.0,1.0,1.0,1.0,0.0,0.0,0.0,0.0,0.0,0.0,0.0,0.0,0.0,0.0,0.0,0.0,0.0,1.0,1.0,0.0,74.73005142316467,47.166318128,-27.563733295164667,1025.515907,1.137266,-1024.378641,1024.667776,0.0,-1024.667776,0.0,0.0,0.0,0.848131,1.137266,0.28913500000000014,42.79848316716467,0.0,-42.79848316716467,0.0,0.0,0.0,0.0,0.0,0.0,5.0,2.0,-3.0,0.0,0.0,0.0,0.0,3.0,3.0,0.0,0.0,0.0,0.0,0.0,0.0,3.544052828738642,10.226164969010426,6.6821121402717845
frozen_check,ppo,29,frozen_check_03,window_us_101_off43456_len24_t1118848299400_1118848301700,j_1065807,us_101,43456,24,1118848299400,1118848301700,True,0.0,0.0,0.0,1.0,1.0,0.0,1.0,0.0,-1.0,0.0,0.0,0.0,0.0,0.0,0.0,0.0,0.0,0.0,1.0,1.0,0.0,77.45674124000001,66.76798613599999,-10.688755104000023,1170.58653,2.168517,-1168.418013,1169.449264,0.0,-1169.449264,0.0,0.0,0.0,1.137266,2.168517,1.031251,32.368599,0.0,-32.368599,0.0,0.0,0.0,0.0,0.0,0.0,5.0,1.0,-4.0,0.0,0.0,0.0,1.0,5.0,4.0,0.0,0.0,0.0,0.0,0.0,0.0,5.258363870335101,6.657551314702232,1.399187444367131
frozen_check,ppo,29,frozen_check_04,window_us_101_off44288_len24_t1118848382600_1118848384900,j_1103741,us_101,44288,24,1118848382600,1118848384900,True,0.0,0.0,0.0,1.0,1.0,0.0,1.0,1.0,0.0,0.0,0.0,0.0,0.0,0.0,0.0,0.0,0.0,0.0,1.0,1.0,0.0,189.35671569830214,78.76214908000001,-110.59456661830212,319.626074,2.457652,-317.168422,318.488808,0.0,-318.488808,0.0,0.0,0.0,1.137266,2.457652,1.3203859999999998,144.19689573830215,0.0,-144.19689573830215,0.0,0.0,0.0,0.0,0.0,0.0,7.0,1.0,-6.0,0.0,0.0,0.0,0.0,6.0,6.0,0.0,0.0,0.0,0.0,0.0,0.0,-1.29737474494013,7.697883640205925,8.995258385146055
frozen_check,ppo,29,frozen_check_05,window_us_101_off45408_len24_t1118848494600_1118848496900,j_1067730,us_101,45408,24,1118848494600,1118848496900,True,0.0,0.0,0.0,1.0,1.0,0.0,1.0,1.0,0.0,0.0,0.0,0.0,0.0,0.0,0.0,0.0,0.0,0.0,1.0,1.0,0.0,135.386505232,70.32903533599999,-65.057469896,20.421154,21.462042,1.040887999999999,19.283888,19.283888,0.0,0.0,0.0,0.0,1.137266,2.178154,1.040888,107.89533,10.789533,-97.105797,0.0,0.0,0.0,0.0,0.0,0.0,7.0,3.0,-4.0,0.0,0.0,0.0,0.0,4.0,4.0,0.0,0.0,0.0,0.0,0.0,0.0,3.1595702405800505,8.363683131014028,5.2041128904339775
frozen_check,ppo,29,frozen_check_06,window_us_101_off51136_len24_t1118849067400_1118849069700,j_11064,us_101,51136,24,1118849067400,1118849069700,True,0.0,0.0,0.0,1.0,1.0,0.0,0.0,0.0,0.0,0.0,0.0,0.0,0.0,0.0,0.0,0.0,0.0,0.0,1.0,1.0,0.0,55.588118998386996,55.193499128,-0.39461987038699675,1025.515907,1.792641,-1023.723266,1024.667776,0.0,-1024.667776,0.0,0.0,0.0,0.848131,1.792641,0.94451,23.654612742386995,0.0,-23.654612742386995,0.0,0.0,0.0,0.0,0.0,0.0,6.0,2.0,-4.0,0.0,0.0,0.0,0.0,4.0,4.0,0.0,0.0,0.0,0.0,0.0,0.0,7.075407422720857,7.583685306244259,0.5082778835234025
frozen_check,ppo,29,frozen_check_07,window_us_101_off52632_len24_t1118849217000_1118849219300,j_1069624,us_101,52632,24,1118849217000,1118849219300,True,0.0,0.0,0.0,1.0,1.0,0.0,1.0,1.0,0.0,0.0,0.0,0.0,0.0,0.0,0.0,0.0,0.0,0.0,1.0,1.0,0.0,223.06521399169532,104.42034251999999,-118.64487147169532,2505.248073,2.486563,-2502.7615100000003,2502.963904,0.0,-2502.963904,0.0,0.0,0.0,2.284169,2.486563,0.20239399999999996,55.48902807169537,0.0,-55.48902807169537,0.0,0.0,0.0,0.0,0.0,0.0,7.0,2.0,-5.0,0.0,0.0,0.0,3.0,8.0,5.0,0.0,0.0,0.0,0.0,0.0,0.0,0.9881858379659558,11.645214702272447,10.657028864306492
frozen_check,ppo,43,frozen_check_00,window_us_101_off40376_len24_t1118847991400_1118847993700,j_1097456,us_101,40376,24,1118847991400,1118847993700,True,0.0,0.0,0.0,1.0,1.0,0.0,1.0,1.0,0.0,0.0,0.0,0.0,0.0,0.0,0.0,0.0,0.0,0.0,1.0,1.0,0.0,102.61512316000001,102.61512316000001,0.0,1.60952,1.60952,0.0,0.0,0.0,0.0,0.0,0.0,0.0,1.60952,1.60952,0.0,61.140687,61.140687,0.0,0.0,0.0,0.0,0.0,0.0,0.0,5.0,5.0,0.0,0.0,0.0,0.0,2.0,2.0,0.0,0.0,0.0,0.0,0.0,0.0,0.0,5.7900406560448525,5.7900406560448525,0.0
frozen_check,ppo,43,frozen_check_01,window_us_101_off40488_len24_t1118848002600_1118848004900,j_1065729,us_101,40488,24,1118848002600,1118848004900,True,0.0,0.0,0.0,1.0,1.0,0.0,0.0,0.0,0.0,0.0,0.0,0.0,0.0,0.0,0.0,0.0,0.0,0.0,1.0,1.0,0.0,71.98132493358233,71.98132493358233,0.0,1.79264,1.79264,0.0,0.0,0.0,0.0,0.0,0.0,0.0,1.79264,1.79264,0.0,4.315814333582334,4.315814333582334,0.0,0.0,0.0,0.0,0.0,0.0,0.0,3.0,3.0,0.0,0.0,0.0,0.0,4.0,4.0,0.0,0.0,0.0,0.0,0.0,0.0,0.0,8.240659242263334,8.240659242263334,0.0
frozen_check,ppo,43,frozen_check_02,window_us_101_off40640_len24_t1118848017800_1118848020100,j_1101642,us_101,40640,24,1118848017800,1118848020100,True,1.0,1.0,0.0,1.0,1.0,0.0,0.0,0.0,0.0,0.0,0.0,0.0,0.0,0.0,0.0,0.0,0.0,0.0,1.0,1.0,0.0,43.48213246158234,43.48213246158234,0.0,1.137266,1.137266,0.0,0.0,0.0,0.0,0.0,0.0,0.0,1.137266,1.137266,0.0,4.315814333582334,4.315814333582334,0.0,0.0,0.0,0.0,0.0,0.0,0.0,3.0,3.0,0.0,0.0,0.0,0.0,2.0,2.0,0.0,0.0,0.0,0.0,0.0,0.0,0.0,10.520899822323841,10.520899822323841,0.0
frozen_check,ppo,43,frozen_check_03,window_us_101_off43456_len24_t1118848299400_1118848301700,j_1065807,us_101,43456,24,1118848299400,1118848301700,True,0.0,0.0,0.0,1.0,1.0,0.0,0.0,0.0,0.0,0.0,0.0,0.0,0.0,0.0,0.0,0.0,0.0,0.0,1.0,1.0,0.0,66.76798613599999,66.76798613599999,0.0,2.168517,2.168517,0.0,0.0,0.0,0.0,0.0,0.0,0.0,2.168517,2.168517,0.0,0.0,0.0,0.0,0.0,0.0,0.0,0.0,0.0,0.0,1.0,1.0,0.0,0.0,0.0,0.0,5.0,5.0,0.0,0.0,0.0,0.0,0.0,0.0,0.0,6.657551314702232,6.657551314702232,0.0
frozen_check,ppo,43,frozen_check_04,window_us_101_off44288_len24_t1118848382600_1118848384900,j_1103741,us_101,44288,24,1118848382600,1118848384900,True,0.0,0.0,0.0,1.0,1.0,0.0,1.0,1.0,0.0,0.0,0.0,0.0,0.0,0.0,0.0,0.0,0.0,0.0,1.0,1.0,0.0,102.05179591358235,102.05179591358235,0.0,2.457652,2.457652,0.0,0.0,0.0,0.0,0.0,0.0,0.0,2.457652,2.457652,0.0,31.289646833582335,31.289646833582335,0.0,0.0,0.0,0.0,0.0,0.0,0.0,2.0,2.0,0.0,0.0,0.0,0.0,5.0,5.0,0.0,0.0,0.0,0.0,0.0,0.0,0.0,5.834711893519339,5.834711893519339,0.0
frozen_check,ppo,43,frozen_check_05,window_us_101_off45408_len24_t1118848494600_1118848496900,j_1067730,us_101,45408,24,1118848494600,1118848496900,True,0.0,0.0,0.0,1.0,1.0,0.0,1.0,1.0,0.0,0.0,0.0,0.0,0.0,0.0,0.0,0.0,0.0,0.0,1.0,1.0,0.0,120.76035439200001,120.76035439200001,0.0,2.756424,2.756424,0.0,0.0,0.0,0.0,0.0,0.0,0.0,2.756424,2.756424,0.0,53.947665,53.947665,0.0,0.0,0.0,0.0,0.0,0.0,0.0,2.0,2.0,0.0,0.0,0.0,0.0,5.0,5.0,0.0,0.0,0.0,0.0,0.0,0.0,0.0,4.337888088691794,4.337888088691794,0.0
frozen_check,ppo,43,frozen_check_06,window_us_101_off51136_len24_t1118849067400_1118849069700,j_11064,us_101,51136,24,1118849067400,1118849069700,True,0.0,0.0,0.0,1.0,1.0,0.0,1.0,1.0,0.0,0.0,0.0,0.0,0.0,0.0,0.0,0.0,0.0,0.0,1.0,1.0,0.0,71.239590248,71.239590248,0.0,2.554031,2.554031,0.0,0.0,0.0,0.0,0.0,0.0,0.0,2.554031,2.554031,0.0,0.0,0.0,0.0,0.0,0.0,0.0,0.0,0.0,0.0,0.0,0.0,0.0,0.0,0.0,0.0,6.0,6.0,0.0,0.0,0.0,0.0,0.0,0.0,0.0,6.2996434667967165,6.2996434667967165,0.0
frozen_check,ppo,43,frozen_check_07,window_us_101_off52632_len24_t1118849217000_1118849219300,j_1069624,us_101,52632,24,1118849217000,1118849219300,True,0.0,0.0,0.0,1.0,1.0,0.0,1.0,1.0,0.0,0.0,0.0,0.0,0.0,0.0,0.0,0.0,0.0,0.0,1.0,1.0,0.0,112.45537756,112.45537756,0.0,2.862439,2.862439,0.0,0.0,0.0,0.0,0.0,0.0,0.0,2.862439,2.862439,0.0,0.0,0.0,0.0,0.0,0.0,0.0,0.0,0.0,0.0,1.0,1.0,0.0,0.0,0.0,0.0,9.0,9.0,0.0,0.0,0.0,0.0,0.0,0.0,0.0,11.00223686817042,11.00223686817042,0.0
frozen_check,ppo,61,frozen_check_00,window_us_101_off40376_len24_t1118847991400_1118847993700,j_1097456,us_101,40376,24,1118847991400,1118847993700,True,0.0,0.0,0.0,1.0,1.0,0.0,1.0,1.0,0.0,0.0,0.0,0.0,0.0,0.0,0.0,0.0,0.0,0.0,1.0,1.0,0.0,154.543796224,102.61512316000001,-51.928673063999994,320.572778,1.60952,-318.96325800000005,318.488808,0.0,-318.488808,0.002195,0.0,-0.002195,2.081775,1.60952,-0.47225499999999987,100.70230800000002,61.140687,-39.56162100000002,0.0,0.0,0.0,0.0,0.0,0.0,0.0,5.0,5.0,3.0,0.0,-3.0,3.0,2.0,-1.0,0.0,0.0,0.0,1.0,0.0,-1.0,1.4872179696007013,5.7900406560448525,4.302822686444151
frozen_check,ppo,61,frozen_check_01,window_us_101_off40488_len24_t1118848002600_1118848004900,j_1065729,us_101,40488,24,1118848002600,1118848004900,True,1.0,0.0,-1.0,1.0,1.0,0.0,0.0,0.0,0.0,0.0,0.0,0.0,0.0,0.0,0.0,0.0,0.0,0.0,1.0,1.0,0.0,43.916184799999996,74.67120128331837,30.75501648331837,174.40972,10.865951,-163.543769,173.70732,9.641944,-164.06537600000001,0.7024,0.0,-0.7024,0.0,1.224007,1.224007,0.0,30.37417424331838,30.37417424331838,0.0,0.0,0.0,0.0,0.0,0.0,0.0,6.0,6.0,3.0,0.0,-3.0,0.0,1.0,1.0,0.0,0.0,0.0,4.0,0.0,-4.0,14.405489361265818,8.021244044604046,-6.384245316661772
frozen_check,ppo,61,frozen_check_02,window_us_101_off40640_len24_t1118848017800_1118848020100,j_1101642,us_101,40640,24,1118848017800,1118848020100,True,0.0,1.0,1.0,1.0,1.0,0.0,0.0,0.0,0.0,0.0,0.0,0.0,0.0,0.0,0.0,0.0,0.0,0.0,1.0,1.0,0.0,88.17156056316466,43.48213246158234,-44.68942810158232,1025.807237,1.137266,-1024.669971,1024.667776,0.0,-1024.667776,0.002195,0.0,-0.002195,1.137266,1.137266,0.0,48.19324966716467,4.315814333582334,-43.87743533358234,0.0,0.0,0.0,0.0,0.0,0.0,0.0,3.0,3.0,3.0,0.0,-3.0,1.0,2.0,1.0,0.0,0.0,0.0,1.0,0.0,-1.0,2.468596436435811,10.520899822323841,8.052303385888031
frozen_check,ppo,61,frozen_check_03,window_us_101_off43456_len24_t1118848299400_1118848301700,j_1065807,us_101,43456,24,1118848299400,1118848301700,True,1.0,0.0,-1.0,1.0,1.0,0.0,0.0,1.0,1.0,0.0,0.0,0.0,0.0,0.0,0.0,0.0,0.0,0.0,1.0,1.0,0.0,54.326923888,77.4582062,23.131282312000003,1025.963486,1170.76965,144.80616399999985,1024.667776,1169.449264,144.78148800000008,0.3512,0.0,-0.3512,0.94451,1.320386,0.3758760000000001,10.789533,32.368599,21.579066000000005,0.0,0.0,0.0,0.0,0.0,0.0,0.0,5.0,5.0,3.0,0.0,-3.0,1.0,1.0,0.0,0.0,0.0,0.0,2.0,0.0,-2.0,11.176094611338506,5.2581614016401685,-5.9179332096983375
frozen_check,ppo,61,frozen_check_04,window_us_101_off44288_len24_t1118848382600_1118848384900,j_1103741,us_101,44288,24,1118848382600,1118848384900,True,0.0,0.0,0.0,1.0,1.0,0.0,1.0,1.0,0.0,0.0,0.0,0.0,0.0,0.0,0.0,0.0,0.0,0.0,1.0,1.0,0.0,133.6528512439728,92.88598295358234,-40.76686829039046,12.099596,156.032953,143.933357,9.641944,154.423432,144.781488,0.0,0.0,0.0,2.457652,1.609521,-0.848131,62.196440403972815,31.289646833582335,-30.90679357039048,0.0,0.0,0.0,0.0,0.0,0.0,0.0,4.0,4.0,2.0,0.0,-2.0,5.0,3.0,-2.0,0.0,0.0,0.0,0.0,0.0,0.0,3.3021375870329113,6.496462857957006,3.194325270924095
frozen_check,ppo,61,frozen_check_05,window_us_101_off45408_len24_t1118848494600_1118848496900,j_1067730,us_101,45408,24,1118848494600,1118848496900,True,1.0,0.0,-1.0,1.0,1.0,0.0,0.0,1.0,1.0,0.0,0.0,0.0,0.0,0.0,0.0,0.0,0.0,0.0,1.0,1.0,0.0,38.71738731199999,78.64930723200001,39.93191992000002,29.227039,20.421154,-8.805885,28.925832,19.283888,-9.641943999999999,0.012072,0.0,-0.012072,0.289135,1.137266,0.8481310000000002,10.789533,43.158132,32.368599,0.0,0.0,0.0,0.0,0.0,0.0,1.0,6.0,5.0,2.0,0.0,-2.0,0.0,1.0,1.0,0.0,0.0,0.0,4.0,0.0,-4.0,14.888999114435066,7.6985460805800505,-7.190453033855015
frozen_check,ppo,61,frozen_check_06,window_us_101_off51136_len24_t1118849067400_1118849069700,j_11064,us_101,51136,24,1118849067400,1118849069700,True,0.0,0.0,0.0,1.0,1.0,0.0,0.0,0.0,0.0,0.0,0.0,0.0,0.0,0.0,0.0,0.0,0.0,0.0,1.0,1.0,0.0,55.588118998386996,51.50931346158234,-4.0788055368046585,1025.515907,1.792641,-1023.723266,1024.667776,0.0,-1024.667776,0.0,0.0,0.0,0.848131,1.792641,0.94451,23.654612742386995,4.315814333582334,-19.33879840880466,0.0,0.0,0.0,0.0,0.0,0.0,0.0,3.0,3.0,4.0,0.0,-4.0,0.0,3.0,3.0,2.0,0.0,-2.0,0.0,0.0,0.0,7.075407422720857,7.878420159557672,0.8030127368368154
frozen_check,ppo,61,frozen_check_07,window_us_101_off52632_len24_t1118849217000_1118849219300,j_1069624,us_101,52632,24,1118849217000,1118849219300,True,0.0,0.0,0.0,1.0,1.0,0.0,1.0,1.0,0.0,0.0,0.0,0.0,0.0,0.0,0.0,0.0,0.0,0.0,1.0,1.0,0.0,104.42034251999999,104.42034251999999,0.0,2.486563,2.486563,0.0,0.0,0.0,0.0,0.0,0.0,0.0,2.486563,2.486563,0.0,0.0,0.0,0.0,0.0,0.0,0.0,0.0,0.0,0.0,0.0,2.0,2.0,2.0,0.0,-2.0,8.0,8.0,0.0,0.0,0.0,0.0,0.0,0.0,0.0,11.645214702272447,11.645214702272447,0.0
frozen_check,ppo,7,frozen_check_00,window_us_101_off40376_len24_t1118847991400_1118847993700,j_1097456,us_101,40376,24,1118847991400,1118847993700,True,0.0,0.0,0.0,1.0,1.0,0.0,1.0,1.0,0.0,1.0,0.0,-1.0,4.0,0.0,-4.0,8.0,0.0,-8.0,1.0,1.0,0.0,62.21305435199999,71.05350216000001,8.840447808000015,492.783419,1.60952,-491.173899,492.196128,0.0,-492.196128,0.018658,0.0,-0.018658,0.568633,1.60952,1.0408870000000001,21.579066,21.579066,0.0,4.0,0.0,-4.0,2.0,0.0,-2.0,0.0,0.0,0.0,0.0,0.0,0.0,0.0,3.0,3.0,0.0,4.0,4.0,11.0,0.0,-11.0,-3.2065145094154497,8.314970336044853,11.521484845460304
frozen_check,ppo,7,frozen_check_01,window_us_101_off40488_len24_t1118848002600_1118848004900,j_1065729,us_101,40488,24,1118848002600,1118848004900,True,1.0,0.0,-1.0,1.0,1.0,0.0,0.0,0.0,0.0,0.0,0.0,0.0,0.0,0.0,0.0,0.0,0.0,0.0,1.0,1.0,0.0,44.0104928,71.98132493358233,27.970832133582327,174.93652,1.79264,-173.14388,173.70732,0.0,-173.70732,1.2292,0.0,-1.2292,0.0,1.79264,1.79264,0.0,4.315814333582334,4.315814333582334,0.0,0.0,0.0,0.0,0.0,0.0,0.0,0.0,0.0,0.0,0.0,0.0,0.0,4.0,4.0,0.0,3.0,3.0,7.0,0.0,-7.0,14.397699410899666,8.240659242263334,-6.157040168636332
frozen_check,ppo,7,frozen_check_02,window_us_101_off40640_len24_t1118848017800_1118848020100,j_1101642,us_101,40640,24,1118848017800,1118848020100,False,0.0,1.0,1.0,0.0,1.0,1.0,0.0,0.0,0.0,1.0,0.0,-1.0,6.0,0.0,-6.0,12.0,0.0,-12.0,0.8,1.0,0.19999999999999996,48.51170653516467,47.166318128,-1.3453884071646698,1025.339921,1.137266,-1024.202655,1024.667776,0.0,-1024.667776,0.007134,0.0,-0.007134,0.665011,1.137266,0.4722550000000001,14.026395167164665,0.0,-14.026395167164665,8.0,0.0,-8.0,3.0,0.0,-3.0,0.0,0.0,0.0,0.0,0.0,0.0,0.0,3.0,3.0,0.0,2.0,2.0,10.0,0.0,-10.0,-14.35839763035405,10.226164969010426,24.584562599364475
frozen_check,ppo,7,frozen_check_03,window_us_101_off43456_len24_t1118848299400_1118848301700,j_1065807,us_101,43456,24,1118848299400,1118848301700,True,0.0,0.0,0.0,1.0,1.0,0.0,0.0,0.0,0.0,1.0,0.0,-1.0,3.0,0.0,-3.0,6.0,0.0,-6.0,1.0,1.0,0.0,95.51319240800001,69.557519136,-25.955673272000013,1025.877551,2.168517,-1023.7090340000001,1024.667776,0.0,-1024.667776,0.73752,0.0,-0.73752,0.472255,2.168517,1.696262,53.947665,10.789533,-43.158132,5.0,0.0,-5.0,2.0,0.0,-2.0,0.0,0.0,0.0,0.0,0.0,0.0,0.0,4.0,4.0,0.0,2.0,2.0,9.0,0.0,-9.0,-5.118766853658771,6.434388674702232,11.553155528361003
frozen_check,ppo,7,frozen_check_04,window_us_101_off44288_len24_t1118848382600_1118848384900,j_1103741,us_101,44288,24,1118848382600,1118848384900,True,0.0,0.0,0.0,1.0,1.0,0.0,1.0,1.0,0.0,1.0,0.0,-1.0,3.0,0.0,-3.0,6.0,0.0,-6.0,1.0,1.0,0.0,201.38523341188449,102.05179591358235,-99.33343749830213,1.609521,2.457652,0.848131,0.0,0.0,0.0,0.0,0.0,0.0,1.609521,2.457652,0.848131,164.69700957188448,31.289646833582335,-133.40736273830214,10.0,0.0,-10.0,1.0,0.0,-1.0,0.0,0.0,0.0,0.0,0.0,0.0,0.0,5.0,5.0,0.0,2.0,2.0,10.0,0.0,-10.0,-11.111568164571567,5.834711893519339,16.946280058090906
frozen_check,ppo,7,frozen_check_05,window_us_101_off45408_len24_t1118848494600_1118848496900,j_1067730,us_101,45408,24,1118848494600,1118848496900,True,1.0,0.0,-1.0,1.0,1.0,0.0,0.0,0.0,0.0,1.0,0.0,-1.0,2.0,0.0,-2.0,4.0,0.0,-4.0,1.0,1.0,0.0,32.001142992,67.15378278399999,35.15263979199999,29.233624,11.820098,-17.413525999999997,28.925832,9.641944,-19.283887999999997,0.018657,0.0,-0.018657,0.289135,2.178154,1.8890190000000002,0.0,0.0,0.0,2.0,0.0,-2.0,2.0,0.0,-2.0,0.0,1.0,1.0,0.0,0.0,0.0,0.0,5.0,5.0,0.0,1.0,1.0,9.0,0.0,-9.0,9.426295593655489,8.622193215229217,-0.804102378426272
frozen_check,ppo,7,frozen_check_06,window_us_101_off51136_len24_t1118849067400_1118849069700,j_11064,us_101,51136,24,1118849067400,1118849069700,True,0.0,0.0,0.0,1.0,1.0,0.0,1.0,0.0,-1.0,1.0,0.0,-1.0,4.0,0.0,-4.0,8.0,0.0,-8.0,1.0,1.0,0.0,63.45596249755166,55.193499128,-8.26246336955166,1.320386,1.792641,0.47225499999999987,0.0,0.0,0.0,0.0,0.0,0.0,1.320386,1.792641,0.47225499999999987,32.286241409551664,0.0,-32.286241409551664,10.0,0.0,-10.0,3.0,0.0,-3.0,0.0,0.0,0.0,0.0,0.0,0.0,0.0,4.0,4.0,0.0,2.0,2.0,10.0,0.0,-10.0,-5.077091852448636,7.583685306244259,12.660777158692895
frozen_check,ppo,7,frozen_check_07,window_us_101_off52632_len24_t1118849217000_1118849219300,j_1069624,us_101,52632,24,1118849217000,1118849219300,False,0.0,0.0,0.0,0.0,1.0,1.0,0.0,1.0,1.0,1.0,0.0,-1.0,12.0,0.0,-12.0,24.0,0.0,-24.0,0.8,1.0,0.19999999999999996,58.58126428,104.42034251999999,45.83907823999999,154.423432,2.486563,-151.936869,154.423432,0.0,-154.423432,0.0,0.0,0.0,0.0,2.486563,2.486563,0.0,0.0,0.0,18.0,0.0,-18.0,4.0,0.0,-4.0,0.0,0.0,0.0,0.0,0.0,0.0,0.0,8.0,8.0,0.0,2.0,2.0,20.0,0.0,-20.0,-24.758410156535604,11.645214702272447,36.40362485880805
frozen_check,sa_ghmappo,17,frozen_check_00,window_us_101_off40376_len24_t1118847991400_1118847993700,j_1097456,us_101,40376,24,1118847991400,1118847993700,True,0.0,0.0,0.0,1.0,1.0,0.0,1.0,0.0,-1.0,1.0,0.0,-1.0,4.0,0.0,-4.0,8.0,0.0,-8.0,1.0,1.0,0.0,62.21305435199999,110.55002336800001,48.33696901600002,492.783419,165.015921,-327.767498,492.196128,164.065376,-328.13075200000003,0.018658,0.006036,-0.012622000000000001,0.568633,0.944509,0.375876,21.579066,82.71975300000001,61.140687000000014,4.0,0.0,-4.0,2.0,0.0,-2.0,0.0,2.0,2.0,0.0,0.0,0.0,0.0,0.0,0.0,0.0,3.0,3.0,11.0,2.0,-9.0,-3.2065145094154497,5.079156604360867,8.285671113776317
frozen_check,sa_ghmappo,17,frozen_check_01,window_us_101_off40488_len24_t1118848002600_1118848004900,j_1065729,us_101,40488,24,1118848002600,1118848004900,True,1.0,0.0,-1.0,1.0,1.0,0.0,0.0,0.0,0.0,0.0,0.0,0.0,0.0,0.0,0.0,0.0,0.0,0.0,1.0,1.0,0.0,44.0104928,122.29208976551627,78.28159696551626,174.93652,165.089107,-9.847412999999989,173.70732,164.065376,-9.641944000000024,1.2292,0.1756,-1.0536,0.0,0.848131,0.848131,0.0,79.09054948551628,79.09054948551628,0.0,0.0,0.0,0.0,0.0,0.0,0.0,3.0,3.0,0.0,0.0,0.0,0.0,0.0,0.0,0.0,3.0,3.0,7.0,1.0,-6.0,14.397699410899666,4.139757212672594,-10.257942198227072
frozen_check,sa_ghmappo,17,frozen_check_02,window_us_101_off40640_len24_t1118848017800_1118848020100,j_1101642,us_101,40640,24,1118848017800,1118848020100,False,0.0,0.0,0.0,0.0,1.0,1.0,0.0,0.0,0.0,1.0,0.0,-1.0,6.0,0.0,-6.0,12.0,0.0,-12.0,0.8,1.0,0.19999999999999996,48.51170653516467,74.75448537516468,26.242778840000007,1025.339921,1025.518651,0.17873000000008687,1024.667776,1024.667776,0.0,0.007134,0.002744,-0.00439,0.665011,0.848131,0.18311999999999995,14.026395167164665,42.79848316716467,28.772088000000004,8.0,0.0,-8.0,3.0,0.0,-3.0,0.0,1.0,1.0,0.0,0.0,0.0,0.0,0.0,0.0,0.0,3.0,3.0,10.0,1.0,-9.0,-14.35839763035405,3.5420968348040693,17.90049446515812
frozen_check,sa_ghmappo,17,frozen_check_03,window_us_101_off43456_len24_t1118848299400_1118848301700,j_1065807,us_101,43456,24,1118848299400,1118848301700,True,0.0,1.0,1.0,1.0,1.0,0.0,0.0,0.0,0.0,1.0,0.0,-1.0,3.0,0.0,-3.0,6.0,0.0,-6.0,1.0,1.0,0.0,95.51319240800001,47.90980555200001,-47.603386856,1025.877551,1170.448319,144.57076800000004,1024.667776,1169.449264,144.78148800000008,0.73752,0.5268,-0.2107199999999999,0.472255,0.472255,0.0,53.947665,10.789533,-43.158132,5.0,0.0,-5.0,2.0,0.0,-2.0,0.0,2.0,2.0,0.0,0.0,0.0,0.0,0.0,0.0,0.0,1.0,1.0,9.0,3.0,-6.0,-5.118766853658771,11.62218308488728,16.740949938546052
frozen_check,sa_ghmappo,17,frozen_check_04,window_us_101_off44288_len24_t1118848382600_1118848384900,j_1103741,us_101,44288,24,1118848382600,1118848384900,True,0.0,0.0,0.0,1.0,1.0,0.0,1.0,1.0,0.0,1.0,0.0,-1.0,3.0,0.0,-3.0,6.0,0.0,-6.0,1.0,1.0,0.0,201.38523341188449,189.35671569830214,-12.028517713582346,1.609521,319.626074,318.01655300000004,0.0,318.488808,318.488808,0.0,0.0,0.0,1.609521,1.137266,-0.47225499999999987,164.69700957188448,144.19689573830215,-20.500113833582333,10.0,0.0,-10.0,1.0,0.0,-1.0,0.0,7.0,7.0,0.0,0.0,0.0,0.0,0.0,0.0,0.0,0.0,0.0,10.0,0.0,-10.0,-11.111568164571567,-1.29737474494013,9.814193419631437
frozen_check,sa_ghmappo,17,frozen_check_05,window_us_101_off45408_len24_t1118848494600_1118848496900,j_1067730,us_101,45408,24,1118848494600,1118848496900,True,1.0,1.0,0.0,1.0,1.0,0.0,0.0,0.0,0.0,1.0,0.0,-1.0,2.0,0.0,-2.0,4.0,0.0,-4.0,1.0,1.0,0.0,32.001142992,38.331667759999995,6.3305247679999965,29.233624,19.585095,-9.648529,28.925832,19.283888,-9.641943999999999,0.018657,0.012072,-0.006585000000000001,0.289135,0.289135,0.0,0.0,10.789533,10.789533,2.0,0.0,-2.0,2.0,0.0,-2.0,0.0,2.0,2.0,0.0,0.0,0.0,0.0,0.0,0.0,0.0,1.0,1.0,9.0,4.0,-5.0,9.426295593655489,14.924346558650257,5.498050964994768
frozen_check,sa_ghmappo,17,frozen_check_06,window_us_101_off51136_len24_t1118849067400_1118849069700,j_11064,us_101,51136,24,1118849067400,1118849069700,True,0.0,0.0,0.0,1.0,1.0,0.0,1.0,0.0,-1.0,1.0,0.0,-1.0,4.0,0.0,-4.0,8.0,0.0,-8.0,1.0,1.0,0.0,63.45596249755166,55.588118998386996,-7.867843499164664,1.320386,1025.515907,1024.1955209999999,0.0,1024.667776,1024.667776,0.0,0.0,0.0,1.320386,0.848131,-0.4722550000000001,32.286241409551664,23.654612742386995,-8.63162866716467,10.0,0.0,-10.0,3.0,0.0,-3.0,0.0,4.0,4.0,0.0,0.0,0.0,0.0,0.0,0.0,0.0,2.0,2.0,10.0,0.0,-10.0,-5.077091852448636,7.075407422720857,12.152499275169493
frozen_check,sa_ghmappo,17,frozen_check_07,window_us_101_off52632_len24_t1118849217000_1118849219300,j_1069624,us_101,52632,24,1118849217000,1118849219300,False,0.0,0.0,0.0,0.0,1.0,1.0,0.0,1.0,1.0,1.0,0.0,-1.0,12.0,0.0,-12.0,24.0,0.0,-24.0,0.8,1.0,0.19999999999999996,58.58126428,198.95239859169538,140.37113431169539,154.423432,2503.927688,2349.504256,154.423432,2502.963904,2348.540472,0.0,0.0,0.0,0.0,0.963784,0.963784,0.0,55.48902807169537,55.48902807169537,18.0,0.0,-18.0,4.0,0.0,-4.0,0.0,6.0,6.0,0.0,0.0,0.0,0.0,0.0,0.0,0.0,4.0,4.0,20.0,0.0,-20.0,-24.758410156535604,2.9178259221447975,27.6762360786804
frozen_check,sa_ghmappo,29,frozen_check_00,window_us_101_off40376_len24_t1118847991400_1118847993700,j_1097456,us_101,40376,24,1118847991400,1118847993700,True,0.0,0.0,0.0,1.0,1.0,0.0,1.0,1.0,0.0,1.0,1.0,0.0,2.0,2.0,0.0,4.0,4.0,0.0,1.0,1.0,0.0,166.16771944,166.19215339200002,0.02443395200000964,1.23968,1.242424,0.0027440000000000797,0.0,0.0,0.0,0.006036,0.00878,0.002744,1.233644,1.233644,0.0,136.667418,136.667418,0.0,0.0,2.0,2.0,1.0,1.0,0.0,0.0,0.0,0.0,0.0,0.0,0.0,0.0,0.0,0.0,7.0,4.0,-3.0,2.0,5.0,3.0,-5.293994826184651,-5.295950820119224,-0.001955993934572575
frozen_check,sa_ghmappo,29,frozen_check_01,window_us_101_off40488_len24_t1118848002600_1118848004900,j_1065729,us_101,40488,24,1118848002600,1118848004900,True,1.0,0.0,-1.0,1.0,1.0,0.0,0.0,0.0,0.0,1.0,0.0,-1.0,5.0,0.0,-5.0,10.0,0.0,-10.0,1.0,1.0,0.0,49.90301121358233,122.29208976551627,72.38907855193393,0.614197,165.089107,164.47491000000002,0.0,164.065376,164.065376,0.42144,0.1756,-0.24583999999999998,0.192757,0.848131,0.6553739999999999,4.315814333582334,79.09054948551628,74.77473515193394,0.0,0.0,0.0,4.0,0.0,-4.0,0.0,2.0,2.0,0.0,0.0,0.0,0.0,0.0,0.0,10.0,4.0,-6.0,2.0,1.0,-1.0,-0.9925269048522694,4.139757212672594,5.132284117524863
frozen_check,sa_ghmappo,29,frozen_check_02,window_us_101_off40640_len24_t1118848017800_1118848020100,j_1101642,us_101,40640,24,1118848017800,1118848020100,True,0.0,0.0,0.0,1.0,1.0,0.0,0.0,0.0,0.0,0.0,0.0,0.0,0.0,0.0,0.0,0.0,0.0,0.0,1.0,1.0,0.0,74.73005142316467,74.75448537516468,0.02443395200000964,1025.515907,1025.518651,0.00274400000012065,1024.667776,1024.667776,0.0,0.0,0.002744,0.002744,0.848131,0.848131,0.0,42.79848316716467,42.79848316716467,0.0,0.0,0.0,0.0,0.0,0.0,0.0,1.0,1.0,0.0,0.0,0.0,0.0,0.0,0.0,0.0,4.0,3.0,-1.0,0.0,1.0,1.0,3.544052828738642,3.5420968348040693,-0.001955993934572575
frozen_check,sa_ghmappo,29,frozen_check_03,window_us_101_off43456_len24_t1118848299400_1118848301700,j_1065807,us_101,43456,24,1118848299400,1118848301700,True,0.0,0.0,0.0,1.0,1.0,0.0,0.0,0.0,0.0,1.0,1.0,0.0,3.0,1.0,-2.0,6.0,2.0,-4.0,1.0,1.0,0.0,97.51340440000001,103.855431792,6.342027391999991,1.54155,1170.744974,1169.203424,0.0,1169.449264,1169.449264,0.59704,0.3512,-0.24584,0.94451,0.94451,0.0,64.737198,64.737198,0.0,0.0,1.0,1.0,2.0,1.0,-1.0,0.0,1.0,1.0,0.0,0.0,0.0,0.0,0.0,0.0,6.0,3.0,-3.0,3.0,3.0,0.0,-4.8017901921574495,0.14639484493809451,4.948185037095544
frozen_check,sa_ghmappo,29,frozen_check_04,window_us_101_off44288_len24_t1118848382600_1118848384900,j_1103741,us_101,44288,24,1118848382600,1118848384900,True,0.0,0.0,0.0,1.0,1.0,0.0,1.0,1.0,0.0,1.0,1.0,0.0,3.0,3.0,0.0,6.0,6.0,0.0,1.0,1.0,0.0,201.38523341188449,201.38523341188449,0.0,1.609521,1.609521,0.0,0.0,0.0,0.0,0.0,0.0,0.0,1.609521,1.609521,0.0,164.69700957188448,164.69700957188448,0.0,4.0,7.0,3.0,1.0,1.0,0.0,0.0,0.0,0.0,0.0,0.0,0.0,0.0,0.0,0.0,6.0,3.0,-3.0,4.0,7.0,3.0,-11.111568164571567,-11.111568164571567,0.0
frozen_check,sa_ghmappo,29,frozen_check_05,window_us_101_off45408_len24_t1118848494600_1118848496900,j_1067730,us_101,45408,24,1118848494600,1118848496900,False,0.0,1.0,1.0,0.0,1.0,1.0,0.0,0.0,0.0,1.0,0.0,-1.0,14.0,0.0,-14.0,28.0,0.0,-28.0,0.0,1.0,1.0,28.0,38.331667759999995,10.331667759999995,0.0,19.585095,19.585095,0.0,19.283888,19.283888,0.0,0.012072,0.012072,0.0,0.289135,0.289135,0.0,10.789533,10.789533,0.0,0.0,0.0,14.0,0.0,-14.0,0.0,2.0,2.0,0.0,0.0,0.0,0.0,0.0,0.0,14.0,1.0,-13.0,0.0,4.0,4.0,-44.239999999999995,14.924346558650257,59.16434655865025
frozen_check,sa_ghmappo,29,frozen_check_06,window_us_101_off51136_len24_t1118849067400_1118849069700,j_11064,us_101,51136,24,1118849067400,1118849069700,True,0.0,0.0,0.0,1.0,1.0,0.0,0.0,0.0,0.0,0.0,0.0,0.0,0.0,0.0,0.0,0.0,0.0,0.0,1.0,1.0,0.0,55.588118998386996,55.588118998386996,0.0,1025.515907,1025.515907,0.0,1024.667776,1024.667776,0.0,0.0,0.0,0.0,0.848131,0.848131,0.0,23.654612742386995,23.654612742386995,0.0,0.0,1.0,1.0,0.0,0.0,0.0,1.0,1.0,0.0,0.0,0.0,0.0,0.0,0.0,0.0,5.0,4.0,-1.0,0.0,1.0,1.0,7.075407422720857,7.075407422720857,0.0
frozen_check,sa_ghmappo,29,frozen_check_07,window_us_101_off52632_len24_t1118849217000_1118849219300,j_1069624,us_101,52632,24,1118849217000,1118849219300,True,0.0,0.0,0.0,1.0,1.0,0.0,1.0,1.0,0.0,0.0,0.0,0.0,0.0,0.0,0.0,0.0,0.0,0.0,1.0,1.0,0.0,198.98664419169538,198.98664419169538,0.0,2504.173528,2504.173528,0.0,2502.963904,2502.963904,0.0,0.24584,0.24584,0.0,0.963784,0.963784,0.0,55.48902807169537,55.48902807169537,0.0,0.0,0.0,0.0,0.0,0.0,0.0,4.0,8.0,4.0,0.0,0.0,0.0,0.0,0.0,0.0,5.0,1.0,-4.0,1.0,1.0,0.0,2.9149717959739254,2.9149717959739254,0.0
frozen_check,sa_ghmappo,43,frozen_check_00,window_us_101_off40376_len24_t1118847991400_1118847993700,j_1097456,us_101,40376,24,1118847991400,1118847993700,False,0.0,0.0,0.0,0.0,1.0,1.0,1.0,0.0,-1.0,1.0,0.0,-1.0,9.0,0.0,-9.0,18.0,0.0,-18.0,0.7142857142857143,1.0,0.2857142857142857,63.03192699200001,110.55002336800001,47.518096376,319.065124,165.015921,-154.04920300000003,318.488808,164.065376,-154.42343200000002,0.007683,0.006036,-0.001647,0.568633,0.944509,0.375876,21.579066,82.71975300000001,61.140687000000014,0.0,0.0,0.0,9.0,0.0,-9.0,1.0,3.0,2.0,0.0,0.0,0.0,0.0,0.0,0.0,10.0,2.0,-8.0,3.0,2.0,-1.0,-22.191130435736845,5.079156604360867,27.270287040097713
frozen_check,sa_ghmappo,43,frozen_check_01,window_us_101_off40488_len24_t1118848002600_1118848004900,j_1065729,us_101,40488,24,1118848002600,1118848004900,True,1.0,0.0,-1.0,1.0,1.0,0.0,0.0,0.0,0.0,0.0,0.0,0.0,0.0,0.0,0.0,0.0,0.0,0.0,1.0,1.0,0.0,44.0104928,122.29208976551627,78.28159696551626,174.93652,165.089107,-9.847412999999989,173.70732,164.065376,-9.641944000000024,1.2292,0.1756,-1.0536,0.0,0.848131,0.848131,0.0,79.09054948551628,79.09054948551628,0.0,0.0,0.0,0.0,0.0,0.0,0.0,4.0,4.0,0.0,0.0,0.0,0.0,0.0,0.0,0.0,2.0,2.0,7.0,1.0,-6.0,14.397699410899666,4.139757212672594,-10.257942198227072
frozen_check,sa_ghmappo,43,frozen_check_02,window_us_101_off40640_len24_t1118848017800_1118848020100,j_1101642,us_101,40640,24,1118848017800,1118848020100,True,0.0,0.0,0.0,1.0,1.0,0.0,1.0,0.0,-1.0,1.0,0.0,-1.0,4.0,0.0,-4.0,8.0,0.0,-8.0,1.0,1.0,0.0,111.64334421674701,74.73005142316467,-36.91329279358234,3219.924277,1025.515907,-2194.40837,3218.784816,1024.667776,-2194.11704,0.002195,0.0,-0.002195,1.137266,0.848131,-0.28913500000000014,52.509064000747,42.79848316716467,-9.710580833582334,2.0,0.0,-2.0,3.0,0.0,-3.0,2.0,2.0,0.0,0.0,0.0,0.0,0.0,0.0,0.0,5.0,3.0,-2.0,2.0,0.0,-2.0,-12.430861621201025,3.544052828738642,15.974914449939668
frozen_check,sa_ghmappo,43,frozen_check_03,window_us_101_off43456_len24_t1118848299400_1118848301700,j_1065807,us_101,43456,24,1118848299400,1118848301700,True,0.0,1.0,1.0,1.0,1.0,0.0,0.0,0.0,0.0,1.0,0.0,-1.0,3.0,0.0,-3.0,6.0,0.0,-6.0,1.0,1.0,0.0,95.51319240800001,47.936184272000006,-47.577008136,1025.877551,1170.694159,144.81660799999986,1024.667776,1169.449264,144.78148800000008,0.73752,0.77264,0.03512000000000004,0.472255,0.472255,0.0,53.947665,10.789533,-43.158132,1.0,0.0,-1.0,2.0,0.0,-2.0,0.0,1.0,1.0,0.0,0.0,0.0,0.0,0.0,0.0,4.0,1.0,-3.0,5.0,4.0,-1.0,-5.118766853658771,11.619958309116408,16.73872516277518
frozen_check,sa_ghmappo,43,frozen_check_04,window_us_101_off44288_len24_t1118848382600_1118848384900,j_1103741,us_101,44288,24,1118848382600,1118848384900,True,0.0,0.0,0.0,1.0,1.0,0.0,1.0,1.0,0.0,1.0,0.0,-1.0,1.0,0.0,-1.0,2.0,0.0,-2.0,1.0,1.0,0.0,165.0347665511375,189.35671569830214,24.321949147164645,165.385762,319.626074,154.24031200000002,164.065376,318.488808,154.42343200000002,0.0,0.0,0.0,1.320386,1.137266,-0.18311999999999995,124.77573407113748,144.19689573830215,19.421161667164668,5.0,1.0,-4.0,1.0,0.0,-1.0,2.0,5.0,3.0,0.0,0.0,0.0,0.0,0.0,0.0,1.0,1.0,0.0,5.0,1.0,-4.0,-2.279795070926289,-1.29737474494013,0.9824203259861588
frozen_check,sa_ghmappo,43,frozen_check_05,window_us_101_off45408_len24_t1118848494600_1118848496900,j_1067730,us_101,45408,24,1118848494600,1118848496900,False,0.0,1.0,1.0,0.0,1.0,1.0,0.0,0.0,0.0,1.0,0.0,-1.0,14.0,0.0,-14.0,28.0,0.0,-28.0,0.0,1.0,1.0,28.0,38.331667759999995,10.331667759999995,0.0,19.585095,19.585095,0.0,19.283888,19.283888,0.0,0.012072,0.012072,0.0,0.289135,0.289135,0.0,10.789533,10.789533,0.0,0.0,0.0,14.0,0.0,-14.0,0.0,2.0,2.0,0.0,0.0,0.0,0.0,0.0,0.0,14.0,1.0,-13.0,0.0,4.0,4.0,-44.239999999999995,14.924346558650257,59.16434655865025
frozen_check,sa_ghmappo,43,frozen_check_06,window_us_101_off51136_len24_t1118849067400_1118849069700,j_11064,us_101,51136,24,1118849067400,1118849069700,True,0.0,0.0,0.0,1.0,1.0,0.0,0.0,0.0,0.0,1.0,0.0,-1.0,3.0,0.0,-3.0,6.0,0.0,-6.0,1.0,1.0,0.0,98.74107140032221,55.588118998386996,-43.15295240193522,1025.988162,1025.515907,-0.472255000000132,1024.667776,1024.667776,0.0,0.0,0.0,0.0,1.320386,0.848131,-0.4722550000000001,60.78378710432221,23.654612742386995,-37.12917436193521,3.0,0.0,-3.0,2.0,0.0,-2.0,1.0,3.0,2.0,0.0,0.0,0.0,0.0,0.0,0.0,5.0,3.0,-2.0,3.0,0.0,-3.0,-5.377048680305199,7.075407422720857,12.452456103026055
frozen_check,sa_ghmappo,43,frozen_check_07,window_us_101_off52632_len24_t1118849217000_1118849219300,j_1069624,us_101,52632,24,1118849217000,1118849219300,True,0.0,0.0,0.0,1.0,1.0,0.0,1.0,1.0,0.0,0.0,0.0,0.0,0.0,0.0,0.0,0.0,0.0,0.0,1.0,1.0,0.0,198.98664419169538,198.98664419169538,0.0,2504.173528,2504.173528,0.0,2502.963904,2502.963904,0.0,0.24584,0.24584,0.0,0.963784,0.963784,0.0,55.48902807169537,55.48902807169537,0.0,0.0,0.0,0.0,0.0,0.0,0.0,5.0,9.0,4.0,0.0,0.0,0.0,0.0,0.0,0.0,4.0,0.0,-4.0,1.0,1.0,0.0,2.9149717959739254,2.9149717959739254,0.0
frozen_check,sa_ghmappo,61,frozen_check_00,window_us_101_off40376_len24_t1118847991400_1118847993700,j_1097456,us_101,40376,24,1118847991400,1118847993700,True,0.0,0.0,0.0,1.0,1.0,0.0,1.0,1.0,0.0,0.0,0.0,0.0,0.0,0.0,0.0,0.0,0.0,0.0,1.0,1.0,0.0,153.316096184,153.316096184,0.0,329.178773,329.178773,0.0,328.130752,328.130752,0.0,0.007134,0.007134,0.0,1.040887,1.040887,0.0,115.08835200000001,115.08835200000001,0.0,0.0,0.0,0.0,0.0,0.0,0.0,3.0,3.0,0.0,0.0,0.0,0.0,1.0,1.0,0.0,0.0,0.0,0.0,3.0,3.0,0.0,1.5814264940904375,1.5814264940904375,0.0
frozen_check,sa_ghmappo,61,frozen_check_01,window_us_101_off40488_len24_t1118848002600_1118848004900,j_1065729,us_101,40488,24,1118848002600,1118848004900,True,0.0,0.0,0.0,1.0,1.0,0.0,0.0,0.0,0.0,0.0,0.0,0.0,0.0,0.0,0.0,0.0,0.0,0.0,1.0,1.0,0.0,125.5960836774394,125.59608367743941,1.4210854715202004e-14,175.056112,175.056112,0.0,173.70732,173.70732,0.0,0.59704,0.59704,0.0,0.751752,0.751752,0.0,73.6140431974394,73.61404319743941,1.4210854715202004e-14,0.0,0.0,0.0,0.0,0.0,0.0,1.0,1.0,0.0,0.0,0.0,0.0,1.0,1.0,0.0,1.0,1.0,0.0,4.0,4.0,0.0,3.8707964513398423,3.8707964513398405,-1.7763568394002505e-15
frozen_check,sa_ghmappo,61,frozen_check_02,window_us_101_off40640_len24_t1118848017800_1118848020100,j_1101642,us_101,40640,24,1118848017800,1118848020100,True,0.0,0.0,0.0,1.0,1.0,0.0,0.0,0.0,0.0,0.0,0.0,0.0,0.0,0.0,0.0,0.0,0.0,0.0,1.0,1.0,0.0,89.59605852158234,89.59605852158234,0.0,3219.261461,3219.261461,0.0,3218.784816,3218.784816,0.0,0.00439,0.00439,0.0,0.472255,0.472255,0.0,38.48266883358234,38.48266883358234,0.0,1.0,1.0,0.0,0.0,0.0,0.0,2.0,2.0,0.0,0.0,0.0,0.0,0.0,0.0,0.0,1.0,1.0,0.0,2.0,2.0,0.0,1.333229882163959,1.333229882163959,0.0
frozen_check,sa_ghmappo,61,frozen_check_03,window_us_101_off43456_len24_t1118848299400_1118848301700,j_1065807,us_101,43456,24,1118848299400,1118848301700,True,0.0,0.0,0.0,1.0,1.0,0.0,0.0,0.0,0.0,0.0,0.0,0.0,0.0,0.0,0.0,0.0,0.0,0.0,1.0,1.0,0.0,116.346909776,116.346909776,0.0,1026.952097,1026.952097,0.0,1024.667776,1024.667776,0.0,0.49168,0.49168,0.0,1.792641,1.792641,0.0,64.737198,64.737198,0.0,1.0,1.0,0.0,0.0,0.0,0.0,0.0,0.0,0.0,0.0,0.0,0.0,2.0,2.0,0.0,0.0,0.0,0.0,4.0,4.0,0.0,2.214035382427598,2.214035382427598,0.0
frozen_check,sa_ghmappo,61,frozen_check_04,window_us_101_off44288_len24_t1118848382600_1118848384900,j_1103741,us_101,44288,24,1118848382600,1118848384900,True,0.0,0.0,0.0,1.0,1.0,0.0,1.0,1.0,0.0,0.0,0.0,0.0,0.0,0.0,0.0,0.0,0.0,0.0,1.0,1.0,0.0,189.35671569830214,189.35671569830214,0.0,319.626074,319.626074,0.0,318.488808,318.488808,0.0,0.0,0.0,0.0,1.137266,1.137266,0.0,144.19689573830215,144.19689573830215,0.0,3.0,3.0,0.0,0.0,0.0,0.0,3.0,3.0,0.0,0.0,0.0,0.0,0.0,0.0,0.0,1.0,1.0,0.0,3.0,3.0,0.0,-1.29737474494013,-1.29737474494013,0.0
frozen_check,sa_ghmappo,61,frozen_check_05,window_us_101_off45408_len24_t1118848494600_1118848496900,j_1067730,us_101,45408,24,1118848494600,1118848496900,False,0.0,0.0,0.0,0.0,0.0,0.0,0.0,0.0,0.0,1.0,1.0,0.0,14.0,14.0,0.0,28.0,28.0,0.0,0.0,0.0,0.0,28.0,28.0,0.0,0.0,0.0,0.0,0.0,0.0,0.0,0.0,0.0,0.0,0.0,0.0,0.0,0.0,0.0,0.0,0.0,0.0,0.0,14.0,14.0,0.0,0.0,0.0,0.0,0.0,0.0,0.0,0.0,0.0,0.0,14.0,14.0,0.0,0.0,0.0,0.0,-44.239999999999995,-44.239999999999995,0.0
frozen_check,sa_ghmappo,61,frozen_check_06,window_us_101_off51136_len24_t1118849067400_1118849069700,j_11064,us_101,51136,24,1118849067400,1118849069700,True,0.0,0.0,0.0,1.0,1.0,0.0,1.0,1.0,0.0,0.0,0.0,0.0,0.0,0.0,0.0,0.0,0.0,0.0,1.0,1.0,0.0,104.44903510673987,104.44903510673987,0.0,1026.460417,1026.460417,0.0,1024.667776,1024.667776,0.0,0.0,0.0,0.0,1.792641,1.792641,0.0,56.46797277073988,56.46797277073987,-7.105427357601002e-15,2.0,2.0,0.0,0.0,0.0,0.0,1.0,1.0,0.0,0.0,0.0,0.0,2.0,2.0,0.0,1.0,1.0,0.0,2.0,2.0,0.0,3.1660943123101504,3.1660943123101513,8.881784197001252e-16
frozen_check,sa_ghmappo,61,frozen_check_07,window_us_101_off52632_len24_t1118849217000_1118849219300,j_1069624,us_101,52632,24,1118849217000,1118849219300,True,0.0,0.0,0.0,1.0,1.0,0.0,1.0,1.0,0.0,0.0,0.0,0.0,0.0,0.0,0.0,0.0,0.0,0.0,1.0,1.0,0.0,207.01820959169535,207.01820959169535,0.0,2504.462663,2504.462663,0.0,2502.963904,2502.963904,0.0,0.24584,0.24584,0.0,1.252919,1.252919,0.0,55.48902807169537,55.48902807169537,0.0,0.0,0.0,0.0,0.0,0.0,0.0,8.0,8.0,0.0,0.0,0.0,0.0,1.0,1.0,0.0,0.0,0.0,0.0,1.0,1.0,0.0,2.27231192499762,2.27231192499762,0.0
frozen_check,sa_ghmappo,7,frozen_check_00,window_us_101_off40376_len24_t1118847991400_1118847993700,j_1097456,us_101,40376,24,1118847991400,1118847993700,True,0.0,0.0,0.0,1.0,1.0,0.0,1.0,1.0,0.0,1.0,1.0,0.0,2.0,2.0,0.0,4.0,4.0,0.0,1.0,1.0,0.0,67.054929104,166.19215339200002,99.13722428800003,1.236388,1.242424,0.00603599999999993,0.0,0.0,0.0,0.002744,0.00878,0.006036,1.233644,1.233644,0.0,21.579066,136.667418,115.088352,2.0,2.0,0.0,1.0,1.0,0.0,0.0,0.0,0.0,0.0,0.0,0.0,2.0,0.0,-2.0,4.0,4.0,0.0,3.0,5.0,2.0,2.6350299336523078,-5.295950820119224,-7.930980753771531
frozen_check,sa_ghmappo,7,frozen_check_01,window_us_101_off40488_len24_t1118848002600_1118848004900,j_1065729,us_101,40488,24,1118848002600,1118848004900,True,0.0,0.0,0.0,1.0,1.0,0.0,0.0,0.0,0.0,0.0,1.0,1.0,0.0,2.0,2.0,0.0,4.0,4.0,1.0,1.0,0.0,72.01276093358233,125.58957485102175,53.576813917439424,1.96824,1.427208,-0.541032,0.0,0.0,0.0,0.1756,0.38632,0.21072,1.79264,1.040888,-0.751752,4.315814333582334,77.92985753102175,73.61404319743941,0.0,2.0,2.0,0.0,2.0,2.0,0.0,0.0,0.0,0.0,0.0,0.0,4.0,1.0,-3.0,2.0,4.0,2.0,1.0,4.0,3.0,8.238062592141283,-2.0478305835962765,-10.28589317573756
frozen_check,sa_ghmappo,7,frozen_check_02,window_us_101_off40640_len24_t1118848017800_1118848020100,j_1101642,us_101,40640,24,1118848017800,1118848020100,True,1.0,0.0,-1.0,1.0,1.0,0.0,0.0,0.0,0.0,0.0,0.0,0.0,0.0,0.0,0.0,0.0,0.0,0.0,1.0,1.0,0.0,43.48213246158234,73.98923524716467,30.507102785582333,1.137266,1.14001,0.0027439999999998577,0.0,0.0,0.0,0.0,0.002744,0.002744,1.137266,1.137266,0.0,4.315814333582334,42.79848316716467,38.48266883358234,0.0,0.0,0.0,0.0,0.0,0.0,0.0,0.0,0.0,0.0,0.0,0.0,2.0,1.0,-1.0,3.0,3.0,0.0,0.0,1.0,1.0,10.520899822323841,4.080330321702681,-6.44056950062116
frozen_check,sa_ghmappo,7,frozen_check_03,window_us_101_off43456_len24_t1118848299400_1118848301700,j_1065807,us_101,43456,24,1118848299400,1118848301700,True,0.0,0.0,0.0,1.0,1.0,0.0,0.0,0.0,0.0,0.0,1.0,1.0,0.0,3.0,3.0,0.0,6.0,6.0,1.0,1.0,0.0,61.560328928,97.51340440000001,35.953075472000016,1.968241,1.54155,-0.42669099999999993,0.0,0.0,0.0,0.1756,0.59704,0.42144000000000004,1.792641,0.94451,-0.848131,10.789533,64.737198,53.94766500000001,0.0,3.0,3.0,0.0,2.0,2.0,0.0,0.0,0.0,0.0,0.0,0.0,3.0,0.0,-3.0,2.0,3.0,1.0,1.0,6.0,5.0,7.074257152122209,-4.8017901921574495,-11.876047344279659
frozen_check,sa_ghmappo,7,frozen_check_04,window_us_101_off44288_len24_t1118848382600_1118848384900,j_1103741,us_101,44288,24,1118848382600,1118848384900,True,0.0,0.0,0.0,1.0,1.0,0.0,1.0,1.0,0.0,1.0,1.0,0.0,3.0,3.0,0.0,6.0,6.0,0.0,1.0,1.0,0.0,79.62316614,201.38523341188449,121.76206727188449,1.137266,1.609521,0.47225499999999987,0.0,0.0,0.0,0.0,0.0,0.0,1.137266,1.609521,0.47225499999999987,26.9738325,164.69700957188448,137.7231770718845,5.0,5.0,0.0,1.0,1.0,0.0,0.0,0.0,0.0,0.0,0.0,0.0,2.0,0.0,-2.0,3.0,5.0,2.0,5.0,5.0,0.0,-1.3703828719495719,-11.111568164571567,-9.741185292621996
frozen_check,sa_ghmappo,7,frozen_check_05,window_us_101_off45408_len24_t1118848494600_1118848496900,j_1067730,us_101,45408,24,1118848494600,1118848496900,True,0.0,0.0,0.0,1.0,1.0,0.0,1.0,1.0,0.0,0.0,0.0,0.0,0.0,0.0,0.0,0.0,0.0,0.0,1.0,1.0,0.0,72.41893688,72.41893688,0.0,1.44811,1.44811,0.0,0.0,0.0,0.0,0.012072,0.012072,0.0,1.436038,1.436038,0.0,21.579066,21.579066,0.0,0.0,0.0,0.0,0.0,0.0,0.0,0.0,0.0,0.0,0.0,0.0,0.0,3.0,3.0,0.0,0.0,0.0,0.0,4.0,4.0,0.0,8.205810720833236,8.205810720833236,0.0
frozen_check,sa_ghmappo,7,frozen_check_06,window_us_101_off51136_len24_t1118849067400_1118849069700,j_11064,us_101,51136,24,1118849067400,1118849069700,True,0.0,0.0,0.0,1.0,1.0,0.0,0.0,0.0,0.0,0.0,0.0,0.0,0.0,0.0,0.0,0.0,0.0,0.0,1.0,1.0,0.0,51.50931346158234,54.824333830387,3.3150203688046602,1.792641,1.320386,-0.47225499999999987,0.0,0.0,0.0,0.0,0.0,0.0,1.792641,1.320386,-0.47225499999999987,4.315814333582334,23.654612742386995,19.33879840880466,1.0,1.0,0.0,0.0,0.0,0.0,0.0,0.0,0.0,0.0,0.0,0.0,3.0,1.0,-2.0,2.0,4.0,2.0,1.0,1.0,0.0,7.878420159557672,7.613438440924537,-0.2649817186331349
frozen_check,sa_ghmappo,7,frozen_check_07,window_us_101_off52632_len24_t1118849217000_1118849219300,j_1069624,us_101,52632,24,1118849217000,1118849219300,True,0.0,0.0,0.0,1.0,1.0,0.0,1.0,1.0,0.0,0.0,0.0,0.0,0.0,0.0,0.0,0.0,0.0,0.0,1.0,1.0,0.0,112.45537756,104.42034251999999,-8.035035040000011,2.862439,2.486563,-0.3758760000000003,0.0,0.0,0.0,0.0,0.0,0.0,2.862439,2.486563,-0.3758760000000003,0.0,0.0,0.0,0.0,0.0,0.0,0.0,0.0,0.0,0.0,0.0,0.0,0.0,0.0,0.0,9.0,8.0,-1.0,1.0,2.0,1.0,0.0,0.0,0.0,11.00223686817042,11.645214702272447,0.6429778341020267
regression,dt_handoff_drl,17,regression_00,window_lankershim_off4000_len24_t1118936085200_1118936087500,j_1066618,lankershim,4000,24,1118936085200,1118936087500,True,1.0,1.0,0.0,1.0,1.0,0.0,0.0,0.0,0.0,0.0,0.0,0.0,0.0,0.0,0.0,0.0,0.0,0.0,1.0,1.0,0.0,38.400579763164664,38.37615020316467,-0.02442955999999441,328.513762,328.511567,-0.0021949999999719694,328.130752,328.130752,0.0,0.007134,0.004939,-0.002195,0.375876,0.375876,0.0,8.631628667164668,8.631628667164668,0.0,0.0,0.0,0.0,0.0,0.0,0.0,2.0,3.0,1.0,0.0,0.0,0.0,0.0,0.0,0.0,0.0,0.0,0.0,3.0,2.0,-1.0,10.774977477635598,10.776932864562124,0.0019553869265251933
regression,dt_handoff_drl,17,regression_01,window_lankershim_off7904_len24_t1118936475600_1118936477900,j_1052341,lankershim,7904,24,1118936475600,1118936477900,True,1.0,1.0,0.0,1.0,1.0,0.0,0.0,0.0,0.0,0.0,0.0,0.0,0.0,0.0,0.0,0.0,0.0,0.0,1.0,1.0,0.0,55.460988252825594,55.4309570528256,-0.03003119999999626,11.07142,10.93094,-0.14048000000000016,9.641944,9.641944,0.0,1.0536,0.91312,-0.14048000000000005,0.375876,0.375876,0.0,13.358471452825595,13.358471452825595,0.0,0.0,0.0,0.0,0.0,0.0,0.0,0.0,1.0,1.0,0.0,0.0,0.0,0.0,0.0,0.0,2.0,2.0,0.0,6.0,5.0,-1.0,15.557965408084428,15.560433320182069,0.0024679120976411895
regression,dt_handoff_drl,17,regression_02,window_lankershim_off14008_len24_t1118937086000_1118937088300,j_1077564,lankershim,14008,24,1118937086000,1118937088300,True,0.0,0.0,0.0,1.0,1.0,0.0,1.0,0.0,-1.0,0.0,0.0,0.0,0.0,0.0,0.0,0.0,0.0,0.0,1.0,1.0,0.0,194.45137744791168,139.69137829674702,-54.75999915116466,5558.440035,3363.950412,-2194.4896229999995,5557.683344,3363.566304,-2194.11704,0.004939,0.008232,0.003293,0.751752,0.375876,-0.375876,113.29010216791167,77.684641000747,-35.60546116716466,2.0,0.0,-2.0,0.0,0.0,0.0,4.0,4.0,0.0,0.0,0.0,0.0,0.0,0.0,0.0,0.0,0.0,0.0,3.0,3.0,0.0,-4.144460537953911,1.258228256968919,5.40268879492283
regression,dt_handoff_drl,17,regression_03,window_lankershim_off17976_len24_t1118937482800_1118937485100,j_1053611,lankershim,17976,24,1118937482800,1118937485100,True,1.0,1.0,0.0,1.0,1.0,0.0,0.0,0.0,0.0,0.0,0.0,0.0,0.0,0.0,0.0,0.0,0.0,0.0,1.0,1.0,0.0,78.5337704,78.5337704,0.0,2195.432175,2195.432175,0.0,2194.11704,2194.11704,0.0,0.84288,0.84288,0.0,0.472255,0.472255,0.0,7.193022,7.193022,0.0,1.0,1.0,0.0,0.0,0.0,0.0,1.0,2.0,1.0,0.0,0.0,0.0,0.0,0.0,0.0,3.0,3.0,0.0,6.0,5.0,-1.0,16.69497059519267,16.69497059519267,0.0
regression,dt_handoff_drl,17,regression_04,window_peachtree_off22888_len24_t1163316300_1163318600,j_1080918,peachtree,22888,24,1163316300,1163318600,True,0.0,0.0,0.0,1.0,1.0,0.0,0.0,0.0,0.0,0.0,0.0,0.0,0.0,0.0,0.0,0.0,0.0,0.0,1.0,1.0,0.0,53.75772522716467,53.75772522716467,0.0,0.385514,0.385514,0.0,0.0,0.0,0.0,0.0,0.0,0.0,0.385514,0.385514,0.0,37.403716667164666,37.40371666716467,7.105427357601002e-15,5.0,1.0,-4.0,0.0,0.0,0.0,0.0,3.0,3.0,0.0,0.0,0.0,0.0,0.0,0.0,0.0,1.0,1.0,5.0,1.0,-4.0,5.699202462881312,5.699202462881311,-8.881784197001252e-16
regression,dt_handoff_drl,17,regression_05,window_us_101_off30672_len24_t1118847021000_1118847023300,j_1054473,us_101,30672,24,1118847021000,1118847023300,True,1.0,1.0,0.0,1.0,1.0,0.0,0.0,0.0,0.0,0.0,0.0,0.0,0.0,0.0,0.0,0.0,0.0,0.0,1.0,1.0,0.0,20.393349456,20.393349456,0.0,28.936807,28.936807,0.0,28.925832,28.925832,0.0,0.010975,0.010975,0.0,0.0,0.0,0.0,0.0,0.0,0.0,0.0,0.0,0.0,0.0,0.0,0.0,1.0,1.0,0.0,0.0,0.0,0.0,0.0,0.0,0.0,0.0,0.0,0.0,4.0,4.0,0.0,12.355057292721806,12.355057292721806,0.0
regression,dt_handoff_drl,17,regression_06,window_us_101_off31096_len24_t1118847063400_1118847065700,j_10812,us_101,31096,24,1118847063400,1118847065700,True,0.0,0.0,0.0,1.0,1.0,0.0,0.0,0.0,0.0,0.0,0.0,0.0,0.0,0.0,0.0,0.0,0.0,0.0,1.0,1.0,0.0,54.70626177916468,54.70626177916468,0.0,0.385514,0.385514,0.0,0.0,0.0,0.0,0.0,0.0,0.0,0.385514,0.385514,0.0,37.40371666716467,37.40371666716467,0.0,5.0,1.0,-4.0,0.0,0.0,0.0,0.0,3.0,3.0,0.0,0.0,0.0,0.0,0.0,0.0,0.0,1.0,1.0,5.0,1.0,-4.0,5.6233195387213115,5.6233195387213115,0.0
regression,dt_handoff_drl,17,regression_07,window_us_101_off32096_len24_t1118847163400_1118847165700,j_1055583,us_101,32096,24,1118847163400,1118847165700,True,0.0,0.0,0.0,1.0,1.0,0.0,1.0,1.0,0.0,0.0,0.0,0.0,0.0,0.0,0.0,0.0,0.0,0.0,1.0,1.0,0.0,218.31665480724544,218.31665480724544,0.0,2504.80357,2504.80357,0.0,2502.963904,2502.963904,0.0,0.7024,0.7024,0.0,1.137266,1.137266,0.0,68.01127000724543,68.01127000724543,0.0,2.0,2.0,0.0,0.0,0.0,0.0,4.0,5.0,1.0,0.0,0.0,0.0,0.0,0.0,0.0,0.0,0.0,0.0,8.0,7.0,-1.0,5.368277560561143,5.368277560561143,0.0
regression,dt_handoff_drl,17,regression_08,window_us_101_off35256_len24_t1118847479400_1118847481700,j_1081406,us_101,35256,24,1118847479400,1118847481700,True,1.0,1.0,0.0,1.0,1.0,0.0,0.0,0.0,0.0,0.0,0.0,0.0,0.0,0.0,0.0,0.0,0.0,0.0,1.0,1.0,0.0,23.137658088000002,23.113228528,-0.024429560000001516,328.137886,328.135691,-0.0021949999999719694,328.130752,328.130752,0.0,0.007134,0.004939,-0.002195,0.0,0.0,0.0,0.0,0.0,0.0,0.0,0.0,0.0,0.0,0.0,0.0,3.0,4.0,1.0,0.0,0.0,0.0,0.0,0.0,0.0,0.0,0.0,0.0,3.0,2.0,-1.0,13.9961862425508,13.998141629477326,0.0019553869265251933
regression,dt_handoff_drl,17,regression_09,window_us_101_off35416_len24_t1118847495400_1118847497700,j_1061152,us_101,35416,24,1118847495400,1118847497700,True,1.0,1.0,0.0,1.0,1.0,0.0,0.0,0.0,0.0,0.0,0.0,0.0,0.0,0.0,0.0,0.0,0.0,0.0,1.0,1.0,0.0,50.838452,50.80842079999999,-0.030031200000003366,175.2526,175.11212,-0.1404799999999966,173.70732,173.70732,0.0,1.54528,1.4048,-0.14047999999999994,0.0,0.0,0.0,0.0,0.0,0.0,0.0,0.0,0.0,0.0,0.0,0.0,0.0,1.0,1.0,0.0,0.0,0.0,0.0,0.0,0.0,0.0,0.0,0.0,9.0,8.0,-1.0,17.851315488679973,17.853783400777615,0.002467912097642966
regression,dt_handoff_drl,17,regression_10,window_us_101_off35648_len24_t1118847518600_1118847520900,j_1090155,us_101,35648,24,1118847518600,1118847520900,True,1.0,1.0,0.0,1.0,1.0,0.0,0.0,0.0,0.0,0.0,0.0,0.0,0.0,0.0,0.0,0.0,0.0,0.0,1.0,1.0,0.0,41.311219392000005,46.971303685208845,5.66008429320884,2194.124174,0.574669,-2193.549505,2194.11704,0.0,-2194.11704,0.007134,0.006036,-0.001098,0.0,0.568633,0.568633,0.0,24.815925333208835,24.815925333208835,2.0,1.0,-1.0,0.0,0.0,0.0,1.0,2.0,1.0,0.0,0.0,0.0,0.0,0.0,0.0,0.0,0.0,0.0,4.0,3.0,-1.0,9.67338376126213,10.242028104076978,0.5686443428148475
regression,dt_handoff_drl,17,regression_11,window_us_101_off37040_len24_t1118847657800_1118847660100,j_1064718,us_101,37040,24,1118847657800,1118847660100,True,0.0,0.0,0.0,1.0,1.0,0.0,1.0,0.0,-1.0,0.0,0.0,0.0,0.0,0.0,0.0,0.0,0.0,0.0,1.0,1.0,0.0,57.867947024,49.054847976000005,-8.813099047999998,3219.469253,2194.660997,-1024.8082560000003,3218.784816,2194.11704,-1024.6677759999998,0.49168,0.3512,-0.14048,0.192757,0.192757,0.0,10.789533,10.789533,0.0,0.0,0.0,0.0,0.0,0.0,0.0,2.0,3.0,1.0,0.0,0.0,0.0,0.0,0.0,0.0,0.0,0.0,0.0,3.0,2.0,-1.0,3.8713820412803344,5.053643496852893,1.1822614555725588
regression,dt_handoff_drl,29,regression_00,window_lankershim_off4000_len24_t1118936085200_1118936087500,j_1066618,lankershim,4000,24,1118936085200,1118936087500,True,1.0,1.0,0.0,1.0,1.0,0.0,0.0,0.0,0.0,0.0,0.0,0.0,0.0,0.0,0.0,0.0,0.0,0.0,1.0,1.0,0.0,38.400579763164664,38.400579763164664,0.0,328.513762,328.513762,0.0,328.130752,328.130752,0.0,0.007134,0.007134,0.0,0.375876,0.375876,0.0,8.631628667164668,8.631628667164668,0.0,0.0,0.0,0.0,0.0,0.0,0.0,2.0,2.0,0.0,0.0,0.0,0.0,0.0,0.0,0.0,0.0,0.0,0.0,3.0,3.0,0.0,10.774977477635598,10.774977477635598,0.0
regression,dt_handoff_drl,29,regression_01,window_lankershim_off7904_len24_t1118936475600_1118936477900,j_1052341,lankershim,7904,24,1118936475600,1118936477900,True,1.0,1.0,0.0,1.0,1.0,0.0,0.0,0.0,0.0,0.0,0.0,0.0,0.0,0.0,0.0,0.0,0.0,0.0,1.0,1.0,0.0,55.460988252825594,55.460988252825594,0.0,11.07142,11.07142,0.0,9.641944,9.641944,0.0,1.0536,1.0536,0.0,0.375876,0.375876,0.0,13.358471452825595,13.358471452825595,0.0,0.0,0.0,0.0,0.0,0.0,0.0,2.0,2.0,0.0,0.0,0.0,0.0,0.0,0.0,0.0,0.0,0.0,0.0,6.0,6.0,0.0,15.557965408084428,15.557965408084428,0.0
regression,dt_handoff_drl,29,regression_02,window_lankershim_off14008_len24_t1118937086000_1118937088300,j_1077564,lankershim,14008,24,1118937086000,1118937088300,True,0.0,0.0,0.0,1.0,1.0,0.0,1.0,1.0,0.0,0.0,0.0,0.0,0.0,0.0,0.0,0.0,0.0,0.0,1.0,1.0,0.0,194.45137744791168,194.42694349591167,-0.02443395200000964,5558.440035,5558.437291,-0.002743999999438529,5557.683344,5557.683344,0.0,0.004939,0.002195,-0.002744,0.751752,0.751752,0.0,113.29010216791167,113.29010216791167,0.0,2.0,2.0,0.0,0.0,0.0,0.0,4.0,5.0,1.0,0.0,0.0,0.0,0.0,0.0,0.0,0.0,0.0,0.0,3.0,2.0,-1.0,-4.144460537953911,-4.142504544019337,0.0019559939345743516
regression,dt_handoff_drl,29,regression_03,window_lankershim_off17976_len24_t1118937482800_1118937485100,j_1053611,lankershim,17976,24,1118937482800,1118937485100,True,1.0,1.0,0.0,1.0,1.0,0.0,0.0,0.0,0.0,0.0,0.0,0.0,0.0,0.0,0.0,0.0,0.0,0.0,1.0,1.0,0.0,78.5337704,78.5079536,-0.025816800000001194,2195.432175,2195.256575,-0.1756000000000313,2194.11704,2194.11704,0.0,0.84288,0.66728,-0.17559999999999998,0.472255,0.472255,0.0,7.193022,7.193022,0.0,1.0,1.0,0.0,0.0,0.0,0.0,4.0,6.0,2.0,0.0,0.0,0.0,0.0,0.0,0.0,0.0,0.0,0.0,6.0,4.0,-2.0,16.69497059519267,16.69711770931472,0.002147114122049487
regression,dt_handoff_drl,29,regression_04,window_peachtree_off22888_len24_t1163316300_1163318600,j_1080918,peachtree,22888,24,1163316300,1163318600,True,0.0,0.0,0.0,1.0,1.0,0.0,0.0,0.0,0.0,0.0,0.0,0.0,0.0,0.0,0.0,0.0,0.0,0.0,1.0,1.0,0.0,53.75772522716467,53.75772522716467,0.0,0.385514,0.385514,0.0,0.0,0.0,0.0,0.0,0.0,0.0,0.385514,0.385514,0.0,37.403716667164666,37.40371666716467,7.105427357601002e-15,5.0,3.0,-2.0,0.0,0.0,0.0,0.0,2.0,2.0,0.0,0.0,0.0,0.0,0.0,0.0,0.0,0.0,0.0,5.0,3.0,-2.0,5.699202462881312,5.699202462881311,-8.881784197001252e-16
regression,dt_handoff_drl,29,regression_05,window_us_101_off30672_len24_t1118847021000_1118847023300,j_1054473,us_101,30672,24,1118847021000,1118847023300,True,1.0,1.0,0.0,1.0,1.0,0.0,0.0,0.0,0.0,1.0,0.0,-1.0,2.0,0.0,-2.0,4.0,0.0,-4.0,1.0,1.0,0.0,24.440786023999998,20.368915504,-4.071870519999997,29.314878,28.934063,-0.3808150000000019,28.925832,28.925832,0.0,0.01317,0.008231,-0.004938999999999999,0.375876,0.0,-0.375876,0.0,0.0,0.0,2.0,0.0,-2.0,2.0,0.0,-2.0,0.0,2.0,2.0,0.0,0.0,0.0,0.0,0.0,0.0,0.0,0.0,0.0,7.0,3.0,-4.0,6.031086314253252,12.357013286656377,6.325926972403125
regression,dt_handoff_drl,29,regression_06,window_us_101_off31096_len24_t1118847063400_1118847065700,j_10812,us_101,31096,24,1118847063400,1118847065700,True,0.0,0.0,0.0,1.0,1.0,0.0,0.0,0.0,0.0,0.0,0.0,0.0,0.0,0.0,0.0,0.0,0.0,0.0,1.0,1.0,0.0,54.70626177916468,54.70626177916468,0.0,0.385514,0.385514,0.0,0.0,0.0,0.0,0.0,0.0,0.0,0.385514,0.385514,0.0,37.40371666716467,37.40371666716467,0.0,4.0,2.0,-2.0,0.0,0.0,0.0,1.0,3.0,2.0,0.0,0.0,0.0,0.0,0.0,0.0,0.0,0.0,0.0,4.0,2.0,-2.0,5.6233195387213115,5.6233195387213115,0.0
regression,dt_handoff_drl,29,regression_07,window_us_101_off32096_len24_t1118847163400_1118847165700,j_1055583,us_101,32096,24,1118847163400,1118847165700,True,0.0,0.0,0.0,1.0,1.0,0.0,1.0,1.0,0.0,0.0,0.0,0.0,0.0,0.0,0.0,0.0,0.0,0.0,1.0,1.0,0.0,218.31665480724544,218.28100440724543,-0.03565040000000863,2504.80357,2504.52261,-0.28096000000005006,2502.963904,2502.963904,0.0,0.7024,0.42144,-0.28096000000000004,1.137266,1.137266,0.0,68.01127000724543,68.01127000724543,0.0,2.0,1.0,-1.0,0.0,0.0,0.0,4.0,7.0,3.0,0.0,0.0,0.0,0.0,0.0,0.0,0.0,0.0,0.0,8.0,5.0,-3.0,5.368277560561143,5.371260424756425,0.0029828641952818202
regression,dt_handoff_drl,29,regression_08,window_us_101_off35256_len24_t1118847479400_1118847481700,j_1081406,us_101,35256,24,1118847479400,1118847481700,True,1.0,1.0,0.0,1.0,1.0,0.0,0.0,0.0,0.0,0.0,0.0,0.0,0.0,0.0,0.0,0.0,0.0,0.0,1.0,1.0,0.0,23.137658088000002,23.137658088000002,0.0,328.137886,328.137886,0.0,328.130752,328.130752,0.0,0.007134,0.007134,0.0,0.0,0.0,0.0,0.0,0.0,0.0,0.0,0.0,0.0,0.0,0.0,0.0,3.0,3.0,0.0,0.0,0.0,0.0,0.0,0.0,0.0,0.0,0.0,0.0,3.0,3.0,0.0,13.9961862425508,13.9961862425508,0.0
regression,dt_handoff_drl,29,regression_09,window_us_101_off35416_len24_t1118847495400_1118847497700,j_1061152,us_101,35416,24,1118847495400,1118847497700,True,1.0,1.0,0.0,1.0,1.0,0.0,0.0,0.0,0.0,0.0,0.0,0.0,0.0,0.0,0.0,0.0,0.0,0.0,1.0,1.0,0.0,50.838452,59.40733523320883,8.568883233208837,175.2526,175.014935,-0.2376649999999927,173.70732,173.70732,0.0,1.54528,1.01848,-0.5267999999999999,0.0,0.289135,0.289135,0.0,8.631625833208835,8.631625833208835,0.0,0.0,0.0,0.0,0.0,0.0,0.0,2.0,2.0,0.0,0.0,0.0,0.0,0.0,0.0,0.0,0.0,0.0,9.0,7.0,-2.0,17.851315488679973,17.165915501413114,-0.6853999872668588
regression,dt_handoff_drl,29,regression_10,window_us_101_off35648_len24_t1118847518600_1118847520900,j_1090155,us_101,35648,24,1118847518600,1118847520900,True,1.0,1.0,0.0,1.0,1.0,0.0,0.0,0.0,0.0,0.0,0.0,0.0,0.0,0.0,0.0,0.0,0.0,0.0,1.0,1.0,0.0,41.311219392000005,41.311219392000005,0.0,2194.124174,2194.124174,0.0,2194.11704,2194.11704,0.0,0.007134,0.007134,0.0,0.0,0.0,0.0,0.0,0.0,0.0,2.0,1.0,-1.0,0.0,0.0,0.0,1.0,2.0,1.0,0.0,0.0,0.0,0.0,0.0,0.0,0.0,0.0,0.0,4.0,3.0,-1.0,9.67338376126213,9.67338376126213,0.0
regression,dt_handoff_drl,29,regression_11,window_us_101_off37040_len24_t1118847657800_1118847660100,j_1064718,us_101,37040,24,1118847657800,1118847660100,True,0.0,0.0,0.0,1.0,1.0,0.0,1.0,1.0,0.0,0.0,0.0,0.0,0.0,0.0,0.0,0.0,0.0,0.0,1.0,1.0,0.0,57.867947024,57.842130224,-0.025816800000001194,3219.469253,3219.293653,-0.1756000000000313,3218.784816,3218.784816,0.0,0.49168,0.31608,-0.17559999999999998,0.192757,0.192757,0.0,10.789533,10.789533,0.0,0.0,0.0,0.0,0.0,0.0,0.0,2.0,3.0,1.0,0.0,0.0,0.0,0.0,0.0,0.0,0.0,0.0,0.0,3.0,2.0,-1.0,3.8713820412803344,3.8735291554023856,0.0021471141220512635
regression,dt_handoff_drl,43,regression_00,window_lankershim_off4000_len24_t1118936085200_1118936087500,j_1066618,lankershim,4000,24,1118936085200,1118936087500,True,1.0,1.0,0.0,1.0,1.0,0.0,0.0,0.0,0.0,1.0,0.0,-1.0,5.0,0.0,-5.0,10.0,0.0,-10.0,1.0,1.0,0.0,39.794816376,38.400579763164664,-1.3942366128353356,328.143922,328.513762,0.3698400000000106,328.130752,328.130752,0.0,0.01317,0.007134,-0.006036,0.0,0.375876,0.375876,0.0,8.631628667164668,8.631628667164668,5.0,0.0,-5.0,2.0,0.0,-2.0,0.0,2.0,2.0,0.0,0.0,0.0,0.0,0.0,0.0,0.0,0.0,0.0,10.0,3.0,-7.0,-4.336389231220731,10.774977477635598,15.11136670885633
regression,dt_handoff_drl,43,regression_01,window_lankershim_off7904_len24_t1118936475600_1118936477900,j_1052341,lankershim,7904,24,1118936475600,1118936477900,True,1.0,1.0,0.0,1.0,1.0,0.0,0.0,0.0,0.0,0.0,0.0,0.0,0.0,0.0,0.0,0.0,0.0,0.0,1.0,1.0,0.0,55.460988252825594,55.4281474528256,-0.03284079999999534,11.07142,10.8607,-0.21072000000000024,9.641944,9.641944,0.0,1.0536,0.84288,-0.21072000000000013,0.375876,0.375876,0.0,13.358471452825595,13.358471452825595,0.0,0.0,0.0,0.0,0.0,0.0,0.0,2.0,3.0,1.0,0.0,0.0,0.0,0.0,0.0,0.0,0.0,0.0,0.0,6.0,5.0,-1.0,15.557965408084428,15.560690796230888,0.0027253881464606167
regression,dt_handoff_drl,43,regression_02,window_lankershim_off14008_len24_t1118937086000_1118937088300,j_1077564,lankershim,14008,24,1118937086000,1118937088300,True,0.0,0.0,0.0,1.0,1.0,0.0,1.0,1.0,0.0,1.0,0.0,-1.0,4.0,0.0,-4.0,8.0,0.0,-8.0,1.0,1.0,0.0,145.714609096747,175.24654461591166,29.531935519164648,4388.716762,3364.318056,-1024.398706,4388.23408,3363.566304,-1024.6677760000002,0.010427,0.0,-0.010427,0.472255,0.751752,0.279497,66.89510800074702,113.29010216791167,46.394994167164654,5.0,0.0,-5.0,2.0,0.0,-2.0,3.0,7.0,4.0,0.0,0.0,0.0,0.0,0.0,0.0,0.0,0.0,0.0,8.0,0.0,-8.0,-11.700824224761735,-1.5863562461425644,10.114467978619171
regression,dt_handoff_drl,43,regression_03,window_lankershim_off17976_len24_t1118937482800_1118937485100,j_1053611,lankershim,17976,24,1118937482800,1118937485100,True,1.0,1.0,0.0,1.0,1.0,0.0,0.0,0.0,0.0,0.0,0.0,0.0,0.0,0.0,0.0,0.0,0.0,0.0,1.0,1.0,0.0,78.5337704,78.5079536,-0.025816800000001194,2195.432175,2195.256575,-0.1756000000000313,2194.11704,2194.11704,0.0,0.84288,0.66728,-0.17559999999999998,0.472255,0.472255,0.0,7.193022,7.193022,0.0,1.0,1.0,0.0,0.0,0.0,0.0,4.0,6.0,2.0,0.0,0.0,0.0,0.0,0.0,0.0,0.0,0.0,0.0,6.0,4.0,-2.0,16.69497059519267,16.69711770931472,0.002147114122049487
regression,dt_handoff_drl,43,regression_04,window_peachtree_off22888_len24_t1163316300_1163318600,j_1080918,peachtree,22888,24,1163316300,1163318600,True,0.0,0.0,0.0,1.0,1.0,0.0,0.0,0.0,0.0,0.0,0.0,0.0,0.0,0.0,0.0,0.0,0.0,0.0,1.0,1.0,0.0,53.75772522716467,53.75772522716467,0.0,0.385514,0.385514,0.0,0.0,0.0,0.0,0.0,0.0,0.0,0.385514,0.385514,0.0,37.403716667164666,37.40371666716467,7.105427357601002e-15,4.0,0.0,-4.0,0.0,0.0,0.0,1.0,5.0,4.0,0.0,0.0,0.0,0.0,0.0,0.0,0.0,0.0,0.0,4.0,0.0,-4.0,5.699202462881312,5.699202462881311,-8.881784197001252e-16
regression,dt_handoff_drl,43,regression_05,window_us_101_off30672_len24_t1118847021000_1118847023300,j_1054473,us_101,30672,24,1118847021000,1118847023300,True,1.0,1.0,0.0,1.0,1.0,0.0,0.0,0.0,0.0,0.0,0.0,0.0,0.0,0.0,0.0,0.0,0.0,0.0,1.0,1.0,0.0,20.393349456,20.368915504,-0.024433951999998982,28.936807,28.934063,-0.0027440000000034104,28.925832,28.925832,0.0,0.010975,0.008231,-0.002744,0.0,0.0,0.0,0.0,0.0,0.0,0.0,0.0,0.0,0.0,0.0,0.0,1.0,2.0,1.0,0.0,0.0,0.0,0.0,0.0,0.0,0.0,0.0,0.0,4.0,3.0,-1.0,12.355057292721806,12.357013286656377,0.001955993934570799
regression,dt_handoff_drl,43,regression_06,window_us_101_off31096_len24_t1118847063400_1118847065700,j_10812,us_101,31096,24,1118847063400,1118847065700,True,0.0,0.0,0.0,1.0,1.0,0.0,0.0,0.0,0.0,0.0,0.0,0.0,0.0,0.0,0.0,0.0,0.0,0.0,1.0,1.0,0.0,54.70626177916468,54.70626177916468,0.0,0.385514,0.385514,0.0,0.0,0.0,0.0,0.0,0.0,0.0,0.385514,0.385514,0.0,37.40371666716467,37.40371666716467,0.0,4.0,0.0,-4.0,0.0,0.0,0.0,1.0,5.0,4.0,0.0,0.0,0.0,0.0,0.0,0.0,0.0,0.0,0.0,4.0,0.0,-4.0,5.6233195387213115,5.6233195387213115,0.0
regression,dt_handoff_drl,43,regression_07,window_us_101_off32096_len24_t1118847163400_1118847165700,j_1055583,us_101,32096,24,1118847163400,1118847165700,True,0.0,0.0,0.0,1.0,1.0,0.0,1.0,1.0,0.0,0.0,0.0,0.0,0.0,0.0,0.0,0.0,0.0,0.0,1.0,1.0,0.0,218.31665480724544,218.28100440724543,-0.03565040000000863,2504.80357,2504.52261,-0.28096000000005006,2502.963904,2502.963904,0.0,0.7024,0.42144,-0.28096000000000004,1.137266,1.137266,0.0,68.01127000724543,68.01127000724543,0.0,2.0,2.0,0.0,0.0,0.0,0.0,4.0,6.0,2.0,0.0,0.0,0.0,0.0,0.0,0.0,0.0,0.0,0.0,8.0,6.0,-2.0,5.368277560561143,5.371260424756425,0.0029828641952818202
regression,dt_handoff_drl,43,regression_08,window_us_101_off35256_len24_t1118847479400_1118847481700,j_1081406,us_101,35256,24,1118847479400,1118847481700,True,0.0,1.0,1.0,1.0,1.0,0.0,0.0,0.0,0.0,1.0,0.0,-1.0,1.0,0.0,-1.0,2.0,0.0,-2.0,1.0,1.0,0.0,66.2785810689544,23.137658088000002,-43.14092298095439,328.333387,328.137886,-0.19550100000003567,328.130752,328.130752,0.0,0.009878,0.007134,-0.002744,0.192757,0.0,-0.192757,41.09494697295439,0.0,-41.09494697295439,1.0,0.0,-1.0,1.0,0.0,-1.0,2.0,3.0,1.0,0.0,0.0,0.0,0.0,0.0,0.0,0.0,0.0,0.0,5.0,3.0,-2.0,3.54482136682712,13.9961862425508,10.45136487572368
regression,dt_handoff_drl,43,regression_09,window_us_101_off35416_len24_t1118847495400_1118847497700,j_1061152,us_101,35416,24,1118847495400,1118847497700,True,1.0,1.0,0.0,1.0,1.0,0.0,0.0,0.0,0.0,0.0,0.0,0.0,0.0,0.0,0.0,0.0,0.0,0.0,1.0,1.0,0.0,50.838452,59.37168483320883,8.533232833208835,175.2526,174.733975,-0.5186250000000143,173.70732,173.70732,0.0,1.54528,0.73752,-0.80776,0.0,0.289135,0.289135,0.0,8.631625833208835,8.631625833208835,0.0,0.0,0.0,0.0,0.0,0.0,0.0,3.0,3.0,0.0,0.0,0.0,0.0,0.0,0.0,0.0,0.0,0.0,9.0,6.0,-3.0,17.851315488679973,17.168898365608396,-0.682417123071577
regression,dt_handoff_drl,43,regression_10,window_us_101_off35648_len24_t1118847518600_1118847520900,j_1090155,us_101,35648,24,1118847518600,1118847520900,True,1.0,1.0,0.0,1.0,1.0,0.0,0.0,0.0,0.0,0.0,0.0,0.0,0.0,0.0,0.0,0.0,0.0,0.0,1.0,1.0,0.0,41.311219392000005,46.94686534920884,5.635645957208837,2194.124174,0.571377,-2193.552797,2194.11704,0.0,-2194.11704,0.007134,0.002744,-0.00439,0.0,0.568633,0.568633,0.0,24.815925333208835,24.815925333208835,2.0,1.0,-1.0,0.0,0.0,0.0,1.0,3.0,2.0,0.0,0.0,0.0,0.0,0.0,0.0,0.0,0.0,0.0,4.0,2.0,-2.0,9.67338376126213,10.243984703913934,0.5706009426518044
regression,dt_handoff_drl,43,regression_11,window_us_101_off37040_len24_t1118847657800_1118847660100,j_1064718,us_101,37040,24,1118847657800,1118847660100,True,0.0,0.0,0.0,1.0,1.0,0.0,1.0,1.0,0.0,0.0,0.0,0.0,0.0,0.0,0.0,0.0,0.0,0.0,1.0,1.0,0.0,57.867947024,57.842130224,-0.025816800000001194,3219.469253,3219.293653,-0.1756000000000313,3218.784816,3218.784816,0.0,0.49168,0.31608,-0.17559999999999998,0.192757,0.192757,0.0,10.789533,10.789533,0.0,0.0,0.0,0.0,0.0,0.0,0.0,2.0,3.0,1.0,0.0,0.0,0.0,0.0,0.0,0.0,0.0,0.0,0.0,3.0,2.0,-1.0,3.8713820412803344,3.8735291554023856,0.0021471141220512635
regression,dt_handoff_drl,61,regression_00,window_lankershim_off4000_len24_t1118936085200_1118936087500,j_1066618,lankershim,4000,24,1118936085200,1118936087500,True,1.0,1.0,0.0,1.0,1.0,0.0,0.0,0.0,0.0,0.0,0.0,0.0,0.0,0.0,0.0,0.0,0.0,0.0,1.0,1.0,0.0,51.005212536,42.980663471999996,-8.024549064000006,155.743817,155.175184,-0.5686330000000055,154.423432,154.423432,0.0,0.0,0.0,0.0,1.320385,0.751752,-0.5686329999999999,0.0,0.0,0.0,0.0,0.0,0.0,0.0,0.0,0.0,2.0,3.0,1.0,0.0,0.0,0.0,3.0,2.0,-1.0,0.0,0.0,0.0,0.0,0.0,0.0,9.847059130805558,10.489287846300346,0.6422287154947881
regression,dt_handoff_drl,61,regression_01,window_lankershim_off7904_len24_t1118936475600_1118936477900,j_1052341,lankershim,7904,24,1118936475600,1118936477900,True,1.0,1.0,0.0,1.0,1.0,0.0,0.0,0.0,0.0,0.0,0.0,0.0,0.0,0.0,0.0,0.0,0.0,0.0,1.0,1.0,0.0,81.33780492,70.63353105282559,-10.704273867174408,1.330023,0.76139,-0.5686329999999999,0.0,0.0,0.0,0.0,0.0,0.0,1.330023,0.76139,-0.5686329999999999,0.0,13.358471452825595,13.358471452825595,0.0,0.0,0.0,0.0,0.0,0.0,3.0,6.0,3.0,0.0,0.0,0.0,5.0,2.0,-3.0,0.0,0.0,0.0,0.0,0.0,0.0,13.492356266177671,14.34896296592641,0.8566066997487383
regression,dt_handoff_drl,61,regression_02,window_lankershim_off14008_len24_t1118937086000_1118937088300,j_1077564,lankershim,14008,24,1118937086000,1118937088300,True,0.0,0.0,0.0,1.0,1.0,0.0,1.0,0.0,-1.0,0.0,0.0,0.0,0.0,0.0,0.0,0.0,0.0,0.0,1.0,1.0,0.0,102.45202541516467,164.11288837591167,61.660862960747,1170.962406,1170.490151,-0.472255000000132,1169.449264,1169.449264,0.0,0.0,0.0,0.0,1.513142,1.040887,-0.4722550000000001,35.60546116716467,113.29010216791167,77.684641000747,0.0,0.0,0.0,0.0,0.0,0.0,4.0,6.0,2.0,0.0,0.0,0.0,3.0,1.0,-2.0,0.0,0.0,0.0,0.0,0.0,0.0,5.2585661054198996,0.3259169794313763,-4.932649125988523
regression,dt_handoff_drl,61,regression_03,window_lankershim_off17976_len24_t1118937482800_1118937485100,j_1053611,lankershim,17976,24,1118937482800,1118937485100,True,0.0,1.0,1.0,1.0,1.0,0.0,0.0,0.0,0.0,0.0,0.0,0.0,0.0,0.0,0.0,0.0,0.0,0.0,1.0,1.0,0.0,132.26334752,101.71174527199999,-30.55160224800001,3.89369,1171.714159,1167.820469,0.0,1169.449264,1169.449264,0.0,0.0,0.0,3.89369,2.264895,-1.6287949999999998,0.0,7.193022,7.193022,0.0,0.0,0.0,0.0,0.0,0.0,0.0,6.0,6.0,0.0,0.0,0.0,10.0,4.0,-6.0,0.0,0.0,0.0,0.0,0.0,0.0,9.417119057702223,15.317438454603353,5.90031939690113
regression,dt_handoff_drl,61,regression_04,window_peachtree_off22888_len24_t1163316300_1163318600,j_1080918,peachtree,22888,24,1163316300,1163318600,True,0.0,1.0,1.0,1.0,1.0,0.0,0.0,0.0,0.0,0.0,0.0,0.0,0.0,0.0,0.0,0.0,0.0,0.0,1.0,1.0,0.0,40.381718840000005,28.669822893582335,-11.71189594641767,0.578271,0.385514,-0.19275699999999996,0.0,0.0,0.0,0.0,0.0,0.0,0.578271,0.385514,-0.19275699999999996,0.0,4.315814333582334,4.315814333582334,0.0,0.0,0.0,0.0,0.0,0.0,2.0,4.0,2.0,0.0,0.0,0.0,3.0,1.0,-2.0,0.0,0.0,0.0,0.0,0.0,0.0,6.769193214381727,11.706234649567898,4.937041435186171
regression,dt_handoff_drl,61,regression_05,window_us_101_off30672_len24_t1118847021000_1118847023300,j_1054473,us_101,30672,24,1118847021000,1118847023300,True,0.0,1.0,1.0,1.0,1.0,0.0,0.0,0.0,0.0,0.0,0.0,0.0,0.0,0.0,0.0,0.0,0.0,0.0,1.0,1.0,0.0,46.6037875897739,38.58224553377391,-8.021542055999994,19.958537,19.76578,-0.1927570000000003,19.283888,19.283888,0.0,0.0,0.0,0.0,0.674649,0.481892,-0.19275700000000007,10.628496293773907,10.628496293773907,0.0,0.0,0.0,0.0,0.0,0.0,0.0,3.0,4.0,1.0,0.0,0.0,0.0,2.0,1.0,-1.0,0.0,0.0,0.0,0.0,0.0,0.0,6.2624030747858885,10.904216198738645,4.6418131239527565
regression,dt_handoff_drl,61,regression_06,window_us_101_off31096_len24_t1118847063400_1118847065700,j_10812,us_101,31096,24,1118847063400,1118847065700,True,0.0,1.0,1.0,1.0,1.0,0.0,1.0,0.0,-1.0,0.0,0.0,0.0,0.0,0.0,0.0,0.0,0.0,0.0,1.0,1.0,0.0,57.368636232,37.63990150158234,-19.728734730417663,1.146904,0.578271,-0.5686329999999999,0.0,0.0,0.0,0.0,0.0,0.0,1.146904,0.578271,-0.5686329999999999,0.0,4.315814333582334,4.315814333582334,0.0,0.0,0.0,0.0,0.0,0.0,0.0,3.0,3.0,0.0,0.0,0.0,5.0,2.0,-3.0,0.0,0.0,0.0,0.0,0.0,0.0,5.409975032646941,10.98853860145514,5.578563568808199
regression,dt_handoff_drl,61,regression_07,window_us_101_off32096_len24_t1118847163400_1118847165700,j_1055583,us_101,32096,24,1118847163400,1118847165700,True,0.0,0.0,0.0,1.0,1.0,0.0,1.0,1.0,0.0,0.0,0.0,0.0,0.0,0.0,0.0,0.0,0.0,0.0,1.0,1.0,0.0,143.27109492000002,127.2083496,-16.06274532000002,3.411798,2.843165,-0.5686330000000002,0.0,0.0,0.0,0.0,0.0,0.0,3.411798,2.843165,-0.5686330000000002,0.0,0.0,0.0,0.0,0.0,0.0,0.0,0.0,0.0,0.0,2.0,2.0,0.0,0.0,0.0,12.0,10.0,-2.0,0.0,0.0,0.0,0.0,0.0,0.0,12.536723664151285,13.82200808012607,1.2852844159747843
regression,dt_handoff_drl,61,regression_08,window_us_101_off35256_len24_t1118847479400_1118847481700,j_1081406,us_101,35256,24,1118847479400,1118847481700,True,0.0,0.0,0.0,1.0,1.0,0.0,0.0,0.0,0.0,0.0,0.0,0.0,0.0,0.0,0.0,0.0,0.0,0.0,1.0,1.0,0.0,46.76178355758233,45.18812866058675,-1.5736548969955848,0.771028,0.578271,-0.19275700000000007,0.0,0.0,0.0,0.0,0.0,0.0,0.771028,0.578271,-0.19275700000000007,4.315814333582334,10.763701492586744,6.44788715900441,0.0,0.0,0.0,0.0,0.0,0.0,3.0,4.0,1.0,0.0,0.0,0.0,3.0,2.0,-1.0,0.0,0.0,0.0,0.0,0.0,0.0,8.258698277502383,8.38468042873479,0.12598215123240664
regression,dt_handoff_drl,61,regression_09,window_us_101_off35416_len24_t1118847495400_1118847497700,j_1061152,us_101,35416,24,1118847495400,1118847497700,True,0.0,0.0,0.0,1.0,1.0,0.0,1.0,0.0,-1.0,0.0,0.0,0.0,0.0,0.0,0.0,0.0,0.0,0.0,1.0,1.0,0.0,99.79943215320884,91.77172187320885,-8.027710279999994,11.473133,11.280376,-0.1927570000000003,9.641944,9.641944,0.0,0.0,0.0,0.0,1.831189,1.638432,-0.19275699999999985,8.631625833208835,8.631625833208835,0.0,0.0,0.0,0.0,0.0,0.0,0.0,3.0,4.0,1.0,0.0,0.0,0.0,6.0,5.0,-1.0,0.0,0.0,0.0,0.0,0.0,0.0,10.010702833861059,10.653009415733818,0.6423065818727594
regression,dt_handoff_drl,61,regression_10,window_us_101_off35648_len24_t1118847518600_1118847520900,j_1090155,us_101,35648,24,1118847518600,1118847520900,True,0.0,0.0,0.0,1.0,1.0,0.0,1.0,0.0,-1.0,0.0,0.0,0.0,0.0,0.0,0.0,0.0,0.0,0.0,1.0,1.0,0.0,89.4035714450221,54.94543840520884,-34.458133039813255,1.416764,0.944509,-0.47225499999999987,0.0,0.0,0.0,0.0,0.0,0.0,1.416764,0.944509,-0.47225499999999987,51.25028033302209,24.815925333208835,-26.434354999813255,0.0,0.0,0.0,0.0,0.0,0.0,3.0,4.0,1.0,0.0,0.0,0.0,2.0,1.0,-1.0,0.0,0.0,0.0,0.0,0.0,0.0,2.8470545522501807,5.603925106306479,2.7568705540562988
regression,dt_handoff_drl,61,regression_11,window_us_101_off37040_len24_t1118847657800_1118847660100,j_1064718,us_101,37040,24,1118847657800,1118847660100,True,0.0,0.0,0.0,1.0,1.0,0.0,1.0,1.0,0.0,0.0,0.0,0.0,0.0,0.0,0.0,0.0,0.0,0.0,1.0,1.0,0.0,61.49074433599999,56.258735279999996,-5.232009055999995,1170.220292,1170.027535,-0.1927570000000287,1169.449264,1169.449264,0.0,0.0,0.0,0.0,0.771028,0.578271,-0.19275700000000007,0.0,10.789533,10.789533,0.0,0.0,0.0,0.0,0.0,0.0,1.0,3.0,2.0,0.0,0.0,0.0,4.0,2.0,-2.0,0.0,0.0,0.0,0.0,0.0,0.0,4.535814165513641,4.954464649466399,0.4186504839527574
regression,dt_handoff_drl,7,regression_00,window_lankershim_off4000_len24_t1118936085200_1118936087500,j_1066618,lankershim,4000,24,1118936085200,1118936087500,True,1.0,1.0,0.0,1.0,1.0,0.0,0.0,0.0,0.0,0.0,0.0,0.0,0.0,0.0,0.0,0.0,0.0,0.0,1.0,1.0,0.0,38.37615020316467,38.400579763164664,0.02442955999999441,328.511567,328.513762,0.0021949999999719694,328.130752,328.130752,0.0,0.004939,0.007134,0.002195,0.375876,0.375876,0.0,8.631628667164668,8.631628667164668,0.0,0.0,0.0,0.0,0.0,0.0,0.0,3.0,2.0,-1.0,0.0,0.0,0.0,0.0,0.0,0.0,0.0,0.0,0.0,2.0,3.0,1.0,10.776932864562124,10.774977477635598,-0.0019553869265251933
regression,dt_handoff_drl,7,regression_01,window_lankershim_off7904_len24_t1118936475600_1118936477900,j_1052341,lankershim,7904,24,1118936475600,1118936477900,True,1.0,1.0,0.0,1.0,1.0,0.0,0.0,0.0,0.0,0.0,0.0,0.0,0.0,0.0,0.0,0.0,0.0,0.0,1.0,1.0,0.0,55.4309570528256,55.460988252825594,0.03003119999999626,10.93094,11.07142,0.14048000000000016,9.641944,9.641944,0.0,0.91312,1.0536,0.14048000000000005,0.375876,0.375876,0.0,13.358471452825595,13.358471452825595,0.0,0.0,0.0,0.0,0.0,0.0,0.0,3.0,2.0,-1.0,0.0,0.0,0.0,0.0,0.0,0.0,0.0,0.0,0.0,5.0,6.0,1.0,15.560433320182069,15.557965408084428,-0.0024679120976411895
regression,dt_handoff_drl,7,regression_02,window_lankershim_off14008_len24_t1118937086000_1118937088300,j_1077564,lankershim,14008,24,1118937086000,1118937088300,True,0.0,0.0,0.0,1.0,1.0,0.0,1.0,1.0,0.0,0.0,1.0,1.0,0.0,1.0,1.0,0.0,2.0,2.0,1.0,1.0,0.0,194.45137744791168,175.3186433199117,-19.13273412799998,5558.440035,4389.089894,-1169.350141,5557.683344,4388.23408,-1169.4492639999999,0.004939,0.007683,0.002744,0.751752,0.848131,0.09637899999999999,113.29010216791167,102.50056916791169,-10.789532999999977,2.0,3.0,1.0,0.0,1.0,1.0,4.0,3.0,-1.0,0.0,0.0,0.0,0.0,0.0,0.0,0.0,0.0,0.0,3.0,5.0,2.0,-4.144460537953911,-5.069320715742364,-0.9248601777884531
regression,dt_handoff_drl,7,regression_03,window_lankershim_off17976_len24_t1118937482800_1118937485100,j_1053611,lankershim,17976,24,1118937482800,1118937485100,True,1.0,1.0,0.0,1.0,1.0,0.0,0.0,0.0,0.0,0.0,0.0,0.0,0.0,0.0,0.0,0.0,0.0,0.0,1.0,1.0,0.0,78.5079536,78.5337704,0.025816800000001194,2195.256575,2195.432175,0.1756000000000313,2194.11704,2194.11704,0.0,0.66728,0.84288,0.17559999999999998,0.472255,0.472255,0.0,7.193022,7.193022,0.0,1.0,1.0,0.0,0.0,0.0,0.0,6.0,4.0,-2.0,0.0,0.0,0.0,0.0,0.0,0.0,0.0,0.0,0.0,4.0,6.0,2.0,16.69711770931472,16.69497059519267,-0.002147114122049487
regression,dt_handoff_drl,7,regression_04,window_peachtree_off22888_len24_t1163316300_1163318600,j_1080918,peachtree,22888,24,1163316300,1163318600,True,0.0,0.0,0.0,1.0,1.0,0.0,0.0,0.0,0.0,0.0,0.0,0.0,0.0,0.0,0.0,0.0,0.0,0.0,1.0,1.0,0.0,53.75772522716467,53.75772522716467,0.0,0.385514,0.385514,0.0,0.0,0.0,0.0,0.0,0.0,0.0,0.385514,0.385514,0.0,37.403716667164666,37.40371666716467,7.105427357601002e-15,0.0,5.0,5.0,0.0,0.0,0.0,5.0,0.0,-5.0,0.0,0.0,0.0,0.0,0.0,0.0,0.0,0.0,0.0,0.0,5.0,5.0,5.699202462881312,5.699202462881311,-8.881784197001252e-16
regression,dt_handoff_drl,7,regression_05,window_us_101_off30672_len24_t1118847021000_1118847023300,j_1054473,us_101,30672,24,1118847021000,1118847023300,True,1.0,1.0,0.0,1.0,1.0,0.0,0.0,0.0,0.0,0.0,0.0,0.0,0.0,0.0,0.0,0.0,0.0,0.0,1.0,1.0,0.0,20.393349456,20.393349456,0.0,28.936807,28.936807,0.0,28.925832,28.925832,0.0,0.010975,0.010975,0.0,0.0,0.0,0.0,0.0,0.0,0.0,0.0,0.0,0.0,0.0,0.0,0.0,1.0,1.0,0.0,0.0,0.0,0.0,0.0,0.0,0.0,0.0,0.0,0.0,4.0,4.0,0.0,12.355057292721806,12.355057292721806,0.0
regression,dt_handoff_drl,7,regression_06,window_us_101_off31096_len24_t1118847063400_1118847065700,j_10812,us_101,31096,24,1118847063400,1118847065700,True,0.0,0.0,0.0,1.0,1.0,0.0,0.0,0.0,0.0,0.0,0.0,0.0,0.0,0.0,0.0,0.0,0.0,0.0,1.0,1.0,0.0,54.70626177916468,54.70626177916468,0.0,0.385514,0.385514,0.0,0.0,0.0,0.0,0.0,0.0,0.0,0.385514,0.385514,0.0,37.40371666716467,37.40371666716467,0.0,0.0,5.0,5.0,0.0,0.0,0.0,5.0,0.0,-5.0,0.0,0.0,0.0,0.0,0.0,0.0,0.0,0.0,0.0,0.0,5.0,5.0,5.6233195387213115,5.6233195387213115,0.0
regression,dt_handoff_drl,7,regression_07,window_us_101_off32096_len24_t1118847163400_1118847165700,j_1055583,us_101,32096,24,1118847163400,1118847165700,True,0.0,0.0,0.0,1.0,1.0,0.0,1.0,1.0,0.0,0.0,0.0,0.0,0.0,0.0,0.0,0.0,0.0,0.0,1.0,1.0,0.0,238.52424398449966,226.21636977091734,-12.307874213582323,2495.449299,2495.537502,0.08820300000024872,2493.32196,2493.32196,0.0,0.42144,0.7024,0.28096000000000004,1.705899,1.513142,-0.19275700000000007,64.8860260244997,60.570211690917354,-4.315814333582345,0.0,2.0,2.0,0.0,0.0,0.0,7.0,3.0,-4.0,0.0,0.0,0.0,3.0,2.0,-1.0,0.0,0.0,0.0,2.0,7.0,5.0,3.756026348256487,4.7406152126205505,0.9845888643640635
regression,dt_handoff_drl,7,regression_08,window_us_101_off35256_len24_t1118847479400_1118847481700,j_1081406,us_101,35256,24,1118847479400,1118847481700,True,1.0,1.0,0.0,1.0,1.0,0.0,0.0,0.0,0.0,0.0,0.0,0.0,0.0,0.0,0.0,0.0,0.0,0.0,1.0,1.0,0.0,23.137658088000002,23.137658088000002,0.0,328.137886,328.137886,0.0,328.130752,328.130752,0.0,0.007134,0.007134,0.0,0.0,0.0,0.0,0.0,0.0,0.0,0.0,0.0,0.0,0.0,0.0,0.0,3.0,3.0,0.0,0.0,0.0,0.0,0.0,0.0,0.0,0.0,0.0,0.0,3.0,3.0,0.0,13.9961862425508,13.9961862425508,0.0
regression,dt_handoff_drl,7,regression_09,window_us_101_off35416_len24_t1118847495400_1118847497700,j_1061152,us_101,35416,24,1118847495400,1118847497700,True,1.0,1.0,0.0,1.0,1.0,0.0,0.0,0.0,0.0,0.0,0.0,0.0,0.0,0.0,0.0,0.0,0.0,0.0,1.0,1.0,0.0,59.34727283320883,50.838452,-8.50882083320883,174.733975,175.2526,0.5186250000000143,173.70732,173.70732,0.0,0.73752,1.54528,0.80776,0.289135,0.0,-0.289135,8.631625833208835,0.0,-8.631625833208835,0.0,0.0,0.0,0.0,0.0,0.0,4.0,0.0,-4.0,0.0,0.0,0.0,0.0,0.0,0.0,0.0,0.0,0.0,5.0,9.0,4.0,17.170851325608396,17.851315488679973,0.6804641630715764
regression,dt_handoff_drl,7,regression_10,window_us_101_off35648_len24_t1118847518600_1118847520900,j_1090155,us_101,35648,24,1118847518600,1118847520900,True,1.0,1.0,0.0,1.0,1.0,0.0,0.0,0.0,0.0,0.0,0.0,0.0,0.0,0.0,0.0,0.0,0.0,0.0,1.0,1.0,0.0,41.311219392000005,41.311219392000005,0.0,2194.124174,2194.124174,0.0,2194.11704,2194.11704,0.0,0.007134,0.007134,0.0,0.0,0.0,0.0,0.0,0.0,0.0,2.0,2.0,0.0,0.0,0.0,0.0,1.0,1.0,0.0,0.0,0.0,0.0,0.0,0.0,0.0,0.0,0.0,0.0,4.0,4.0,0.0,9.67338376126213,9.67338376126213,0.0
regression,dt_handoff_drl,7,regression_11,window_us_101_off37040_len24_t1118847657800_1118847660100,j_1064718,us_101,37040,24,1118847657800,1118847660100,True,0.0,0.0,0.0,1.0,1.0,0.0,0.0,1.0,1.0,0.0,1.0,1.0,0.0,2.0,2.0,0.0,4.0,4.0,1.0,1.0,0.0,49.029031176000004,96.286155632,47.257124456,2194.485397,2195.204954,0.7195569999998952,2194.11704,2194.11704,0.0,0.1756,0.7024,0.5268,0.192757,0.385514,0.192757,10.789533,53.947665,43.158132,0.0,2.0,2.0,0.0,2.0,2.0,4.0,1.0,-3.0,0.0,0.0,0.0,0.0,0.0,0.0,0.0,0.0,0.0,1.0,6.0,5.0,5.055790610974944,-4.725114415343967,-9.780905026318912
regression,mappo,17,regression_00,window_lankershim_off4000_len24_t1118936085200_1118936087500,j_1066618,lankershim,4000,24,1118936085200,1118936087500,True,1.0,1.0,0.0,1.0,1.0,0.0,0.0,0.0,0.0,0.0,0.0,0.0,0.0,0.0,0.0,0.0,0.0,0.0,1.0,1.0,0.0,37.94156713916466,38.400579763164664,0.4590126240000032,318.864684,328.513762,9.649077999999975,318.488808,328.130752,9.641943999999967,0.0,0.007134,0.007134,0.375876,0.375876,0.0,8.631628667164668,8.631628667164668,0.0,0.0,0.0,0.0,0.0,0.0,0.0,5.0,2.0,-3.0,0.0,0.0,0.0,0.0,0.0,0.0,0.0,0.0,0.0,0.0,3.0,3.0,10.816191689638412,10.774977477635598,-0.04121421200281361
regression,mappo,17,regression_01,window_lankershim_off7904_len24_t1118936475600_1118936477900,j_1052341,lankershim,7904,24,1118936475600,1118936477900,True,1.0,1.0,0.0,1.0,1.0,0.0,0.0,0.0,0.0,0.0,0.0,0.0,0.0,0.0,0.0,0.0,0.0,0.0,1.0,1.0,0.0,54.578110492825594,55.460988252825594,0.8828777599999995,0.375876,11.07142,10.695544,0.0,9.641944,9.641944,0.0,1.0536,1.0536,0.375876,0.375876,0.0,13.358471452825595,13.358471452825595,0.0,0.0,0.0,0.0,0.0,0.0,0.0,8.0,2.0,-6.0,0.0,0.0,0.0,0.0,0.0,0.0,0.0,0.0,0.0,0.0,6.0,6.0,15.633576129671924,15.557965408084428,-0.0756107215874966
regression,mappo,17,regression_02,window_lankershim_off14008_len24_t1118937086000_1118937088300,j_1077564,lankershim,14008,24,1118937086000,1118937088300,True,0.0,0.0,0.0,1.0,1.0,0.0,1.0,1.0,0.0,0.0,0.0,0.0,0.0,0.0,0.0,0.0,0.0,0.0,1.0,1.0,0.0,175.24654461591166,194.45137744791168,19.204832832000022,3364.318056,5558.440035,2194.1219789999996,3363.566304,5557.683344,2194.11704,0.0,0.004939,0.004939,0.751752,0.751752,0.0,113.29010216791167,113.29010216791167,0.0,0.0,2.0,2.0,0.0,0.0,0.0,7.0,4.0,-3.0,0.0,0.0,0.0,0.0,0.0,0.0,0.0,0.0,0.0,0.0,3.0,3.0,-1.5863562461425644,-4.144460537953911,-2.558104291811347
regression,mappo,17,regression_03,window_lankershim_off17976_len24_t1118937482800_1118937485100,j_1053611,lankershim,17976,24,1118937482800,1118937485100,True,1.0,1.0,0.0,1.0,1.0,0.0,0.0,0.0,0.0,0.0,0.0,0.0,0.0,0.0,0.0,0.0,0.0,0.0,1.0,1.0,0.0,69.617404152,78.5337704,8.916366247999989,1169.921519,2195.432175,1025.510656,1169.449264,2194.11704,1024.667776,0.0,0.84288,0.84288,0.472255,0.472255,0.0,7.193022,7.193022,0.0,0.0,1.0,1.0,0.0,0.0,0.0,10.0,4.0,-6.0,0.0,0.0,0.0,0.0,0.0,0.0,0.0,0.0,0.0,0.0,6.0,6.0,17.885820507253435,16.69497059519267,-1.190849912060763
regression,mappo,17,regression_04,window_peachtree_off22888_len24_t1163316300_1163318600,j_1080918,peachtree,22888,24,1163316300,1163318600,True,0.0,0.0,0.0,1.0,1.0,0.0,0.0,0.0,0.0,0.0,0.0,0.0,0.0,0.0,0.0,0.0,0.0,0.0,1.0,1.0,0.0,53.75772522716467,53.75772522716467,0.0,0.385514,0.385514,0.0,0.0,0.0,0.0,0.0,0.0,0.0,0.385514,0.385514,0.0,37.403716667164666,37.40371666716467,7.105427357601002e-15,0.0,4.0,4.0,0.0,0.0,0.0,5.0,1.0,-4.0,0.0,0.0,0.0,0.0,0.0,0.0,0.0,0.0,0.0,0.0,4.0,4.0,5.699202462881312,5.699202462881311,-8.881784197001252e-16
regression,mappo,17,regression_05,window_us_101_off30672_len24_t1118847021000_1118847023300,j_1054473,us_101,30672,24,1118847021000,1118847023300,True,0.0,1.0,1.0,1.0,1.0,0.0,0.0,0.0,0.0,0.0,1.0,1.0,0.0,2.0,2.0,0.0,4.0,4.0,1.0,1.0,0.0,69.84326600466459,24.440786023999998,-45.40247998066459,19.76578,29.314878,9.549098,19.283888,28.925832,9.641943999999999,0.0,0.01317,0.01317,0.481892,0.375876,-0.106016,49.88951676466459,0.0,-49.88951676466459,0.0,2.0,2.0,0.0,2.0,2.0,5.0,0.0,-5.0,0.0,0.0,0.0,0.0,0.0,0.0,0.0,0.0,0.0,0.0,7.0,7.0,4.403334561067391,6.031086314253252,1.6277517531858612
regression,mappo,17,regression_06,window_us_101_off31096_len24_t1118847063400_1118847065700,j_10812,us_101,31096,24,1118847063400,1118847065700,True,0.0,0.0,0.0,1.0,1.0,0.0,0.0,0.0,0.0,0.0,0.0,0.0,0.0,0.0,0.0,0.0,0.0,0.0,1.0,1.0,0.0,54.70626177916468,54.70626177916468,0.0,0.385514,0.385514,0.0,0.0,0.0,0.0,0.0,0.0,0.0,0.385514,0.385514,0.0,37.40371666716467,37.40371666716467,0.0,0.0,3.0,3.0,0.0,0.0,0.0,5.0,2.0,-3.0,0.0,0.0,0.0,0.0,0.0,0.0,0.0,0.0,0.0,0.0,3.0,3.0,5.6233195387213115,5.6233195387213115,0.0
regression,mappo,17,regression_07,window_us_101_off32096_len24_t1118847163400_1118847165700,j_1055583,us_101,32096,24,1118847163400,1118847165700,True,0.0,0.0,0.0,1.0,1.0,0.0,1.0,1.0,0.0,0.0,0.0,0.0,0.0,0.0,0.0,0.0,0.0,0.0,1.0,1.0,0.0,311.1074325998688,218.31665480724544,-92.79077779262335,2504.293927,2504.80357,0.5096429999998691,2502.963904,2502.963904,0.0,0.0,0.7024,0.7024,1.330023,1.137266,-0.19275699999999985,160.87566951986878,68.01127000724543,-92.86439951262335,0.0,0.0,0.0,0.0,0.0,0.0,12.0,7.0,-5.0,0.0,0.0,0.0,0.0,0.0,0.0,0.0,0.0,0.0,0.0,5.0,5.0,-2.0547473418332776,5.368277560561143,7.42302490239442
regression,mappo,17,regression_08,window_us_101_off35256_len24_t1118847479400_1118847481700,j_1081406,us_101,35256,24,1118847479400,1118847481700,True,0.0,1.0,1.0,1.0,1.0,0.0,1.0,0.0,-1.0,0.0,0.0,0.0,0.0,0.0,0.0,0.0,0.0,0.0,1.0,1.0,0.0,61.72956327975141,23.137658088000002,-38.59190519175141,164.45089,328.137886,163.686996,164.065376,328.130752,164.065376,0.0,0.007134,0.007134,0.385514,0.0,-0.385514,40.974396159751414,0.0,-40.974396159751414,0.0,0.0,0.0,0.0,0.0,0.0,6.0,3.0,-3.0,0.0,0.0,0.0,0.0,0.0,0.0,0.0,0.0,0.0,0.0,3.0,3.0,6.985056524483584,13.9961862425508,7.011129718067217
regression,mappo,17,regression_09,window_us_101_off35416_len24_t1118847495400_1118847497700,j_1061152,us_101,35416,24,1118847495400,1118847497700,True,0.0,1.0,1.0,1.0,1.0,0.0,0.0,0.0,0.0,0.0,0.0,0.0,0.0,0.0,0.0,0.0,0.0,0.0,1.0,1.0,0.0,164.3541261864177,50.838452,-113.5156741864177,165.125538,175.2526,10.127061999999995,164.065376,173.70732,9.641944000000024,0.0,1.54528,1.54528,1.060162,0.0,-1.060162,114.36904866641768,0.0,-114.36904866641768,0.0,0.0,0.0,0.0,0.0,0.0,9.0,0.0,-9.0,0.0,0.0,0.0,0.0,0.0,0.0,0.0,0.0,0.0,0.0,9.0,9.0,4.774777334494122,17.851315488679973,13.076538154185851
regression,mappo,17,regression_10,window_us_101_off35648_len24_t1118847518600_1118847520900,j_1090155,us_101,35648,24,1118847518600,1118847520900,True,0.0,1.0,1.0,1.0,1.0,0.0,0.0,0.0,0.0,0.0,0.0,0.0,0.0,0.0,0.0,0.0,0.0,0.0,1.0,1.0,0.0,105.20891490483535,41.311219392000005,-63.89769551283535,0.944509,2194.124174,2193.179665,0.0,2194.11704,2194.11704,0.0,0.007134,0.007134,0.944509,0.0,-0.944509,83.07940183283534,0.0,-83.07940183283534,0.0,2.0,2.0,0.0,0.0,0.0,5.0,1.0,-4.0,0.0,0.0,0.0,0.0,0.0,0.0,0.0,0.0,0.0,0.0,4.0,4.0,1.5828469863363583,9.67338376126213,8.090536774925772
regression,mappo,17,regression_11,window_us_101_off37040_len24_t1118847657800_1118847660100,j_1064718,us_101,37040,24,1118847657800,1118847660100,True,0.0,0.0,0.0,1.0,1.0,0.0,0.0,1.0,1.0,0.0,0.0,0.0,0.0,0.0,0.0,0.0,0.0,0.0,1.0,1.0,0.0,92.182888432,57.867947024,-34.314941407999996,2194.502554,3219.469253,1024.966699,2194.11704,3218.784816,1024.6677759999998,0.0,0.49168,0.49168,0.385514,0.192757,-0.192757,53.947665,10.789533,-43.158132,0.0,0.0,0.0,0.0,0.0,0.0,5.0,2.0,-3.0,0.0,0.0,0.0,0.0,0.0,0.0,0.0,0.0,0.0,0.0,3.0,3.0,1.6034740411442376,3.8713820412803344,2.2679080001360967
regression,mappo,29,regression_00,window_lankershim_off4000_len24_t1118936085200_1118936087500,j_1066618,lankershim,4000,24,1118936085200,1118936087500,True,1.0,1.0,0.0,1.0,1.0,0.0,0.0,0.0,0.0,0.0,0.0,0.0,0.0,0.0,0.0,0.0,0.0,0.0,1.0,1.0,0.0,37.94156713916466,38.400579763164664,0.4590126240000032,318.864684,328.513762,9.649077999999975,318.488808,328.130752,9.641943999999967,0.0,0.007134,0.007134,0.375876,0.375876,0.0,8.631628667164668,8.631628667164668,0.0,0.0,0.0,0.0,0.0,0.0,0.0,5.0,2.0,-3.0,0.0,0.0,0.0,0.0,0.0,0.0,0.0,0.0,0.0,0.0,3.0,3.0,10.816191689638412,10.774977477635598,-0.04121421200281361
regression,mappo,29,regression_01,window_lankershim_off7904_len24_t1118936475600_1118936477900,j_1052341,lankershim,7904,24,1118936475600,1118936477900,True,1.0,1.0,0.0,1.0,1.0,0.0,0.0,0.0,0.0,0.0,0.0,0.0,0.0,0.0,0.0,0.0,0.0,0.0,1.0,1.0,0.0,54.578110492825594,55.460988252825594,0.8828777599999995,0.375876,11.07142,10.695544,0.0,9.641944,9.641944,0.0,1.0536,1.0536,0.375876,0.375876,0.0,13.358471452825595,13.358471452825595,0.0,0.0,0.0,0.0,0.0,0.0,0.0,8.0,2.0,-6.0,0.0,0.0,0.0,0.0,0.0,0.0,0.0,0.0,0.0,0.0,6.0,6.0,15.633576129671924,15.557965408084428,-0.0756107215874966
regression,mappo,29,regression_02,window_lankershim_off14008_len24_t1118937086000_1118937088300,j_1077564,lankershim,14008,24,1118937086000,1118937088300,True,0.0,0.0,0.0,1.0,1.0,0.0,1.0,1.0,0.0,0.0,0.0,0.0,0.0,0.0,0.0,0.0,0.0,0.0,1.0,1.0,0.0,175.24654461591166,194.42694349591167,19.180398880000013,3364.318056,5558.437291,2194.119235,3363.566304,5557.683344,2194.11704,0.0,0.002195,0.002195,0.751752,0.751752,0.0,113.29010216791167,113.29010216791167,0.0,0.0,1.0,1.0,0.0,0.0,0.0,7.0,6.0,-1.0,0.0,0.0,0.0,0.0,0.0,0.0,0.0,0.0,0.0,0.0,1.0,1.0,-1.5863562461425644,-4.142504544019337,-2.5561482978767724
regression,mappo,29,regression_03,window_lankershim_off17976_len24_t1118937482800_1118937485100,j_1053611,lankershim,17976,24,1118937482800,1118937485100,True,1.0,1.0,0.0,1.0,1.0,0.0,0.0,0.0,0.0,0.0,0.0,0.0,0.0,0.0,0.0,0.0,0.0,0.0,1.0,1.0,0.0,69.617404152,78.5337704,8.916366247999989,1169.921519,2195.432175,1025.510656,1169.449264,2194.11704,1024.667776,0.0,0.84288,0.84288,0.472255,0.472255,0.0,7.193022,7.193022,0.0,0.0,1.0,1.0,0.0,0.0,0.0,10.0,5.0,-5.0,0.0,0.0,0.0,0.0,0.0,0.0,0.0,0.0,0.0,0.0,5.0,5.0,17.885820507253435,16.69497059519267,-1.190849912060763
regression,mappo,29,regression_04,window_peachtree_off22888_len24_t1163316300_1163318600,j_1080918,peachtree,22888,24,1163316300,1163318600,True,0.0,0.0,0.0,1.0,1.0,0.0,0.0,0.0,0.0,0.0,0.0,0.0,0.0,0.0,0.0,0.0,0.0,0.0,1.0,1.0,0.0,53.75772522716467,53.75772522716467,0.0,0.385514,0.385514,0.0,0.0,0.0,0.0,0.0,0.0,0.0,0.385514,0.385514,0.0,37.403716667164666,37.40371666716467,7.105427357601002e-15,0.0,0.0,0.0,0.0,0.0,0.0,5.0,5.0,0.0,0.0,0.0,0.0,0.0,0.0,0.0,0.0,0.0,0.0,0.0,0.0,0.0,5.699202462881312,5.699202462881311,-8.881784197001252e-16
regression,mappo,29,regression_05,window_us_101_off30672_len24_t1118847021000_1118847023300,j_1054473,us_101,30672,24,1118847021000,1118847023300,True,0.0,1.0,1.0,1.0,1.0,0.0,0.0,0.0,0.0,0.0,0.0,0.0,0.0,0.0,0.0,0.0,0.0,0.0,1.0,1.0,0.0,69.84326600466459,20.393349456,-49.44991654866459,19.76578,28.936807,9.171027000000002,19.283888,28.925832,9.641943999999999,0.0,0.010975,0.010975,0.481892,0.0,-0.481892,49.88951676466459,0.0,-49.88951676466459,0.0,0.0,0.0,0.0,0.0,0.0,5.0,1.0,-4.0,0.0,0.0,0.0,0.0,0.0,0.0,0.0,0.0,0.0,0.0,4.0,4.0,4.403334561067391,12.355057292721806,7.9517227316544155
regression,mappo,29,regression_06,window_us_101_off31096_len24_t1118847063400_1118847065700,j_10812,us_101,31096,24,1118847063400,1118847065700,True,0.0,0.0,0.0,1.0,1.0,0.0,0.0,0.0,0.0,0.0,0.0,0.0,0.0,0.0,0.0,0.0,0.0,0.0,1.0,1.0,0.0,54.70626177916468,54.70626177916468,0.0,0.385514,0.385514,0.0,0.0,0.0,0.0,0.0,0.0,0.0,0.385514,0.385514,0.0,37.40371666716467,37.40371666716467,0.0,0.0,0.0,0.0,0.0,0.0,0.0,5.0,5.0,0.0,0.0,0.0,0.0,0.0,0.0,0.0,0.0,0.0,0.0,0.0,0.0,0.0,5.6233195387213115,5.6233195387213115,0.0
regression,mappo,29,regression_07,window_us_101_off32096_len24_t1118847163400_1118847165700,j_1055583,us_101,32096,24,1118847163400,1118847165700,True,0.0,0.0,0.0,1.0,1.0,0.0,1.0,1.0,0.0,0.0,0.0,0.0,0.0,0.0,0.0,0.0,0.0,0.0,1.0,1.0,0.0,311.1074325998688,218.28100440724543,-92.82642819262335,2504.293927,2504.52261,0.228682999999819,2502.963904,2502.963904,0.0,0.0,0.42144,0.42144,1.330023,1.137266,-0.19275699999999985,160.87566951986878,68.01127000724543,-92.86439951262335,0.0,0.0,0.0,0.0,0.0,0.0,12.0,8.0,-4.0,0.0,0.0,0.0,0.0,0.0,0.0,0.0,0.0,0.0,0.0,4.0,4.0,-2.0547473418332776,5.371260424756425,7.426007766589702
regression,mappo,29,regression_08,window_us_101_off35256_len24_t1118847479400_1118847481700,j_1081406,us_101,35256,24,1118847479400,1118847481700,True,0.0,1.0,1.0,1.0,1.0,0.0,1.0,0.0,-1.0,0.0,0.0,0.0,0.0,0.0,0.0,0.0,0.0,0.0,1.0,1.0,0.0,61.72956327975141,23.137658088000002,-38.59190519175141,164.45089,328.137886,163.686996,164.065376,328.130752,164.065376,0.0,0.007134,0.007134,0.385514,0.0,-0.385514,40.974396159751414,0.0,-40.974396159751414,0.0,0.0,0.0,0.0,0.0,0.0,6.0,3.0,-3.0,0.0,0.0,0.0,0.0,0.0,0.0,0.0,0.0,0.0,0.0,3.0,3.0,6.985056524483584,13.9961862425508,7.011129718067217
regression,mappo,29,regression_09,window_us_101_off35416_len24_t1118847495400_1118847497700,j_1061152,us_101,35416,24,1118847495400,1118847497700,True,0.0,1.0,1.0,1.0,1.0,0.0,0.0,0.0,0.0,0.0,0.0,0.0,0.0,0.0,0.0,0.0,0.0,0.0,1.0,1.0,0.0,164.3541261864177,59.37168483320883,-104.98244135320886,165.125538,174.733975,9.60843699999998,164.065376,173.70732,9.641944000000024,0.0,0.73752,0.73752,1.060162,0.289135,-0.7710270000000001,114.36904866641768,8.631625833208835,-105.73742283320885,0.0,0.0,0.0,0.0,0.0,0.0,9.0,3.0,-6.0,0.0,0.0,0.0,0.0,0.0,0.0,0.0,0.0,0.0,0.0,6.0,6.0,4.774777334494122,17.168898365608396,12.394121031114274
regression,mappo,29,regression_10,window_us_101_off35648_len24_t1118847518600_1118847520900,j_1090155,us_101,35648,24,1118847518600,1118847520900,True,0.0,1.0,1.0,1.0,1.0,0.0,0.0,0.0,0.0,0.0,0.0,0.0,0.0,0.0,0.0,0.0,0.0,0.0,1.0,1.0,0.0,105.20891490483535,41.311219392000005,-63.89769551283535,0.944509,2194.124174,2193.179665,0.0,2194.11704,2194.11704,0.0,0.007134,0.007134,0.944509,0.0,-0.944509,83.07940183283534,0.0,-83.07940183283534,0.0,1.0,1.0,0.0,0.0,0.0,5.0,2.0,-3.0,0.0,0.0,0.0,0.0,0.0,0.0,0.0,0.0,0.0,0.0,3.0,3.0,1.5828469863363583,9.67338376126213,8.090536774925772
regression,mappo,29,regression_11,window_us_101_off37040_len24_t1118847657800_1118847660100,j_1064718,us_101,37040,24,1118847657800,1118847660100,True,0.0,0.0,0.0,1.0,1.0,0.0,0.0,0.0,0.0,0.0,0.0,0.0,0.0,0.0,0.0,0.0,0.0,0.0,1.0,1.0,0.0,92.182888432,92.182888432,0.0,2194.502554,2194.502554,0.0,2194.11704,2194.11704,0.0,0.0,0.0,0.0,0.385514,0.385514,0.0,53.947665,53.947665,0.0,0.0,0.0,0.0,0.0,0.0,0.0,5.0,5.0,0.0,0.0,0.0,0.0,0.0,0.0,0.0,0.0,0.0,0.0,0.0,0.0,0.0,1.6034740411442376,1.6034740411442376,0.0
regression,mappo,43,regression_00,window_lankershim_off4000_len24_t1118936085200_1118936087500,j_1066618,lankershim,4000,24,1118936085200,1118936087500,True,1.0,1.0,0.0,1.0,1.0,0.0,0.0,0.0,0.0,1.0,0.0,-1.0,4.0,0.0,-4.0,8.0,0.0,-8.0,1.0,1.0,0.0,39.712510936,38.400579763164664,-1.3119311728353367,482.561867,328.513762,-154.04810500000002,482.554184,328.130752,-154.42343200000005,0.007683,0.007134,-0.000549,0.0,0.375876,0.375876,0.0,8.631628667164668,8.631628667164668,1.0,0.0,-1.0,2.0,0.0,-2.0,1.0,2.0,1.0,4.0,0.0,-4.0,0.0,0.0,0.0,0.0,0.0,0.0,4.0,3.0,-1.0,-1.4017112550728452,10.774977477635598,12.176688732708444
regression,mappo,43,regression_01,window_lankershim_off7904_len24_t1118936475600_1118936477900,j_1052341,lankershim,7904,24,1118936475600,1118936477900,True,1.0,1.0,0.0,1.0,1.0,0.0,0.0,0.0,0.0,0.0,0.0,0.0,0.0,0.0,0.0,0.0,0.0,0.0,1.0,1.0,0.0,55.4309570528256,55.460988252825594,0.03003119999999626,10.93094,11.07142,0.14048000000000016,9.641944,9.641944,0.0,0.91312,1.0536,0.14048000000000005,0.375876,0.375876,0.0,13.358471452825595,13.358471452825595,0.0,0.0,0.0,0.0,0.0,0.0,0.0,2.0,2.0,0.0,1.0,0.0,-1.0,0.0,0.0,0.0,0.0,0.0,0.0,5.0,6.0,1.0,15.560433320182069,15.557965408084428,-0.0024679120976411895
regression,mappo,43,regression_02,window_lankershim_off14008_len24_t1118937086000_1118937088300,j_1077564,lankershim,14008,24,1118937086000,1118937088300,True,0.0,0.0,0.0,1.0,1.0,0.0,1.0,1.0,0.0,1.0,0.0,-1.0,4.0,0.0,-4.0,8.0,0.0,-8.0,1.0,1.0,0.0,150.02977191032934,194.45137744791168,44.42160553758234,4389.186822,5558.440035,1169.253213,4388.23408,5557.683344,1169.4492639999999,0.008232,0.004939,-0.003293,0.94451,0.751752,-0.19275799999999998,71.21092233432935,113.29010216791167,42.079179833582316,0.0,1.0,1.0,2.0,0.0,-2.0,3.0,5.0,2.0,5.0,0.0,-5.0,0.0,0.0,0.0,0.0,0.0,0.0,3.0,2.0,-1.0,-12.046256138593034,-4.144460537953911,7.901795600639122
regression,mappo,43,regression_03,window_lankershim_off17976_len24_t1118937482800_1118937485100,j_1053611,lankershim,17976,24,1118937482800,1118937485100,True,1.0,1.0,0.0,1.0,1.0,0.0,0.0,0.0,0.0,0.0,0.0,0.0,0.0,0.0,0.0,0.0,0.0,0.0,1.0,1.0,0.0,78.50823455999999,78.5337704,0.025535840000003418,2195.291695,2195.432175,0.14048000000002503,2194.11704,2194.11704,0.0,0.7024,0.84288,0.14047999999999994,0.472255,0.472255,0.0,7.193022,7.193022,0.0,0.0,1.0,1.0,0.0,0.0,0.0,4.0,4.0,0.0,2.0,0.0,-2.0,0.0,0.0,0.0,0.0,0.0,0.0,4.0,6.0,2.0,16.69707887849031,16.69497059519267,-0.00210828329763757
regression,mappo,43,regression_04,window_peachtree_off22888_len24_t1163316300_1163318600,j_1080918,peachtree,22888,24,1163316300,1163318600,True,0.0,0.0,0.0,1.0,1.0,0.0,0.0,0.0,0.0,0.0,0.0,0.0,0.0,0.0,0.0,0.0,0.0,0.0,1.0,1.0,0.0,68.26821154716467,53.75772522716467,-14.510486319999998,318.874322,0.385514,-318.488808,318.488808,0.0,-318.488808,0.0,0.0,0.0,0.385514,0.385514,0.0,37.403716667164666,37.40371666716467,7.105427357601002e-15,2.0,0.0,-2.0,0.0,0.0,0.0,1.0,5.0,4.0,2.0,0.0,-2.0,0.0,0.0,0.0,0.0,0.0,0.0,2.0,0.0,-2.0,4.390055648954925,5.699202462881311,1.309146813926386
regression,mappo,43,regression_05,window_us_101_off30672_len24_t1118847021000_1118847023300,j_1054473,us_101,30672,24,1118847021000,1118847023300,True,1.0,1.0,0.0,1.0,1.0,0.0,0.0,0.0,0.0,1.0,0.0,-1.0,2.0,0.0,-2.0,4.0,0.0,-4.0,1.0,1.0,0.0,24.391926904,20.393349456,-3.9985774480000025,29.310488,28.936807,-0.3736809999999977,28.925832,28.925832,0.0,0.00878,0.010975,0.0021950000000000008,0.375876,0.0,-0.375876,0.0,0.0,0.0,1.0,0.0,-1.0,2.0,0.0,-2.0,0.0,1.0,1.0,3.0,0.0,-3.0,0.0,0.0,0.0,0.0,0.0,0.0,4.0,4.0,0.0,6.034997088106302,12.355057292721806,6.320060204615504
regression,mappo,43,regression_06,window_us_101_off31096_len24_t1118847063400_1118847065700,j_10812,us_101,31096,24,1118847063400,1118847065700,True,0.0,0.0,0.0,1.0,1.0,0.0,0.0,0.0,0.0,0.0,0.0,0.0,0.0,0.0,0.0,0.0,0.0,0.0,1.0,1.0,0.0,63.49382498716467,54.70626177916468,-8.787563207999995,1025.05329,0.385514,-1024.667776,1024.667776,0.0,-1024.667776,0.0,0.0,0.0,0.385514,0.385514,0.0,37.40371666716467,37.40371666716467,0.0,3.0,0.0,-3.0,0.0,0.0,0.0,0.0,5.0,5.0,2.0,0.0,-2.0,0.0,0.0,0.0,0.0,0.0,0.0,3.0,0.0,-3.0,4.443166366446393,5.6233195387213115,1.1801531722749186
regression,mappo,43,regression_07,window_us_101_off32096_len24_t1118847163400_1118847165700,j_1055583,us_101,32096,24,1118847163400,1118847165700,True,0.0,0.0,0.0,1.0,1.0,0.0,1.0,1.0,0.0,1.0,0.0,-1.0,5.0,0.0,-5.0,10.0,0.0,-10.0,1.0,1.0,0.0,180.78007991707508,218.28100440724543,37.50092449017035,2505.017215,2504.52261,-0.49460499999986496,2502.963904,2502.963904,0.0,1.47504,0.42144,-1.0535999999999999,0.578271,1.137266,0.5589950000000001,20.388501317075075,68.01127000724543,47.62276869017035,0.0,0.0,0.0,3.0,0.0,-3.0,2.0,9.0,7.0,8.0,0.0,-8.0,0.0,0.0,0.0,0.0,0.0,0.0,7.0,3.0,-4.0,-6.628895934430955,5.371260424756425,12.000156359187379
regression,mappo,43,regression_08,window_us_101_off35256_len24_t1118847479400_1118847481700,j_1081406,us_101,35256,24,1118847479400,1118847481700,True,0.0,1.0,1.0,1.0,1.0,0.0,0.0,0.0,0.0,1.0,0.0,-1.0,1.0,0.0,-1.0,2.0,0.0,-2.0,1.0,1.0,0.0,66.25415150895438,23.137658088000002,-43.11649342095438,328.331192,328.137886,-0.19330600000000686,328.130752,328.130752,0.0,0.007683,0.007134,-0.000549,0.192757,0.0,-0.192757,41.09494697295439,0.0,-41.09494697295439,0.0,0.0,0.0,1.0,0.0,-1.0,2.0,3.0,1.0,2.0,0.0,-2.0,0.0,0.0,0.0,0.0,0.0,0.0,3.0,3.0,0.0,3.546776753753645,13.9961862425508,10.449409488797155
regression,mappo,43,regression_09,window_us_101_off35416_len24_t1118847495400_1118847497700,j_1061152,us_101,35416,24,1118847495400,1118847497700,True,1.0,1.0,0.0,1.0,1.0,0.0,0.0,0.0,0.0,0.0,0.0,0.0,0.0,0.0,0.0,0.0,0.0,0.0,1.0,1.0,0.0,50.74695359999999,50.802801599999995,0.05584800000000456,174.79604,174.97164,0.17560000000000286,173.70732,173.70732,0.0,1.08872,1.26432,0.1756000000000002,0.0,0.0,0.0,0.0,0.0,0.0,0.0,0.0,0.0,0.0,0.0,0.0,0.0,1.0,1.0,3.0,0.0,-3.0,0.0,0.0,0.0,0.0,0.0,0.0,6.0,8.0,2.0,17.858847962997302,17.854298352875254,-0.004549610122047909
regression,mappo,43,regression_10,window_us_101_off35648_len24_t1118847518600_1118847520900,j_1090155,us_101,35648,24,1118847518600,1118847520900,True,1.0,1.0,0.0,1.0,1.0,0.0,0.0,0.0,0.0,0.0,0.0,0.0,0.0,0.0,0.0,0.0,0.0,0.0,1.0,1.0,0.0,41.286789832000004,41.311219392000005,0.024429560000001516,2194.121979,2194.124174,0.002195000000028813,2194.11704,2194.11704,0.0,0.004939,0.007134,0.002195,0.0,0.0,0.0,0.0,0.0,0.0,0.0,1.0,1.0,0.0,0.0,0.0,1.0,2.0,1.0,2.0,0.0,-2.0,0.0,0.0,0.0,0.0,0.0,0.0,2.0,3.0,1.0,9.675339148188655,9.67338376126213,-0.0019553869265251933
regression,mappo,43,regression_11,window_us_101_off37040_len24_t1118847657800_1118847660100,j_1064718,us_101,37040,24,1118847657800,1118847660100,True,0.0,0.0,0.0,1.0,1.0,0.0,0.0,1.0,1.0,1.0,0.0,-1.0,1.0,0.0,-1.0,2.0,0.0,-2.0,1.0,1.0,0.0,49.474005072,57.867947024,8.393941952000006,2049.879509,3219.469253,1169.5897440000003,2049.335552,3218.784816,1169.4492639999999,0.3512,0.49168,0.14048,0.192757,0.192757,0.0,10.789533,10.789533,0.0,1.0,0.0,-1.0,1.0,0.0,-1.0,1.0,2.0,1.0,2.0,0.0,-2.0,0.0,0.0,0.0,0.0,0.0,0.0,3.0,3.0,0.0,2.087530063253304,3.8713820412803344,1.7838519780270303
regression,mappo,61,regression_00,window_lankershim_off4000_len24_t1118936085200_1118936087500,j_1066618,lankershim,4000,24,1118936085200,1118936087500,True,1.0,1.0,0.0,1.0,1.0,0.0,0.0,0.0,0.0,0.0,0.0,0.0,0.0,0.0,0.0,0.0,0.0,0.0,1.0,1.0,0.0,37.94156713916466,38.400579763164664,0.4590126240000032,318.864684,328.513762,9.649077999999975,318.488808,328.130752,9.641943999999967,0.0,0.007134,0.007134,0.375876,0.375876,0.0,8.631628667164668,8.631628667164668,0.0,0.0,0.0,0.0,0.0,0.0,0.0,5.0,2.0,-3.0,0.0,0.0,0.0,0.0,0.0,0.0,0.0,0.0,0.0,0.0,3.0,3.0,10.816191689638412,10.774977477635598,-0.04121421200281361
regression,mappo,61,regression_01,window_lankershim_off7904_len24_t1118936475600_1118936477900,j_1052341,lankershim,7904,24,1118936475600,1118936477900,True,1.0,1.0,0.0,1.0,1.0,0.0,0.0,0.0,0.0,0.0,0.0,0.0,0.0,0.0,0.0,0.0,0.0,0.0,1.0,1.0,0.0,54.578110492825594,55.460988252825594,0.8828777599999995,0.375876,11.07142,10.695544,0.0,9.641944,9.641944,0.0,1.0536,1.0536,0.375876,0.375876,0.0,13.358471452825595,13.358471452825595,0.0,0.0,0.0,0.0,0.0,0.0,0.0,8.0,2.0,-6.0,0.0,0.0,0.0,0.0,0.0,0.0,0.0,0.0,0.0,0.0,6.0,6.0,15.633576129671924,15.557965408084428,-0.0756107215874966
regression,mappo,61,regression_02,window_lankershim_off14008_len24_t1118937086000_1118937088300,j_1077564,lankershim,14008,24,1118937086000,1118937088300,True,0.0,0.0,0.0,1.0,1.0,0.0,1.0,1.0,0.0,0.0,0.0,0.0,0.0,0.0,0.0,0.0,0.0,0.0,1.0,1.0,0.0,175.24654461591166,194.45137744791168,19.204832832000022,3364.318056,5558.440035,2194.1219789999996,3363.566304,5557.683344,2194.11704,0.0,0.004939,0.004939,0.751752,0.751752,0.0,113.29010216791167,113.29010216791167,0.0,0.0,2.0,2.0,0.0,0.0,0.0,7.0,4.0,-3.0,0.0,0.0,0.0,0.0,0.0,0.0,0.0,0.0,0.0,0.0,3.0,3.0,-1.5863562461425644,-4.144460537953911,-2.558104291811347
regression,mappo,61,regression_03,window_lankershim_off17976_len24_t1118937482800_1118937485100,j_1053611,lankershim,17976,24,1118937482800,1118937485100,True,1.0,1.0,0.0,1.0,1.0,0.0,0.0,0.0,0.0,0.0,0.0,0.0,0.0,0.0,0.0,0.0,0.0,0.0,1.0,1.0,0.0,69.617404152,78.5337704,8.916366247999989,1169.921519,2195.432175,1025.510656,1169.449264,2194.11704,1024.667776,0.0,0.84288,0.84288,0.472255,0.472255,0.0,7.193022,7.193022,0.0,0.0,1.0,1.0,0.0,0.0,0.0,10.0,4.0,-6.0,0.0,0.0,0.0,0.0,0.0,0.0,0.0,0.0,0.0,0.0,6.0,6.0,17.885820507253435,16.69497059519267,-1.190849912060763
regression,mappo,61,regression_04,window_peachtree_off22888_len24_t1163316300_1163318600,j_1080918,peachtree,22888,24,1163316300,1163318600,True,0.0,0.0,0.0,1.0,1.0,0.0,0.0,0.0,0.0,0.0,0.0,0.0,0.0,0.0,0.0,0.0,0.0,0.0,1.0,1.0,0.0,53.75772522716467,53.75772522716467,0.0,0.385514,0.385514,0.0,0.0,0.0,0.0,0.0,0.0,0.0,0.385514,0.385514,0.0,37.403716667164666,37.40371666716467,7.105427357601002e-15,0.0,2.0,2.0,0.0,0.0,0.0,5.0,3.0,-2.0,0.0,0.0,0.0,0.0,0.0,0.0,0.0,0.0,0.0,0.0,2.0,2.0,5.699202462881312,5.699202462881311,-8.881784197001252e-16
regression,mappo,61,regression_05,window_us_101_off30672_len24_t1118847021000_1118847023300,j_1054473,us_101,30672,24,1118847021000,1118847023300,True,0.0,1.0,1.0,1.0,1.0,0.0,0.0,0.0,0.0,0.0,0.0,0.0,0.0,0.0,0.0,0.0,0.0,0.0,1.0,1.0,0.0,69.84326600466459,20.393349456,-49.44991654866459,19.76578,28.936807,9.171027000000002,19.283888,28.925832,9.641943999999999,0.0,0.010975,0.010975,0.481892,0.0,-0.481892,49.88951676466459,0.0,-49.88951676466459,0.0,0.0,0.0,0.0,0.0,0.0,5.0,1.0,-4.0,0.0,0.0,0.0,0.0,0.0,0.0,0.0,0.0,0.0,0.0,4.0,4.0,4.403334561067391,12.355057292721806,7.9517227316544155
regression,mappo,61,regression_06,window_us_101_off31096_len24_t1118847063400_1118847065700,j_10812,us_101,31096,24,1118847063400,1118847065700,True,0.0,0.0,0.0,1.0,1.0,0.0,0.0,0.0,0.0,0.0,0.0,0.0,0.0,0.0,0.0,0.0,0.0,0.0,1.0,1.0,0.0,54.70626177916468,54.70626177916468,0.0,0.385514,0.385514,0.0,0.0,0.0,0.0,0.0,0.0,0.0,0.385514,0.385514,0.0,37.40371666716467,37.40371666716467,0.0,0.0,2.0,2.0,0.0,0.0,0.0,5.0,3.0,-2.0,0.0,0.0,0.0,0.0,0.0,0.0,0.0,0.0,0.0,0.0,2.0,2.0,5.6233195387213115,5.6233195387213115,0.0
regression,mappo,61,regression_07,window_us_101_off32096_len24_t1118847163400_1118847165700,j_1055583,us_101,32096,24,1118847163400,1118847165700,True,0.0,0.0,0.0,1.0,1.0,0.0,1.0,1.0,0.0,0.0,0.0,0.0,0.0,0.0,0.0,0.0,0.0,0.0,1.0,1.0,0.0,311.1074325998688,218.28100440724543,-92.82642819262335,2504.293927,2504.52261,0.228682999999819,2502.963904,2502.963904,0.0,0.0,0.42144,0.42144,1.330023,1.137266,-0.19275699999999985,160.87566951986878,68.01127000724543,-92.86439951262335,0.0,1.0,1.0,0.0,0.0,0.0,12.0,7.0,-5.0,0.0,0.0,0.0,0.0,0.0,0.0,0.0,0.0,0.0,0.0,5.0,5.0,-2.0547473418332776,5.371260424756425,7.426007766589702
regression,mappo,61,regression_08,window_us_101_off35256_len24_t1118847479400_1118847481700,j_1081406,us_101,35256,24,1118847479400,1118847481700,True,0.0,1.0,1.0,1.0,1.0,0.0,1.0,0.0,-1.0,0.0,0.0,0.0,0.0,0.0,0.0,0.0,0.0,0.0,1.0,1.0,0.0,61.72956327975141,23.137658088000002,-38.59190519175141,164.45089,328.137886,163.686996,164.065376,328.130752,164.065376,0.0,0.007134,0.007134,0.385514,0.0,-0.385514,40.974396159751414,0.0,-40.974396159751414,0.0,0.0,0.0,0.0,0.0,0.0,6.0,3.0,-3.0,0.0,0.0,0.0,0.0,0.0,0.0,0.0,0.0,0.0,0.0,3.0,3.0,6.985056524483584,13.9961862425508,7.011129718067217
regression,mappo,61,regression_09,window_us_101_off35416_len24_t1118847495400_1118847497700,j_1061152,us_101,35416,24,1118847495400,1118847497700,True,0.0,1.0,1.0,1.0,1.0,0.0,0.0,0.0,0.0,0.0,0.0,0.0,0.0,0.0,0.0,0.0,0.0,0.0,1.0,1.0,0.0,164.3541261864177,50.802801599999995,-113.55132458641769,165.125538,174.97164,9.846102000000002,164.065376,173.70732,9.641944000000024,0.0,1.26432,1.26432,1.060162,0.0,-1.060162,114.36904866641768,0.0,-114.36904866641768,0.0,0.0,0.0,0.0,0.0,0.0,9.0,1.0,-8.0,0.0,0.0,0.0,0.0,0.0,0.0,0.0,0.0,0.0,0.0,8.0,8.0,4.774777334494122,17.854298352875254,13.079521018381133
regression,mappo,61,regression_10,window_us_101_off35648_len24_t1118847518600_1118847520900,j_1090155,us_101,35648,24,1118847518600,1118847520900,True,0.0,1.0,1.0,1.0,1.0,0.0,0.0,0.0,0.0,0.0,0.0,0.0,0.0,0.0,0.0,0.0,0.0,0.0,1.0,1.0,0.0,105.20891490483535,41.311219392000005,-63.89769551283535,0.944509,2194.124174,2193.179665,0.0,2194.11704,2194.11704,0.0,0.007134,0.007134,0.944509,0.0,-0.944509,83.07940183283534,0.0,-83.07940183283534,0.0,2.0,2.0,0.0,0.0,0.0,5.0,1.0,-4.0,0.0,0.0,0.0,0.0,0.0,0.0,0.0,0.0,0.0,0.0,4.0,4.0,1.5828469863363583,9.67338376126213,8.090536774925772
regression,mappo,61,regression_11,window_us_101_off37040_len24_t1118847657800_1118847660100,j_1064718,us_101,37040,24,1118847657800,1118847660100,True,0.0,0.0,0.0,1.0,1.0,0.0,0.0,1.0,1.0,0.0,0.0,0.0,0.0,0.0,0.0,0.0,0.0,0.0,1.0,1.0,0.0,92.182888432,57.867947024,-34.314941407999996,2194.502554,3219.469253,1024.966699,2194.11704,3218.784816,1024.6677759999998,0.0,0.49168,0.49168,0.385514,0.192757,-0.192757,53.947665,10.789533,-43.158132,0.0,0.0,0.0,0.0,0.0,0.0,5.0,2.0,-3.0,0.0,0.0,0.0,0.0,0.0,0.0,0.0,0.0,0.0,0.0,3.0,3.0,1.6034740411442376,3.8713820412803344,2.2679080001360967
regression,mappo,7,regression_00,window_lankershim_off4000_len24_t1118936085200_1118936087500,j_1066618,lankershim,4000,24,1118936085200,1118936087500,True,1.0,1.0,0.0,1.0,1.0,0.0,0.0,0.0,0.0,0.0,1.0,1.0,0.0,3.0,3.0,0.0,6.0,6.0,1.0,1.0,0.0,38.400579763164664,35.770378040000004,-2.63020172316466,328.513762,328.14063,-0.37313199999999824,328.130752,328.130752,0.0,0.007134,0.009878,0.002744,0.375876,0.0,-0.375876,8.631628667164668,0.0,-8.631628667164668,0.0,3.0,3.0,0.0,2.0,2.0,2.0,1.0,-1.0,0.0,0.0,0.0,0.0,0.0,0.0,0.0,0.0,0.0,3.0,7.0,4.0,10.774977477635598,1.9855673686162274,-8.789410109019371
regression,mappo,7,regression_01,window_lankershim_off7904_len24_t1118936475600_1118936477900,j_1052341,lankershim,7904,24,1118936475600,1118936477900,True,1.0,1.0,0.0,1.0,1.0,0.0,0.0,0.0,0.0,0.0,0.0,0.0,0.0,0.0,0.0,0.0,0.0,0.0,1.0,1.0,0.0,55.460988252825594,55.460988252825594,0.0,11.07142,11.07142,0.0,9.641944,9.641944,0.0,1.0536,1.0536,0.0,0.375876,0.375876,0.0,13.358471452825595,13.358471452825595,0.0,0.0,0.0,0.0,0.0,0.0,0.0,2.0,2.0,0.0,0.0,0.0,0.0,0.0,0.0,0.0,0.0,0.0,0.0,6.0,6.0,0.0,15.557965408084428,15.557965408084428,0.0
regression,mappo,7,regression_02,window_lankershim_off14008_len24_t1118937086000_1118937088300,j_1077564,lankershim,14008,24,1118937086000,1118937088300,True,0.0,0.0,0.0,1.0,1.0,0.0,1.0,1.0,0.0,0.0,0.0,0.0,0.0,0.0,0.0,0.0,0.0,0.0,1.0,1.0,0.0,194.45137744791168,194.45137744791168,0.0,5558.440035,5558.440035,0.0,5557.683344,5557.683344,0.0,0.004939,0.004939,0.0,0.751752,0.751752,0.0,113.29010216791167,113.29010216791167,0.0,2.0,2.0,0.0,0.0,0.0,0.0,4.0,4.0,0.0,0.0,0.0,0.0,0.0,0.0,0.0,0.0,0.0,0.0,3.0,3.0,0.0,-4.144460537953911,-4.144460537953911,0.0
regression,mappo,7,regression_03,window_lankershim_off17976_len24_t1118937482800_1118937485100,j_1053611,lankershim,17976,24,1118937482800,1118937485100,True,1.0,1.0,0.0,1.0,1.0,0.0,0.0,0.0,0.0,0.0,0.0,0.0,0.0,0.0,0.0,0.0,0.0,0.0,1.0,1.0,0.0,78.5337704,78.5337704,0.0,2195.432175,2195.432175,0.0,2194.11704,2194.11704,0.0,0.84288,0.84288,0.0,0.472255,0.472255,0.0,7.193022,7.193022,0.0,1.0,1.0,0.0,0.0,0.0,0.0,4.0,4.0,0.0,0.0,0.0,0.0,0.0,0.0,0.0,0.0,0.0,0.0,6.0,6.0,0.0,16.69497059519267,16.69497059519267,0.0
regression,mappo,7,regression_04,window_peachtree_off22888_len24_t1163316300_1163318600,j_1080918,peachtree,22888,24,1163316300,1163318600,True,0.0,0.0,0.0,1.0,1.0,0.0,0.0,0.0,0.0,0.0,0.0,0.0,0.0,0.0,0.0,0.0,0.0,0.0,1.0,1.0,0.0,53.75772522716467,53.75772522716467,0.0,0.385514,0.385514,0.0,0.0,0.0,0.0,0.0,0.0,0.0,0.385514,0.385514,0.0,37.403716667164666,37.40371666716467,7.105427357601002e-15,5.0,5.0,0.0,0.0,0.0,0.0,0.0,0.0,0.0,0.0,0.0,0.0,0.0,0.0,0.0,0.0,0.0,0.0,5.0,5.0,0.0,5.699202462881312,5.699202462881311,-8.881784197001252e-16
regression,mappo,7,regression_05,window_us_101_off30672_len24_t1118847021000_1118847023300,j_1054473,us_101,30672,24,1118847021000,1118847023300,True,1.0,1.0,0.0,1.0,1.0,0.0,0.0,0.0,0.0,0.0,1.0,1.0,0.0,2.0,2.0,0.0,4.0,4.0,1.0,1.0,0.0,20.393349456,24.440786023999998,4.047436567999998,28.936807,29.314878,0.3780709999999985,28.925832,28.925832,0.0,0.010975,0.01317,0.002194999999999999,0.0,0.375876,0.375876,0.0,0.0,0.0,0.0,2.0,2.0,0.0,2.0,2.0,1.0,0.0,-1.0,0.0,0.0,0.0,0.0,0.0,0.0,0.0,0.0,0.0,4.0,7.0,3.0,12.355057292721806,6.031086314253252,-6.323970978468554
regression,mappo,7,regression_06,window_us_101_off31096_len24_t1118847063400_1118847065700,j_10812,us_101,31096,24,1118847063400,1118847065700,True,0.0,0.0,0.0,1.0,1.0,0.0,0.0,0.0,0.0,0.0,0.0,0.0,0.0,0.0,0.0,0.0,0.0,0.0,1.0,1.0,0.0,54.70626177916468,54.70626177916468,0.0,0.385514,0.385514,0.0,0.0,0.0,0.0,0.0,0.0,0.0,0.385514,0.385514,0.0,37.40371666716467,37.40371666716467,0.0,5.0,4.0,-1.0,0.0,0.0,0.0,0.0,0.0,0.0,0.0,1.0,1.0,0.0,0.0,0.0,0.0,0.0,0.0,5.0,4.0,-1.0,5.6233195387213115,5.6233195387213115,0.0
regression,mappo,7,regression_07,window_us_101_off32096_len24_t1118847163400_1118847165700,j_1055583,us_101,32096,24,1118847163400,1118847165700,True,0.0,0.0,0.0,1.0,1.0,0.0,1.0,1.0,0.0,0.0,0.0,0.0,0.0,0.0,0.0,0.0,0.0,0.0,1.0,1.0,0.0,218.31665480724544,218.31665480724544,0.0,2504.80357,2504.80357,0.0,2502.963904,2502.963904,0.0,0.7024,0.7024,0.0,1.137266,1.137266,0.0,68.01127000724543,68.01127000724543,0.0,2.0,2.0,0.0,0.0,0.0,0.0,4.0,4.0,0.0,0.0,0.0,0.0,0.0,0.0,0.0,0.0,0.0,0.0,8.0,8.0,0.0,5.368277560561143,5.368277560561143,0.0
regression,mappo,7,regression_08,window_us_101_off35256_len24_t1118847479400_1118847481700,j_1081406,us_101,35256,24,1118847479400,1118847481700,True,1.0,0.0,-1.0,1.0,1.0,0.0,0.0,1.0,1.0,0.0,1.0,1.0,0.0,4.0,4.0,0.0,8.0,8.0,1.0,1.0,0.0,23.137658088000002,72.20401064775142,49.066352559751415,328.137886,328.529436,0.3915499999999952,328.130752,328.130752,0.0,0.007134,0.01317,0.006036,0.0,0.385514,0.385514,0.0,40.974396159751414,40.974396159751414,0.0,4.0,4.0,0.0,2.0,2.0,3.0,1.0,-2.0,0.0,0.0,0.0,0.0,0.0,0.0,0.0,0.0,0.0,3.0,9.0,6.0,13.9961862425508,-5.929304291906359,-19.92549053445716
regression,mappo,7,regression_09,window_us_101_off35416_len24_t1118847495400_1118847497700,j_1061152,us_101,35416,24,1118847495400,1118847497700,True,1.0,1.0,0.0,1.0,1.0,0.0,0.0,0.0,0.0,0.0,0.0,0.0,0.0,0.0,0.0,0.0,0.0,0.0,1.0,1.0,0.0,50.838452,50.838452,0.0,175.2526,175.2526,0.0,173.70732,173.70732,0.0,1.54528,1.54528,0.0,0.0,0.0,0.0,0.0,0.0,0.0,0.0,0.0,0.0,0.0,0.0,0.0,0.0,0.0,0.0,0.0,0.0,0.0,0.0,0.0,0.0,0.0,0.0,0.0,9.0,9.0,0.0,17.851315488679973,17.851315488679973,0.0
regression,mappo,7,regression_10,window_us_101_off35648_len24_t1118847518600_1118847520900,j_1090155,us_101,35648,24,1118847518600,1118847520900,True,1.0,1.0,0.0,1.0,1.0,0.0,0.0,0.0,0.0,0.0,0.0,0.0,0.0,0.0,0.0,0.0,0.0,0.0,1.0,1.0,0.0,41.311219392000005,41.311219392000005,0.0,2194.124174,2194.124174,0.0,2194.11704,2194.11704,0.0,0.007134,0.007134,0.0,0.0,0.0,0.0,0.0,0.0,0.0,2.0,2.0,0.0,0.0,0.0,0.0,1.0,1.0,0.0,0.0,0.0,0.0,0.0,0.0,0.0,0.0,0.0,0.0,4.0,4.0,0.0,9.67338376126213,9.67338376126213,0.0
regression,mappo,7,regression_11,window_us_101_off37040_len24_t1118847657800_1118847660100,j_1064718,us_101,37040,24,1118847657800,1118847660100,True,0.0,1.0,1.0,1.0,1.0,0.0,1.0,0.0,-1.0,0.0,1.0,1.0,0.0,1.0,1.0,0.0,2.0,2.0,1.0,1.0,0.0,57.867947024,38.68846585599999,-19.17948116800001,3219.469253,2049.827232,-1169.642021,3218.784816,2049.335552,-1169.4492639999999,0.49168,0.49168,0.0,0.192757,0.0,-0.192757,10.789533,0.0,-10.789533,0.0,2.0,2.0,0.0,1.0,1.0,2.0,1.0,-1.0,0.0,0.0,0.0,0.0,0.0,0.0,0.0,0.0,0.0,3.0,5.0,2.0,3.8713820412803344,6.950397543908421,3.0790155026280868
regression,ppo,17,regression_00,window_lankershim_off4000_len24_t1118936085200_1118936087500,j_1066618,lankershim,4000,24,1118936085200,1118936087500,True,1.0,1.0,0.0,1.0,1.0,0.0,0.0,0.0,0.0,0.0,0.0,0.0,0.0,0.0,0.0,0.0,0.0,0.0,1.0,1.0,0.0,37.94156713916466,37.94156713916466,0.0,318.864684,318.864684,0.0,318.488808,318.488808,0.0,0.0,0.0,0.0,0.375876,0.375876,0.0,8.631628667164668,8.631628667164668,0.0,0.0,0.0,0.0,0.0,0.0,0.0,5.0,5.0,0.0,0.0,0.0,0.0,0.0,0.0,0.0,0.0,0.0,0.0,0.0,0.0,0.0,10.816191689638412,10.816191689638412,0.0
regression,ppo,17,regression_01,window_lankershim_off7904_len24_t1118936475600_1118936477900,j_1052341,lankershim,7904,24,1118936475600,1118936477900,True,1.0,1.0,0.0,1.0,1.0,0.0,0.0,0.0,0.0,0.0,0.0,0.0,0.0,0.0,0.0,0.0,0.0,0.0,1.0,1.0,0.0,54.578110492825594,54.578110492825594,0.0,0.375876,0.375876,0.0,0.0,0.0,0.0,0.0,0.0,0.0,0.375876,0.375876,0.0,13.358471452825595,13.358471452825595,0.0,0.0,0.0,0.0,0.0,0.0,0.0,8.0,8.0,0.0,0.0,0.0,0.0,0.0,0.0,0.0,0.0,0.0,0.0,0.0,0.0,0.0,15.633576129671924,15.633576129671924,0.0
regression,ppo,17,regression_02,window_lankershim_off14008_len24_t1118937086000_1118937088300,j_1077564,lankershim,14008,24,1118937086000,1118937088300,True,0.0,0.0,0.0,1.0,1.0,0.0,1.0,1.0,0.0,0.0,0.0,0.0,0.0,0.0,0.0,0.0,0.0,0.0,1.0,1.0,0.0,175.24654461591166,175.24654461591166,0.0,3364.318056,3364.318056,0.0,3363.566304,3363.566304,0.0,0.0,0.0,0.0,0.751752,0.751752,0.0,113.29010216791167,113.29010216791167,0.0,0.0,0.0,0.0,0.0,0.0,0.0,7.0,7.0,0.0,0.0,0.0,0.0,0.0,0.0,0.0,0.0,0.0,0.0,0.0,0.0,0.0,-1.5863562461425644,-1.5863562461425644,0.0
regression,ppo,17,regression_03,window_lankershim_off17976_len24_t1118937482800_1118937485100,j_1053611,lankershim,17976,24,1118937482800,1118937485100,True,1.0,1.0,0.0,1.0,1.0,0.0,0.0,0.0,0.0,0.0,0.0,0.0,0.0,0.0,0.0,0.0,0.0,0.0,1.0,1.0,0.0,69.617404152,69.617404152,0.0,1169.921519,1169.921519,0.0,1169.449264,1169.449264,0.0,0.0,0.0,0.0,0.472255,0.472255,0.0,7.193022,7.193022,0.0,0.0,0.0,0.0,0.0,0.0,0.0,10.0,10.0,0.0,0.0,0.0,0.0,0.0,0.0,0.0,0.0,0.0,0.0,0.0,0.0,0.0,17.885820507253435,17.885820507253435,0.0
regression,ppo,17,regression_04,window_peachtree_off22888_len24_t1163316300_1163318600,j_1080918,peachtree,22888,24,1163316300,1163318600,True,0.0,0.0,0.0,1.0,1.0,0.0,0.0,0.0,0.0,0.0,0.0,0.0,0.0,0.0,0.0,0.0,0.0,0.0,1.0,1.0,0.0,53.75772522716467,53.75772522716467,0.0,0.385514,0.385514,0.0,0.0,0.0,0.0,0.0,0.0,0.0,0.385514,0.385514,0.0,37.403716667164666,37.40371666716467,7.105427357601002e-15,0.0,0.0,0.0,0.0,0.0,0.0,5.0,5.0,0.0,0.0,0.0,0.0,0.0,0.0,0.0,0.0,0.0,0.0,0.0,0.0,0.0,5.699202462881312,5.699202462881311,-8.881784197001252e-16
regression,ppo,17,regression_05,window_us_101_off30672_len24_t1118847021000_1118847023300,j_1054473,us_101,30672,24,1118847021000,1118847023300,True,0.0,0.0,0.0,1.0,1.0,0.0,0.0,0.0,0.0,0.0,0.0,0.0,0.0,0.0,0.0,0.0,0.0,0.0,1.0,1.0,0.0,69.84326600466459,69.84326600466459,0.0,19.76578,19.76578,0.0,19.283888,19.283888,0.0,0.0,0.0,0.0,0.481892,0.481892,0.0,49.88951676466459,49.889516764664585,-7.105427357601002e-15,0.0,0.0,0.0,0.0,0.0,0.0,5.0,5.0,0.0,0.0,0.0,0.0,0.0,0.0,0.0,0.0,0.0,0.0,0.0,0.0,0.0,4.403334561067391,4.403334561067391,0.0
regression,ppo,17,regression_06,window_us_101_off31096_len24_t1118847063400_1118847065700,j_10812,us_101,31096,24,1118847063400,1118847065700,True,0.0,0.0,0.0,1.0,1.0,0.0,0.0,0.0,0.0,0.0,0.0,0.0,0.0,0.0,0.0,0.0,0.0,0.0,1.0,1.0,0.0,54.70626177916468,54.70626177916468,0.0,0.385514,0.385514,0.0,0.0,0.0,0.0,0.0,0.0,0.0,0.385514,0.385514,0.0,37.40371666716467,37.40371666716467,0.0,0.0,0.0,0.0,0.0,0.0,0.0,5.0,5.0,0.0,0.0,0.0,0.0,0.0,0.0,0.0,0.0,0.0,0.0,0.0,0.0,0.0,5.6233195387213115,5.6233195387213115,0.0
regression,ppo,17,regression_07,window_us_101_off32096_len24_t1118847163400_1118847165700,j_1055583,us_101,32096,24,1118847163400,1118847165700,True,0.0,0.0,0.0,1.0,1.0,0.0,1.0,1.0,0.0,0.0,0.0,0.0,0.0,0.0,0.0,0.0,0.0,0.0,1.0,1.0,0.0,311.1074325998688,311.1074325998688,0.0,2504.293927,2504.293927,0.0,2502.963904,2502.963904,0.0,0.0,0.0,0.0,1.330023,1.330023,0.0,160.87566951986878,160.87566951986878,0.0,0.0,0.0,0.0,0.0,0.0,0.0,12.0,12.0,0.0,0.0,0.0,0.0,0.0,0.0,0.0,0.0,0.0,0.0,0.0,0.0,0.0,-2.0547473418332776,-2.0547473418332776,0.0
regression,ppo,17,regression_08,window_us_101_off35256_len24_t1118847479400_1118847481700,j_1081406,us_101,35256,24,1118847479400,1118847481700,True,0.0,0.0,0.0,1.0,1.0,0.0,1.0,1.0,0.0,0.0,0.0,0.0,0.0,0.0,0.0,0.0,0.0,0.0,1.0,1.0,0.0,61.72956327975141,61.72956327975141,0.0,164.45089,164.45089,0.0,164.065376,164.065376,0.0,0.0,0.0,0.0,0.385514,0.385514,0.0,40.974396159751414,40.974396159751414,0.0,0.0,0.0,0.0,0.0,0.0,0.0,6.0,6.0,0.0,0.0,0.0,0.0,0.0,0.0,0.0,0.0,0.0,0.0,0.0,0.0,0.0,6.985056524483584,6.985056524483584,0.0
regression,ppo,17,regression_09,window_us_101_off35416_len24_t1118847495400_1118847497700,j_1061152,us_101,35416,24,1118847495400,1118847497700,True,0.0,0.0,0.0,1.0,1.0,0.0,0.0,0.0,0.0,0.0,0.0,0.0,0.0,0.0,0.0,0.0,0.0,0.0,1.0,1.0,0.0,164.3541261864177,164.3541261864177,0.0,165.125538,165.125538,0.0,164.065376,164.065376,0.0,0.0,0.0,0.0,1.060162,1.060162,0.0,114.36904866641768,114.36904866641768,0.0,0.0,0.0,0.0,0.0,0.0,0.0,9.0,9.0,0.0,0.0,0.0,0.0,0.0,0.0,0.0,0.0,0.0,0.0,0.0,0.0,0.0,4.774777334494122,4.774777334494122,0.0
regression,ppo,17,regression_10,window_us_101_off35648_len24_t1118847518600_1118847520900,j_1090155,us_101,35648,24,1118847518600,1118847520900,True,0.0,0.0,0.0,1.0,1.0,0.0,0.0,0.0,0.0,0.0,0.0,0.0,0.0,0.0,0.0,0.0,0.0,0.0,1.0,1.0,0.0,105.20891490483535,105.20891490483535,0.0,0.944509,0.944509,0.0,0.0,0.0,0.0,0.0,0.0,0.0,0.944509,0.944509,0.0,83.07940183283534,83.07940183283534,0.0,0.0,0.0,0.0,0.0,0.0,0.0,5.0,5.0,0.0,0.0,0.0,0.0,0.0,0.0,0.0,0.0,0.0,0.0,0.0,0.0,0.0,1.5828469863363583,1.5828469863363583,0.0
regression,ppo,17,regression_11,window_us_101_off37040_len24_t1118847657800_1118847660100,j_1064718,us_101,37040,24,1118847657800,1118847660100,True,0.0,0.0,0.0,1.0,1.0,0.0,0.0,0.0,0.0,0.0,0.0,0.0,0.0,0.0,0.0,0.0,0.0,0.0,1.0,1.0,0.0,92.182888432,92.182888432,0.0,2194.502554,2194.502554,0.0,2194.11704,2194.11704,0.0,0.0,0.0,0.0,0.385514,0.385514,0.0,53.947665,53.947665,0.0,0.0,0.0,0.0,0.0,0.0,0.0,5.0,5.0,0.0,0.0,0.0,0.0,0.0,0.0,0.0,0.0,0.0,0.0,0.0,0.0,0.0,1.6034740411442376,1.6034740411442376,0.0
regression,ppo,29,regression_00,window_lankershim_off4000_len24_t1118936085200_1118936087500,j_1066618,lankershim,4000,24,1118936085200,1118936087500,True,1.0,1.0,0.0,1.0,1.0,0.0,0.0,0.0,0.0,0.0,0.0,0.0,0.0,0.0,0.0,0.0,0.0,0.0,1.0,1.0,0.0,37.94156713916466,49.035643072,11.094075932835338,318.864684,0.944509,-317.92017500000003,318.488808,0.0,-318.488808,0.0,0.0,0.0,0.375876,0.944509,0.568633,8.631628667164668,0.0,-8.631628667164668,0.0,0.0,0.0,0.0,0.0,0.0,5.0,2.0,-3.0,0.0,0.0,0.0,0.0,3.0,3.0,0.0,0.0,0.0,0.0,0.0,0.0,10.816191689638412,10.076708732963187,-0.739482956675225
regression,ppo,29,regression_01,window_lankershim_off7904_len24_t1118936475600_1118936477900,j_1052341,lankershim,7904,24,1118936475600,1118936477900,True,1.0,1.0,0.0,1.0,1.0,0.0,0.0,0.0,0.0,0.0,0.0,0.0,0.0,0.0,0.0,0.0,0.0,0.0,1.0,1.0,0.0,62.605820772825595,73.31009464,10.704273867174408,0.568633,1.137266,0.568633,0.0,0.0,0.0,0.0,0.0,0.0,0.568633,1.137266,0.568633,13.358471452825595,0.0,-13.358471452825595,0.0,0.0,0.0,0.0,0.0,0.0,7.0,4.0,-3.0,0.0,0.0,0.0,1.0,4.0,3.0,0.0,0.0,0.0,0.0,0.0,0.0,14.991269547799167,14.134662848050429,-0.8566066997487383
regression,ppo,29,regression_02,window_lankershim_off14008_len24_t1118937086000_1118937088300,j_1077564,lankershim,14008,24,1118937086000,1118937088300,True,0.0,1.0,1.0,1.0,1.0,0.0,1.0,0.0,-1.0,0.0,0.0,0.0,0.0,0.0,0.0,0.0,0.0,0.0,1.0,1.0,0.0,175.24654461591166,80.525714216,-94.72083039991166,3364.318056,2.457652,-3361.860404,3363.566304,0.0,-3363.566304,0.0,0.0,0.0,0.751752,2.457652,1.7059,113.29010216791167,0.0,-113.29010216791167,0.0,0.0,0.0,0.0,0.0,0.0,7.0,1.0,-6.0,0.0,0.0,0.0,0.0,6.0,6.0,0.0,0.0,0.0,0.0,0.0,0.0,-1.5863562461425644,11.556798429325926,13.143154675468491
regression,ppo,29,regression_03,window_lankershim_off17976_len24_t1118937482800_1118937485100,j_1053611,lankershim,17976,24,1118937482800,1118937485100,True,1.0,1.0,0.0,1.0,1.0,0.0,0.0,0.0,0.0,0.0,0.0,0.0,0.0,0.0,0.0,0.0,0.0,0.0,1.0,1.0,0.0,85.662030312,102.518723272,16.856692960000004,1170.499789,1171.714159,1.2143700000001445,1169.449264,1169.449264,0.0,0.0,0.0,0.0,1.050525,2.264895,1.2143700000000002,7.193022,0.0,-7.193022,0.0,0.0,0.0,0.0,0.0,0.0,8.0,5.0,-3.0,0.0,0.0,0.0,2.0,5.0,3.0,0.0,0.0,0.0,0.0,0.0,0.0,16.601981136500825,15.252880214603353,-1.349100921897472
regression,ppo,29,regression_04,window_peachtree_off22888_len24_t1163316300_1163318600,j_1080918,peachtree,22888,24,1163316300,1163318600,True,0.0,0.0,0.0,1.0,1.0,0.0,0.0,0.0,0.0,0.0,0.0,0.0,0.0,0.0,0.0,0.0,0.0,0.0,1.0,1.0,0.0,53.75772522716467,40.381718840000005,-13.376006387164665,0.385514,0.578271,0.19275699999999996,0.0,0.0,0.0,0.0,0.0,0.0,0.385514,0.578271,0.19275699999999996,37.403716667164666,0.0,-37.403716667164666,0.0,0.0,0.0,0.0,0.0,0.0,5.0,2.0,-3.0,0.0,0.0,0.0,0.0,3.0,3.0,0.0,0.0,0.0,0.0,0.0,0.0,5.699202462881312,6.769193214381727,1.0699907515004154
regression,ppo,29,regression_05,window_us_101_off30672_len24_t1118847021000_1118847023300,j_1054473,us_101,30672,24,1118847021000,1118847023300,True,0.0,0.0,0.0,1.0,1.0,0.0,0.0,0.0,0.0,0.0,0.0,0.0,0.0,0.0,0.0,0.0,0.0,0.0,1.0,1.0,0.0,69.84326600466459,43.589571744,-26.253694260664588,19.76578,10.316593,-9.449187,19.283888,9.641944,-9.641944,0.0,0.0,0.0,0.481892,0.674649,0.19275700000000007,49.88951676466459,0.0,-49.88951676466459,0.0,0.0,0.0,0.0,0.0,0.0,5.0,2.0,-3.0,0.0,0.0,0.0,0.0,3.0,3.0,0.0,0.0,0.0,0.0,0.0,0.0,4.403334561067391,6.50803022250299,2.104695661435599
regression,ppo,29,regression_06,window_us_101_off31096_len24_t1118847063400_1118847065700,j_10812,us_101,31096,24,1118847063400,1118847065700,True,0.0,0.0,0.0,1.0,1.0,0.0,0.0,0.0,0.0,0.0,0.0,0.0,0.0,0.0,0.0,0.0,0.0,0.0,1.0,1.0,0.0,54.70626177916468,41.324087168,-13.382174611164679,0.385514,0.578271,0.19275699999999996,0.0,0.0,0.0,0.0,0.0,0.0,0.385514,0.578271,0.19275699999999996,37.40371666716467,0.0,-37.40371666716467,0.0,0.0,0.0,0.0,0.0,0.0,5.0,2.0,-3.0,0.0,0.0,0.0,0.0,3.0,3.0,0.0,0.0,0.0,0.0,0.0,0.0,5.6233195387213115,6.693803748141726,1.0704842094204148
regression,ppo,29,regression_07,window_us_101_off32096_len24_t1118847163400_1118847165700,j_1055583,us_101,32096,24,1118847163400,1118847165700,True,0.0,0.0,0.0,1.0,1.0,0.0,1.0,1.0,0.0,0.0,0.0,0.0,0.0,0.0,0.0,0.0,0.0,0.0,1.0,1.0,0.0,343.23292323986885,127.2083496,-216.02457363986883,2505.431193,2.843165,-2502.5880279999997,2502.963904,0.0,-2502.963904,0.0,0.0,0.0,2.467289,2.843165,0.3758759999999999,160.87566951986878,0.0,-160.87566951986878,0.0,0.0,0.0,0.0,0.0,0.0,8.0,2.0,-6.0,0.0,0.0,0.0,4.0,10.0,6.0,0.0,0.0,0.0,0.0,0.0,0.0,-4.625316173782849,13.82200808012607,18.447324253908917
regression,ppo,29,regression_08,window_us_101_off35256_len24_t1118847479400_1118847481700,j_1081406,us_101,35256,24,1118847479400,1118847481700,True,0.0,0.0,0.0,1.0,1.0,0.0,1.0,0.0,-1.0,0.0,0.0,0.0,0.0,0.0,0.0,0.0,0.0,0.0,1.0,1.0,0.0,61.72956327975141,50.445969224,-11.283594055751408,164.45089,0.771028,-163.67986199999999,164.065376,0.0,-164.065376,0.0,0.0,0.0,0.385514,0.771028,0.385514,40.974396159751414,0.0,-40.974396159751414,0.0,0.0,0.0,0.0,0.0,0.0,6.0,2.0,-4.0,0.0,0.0,0.0,0.0,4.0,4.0,0.0,0.0,0.0,0.0,0.0,0.0,6.985056524483584,7.96396342418897,0.978906899705386
regression,ppo,29,regression_09,window_us_101_off35416_len24_t1118847495400_1118847497700,j_1061152,us_101,35416,24,1118847495400,1118847497700,True,0.0,0.0,0.0,1.0,1.0,0.0,0.0,0.0,0.0,0.0,0.0,0.0,0.0,0.0,0.0,0.0,0.0,0.0,1.0,1.0,0.0,164.3541261864177,91.77172187320885,-72.58240431320884,165.125538,11.280376,-153.84516200000002,164.065376,9.641944,-154.423432,0.0,0.0,0.0,1.060162,1.638432,0.5782700000000001,114.36904866641768,8.631625833208835,-105.73742283320885,0.0,0.0,0.0,0.0,0.0,0.0,9.0,4.0,-5.0,0.0,0.0,0.0,0.0,5.0,5.0,0.0,0.0,0.0,0.0,0.0,0.0,4.774777334494122,10.653009415733818,5.878232081239696
regression,ppo,29,regression_10,window_us_101_off35648_len24_t1118847518600_1118847520900,j_1090155,us_101,35648,24,1118847518600,1118847520900,True,0.0,1.0,1.0,1.0,1.0,0.0,0.0,0.0,0.0,0.0,0.0,0.0,0.0,0.0,0.0,0.0,0.0,0.0,1.0,1.0,0.0,105.20891490483535,46.153291112000005,-59.05562379283535,0.944509,1.416764,0.47225499999999987,0.0,0.0,0.0,0.0,0.0,0.0,0.944509,1.416764,0.47225499999999987,83.07940183283534,0.0,-83.07940183283534,0.0,0.0,0.0,0.0,0.0,0.0,5.0,2.0,-3.0,0.0,0.0,0.0,0.0,3.0,3.0,0.0,0.0,0.0,0.0,0.0,0.0,1.5828469863363583,10.30707697889195,8.72422999255559
regression,ppo,29,regression_11,window_us_101_off37040_len24_t1118847657800_1118847660100,j_1064718,us_101,37040,24,1118847657800,1118847660100,True,0.0,0.0,0.0,1.0,1.0,0.0,1.0,0.0,-1.0,0.0,0.0,0.0,0.0,0.0,0.0,0.0,0.0,0.0,1.0,1.0,0.0,100.204430488,51.12233822399999,-49.08209226400001,2194.695311,0.771028,-2193.924283,2194.11704,0.0,-2194.11704,0.0,0.0,0.0,0.578271,0.771028,0.19275700000000007,53.947665,0.0,-53.947665,0.0,0.0,0.0,0.0,0.0,0.0,4.0,1.0,-3.0,0.0,0.0,0.0,1.0,4.0,3.0,0.0,0.0,0.0,0.0,0.0,0.0,0.9616609171914807,5.90985390418897,4.948192986997489
regression,ppo,43,regression_00,window_lankershim_off4000_len24_t1118936085200_1118936087500,j_1066618,lankershim,4000,24,1118936085200,1118936087500,True,1.0,1.0,0.0,1.0,1.0,0.0,0.0,0.0,0.0,0.0,0.0,0.0,0.0,0.0,0.0,0.0,0.0,0.0,1.0,1.0,0.0,49.035643072,49.035643072,0.0,0.944509,0.944509,0.0,0.0,0.0,0.0,0.0,0.0,0.0,0.944509,0.944509,0.0,0.0,0.0,0.0,0.0,0.0,0.0,0.0,0.0,0.0,2.0,2.0,0.0,0.0,0.0,0.0,3.0,3.0,0.0,0.0,0.0,0.0,0.0,0.0,0.0,10.076708732963187,10.076708732963187,0.0
regression,ppo,43,regression_01,window_lankershim_off7904_len24_t1118936475600_1118936477900,j_1052341,lankershim,7904,24,1118936475600,1118936477900,True,1.0,1.0,0.0,1.0,1.0,0.0,0.0,0.0,0.0,0.0,0.0,0.0,0.0,0.0,0.0,0.0,0.0,0.0,1.0,1.0,0.0,73.31009464,73.31009464,0.0,1.137266,1.137266,0.0,0.0,0.0,0.0,0.0,0.0,0.0,1.137266,1.137266,0.0,0.0,0.0,0.0,0.0,0.0,0.0,0.0,0.0,0.0,4.0,4.0,0.0,0.0,0.0,0.0,4.0,4.0,0.0,0.0,0.0,0.0,0.0,0.0,0.0,14.134662848050429,14.134662848050429,0.0
regression,ppo,43,regression_02,window_lankershim_off14008_len24_t1118937086000_1118937088300,j_1077564,lankershim,14008,24,1118937086000,1118937088300,True,0.0,0.0,0.0,1.0,1.0,0.0,1.0,1.0,0.0,0.0,0.0,0.0,0.0,0.0,0.0,0.0,0.0,0.0,1.0,1.0,0.0,100.10739734316466,100.10739734316466,0.0,1.985397,1.985397,0.0,0.0,0.0,0.0,0.0,0.0,0.0,1.985397,1.985397,0.0,35.60546116716467,35.60546116716467,0.0,0.0,0.0,0.0,0.0,0.0,0.0,3.0,3.0,0.0,0.0,0.0,0.0,4.0,4.0,0.0,0.0,0.0,0.0,0.0,0.0,0.0,5.990483690023989,5.990483690023989,0.0
regression,ppo,43,regression_03,window_lankershim_off17976_len24_t1118937482800_1118937485100,j_1053611,lankershim,17976,24,1118937482800,1118937485100,True,1.0,1.0,0.0,1.0,1.0,0.0,0.0,0.0,0.0,0.0,0.0,0.0,0.0,0.0,0.0,0.0,0.0,0.0,1.0,1.0,0.0,116.21872135999998,116.21872135999998,0.0,3.31542,3.31542,0.0,0.0,0.0,0.0,0.0,0.0,0.0,3.31542,3.31542,0.0,0.0,0.0,0.0,0.0,0.0,0.0,0.0,0.0,0.0,2.0,2.0,0.0,0.0,0.0,0.0,8.0,8.0,0.0,0.0,0.0,0.0,0.0,0.0,0.0,14.700958428454832,14.700958428454832,0.0
regression,ppo,43,regression_04,window_peachtree_off22888_len24_t1163316300_1163318600,j_1080918,peachtree,22888,24,1163316300,1163318600,True,0.0,0.0,0.0,1.0,1.0,0.0,0.0,0.0,0.0,0.0,0.0,0.0,0.0,0.0,0.0,0.0,0.0,0.0,1.0,1.0,0.0,40.381718840000005,40.381718840000005,0.0,0.578271,0.578271,0.0,0.0,0.0,0.0,0.0,0.0,0.0,0.578271,0.578271,0.0,0.0,0.0,0.0,0.0,0.0,0.0,0.0,0.0,0.0,2.0,2.0,0.0,0.0,0.0,0.0,3.0,3.0,0.0,0.0,0.0,0.0,0.0,0.0,0.0,6.769193214381727,6.769193214381727,0.0
regression,ppo,43,regression_05,window_us_101_off30672_len24_t1118847021000_1118847023300,j_1054473,us_101,30672,24,1118847021000,1118847023300,True,0.0,0.0,0.0,1.0,1.0,0.0,1.0,1.0,0.0,0.0,0.0,0.0,0.0,0.0,0.0,0.0,0.0,0.0,1.0,1.0,0.0,59.249866208,59.249866208,0.0,1.426401,1.426401,0.0,0.0,0.0,0.0,0.0,0.0,0.0,1.426401,1.426401,0.0,0.0,0.0,0.0,0.0,0.0,0.0,0.0,0.0,0.0,0.0,0.0,0.0,0.0,0.0,0.0,5.0,5.0,0.0,0.0,0.0,0.0,0.0,0.0,0.0,5.259346483634123,5.259346483634123,0.0
regression,ppo,43,regression_06,window_us_101_off31096_len24_t1118847063400_1118847065700,j_10812,us_101,31096,24,1118847063400,1118847065700,True,0.0,0.0,0.0,1.0,1.0,0.0,1.0,1.0,0.0,0.0,0.0,0.0,0.0,0.0,0.0,0.0,0.0,0.0,1.0,1.0,0.0,57.368636232,57.368636232,0.0,1.146904,1.146904,0.0,0.0,0.0,0.0,0.0,0.0,0.0,1.146904,1.146904,0.0,0.0,0.0,0.0,0.0,0.0,0.0,0.0,0.0,0.0,0.0,0.0,0.0,0.0,0.0,0.0,5.0,5.0,0.0,0.0,0.0,0.0,0.0,0.0,0.0,5.409975032646941,5.409975032646941,0.0
regression,ppo,43,regression_07,window_us_101_off32096_len24_t1118847163400_1118847165700,j_1055583,us_101,32096,24,1118847163400,1118847165700,True,0.0,0.0,0.0,1.0,1.0,0.0,1.0,1.0,0.0,0.0,0.0,0.0,0.0,0.0,0.0,0.0,0.0,0.0,1.0,1.0,0.0,143.27109492000002,143.27109492000002,0.0,3.411798,3.411798,0.0,0.0,0.0,0.0,0.0,0.0,0.0,3.411798,3.411798,0.0,0.0,0.0,0.0,0.0,0.0,0.0,0.0,0.0,0.0,0.0,0.0,0.0,0.0,0.0,0.0,12.0,12.0,0.0,0.0,0.0,0.0,0.0,0.0,0.0,12.536723664151285,12.536723664151285,0.0
regression,ppo,43,regression_08,window_us_101_off35256_len24_t1118847479400_1118847481700,j_1081406,us_101,35256,24,1118847479400,1118847481700,True,0.0,0.0,0.0,1.0,1.0,0.0,0.0,0.0,0.0,0.0,0.0,0.0,0.0,0.0,0.0,0.0,0.0,0.0,1.0,1.0,0.0,45.18812866058675,45.18812866058675,0.0,0.578271,0.578271,0.0,0.0,0.0,0.0,0.0,0.0,0.0,0.578271,0.578271,0.0,10.763701492586744,10.763701492586744,0.0,0.0,0.0,0.0,0.0,0.0,0.0,4.0,4.0,0.0,0.0,0.0,0.0,2.0,2.0,0.0,0.0,0.0,0.0,0.0,0.0,0.0,8.38468042873479,8.38468042873479,0.0
regression,ppo,43,regression_09,window_us_101_off35416_len24_t1118847495400_1118847497700,j_1061152,us_101,35416,24,1118847495400,1118847497700,True,0.0,0.0,0.0,1.0,1.0,0.0,0.0,0.0,0.0,0.0,0.0,0.0,0.0,0.0,0.0,0.0,0.0,0.0,1.0,1.0,0.0,94.78935889358235,94.78935889358235,0.0,1.831189,1.831189,0.0,0.0,0.0,0.0,0.0,0.0,0.0,1.831189,1.831189,0.0,4.315814333582334,4.315814333582334,0.0,0.0,0.0,0.0,0.0,0.0,0.0,3.0,3.0,0.0,0.0,0.0,0.0,6.0,6.0,0.0,0.0,0.0,0.0,0.0,0.0,0.0,10.415998574686368,10.415998574686368,0.0
regression,ppo,43,regression_10,window_us_101_off35648_len24_t1118847518600_1118847520900,j_1090155,us_101,35648,24,1118847518600,1118847520900,True,0.0,0.0,0.0,1.0,1.0,0.0,1.0,1.0,0.0,0.0,0.0,0.0,0.0,0.0,0.0,0.0,0.0,0.0,1.0,1.0,0.0,89.4035714450221,89.4035714450221,0.0,1.416764,1.416764,0.0,0.0,0.0,0.0,0.0,0.0,0.0,1.416764,1.416764,0.0,51.25028033302209,51.25028033302209,0.0,0.0,0.0,0.0,0.0,0.0,0.0,3.0,3.0,0.0,0.0,0.0,0.0,2.0,2.0,0.0,0.0,0.0,0.0,0.0,0.0,0.0,2.8470545522501807,2.8470545522501807,0.0
regression,ppo,43,regression_11,window_us_101_off37040_len24_t1118847657800_1118847660100,j_1064718,us_101,37040,24,1118847657800,1118847660100,True,0.0,0.0,0.0,1.0,1.0,0.0,0.0,0.0,0.0,0.0,0.0,0.0,0.0,0.0,0.0,0.0,0.0,0.0,1.0,1.0,0.0,51.12233822399999,51.12233822399999,0.0,0.771028,0.771028,0.0,0.0,0.0,0.0,0.0,0.0,0.0,0.771028,0.771028,0.0,0.0,0.0,0.0,0.0,0.0,0.0,0.0,0.0,0.0,1.0,1.0,0.0,0.0,0.0,0.0,4.0,4.0,0.0,0.0,0.0,0.0,0.0,0.0,0.0,5.90985390418897,5.90985390418897,0.0
regression,ppo,61,regression_00,window_lankershim_off4000_len24_t1118936085200_1118936087500,j_1066618,lankershim,4000,24,1118936085200,1118936087500,True,1.0,1.0,0.0,1.0,1.0,0.0,0.0,0.0,0.0,0.0,0.0,0.0,0.0,0.0,0.0,0.0,0.0,0.0,1.0,1.0,0.0,50.463140403164665,42.980663471999996,-7.482476931164669,20.230592,155.175184,134.944592,19.283888,154.423432,135.139544,0.002195,0.0,-0.002195,0.944509,0.751752,-0.19275700000000007,8.631628667164668,0.0,-8.631628667164668,0.0,0.0,0.0,0.0,0.0,0.0,0.0,3.0,3.0,2.0,0.0,-2.0,2.0,2.0,0.0,0.0,0.0,0.0,1.0,0.0,-1.0,9.95352816423311,10.489287846300346,0.535759682067237
regression,ppo,61,regression_01,window_lankershim_off7904_len24_t1118936475600_1118936477900,j_1052341,lankershim,7904,24,1118936475600,1118936477900,True,1.0,1.0,0.0,1.0,1.0,0.0,0.0,0.0,0.0,0.0,0.0,0.0,0.0,0.0,0.0,0.0,0.0,0.0,1.0,1.0,0.0,55.4309570528256,62.605820772825595,7.174863719999998,10.93094,0.568633,-10.362307,9.641944,0.0,-9.641944,0.91312,0.0,-0.91312,0.375876,0.568633,0.19275700000000007,13.358471452825595,13.358471452825595,0.0,0.0,0.0,0.0,0.0,0.0,0.0,2.0,7.0,5.0,1.0,0.0,-1.0,0.0,1.0,1.0,0.0,0.0,0.0,5.0,0.0,-5.0,15.560433320182069,14.991269547799167,-0.5691637723829022
regression,ppo,61,regression_02,window_lankershim_off14008_len24_t1118937086000_1118937088300,j_1077564,lankershim,14008,24,1118937086000,1118937088300,True,0.0,0.0,0.0,1.0,1.0,0.0,1.0,1.0,0.0,0.0,0.0,0.0,0.0,0.0,0.0,0.0,0.0,0.0,1.0,1.0,0.0,124.34296616474698,102.45202541516467,-21.890940749582313,3220.297958,1170.962406,-2049.335552,3218.784816,1169.449264,-2049.3355519999996,0.0,0.0,0.0,1.513142,1.513142,0.0,39.921275500746994,35.60546116716467,-4.315814333582324,0.0,0.0,0.0,0.0,0.0,0.0,1.0,4.0,3.0,3.0,0.0,-3.0,3.0,3.0,0.0,0.0,0.0,0.0,0.0,0.0,0.0,2.5529946141834765,5.2585661054198996,2.705571491236423
regression,ppo,61,regression_03,window_lankershim_off17976_len24_t1118937482800_1118937485100,j_1053611,lankershim,17976,24,1118937482800,1118937485100,True,1.0,1.0,0.0,1.0,1.0,0.0,0.0,0.0,0.0,0.0,0.0,0.0,0.0,0.0,0.0,0.0,0.0,0.0,1.0,1.0,0.0,76.163606488,85.6641892,9.500582711999996,1026.314686,1170.76965,144.45496400000002,1024.667776,1169.449264,144.78148800000008,0.7024,0.0,-0.7024,0.94451,1.320386,0.3758760000000001,7.193022,7.193022,0.0,0.0,0.0,0.0,0.0,0.0,0.0,3.0,8.0,5.0,2.0,0.0,-2.0,1.0,2.0,1.0,0.0,0.0,0.0,4.0,0.0,-4.0,17.4289964630944,16.601682761640166,-0.8273137014542336
regression,ppo,61,regression_04,window_peachtree_off22888_len24_t1163316300_1163318600,j_1080918,peachtree,22888,24,1163316300,1163318600,True,0.0,1.0,1.0,1.0,1.0,0.0,0.0,0.0,0.0,0.0,0.0,0.0,0.0,0.0,0.0,0.0,0.0,0.0,1.0,1.0,0.0,73.07199521358234,28.669822893582335,-44.402172320000005,164.643647,0.385514,-164.258133,164.065376,0.0,-164.065376,0.0,0.0,0.0,0.578271,0.385514,-0.19275699999999996,33.087902333582335,4.315814333582334,-28.772088,0.0,0.0,0.0,0.0,0.0,0.0,0.0,4.0,4.0,2.0,0.0,-2.0,2.0,1.0,-1.0,1.0,0.0,-1.0,0.0,0.0,0.0,4.077572210304353,11.706234649567898,7.628662439263546
regression,ppo,61,regression_05,window_us_101_off30672_len24_t1118847021000_1118847023300,j_1054473,us_101,30672,24,1118847021000,1118847023300,True,1.0,1.0,0.0,1.0,1.0,0.0,0.0,0.0,0.0,0.0,0.0,0.0,0.0,0.0,0.0,0.0,0.0,0.0,1.0,1.0,0.0,30.995299709773906,38.58224553377391,7.586945824000001,29.221552,19.76578,-9.455772,28.925832,19.283888,-9.641943999999999,0.006585,0.0,-0.006585,0.289135,0.481892,0.192757,10.628496293773907,10.628496293773907,0.0,0.0,0.0,0.0,0.0,0.0,0.0,1.0,4.0,3.0,2.0,0.0,-2.0,0.0,1.0,1.0,0.0,0.0,0.0,2.0,0.0,-2.0,11.506768677696638,10.904216198738645,-0.6025524789579926
regression,ppo,61,regression_06,window_us_101_off31096_len24_t1118847063400_1118847065700,j_10812,us_101,31096,24,1118847063400,1118847065700,True,0.0,1.0,1.0,1.0,1.0,0.0,0.0,0.0,0.0,0.0,0.0,0.0,0.0,0.0,0.0,0.0,0.0,0.0,1.0,1.0,0.0,63.49382498716467,37.63990150158234,-25.853923485582335,1025.05329,0.578271,-1024.475019,1024.667776,0.0,-1024.667776,0.0,0.0,0.0,0.385514,0.578271,0.19275699999999996,37.40371666716467,4.315814333582334,-33.08790233358234,0.0,0.0,0.0,0.0,0.0,0.0,0.0,3.0,3.0,2.0,0.0,-2.0,0.0,2.0,2.0,3.0,0.0,-3.0,0.0,0.0,0.0,4.443166366446393,10.98853860145514,6.545372235008747
regression,ppo,61,regression_07,window_us_101_off32096_len24_t1118847163400_1118847165700,j_1055583,us_101,32096,24,1118847163400,1118847165700,True,0.0,0.0,0.0,1.0,1.0,0.0,1.0,1.0,0.0,0.0,0.0,0.0,0.0,0.0,0.0,0.0,0.0,0.0,1.0,1.0,0.0,127.2083496,127.2083496,0.0,2.843165,2.843165,0.0,0.0,0.0,0.0,0.0,0.0,0.0,2.843165,2.843165,0.0,0.0,0.0,0.0,0.0,0.0,0.0,0.0,0.0,0.0,0.0,2.0,2.0,2.0,0.0,-2.0,10.0,10.0,0.0,0.0,0.0,0.0,0.0,0.0,0.0,13.82200808012607,13.82200808012607,0.0
regression,ppo,61,regression_08,window_us_101_off35256_len24_t1118847479400_1118847481700,j_1081406,us_101,35256,24,1118847479400,1118847481700,True,0.0,0.0,0.0,1.0,1.0,0.0,0.0,0.0,0.0,0.0,0.0,0.0,0.0,0.0,0.0,0.0,0.0,0.0,1.0,1.0,0.0,85.91762776495439,45.18812866058675,-40.72949910436764,164.838599,0.578271,-164.260328,164.065376,0.0,-164.065376,0.002195,0.0,-0.002195,0.771028,0.578271,-0.19275700000000007,41.09494697295439,10.763701492586744,-30.331245480367645,0.0,0.0,0.0,0.0,0.0,0.0,0.0,4.0,4.0,2.0,0.0,-2.0,3.0,2.0,-1.0,0.0,0.0,0.0,1.0,0.0,-1.0,5.049830824595306,8.38468042873479,3.3348496041394835
regression,ppo,61,regression_09,window_us_101_off35416_len24_t1118847495400_1118847497700,j_1061152,us_101,35416,24,1118847495400,1118847497700,True,1.0,1.0,0.0,1.0,1.0,0.0,0.0,0.0,0.0,0.0,0.0,0.0,0.0,0.0,0.0,0.0,0.0,0.0,1.0,1.0,0.0,50.74695359999999,80.05597080679118,29.30901720679119,174.79604,10.991241,-163.804799,173.70732,9.641944,-164.06537600000001,1.08872,0.0,-1.08872,0.0,1.349297,1.349297,0.0,12.947440166791168,12.947440166791168,0.0,0.0,0.0,0.0,0.0,0.0,0.0,6.0,6.0,3.0,0.0,-3.0,0.0,3.0,3.0,0.0,0.0,0.0,6.0,0.0,-6.0,17.858847962997302,15.590404140023535,-2.268443822973767
regression,ppo,61,regression_10,window_us_101_off35648_len24_t1118847518600_1118847520900,j_1090155,us_101,35648,24,1118847518600,1118847520900,True,0.0,0.0,0.0,1.0,1.0,0.0,0.0,0.0,0.0,0.0,0.0,0.0,0.0,0.0,0.0,0.0,0.0,0.0,1.0,1.0,0.0,105.22876037962652,54.94543840520884,-50.28332197441768,1026.086735,0.944509,-1025.1422260000002,1024.667776,0.0,-1024.667776,0.002195,0.0,-0.002195,1.416764,0.944509,-0.47225499999999987,58.26347649962651,24.815925333208835,-33.44755116641768,0.0,0.0,0.0,0.0,0.0,0.0,0.0,4.0,4.0,2.0,0.0,-2.0,2.0,1.0,-1.0,0.0,0.0,0.0,1.0,0.0,-1.0,1.1038902997203834,5.603925106306479,4.500034806586096
regression,ppo,61,regression_11,window_us_101_off37040_len24_t1118847657800_1118847660100,j_1064718,us_101,37040,24,1118847657800,1118847660100,True,0.0,0.0,0.0,1.0,1.0,0.0,0.0,0.0,0.0,0.0,0.0,0.0,0.0,0.0,0.0,0.0,0.0,0.0,1.0,1.0,0.0,54.729525976000005,48.237193223999995,-6.49233275200001,1025.597247,1169.834778,144.237531,1024.667776,1169.449264,144.78148800000008,0.3512,0.0,-0.3512,0.578271,0.385514,-0.19275699999999996,10.789533,10.789533,0.0,0.0,0.0,0.0,0.0,0.0,0.0,0.0,4.0,4.0,1.0,0.0,-1.0,2.0,1.0,-1.0,0.0,0.0,0.0,2.0,0.0,-2.0,5.144056987622707,5.596277773419156,0.45222078579644887
regression,ppo,7,regression_00,window_lankershim_off4000_len24_t1118936085200_1118936087500,j_1066618,lankershim,4000,24,1118936085200,1118936087500,True,1.0,1.0,0.0,1.0,1.0,0.0,0.0,0.0,0.0,1.0,0.0,-1.0,5.0,0.0,-5.0,10.0,0.0,-10.0,1.0,1.0,0.0,39.794816376,49.035643072,9.240826696,328.143922,0.944509,-327.199413,328.130752,0.0,-328.130752,0.01317,0.0,-0.01317,0.0,0.944509,0.944509,0.0,0.0,0.0,5.0,0.0,-5.0,2.0,0.0,-2.0,0.0,0.0,0.0,0.0,0.0,0.0,0.0,3.0,3.0,0.0,2.0,2.0,10.0,0.0,-10.0,-4.336389231220731,10.076708732963187,14.413097964183919
regression,ppo,7,regression_01,window_lankershim_off7904_len24_t1118936475600_1118936477900,j_1052341,lankershim,7904,24,1118936475600,1118936477900,True,1.0,1.0,0.0,1.0,1.0,0.0,0.0,0.0,0.0,0.0,0.0,0.0,0.0,0.0,0.0,0.0,0.0,0.0,1.0,1.0,0.0,71.5164088128256,73.31009464,1.7936858271744,11.456934,1.137266,-10.319668,9.641944,0.0,-9.641944,1.0536,0.0,-1.0536,0.76139,1.137266,0.3758760000000001,13.358471452825595,0.0,-13.358471452825595,0.0,0.0,0.0,0.0,0.0,0.0,0.0,0.0,0.0,0.0,0.0,0.0,2.0,4.0,2.0,0.0,4.0,4.0,6.0,0.0,-6.0,14.273352244338913,14.134662848050429,-0.1386893962884841
regression,ppo,7,regression_02,window_lankershim_off14008_len24_t1118937086000_1118937088300,j_1077564,lankershim,14008,24,1118937086000,1118937088300,False,0.0,1.0,1.0,0.0,1.0,1.0,1.0,0.0,-1.0,1.0,0.0,-1.0,9.0,0.0,-9.0,18.0,0.0,-18.0,0.7142857142857143,1.0,0.2857142857142857,105.14173369032935,80.525714216,-24.61601947432935,2194.888857,2.457652,-2192.431205,2194.11704,0.0,-2194.11704,0.010427,0.0,-0.010427,0.76139,2.457652,1.696262,44.237089834329325,0.0,-44.237089834329325,12.0,0.0,-12.0,5.0,0.0,-5.0,0.0,0.0,0.0,0.0,0.0,0.0,0.0,6.0,6.0,0.0,1.0,1.0,14.0,0.0,-14.0,-26.43341346587438,11.556798429325926,37.990211895200304
regression,ppo,7,regression_03,window_lankershim_off17976_len24_t1118937482800_1118937485100,j_1053611,lankershim,17976,24,1118937482800,1118937485100,True,1.0,1.0,0.0,1.0,1.0,0.0,0.0,0.0,0.0,0.0,0.0,0.0,0.0,0.0,0.0,0.0,0.0,0.0,1.0,1.0,0.0,100.258240456,108.904767272,8.646526816000005,1027.592432,1171.714159,144.1217270000002,1024.667776,1169.449264,144.78148800000008,0.84288,0.0,-0.84288,2.081776,2.264895,0.18311900000000003,7.193022,14.386044,7.193022,1.0,0.0,-1.0,0.0,0.0,0.0,0.0,1.0,1.0,0.0,0.0,0.0,4.0,4.0,0.0,0.0,5.0,5.0,6.0,0.0,-6.0,15.50083074880719,14.741996694603353,-0.7588340542038363
regression,ppo,7,regression_04,window_peachtree_off22888_len24_t1163316300_1163318600,j_1080918,peachtree,22888,24,1163316300,1163318600,True,0.0,0.0,0.0,1.0,1.0,0.0,0.0,0.0,0.0,0.0,0.0,0.0,0.0,0.0,0.0,0.0,0.0,0.0,1.0,1.0,0.0,53.75772522716467,40.381718840000005,-13.376006387164665,0.385514,0.578271,0.19275699999999996,0.0,0.0,0.0,0.0,0.0,0.0,0.385514,0.578271,0.19275699999999996,37.403716667164666,0.0,-37.403716667164666,5.0,0.0,-5.0,0.0,0.0,0.0,0.0,0.0,0.0,0.0,0.0,0.0,0.0,3.0,3.0,0.0,2.0,2.0,5.0,0.0,-5.0,5.699202462881312,6.769193214381727,1.0699907515004154
regression,ppo,7,regression_05,window_us_101_off30672_len24_t1118847021000_1118847023300,j_1054473,us_101,30672,24,1118847021000,1118847023300,True,1.0,0.0,-1.0,1.0,1.0,0.0,0.0,0.0,0.0,1.0,0.0,-1.0,2.0,0.0,-2.0,4.0,0.0,-4.0,1.0,1.0,0.0,24.440786023999998,43.589571744,19.14878572,29.314878,10.316593,-18.998285000000003,28.925832,9.641944,-19.283887999999997,0.01317,0.0,-0.01317,0.375876,0.674649,0.29877300000000007,0.0,0.0,0.0,2.0,0.0,-2.0,2.0,0.0,-2.0,0.0,1.0,1.0,0.0,0.0,0.0,0.0,3.0,3.0,0.0,1.0,1.0,7.0,0.0,-7.0,6.031086314253252,6.50803022250299,0.476943908249738
regression,ppo,7,regression_06,window_us_101_off31096_len24_t1118847063400_1118847065700,j_10812,us_101,31096,24,1118847063400,1118847065700,True,0.0,0.0,0.0,1.0,1.0,0.0,0.0,0.0,0.0,0.0,0.0,0.0,0.0,0.0,0.0,0.0,0.0,0.0,1.0,1.0,0.0,54.70626177916468,41.324087168,-13.382174611164679,0.385514,0.578271,0.19275699999999996,0.0,0.0,0.0,0.0,0.0,0.0,0.385514,0.578271,0.19275699999999996,37.40371666716467,0.0,-37.40371666716467,5.0,0.0,-5.0,0.0,0.0,0.0,0.0,0.0,0.0,0.0,0.0,0.0,0.0,3.0,3.0,0.0,2.0,2.0,5.0,0.0,-5.0,5.6233195387213115,6.693803748141726,1.0704842094204148
regression,ppo,7,regression_07,window_us_101_off32096_len24_t1118847163400_1118847165700,j_1055583,us_101,32096,24,1118847163400,1118847165700,False,0.0,0.0,0.0,0.0,1.0,1.0,0.0,1.0,1.0,1.0,0.0,-1.0,16.0,0.0,-16.0,32.0,0.0,-32.0,0.6666666666666666,1.0,0.33333333333333337,63.01184428,127.2083496,64.19650532,154.423432,2.843165,-151.580267,154.423432,0.0,-154.423432,0.0,0.0,0.0,0.0,2.843165,2.843165,0.0,0.0,0.0,22.0,0.0,-22.0,4.0,0.0,-4.0,0.0,0.0,0.0,0.0,0.0,0.0,0.0,10.0,10.0,0.0,2.0,2.0,24.0,0.0,-24.0,-37.112856556535604,13.82200808012607,50.93486463666167
regression,ppo,7,regression_08,window_us_101_off35256_len24_t1118847479400_1118847481700,j_1081406,us_101,35256,24,1118847479400,1118847481700,True,0.0,0.0,0.0,1.0,1.0,0.0,1.0,0.0,-1.0,1.0,0.0,-1.0,5.0,0.0,-5.0,10.0,0.0,-10.0,1.0,1.0,0.0,74.22844459975143,45.18812866058675,-29.040315939164678,328.53218,0.578271,-327.953909,328.130752,0.0,-328.130752,0.015914,0.0,-0.015914,0.385514,0.578271,0.19275699999999996,40.974396159751414,10.763701492586744,-30.21069466716467,5.0,0.0,-5.0,2.0,0.0,-2.0,0.0,0.0,0.0,0.0,0.0,0.0,0.0,2.0,2.0,0.0,4.0,4.0,11.0,0.0,-11.0,-9.091260285840931,8.38468042873479,17.47594071457572
regression,ppo,7,regression_09,window_us_101_off35416_len24_t1118847495400_1118847497700,j_1061152,us_101,35416,24,1118847495400,1118847497700,True,1.0,0.0,-1.0,1.0,1.0,0.0,0.0,0.0,0.0,0.0,0.0,0.0,0.0,0.0,0.0,0.0,0.0,0.0,1.0,1.0,0.0,50.838452,94.78935889358235,43.95090689358235,175.2526,1.831189,-173.421411,173.70732,0.0,-173.70732,1.54528,0.0,-1.54528,0.0,1.831189,1.831189,0.0,4.315814333582334,4.315814333582334,0.0,0.0,0.0,0.0,0.0,0.0,0.0,0.0,0.0,0.0,0.0,0.0,0.0,6.0,6.0,0.0,3.0,3.0,9.0,0.0,-9.0,17.851315488679973,10.415998574686368,-7.435316913993605
regression,ppo,7,regression_10,window_us_101_off35648_len24_t1118847518600_1118847520900,j_1090155,us_101,35648,24,1118847518600,1118847520900,False,0.0,1.0,1.0,0.0,1.0,1.0,1.0,0.0,-1.0,1.0,0.0,-1.0,6.0,0.0,-6.0,12.0,0.0,-12.0,0.8,1.0,0.19999999999999996,66.23595972520883,46.153291112000005,-20.082668613208824,1025.240799,1.416764,-1023.824035,1024.667776,0.0,-1024.667776,0.00439,0.0,-0.00439,0.568633,1.416764,0.8481309999999999,24.815925333208835,0.0,-24.815925333208835,9.0,0.0,-9.0,4.0,0.0,-4.0,0.0,0.0,0.0,0.0,0.0,0.0,0.0,3.0,3.0,0.0,2.0,2.0,10.0,0.0,-10.0,-15.776291728279462,10.30707697889195,26.08336870717141
regression,ppo,7,regression_11,window_us_101_off37040_len24_t1118847657800_1118847660100,j_1064718,us_101,37040,24,1118847657800,1118847660100,True,0.0,0.0,0.0,1.0,1.0,0.0,0.0,0.0,0.0,1.0,0.0,-1.0,2.0,0.0,-2.0,4.0,0.0,-4.0,1.0,1.0,0.0,75.10667446400001,51.12233822399999,-23.98433624000002,1025.562933,0.771028,-1024.791905,1024.667776,0.0,-1024.667776,0.7024,0.0,-0.7024,0.192757,0.771028,0.578271,43.158132,0.0,-43.158132,3.0,0.0,-3.0,1.0,0.0,-1.0,0.0,0.0,0.0,0.0,0.0,0.0,0.0,4.0,4.0,0.0,1.0,1.0,7.0,0.0,-7.0,-2.486098912715881,5.90985390418897,8.39595281690485
regression,sa_ghmappo,17,regression_00,window_lankershim_off4000_len24_t1118936085200_1118936087500,j_1066618,lankershim,4000,24,1118936085200,1118936087500,True,1.0,1.0,0.0,1.0,1.0,0.0,0.0,0.0,0.0,1.0,0.0,-1.0,5.0,0.0,-5.0,10.0,0.0,-10.0,1.0,1.0,0.0,39.794816376,37.94156713916466,-1.8532492368353388,328.143922,318.864684,-9.279237999999964,328.130752,318.488808,-9.641943999999967,0.01317,0.0,-0.01317,0.0,0.375876,0.375876,0.0,8.631628667164668,8.631628667164668,5.0,0.0,-5.0,2.0,0.0,-2.0,0.0,3.0,3.0,0.0,0.0,0.0,0.0,0.0,0.0,0.0,2.0,2.0,10.0,0.0,-10.0,-4.336389231220731,10.816191689638412,15.152580920859144
regression,sa_ghmappo,17,regression_01,window_lankershim_off7904_len24_t1118936475600_1118936477900,j_1052341,lankershim,7904,24,1118936475600,1118936477900,True,1.0,1.0,0.0,1.0,1.0,0.0,0.0,0.0,0.0,0.0,0.0,0.0,0.0,0.0,0.0,0.0,0.0,0.0,1.0,1.0,0.0,55.460988252825594,54.676632892825594,-0.7843553599999993,11.07142,1.008036,-10.063384,9.641944,0.0,-9.641944,1.0536,0.63216,-0.42144000000000004,0.375876,0.375876,0.0,13.358471452825595,13.358471452825595,0.0,0.0,0.0,0.0,0.0,0.0,0.0,2.0,0.0,-2.0,0.0,0.0,0.0,0.0,0.0,0.0,0.0,5.0,5.0,6.0,3.0,-3.0,15.557965408084428,15.62539996523254,0.06743455714811297
regression,sa_ghmappo,17,regression_02,window_lankershim_off14008_len24_t1118937086000_1118937088300,j_1077564,lankershim,14008,24,1118937086000,1118937088300,False,0.0,0.0,0.0,0.0,1.0,1.0,1.0,0.0,-1.0,1.0,0.0,-1.0,9.0,0.0,-9.0,18.0,0.0,-18.0,0.7142857142857143,1.0,0.2857142857142857,105.14173369032935,139.69137829674702,34.54964460641767,2194.888857,3363.950412,1169.0615550000002,2194.11704,3363.566304,1169.4492639999999,0.010427,0.008232,-0.0021950000000000008,0.76139,0.375876,-0.385514,44.237089834329325,77.684641000747,33.44755116641768,12.0,0.0,-12.0,5.0,0.0,-5.0,0.0,3.0,3.0,0.0,0.0,0.0,0.0,0.0,0.0,0.0,1.0,1.0,14.0,3.0,-11.0,-26.43341346587438,1.258228256968919,27.6916417228433
regression,sa_ghmappo,17,regression_03,window_lankershim_off17976_len24_t1118937482800_1118937485100,j_1053611,lankershim,17976,24,1118937482800,1118937485100,True,1.0,1.0,0.0,1.0,1.0,0.0,0.0,0.0,0.0,0.0,0.0,0.0,0.0,0.0,0.0,0.0,0.0,0.0,1.0,1.0,0.0,78.5337704,67.35050744,-11.183262959999993,2195.432175,1.50643,-2193.925745,2194.11704,0.0,-2194.11704,0.84288,0.56192,-0.28096,0.472255,0.94451,0.472255,7.193022,7.193022,0.0,1.0,0.0,-1.0,0.0,0.0,0.0,4.0,0.0,-4.0,0.0,0.0,0.0,0.0,1.0,1.0,0.0,6.0,6.0,6.0,3.0,-3.0,16.69497059519267,18.611257918666958,1.916287323474286
regression,sa_ghmappo,17,regression_04,window_peachtree_off22888_len24_t1163316300_1163318600,j_1080918,peachtree,22888,24,1163316300,1163318600,True,0.0,0.0,0.0,1.0,1.0,0.0,0.0,0.0,0.0,0.0,0.0,0.0,0.0,0.0,0.0,0.0,0.0,0.0,1.0,1.0,0.0,53.75772522716467,53.75772522716467,0.0,0.385514,0.385514,0.0,0.0,0.0,0.0,0.0,0.0,0.0,0.385514,0.385514,0.0,37.403716667164666,37.40371666716467,7.105427357601002e-15,5.0,2.0,-3.0,0.0,0.0,0.0,0.0,0.0,0.0,0.0,0.0,0.0,0.0,0.0,0.0,0.0,3.0,3.0,5.0,2.0,-3.0,5.699202462881312,5.699202462881311,-8.881784197001252e-16
regression,sa_ghmappo,17,regression_05,window_us_101_off30672_len24_t1118847021000_1118847023300,j_1054473,us_101,30672,24,1118847021000,1118847023300,True,1.0,1.0,0.0,1.0,1.0,0.0,0.0,0.0,0.0,1.0,0.0,-1.0,2.0,0.0,-2.0,4.0,0.0,-4.0,1.0,1.0,0.0,24.440786023999998,30.609580157773905,6.168794133773908,29.314878,19.579608,-9.73527,28.925832,19.283888,-9.641943999999999,0.01317,0.006585,-0.006585,0.375876,0.289135,-0.08674100000000001,0.0,10.628496293773907,10.628496293773907,2.0,0.0,-2.0,2.0,0.0,-2.0,0.0,2.0,2.0,0.0,0.0,0.0,0.0,0.0,0.0,0.0,1.0,1.0,7.0,2.0,-5.0,6.031086314253252,11.542116121911828,5.511029807658576
regression,sa_ghmappo,17,regression_06,window_us_101_off31096_len24_t1118847063400_1118847065700,j_10812,us_101,31096,24,1118847063400,1118847065700,True,0.0,0.0,0.0,1.0,1.0,0.0,0.0,0.0,0.0,0.0,0.0,0.0,0.0,0.0,0.0,0.0,0.0,0.0,1.0,1.0,0.0,54.70626177916468,54.70626177916468,0.0,0.385514,0.385514,0.0,0.0,0.0,0.0,0.0,0.0,0.0,0.385514,0.385514,0.0,37.40371666716467,37.40371666716467,0.0,5.0,2.0,-3.0,0.0,0.0,0.0,0.0,1.0,1.0,0.0,0.0,0.0,0.0,0.0,0.0,0.0,2.0,2.0,5.0,2.0,-3.0,5.6233195387213115,5.6233195387213115,0.0
regression,sa_ghmappo,17,regression_07,window_us_101_off32096_len24_t1118847163400_1118847165700,j_1055583,us_101,32096,24,1118847163400,1118847165700,False,0.0,0.0,0.0,0.0,1.0,1.0,0.0,1.0,1.0,1.0,0.0,-1.0,16.0,0.0,-16.0,32.0,0.0,-32.0,0.6666666666666666,1.0,0.33333333333333337,63.01184428,218.28381400724544,155.27196972724545,154.423432,2504.59285,2350.169418,154.423432,2502.963904,2348.540472,0.0,0.49168,0.49168,0.0,1.137266,1.137266,0.0,68.01127000724543,68.01127000724543,22.0,0.0,-22.0,4.0,0.0,-4.0,0.0,8.0,8.0,0.0,0.0,0.0,0.0,0.0,0.0,0.0,2.0,2.0,24.0,2.0,-22.0,-37.112856556535604,5.371002948707605,42.48385950524321
regression,sa_ghmappo,17,regression_08,window_us_101_off35256_len24_t1118847479400_1118847481700,j_1081406,us_101,35256,24,1118847479400,1118847481700,True,0.0,1.0,1.0,1.0,1.0,0.0,1.0,0.0,-1.0,1.0,0.0,-1.0,5.0,0.0,-5.0,10.0,0.0,-10.0,1.0,1.0,0.0,74.22844459975143,31.546194460586747,-42.68225013916468,328.53218,164.263621,-164.26855899999998,328.130752,164.065376,-164.065376,0.015914,0.005488,-0.010426000000000001,0.385514,0.192757,-0.192757,40.974396159751414,10.763701492586744,-30.21069466716467,5.0,0.0,-5.0,2.0,0.0,-2.0,0.0,2.0,2.0,0.0,0.0,0.0,0.0,0.0,0.0,0.0,2.0,2.0,11.0,2.0,-9.0,-9.091260285840931,13.399813233940371,22.491073519781303
regression,sa_ghmappo,17,regression_09,window_us_101_off35416_len24_t1118847495400_1118847497700,j_1061152,us_101,35416,24,1118847495400,1118847497700,True,1.0,1.0,0.0,1.0,1.0,0.0,0.0,0.0,0.0,0.0,0.0,0.0,0.0,0.0,0.0,0.0,0.0,0.0,1.0,1.0,0.0,50.838452,71.56401412,20.72556212,175.2526,165.012003,-10.240597000000008,173.70732,164.065376,-9.641944000000024,1.54528,0.1756,-1.36968,0.0,0.771027,0.771027,0.0,21.579066000000005,21.579066000000005,0.0,0.0,0.0,0.0,0.0,0.0,0.0,4.0,4.0,0.0,0.0,0.0,0.0,0.0,0.0,0.0,4.0,4.0,9.0,1.0,-8.0,17.851315488679973,16.198039168661793,-1.653276320018179
regression,sa_ghmappo,17,regression_10,window_us_101_off35648_len24_t1118847518600_1118847520900,j_1090155,us_101,35648,24,1118847518600,1118847520900,False,0.0,1.0,1.0,0.0,1.0,1.0,1.0,0.0,-1.0,1.0,0.0,-1.0,6.0,0.0,-6.0,12.0,0.0,-12.0,0.8,1.0,0.19999999999999996,66.23595972520883,46.971303685208845,-19.264656039999984,1025.240799,0.574669,-1024.6661299999998,1024.667776,0.0,-1024.667776,0.00439,0.006036,0.001646,0.568633,0.568633,0.0,24.815925333208835,24.815925333208835,0.0,9.0,0.0,-9.0,4.0,0.0,-4.0,0.0,0.0,0.0,0.0,0.0,0.0,0.0,0.0,0.0,0.0,3.0,3.0,10.0,2.0,-8.0,-15.776291728279462,10.242028104076978,26.01831983235644
regression,sa_ghmappo,17,regression_11,window_us_101_off37040_len24_t1118847657800_1118847660100,j_1064718,us_101,37040,24,1118847657800,1118847660100,True,0.0,0.0,0.0,1.0,1.0,0.0,0.0,0.0,0.0,1.0,0.0,-1.0,2.0,0.0,-2.0,4.0,0.0,-4.0,1.0,1.0,0.0,75.10667446400001,92.208705232,17.10203076799999,1025.562933,2194.678154,1169.1152210000002,1024.667776,2194.11704,1169.449264,0.7024,0.1756,-0.5268,0.192757,0.385514,0.192757,43.158132,53.947665,10.789532999999999,3.0,0.0,-3.0,1.0,0.0,-1.0,0.0,3.0,3.0,0.0,0.0,0.0,0.0,0.0,0.0,0.0,1.0,1.0,7.0,1.0,-6.0,-2.486098912715881,1.6013269270221864,4.087425839738067
regression,sa_ghmappo,29,regression_00,window_lankershim_off4000_len24_t1118936085200_1118936087500,j_1066618,lankershim,4000,24,1118936085200,1118936087500,True,0.0,0.0,0.0,1.0,1.0,0.0,0.0,0.0,0.0,1.0,1.0,0.0,2.0,2.0,0.0,4.0,4.0,0.0,1.0,1.0,0.0,77.49879322965023,77.52322718165023,0.02443395199999543,10.210577,10.213321,0.0027439999999998577,9.641944,9.641944,0.0,0.0,0.002744,0.002744,0.568633,0.568633,0.0,48.100437613650236,48.10043761365023,-7.105427357601002e-15,0.0,2.0,2.0,1.0,1.0,0.0,1.0,1.0,0.0,0.0,0.0,0.0,0.0,0.0,0.0,6.0,3.0,-3.0,0.0,3.0,3.0,-2.204658128801994,-2.206614122736566,-0.001955993934571687
regression,sa_ghmappo,29,regression_01,window_lankershim_off7904_len24_t1118936475600_1118936477900,j_1052341,lankershim,7904,24,1118936475600,1118936477900,True,1.0,1.0,0.0,1.0,1.0,0.0,0.0,0.0,0.0,0.0,0.0,0.0,0.0,0.0,0.0,0.0,0.0,0.0,1.0,1.0,0.0,54.676632892825594,54.676632892825594,0.0,1.008036,1.008036,0.0,0.0,0.0,0.0,0.63216,0.63216,0.0,0.375876,0.375876,0.0,13.358471452825595,13.358471452825595,0.0,0.0,0.0,0.0,0.0,0.0,0.0,1.0,1.0,0.0,0.0,0.0,0.0,0.0,0.0,0.0,4.0,4.0,0.0,3.0,3.0,0.0,15.62539996523254,15.62539996523254,0.0
regression,sa_ghmappo,29,regression_02,window_lankershim_off14008_len24_t1118937086000_1118937088300,j_1077564,lankershim,14008,24,1118937086000,1118937088300,True,0.0,1.0,1.0,1.0,1.0,0.0,1.0,0.0,-1.0,1.0,1.0,0.0,2.0,2.0,0.0,4.0,4.0,0.0,1.0,1.0,0.0,99.87407117832932,59.954916549582336,-39.91915462874698,2194.883918,2194.597527,-0.2863910000000942,2194.11704,2194.11704,0.0,0.005488,0.008232,0.002744,0.76139,0.472255,-0.28913500000000003,44.237089834329325,4.315814333582334,-39.921275500746994,0.0,2.0,2.0,2.0,2.0,0.0,2.0,2.0,0.0,0.0,0.0,0.0,0.0,0.0,0.0,5.0,2.0,-3.0,2.0,5.0,3.0,-1.0119981650132805,6.181667566488212,7.1936657315014925
regression,sa_ghmappo,29,regression_03,window_lankershim_off17976_len24_t1118937482800_1118937485100,j_1053611,lankershim,17976,24,1118937482800,1118937485100,True,1.0,1.0,0.0,1.0,1.0,0.0,0.0,0.0,0.0,0.0,0.0,0.0,0.0,0.0,0.0,0.0,0.0,0.0,1.0,1.0,0.0,69.69513551200001,67.35050744,-2.344628072000006,1170.483439,1.50643,-1168.9770090000002,1169.449264,0.0,-1169.449264,0.56192,0.56192,0.0,0.472255,0.94451,0.472255,7.193022,7.193022,0.0,0.0,0.0,0.0,0.0,0.0,0.0,3.0,1.0,-2.0,0.0,0.0,0.0,0.0,1.0,1.0,4.0,5.0,1.0,3.0,3.0,0.0,17.87934033406287,18.611257918666958,0.7319175846040871
regression,sa_ghmappo,29,regression_04,window_peachtree_off22888_len24_t1163316300_1163318600,j_1080918,peachtree,22888,24,1163316300,1163318600,True,0.0,0.0,0.0,1.0,1.0,0.0,0.0,0.0,0.0,0.0,0.0,0.0,0.0,0.0,0.0,0.0,0.0,0.0,1.0,1.0,0.0,53.75772522716467,53.75772522716467,0.0,0.385514,0.385514,0.0,0.0,0.0,0.0,0.0,0.0,0.0,0.385514,0.385514,0.0,37.403716667164666,37.40371666716467,7.105427357601002e-15,2.0,2.0,0.0,0.0,0.0,0.0,0.0,0.0,0.0,0.0,0.0,0.0,0.0,0.0,0.0,3.0,3.0,0.0,2.0,2.0,0.0,5.699202462881312,5.699202462881311,-8.881784197001252e-16
regression,sa_ghmappo,29,regression_05,window_us_101_off30672_len24_t1118847021000_1118847023300,j_1054473,us_101,30672,24,1118847021000,1118847023300,False,0.0,1.0,1.0,0.0,1.0,1.0,0.0,0.0,0.0,1.0,0.0,-1.0,10.0,0.0,-10.0,20.0,0.0,-20.0,0.0,1.0,1.0,20.0,30.609580157773905,10.609580157773905,0.0,19.579608,19.579608,0.0,19.283888,19.283888,0.0,0.006585,0.006585,0.0,0.289135,0.289135,0.0,10.628496293773907,10.628496293773907,0.0,0.0,0.0,10.0,0.0,-10.0,0.0,2.0,2.0,0.0,0.0,0.0,0.0,0.0,0.0,10.0,1.0,-9.0,0.0,2.0,2.0,-31.6,11.542116121911828,43.142116121911826
regression,sa_ghmappo,29,regression_06,window_us_101_off31096_len24_t1118847063400_1118847065700,j_10812,us_101,31096,24,1118847063400,1118847065700,True,0.0,0.0,0.0,1.0,1.0,0.0,0.0,0.0,0.0,0.0,0.0,0.0,0.0,0.0,0.0,0.0,0.0,0.0,1.0,1.0,0.0,54.70626177916468,54.70626177916468,0.0,0.385514,0.385514,0.0,0.0,0.0,0.0,0.0,0.0,0.0,0.385514,0.385514,0.0,37.40371666716467,37.40371666716467,0.0,2.0,2.0,0.0,0.0,0.0,0.0,0.0,0.0,0.0,0.0,0.0,0.0,0.0,0.0,0.0,3.0,3.0,0.0,2.0,2.0,0.0,5.6233195387213115,5.6233195387213115,0.0
regression,sa_ghmappo,29,regression_07,window_us_101_off32096_len24_t1118847163400_1118847165700,j_1055583,us_101,32096,24,1118847163400,1118847165700,True,0.0,0.0,0.0,1.0,1.0,0.0,1.0,1.0,0.0,0.0,0.0,0.0,0.0,0.0,0.0,0.0,0.0,0.0,1.0,1.0,0.0,218.31665480724544,218.31665480724544,0.0,2504.80357,2504.80357,0.0,2502.963904,2502.963904,0.0,0.7024,0.7024,0.0,1.137266,1.137266,0.0,68.01127000724543,68.01127000724543,0.0,0.0,0.0,0.0,0.0,0.0,0.0,5.0,8.0,3.0,0.0,0.0,0.0,0.0,0.0,0.0,4.0,1.0,-3.0,3.0,3.0,0.0,5.368277560561143,5.368277560561143,0.0
regression,sa_ghmappo,29,regression_08,window_us_101_off35256_len24_t1118847479400_1118847481700,j_1081406,us_101,35256,24,1118847479400,1118847481700,True,0.0,1.0,1.0,1.0,1.0,0.0,1.0,0.0,-1.0,1.0,0.0,-1.0,3.0,0.0,-3.0,6.0,0.0,-6.0,1.0,1.0,0.0,106.4937703007058,37.60117406058674,-68.89259624011906,0.578271,10.032946,9.454675000000002,0.0,9.641944,9.641944,0.0,0.005488,0.005488,0.578271,0.385514,-0.19275699999999996,82.0693431327058,10.763701492586744,-71.30564164011905,0.0,0.0,0.0,2.0,0.0,-2.0,0.0,1.0,1.0,0.0,0.0,0.0,0.0,1.0,1.0,9.0,2.0,-7.0,0.0,2.0,2.0,-5.519770902474737,12.987234120603212,18.507005023077948
regression,sa_ghmappo,29,regression_09,window_us_101_off35416_len24_t1118847495400_1118847497700,j_1061152,us_101,35416,24,1118847495400,1118847497700,True,0.0,1.0,1.0,1.0,1.0,0.0,0.0,0.0,0.0,1.0,0.0,-1.0,6.0,0.0,-6.0,12.0,0.0,-12.0,1.0,1.0,0.0,151.52389208000002,71.59966451999999,-79.92422756000003,1.114052,165.292963,164.178911,0.0,164.065376,164.065376,0.63216,0.45656,-0.17560000000000003,0.481892,0.771027,0.28913500000000003,97.10579700000002,21.579066000000005,-75.52673100000001,0.0,0.0,0.0,4.0,0.0,-4.0,0.0,3.0,3.0,0.0,0.0,0.0,0.0,0.0,0.0,12.0,4.0,-8.0,3.0,2.0,-1.0,-12.12243013728845,16.19505630446651,28.317486441754962
regression,sa_ghmappo,29,regression_10,window_us_101_off35648_len24_t1118847518600_1118847520900,j_1090155,us_101,35648,24,1118847518600,1118847520900,True,1.0,1.0,0.0,1.0,1.0,0.0,0.0,0.0,0.0,0.0,0.0,0.0,0.0,0.0,0.0,0.0,0.0,0.0,1.0,1.0,0.0,46.971303685208845,46.971303685208845,0.0,0.574669,0.574669,0.0,0.0,0.0,0.0,0.006036,0.006036,0.0,0.568633,0.568633,0.0,24.815925333208835,24.815925333208835,0.0,0.0,0.0,0.0,0.0,0.0,0.0,0.0,0.0,0.0,0.0,0.0,0.0,0.0,0.0,0.0,3.0,3.0,0.0,2.0,2.0,0.0,10.242028104076978,10.242028104076978,0.0
regression,sa_ghmappo,29,regression_11,window_us_101_off37040_len24_t1118847657800_1118847660100,j_1064718,us_101,37040,24,1118847657800,1118847660100,True,0.0,0.0,0.0,1.0,1.0,0.0,0.0,0.0,0.0,1.0,1.0,0.0,2.0,2.0,0.0,4.0,4.0,0.0,1.0,1.0,0.0,77.078552712,77.078552712,0.0,0.736714,0.736714,0.0,0.0,0.0,0.0,0.3512,0.3512,0.0,0.385514,0.385514,0.0,53.947665,53.947665,0.0,0.0,2.0,2.0,1.0,1.0,0.0,0.0,0.0,0.0,0.0,0.0,0.0,0.0,0.0,0.0,5.0,3.0,-2.0,2.0,4.0,2.0,-2.166627276149618,-2.166627276149618,0.0
regression,sa_ghmappo,43,regression_00,window_lankershim_off4000_len24_t1118936085200_1118936087500,j_1066618,lankershim,4000,24,1118936085200,1118936087500,False,0.0,1.0,1.0,0.0,1.0,1.0,0.0,0.0,0.0,1.0,0.0,-1.0,6.0,0.0,-6.0,12.0,0.0,-12.0,0.8,1.0,0.19999999999999996,43.204425184747,37.94156713916466,-5.262858045582341,174.278148,318.864684,144.58653600000002,173.70732,318.488808,144.781488,0.002195,0.0,-0.002195,0.568633,0.375876,-0.19275700000000007,12.947443000747,8.631628667164668,-4.315814333582333,0.0,0.0,0.0,3.0,0.0,-3.0,2.0,3.0,1.0,0.0,0.0,0.0,0.0,0.0,0.0,7.0,2.0,-5.0,1.0,0.0,-1.0,-13.53750860152705,10.816191689638412,24.35370029116546
regression,sa_ghmappo,43,regression_01,window_lankershim_off7904_len24_t1118936475600_1118936477900,j_1052341,lankershim,7904,24,1118936475600,1118936477900,True,1.0,1.0,0.0,1.0,1.0,0.0,0.0,0.0,0.0,0.0,0.0,0.0,0.0,0.0,0.0,0.0,0.0,0.0,1.0,1.0,0.0,55.460988252825594,54.676632892825594,-0.7843553599999993,11.07142,1.008036,-10.063384,9.641944,0.0,-9.641944,1.0536,0.63216,-0.42144000000000004,0.375876,0.375876,0.0,13.358471452825595,13.358471452825595,0.0,0.0,0.0,0.0,0.0,0.0,0.0,1.0,1.0,0.0,0.0,0.0,0.0,0.0,0.0,0.0,1.0,4.0,3.0,6.0,3.0,-3.0,15.557965408084428,15.62539996523254,0.06743455714811297
regression,sa_ghmappo,43,regression_02,window_lankershim_off14008_len24_t1118937086000_1118937088300,j_1077564,lankershim,14008,24,1118937086000,1118937088300,False,0.0,0.0,0.0,0.0,1.0,1.0,1.0,0.0,-1.0,1.0,0.0,-1.0,10.0,0.0,-10.0,20.0,0.0,-20.0,0.5714285714285714,1.0,0.4285714285714286,99.26404016716468,139.666944344747,40.40290417758233,3363.944375,3363.947668,0.0032929999997577397,3363.566304,3363.566304,0.0,0.002195,0.005488,0.003293,0.375876,0.375876,0.0,35.60546116716467,77.684641000747,42.07917983358234,1.0,0.0,-1.0,10.0,0.0,-10.0,2.0,4.0,2.0,0.0,0.0,0.0,0.0,0.0,0.0,11.0,1.0,-10.0,1.0,2.0,1.0,-31.507581881467303,1.2601842509034915,32.767766132370795
regression,sa_ghmappo,43,regression_03,window_lankershim_off17976_len24_t1118937482800_1118937485100,j_1053611,lankershim,17976,24,1118937482800,1118937485100,True,1.0,1.0,0.0,1.0,1.0,0.0,0.0,0.0,0.0,0.0,0.0,0.0,0.0,0.0,0.0,0.0,0.0,0.0,1.0,1.0,0.0,78.5337704,69.69513551200001,-8.838634887999987,2195.432175,1170.483439,-1024.9487359999998,2194.11704,1169.449264,-1024.667776,0.84288,0.56192,-0.28096,0.472255,0.472255,0.0,7.193022,7.193022,0.0,1.0,0.0,-1.0,0.0,0.0,0.0,2.0,2.0,0.0,0.0,0.0,0.0,0.0,0.0,0.0,2.0,5.0,3.0,6.0,3.0,-3.0,16.69497059519267,17.87934033406287,1.184369738870199
regression,sa_ghmappo,43,regression_04,window_peachtree_off22888_len24_t1163316300_1163318600,j_1080918,peachtree,22888,24,1163316300,1163318600,True,0.0,0.0,0.0,1.0,1.0,0.0,0.0,0.0,0.0,0.0,0.0,0.0,0.0,0.0,0.0,0.0,0.0,0.0,1.0,1.0,0.0,53.75772522716467,53.75772522716467,0.0,0.385514,0.385514,0.0,0.0,0.0,0.0,0.0,0.0,0.0,0.385514,0.385514,0.0,37.403716667164666,37.40371666716467,7.105427357601002e-15,5.0,2.0,-3.0,0.0,0.0,0.0,0.0,0.0,0.0,0.0,0.0,0.0,0.0,0.0,0.0,0.0,3.0,3.0,5.0,2.0,-3.0,5.699202462881312,5.699202462881311,-8.881784197001252e-16
regression,sa_ghmappo,43,regression_05,window_us_101_off30672_len24_t1118847021000_1118847023300,j_1054473,us_101,30672,24,1118847021000,1118847023300,False,0.0,1.0,1.0,0.0,1.0,1.0,0.0,0.0,0.0,1.0,0.0,-1.0,10.0,0.0,-10.0,20.0,0.0,-20.0,0.0,1.0,1.0,20.0,30.609580157773905,10.609580157773905,0.0,19.579608,19.579608,0.0,19.283888,19.283888,0.0,0.006585,0.006585,0.0,0.289135,0.289135,0.0,10.628496293773907,10.628496293773907,0.0,0.0,0.0,10.0,0.0,-10.0,0.0,2.0,2.0,0.0,0.0,0.0,0.0,0.0,0.0,10.0,1.0,-9.0,0.0,2.0,2.0,-31.6,11.542116121911828,43.142116121911826
regression,sa_ghmappo,43,regression_06,window_us_101_off31096_len24_t1118847063400_1118847065700,j_10812,us_101,31096,24,1118847063400,1118847065700,True,0.0,0.0,0.0,1.0,1.0,0.0,0.0,0.0,0.0,0.0,0.0,0.0,0.0,0.0,0.0,0.0,0.0,0.0,1.0,1.0,0.0,54.70626177916468,54.70626177916468,0.0,0.385514,0.385514,0.0,0.0,0.0,0.0,0.0,0.0,0.0,0.385514,0.385514,0.0,37.40371666716467,37.40371666716467,0.0,5.0,2.0,-3.0,0.0,0.0,0.0,0.0,0.0,0.0,0.0,0.0,0.0,0.0,0.0,0.0,0.0,3.0,3.0,5.0,2.0,-3.0,5.6233195387213115,5.6233195387213115,0.0
regression,sa_ghmappo,43,regression_07,window_us_101_off32096_len24_t1118847163400_1118847165700,j_1055583,us_101,32096,24,1118847163400,1118847165700,True,0.0,0.0,0.0,1.0,1.0,0.0,1.0,1.0,0.0,0.0,0.0,0.0,0.0,0.0,0.0,0.0,0.0,0.0,1.0,1.0,0.0,218.31665480724544,218.31665480724544,0.0,2504.80357,2504.80357,0.0,2502.963904,2502.963904,0.0,0.7024,0.7024,0.0,1.137266,1.137266,0.0,68.01127000724543,68.01127000724543,0.0,0.0,0.0,0.0,0.0,0.0,0.0,4.0,9.0,5.0,0.0,0.0,0.0,0.0,0.0,0.0,5.0,0.0,-5.0,3.0,3.0,0.0,5.368277560561143,5.368277560561143,0.0
regression,sa_ghmappo,43,regression_08,window_us_101_off35256_len24_t1118847479400_1118847481700,j_1081406,us_101,35256,24,1118847479400,1118847481700,True,0.0,0.0,0.0,1.0,1.0,0.0,1.0,1.0,0.0,1.0,0.0,-1.0,3.0,0.0,-3.0,6.0,0.0,-6.0,1.0,1.0,0.0,111.2471978287058,61.72956327975141,-49.51763454895438,328.713962,164.45089,-164.263072,328.130752,164.065376,-164.065376,0.004939,0.0,-0.004939,0.578271,0.385514,-0.19275699999999996,82.0693431327058,40.974396159751414,-41.09494697295438,0.0,0.0,0.0,3.0,0.0,-3.0,2.0,4.0,2.0,0.0,0.0,0.0,0.0,0.0,0.0,5.0,2.0,-3.0,2.0,0.0,-2.0,-6.052845192997413,6.985056524483584,13.037901717480997
regression,sa_ghmappo,43,regression_09,window_us_101_off35416_len24_t1118847495400_1118847497700,j_1061152,us_101,35416,24,1118847495400,1118847497700,True,1.0,1.0,0.0,1.0,1.0,0.0,0.0,0.0,0.0,0.0,0.0,0.0,0.0,0.0,0.0,0.0,0.0,0.0,1.0,1.0,0.0,50.838452,71.59966451999999,20.761212519999994,175.2526,165.292963,-9.959637000000015,173.70732,164.065376,-9.641944000000024,1.54528,0.45656,-1.08872,0.0,0.771027,0.771027,0.0,21.579066000000005,21.579066000000005,0.0,0.0,0.0,0.0,0.0,0.0,0.0,4.0,4.0,0.0,0.0,0.0,0.0,0.0,0.0,0.0,3.0,3.0,9.0,2.0,-7.0,17.851315488679973,16.19505630446651,-1.6562591842134609
regression,sa_ghmappo,43,regression_10,window_us_101_off35648_len24_t1118847518600_1118847520900,j_1090155,us_101,35648,24,1118847518600,1118847520900,True,0.0,1.0,1.0,1.0,1.0,0.0,1.0,0.0,-1.0,0.0,0.0,0.0,0.0,0.0,0.0,0.0,0.0,0.0,1.0,1.0,0.0,66.12726422920883,46.971303685208845,-19.15596054399999,2194.690612,0.574669,-2194.115943,2194.11704,0.0,-2194.11704,0.004939,0.006036,0.0010969999999999999,0.568633,0.568633,0.0,24.815925333208835,24.815925333208835,0.0,2.0,0.0,-2.0,0.0,0.0,0.0,1.0,0.0,-1.0,0.0,0.0,0.0,0.0,0.0,0.0,1.0,3.0,2.0,3.0,2.0,-1.0,3.687836406037163,10.242028104076978,6.554191698039815
regression,sa_ghmappo,43,regression_11,window_us_101_off37040_len24_t1118847657800_1118847660100,j_1064718,us_101,37040,24,1118847657800,1118847660100,True,0.0,0.0,0.0,1.0,1.0,0.0,1.0,0.0,-1.0,1.0,0.0,-1.0,2.0,0.0,-2.0,4.0,0.0,-4.0,1.0,1.0,0.0,93.939291576,92.182888432,-1.7564031440000036,1025.948447,2194.502554,1168.5541070000002,1024.667776,2194.11704,1169.449264,0.7024,0.0,-0.7024,0.578271,0.385514,-0.19275699999999996,53.947665,53.947665,0.0,0.0,0.0,0.0,2.0,0.0,-2.0,0.0,4.0,4.0,0.0,0.0,0.0,1.0,0.0,-1.0,2.0,1.0,-1.0,4.0,0.0,-4.0,-3.992887800621396,1.6034740411442376,5.596361841765633
regression,sa_ghmappo,61,regression_00,window_lankershim_off4000_len24_t1118936085200_1118936087500,j_1066618,lankershim,4000,24,1118936085200,1118936087500,True,1.0,1.0,0.0,1.0,1.0,0.0,0.0,0.0,0.0,0.0,0.0,0.0,0.0,0.0,0.0,0.0,0.0,0.0,1.0,1.0,0.0,44.046870811164666,44.046870811164666,0.0,164.821518,164.821518,0.0,164.065376,164.065376,0.0,0.00439,0.00439,0.0,0.751752,0.751752,0.0,8.631628667164668,8.631628667164668,0.0,0.0,0.0,0.0,0.0,0.0,0.0,1.0,1.0,0.0,0.0,0.0,0.0,1.0,1.0,0.0,1.0,1.0,0.0,2.0,2.0,0.0,10.39949933485893,10.39949933485893,0.0
regression,sa_ghmappo,61,regression_01,window_lankershim_off7904_len24_t1118936475600_1118936477900,j_1052341,lankershim,7904,24,1118936475600,1118936477900,True,1.0,1.0,0.0,1.0,1.0,0.0,0.0,0.0,0.0,0.0,0.0,0.0,0.0,0.0,0.0,0.0,0.0,0.0,1.0,1.0,0.0,55.460988252825594,55.460988252825594,0.0,11.07142,11.07142,0.0,9.641944,9.641944,0.0,1.0536,1.0536,0.0,0.375876,0.375876,0.0,13.358471452825595,13.358471452825595,0.0,0.0,0.0,0.0,0.0,0.0,0.0,1.0,1.0,0.0,0.0,0.0,0.0,0.0,0.0,0.0,1.0,1.0,0.0,6.0,6.0,0.0,15.557965408084428,15.557965408084428,0.0
regression,sa_ghmappo,61,regression_02,window_lankershim_off14008_len24_t1118937086000_1118937088300,j_1077564,lankershim,14008,24,1118937086000,1118937088300,True,0.0,0.0,0.0,1.0,1.0,0.0,1.0,1.0,0.0,0.0,0.0,0.0,0.0,0.0,0.0,0.0,0.0,0.0,1.0,1.0,0.0,194.45137744791168,194.45137744791168,0.0,5558.440035,5558.440035,0.0,5557.683344,5557.683344,0.0,0.004939,0.004939,0.0,0.751752,0.751752,0.0,113.29010216791167,113.29010216791167,0.0,1.0,1.0,0.0,0.0,0.0,0.0,5.0,5.0,0.0,0.0,0.0,0.0,0.0,0.0,0.0,0.0,0.0,0.0,2.0,2.0,0.0,-4.144460537953911,-4.144460537953911,0.0
regression,sa_ghmappo,61,regression_03,window_lankershim_off17976_len24_t1118937482800_1118937485100,j_1053611,lankershim,17976,24,1118937482800,1118937485100,True,1.0,1.0,0.0,1.0,1.0,0.0,0.0,0.0,0.0,0.0,0.0,0.0,0.0,0.0,0.0,0.0,0.0,0.0,1.0,1.0,0.0,78.5337704,78.5337704,0.0,2195.432175,2195.432175,0.0,2194.11704,2194.11704,0.0,0.84288,0.84288,0.0,0.472255,0.472255,0.0,7.193022,7.193022,0.0,1.0,1.0,0.0,0.0,0.0,0.0,3.0,3.0,0.0,0.0,0.0,0.0,0.0,0.0,0.0,1.0,1.0,0.0,6.0,6.0,0.0,16.69497059519267,16.69497059519267,0.0
regression,sa_ghmappo,61,regression_04,window_peachtree_off22888_len24_t1163316300_1163318600,j_1080918,peachtree,22888,24,1163316300,1163318600,True,0.0,0.0,0.0,1.0,1.0,0.0,0.0,0.0,0.0,0.0,0.0,0.0,0.0,0.0,0.0,0.0,0.0,0.0,1.0,1.0,0.0,53.75772522716467,53.75772522716467,0.0,0.385514,0.385514,0.0,0.0,0.0,0.0,0.0,0.0,0.0,0.385514,0.385514,0.0,37.403716667164666,37.40371666716467,7.105427357601002e-15,4.0,4.0,0.0,0.0,0.0,0.0,0.0,0.0,0.0,0.0,0.0,0.0,0.0,0.0,0.0,1.0,1.0,0.0,4.0,4.0,0.0,5.699202462881312,5.699202462881311,-8.881784197001252e-16
regression,sa_ghmappo,61,regression_05,window_us_101_off30672_len24_t1118847021000_1118847023300,j_1054473,us_101,30672,24,1118847021000,1118847023300,True,1.0,1.0,0.0,1.0,1.0,0.0,0.0,0.0,0.0,1.0,1.0,0.0,2.0,2.0,0.0,4.0,4.0,0.0,1.0,1.0,0.0,24.440786023999998,24.440786023999998,0.0,29.314878,29.314878,0.0,28.925832,28.925832,0.0,0.01317,0.01317,0.0,0.375876,0.375876,0.0,0.0,0.0,0.0,1.0,1.0,0.0,2.0,2.0,0.0,0.0,0.0,0.0,0.0,0.0,0.0,0.0,0.0,0.0,1.0,1.0,0.0,6.0,6.0,0.0,6.031086314253252,6.031086314253252,0.0
regression,sa_ghmappo,61,regression_06,window_us_101_off31096_len24_t1118847063400_1118847065700,j_10812,us_101,31096,24,1118847063400,1118847065700,True,0.0,0.0,0.0,1.0,1.0,0.0,0.0,0.0,0.0,0.0,0.0,0.0,0.0,0.0,0.0,0.0,0.0,0.0,1.0,1.0,0.0,54.70626177916468,54.70626177916468,0.0,0.385514,0.385514,0.0,0.0,0.0,0.0,0.0,0.0,0.0,0.385514,0.385514,0.0,37.40371666716467,37.40371666716467,0.0,4.0,4.0,0.0,0.0,0.0,0.0,0.0,0.0,0.0,0.0,0.0,0.0,0.0,0.0,0.0,1.0,1.0,0.0,4.0,4.0,0.0,5.6233195387213115,5.6233195387213115,0.0
regression,sa_ghmappo,61,regression_07,window_us_101_off32096_len24_t1118847163400_1118847165700,j_1055583,us_101,32096,24,1118847163400,1118847165700,True,0.0,0.0,0.0,1.0,1.0,0.0,1.0,1.0,0.0,0.0,0.0,0.0,0.0,0.0,0.0,0.0,0.0,0.0,1.0,1.0,0.0,226.3516898472454,226.3516898472454,0.0,2505.179446,2505.179446,0.0,2502.963904,2502.963904,0.0,0.7024,0.7024,0.0,1.513142,1.513142,0.0,68.01127000724543,68.01127000724543,0.0,0.0,0.0,0.0,0.0,0.0,0.0,8.0,8.0,0.0,0.0,0.0,0.0,1.0,1.0,0.0,0.0,0.0,0.0,3.0,3.0,0.0,4.725299726459115,4.725299726459115,0.0
regression,sa_ghmappo,61,regression_08,window_us_101_off35256_len24_t1118847479400_1118847481700,j_1081406,us_101,35256,24,1118847479400,1118847481700,True,0.0,0.0,0.0,1.0,1.0,0.0,1.0,1.0,0.0,0.0,0.0,0.0,0.0,0.0,0.0,0.0,0.0,0.0,1.0,1.0,0.0,61.36700291516466,61.36700291516466,0.0,328.520656,328.520656,0.0,328.130752,328.130752,0.0,0.00439,0.00439,0.0,0.385514,0.385514,0.0,30.21069466716467,30.21069466716467,0.0,0.0,0.0,0.0,0.0,0.0,0.0,3.0,3.0,0.0,0.0,0.0,0.0,1.0,1.0,0.0,0.0,0.0,0.0,2.0,2.0,0.0,6.937660415206684,6.937660415206684,0.0
regression,sa_ghmappo,61,regression_09,window_us_101_off35416_len24_t1118847495400_1118847497700,j_1061152,us_101,35416,24,1118847495400,1118847497700,True,1.0,1.0,0.0,1.0,1.0,0.0,0.0,0.0,0.0,0.0,0.0,0.0,0.0,0.0,0.0,0.0,0.0,0.0,1.0,1.0,0.0,50.838452,50.838452,0.0,175.2526,175.2526,0.0,173.70732,173.70732,0.0,1.54528,1.54528,0.0,0.0,0.0,0.0,0.0,0.0,0.0,0.0,0.0,0.0,0.0,0.0,0.0,0.0,0.0,0.0,0.0,0.0,0.0,0.0,0.0,0.0,0.0,0.0,0.0,9.0,9.0,0.0,17.851315488679973,17.851315488679973,0.0
regression,sa_ghmappo,61,regression_10,window_us_101_off35648_len24_t1118847518600_1118847520900,j_1090155,us_101,35648,24,1118847518600,1118847520900,True,1.0,1.0,0.0,1.0,1.0,0.0,0.0,0.0,0.0,0.0,0.0,0.0,0.0,0.0,0.0,0.0,0.0,0.0,1.0,1.0,0.0,41.311219392000005,41.311219392000005,0.0,2194.124174,2194.124174,0.0,2194.11704,2194.11704,0.0,0.007134,0.007134,0.0,0.0,0.0,0.0,0.0,0.0,0.0,1.0,1.0,0.0,0.0,0.0,0.0,1.0,1.0,0.0,0.0,0.0,0.0,0.0,0.0,0.0,1.0,1.0,0.0,3.0,3.0,0.0,9.67338376126213,9.67338376126213,0.0
regression,sa_ghmappo,61,regression_11,window_us_101_off37040_len24_t1118847657800_1118847660100,j_1064718,us_101,37040,24,1118847657800,1118847660100,True,0.0,0.0,0.0,1.0,1.0,0.0,0.0,0.0,0.0,0.0,0.0,0.0,0.0,0.0,0.0,0.0,0.0,0.0,1.0,1.0,0.0,55.521082968,55.521082968,0.0,2050.212746,2050.212746,0.0,2049.335552,2049.335552,0.0,0.49168,0.49168,0.0,0.385514,0.385514,0.0,10.789533,10.789533,0.0,0.0,0.0,0.0,0.0,0.0,0.0,1.0,1.0,0.0,0.0,0.0,0.0,1.0,1.0,0.0,0.0,0.0,0.0,3.0,3.0,0.0,4.603608656002906,4.603608656002906,0.0
regression,sa_ghmappo,7,regression_00,window_lankershim_off4000_len24_t1118936085200_1118936087500,j_1066618,lankershim,4000,24,1118936085200,1118936087500,True,1.0,1.0,0.0,1.0,1.0,0.0,0.0,0.0,0.0,1.0,1.0,0.0,1.0,1.0,0.0,2.0,2.0,0.0,1.0,1.0,0.0,39.35288873358233,39.37732268558233,0.02443395199999543,0.571925,0.574669,0.0027439999999999687,0.0,0.0,0.0,0.003292,0.006036,0.002744,0.568633,0.568633,0.0,4.315814333582334,4.315814333582334,0.0,1.0,1.0,0.0,1.0,1.0,0.0,0.0,0.0,0.0,0.0,0.0,0.0,1.0,1.0,0.0,3.0,2.0,-1.0,2.0,3.0,1.0,7.8515025779816705,7.849546584047098,-0.001955993934572575
regression,sa_ghmappo,7,regression_01,window_lankershim_off7904_len24_t1118936475600_1118936477900,j_1052341,lankershim,7904,24,1118936475600,1118936477900,True,1.0,1.0,0.0,1.0,1.0,0.0,0.0,0.0,0.0,0.0,0.0,0.0,0.0,0.0,0.0,0.0,0.0,0.0,1.0,1.0,0.0,62.6715023728256,54.676632892825594,-7.9948694800000055,0.990073,1.008036,0.01796299999999995,0.0,0.0,0.0,0.42144,0.63216,0.21072000000000007,0.568633,0.375876,-0.19275700000000007,13.358471452825595,13.358471452825595,0.0,0.0,0.0,0.0,0.0,0.0,0.0,0.0,0.0,0.0,0.0,0.0,0.0,1.0,0.0,-1.0,5.0,5.0,0.0,2.0,3.0,1.0,14.985818771506242,15.62539996523254,0.6395811937262987
regression,sa_ghmappo,7,regression_02,window_lankershim_off14008_len24_t1118937086000_1118937088300,j_1077564,lankershim,14008,24,1118937086000,1118937088300,True,1.0,0.0,-1.0,1.0,1.0,0.0,0.0,1.0,1.0,1.0,1.0,0.0,2.0,7.0,5.0,4.0,14.0,10.0,1.0,1.0,0.0,64.84361140558234,157.68585580307635,92.84224439749401,1.615009,1.244621,-0.37038799999999994,0.0,0.0,0.0,0.005488,0.010976,0.005488,1.609521,1.233645,-0.3758759999999999,4.315814333582334,111.13219783507635,106.81638350149402,2.0,7.0,5.0,2.0,3.0,1.0,0.0,0.0,0.0,0.0,0.0,0.0,3.0,0.0,-3.0,2.0,3.0,1.0,4.0,11.0,7.0,6.8117590403834605,-19.61544803606318,-26.427207076446642
regression,sa_ghmappo,7,regression_03,window_lankershim_off17976_len24_t1118937482800_1118937485100,j_1053611,lankershim,17976,24,1118937482800,1118937485100,True,1.0,1.0,0.0,1.0,1.0,0.0,0.0,0.0,0.0,0.0,0.0,0.0,0.0,0.0,0.0,0.0,0.0,0.0,1.0,1.0,0.0,83.37147568799999,67.35050744,-16.02096824799999,2.178961,1.50643,-0.6725310000000002,0.0,0.0,0.0,0.38632,0.56192,0.17559999999999998,1.792641,0.94451,-0.848131,7.193022,7.193022,0.0,0.0,0.0,0.0,0.0,0.0,0.0,0.0,0.0,0.0,0.0,0.0,0.0,3.0,1.0,-2.0,5.0,6.0,1.0,2.0,3.0,1.0,17.329267287175746,18.611257918666958,1.2819906314912117
regression,sa_ghmappo,7,regression_04,window_peachtree_off22888_len24_t1163316300_1163318600,j_1080918,peachtree,22888,24,1163316300,1163318600,True,1.0,0.0,-1.0,1.0,1.0,0.0,0.0,0.0,0.0,0.0,0.0,0.0,0.0,0.0,0.0,0.0,0.0,0.0,1.0,1.0,0.0,28.669822893582335,53.75772522716467,25.087902333582335,0.385514,0.385514,0.0,0.0,0.0,0.0,0.0,0.0,0.0,0.385514,0.385514,0.0,4.315814333582334,37.40371666716467,33.08790233358234,1.0,1.0,0.0,0.0,0.0,0.0,0.0,0.0,0.0,0.0,0.0,0.0,1.0,0.0,-1.0,3.0,4.0,1.0,1.0,1.0,0.0,11.706234649567898,5.699202462881311,-6.007032186686588
regression,sa_ghmappo,7,regression_05,window_us_101_off30672_len24_t1118847021000_1118847023300,j_1054473,us_101,30672,24,1118847021000,1118847023300,True,0.0,0.0,0.0,1.0,1.0,0.0,1.0,1.0,0.0,0.0,0.0,0.0,0.0,0.0,0.0,0.0,0.0,0.0,1.0,1.0,0.0,69.01104445935624,69.01104445935624,0.0,1.240229,1.240229,0.0,0.0,0.0,0.0,0.006585,0.006585,0.0,1.233644,1.233644,0.0,25.73384362735624,25.73384362735624,0.0,0.0,0.0,0.0,0.0,0.0,0.0,0.0,0.0,0.0,0.0,0.0,0.0,3.0,3.0,0.0,0.0,0.0,0.0,2.0,2.0,0.0,4.478538916618804,4.478538916618804,0.0
regression,sa_ghmappo,7,regression_06,window_us_101_off31096_len24_t1118847063400_1118847065700,j_10812,us_101,31096,24,1118847063400,1118847065700,True,1.0,0.0,-1.0,1.0,1.0,0.0,0.0,0.0,0.0,0.0,0.0,0.0,0.0,0.0,0.0,0.0,0.0,0.0,1.0,1.0,0.0,29.618359445582335,54.70626177916468,25.087902333582342,0.385514,0.385514,0.0,0.0,0.0,0.0,0.0,0.0,0.0,0.385514,0.385514,0.0,4.315814333582334,37.40371666716467,33.08790233358234,1.0,1.0,0.0,0.0,0.0,0.0,0.0,0.0,0.0,0.0,0.0,0.0,1.0,0.0,-1.0,3.0,4.0,1.0,1.0,1.0,0.0,11.630351725407898,5.6233195387213115,-6.007032186686587
regression,sa_ghmappo,7,regression_07,window_us_101_off32096_len24_t1118847163400_1118847165700,j_1055583,us_101,32096,24,1118847163400,1118847165700,True,0.0,0.0,0.0,1.0,1.0,0.0,1.0,1.0,0.0,0.0,0.0,0.0,0.0,0.0,0.0,0.0,0.0,0.0,1.0,1.0,0.0,135.24338464000002,127.2083496,-8.035035040000011,3.219041,2.843165,-0.3758759999999999,0.0,0.0,0.0,0.0,0.0,0.0,3.219041,2.843165,-0.3758759999999999,0.0,0.0,0.0,0.0,0.0,0.0,0.0,0.0,0.0,0.0,0.0,0.0,0.0,0.0,0.0,11.0,10.0,-1.0,1.0,2.0,1.0,0.0,0.0,0.0,13.179030246024041,13.82200808012607,0.6429778341020285
regression,sa_ghmappo,7,regression_08,window_us_101_off35256_len24_t1118847479400_1118847481700,j_1081406,us_101,35256,24,1118847479400,1118847481700,True,0.0,0.0,0.0,1.0,1.0,0.0,0.0,1.0,1.0,0.0,1.0,1.0,0.0,3.0,3.0,0.0,6.0,6.0,1.0,1.0,0.0,45.212562612586744,106.56707215670579,61.35450954411905,0.581015,0.586503,0.005488000000000048,0.0,0.0,0.0,0.002744,0.008232,0.005488,0.578271,0.578271,0.0,10.763701492586744,82.0693431327058,71.30564164011905,0.0,3.0,3.0,0.0,2.0,2.0,0.0,0.0,0.0,0.0,0.0,0.0,2.0,0.0,-2.0,3.0,3.0,0.0,1.0,6.0,5.0,8.382724434800217,-5.525638884278454,-13.90836331907867
regression,sa_ghmappo,7,regression_09,window_us_101_off35416_len24_t1118847495400_1118847497700,j_1061152,us_101,35416,24,1118847495400,1118847497700,True,0.0,1.0,1.0,1.0,1.0,0.0,1.0,0.0,-1.0,1.0,1.0,0.0,1.0,2.0,1.0,2.0,4.0,2.0,1.0,1.0,0.0,95.26716256,75.38916052679117,-19.87800203320883,1.823014,1.314984,-0.50803,0.0,0.0,0.0,0.28096,0.3512,0.07024000000000002,1.542054,0.963784,-0.5782700000000001,10.789533,12.947440166791168,2.1579071667911673,1.0,2.0,1.0,1.0,2.0,1.0,0.0,0.0,0.0,0.0,0.0,0.0,5.0,2.0,-3.0,3.0,5.0,2.0,2.0,4.0,2.0,7.37777808815398,9.968254820714478,2.5904767325604974
regression,sa_ghmappo,7,regression_10,window_us_101_off35648_len24_t1118847518600_1118847520900,j_1090155,us_101,35648,24,1118847518600,1118847520900,True,0.0,1.0,1.0,1.0,1.0,0.0,0.0,0.0,0.0,0.0,0.0,0.0,0.0,0.0,0.0,0.0,0.0,0.0,1.0,1.0,0.0,54.96987235720884,46.971303685208845,-7.9985686719999975,0.947253,0.574669,-0.372584,0.0,0.0,0.0,0.002744,0.006036,0.003292,0.944509,0.568633,-0.375876,24.815925333208835,24.815925333208835,0.0,0.0,0.0,0.0,0.0,0.0,0.0,0.0,0.0,0.0,0.0,0.0,0.0,1.0,0.0,-1.0,3.0,3.0,0.0,1.0,2.0,1.0,5.601969112371907,10.242028104076978,4.640058991705071
regression,sa_ghmappo,7,regression_11,window_us_101_off37040_len24_t1118847657800_1118847660100,j_1064718,us_101,37040,24,1118847657800,1118847660100,True,0.0,0.0,0.0,1.0,1.0,0.0,0.0,0.0,0.0,0.0,1.0,1.0,0.0,2.0,2.0,0.0,4.0,4.0,1.0,1.0,0.0,45.916145967999995,77.078552712,31.16240674400001,0.753871,0.736714,-0.017156999999999978,0.0,0.0,0.0,0.1756,0.3512,0.1756,0.578271,0.385514,-0.19275699999999996,10.789533,53.947665,43.158132,0.0,2.0,2.0,0.0,1.0,1.0,0.0,0.0,0.0,0.0,0.0,0.0,2.0,0.0,-2.0,2.0,3.0,1.0,1.0,4.0,3.0,6.326357274019676,-2.166627276149618,-8.492984550169293
