probe_id,mask,valid_action_count,action,advantage,probability_sum,invalid_probability_max,old_behavior_log_prob,new_behavior_log_prob,exact_ratio,direct_probability_ratio,ratio_abs_error,exact_clipped,exact_surrogate,legacy_surrogate,oracle_zero_gradient_head_mask_surrogate,exact_legacy_objective_abs_gap,exact_oracle_objective_abs_gap,exact_legacy_gradient_max_abs_gap,exact_oracle_gradient_max_abs_gap,exact_legacy_gradient_cosine,exact_oracle_gradient_cosine,exact_gradient_norm,legacy_gradient_norm,oracle_gradient_norm,exact_gradient_norm_slow,exact_gradient_norm_fast,exact_gradient_norm_event,legacy_gradient_norm_slow,legacy_gradient_norm_fast,legacy_gradient_norm_event,active_exact_heads,zero_gradient_credited_heads,zero_gradient_head_credit,legacy_head_ratios_json,oracle_head_ratios_json,identity_ratio_error_from_six_decimal_old_log_prob,override_zero_actor_gradient_max_abs
balanced,10000,1,0,1.0,1.0,0.0,0.0,0.0,1.0,1.0,0.0,False,1.0,0.8240689231707043,0.0,0.17593107682929565,1.0,0.23722978597733332,0.0,,,0.0,0.4393466418361378,0.0,0.0,0.0,0.0,0.2921616996828296,0.27484377212958977,0.1792426117102452,,event|fast|slow,True,"{""event"": 0.8783200899568596, ""fast"": 0.7639854458904677, ""slow"": 0.8299012336647856}",{},0.0,0.0
balanced,10000,1,0,-1.0,1.0,0.0,0.0,0.0,1.0,1.0,0.0,False,-1.0,-0.8360737745405484,0.0,0.16392622545945157,1.0,0.23722978597733332,0.0,,,0.0,0.3427628518586424,0.0,0.0,0.0,0.0,0.2921616996828296,0.0,0.1792426117102452,,event|slow,True,"{""event"": 0.8783200899568596, ""fast"": 0.7639854458904677, ""slow"": 0.8299012336647856}",{},0.0,0.0
balanced,01000,1,1,1.0,1.0,0.0,0.0,0.0,1.0,1.0,0.0,False,1.0,0.8753304980756512,0.0,0.12466950192434878,1.0,0.19434389503972319,0.0,,,0.0,0.3862051312340444,0.0,0.0,0.0,0.0,0.20368453662557165,0.27484377212958977,0.1792426117102452,,event|fast|slow,True,"{""event"": 0.8783200899568596, ""fast"": 0.7639854458904677, ""slow"": 0.9836859583796265}",{},0.0,0.0
balanced,01000,1,1,-1.0,1.0,0.0,0.0,0.0,1.0,1.0,0.0,False,-1.0,-0.8873353494454953,0.0,0.1126646505545047,1.0,0.16158319631831405,0.0,,,0.0,0.27132140408210254,0.0,0.0,0.0,0.0,0.20368453662557165,0.0,0.1792426117102452,,event|slow,True,"{""event"": 0.8783200899568596, ""fast"": 0.7639854458904677, ""slow"": 0.9836859583796265}",{},0.0,0.0
balanced,11000,2,0,1.0,0.9999999999999999,0.0,-1.3873353251154308,-1.5175095714792792,0.8779424393141141,0.8779424393141142,1.1102230246251565e-16,False,0.8779424393141141,0.8240689231707043,0.8299012336647856,0.05387351614340974,0.048041205649328456,0.5451355057107978,0.2907542973280581,0.6076344057448072,0.9137478865911994,0.9693687160354711,0.4393466418361378,0.8764850990484889,0.9693687160354711,0.0,6.797041652244406e-17,0.2921616996828296,0.27484377212958977,0.1792426117102452,slow,event|fast,True,"{""event"": 0.8783200899568596, ""fast"": 0.7639854458904677, ""slow"": 0.8299012336647856}","{""slow"": 0.8299012336647856}",3.251153779526561e-07,0.0
balanced,11000,2,0,-1.0,0.9999999999999999,0.0,-1.3873353251154308,-1.5175095714792792,0.8779424393141141,0.8779424393141142,1.1102230246251565e-16,False,-0.8779424393141141,-0.8360737745405484,-0.8299012336647856,0.041868664773565656,0.048041205649328456,0.5451355057107978,0.2907542973280581,0.7788537590362188,0.9137478865911994,0.9693687160354711,0.3427628518586424,0.8764850990484889,0.9693687160354711,0.0,6.797041652244406e-17,0.2921616996828296,0.0,0.1792426117102452,slow,event,True,"{""event"": 0.8783200899568596, ""fast"": 0.7639854458904677, ""slow"": 0.8299012336647856}","{""slow"": 0.8299012336647856}",3.251153779526561e-07,0.0
balanced,11000,2,1,1.0,0.9999999999999999,0.0,-0.28733532511543075,-0.2475095714792795,1.0406294324990548,1.0406294324990546,2.220446049250313e-16,False,1.0406294324990548,0.8753304980756512,0.9836859583796265,0.1652989344234036,0.05694347411942835,0.19434389503972319,0.3446324791651912,0.3813581991243749,0.7230911868913931,0.3226748150097432,0.3862051312340444,0.6110536098767149,0.3226748150097432,0.0,5.0977812391833036e-17,0.20368453662557165,0.27484377212958977,0.1792426117102452,slow,event|fast,True,"{""event"": 0.8783200899568596, ""fast"": 0.7639854458904677, ""slow"": 0.9836859583796265}","{""slow"": 0.9836859583796265}",3.251153778416338e-07,0.0
balanced,11000,2,1,-1.0,0.9999999999999999,0.0,-0.28733532511543075,-0.2475095714792795,1.0406294324990548,1.0406294324990546,2.220446049250313e-16,False,-1.0406294324990548,-0.8873353494454953,-0.9836859583796265,0.15329408305355952,0.05694347411942835,0.1814598465482539,0.3446324791651912,0.5428340378757586,0.7230911868913931,0.3226748150097432,0.27132140408210254,0.6110536098767149,0.3226748150097432,0.0,5.0977812391833036e-17,0.20368453662557165,0.0,0.1792426117102452,slow,event,True,"{""event"": 0.8783200899568596, ""fast"": 0.7639854458904677, ""slow"": 0.9836859583796265}","{""slow"": 0.9836859583796265}",3.251153778416338e-07,0.0
balanced,00100,1,2,1.0,1.0,0.0,0.0,0.0,1.0,1.0,0.0,False,1.0,1.0348725849173617,0.0,0.03487258491736167,1.0,0.24259074686391674,0.0,,,0.0,0.38069823245137285,0.0,0.0,0.0,0.0,0.3123333944081278,0.12349526742505826,0.1792426117102452,,event|fast|slow,True,"{""event"": 0.8783200899568596, ""fast"": 1.106048175114624, ""slow"": 1.1202494896806015}",{},0.0,0.0
balanced,00100,1,2,-1.0,1.0,0.0,0.0,0.0,1.0,1.0,0.0,False,-1.0,-1.0348725849173617,0.0,0.03487258491736167,1.0,0.24259074686391674,0.0,,,0.0,0.38069823245137285,0.0,0.0,0.0,0.0,0.3123333944081278,0.12349526742505826,0.1792426117102452,,event|fast|slow,True,"{""event"": 0.8783200899568596, ""fast"": 1.106048175114624, ""slow"": 1.1202494896806015}",{},0.0,0.0
balanced,10100,2,0,1.0,1.0,0.0,-0.8141319624199854,-1.056759851947409,0.7845634037194593,0.7845634037194593,0.0,True,0.7845634037194593,0.8240689231707043,0.7969433397776267,0.03950551945124503,0.01237993605816734,0.41494660057130106,0.36648755101662467,0.6674969444268138,0.7311085571269783,0.7439140434056702,0.4393466418361378,0.6016805673610867,0.7238860003884118,0.1714560072375468,0.0,0.2921616996828296,0.27484377212958977,0.1792426117102452,fast|slow,event,True,"{""event"": 0.8783200899568596, ""fast"": 0.7639854458904677, ""slow"": 0.8299012336647856}","{""fast"": 0.7639854458904677, ""slow"": 0.8299012336647856}",3.758001532183641e-08,0.0
balanced,10100,2,0,-1.0,1.0,0.0,-0.8141319624199854,-1.056759851947409,0.7845634037194593,0.7845634037194593,0.0,True,-0.8,-0.8360737745405484,0.0,0.03607377454054839,0.8,0.23722978597733332,0.0,,,0.0,0.3427628518586424,0.0,0.0,0.0,0.0,0.2921616996828296,0.0,0.1792426117102452,,event|slow,True,"{""event"": 0.8783200899568596, ""fast"": 0.7639854458904677, ""slow"": 0.8299012336647856}",{},3.758001532183641e-08,0.0
balanced,10100,2,2,1.0,1.0,0.0,-0.5852326283677629,-0.42706705777384185,1.1713601214439469,1.1713601214439469,0.0,False,1.1713601214439469,1.0348725849173617,1.1131488323976129,0.13648753652658518,0.05821128904633399,0.3539518036413215,0.32735691337165806,0.6093555656320389,0.6907022555833071,0.591715627812151,0.38069823245137285,0.5037928823063125,0.5757851501543401,0.1363775826845164,0.0,0.3123333944081278,0.12349526742505826,0.1792426117102452,fast|slow,event,True,"{""event"": 0.8783200899568596, ""fast"": 1.106048175114624, ""slow"": 1.1202494896806015}","{""fast"": 1.106048175114624, ""slow"": 1.1202494896806015}",3.7163230603987074e-07,0.0
balanced,10100,2,2,-1.0,1.0,0.0,-0.5852326283677629,-0.42706705777384185,1.1713601214439469,1.1713601214439469,0.0,False,-1.1713601214439469,-1.0348725849173617,-1.1131488323976129,0.13648753652658518,0.05821128904633399,0.3539518036413215,0.32735691337165806,0.6093555656320389,0.6907022555833071,0.591715627812151,0.38069823245137285,0.5037928823063125,0.5757851501543401,0.1363775826845164,0.0,0.3123333944081278,0.12349526742505826,0.1792426117102452,fast|slow,event,True,"{""event"": 0.8783200899568596, ""fast"": 1.106048175114624, ""slow"": 1.1202494896806015}","{""fast"": 1.106048175114624, ""slow"": 1.1202494896806015}",3.7163230603987074e-07,0.0
balanced,01100,2,1,1.0,0.9999999999999999,0.0,-0.34959340296685837,-0.42339045914058515,0.9288601811537083,0.9288601811537083,0.0,False,0.9288601811537083,0.8753304980756512,0.8738357021350471,0.053529683078057055,0.05502447901866114,0.20574376909365685,0.21557509855571383,0.6565674819458976,0.7412339801018062,0.465972081442011,0.3862051312340444,0.5131370201635138,0.45342693731590017,0.10739643010697762,6.797041652244406e-17,0.20368453662557165,0.27484377212958977,0.1792426117102452,fast|slow,event,True,"{""event"": 0.8783200899568596, ""fast"": 0.7639854458904677, ""slow"": 0.9836859583796265}","{""fast"": 0.7639854458904677, ""slow"": 0.9836859583796265}",4.029667771687784e-07,0.0
balanced,01100,2,1,-1.0,0.9999999999999999,0.0,-0.34959340296685837,-0.42339045914058515,0.9288601811537083,0.9288601811537083,0.0,False,-0.9288601811537083,-0.8873353494454953,-0.8918429791898133,0.04152483170821297,0.03701720196389502,0.20574376909365685,0.148305022566125,0.701102883550705,0.9339158579361018,0.465972081442011,0.27132140408210254,0.30552680493835743,0.45342693731590017,0.10739643010697762,6.797041652244406e-17,0.20368453662557165,0.0,0.1792426117102452,fast|slow,event,True,"{""event"": 0.8783200899568596, ""fast"": 0.7639854458904677, ""slow"": 0.9836859583796265}","{""fast"": 0.7639854458904677, ""slow"": 0.9836859583796265}",4.029667771687784e-07,0.0
balanced,01100,2,2,1.0,0.9999999999999999,0.0,-1.220694068914636,-1.0636976649670178,1.1699914065429644,1.1699914065429642,2.220446049250313e-16,False,1.1699914065429644,1.0348725849173617,1.1131488323976129,0.13511882162560274,0.05684257414535154,0.5767362013564694,0.4820357181941745,0.855542123309767,0.9697537983486959,1.1134586904870831,0.38069823245137285,0.5037928823063125,1.0834815731726641,0.2566280109740533,6.797041652244406e-17,0.3123333944081278,0.12349526742505826,0.1792426117102452,fast|slow,event,True,"{""event"": 0.8783200899568596, ""fast"": 1.106048175114624, ""slow"": 1.1202494896806015}","{""fast"": 1.106048175114624, ""slow"": 1.1202494896806015}",6.891463366631712e-08,0.0
balanced,01100,2,2,-1.0,0.9999999999999999,0.0,-1.220694068914636,-1.0636976649670178,1.1699914065429644,1.1699914065429642,2.220446049250313e-16,False,-1.1699914065429644,-1.0348725849173617,-1.1131488323976129,0.13511882162560274,0.05684257414535154,0.5767362013564694,0.4820357181941745,0.855542123309767,0.9697537983486959,1.1134586904870831,0.38069823245137285,0.5037928823063125,1.0834815731726641,0.2566280109740533,6.797041652244406e-17,0.3123333944081278,0.12349526742505826,0.1792426117102452,fast|slow,event,True,"{""event"": 0.8783200899568596, ""fast"": 1.106048175114624, ""slow"": 1.1202494896806015}","{""fast"": 1.106048175114624, ""slow"": 1.1202494896806015}",6.891463366631712e-08,0.0
balanced,11100,3,0,1.0,1.0,0.0,-1.6603936344322638,-1.8622002901769048,0.8172529238259434,0.8172529238259434,0.0,False,0.8172529238259434,0.8240689231707043,0.7969433397776267,0.006815999344760959,0.02030958404831673,0.45307884730790504,0.33446395431923837,0.7183236183087705,0.7867789486031673,0.8625567687644735,0.4393466418361378,0.6016805673610867,0.8588560970146882,0.07981468512815192,0.0,0.2921616996828296,0.27484377212958977,0.1792426117102452,fast|slow,event,True,"{""event"": 0.8783200899568596, ""fast"": 0.7639854458904677, ""slow"": 0.8299012336647856}","{""fast"": 0.7639854458904677, ""slow"": 0.8299012336647856}",3.655678029179654e-07,0.0
balanced,11100,3,0,-1.0,1.0,0.0,-1.6603936344322638,-1.8622002901769048,0.8172529238259434,0.8172529238259434,0.0,False,-0.8172529238259434,-0.8360737745405484,-0.8149506168323928,0.018820850714605042,0.002302306993550607,0.45307884730790504,0.33446395431923837,0.8465358437994466,0.9931522178857084,0.8625567687644735,0.3427628518586424,0.43824254952424446,0.8588560970146882,0.07981468512815192,0.0,0.2921616996828296,0.0,0.1792426117102452,fast|slow,event,True,"{""event"": 0.8783200899568596, ""fast"": 0.7639854458904677, ""slow"": 0.8299012336647856}","{""fast"": 0.7639854458904677, ""slow"": 0.8299012336647856}",3.655678029179654e-07,0.0
balanced,11100,3,1,1.0,1.0,0.0,-0.5603936344322638,-0.592200290176905,0.9686938553666435,0.9686938553666434,1.1102230246251565e-16,False,0.9686938553666435,0.8753304980756512,0.8738357021350471,0.09336335729099232,0.09485815323159641,0.27131742297158123,0.22462019397716268,0.6415264928483928,0.7242534068629841,0.5465911532366458,0.3862051312340444,0.5131370201635138,0.5383417438746884,0.09460473348900587,3.398520826122203e-17,0.20368453662557165,0.27484377212958977,0.1792426117102452,fast|slow,event,True,"{""event"": 0.8783200899568596, ""fast"": 0.7639854458904677, ""slow"": 0.9836859583796265}","{""fast"": 0.7639854458904677, ""slow"": 0.9836859583796265}",3.655678029179654e-07,0.0
balanced,11100,3,1,-1.0,1.0,0.0,-0.5603936344322638,-0.592200290176905,0.9686938553666435,0.9686938553666434,1.1102230246251565e-16,False,-0.9686938553666435,-0.8873353494454953,-0.8918429791898133,0.08135850592114824,0.07685087617683029,0.27131742297158123,0.19052582481242417,0.7378352383501063,0.9828458073791286,0.5465911532366458,0.27132140408210254,0.30552680493835743,0.5383417438746884,0.09460473348900587,3.398520826122203e-17,0.20368453662557165,0.0,0.1792426117102452,fast|slow,event,True,"{""event"": 0.8783200899568596, ""fast"": 0.7639854458904677, ""slow"": 0.9836859583796265}","{""fast"": 0.7639854458904677, ""slow"": 0.9836859583796265}",3.655678029179654e-07,0.0
balanced,11100,3,2,1.0,1.0,0.0,-1.4314943003800413,-1.2325074960033375,1.220165864944529,1.220165864944529,0.0,True,1.2,1.0348725849173617,0.0,0.16512741508263828,1.2,0.24259074686391674,0.0,,,0.0,0.38069823245137285,0.0,0.0,0.0,0.0,0.3123333944081278,0.12349526742505826,0.1792426117102452,,event|fast|slow,True,"{""event"": 0.8783200899568596, ""fast"": 1.106048175114624, ""slow"": 1.1202494896806015}",{},3.003799962097986e-07,0.0
balanced,11100,3,2,-1.0,1.0,0.0,-1.4314943003800413,-1.2325074960033375,1.220165864944529,1.220165864944529,0.0,True,-1.220165864944529,-1.0348725849173617,-1.1131488323976129,0.18529328002716738,0.10701703254691619,0.6218228589237826,0.5005274854918242,0.8756681114139057,0.9925665306242317,1.149973428512915,0.38069823245137285,0.5037928823063125,1.1129247061500323,0.2895470337037023,5.0977812391833036e-17,0.3123333944081278,0.12349526742505826,0.1792426117102452,fast|slow,event,True,"{""event"": 0.8783200899568596, ""fast"": 1.106048175114624, ""slow"": 1.1202494896806015}","{""fast"": 1.106048175114624, ""slow"": 1.1202494896806015}",3.003799962097986e-07,0.0
balanced,00010,1,3,1.0,1.0,0.0,0.0,0.0,1.0,1.0,0.0,False,1.0,0.9208516751759762,0.0,0.07914832482402379,1.0,0.24259074686391674,0.0,,,0.0,0.4530112164104049,0.0,0.0,0.0,0.0,0.3123333944081278,0.27484377212958977,0.1792426117102452,,event|fast|slow,True,"{""event"": 0.8783200899568596, ""fast"": 0.7639854458904677, ""slow"": 1.1202494896806015}",{},0.0,0.0
balanced,00010,1,3,-1.0,1.0,0.0,0.0,0.0,1.0,1.0,0.0,False,-1.0,-0.9328565265458204,0.0,0.06714347345417959,1.0,0.24259074686391674,0.0,,,0.0,0.360111181602589,0.0,0.0,0.0,0.0,0.3123333944081278,0.0,0.1792426117102452,,event|slow,True,"{""event"": 0.8783200899568596, ""fast"": 0.7639854458904677, ""slow"": 1.1202494896806015}",{},0.0,0.0
balanced,10010,2,0,1.0,1.0000000000000002,0.0,-0.44782404990407276,-0.45904963787716946,0.988837183836523,0.9888371838365231,1.1102230246251565e-16,False,0.988837183836523,0.8240689231707043,0.7969433397776267,0.16476826066581862,0.1918938440588963,0.47213395307753414,0.5693059005973957,0.048008194568593385,0.05258331465690175,0.6475621142415243,0.4393466418361378,0.6016805673610867,0.5147835070315019,0.3928544675694814,1.0195562478366607e-16,0.2921616996828296,0.27484377212958977,0.1792426117102452,fast|slow,event,True,"{""event"": 0.8783200899568596, ""fast"": 0.7639854458904677, ""slow"": 0.8299012336647856}","{""fast"": 0.7639854458904677, ""slow"": 0.8299012336647856}",4.990407154181753e-08,0.0
balanced,10010,2,0,-1.0,1.0000000000000002,0.0,-0.44782404990407276,-0.45904963787716946,0.988837183836523,0.9888371838365231,1.1102230246251565e-16,False,-0.988837183836523,-0.8360737745405484,-0.8149506168323928,0.15276340929597454,0.1738865670041302,0.2777900580378109,0.2777900580378109,0.5479906685684315,0.6429002999173015,0.6475621142415243,0.3427628518586424,0.43824254952424446,0.5147835070315019,0.3928544675694814,1.0195562478366607e-16,0.2921616996828296,0.0,0.1792426117102452,fast|slow,event,True,"{""event"": 0.8783200899568596, ""fast"": 0.7639854458904677, ""slow"": 0.8299012336647856}","{""fast"": 0.7639854458904677, ""slow"": 0.8299012336647856}",4.990407154181753e-08,0.0
balanced,10010,2,3,1.0,1.0000000000000002,0.0,-1.0189247158518504,-0.9993568437036021,1.0197605778530003,1.0197605778530003,0.0,False,1.0197605778530003,0.9208516751759762,0.9421174677855346,0.09890890267702412,0.07764311006746571,0.5911804887873717,0.5645855985177083,0.7350865063844134,0.8004051066164307,1.1463237758040268,0.4530112164104049,0.6240635454559745,0.9112771740718211,0.6954366333385641,1.3594083304488811e-16,0.3123333944081278,0.27484377212958977,0.1792426117102452,fast|slow,event,True,"{""event"": 0.8783200899568596, ""fast"": 0.7639854458904677, ""slow"": 1.1202494896806015}","{""fast"": 0.7639854458904677, ""slow"": 1.1202494896806015}",2.8414819008837355e-07,0.0
balanced,10010,2,3,-1.0,1.0000000000000002,0.0,-1.0189247158518504,-0.9993568437036021,1.0197605778530003,1.0197605778530003,0.0,False,-1.0197605778530003,-0.9328565265458204,-0.9601247448403007,0.08690405130717993,0.05963583301269959,0.5911804887873717,0.5645855985177083,0.46170137344263584,0.5323280510975651,1.1463237758040268,0.360111181602589,0.4685000916121917,0.9112771740718211,0.6954366333385641,1.3594083304488811e-16,0.3123333944081278,0.0,0.1792426117102452,fast|slow,event,True,"{""event"": 0.8783200899568596, ""fast"": 0.7639854458904677, ""slow"": 1.1202494896806015}","{""fast"": 0.7639854458904677, ""slow"": 1.1202494896806015}",2.8414819008837355e-07,0.0
balanced,01010,2,1,1.0,1.0,0.0,-0.1723048756682517,-0.15152197267637887,1.021000371449408,1.0210003714494083,2.220446049250313e-16,False,1.021000371449408,0.8753304980756512,0.8738357021350471,0.1456698733737568,0.1471646693143609,0.30389616621040605,0.4010681137302677,-0.02934923306779921,-0.03313391149879235,0.25537955116303007,0.3862051312340444,0.5131370201635138,0.20301555338180624,0.15493030767835478,1.6992604130611014e-17,0.20368453662557165,0.27484377212958977,0.1792426117102452,fast|slow,event,True,"{""event"": 0.8783200899568596, ""fast"": 0.7639854458904677, ""slow"": 0.9836859583796265}","{""fast"": 0.7639854458904677, ""slow"": 0.9836859583796265}",1.2433175600179425e-07,0.0
balanced,01010,2,1,-1.0,1.0,0.0,-0.1723048756682517,-0.15152197267637887,1.021000371449408,1.0210003714494083,2.220446049250313e-16,False,-1.021000371449408,-0.8873353494454953,-0.8918429791898133,0.13366502200391273,0.12915739225959477,0.12674366621790165,0.10955227117068289,0.5727663890111623,0.7629630773749867,0.25537955116303007,0.27132140408210254,0.30552680493835743,0.20301555338180624,0.15493030767835478,1.6992604130611014e-17,0.20368453662557165,0.0,0.1792426117102452,fast|slow,event,True,"{""event"": 0.8783200899568596, ""fast"": 0.7639854458904677, ""slow"": 0.9836859583796265}","{""fast"": 0.7639854458904677, ""slow"": 0.9836859583796265}",1.2433175600179425e-07,0.0
balanced,01010,2,3,1.0,1.0,0.0,-1.8434055416160295,-1.9618291785028112,0.8883196479206783,0.8883196479206783,0.0,False,0.8883196479206783,0.9208516751759762,0.9421174677855346,0.03253202725529791,0.05379781986485632,0.5740200496856154,0.47931956652332036,0.9041041383280016,0.9844413724720829,1.358113034164944,0.4530112164104049,0.6240635454559745,1.07964035464228,0.8239221554228305,0.0,0.3123333944081278,0.27484377212958977,0.1792426117102452,fast|slow,event,True,"{""event"": 0.8783200899568596, ""fast"": 0.7639854458904677, ""slow"": 1.1202494896806015}","{""fast"": 0.7639854458904677, ""slow"": 1.1202494896806015}",4.583840755856272e-07,0.0
balanced,01010,2,3,-1.0,1.0,0.0,-1.8434055416160295,-1.9618291785028112,0.8883196479206783,0.8883196479206783,0.0,False,-0.8883196479206783,-0.9328565265458204,-0.9601247448403007,0.04453687862514211,0.07180509691962245,0.58260094326932,0.58260094326932,0.6743214945419816,0.7774727727712283,1.358113034164944,0.360111181602589,0.4685000916121917,1.07964035464228,0.8239221554228305,0.0,0.3123333944081278,0.0,0.1792426117102452,fast|slow,event,True,"{""event"": 0.8783200899568596, ""fast"": 0.7639854458904677, ""slow"": 1.1202494896806015}","{""fast"": 0.7639854458904677, ""slow"": 1.1202494896806015}",4.583840755856272e-07,0.0
balanced,11010,3,0,1.0,1.0,0.0,-1.5193095409480246,-1.6377185814280826,0.888332614290191,0.888332614290191,0.0,False,0.888332614290191,0.8240689231707043,0.7969433397776267,0.0642636911194866,0.09138927451256429,0.47839045012845927,0.4045357841064594,0.5623167957216584,0.6159048735741487,0.9551215259249453,0.4393466418361378,0.6016805673610867,0.9489284293292715,0.10859081589102158,0.0,0.2921616996828296,0.27484377212958977,0.1792426117102452,fast|slow,event,True,"{""event"": 0.8783200899568596, ""fast"": 0.7639854458904677, ""slow"": 0.8299012336647856}","{""fast"": 0.7639854458904677, ""slow"": 0.8299012336647856}",4.590520807923326e-07,0.0
balanced,11010,3,0,-1.0,1.0,0.0,-1.5193095409480246,-1.6377185814280826,0.888332614290191,0.888332614290191,0.0,False,-0.888332614290191,-0.8360737745405484,-0.8149506168323928,0.052258839749642516,0.07338199745779816,0.47839045012845927,0.4045357841064594,0.8119312239984187,0.9525542264879282,0.9551215259249453,0.3427628518586424,0.43824254952424446,0.9489284293292715,0.10859081589102158,0.0,0.2921616996828296,0.0,0.1792426117102452,fast|slow,event,True,"{""event"": 0.8783200899568596, ""fast"": 0.7639854458904677, ""slow"": 0.8299012336647856}","{""fast"": 0.7639854458904677, ""slow"": 0.8299012336647856}",4.590520807923326e-07,0.0
balanced,11010,3,1,1.0,1.0,0.0,-0.41930954094802453,-0.3677185814280827,1.0529449573042662,1.0529449573042662,0.0,False,1.0529449573042662,0.8753304980756512,0.8738357021350471,0.17761445922861496,0.17910925516921905,0.28535788635549,0.38252983387535155,0.24716872149558566,0.2790419267306093,0.42149914162191865,0.3862051312340444,0.5131370201635138,0.40136570999222304,0.1287132208844645,3.398520826122203e-17,0.20368453662557165,0.27484377212958977,0.1792426117102452,fast|slow,event,True,"{""event"": 0.8783200899568596, ""fast"": 0.7639854458904677, ""slow"": 0.9836859583796265}","{""fast"": 0.7639854458904677, ""slow"": 0.9836859583796265}",4.590520807923326e-07,0.0
balanced,11010,3,1,-1.0,1.0,0.0,-0.41930954094802453,-0.3677185814280827,1.0529449573042662,1.0529449573042662,0.0,False,-1.0529449573042662,-0.8873353494454953,-0.8918429791898133,0.16560960785877088,0.16110197811445293,0.16239534883953563,0.1346582648501695,0.6611601104115047,0.8807094168846501,0.42149914162191865,0.27132140408210254,0.30552680493835743,0.40136570999222304,0.1287132208844645,3.398520826122203e-17,0.20368453662557165,0.0,0.1792426117102452,fast|slow,event,True,"{""event"": 0.8783200899568596, ""fast"": 0.7639854458904677, ""slow"": 0.9836859583796265}","{""fast"": 0.7639854458904677, ""slow"": 0.9836859583796265}",4.590520807923326e-07,0.0
balanced,11010,3,3,1.0,1.0,0.0,-2.090410206895802,-2.1780257872545152,0.9161129808645979,0.9161129808645979,0.0,False,0.9161129808645979,0.9208516751759762,0.9421174677855346,0.0047386943113783,0.02600448692093671,0.5697587713305161,0.4484633978985578,0.9181285962348094,0.9997120210673731,1.3647504813199787,0.4530112164104049,0.6240635454559745,1.0458926638525206,0.8767282429365396,6.797041652244406e-17,0.3123333944081278,0.27484377212958977,0.1792426117102452,fast|slow,event,True,"{""event"": 0.8783200899568596, ""fast"": 0.7639854458904677, ""slow"": 1.1202494896806015}","{""fast"": 0.7639854458904677, ""slow"": 1.1202494896806015}",2.068957808409877e-07,0.0
balanced,11010,3,3,-1.0,1.0,0.0,-2.090410206895802,-2.1780257872545152,0.9161129808645979,0.9161129808645979,0.0,False,-0.9161129808645979,-0.9328565265458204,-0.9601247448403007,0.016743545681222494,0.04401176397570283,0.6199404858381939,0.6199404858381939,0.6646846892717698,0.7663618208369778,1.3647504813199787,0.360111181602589,0.4685000916121917,1.0458926638525206,0.8767282429365396,6.797041652244406e-17,0.3123333944081278,0.0,0.1792426117102452,fast|slow,event,True,"{""event"": 0.8783200899568596, ""fast"": 0.7639854458904677, ""slow"": 1.1202494896806015}","{""fast"": 0.7639854458904677, ""slow"": 1.1202494896806015}",2.068957808409877e-07,0.0
balanced,00110,2,2,1.0,1.0,0.0,-0.3711006659477777,-0.2703072058264326,1.106048175114624,1.106048175114624,0.0,False,1.106048175114624,1.0348725849173617,1.106048175114624,0.07117559019726238,0.0,0.24259074686391674,0.0,0.32439149147043256,1.0,0.37048580227517486,0.38069823245137285,0.37048580227517486,0.0,0.37048580227517486,0.0,0.3123333944081278,0.12349526742505826,0.1792426117102452,fast,event|slow,True,"{""event"": 0.8783200899568596, ""fast"": 1.106048175114624, ""slow"": 1.1202494896806015}","{""fast"": 1.106048175114624}",3.3405227806149185e-07,0.0
balanced,00110,2,2,-1.0,1.0,0.0,-0.3711006659477777,-0.2703072058264326,1.106048175114624,1.106048175114624,0.0,False,-1.106048175114624,-1.0348725849173617,-1.106048175114624,0.07117559019726238,0.0,0.24259074686391674,0.0,0.32439149147043256,1.0,0.37048580227517486,0.38069823245137285,0.37048580227517486,0.0,0.37048580227517486,0.0,0.3123333944081278,0.12349526742505826,0.1792426117102452,fast,event|slow,True,"{""event"": 0.8783200899568596, ""fast"": 1.106048175114624, ""slow"": 1.1202494896806015}","{""fast"": 1.106048175114624}",3.3405227806149185e-07,0.0
balanced,00110,2,3,1.0,1.0,0.0,-1.1711006659477778,-1.4403072058264326,0.7639854458904677,0.7639854458904677,0.0,True,0.7639854458904677,0.9208516751759762,0.7639854458904677,0.15686622928550853,0.0,0.3886877900794464,0.0,0.6067041216052262,0.9999999999999999,0.8245313163887695,0.4530112164104049,0.8245313163887695,0.0,0.8245313163887695,0.0,0.3123333944081278,0.27484377212958977,0.1792426117102452,fast,event|slow,True,"{""event"": 0.8783200899568596, ""fast"": 0.7639854458904677, ""slow"": 1.1202494896806015}","{""fast"": 0.7639854458904677}",3.3405227783944724e-07,0.0
balanced,00110,2,3,-1.0,1.0,0.0,-1.1711006659477778,-1.4403072058264326,0.7639854458904677,0.7639854458904677,0.0,True,-0.8,-0.9328565265458204,0.0,0.13285652654582036,0.8,0.24259074686391674,0.0,,,0.0,0.360111181602589,0.0,0.0,0.0,0.0,0.3123333944081278,0.0,0.1792426117102452,,event|slow,True,"{""event"": 0.8783200899568596, ""fast"": 0.7639854458904677, ""slow"": 1.1202494896806015}",{},3.3405227783944724e-07,0.0
balanced,10110,3,0,1.0,1.0,0.0,-1.0374879504858858,-1.2411538747320878,0.815734842904204,0.815734842904204,0.0,False,0.815734842904204,0.8240689231707043,0.8299012336647856,0.008334080266500399,0.014166390760581682,0.4830281817272769,0.42093506060394187,0.537794563482889,0.8087241952673546,0.8201678958069973,0.4393466418361378,0.8764850990484889,0.8201678958069973,6.206335383118183e-17,0.0,0.2921616996828296,0.27484377212958977,0.1792426117102452,slow,event|fast,True,"{""event"": 0.8783200899568596, ""fast"": 0.7639854458904677, ""slow"": 0.8299012336647856}","{""slow"": 0.8299012336647856}",4.951411547438056e-08,0.0
balanced,10110,3,0,-1.0,1.0,0.0,-1.0374879504858858,-1.2411538747320878,0.815734842904204,0.815734842904204,0.0,False,-0.815734842904204,-0.8360737745405484,-0.8299012336647856,0.02033893163634448,0.014166390760581682,0.4830281817272769,0.42093506060394187,0.6893344310292459,0.8087241952673546,0.8201678958069973,0.3427628518586424,0.8764850990484889,0.8201678958069973,6.206335383118183e-17,0.0,0.2921616996828296,0.0,0.1792426117102452,slow,event,True,"{""event"": 0.8783200899568596, ""fast"": 0.7639854458904677, ""slow"": 0.8299012336647856}","{""slow"": 0.8299012336647856}",4.951411547438056e-08,0.0
balanced,10110,3,2,1.0,1.0,0.0,-0.8085886164336633,-0.6114610805585204,1.2178993566618075,1.2178993566618075,0.0,True,1.2,1.0348725849173617,0.0,0.16512741508263828,1.2,0.24259074686391674,0.0,,,0.0,0.38069823245137285,0.0,0.0,0.0,0.0,0.3123333944081278,0.12349526742505826,0.1792426117102452,,event|fast|slow,True,"{""event"": 0.8783200899568596, ""fast"": 1.106048175114624, ""slow"": 1.1202494896806015}",{},3.835664101892178e-07,0.0
balanced,10110,3,2,-1.0,1.0,0.0,-0.8085886164336633,-0.6114610805585204,1.2178993566618075,1.2178993566618075,0.0,True,-1.2178993566618075,-1.0348725849173617,-1.1131488323976129,0.18302677174444582,0.10475052426419462,0.2988446342564563,0.28410144948688487,0.6305422806216345,0.7147173178180072,0.6436467865395672,0.38069823245137285,0.5037928823063125,0.4978518438262723,0.4079518690011019,3.398520826122203e-17,0.3123333944081278,0.12349526742505826,0.1792426117102452,fast|slow,event,True,"{""event"": 0.8783200899568596, ""fast"": 1.106048175114624, ""slow"": 1.1202494896806015}","{""fast"": 1.106048175114624, ""slow"": 1.1202494896806015}",3.835664101892178e-07,0.0
balanced,10110,3,3,1.0,1.0,0.0,-1.6085886164336636,-1.7814610805585205,0.8412448969074586,0.8412448969074586,0.0,False,0.8412448969074586,0.9208516751759762,0.9421174677855346,0.07960677826851759,0.100872570878076,0.4476479550408563,0.35047600752099467,0.7309014923669243,0.7958482190096434,0.9708567538492754,0.4530112164104049,0.6240635454559745,0.3438833601019131,0.9079135813169502,1.6992604130611014e-17,0.3123333944081278,0.27484377212958977,0.1792426117102452,fast|slow,event,True,"{""event"": 0.8783200899568596, ""fast"": 0.7639854458904677, ""slow"": 1.1202494896806015}","{""fast"": 0.7639854458904677, ""slow"": 1.1202494896806015}",3.8356640996717317e-07,0.0
balanced,10110,3,3,-1.0,1.0,0.0,-1.6085886164336636,-1.7814610805585205,0.8412448969074586,0.8412448969074586,0.0,False,-0.8412448969074586,-0.9328565265458204,-0.9601247448403007,0.09161162963836178,0.11887984793284212,0.6419918500805795,0.6419918500805795,0.20571879889178005,0.23718770094107003,0.9708567538492754,0.360111181602589,0.4685000916121917,0.3438833601019131,0.9079135813169502,1.6992604130611014e-17,0.3123333944081278,0.0,0.1792426117102452,fast|slow,event,True,"{""event"": 0.8783200899568596, ""fast"": 0.7639854458904677, ""slow"": 1.1202494896806015}","{""fast"": 0.7639854458904677, ""slow"": 1.1202494896806015}",3.8356640996717317e-07,0.0
balanced,01110,3,1,1.0,0.9999999999999998,0.0,-0.4740769841801068,-0.5251629497306352,0.9501969828145744,0.9501969828145743,1.1102230246251565e-16,False,0.9501969828145744,0.8753304980756512,0.9836859583796265,0.07486648473892321,0.03348897556505204,0.27331695299409264,0.14011710978975087,0.5061746009504878,0.9597548808861355,0.5489898504406276,0.3862051312340444,0.6110536098767149,0.5489898504406276,1.3877787807814457e-17,6.797041652244406e-17,0.20368453662557165,0.27484377212958977,0.1792426117102452,slow,event|fast,True,"{""event"": 0.8783200899568596, ""fast"": 0.7639854458904677, ""slow"": 0.9836859583796265}","{""slow"": 0.9836859583796265}",1.5819893395274676e-08,0.0
balanced,01110,3,1,-1.0,0.9999999999999998,0.0,-0.4740769841801068,-0.5251629497306352,0.9501969828145744,0.9501969828145743,1.1102230246251565e-16,False,-0.9501969828145744,-0.8873353494454953,-0.9836859583796265,0.06286163336907913,0.03348897556505204,0.27331695299409264,0.14011710978975087,0.7205005769772157,0.9597548808861355,0.5489898504406276,0.27132140408210254,0.6110536098767149,0.5489898504406276,1.3877787807814457e-17,6.797041652244406e-17,0.20368453662557165,0.0,0.1792426117102452,slow,event,True,"{""event"": 0.8783200899568596, ""fast"": 0.7639854458904677, ""slow"": 0.9836859583796265}","{""slow"": 0.9836859583796265}",1.5819893395274676e-08,0.0
balanced,01110,3,2,1.0,0.9999999999999998,0.0,-1.3451776501278845,-1.1654701555570677,1.1968672217548066,1.1968672217548066,0.0,False,1.1968672217548066,1.0348725849173617,1.1131488323976129,0.16199463683744497,0.08371838935719378,0.5184968979741877,0.42379641481189273,0.8654673763814258,0.9810040356001097,1.0784085921549065,0.38069823245137285,0.5037928823063125,1.0011187604662801,0.4009068708266126,1.3594083304488811e-16,0.3123333944081278,0.12349526742505826,0.1792426117102452,fast|slow,event,True,"{""event"": 0.8783200899568596, ""fast"": 1.106048175114624, ""slow"": 1.1202494896806015}","{""fast"": 1.106048175114624, ""slow"": 1.1202494896806015}",3.4987217678583704e-07,0.0
balanced,01110,3,2,-1.0,0.9999999999999998,0.0,-1.3451776501278845,-1.1654701555570677,1.1968672217548066,1.1968672217548066,0.0,False,-1.1968672217548066,-1.0348725849173617,-1.1131488323976129,0.16199463683744497,0.08371838935719378,0.5184968979741877,0.42379641481189273,0.8654673763814258,0.9810040356001097,1.0784085921549065,0.38069823245137285,0.5037928823063125,1.0011187604662801,0.4009068708266126,1.3594083304488811e-16,0.3123333944081278,0.12349526742505826,0.1792426117102452,fast|slow,event,True,"{""event"": 0.8783200899568596, ""fast"": 1.106048175114624, ""slow"": 1.1202494896806015}","{""fast"": 1.106048175114624, ""slow"": 1.1202494896806015}",3.4987217678583704e-07,0.0
balanced,01110,3,3,1.0,0.9999999999999998,0.0,-2.1451776501278847,-2.3354701555570676,0.8267172792805969,0.8267172792805969,0.0,False,0.8267172792805969,0.9208516751759762,0.9421174677855346,0.09413439589537931,0.11540018850493772,0.4365612760585311,0.3393893285386695,0.8926063815602027,0.9719219435999015,1.128833351252061,0.4530112164104049,0.6240635454559745,0.6915070968991743,0.8922346495384692,1.0195562478366607e-16,0.3123333944081278,0.27484377212958977,0.1792426117102452,fast|slow,event,True,"{""event"": 0.8783200899568596, ""fast"": 0.7639854458904677, ""slow"": 1.1202494896806015}","{""fast"": 0.7639854458904677, ""slow"": 1.1202494896806015}",3.4987217656379244e-07,0.0
balanced,01110,3,3,-1.0,0.9999999999999998,0.0,-2.1451776501278847,-2.3354701555570676,0.8267172792805969,0.8267172792805969,0.0,False,-0.8267172792805969,-0.9328565265458204,-0.9601247448403007,0.1061392472652235,0.13340746555970384,0.6309051710982543,0.6309051710982543,0.5196256980868799,0.599113087102757,1.128833351252061,0.360111181602589,0.4685000916121917,0.6915070968991743,0.8922346495384692,1.0195562478366607e-16,0.3123333944081278,0.0,0.1792426117102452,fast|slow,event,True,"{""event"": 0.8783200899568596, ""fast"": 0.7639854458904677, ""slow"": 1.1202494896806015}","{""fast"": 0.7639854458904677, ""slow"": 1.1202494896806015}",3.4987217656379244e-07,0.0
balanced,11110,4,0,1.0,1.0,0.0,-1.7623795458312448,-1.9488281266878698,0.829901233664786,0.8299012336647859,1.1102230246251565e-16,False,0.829901233664786,0.8240689231707043,0.8299012336647856,0.005832310494081616,3.3306690738754696e-16,0.4744595719546669,2.220446049250313e-16,0.6649913117847309,1.0,0.8764850990484893,0.4393466418361378,0.8764850990484889,0.8764850990484893,0.0,0.0,0.2921616996828296,0.27484377212958977,0.1792426117102452,slow,event|fast,True,"{""event"": 0.8783200899568596, ""fast"": 0.7639854458904677, ""slow"": 0.8299012336647856}","{""slow"": 0.8299012336647856}",4.5416885829929754e-07,0.0
balanced,11110,4,0,-1.0,1.0,0.0,-1.7623795458312448,-1.9488281266878698,0.829901233664786,0.8299012336647859,1.1102230246251565e-16,False,-0.829901233664786,-0.8360737745405484,-0.8299012336647856,0.006172540875762467,3.3306690738754696e-16,0.4744595719546669,2.220446049250313e-16,0.8523727063728568,1.0,0.8764850990484893,0.3427628518586424,0.8764850990484889,0.8764850990484893,0.0,0.0,0.2921616996828296,0.0,0.1792426117102452,slow,event,True,"{""event"": 0.8783200899568596, ""fast"": 0.7639854458904677, ""slow"": 0.8299012336647856}","{""slow"": 0.8299012336647856}",4.5416885829929754e-07,0.0
balanced,11110,4,1,1.0,1.0,0.0,-0.6623795458312446,-0.67882812668787,0.9836859583796266,0.9836859583796267,1.1102230246251565e-16,False,0.9836859583796266,0.8753304980756512,0.9836859583796265,0.10835546030397536,1.1102230246251565e-16,0.32316639263662816,5.551115123125783e-17,0.5273998716038205,1.0000000000000002,0.6110536098767149,0.3862051312340444,0.6110536098767149,0.611053609876715,0.0,5.0977812391833036e-17,0.20368453662557165,0.27484377212958977,0.1792426117102452,slow,event|fast,True,"{""event"": 0.8783200899568596, ""fast"": 0.7639854458904677, ""slow"": 0.9836859583796265}","{""slow"": 0.9836859583796265}",4.5416885852134214e-07,0.0
balanced,11110,4,1,-1.0,1.0,0.0,-0.6623795458312446,-0.67882812668787,0.9836859583796266,0.9836859583796267,1.1102230246251565e-16,False,-0.9836859583796266,-0.8873353494454953,-0.9836859583796265,0.09635060893413128,1.1102230246251565e-16,0.32316639263662816,5.551115123125783e-17,0.7507131157405341,1.0000000000000002,0.6110536098767149,0.27132140408210254,0.6110536098767149,0.611053609876715,0.0,5.0977812391833036e-17,0.20368453662557165,0.0,0.1792426117102452,slow,event,True,"{""event"": 0.8783200899568596, ""fast"": 0.7639854458904677, ""slow"": 0.9836859583796265}","{""slow"": 0.9836859583796265}",4.5416885852134214e-07,0.0
balanced,11110,4,2,1.0,1.0,0.0,-1.5334802117790223,-1.3191353325143025,1.2390499037343181,1.2390499037343183,2.220446049250313e-16,True,1.2,1.0348725849173617,0.0,0.16512741508263828,1.2,0.24259074686391674,0.0,,,0.0,0.38069823245137285,0.0,0.0,0.0,0.0,0.3123333944081278,0.12349526742505826,0.1792426117102452,,event|fast|slow,True,"{""event"": 0.8783200899568596, ""fast"": 1.106048175114624, ""slow"": 1.1202494896806015}",{},2.117789998923314e-07,0.0
balanced,11110,4,2,-1.0,1.0,0.0,-1.5334802117790223,-1.3191353325143025,1.2390499037343181,1.2390499037343183,2.220446049250313e-16,True,-1.2390499037343181,-1.0348725849173617,-1.1131488323976129,0.20417731881695644,0.12590107133670525,0.5623604117416696,0.44106503830971133,0.8822176391361332,0.9999903958121306,1.116383711409837,0.38069823245137285,0.5037928823063125,1.0363673427373976,0.4150365309326728,0.0,0.3123333944081278,0.12349526742505826,0.1792426117102452,fast|slow,event,True,"{""event"": 0.8783200899568596, ""fast"": 1.106048175114624, ""slow"": 1.1202494896806015}","{""fast"": 1.106048175114624, ""slow"": 1.1202494896806015}",2.117789998923314e-07,0.0
balanced,11110,4,3,1.0,1.0,0.0,-2.3334802117790225,-2.4891353325143024,0.8558543058822033,0.8558543058822033,0.0,False,0.8558543058822033,0.9208516751759762,0.9421174677855346,0.06499736929377287,0.08626316190333128,0.4587970526826479,0.3616251051627863,0.9018923324898014,0.9820330291378444,1.1686033819623927,0.4530112164104049,0.6240635454559745,0.7158545027801305,0.9236807864101937,1.6992604130611014e-17,0.3123333944081278,0.27484377212958977,0.1792426117102452,fast|slow,event,True,"{""event"": 0.8783200899568596, ""fast"": 0.7639854458904677, ""slow"": 1.1202494896806015}","{""fast"": 0.7639854458904677, ""slow"": 1.1202494896806015}",2.117789998923314e-07,0.0
balanced,11110,4,3,-1.0,1.0,0.0,-2.3334802117790225,-2.4891353325143024,0.8558543058822033,0.8558543058822033,0.0,False,-0.8558543058822033,-0.9328565265458204,-0.9601247448403007,0.07700222066361706,0.1042704389580974,0.6531409477223711,0.6531409477223711,0.5312995360917585,0.6125726776333835,1.1686033819623927,0.360111181602589,0.4685000916121917,0.7158545027801305,0.9236807864101937,1.6992604130611014e-17,0.3123333944081278,0.0,0.1792426117102452,fast|slow,event,True,"{""event"": 0.8783200899568596, ""fast"": 0.7639854458904677, ""slow"": 1.1202494896806015}","{""fast"": 0.7639854458904677, ""slow"": 1.1202494896806015}",2.117789998923314e-07,0.0
balanced,00001,1,4,1.0,1.0,0.0,0.0,0.0,1.0,1.0,0.0,False,1.0,1.028078311857023,0.0,0.02807831185702292,1.0,0.24259074686391674,0.0,,,0.0,0.4160423636373164,0.0,0.0,0.0,0.0,0.3123333944081278,0.27484377212958977,0.0,,fast|slow,True,"{""event"": 1.221715251719432, ""fast"": 0.7639854458904677, ""slow"": 1.1202494896806015}",{},0.0,0.0
balanced,00001,1,4,-1.0,1.0,0.0,0.0,0.0,1.0,1.0,0.0,False,-1.0,-1.0473215804666778,0.0,0.04732158046667778,1.0,0.24259074686391674,0.0,,,0.0,0.451907711526487,0.0,0.0,0.0,0.0,0.3123333944081278,0.0,0.32660133262833374,,event|slow,True,"{""event"": 1.221715251719432, ""fast"": 0.7639854458904677, ""slow"": 1.1202494896806015}",{},0.0,0.0
balanced,10001,2,0,1.0,0.9999999999999999,0.0,-1.4344969495562574,-1.8499138899904648,0.6600650155301995,0.6600650155301995,0.0,True,0.6600650155301995,0.8240689231707043,0.8541106618108226,0.16400390764050488,0.19404564628062315,0.42952565922451347,0.3661538261155627,0.7247840811835435,0.929013895168557,0.981845208073118,0.4393466418361378,0.5141442777879637,0.5874937342302684,0.0,0.7866836243727965,0.2921616996828296,0.27484377212958977,0.1792426117102452,event|slow,fast,True,"{""event"": 0.8783200899568596, ""fast"": 0.7639854458904677, ""slow"": 0.8299012336647856}","{""event"": 0.8783200899568596, ""slow"": 0.8299012336647856}",5.044374384866046e-08,0.0
balanced,10001,2,0,-1.0,0.9999999999999999,0.0,-1.4344969495562574,-1.8499138899904648,0.6600650155301995,0.6600650155301995,0.0,True,-0.8,-0.8360737745405484,0.0,0.03607377454054839,0.8,0.23722978597733332,0.0,,,0.0,0.3427628518586424,0.0,0.0,0.0,0.0,0.2921616996828296,0.0,0.1792426117102452,,event|slow,True,"{""event"": 0.8783200899568596, ""fast"": 0.7639854458904677, ""slow"": 0.8299012336647856}",{},5.044374384866046e-08,0.0
balanced,10001,2,4,1.0,0.9999999999999999,0.0,-0.2721174037250128,-0.171085763302595,1.1063116453774415,1.1063116453774415,0.0,False,1.1063116453774415,1.028078311857023,1.1601247448403007,0.07823333352041861,0.05381309946285917,0.27763960106654473,0.3723400842288397,0.04703333351393258,0.06265055096641146,0.30706336312814236,0.4160423636373164,0.4685000916121917,0.18373344430074662,0.0,0.24602831223448623,0.3123333944081278,0.27484377212958977,0.0,event|slow,fast,True,"{""event"": 1.221715251719432, ""fast"": 0.7639854458904677, ""slow"": 1.1202494896806015}","{""event"": 1.221715251719432, ""slow"": 1.1202494896806015}",4.03724931263838e-07,0.0
balanced,10001,2,4,-1.0,0.9999999999999999,0.0,-0.2721174037250128,-0.171085763302595,1.1063116453774415,1.1063116453774415,0.0,False,-1.1063116453774415,-1.0473215804666778,-1.1709823707000169,0.05899006491076375,0.06467072532257534,0.27763960106654473,0.3723400842288397,0.6223628572733862,0.6223628572733861,0.30706336312814236,0.451907711526487,0.6778615672897305,0.18373344430074662,0.0,0.24602831223448623,0.3123333944081278,0.0,0.32660133262833374,event|slow,,False,"{""event"": 1.221715251719432, ""fast"": 0.7639854458904677, ""slow"": 1.1202494896806015}","{""event"": 1.221715251719432, ""slow"": 1.1202494896806015}",4.03724931263838e-07,0.0
balanced,01001,2,1,1.0,1.0,0.0,-0.7248232756013164,-0.9183098999044088,0.8240808587771877,0.8240808587771877,0.0,False,0.8240808587771877,0.8753304980756512,0.931003024168243,0.05124963929846349,0.10692216539105526,0.3683697606281575,0.30499792751920674,0.6370263578058012,0.9067579793354146,0.7647658202718234,0.3862051312340444,0.4069821061231538,0.3075583667688768,0.0,0.7001961231587162,0.20368453662557165,0.27484377212958977,0.1792426117102452,event|slow,fast,True,"{""event"": 0.8783200899568596, ""fast"": 0.7639854458904677, ""slow"": 0.9836859583796265}","{""event"": 0.8783200899568596, ""slow"": 0.9836859583796265}",2.756012784654871e-07,0.0
balanced,01001,2,1,-1.0,1.0,0.0,-0.7248232756013164,-0.9183098999044088,0.8240808587771877,0.8240808587771877,0.0,False,-0.8240808587771877,-0.8873353494454953,-0.931003024168243,0.06325449066830757,0.10692216539105526,0.3683697606281575,0.30499792751920674,0.9067579793354144,0.9067579793354146,0.7647658202718234,0.27132140408210254,0.4069821061231538,0.3075583667688768,0.0,0.7001961231587162,0.20368453662557165,0.0,0.1792426117102452,event|slow,,False,"{""event"": 0.8783200899568596, ""fast"": 0.7639854458904677, ""slow"": 0.9836859583796265}","{""event"": 0.8783200899568596, ""slow"": 0.9836859583796265}",2.756012784654871e-07,0.0
balanced,01001,2,4,1.0,1.0,0.0,-0.6624437297700718,-0.5094817732165389,1.1652806468075638,1.1652806468075638,0.0,False,1.1652806468075638,1.028078311857023,1.1601247448403007,0.1372023349505409,0.005155901967263121,0.4651720492915547,0.4651720492915547,0.26570402815582367,0.35392991553588504,0.7185175447778558,0.4160423636373164,0.4685000916121917,0.28895915155846635,0.0,0.6578526209450025,0.3123333944081278,0.27484377212958977,0.0,event|slow,fast,True,"{""event"": 1.221715251719432, ""fast"": 0.7639854458904677, ""slow"": 1.1202494896806015}","{""event"": 1.221715251719432, ""slow"": 1.1202494896806015}",2.702299646273332e-07,0.0
balanced,01001,2,4,-1.0,1.0,0.0,-0.6624437297700718,-0.5094817732165389,1.1652806468075638,1.1652806468075638,0.0,False,-1.1652806468075638,-1.0473215804666778,-1.1709823707000169,0.11795906634088604,0.005701723892453048,0.2342300322454967,0.20091398958682563,0.9063140149301525,0.9063140149301523,0.7185175447778558,0.451907711526487,0.6778615672897305,0.28895915155846635,0.0,0.6578526209450025,0.3123333944081278,0.0,0.32660133262833374,event|slow,,False,"{""event"": 1.221715251719432, ""fast"": 0.7639854458904677, ""slow"": 1.1202494896806015}","{""event"": 1.221715251719432, ""slow"": 1.1202494896806015}",2.702299646273332e-07,0.0
balanced,11001,3,0,1.0,1.0,0.0,-1.9743169607900728,-2.294565468034176,0.7259686061977981,0.725968606197798,1.1102230246251565e-16,True,0.7259686061977981,0.8240689231707043,0.8541106618108226,0.09810031697290622,0.1281420556130245,0.3596922383662222,0.24904832135693036,0.7674826020172258,0.9837440143688293,0.9455111471533781,0.4393466418361378,0.5141442777879637,0.7657357098660469,0.0,0.5546531817516585,0.2921616996828296,0.27484377212958977,0.1792426117102452,event|slow,fast,True,"{""event"": 0.8783200899568596, ""fast"": 0.7639854458904677, ""slow"": 0.8299012336647856}","{""event"": 0.8783200899568596, ""slow"": 0.8299012336647856}",3.920992797112888e-08,0.0
balanced,11001,3,0,-1.0,1.0,0.0,-1.9743169607900728,-2.294565468034176,0.7259686061977981,0.725968606197798,1.1102230246251565e-16,True,-0.8,-0.8360737745405484,0.0,0.03607377454054839,0.8,0.23722978597733332,0.0,,,0.0,0.3427628518586424,0.0,0.0,0.0,0.0,0.2921616996828296,0.0,0.1792426117102452,,event|slow,True,"{""event"": 0.8783200899568596, ""fast"": 0.7639854458904677, ""slow"": 0.8299012336647856}",{},3.920992797112888e-08,0.0
balanced,11001,3,1,1.0,1.0,0.0,-0.8743169607900726,-1.0245654680341758,0.8604941108325339,0.8604941108325339,0.0,False,0.8604941108325339,0.8753304980756512,0.931003024168243,0.01483638724311731,0.07050891333570908,0.3381317420106289,0.2747599089016781,0.6609782592773513,0.9408516671608166,0.7628159185900162,0.3862051312340444,0.4069821061231538,0.38687185902187843,0.0,0.6574331071305171,0.20368453662557165,0.27484377212958977,0.1792426117102452,event|slow,fast,True,"{""event"": 0.8783200899568596, ""fast"": 0.7639854458904677, ""slow"": 0.9836859583796265}","{""event"": 0.8783200899568596, ""slow"": 0.9836859583796265}",3.920992819317348e-08,0.0
balanced,11001,3,1,-1.0,1.0,0.0,-0.8743169607900726,-1.0245654680341758,0.8604941108325339,0.8604941108325339,0.0,False,-0.8604941108325339,-0.8873353494454953,-0.931003024168243,0.026841238612961393,0.07050891333570908,0.3381317420106289,0.2747599089016781,0.9408516671608164,0.9408516671608166,0.7628159185900162,0.27132140408210254,0.4069821061231538,0.38687185902187843,0.0,0.6574331071305171,0.20368453662557165,0.0,0.1792426117102452,event|slow,,False,"{""event"": 0.8783200899568596, ""fast"": 0.7639854458904677, ""slow"": 0.9836859583796265}","{""event"": 0.8783200899568596, ""slow"": 0.9836859583796265}",3.920992819317348e-08,0.0
balanced,11001,3,4,1.0,1.0,0.0,-0.811937414958828,-0.615737341346306,1.2167703246170722,1.2167703246170722,0.0,True,1.2,1.028078311857023,0.0,0.17192168814297704,1.2,0.24259074686391674,0.0,,,0.0,0.4160423636373164,0.0,0.0,0.0,0.0,0.3123333944081278,0.27484377212958977,0.0,,fast|slow,True,"{""event"": 1.221715251719432, ""fast"": 0.7639854458904677, ""slow"": 1.1202494896806015}",{},4.149587419233214e-07,0.0
balanced,11001,3,4,-1.0,1.0,0.0,-0.811937414958828,-0.615737341346306,1.2167703246170722,1.2167703246170722,0.0,True,-1.2167703246170722,-1.0473215804666778,-1.1709823707000169,0.16944874415039446,0.04578795391705537,0.32847738063735266,0.21300637211432366,0.8985611236620386,0.8985611236620386,0.830406066563456,0.451907711526487,0.6778615672897305,0.2523372948583916,0.0,0.7911384992584674,0.3123333944081278,0.0,0.32660133262833374,event|slow,,False,"{""event"": 1.221715251719432, ""fast"": 0.7639854458904677, ""slow"": 1.1202494896806015}","{""event"": 1.221715251719432, ""slow"": 1.1202494896806015}",4.149587419233214e-07,0.0
balanced,00101,2,2,1.0,0.9999999999999999,0.0,-1.2650712450614456,-1.3494180274427094,0.9191124688128288,0.9191124688128288,0.0,False,0.9191124688128288,1.0348725849173617,1.0348725849173617,0.11576011610453285,0.11576011610453285,0.5539591391013531,0.5539591391013531,0.8711172400214955,0.8711172400214955,1.1414313662064055,0.38069823245137285,0.38069823245137285,0.5693541119017554,0.2280106152822238,0.9626591392279027,0.3123333944081278,0.12349526742505826,0.1792426117102452,event|fast|slow,,False,"{""event"": 0.8783200899568596, ""fast"": 1.106048175114624, ""slow"": 1.1202494896806015}","{""event"": 0.8783200899568596, ""fast"": 1.106048175114624, ""slow"": 1.1202494896806015}",2.4506141560465267e-07,0.0
balanced,00101,2,2,-1.0,0.9999999999999999,0.0,-1.2650712450614456,-1.3494180274427094,0.9191124688128288,0.9191124688128288,0.0,False,-0.9191124688128288,-1.0348725849173617,-1.0348725849173617,0.11576011610453285,0.11576011610453285,0.5539591391013531,0.5539591391013531,0.8711172400214955,0.8711172400214955,1.1414313662064055,0.38069823245137285,0.38069823245137285,0.5693541119017554,0.2280106152822238,0.9626591392279027,0.3123333944081278,0.12349526742505826,0.1792426117102452,event|fast|slow,,False,"{""event"": 0.8783200899568596, ""fast"": 1.106048175114624, ""slow"": 1.1202494896806015}","{""event"": 0.8783200899568596, ""fast"": 1.106048175114624, ""slow"": 1.1202494896806015}",2.4506141560465267e-07,0.0
balanced,00101,2,4,1.0,0.9999999999999999,0.0,-0.33159103328242345,-0.3002826949284071,1.0318035994669965,1.0318035994669965,0.0,False,1.0318035994669965,1.028078311857023,1.028078311857023,0.003725287609973593,0.003725287609973593,0.4164640749666766,0.4164640749666766,-0.24250354285745016,-0.24250354285745016,0.44879137064888897,0.4160423636373164,0.4160423636373164,0.22386033872032532,0.0896498901156896,0.3785011761133305,0.3123333944081278,0.27484377212958977,0.0,event|fast|slow,,False,"{""event"": 1.221715251719432, ""fast"": 0.7639854458904677, ""slow"": 1.1202494896806015}","{""event"": 1.221715251719432, ""fast"": 0.7639854458904677, ""slow"": 1.1202494896806015}",3.328242292877093e-08,0.0
balanced,00101,2,4,-1.0,0.9999999999999999,0.0,-0.33159103328242345,-0.3002826949284071,1.0318035994669965,1.0318035994669965,0.0,False,-1.0318035994669965,-1.0473215804666778,-1.0473215804666778,0.015517980999681269,0.015517980999681269,0.4164640749666766,0.4164640749666766,0.2647765151093405,0.2647765151093405,0.44879137064888897,0.451907711526487,0.451907711526487,0.22386033872032532,0.0896498901156896,0.3785011761133305,0.3123333944081278,0.0,0.32660133262833374,event|fast|slow,,False,"{""event"": 1.221715251719432, ""fast"": 0.7639854458904677, ""slow"": 1.1202494896806015}","{""event"": 1.221715251719432, ""fast"": 0.7639854458904677, ""slow"": 1.1202494896806015}",3.328242292877093e-08,0.0
balanced,10101,3,0,1.0,1.0,0.0,-1.6964864918502298,-2.1085519129307864,0.6622809474996199,0.66228094749962,1.1102230246251565e-16,True,0.6622809474996199,0.8240689231707043,0.8240689231707043,0.1617879756710845,0.1617879756710845,0.30419512817853245,0.30419512817853245,0.7880829847812989,0.7880829847812989,0.8853281276227035,0.4393466418361378,0.4393466418361378,0.640182330437798,0.05055678315960901,0.6094394875881478,0.2921616996828296,0.27484377212958977,0.1792426117102452,event|fast|slow,,False,"{""event"": 0.8783200899568596, ""fast"": 0.7639854458904677, ""slow"": 0.8299012336647856}","{""event"": 0.8783200899568596, ""fast"": 0.7639854458904677, ""slow"": 0.8299012336647856}",4.918501088635452e-07,0.0
balanced,10101,3,0,-1.0,1.0,0.0,-1.6964864918502298,-2.1085519129307864,0.6622809474996199,0.66228094749962,1.1102230246251565e-16,True,-0.8,-0.8360737745405484,0.0,0.03607377454054839,0.8,0.23722978597733332,0.0,,,0.0,0.3427628518586424,0.0,0.0,0.0,0.0,0.2921616996828296,0.0,0.1792426117102452,,event|slow,True,"{""event"": 0.8783200899568596, ""fast"": 0.7639854458904677, ""slow"": 0.8299012336647856}",{},4.918501088635452e-07,0.0
balanced,10101,3,2,1.0,1.0,0.0,-1.4675871577980073,-1.4788591187572189,0.988791329566735,0.988791329566735,0.0,False,0.988791329566735,1.0348725849173617,1.0348725849173617,0.04608125535062668,0.04608125535062668,0.5166517765800063,0.5166517765800063,0.9057242955682273,0.9057242955682273,1.155035385712156,0.38069823245137285,0.38069823245137285,0.6639238614409103,0.2557273095122774,0.9098985611738443,0.3123333944081278,0.12349526742505826,0.1792426117102452,event|fast|slow,,False,"{""event"": 0.8783200899568596, ""fast"": 1.106048175114624, ""slow"": 1.1202494896806015}","{""event"": 0.8783200899568596, ""fast"": 1.106048175114624, ""slow"": 1.1202494896806015}",1.5779799489301638e-07,0.0
balanced,10101,3,2,-1.0,1.0,0.0,-1.4675871577980073,-1.4788591187572189,0.988791329566735,0.988791329566735,0.0,False,-0.988791329566735,-1.0348725849173617,-1.0348725849173617,0.04608125535062668,0.04608125535062668,0.5166517765800063,0.5166517765800063,0.9057242955682273,0.9057242955682273,1.155035385712156,0.38069823245137285,0.38069823245137285,0.6639238614409103,0.2557273095122774,0.9098985611738443,0.3123333944081278,0.12349526742505826,0.1792426117102452,event|fast|slow,,False,"{""event"": 0.8783200899568596, ""fast"": 1.106048175114624, ""slow"": 1.1202494896806015}","{""event"": 0.8783200899568596, ""fast"": 1.106048175114624, ""slow"": 1.1202494896806015}",1.5779799489301638e-07,0.0
balanced,10101,3,4,1.0,1.0,0.0,-0.5341069460189851,-0.42972378624291646,1.1100256906388235,1.1100256906388235,0.0,False,1.1100256906388235,1.028078311857023,1.028078311857023,0.08194737878180058,0.08194737878180058,0.38774440702506185,0.38774440702506185,-0.15141977254790176,-0.15141977254790176,0.6054714079295387,0.4160423636373164,0.4160423636373164,0.2423301706647211,0.0847364375422478,0.548353399149156,0.3123333944081278,0.27484377212958977,0.0,event|fast|slow,,False,"{""event"": 1.221715251719432, ""fast"": 0.7639854458904677, ""slow"": 1.1202494896806015}","{""event"": 1.221715251719432, ""fast"": 0.7639854458904677, ""slow"": 1.1202494896806015}",5.398101632358987e-08,0.0
balanced,10101,3,4,-1.0,1.0,0.0,-0.5341069460189851,-0.42972378624291646,1.1100256906388235,1.1100256906388235,0.0,False,-1.1100256906388235,-1.0473215804666778,-1.0473215804666778,0.06270411017214572,0.06270411017214572,0.3860692068924306,0.3860692068924306,0.43001961478708023,0.43001961478708023,0.6054714079295387,0.451907711526487,0.451907711526487,0.2423301706647211,0.0847364375422478,0.548353399149156,0.3123333944081278,0.0,0.32660133262833374,event|fast|slow,,False,"{""event"": 1.221715251719432, ""fast"": 0.7639854458904677, ""slow"": 1.1202494896806015}","{""event"": 1.221715251719432, ""fast"": 0.7639854458904677, ""slow"": 1.1202494896806015}",5.398101632358987e-08,0.0
balanced,01101,3,1,1.0,1.0,0.0,-0.9094098814537568,-1.109282980930765,0.8188346570313305,0.8188346570313305,0.0,False,0.8188346570313305,0.8753304980756512,0.8753304980756512,0.056495841044320705,0.056495841044320705,0.2796926793520198,0.2796926793520198,0.732819215834964,0.732819215834964,0.7310857613494569,0.3862051312340444,0.3862051312340444,0.44925693236156505,0.04768221023113453,0.5747877921463409,0.20368453662557165,0.27484377212958977,0.1792426117102452,event|fast|slow,,False,"{""event"": 0.8783200899568596, ""fast"": 0.7639854458904677, ""slow"": 0.9836859583796265}","{""event"": 0.8783200899568596, ""fast"": 0.7639854458904677, ""slow"": 0.9836859583796265}",1.18546250371665e-07,0.0
balanced,01101,3,1,-1.0,1.0,0.0,-0.9094098814537568,-1.109282980930765,0.8188346570313305,0.8188346570313305,0.0,False,-0.8188346570313305,-0.8873353494454953,-0.8873353494454953,0.06850069241416479,0.06850069241416479,0.2796926793520198,0.2796926793520198,0.977043930330655,0.977043930330655,0.7310857613494569,0.27132140408210254,0.27132140408210254,0.44925693236156505,0.04768221023113453,0.5747877921463409,0.20368453662557165,0.0,0.1792426117102452,event|fast|slow,,False,"{""event"": 0.8783200899568596, ""fast"": 0.7639854458904677, ""slow"": 0.9836859583796265}","{""event"": 0.8783200899568596, ""fast"": 0.7639854458904677, ""slow"": 0.9836859583796265}",1.18546250371665e-07,0.0
balanced,01101,3,2,1.0,1.0,0.0,-1.7805105474015344,-1.7495901867571972,1.0314033603165915,1.0314033603165915,0.0,False,1.0314033603165915,1.0348725849173617,1.0348725849173617,0.003469224600770149,0.003469224600770149,0.4301485305806139,0.4301485305806139,0.9813308792333202,0.9813308792333202,1.1930302659753413,0.38069823245137285,0.38069823245137285,0.9042545794556709,0.28542204457964604,0.7240021598963748,0.3123333944081278,0.12349526742505826,0.1792426117102452,event|fast|slow,,False,"{""event"": 0.8783200899568596, ""fast"": 1.106048175114624, ""slow"": 1.1202494896806015}","{""event"": 0.8783200899568596, ""fast"": 1.106048175114624, ""slow"": 1.1202494896806015}",4.525985679570965e-07,0.0
balanced,01101,3,2,-1.0,1.0,0.0,-1.7805105474015344,-1.7495901867571972,1.0314033603165915,1.0314033603165915,0.0,False,-1.0314033603165915,-1.0348725849173617,-1.0348725849173617,0.003469224600770149,0.003469224600770149,0.4301485305806139,0.4301485305806139,0.9813308792333202,0.9813308792333202,1.1930302659753413,0.38069823245137285,0.38069823245137285,0.9042545794556709,0.28542204457964604,0.7240021598963748,0.3123333944081278,0.12349526742505826,0.1792426117102452,event|fast|slow,,False,"{""event"": 0.8783200899568596, ""fast"": 1.106048175114624, ""slow"": 1.1202494896806015}","{""event"": 0.8783200899568596, ""fast"": 1.106048175114624, ""slow"": 1.1202494896806015}",4.525985679570965e-07,0.0
balanced,01101,3,4,1.0,1.0,0.0,-0.8470303356225122,-0.7004548542428949,1.1578623245657798,1.1578623245657798,0.0,False,1.1578623245657798,1.028078311857023,1.028078311857023,0.12978401270875684,0.12978401270875684,0.5831463818188625,0.5831463818188625,0.08954879699049874,0.08954879699049874,0.8360525155877357,0.4160423636373164,0.4160423636373164,0.11965932457959289,0.06742439918068001,0.8246935220170346,0.3123333944081278,0.27484377212958977,0.0,event|fast|slow,,False,"{""event"": 1.221715251719432, ""fast"": 0.7639854458904677, ""slow"": 1.1202494896806015}","{""event"": 1.221715251719432, ""fast"": 0.7639854458904677, ""slow"": 1.1202494896806015}",3.3562245593810047e-07,0.0
balanced,01101,3,4,-1.0,1.0,0.0,-0.8470303356225122,-0.7004548542428949,1.1578623245657798,1.1578623245657798,0.0,False,-1.1578623245657798,-1.0473215804666778,-1.0473215804666778,0.11054074409910197,0.11054074409910197,0.3522043647728045,0.3522043647728045,0.7462917208158494,0.7462917208158494,0.8360525155877357,0.451907711526487,0.451907711526487,0.11965932457959289,0.06742439918068001,0.8246935220170346,0.3123333944081278,0.0,0.32660133262833374,event|fast|slow,,False,"{""event"": 1.221715251719432, ""fast"": 0.7639854458904677, ""slow"": 1.1202494896806015}","{""event"": 1.221715251719432, ""fast"": 0.7639854458904677, ""slow"": 1.1202494896806015}",3.3562245593810047e-07,0.0
balanced,11101,4,0,1.0,1.0,0.0,-2.135220844414185,-2.467858682076635,0.7170298283367239,0.7170298283367239,0.0,True,0.7170298283367239,0.8240689231707043,0.8240689231707043,0.10703909483398044,0.10703909483398044,0.3726220540770996,0.3726220540770996,0.8060142296440849,0.8060142296440849,0.8850528966209367,0.4393466418361378,0.4393466418361378,0.7547519718748699,0.03821461132391114,0.46066010707404265,0.2921616996828296,0.27484377212958977,0.1792426117102452,event|fast|slow,,False,"{""event"": 0.8783200899568596, ""fast"": 0.7639854458904677, ""slow"": 0.8299012336647856}","{""event"": 0.8783200899568596, ""fast"": 0.7639854458904677, ""slow"": 0.8299012336647856}",1.5558582711072688e-07,0.0
balanced,11101,4,0,-1.0,1.0,0.0,-2.135220844414185,-2.467858682076635,0.7170298283367239,0.7170298283367239,0.0,True,-0.8,-0.8360737745405484,0.0,0.03607377454054839,0.8,0.23722978597733332,0.0,,,0.0,0.3427628518586424,0.0,0.0,0.0,0.0,0.2921616996828296,0.0,0.1792426117102452,,event|slow,True,"{""event"": 0.8783200899568596, ""fast"": 0.7639854458904677, ""slow"": 0.8299012336647856}",{},1.5558582711072688e-07,0.0
balanced,11101,4,1,1.0,1.0,0.0,-1.035220844414185,-1.197858682076635,0.8498989340689275,0.8498989340689275,0.0,False,0.8498989340689275,0.8753304980756512,0.8753304980756512,0.02543156400672375,0.02543156400672375,0.25935265915489303,0.25935265915489303,0.740311584107536,0.740311584107536,0.7399535898147359,0.3862051312340444,0.3862051312340444,0.4973317260890771,0.04529596419355404,0.5460226597246216,0.20368453662557165,0.27484377212958977,0.1792426117102452,event|fast|slow,,False,"{""event"": 0.8783200899568596, ""fast"": 0.7639854458904677, ""slow"": 0.9836859583796265}","{""event"": 0.8783200899568596, ""fast"": 0.7639854458904677, ""slow"": 0.9836859583796265}",1.5558582711072688e-07,0.0
balanced,11101,4,1,-1.0,1.0,0.0,-1.035220844414185,-1.197858682076635,0.8498989340689275,0.8498989340689275,0.0,False,-0.8498989340689275,-0.8873353494454953,-0.8873353494454953,0.03743641537656783,0.03743641537656783,0.25935265915489303,0.25935265915489303,0.9917672414936409,0.9917672414936409,0.7399535898147359,0.27132140408210254,0.27132140408210254,0.4973317260890771,0.04529596419355404,0.5460226597246216,0.20368453662557165,0.0,0.1792426117102452,event|fast|slow,,False,"{""event"": 0.8783200899568596, ""fast"": 0.7639854458904677, ""slow"": 0.9836859583796265}","{""event"": 0.8783200899568596, ""fast"": 0.7639854458904677, ""slow"": 0.9836859583796265}",1.5558582711072688e-07,0.0
balanced,11101,4,2,1.0,1.0,0.0,-1.9063215103619626,-1.8381658879030676,1.0705318943219089,1.0705318943219089,0.0,False,1.0705318943219089,1.0348725849173617,1.0348725849173617,0.0356593094045472,0.0356593094045472,0.48722633208899374,0.48722633208899374,0.9914170907123427,0.9914170907123427,1.202854946688763,0.38069823245137285,0.38069823245137285,0.9396328941361289,0.3015343897501252,0.687769626276858,0.3123333944081278,0.12349526742505826,0.1792426117102452,event|fast|slow,,False,"{""event"": 0.8783200899568596, ""fast"": 1.106048175114624, ""slow"": 1.1202494896806015}","{""event"": 0.8783200899568596, ""fast"": 1.106048175114624, ""slow"": 1.1202494896806015}",4.896381573527009e-07,0.0
balanced,11101,4,2,-1.0,1.0,0.0,-1.9063215103619626,-1.8381658879030676,1.0705318943219089,1.0705318943219089,0.0,False,-1.0705318943219089,-1.0348725849173617,-1.0348725849173617,0.0356593094045472,0.0356593094045472,0.48722633208899374,0.48722633208899374,0.9914170907123427,0.9914170907123427,1.202854946688763,0.38069823245137285,0.38069823245137285,0.9396328941361289,0.3015343897501252,0.687769626276858,0.3123333944081278,0.12349526742505826,0.1792426117102452,event|fast|slow,,False,"{""event"": 0.8783200899568596, ""fast"": 1.106048175114624, ""slow"": 1.1202494896806015}","{""event"": 0.8783200899568596, ""fast"": 1.106048175114624, ""slow"": 1.1202494896806015}",4.896381573527009e-07,0.0
balanced,11101,4,4,1.0,1.0,0.0,-0.9728412985829404,-0.7890305553887651,1.2017883549466983,1.2017883549466981,2.220446049250313e-16,True,1.2,1.028078311857023,0.0,0.17192168814297704,1.2,0.24259074686391674,0.0,,,0.0,0.4160423636373164,0.0,0.0,0.0,0.0,0.3123333944081278,0.27484377212958977,0.0,,fast|slow,True,"{""event"": 1.221715251719432, ""fast"": 0.7639854458904677, ""slow"": 1.1202494896806015}",{},2.9858289585238396e-07,0.0
balanced,11101,4,4,-1.0,1.0,0.0,-0.9728412985829404,-0.7890305553887651,1.2017883549466983,1.2017883549466981,2.220446049250313e-16,True,-1.2017883549466983,-1.0473215804666778,-1.0473215804666778,0.15446677448002055,0.15446677448002055,0.4248919318875779,0.4248919318875779,0.7568237111569969,0.7568237111569969,0.9310224438159548,0.451907711526487,0.451907711526487,0.049639004906348594,0.06405015950929648,0.9274892652466517,0.3123333944081278,0.0,0.32660133262833374,event|fast|slow,,False,"{""event"": 1.221715251719432, ""fast"": 0.7639854458904677, ""slow"": 1.1202494896806015}","{""event"": 1.221715251719432, ""fast"": 0.7639854458904677, ""slow"": 1.1202494896806015}",2.9858289585238396e-07,0.0
balanced,00011,2,3,1.0,0.9999999999999999,0.0,-1.8961673479276202,-2.322326250478491,0.6530125685130609,0.6530125685130609,0.0,True,0.6530125685130609,0.9208516751759762,0.9208516751759762,0.2678391066629153,0.2678391066629153,0.462244126774919,0.462244126774919,0.9110911806013019,0.9110911806013019,1.157833859842453,0.4530112164104049,0.4530112164104049,0.49264175081976364,0.6356650940218467,0.832954524922644,0.3123333944081278,0.27484377212958977,0.1792426117102452,event|fast|slow,,False,"{""event"": 0.8783200899568596, ""fast"": 0.7639854458904677, ""slow"": 1.1202494896806015}","{""event"": 0.8783200899568596, ""fast"": 0.7639854458904677, ""slow"": 1.1202494896806015}",3.479275597628728e-07,0.0
balanced,00011,2,3,-1.0,0.9999999999999999,0.0,-1.8961673479276202,-2.322326250478491,0.6530125685130609,0.6530125685130609,0.0,True,-0.8,-0.9328565265458204,0.0,0.13285652654582036,0.8,0.24259074686391674,0.0,,,0.0,0.360111181602589,0.0,0.0,0.0,0.0,0.3123333944081278,0.0,0.1792426117102452,,event|slow,True,"{""event"": 0.8783200899568596, ""fast"": 0.7639854458904677, ""slow"": 1.1202494896806015}",{},3.479275597628728e-07,0.0
balanced,00011,2,4,1.0,0.9999999999999999,0.0,-0.16268713614859778,-0.10319091796418857,1.0613017473244524,1.0613017473244524,0.0,False,1.0613017473244524,1.028078311857023,1.028078311857023,0.03322343546742945,0.03322343546742945,0.31019065955387803,0.31019065955387803,-0.6821084689054174,-0.6821084689054174,0.20455276554427404,0.4160423636373164,0.4160423636373164,0.08703427671951806,0.11230199552103486,0.14715682236890876,0.3123333944081278,0.27484377212958977,0.0,event|fast|slow,,False,"{""event"": 1.221715251719432, ""fast"": 0.7639854458904677, ""slow"": 1.1202494896806015}","{""event"": 1.221715251719432, ""fast"": 0.7639854458904677, ""slow"": 1.1202494896806015}",1.3614858851429545e-07,0.0
balanced,00011,2,4,-1.0,0.9999999999999999,0.0,-0.16268713614859778,-0.10319091796418857,1.0613017473244524,1.0613017473244524,0.0,False,-1.0613017473244524,-1.0473215804666778,-1.0473215804666778,0.01398016685777459,0.01398016685777459,0.31019065955387803,0.31019065955387803,0.22585607265774954,0.22585607265774954,0.20455276554427404,0.451907711526487,0.451907711526487,0.08703427671951806,0.11230199552103486,0.14715682236890876,0.3123333944081278,0.0,0.32660133262833374,event|fast|slow,,False,"{""event"": 1.221715251719432, ""fast"": 0.7639854458904677, ""slow"": 1.1202494896806015}","{""event"": 1.221715251719432, ""fast"": 0.7639854458904677, ""slow"": 1.1202494896806015}",1.3614858851429545e-07,0.0
balanced,10011,3,0,1.0,0.9999999999999998,0.0,-1.560759351036642,-1.9375670359147057,0.6860479986145621,0.686047998614562,1.1102230246251565e-16,True,0.6860479986145621,0.8240689231707043,0.8240689231707043,0.13802092455614223,0.13802092455614223,0.40290224163447275,0.40290224163447275,0.6972443808985976,0.6972443808985976,0.9788304908123614,0.4393466418361378,0.4393466418361378,0.6270554697503308,0.062136882691590706,0.7490324261402385,0.2921616996828296,0.27484377212958977,0.1792426117102452,event|fast|slow,,False,"{""event"": 0.8783200899568596, ""fast"": 0.7639854458904677, ""slow"": 0.8299012336647856}","{""event"": 0.8783200899568596, ""fast"": 0.7639854458904677, ""slow"": 0.8299012336647856}",3.5103658035939844e-07,0.0
balanced,10011,3,0,-1.0,0.9999999999999998,0.0,-1.560759351036642,-1.9375670359147057,0.6860479986145621,0.686047998614562,1.1102230246251565e-16,True,-0.8,-0.8360737745405484,0.0,0.03607377454054839,0.8,0.23722978597733332,0.0,,,0.0,0.3427628518586424,0.0,0.0,0.0,0.0,0.2921616996828296,0.0,0.1792426117102452,,event|slow,True,"{""event"": 0.8783200899568596, ""fast"": 0.7639854458904677, ""slow"": 0.8299012336647856}",{},3.5103658035939844e-07,0.0
balanced,10011,3,3,1.0,0.9999999999999998,0.0,-2.1318600169844197,-2.477874241741138,0.7075024229850774,0.7075024229850774,0.0,True,0.7075024229850774,0.9208516751759762,0.9208516751759762,0.21334925219089884,0.21334925219089884,0.41946558428122505,0.41946558428122505,0.938207758480623,0.938207758480623,1.1847634948791217,0.4530112164104049,0.4530112164104049,0.5636368096875567,0.699491954851368,0.7724565299495083,0.3123333944081278,0.27484377212958977,0.1792426117102452,event|fast|slow,,False,"{""event"": 0.8783200899568596, ""fast"": 0.7639854458904677, ""slow"": 1.1202494896806015}","{""event"": 0.8783200899568596, ""fast"": 0.7639854458904677, ""slow"": 1.1202494896806015}",1.6984419537457995e-08,0.0
balanced,10011,3,3,-1.0,0.9999999999999998,0.0,-2.1318600169844197,-2.477874241741138,0.7075024229850774,0.7075024229850774,0.0,True,-0.8,-0.9328565265458204,0.0,0.13285652654582036,0.8,0.24259074686391674,0.0,,,0.0,0.360111181602589,0.0,0.0,0.0,0.0,0.3123333944081278,0.0,0.1792426117102452,,event|slow,True,"{""event"": 0.8783200899568596, ""fast"": 0.7639854458904677, ""slow"": 1.1202494896806015}",{},1.6984419537457995e-08,0.0
balanced,10011,3,4,1.0,0.9999999999999998,0.0,-0.39837980520539723,-0.2587389092268359,1.1498608050686054,1.1498608050686054,0.0,False,1.1498608050686054,1.028078311857023,1.028078311857023,0.12178249321158252,0.12178249321158252,0.3223612746762268,0.3223612746762268,-0.270740461399486,-0.270740461399486,0.42713316563262066,0.4160423636373164,0.4160423636373164,0.18482882067196357,0.104145433119101,0.37072196723796896,0.3123333944081278,0.27484377212958977,0.0,event|fast|slow,,False,"{""event"": 1.221715251719432, ""fast"": 0.7639854458904677, ""slow"": 1.1202494896806015}","{""event"": 1.221715251719432, ""fast"": 0.7639854458904677, ""slow"": 1.1202494896806015}",1.9479462176619222e-07,0.0
balanced,10011,3,4,-1.0,0.9999999999999998,0.0,-0.39837980520539723,-0.2587389092268359,1.1498608050686054,1.1498608050686054,0.0,False,-1.1498608050686054,-1.0473215804666778,-1.0473215804666778,0.10253922460192766,0.10253922460192766,0.3223612746762268,0.3223612746762268,0.5263052231030818,0.5263052231030818,0.42713316563262066,0.451907711526487,0.451907711526487,0.18482882067196357,0.104145433119101,0.37072196723796896,0.3123333944081278,0.0,0.32660133262833374,event|fast|slow,,False,"{""event"": 1.221715251719432, ""fast"": 0.7639854458904677, ""slow"": 1.1202494896806015}","{""event"": 1.221715251719432, ""fast"": 0.7639854458904677, ""slow"": 1.1202494896806015}",1.9479462176619222e-07,0.0
balanced,01011,3,1,1.0,1.0,0.0,-0.811999078705579,-0.9815753079536081,0.8440224128341859,0.8440224128341859,0.0,False,0.8440224128341859,0.8753304980756512,0.8753304980756512,0.03130808524146533,0.03130808524146533,0.34926300460562953,0.34926300460562953,0.6059459633899171,0.6059459633899171,0.7685073486140065,0.3862051312340444,0.3862051312340444,0.36649732061221774,0.05584404642208696,0.6731750896587033,0.20368453662557165,0.27484377212958977,0.1792426117102452,event|fast|slow,,False,"{""event"": 0.8783200899568596, ""fast"": 0.7639854458904677, ""slow"": 0.9836859583796265}","{""event"": 0.8783200899568596, ""fast"": 0.7639854458904677, ""slow"": 0.9836859583796265}",7.870557583444793e-08,0.0
balanced,01011,3,1,-1.0,1.0,0.0,-0.811999078705579,-0.9815753079536081,0.8440224128341859,0.8440224128341859,0.0,False,-0.8440224128341859,-0.8873353494454953,-0.8873353494454953,0.043312936611309416,0.043312936611309416,0.34926300460562953,0.34926300460562953,0.9361263935695332,0.9361263935695332,0.7685073486140065,0.27132140408210254,0.27132140408210254,0.36649732061221774,0.05584404642208696,0.6731750896587033,0.20368453662557165,0.0,0.1792426117102452,event|fast|slow,,False,"{""event"": 0.8783200899568596, ""fast"": 0.7639854458904677, ""slow"": 0.9836859583796265}","{""event"": 0.8783200899568596, ""fast"": 0.7639854458904677, ""slow"": 0.9836859583796265}",7.870557583444793e-08,0.0
balanced,01011,3,3,1.0,1.0,0.0,-2.483099744653357,-2.7918825137800405,0.7343402740800835,0.7343402740800835,0.0,True,0.7343402740800835,0.9208516751759762,0.9208516751759762,0.1865114010958927,0.1865114010958927,0.3317080149069065,0.3317080149069065,0.989832488031379,0.989832488031379,1.1964996740758285,0.4530112164104049,0.4530112164104049,0.7315133558008964,0.7439497455587937,0.5856948492444517,0.3123333944081278,0.27484377212958977,0.1792426117102452,event|fast|slow,,False,"{""event"": 0.8783200899568596, ""fast"": 0.7639854458904677, ""slow"": 1.1202494896806015}","{""event"": 0.8783200899568596, ""fast"": 0.7639854458904677, ""slow"": 1.1202494896806015}",2.5534667558169133e-07,0.0
balanced,01011,3,3,-1.0,1.0,0.0,-2.483099744653357,-2.7918825137800405,0.7343402740800835,0.7343402740800835,0.0,True,-0.8,-0.9328565265458204,0.0,0.13285652654582036,0.8,0.24259074686391674,0.0,,,0.0,0.360111181602589,0.0,0.0,0.0,0.0,0.3123333944081278,0.0,0.1792426117102452,,event|slow,True,"{""event"": 0.8783200899568596, ""fast"": 0.7639854458904677, ""slow"": 1.1202494896806015}",{},2.5534667558169133e-07,0.0
balanced,01011,3,4,1.0,1.0,0.0,-0.7496195328743344,-0.5727471812657382,1.193478737762337,1.193478737762337,0.0,False,1.193478737762337,1.028078311857023,1.028078311857023,0.16540042590531412,0.16540042590531412,0.5203877960736496,0.5203877960736496,0.11040485867593748,0.11040485867593748,0.7738475775904055,0.4160423636373164,0.4160423636373164,0.22582648404817357,0.07896553577477959,0.7359394789007997,0.3123333944081278,0.27484377212958977,0.0,event|fast|slow,,False,"{""event"": 1.221715251719432, ""fast"": 0.7639854458904677, ""slow"": 1.1202494896806015}","{""event"": 1.221715251719432, ""fast"": 0.7639854458904677, ""slow"": 1.1202494896806015}",4.6712577472796113e-07,0.0
balanced,01011,3,4,-1.0,1.0,0.0,-0.7496195328743344,-0.5727471812657382,1.193478737762337,1.193478737762337,0.0,False,-1.193478737762337,-1.0473215804666778,-1.0473215804666778,0.14615715729565926,0.14615715729565926,0.2894457790275916,0.2894457790275916,0.8510170851055507,0.8510170851055507,0.7738475775904055,0.451907711526487,0.451907711526487,0.22582648404817357,0.07896553577477959,0.7359394789007997,0.3123333944081278,0.0,0.32660133262833374,event|fast|slow,,False,"{""event"": 1.221715251719432, ""fast"": 0.7639854458904677, ""slow"": 1.1202494896806015}","{""event"": 1.221715251719432, ""fast"": 0.7639854458904677, ""slow"": 1.1202494896806015}",4.6712577472796113e-07,0.0
balanced,11011,4,0,1.0,1.0,0.0,-2.0498327788149244,-2.351631769083103,0.7394866939731265,0.7394866939731265,0.0,True,0.7394866939731265,0.8240689231707043,0.8240689231707043,0.08458222919757785,0.08458222919757785,0.37809869609572133,0.37809869609572133,0.7434311166656763,0.7434311166656763,0.9438371991032984,0.4393466418361378,0.4393466418361378,0.7772351925112614,0.04426895752079541,0.5336425520263202,0.2921616996828296,0.27484377212958977,0.1792426117102452,event|fast|slow,,False,"{""event"": 0.8783200899568596, ""fast"": 0.7639854458904677, ""slow"": 0.8299012336647856}","{""event"": 0.8783200899568596, ""fast"": 0.7639854458904677, ""slow"": 0.8299012336647856}",2.2118510001334357e-07,0.0
balanced,11011,4,0,-1.0,1.0,0.0,-2.0498327788149244,-2.351631769083103,0.7394866939731265,0.7394866939731265,0.0,True,-0.8,-0.8360737745405484,0.0,0.03607377454054839,0.8,0.23722978597733332,0.0,,,0.0,0.3427628518586424,0.0,0.0,0.0,0.0,0.2921616996828296,0.0,0.1792426117102452,,event|slow,True,"{""event"": 0.8783200899568596, ""fast"": 0.7639854458904677, ""slow"": 0.8299012336647856}",{},2.2118510001334357e-07,0.0
balanced,11011,4,1,1.0,1.0,0.0,-0.9498327788149243,-1.081631769083103,0.876517165853205,0.876517165853205,0.0,False,0.876517165853205,0.8753304980756512,0.8753304980756512,0.0011866677775538292,0.0011866677775538292,0.32052195378249904,0.32052195378249904,0.6277676149860296,0.6277676149860296,0.7687026614995953,0.3862051312340444,0.3862051312340444,0.43365583046213874,0.052472210112293964,0.6325291057877777,0.20368453662557165,0.27484377212958977,0.1792426117102452,event|fast|slow,,False,"{""event"": 0.8783200899568596, ""fast"": 0.7639854458904677, ""slow"": 0.9836859583796265}","{""event"": 0.8783200899568596, ""fast"": 0.7639854458904677, ""slow"": 0.9836859583796265}",2.2118510023538818e-07,0.0
balanced,11011,4,1,-1.0,1.0,0.0,-0.9498327788149243,-1.081631769083103,0.876517165853205,0.876517165853205,0.0,False,-0.876517165853205,-0.8873353494454953,-0.8873353494454953,0.010818183592290254,0.010818183592290254,0.32052195378249904,0.32052195378249904,0.9627257879823966,0.9627257879823966,0.7687026614995953,0.27132140408210254,0.27132140408210254,0.43365583046213874,0.052472210112293964,0.6325291057877777,0.20368453662557165,0.0,0.1792426117102452,event|fast|slow,,False,"{""event"": 0.8783200899568596, ""fast"": 0.7639854458904677, ""slow"": 0.9836859583796265}","{""event"": 0.8783200899568596, ""fast"": 0.7639854458904677, ""slow"": 0.9836859583796265}",2.2118510023538818e-07,0.0
balanced,11011,4,3,1.0,1.0,0.0,-2.620933444762702,-2.8919389749095354,0.7626122790355242,0.7626122790355242,0.0,True,0.7626122790355242,0.9208516751759762,0.9208516751759762,0.15823939614045202,0.15823939614045202,0.3553580657949773,0.3553580657949773,0.9953105706649816,0.9953105706649816,1.2134692212544296,0.4530112164104049,0.4530112164104049,0.7518636727049725,0.7773959682755173,0.5503308796600397,0.3123333944081278,0.27484377212958977,0.1792426117102452,event|fast|slow,,False,"{""event"": 0.8783200899568596, ""fast"": 0.7639854458904677, ""slow"": 1.1202494896806015}","{""event"": 0.8783200899568596, ""fast"": 0.7639854458904677, ""slow"": 1.1202494896806015}",4.4476260330217343e-07,0.0
balanced,11011,4,3,-1.0,1.0,0.0,-2.620933444762702,-2.8919389749095354,0.7626122790355242,0.7626122790355242,0.0,True,-0.8,-0.9328565265458204,0.0,0.13285652654582036,0.8,0.24259074686391674,0.0,,,0.0,0.360111181602589,0.0,0.0,0.0,0.0,0.3123333944081278,0.0,0.1792426117102452,,event|slow,True,"{""event"": 0.8783200899568596, ""fast"": 0.7639854458904677, ""slow"": 1.1202494896806015}",{},4.4476260330217343e-07,0.0
balanced,11011,4,4,1.0,1.0,0.0,-0.8874532329836797,-0.672803642395233,1.2394275137987583,1.2394275137987583,0.0,True,1.2,1.028078311857023,0.0,0.17192168814297704,1.2,0.24259074686391674,0.0,,,0.0,0.4160423636373164,0.0,0.0,0.0,0.0,0.3123333944081278,0.27484377212958977,0.0,,fast|slow,True,"{""event"": 1.221715251719432, ""fast"": 0.7639854458904677, ""slow"": 1.1202494896806015}",{},2.3298365259272202e-07,0.0
balanced,11011,4,4,-1.0,1.0,0.0,-0.8874532329836797,-0.672803642395233,1.2394275137987583,1.2394275137987583,0.0,True,-1.2394275137987583,-1.0473215804666778,-1.0473215804666778,0.19210593333208048,0.19210593333208048,0.37603545812151484,0.37603545812151484,0.8492407518710524,0.8492407518710524,0.8812919641617074,0.451907711526487,0.451907711526487,0.18527527170230887,0.07419763520512547,0.85839577743696,0.3123333944081278,0.0,0.32660133262833374,event|fast|slow,,False,"{""event"": 1.221715251719432, ""fast"": 0.7639854458904677, ""slow"": 1.1202494896806015}","{""event"": 1.221715251719432, ""fast"": 0.7639854458904677, ""slow"": 1.1202494896806015}",2.3298365259272202e-07,0.0
balanced,00111,3,2,1.0,0.9999999999999999,0.0,-1.384461216205528,-1.4268478898323758,0.9584990825909412,0.9584990825909413,1.1102230246251565e-16,False,0.9584990825909412,1.0348725849173617,1.0348725849173617,0.07637350232642048,0.07637350232642048,0.5302379574551584,0.5302379574551584,0.8812335237796544,0.8812335237796544,1.1261862387496244,0.38069823245137285,0.38069823245137285,0.5495132177495783,0.3210622372365674,0.9291123224283384,0.3123333944081278,0.12349526742505826,0.1792426117102452,event|fast|slow,,False,"{""event"": 0.8783200899568596, ""fast"": 1.106048175114624, ""slow"": 1.1202494896806015}","{""event"": 0.8783200899568596, ""fast"": 1.106048175114624, ""slow"": 1.1202494896806015}",2.162055047216782e-07,0.0
balanced,00111,3,2,-1.0,0.9999999999999999,0.0,-1.384461216205528,-1.4268478898323758,0.9584990825909412,0.9584990825909413,1.1102230246251565e-16,False,-0.9584990825909412,-1.0348725849173617,-1.0348725849173617,0.07637350232642048,0.07637350232642048,0.5302379574551584,0.5302379574551584,0.8812335237796544,0.8812335237796544,1.1261862387496244,0.38069823245137285,0.38069823245137285,0.5495132177495783,0.3210622372365674,0.9291123224283384,0.3123333944081278,0.12349526742505826,0.1792426117102452,event|fast|slow,,False,"{""event"": 0.8783200899568596, ""fast"": 1.106048175114624, ""slow"": 1.1202494896806015}","{""event"": 0.8783200899568596, ""fast"": 1.106048175114624, ""slow"": 1.1202494896806015}",2.162055047216782e-07,0.0
balanced,00111,3,3,1.0,0.9999999999999999,0.0,-2.1844612162055284,-2.5968478898323757,0.6620682222299725,0.6620682222299725,0.0,True,0.6620682222299725,0.9208516751759762,0.9208516751759762,0.2587834529460037,0.2587834529460037,0.3270560958509522,0.3270560958509522,0.9190694088057454,0.9190694088057454,1.0327165066319601,0.4530112164104049,0.4530112164104049,0.379567644638634,0.7145371495633395,0.6417697781194567,0.3123333944081278,0.27484377212958977,0.1792426117102452,event|fast|slow,,False,"{""event"": 0.8783200899568596, ""fast"": 0.7639854458904677, ""slow"": 1.1202494896806015}","{""event"": 0.8783200899568596, ""fast"": 0.7639854458904677, ""slow"": 1.1202494896806015}",2.162055047216782e-07,0.0
balanced,00111,3,3,-1.0,0.9999999999999999,0.0,-2.1844612162055284,-2.5968478898323757,0.6620682222299725,0.6620682222299725,0.0,True,-0.8,-0.9328565265458204,0.0,0.13285652654582036,0.8,0.24259074686391674,0.0,,,0.0,0.360111181602589,0.0,0.0,0.0,0.0,0.3123333944081278,0.0,0.1792426117102452,,event|slow,True,"{""event"": 0.8783200899568596, ""fast"": 0.7639854458904677, ""slow"": 1.1202494896806015}",{},2.162055047216782e-07,0.0
balanced,00111,3,4,1.0,0.9999999999999999,0.0,-0.450981004426506,-0.3777125573180733,1.0760193524309016,1.0760193524309016,0.0,False,1.0760193524309016,1.028078311857023,1.1601247448403007,0.04794104057387871,0.08410539240939907,0.4624888973621335,0.5837842707940919,-0.3821695421403976,-0.5090673058626498,0.5561482310672302,0.4160423636373164,0.4685000916121917,0.2831168816496733,1.3877787807814457e-17,0.4786916400399888,0.3123333944081278,0.27484377212958977,0.0,event|slow,fast,True,"{""event"": 1.221715251719432, ""fast"": 0.7639854458904677, ""slow"": 1.1202494896806015}","{""event"": 1.221715251719432, ""slow"": 1.1202494896806015}",4.426505939569836e-09,0.0
balanced,00111,3,4,-1.0,0.9999999999999999,0.0,-0.450981004426506,-0.3777125573180733,1.0760193524309016,1.0760193524309016,0.0,False,-1.0760193524309016,-1.0473215804666778,-1.1709823707000169,0.02869777196422385,0.09496301826911524,0.4624888973621335,0.5837842707940919,0.2702228119730967,0.2702228119730967,0.5561482310672302,0.451907711526487,0.6778615672897305,0.2831168816496733,1.3877787807814457e-17,0.4786916400399888,0.3123333944081278,0.0,0.32660133262833374,event|slow,,False,"{""event"": 1.221715251719432, ""fast"": 0.7639854458904677, ""slow"": 1.1202494896806015}","{""event"": 1.221715251719432, ""slow"": 1.1202494896806015}",4.426505939569836e-09,0.0
balanced,10111,4,0,1.0,0.9999999999999999,0.0,-1.7950294016976183,-2.1768943123617075,0.6825872572366405,0.6825872572366405,0.0,True,0.6825872572366405,0.8240689231707043,0.8541106618108226,0.14148166593406386,0.17152340457418214,0.3088706324388506,0.2246959934009672,0.7554965517879318,0.9683805323328841,0.8940506179763494,0.4393466418361378,0.5141442777879637,0.6746772254239269,6.938893903907228e-18,0.586632038843911,0.2921616996828296,0.27484377212958977,0.1792426117102452,event|slow,fast,True,"{""event"": 0.8783200899568596, ""fast"": 0.7639854458904677, ""slow"": 0.8299012336647856}","{""event"": 0.8783200899568596, ""slow"": 0.8299012336647856}",4.0169753756647e-07,0.0
balanced,10111,4,0,-1.0,0.9999999999999999,0.0,-1.7950294016976183,-2.1768943123617075,0.6825872572366405,0.6825872572366405,0.0,True,-0.8,-0.8360737745405484,0.0,0.03607377454054839,0.8,0.23722978597733332,0.0,,,0.0,0.3427628518586424,0.0,0.0,0.0,0.0,0.2921616996828296,0.0,0.1792426117102452,,event|slow,True,"{""event"": 0.8783200899568596, ""fast"": 0.7639854458904677, ""slow"": 0.8299012336647856}",{},4.0169753756647e-07,0.0
balanced,10111,4,2,1.0,0.9999999999999999,0.0,-1.5661300676453958,-1.5472015181881402,1.01910883013695,1.01910883013695,0.0,False,1.01910883013695,1.0348725849173617,1.0348725849173617,0.0157637547804117,0.0157637547804117,0.4925735721269897,0.4925735721269897,0.9130724397947424,0.9130724397947424,1.1366869392043057,0.38069823245137285,0.38069823245137285,0.6390774086785278,0.3413642922921275,0.875846837878796,0.3123333944081278,0.12349526742505826,0.1792426117102452,event|fast|slow,,False,"{""event"": 0.8783200899568596, ""fast"": 1.106048175114624, ""slow"": 1.1202494896806015}","{""event"": 0.8783200899568596, ""fast"": 1.106048175114624, ""slow"": 1.1202494896806015}",6.76453933978749e-08,0.0
balanced,10111,4,2,-1.0,0.9999999999999999,0.0,-1.5661300676453958,-1.5472015181881402,1.01910883013695,1.01910883013695,0.0,False,-1.01910883013695,-1.0348725849173617,-1.0348725849173617,0.0157637547804117,0.0157637547804117,0.4925735721269897,0.4925735721269897,0.9130724397947424,0.9130724397947424,1.1366869392043057,0.38069823245137285,0.38069823245137285,0.6390774086785278,0.3413642922921275,0.875846837878796,0.3123333944081278,0.12349526742505826,0.1792426117102452,event|fast|slow,,False,"{""event"": 0.8783200899568596, ""fast"": 1.106048175114624, ""slow"": 1.1202494896806015}","{""event"": 0.8783200899568596, ""fast"": 1.106048175114624, ""slow"": 1.1202494896806015}",6.76453933978749e-08,0.0
balanced,10111,4,3,1.0,0.9999999999999999,0.0,-2.366130067645396,-2.71720151818814,0.703933455631264,0.7039334556312639,1.1102230246251565e-16,True,0.703933455631264,0.9208516751759762,0.9208516751759762,0.21691821954471224,0.21691821954471224,0.3428594130286575,0.3428594130286575,0.9365571097810281,0.9365571097810281,1.0667874075399613,0.4530112164104049,0.4530112164104049,0.44143270610901825,0.7597202040219959,0.6049774793030541,0.3123333944081278,0.27484377212958977,0.1792426117102452,event|fast|slow,,False,"{""event"": 0.8783200899568596, ""fast"": 0.7639854458904677, ""slow"": 1.1202494896806015}","{""event"": 0.8783200899568596, ""fast"": 0.7639854458904677, ""slow"": 1.1202494896806015}",6.76453936199195e-08,0.0
balanced,10111,4,3,-1.0,0.9999999999999999,0.0,-2.366130067645396,-2.71720151818814,0.703933455631264,0.7039334556312639,1.1102230246251565e-16,True,-0.8,-0.9328565265458204,0.0,0.13285652654582036,0.8,0.24259074686391674,0.0,,,0.0,0.360111181602589,0.0,0.0,0.0,0.0,0.3123333944081278,0.0,0.1792426117102452,,event|slow,True,"{""event"": 0.8783200899568596, ""fast"": 0.7639854458904677, ""slow"": 1.1202494896806015}",{},6.76453936199195e-08,0.0
balanced,10111,4,4,1.0,0.9999999999999999,0.0,-0.6326498558663737,-0.4980661856738377,1.1440603787500574,1.1440603787500574,0.0,False,1.1440603787500574,1.028078311857023,1.1601247448403007,0.11598206689303447,0.01606436609024331,0.44880949551310073,0.5257274663677385,-0.2721761556865749,-0.3625510853623089,0.696564886956397,0.4160423636373164,0.4685000916121917,0.2869542040380834,2.7755575615628914e-17,0.6347124754764538,0.3123333944081278,0.27484377212958977,0.0,event|slow,fast,True,"{""event"": 1.221715251719432, ""fast"": 0.7639854458904677, ""slow"": 1.1202494896806015}","{""event"": 1.221715251719432, ""slow"": 1.1202494896806015}",1.4413363680354507e-07,0.0
balanced,10111,4,4,-1.0,0.9999999999999999,0.0,-0.6326498558663737,-0.4980661856738377,1.1440603787500574,1.1440603787500574,0.0,False,-1.1440603787500574,-1.0473215804666778,-1.1709823707000169,0.09673879828337961,0.02692199194995948,0.4170420934008513,0.5257274663677385,0.40796718955255523,0.4079671895525553,0.696564886956397,0.451907711526487,0.6778615672897305,0.2869542040380834,2.7755575615628914e-17,0.6347124754764538,0.3123333944081278,0.0,0.32660133262833374,event|slow,,False,"{""event"": 1.221715251719432, ""fast"": 0.7639854458904677, ""slow"": 1.1202494896806015}","{""event"": 1.221715251719432, ""slow"": 1.1202494896806015}",1.4413363680354507e-07,0.0
balanced,01111,4,1,1.0,0.9999999999999999,0.0,-0.9824143349394082,-1.1618334895340279,0.8357555152054165,0.8357555152054165,0.0,False,0.8357555152054165,0.8753304980756512,0.931003024168243,0.039574982870234754,0.09524750896282652,0.2668546005144943,0.20348276740554344,0.693576354193956,0.987252545734471,0.7448307236499865,0.3862051312340444,0.4069821061231538,0.4949076840618561,2.7755575615628914e-17,0.5566320069394973,0.20368453662557165,0.27484377212958977,0.1792426117102452,event|slow,fast,True,"{""event"": 0.8783200899568596, ""fast"": 0.7639854458904677, ""slow"": 0.9836859583796265}","{""event"": 0.8783200899568596, ""slow"": 0.9836859583796265}",3.349393521423494e-07,0.0
balanced,01111,4,1,-1.0,0.9999999999999999,0.0,-0.9824143349394082,-1.1618334895340279,0.8357555152054165,0.8357555152054165,0.0,False,-0.8357555152054165,-0.8873353494454953,-0.931003024168243,0.05157983424007884,0.09524750896282652,0.2668546005144943,0.20348276740554344,0.987252545734471,0.987252545734471,0.7448307236499865,0.27132140408210254,0.4069821061231538,0.4949076840618561,2.7755575615628914e-17,0.5566320069394973,0.20368453662557165,0.0,0.1792426117102452,event|slow,,False,"{""event"": 0.8783200899568596, ""fast"": 0.7639854458904677, ""slow"": 0.9836859583796265}","{""event"": 0.8783200899568596, ""slow"": 0.9836859583796265}",3.349393521423494e-07,0.0
balanced,01111,4,2,1.0,0.9999999999999999,0.0,-1.8535150008871857,-1.8021406953604604,1.0527168572849113,1.0527168572849113,0.0,False,1.0527168572849113,1.0348725849173617,1.0348725849173617,0.017844272367549596,0.017844272367549596,0.40889875807608494,0.40889875807608494,0.9851941245162791,0.9851941245162791,1.1759107892655087,0.38069823245137285,0.38069823245137285,0.8756919479223934,0.35262175573806454,0.7011331500044199,0.3123333944081278,0.12349526742505826,0.1792426117102452,event|fast|slow,,False,"{""event"": 0.8783200899568596, ""fast"": 1.106048175114624, ""slow"": 1.1202494896806015}","{""event"": 0.8783200899568596, ""fast"": 1.106048175114624, ""slow"": 1.1202494896806015}",8.871856582715054e-10,0.0
balanced,01111,4,2,-1.0,0.9999999999999999,0.0,-1.8535150008871857,-1.8021406953604604,1.0527168572849113,1.0527168572849113,0.0,False,-1.0527168572849113,-1.0348725849173617,-1.0348725849173617,0.017844272367549596,0.017844272367549596,0.40889875807608494,0.40889875807608494,0.9851941245162791,0.9851941245162791,1.1759107892655087,0.38069823245137285,0.38069823245137285,0.8756919479223934,0.35262175573806454,0.7011331500044199,0.3123333944081278,0.12349526742505826,0.1792426117102452,event|fast|slow,,False,"{""event"": 0.8783200899568596, ""fast"": 1.106048175114624, ""slow"": 1.1202494896806015}","{""event"": 0.8783200899568596, ""fast"": 1.106048175114624, ""slow"": 1.1202494896806015}",8.871856582715054e-10,0.0
balanced,01111,4,3,1.0,0.9999999999999999,0.0,-2.653515000887186,-2.9721406953604603,0.727147673767353,0.727147673767353,0.0,True,0.727147673767353,0.9208516751759762,0.9208516751759762,0.1937040014086232,0.1937040014086232,0.3605752278932097,0.3605752278932097,0.9812799347774687,0.9812799347774687,1.1028518064522446,0.4530112164104049,0.4530112164104049,0.6048704914926958,0.7847741496719365,0.4842967370559631,0.3123333944081278,0.27484377212958977,0.1792426117102452,event|fast|slow,,False,"{""event"": 0.8783200899568596, ""fast"": 0.7639854458904677, ""slow"": 1.1202494896806015}","{""event"": 0.8783200899568596, ""fast"": 0.7639854458904677, ""slow"": 1.1202494896806015}",8.871858803161103e-10,0.0
balanced,01111,4,3,-1.0,0.9999999999999999,0.0,-2.653515000887186,-2.9721406953604603,0.727147673767353,0.727147673767353,0.0,True,-0.8,-0.9328565265458204,0.0,0.13285652654582036,0.8,0.24259074686391674,0.0,,,0.0,0.360111181602589,0.0,0.0,0.0,0.0,0.3123333944081278,0.0,0.1792426117102452,,event|slow,True,"{""event"": 0.8783200899568596, ""fast"": 0.7639854458904677, ""slow"": 1.1202494896806015}",{},8.871858803161103e-10,0.0
balanced,01111,4,4,1.0,0.9999999999999999,0.0,-0.9200347891081636,-0.7530053628461579,1.1817890404306473,1.1817890404306473,0.0,False,1.1817890404306473,1.028078311857023,1.1601247448403007,0.15371072857362433,0.02166429559034655,0.6252266133881921,0.6252266133881921,-0.009676171599917177,-0.012889103040097624,0.8909805109403547,0.4160423636373164,0.4685000916121917,0.10967969136444522,2.7755575615628914e-17,0.8842039562101809,0.3123333944081278,0.27484377212958977,0.0,event|slow,fast,True,"{""event"": 1.221715251719432, ""fast"": 0.7639854458904677, ""slow"": 1.1202494896806015}","{""event"": 1.221715251719432, ""slow"": 1.1202494896806015}",2.1089185864298088e-07,0.0
balanced,01111,4,4,-1.0,0.9999999999999999,0.0,-0.9200347891081636,-0.7530053628461579,1.1817890404306473,1.1817890404306473,0.0,False,-1.1817890404306473,-1.0473215804666778,-1.1709823707000169,0.13446745996396947,0.01080666973063038,0.3942845963421341,0.4002699009539229,0.7083118665888518,0.7083118665888517,0.8909805109403547,0.451907711526487,0.6778615672897305,0.10967969136444522,2.7755575615628914e-17,0.8842039562101809,0.3123333944081278,0.0,0.32660133262833374,event|slow,,False,"{""event"": 1.221715251719432, ""fast"": 0.7639854458904677, ""slow"": 1.1202494896806015}","{""event"": 1.221715251719432, ""slow"": 1.1202494896806015}",2.1089185864298088e-07,0.0
balanced,11111,5,0,1.0,1.0,0.0,-2.1998674963171303,-2.516060261810189,0.7289189262077634,0.7289189262077634,0.0,True,0.7289189262077634,0.8240689231707043,0.8541106618108226,0.09514999696294091,0.12519173560305918,0.3878612749028407,0.26924638191417405,0.7799222773203451,0.9996889440492819,0.8898280661724647,0.4393466418361378,0.5141442777879637,0.769834471042116,6.938893903907228e-18,0.446260993750892,0.2921616996828296,0.27484377212958977,0.1792426117102452,event|slow,fast,True,"{""event"": 0.8783200899568596, ""fast"": 0.7639854458904677, ""slow"": 0.8299012336647856}","{""event"": 0.8783200899568596, ""slow"": 0.8299012336647856}",4.963170073812861e-07,0.0
balanced,11111,5,0,-1.0,1.0,0.0,-2.1998674963171303,-2.516060261810189,0.7289189262077634,0.7289189262077634,0.0,True,-0.8,-0.8360737745405484,0.0,0.03607377454054839,0.8,0.23722978597733332,0.0,,,0.0,0.3427628518586424,0.0,0.0,0.0,0.0,0.2921616996828296,0.0,0.1792426117102452,,event|slow,True,"{""event"": 0.8783200899568596, ""fast"": 0.7639854458904677, ""slow"": 0.8299012336647856}",{},4.963170073812861e-07,0.0
balanced,11111,5,1,1.0,1.0,0.0,-1.0998674963171302,-1.246060261810189,0.8639911394532934,0.8639911394532934,0.0,False,0.8639911394532934,0.8753304980756512,0.931003024168243,0.011339358622357798,0.06701188471494957,0.2641821062591415,0.18391239498945988,0.7014118202898136,0.9984057285143849,0.7535524743574981,0.3862051312340444,0.4069821061231538,0.5367006615953802,6.938893903907228e-18,0.5289553208479796,0.20368453662557165,0.27484377212958977,0.1792426117102452,event|slow,fast,True,"{""event"": 0.8783200899568596, ""fast"": 0.7639854458904677, ""slow"": 0.9836859583796265}","{""event"": 0.8783200899568596, ""slow"": 0.9836859583796265}",4.963170071592415e-07,0.0
balanced,11111,5,1,-1.0,1.0,0.0,-1.0998674963171302,-1.246060261810189,0.8639911394532934,0.8639911394532934,0.0,False,-0.8639911394532934,-0.8873353494454953,-0.931003024168243,0.02334420999220188,0.06701188471494957,0.2641821062591415,0.18391239498945988,0.9984057285143849,0.9984057285143849,0.7535524743574981,0.27132140408210254,0.4069821061231538,0.5367006615953802,6.938893903907228e-18,0.5289553208479796,0.20368453662557165,0.0,0.1792426117102452,event|slow,,False,"{""event"": 0.8783200899568596, ""fast"": 0.7639854458904677, ""slow"": 0.9836859583796265}","{""event"": 0.8783200899568596, ""slow"": 0.9836859583796265}",4.963170071592415e-07,0.0
balanced,11111,5,2,1.0,1.0,0.0,-1.9709681622649078,-1.8863674676366218,1.0882824229089645,1.0882824229089645,0.0,False,1.0882824229089645,1.0348725849173617,1.0348725849173617,0.053409837991602815,0.053409837991602815,0.46441402717342034,0.46441402717342034,0.994316256144217,0.994316256144217,1.1854876476669356,0.38069823245137285,0.38069823245137285,0.9102622577014626,0.364534923184168,0.6662716223540013,0.3123333944081278,0.12349526742505826,0.1792426117102452,event|fast|slow,,False,"{""event"": 0.8783200899568596, ""fast"": 1.106048175114624, ""slow"": 1.1202494896806015}","{""event"": 0.8783200899568596, ""fast"": 1.106048175114624, ""slow"": 1.1202494896806015}",1.6226489452098036e-07,0.0
balanced,11111,5,2,-1.0,1.0,0.0,-1.9709681622649078,-1.8863674676366218,1.0882824229089645,1.0882824229089645,0.0,False,-1.0882824229089645,-1.0348725849173617,-1.0348725849173617,0.053409837991602815,0.053409837991602815,0.46441402717342034,0.46441402717342034,0.994316256144217,0.994316256144217,1.1854876476669356,0.38069823245137285,0.38069823245137285,0.9102622577014626,0.364534923184168,0.6662716223540013,0.3123333944081278,0.12349526742505826,0.1792426117102452,event|fast|slow,,False,"{""event"": 0.8783200899568596, ""fast"": 1.106048175114624, ""slow"": 1.1202494896806015}","{""event"": 0.8783200899568596, ""fast"": 1.106048175114624, ""slow"": 1.1202494896806015}",1.6226489452098036e-07,0.0
balanced,11111,5,3,1.0,1.0,0.0,-2.770968162264908,-3.0563674676366217,0.7517140309324223,0.7517140309324224,1.1102230246251565e-16,True,0.7517140309324223,0.9208516751759762,0.9208516751759762,0.16913764424355393,0.16913764424355393,0.3793229209182982,0.3793229209182982,0.9848353488927744,0.9848353488927744,1.1248610687053249,0.4530112164104049,0.4530112164104049,0.6287493912778671,0.8112873914112241,0.4602166830893555,0.3123333944081278,0.27484377212958977,0.1792426117102452,event|fast|slow,,False,"{""event"": 0.8783200899568596, ""fast"": 0.7639854458904677, ""slow"": 1.1202494896806015}","{""event"": 0.8783200899568596, ""fast"": 0.7639854458904677, ""slow"": 1.1202494896806015}",1.6226489496506957e-07,0.0
balanced,11111,5,3,-1.0,1.0,0.0,-2.770968162264908,-3.0563674676366217,0.7517140309324223,0.7517140309324224,1.1102230246251565e-16,True,-0.8,-0.9328565265458204,0.0,0.13285652654582036,0.8,0.24259074686391674,0.0,,,0.0,0.360111181602589,0.0,0.0,0.0,0.0,0.3123333944081278,0.0,0.1792426117102452,,event|slow,True,"{""event"": 0.8783200899568596, ""fast"": 0.7639854458904677, ""slow"": 1.1202494896806015}",{},1.6226489496506957e-07,0.0
balanced,11111,5,4,1.0,1.0,0.0,-1.0374879504858856,-0.8372321351223192,1.221715251719432,1.2217152517194323,2.220446049250313e-16,True,1.2,1.028078311857023,0.0,0.17192168814297704,1.2,0.24259074686391674,0.0,,,0.0,0.4160423636373164,0.0,0.0,0.0,0.0,0.3123333944081278,0.27484377212958977,0.0,,fast|slow,True,"{""event"": 1.221715251719432, ""fast"": 0.7639854458904677, ""slow"": 1.1202494896806015}",{},4.9514115696425165e-08,0.0
balanced,11111,5,4,-1.0,1.0,0.0,-1.0374879504858856,-0.8372321351223192,1.221715251719432,1.2217152517194323,2.220446049250313e-16,True,-1.221715251719432,-1.0473215804666778,-1.221715251719432,0.1743936712527543,0.0,0.461884034092116,5.551115123125783e-17,0.7227168828899064,1.0,0.9798039978850012,0.451907711526487,0.9798039978850012,6.938893903907228e-17,0.0,0.9798039978850012,0.3123333944081278,0.0,0.32660133262833374,event,slow,True,"{""event"": 1.221715251719432, ""fast"": 0.7639854458904677, ""slow"": 1.1202494896806015}","{""event"": 1.221715251719432}",4.9514115696425165e-08,0.0
prepare_leaning,10000,1,0,1.0,1.0,0.0,0.0,0.0,1.0,1.0,0.0,False,1.0,1.1509933165754607,0.0,0.15099331657546067,1.0,0.12381150516043005,0.0,,,0.0,0.19227307500921564,0.0,0.0,0.0,0.0,0.1524807672819673,0.11712621816912723,0.0,,fast|slow,True,"{""event"": 1.5389947661556178, ""fast"": 1.1070516546497708, ""slow"": 1.145928295076611}",{},0.0,0.0
prepare_leaning,10000,1,0,-1.0,1.0,0.0,0.0,0.0,1.0,1.0,0.0,False,-1.0,-1.2639915719606665,0.0,0.26399157196066647,1.0,0.34391462539016826,0.0,,,0.0,0.5229947174570877,0.0,0.0,0.0,0.0,0.1524807672819673,0.11712621816912723,0.4863687275252383,,event|fast|slow,True,"{""event"": 1.5389947661556178, ""fast"": 1.1070516546497708, ""slow"": 1.145928295076611}",{},0.0,0.0
prepare_leaning,01000,1,1,1.0,1.0,0.0,0.0,0.0,1.0,1.0,0.0,False,1.0,0.9983921764930512,0.0,0.001607823506948769,1.0,0.18540101150807461,0.0,,,0.0,0.2702738643873861,0.0,0.0,0.0,0.0,0.24357629356792745,0.11712621816912723,0.0,,fast|slow,True,"{""event"": 1.5389947661556178, ""fast"": 1.1070516546497708, ""slow"": 0.6881248748293828}",{},0.0,0.0
prepare_leaning,01000,1,1,-1.0,1.0,0.0,0.0,0.0,1.0,1.0,0.0,False,-1.0,-1.1486821402684628,0.0,0.14868214026846283,1.0,0.34391462539016826,0.0,,,0.0,0.5002730155596257,0.0,0.0,0.0,0.0,0.0,0.11712621816912723,0.4863687275252383,,event|fast,True,"{""event"": 1.5389947661556178, ""fast"": 1.1070516546497708, ""slow"": 0.6881248748293828}",{},0.0,0.0
prepare_leaning,11000,2,0,1.0,1.0,0.0,-0.3868710061149,-0.24971071919312487,1.1470119848070122,1.1470119848070122,0.0,False,1.1470119848070122,1.1509933165754607,1.145928295076611,0.003981331768448504,0.0010836897304011828,0.1802302763455956,0.15174623640005167,0.7246411326340108,0.9137478865911994,0.35844614908188976,0.19227307500921564,0.45744230184590196,0.35844614908188976,0.0,5.262959026543805e-17,0.1524807672819673,0.11712621816912723,0.0,slow,fast,True,"{""event"": 1.5389947661556178, ""fast"": 1.1070516546497708, ""slow"": 1.145928295076611}","{""slow"": 1.145928295076611}",6.114899919751338e-09,0.0
prepare_leaning,11000,2,0,-1.0,1.0,0.0,-0.3868710061149,-0.24971071919312487,1.1470119848070122,1.1470119848070122,0.0,False,-1.1470119848070122,-1.2639915719606665,-1.145928295076611,0.11697958715365431,0.0010836897304011828,0.3439146253901683,0.15174623640005167,0.26640609206752486,0.9137478865911994,0.35844614908188976,0.5229947174570877,0.45744230184590196,0.35844614908188976,0.0,5.262959026543805e-17,0.1524807672819673,0.11712621816912723,0.4863687275252383,slow,event|fast,True,"{""event"": 1.5389947661556178, ""fast"": 1.1070516546497708, ""slow"": 1.145928295076611}","{""slow"": 1.145928295076611}",6.114899919751338e-09,0.0
prepare_leaning,11000,2,1,1.0,1.0,0.0,-1.1368710061148999,-1.5097107191931247,0.6887756257212928,0.6887756257212929,1.1102230246251565e-16,True,0.6887756257212928,0.9983921764930512,0.6881248748293828,0.3096165507717584,0.0006507508919100236,0.3815474980177328,0.09112294405963198,0.8906474978973014,0.9882683472089594,0.7588305035611099,0.2702738643873861,0.7307288807037824,0.7588305035611099,0.0,0.0,0.24357629356792745,0.11712621816912723,0.0,slow,fast,True,"{""event"": 1.5389947661556178, ""fast"": 1.1070516546497708, ""slow"": 0.6881248748293828}","{""slow"": 0.6881248748293828}",6.114899919751338e-09,0.0
prepare_leaning,11000,2,1,-1.0,1.0,0.0,-1.1368710061148999,-1.5097107191931247,0.6887756257212928,0.6887756257212929,1.1102230246251565e-16,True,-0.8,-1.1486821402684628,0.0,0.3486821402684628,0.8,0.34391462539016826,0.0,,,0.0,0.5002730155596257,0.0,0.0,0.0,0.0,0.0,0.11712621816912723,0.4863687275252383,,event|fast,True,"{""event"": 1.5389947661556178, ""fast"": 1.1070516546497708, ""slow"": 0.6881248748293828}",{},6.114899919751338e-09,0.0
prepare_leaning,00100,1,2,1.0,1.0,0.0,0.0,0.0,1.0,1.0,0.0,False,1.0,0.9852571110915188,0.0,0.014742888908481189,1.0,0.2909955744090281,0.0,,,0.0,0.4640017636213521,0.0,0.0,0.0,0.0,0.3744369242933106,0.2740339876173952,0.0,,fast|slow,True,"{""event"": 1.5389947661556178, ""fast"": 0.7495369332051954, ""slow"": 1.0062344000693613}",{},0.0,0.0
prepare_leaning,00100,1,2,-1.0,1.0,0.0,0.0,0.0,1.0,1.0,0.0,False,-1.0,-1.1150763887416597,0.0,0.11507638874165971,1.0,0.34391462539016826,0.0,,,0.0,0.6138057912636161,0.0,0.0,0.0,0.0,0.3744369242933106,0.0,0.4863687275252383,,event|slow,True,"{""event"": 1.5389947661556178, ""fast"": 0.7495369332051954, ""slow"": 1.0062344000693613}",{},0.0,0.0
prepare_leaning,10100,2,0,1.0,0.9999999999999999,0.0,-0.06467523190486997,-0.043034246903363646,1.0218768494912183,1.021876849491218,2.220446049250313e-16,False,1.0218768494912183,1.1509933165754607,1.126489974863191,0.1291164670842424,0.10461312537197265,0.08076860643692216,0.14267435901713718,0.8801239403064935,0.8801239403064937,0.07703355105040754,0.19227307500921564,0.28840961251382347,0.06087185113863641,0.047210017225070296,1.184165780972356e-16,0.1524807672819673,0.11712621816912723,0.0,fast|slow,,False,"{""event"": 1.5389947661556178, ""fast"": 1.1070516546497708, ""slow"": 1.145928295076611}","{""fast"": 1.1070516546497708, ""slow"": 1.145928295076611}",2.3190484310653403e-07,0.0
prepare_leaning,10100,2,0,-1.0,0.9999999999999999,0.0,-0.06467523190486997,-0.043034246903363646,1.0218768494912183,1.021876849491218,2.220446049250313e-16,False,-1.0218768494912183,-1.2639915719606665,-1.126489974863191,0.2421147224694482,0.10461312537197265,0.34391462539016815,0.14267435901713718,0.32356758250783413,0.8801239403064937,0.07703355105040754,0.5229947174570877,0.28840961251382347,0.06087185113863641,0.047210017225070296,1.184165780972356e-16,0.1524807672819673,0.11712621816912723,0.4863687275252383,fast|slow,event,True,"{""event"": 1.5389947661556178, ""fast"": 1.1070516546497708, ""slow"": 1.145928295076611}","{""fast"": 1.1070516546497708, ""slow"": 1.145928295076611}",2.3190484310653403e-07,0.0
prepare_leaning,10100,2,2,1.0,0.9999999999999999,0.0,-2.7705403003470654,-3.1671990008741107,0.6725635320442361,0.672563532044236,1.1102230246251565e-16,True,0.6725635320442361,0.9852571110915188,0.8778856666372783,0.3126935790472827,0.20532213459304216,0.41754105477152625,0.30419447991501825,0.9853476026517456,0.9853476026517455,1.1529810944743493,0.4640017636213521,0.6960026454320283,0.9110847493266814,0.7066045455271335,0.0,0.3744369242933106,0.2740339876173952,0.0,fast|slow,,False,"{""event"": 1.5389947661556178, ""fast"": 0.7495369332051954, ""slow"": 1.0062344000693613}","{""fast"": 0.7495369332051954, ""slow"": 1.0062344000693613}",3.003470203655212e-07,0.0
prepare_leaning,10100,2,2,-1.0,0.9999999999999999,0.0,-2.7705403003470654,-3.1671990008741107,0.6725635320442361,0.672563532044236,1.1102230246251565e-16,True,-0.8,-1.1150763887416597,0.0,0.31507638874165966,0.8,0.34391462539016826,0.0,,,0.0,0.6138057912636161,0.0,0.0,0.0,0.0,0.3744369242933106,0.0,0.4863687275252383,,event|slow,True,"{""event"": 1.5389947661556178, ""fast"": 0.7495369332051954, ""slow"": 1.0062344000693613}",{},3.003470203655212e-07,0.0
prepare_leaning,01100,2,1,1.0,1.0,0.0,-0.13229243378298064,-0.14412254318604215,0.9882395912151197,0.9882395912151196,1.1102230246251565e-16,False,0.9882395912151197,0.9983921764930512,0.8975882647395768,0.010152585277931503,0.09065132647554297,0.15502669682153053,0.23254004523229585,0.711672219183777,0.7116722191837769,0.23738461270938369,0.2702738643873861,0.40541079658107915,0.18758113329077816,0.14548117673613797,1.052591805308761e-16,0.24357629356792745,0.11712621816912723,0.0,fast|slow,,False,"{""event"": 1.5389947661556178, ""fast"": 1.1070516546497708, ""slow"": 0.6881248748293828}","{""fast"": 1.1070516546497708, ""slow"": 0.6881248748293828}",4.3378288661077846e-07,0.0
prepare_leaning,01100,2,1,-1.0,1.0,0.0,-0.13229243378298064,-0.14412254318604215,0.9882395912151197,0.9882395912151196,1.1102230246251565e-16,False,-0.9882395912151197,-1.1486821402684628,-0.9535258273248854,0.1604425490533431,0.034713763890234284,0.3439146253901682,0.1326398913725669,0.14348327589120444,0.6128500709279004,0.23738461270938369,0.5002730155596257,0.17568932725369082,0.18758113329077816,0.14548117673613797,1.052591805308761e-16,0.0,0.11712621816912723,0.4863687275252383,fast|slow,event,True,"{""event"": 1.5389947661556178, ""fast"": 1.1070516546497708, ""slow"": 0.6881248748293828}","{""fast"": 1.1070516546497708, ""slow"": 0.6881248748293828}",4.3378288661077846e-07,0.0
prepare_leaning,01100,2,2,1.0,1.0,0.0,-2.0881575022251764,-2.0082872971567896,1.0831464716286168,1.0831464716286168,0.0,False,1.0831464716286168,0.9852571110915188,0.8778856666372783,0.09788936053709796,0.20526080499133847,0.8734659102797844,0.8413146979317783,0.7897951881778246,0.7897951881778246,1.6783169128514124,0.4640017636213521,0.6960026454320283,1.3262046976868072,1.0285566390804832,0.0,0.3744369242933106,0.2740339876173952,0.0,fast|slow,,False,"{""event"": 1.5389947661556178, ""fast"": 0.7495369332051954, ""slow"": 1.0062344000693613}","{""fast"": 0.7495369332051954, ""slow"": 1.0062344000693613}",4.977749474832649e-07,0.0
prepare_leaning,01100,2,2,-1.0,1.0,0.0,-2.0881575022251764,-2.0082872971567896,1.0831464716286168,1.0831464716286168,0.0,False,-1.0831464716286168,-1.1150763887416597,-0.9031172000346807,0.03192991711304294,0.1800292715939361,0.8734659102797844,0.8413146979317783,0.32343228801653684,0.5301950704804966,1.6783169128514124,0.6138057912636161,0.5616553864399659,1.3262046976868072,1.0285566390804832,0.0,0.3744369242933106,0.0,0.4863687275252383,fast|slow,event,True,"{""event"": 1.5389947661556178, ""fast"": 0.7495369332051954, ""slow"": 1.0062344000693613}","{""fast"": 0.7495369332051954, ""slow"": 1.0062344000693613}",4.977749474832649e-07,0.0
prepare_leaning,11100,3,0,1.0,0.9999999999999999,0.0,-0.4312491925950923,-0.28339364548131,1.1593454134754722,1.159345413475472,2.220446049250313e-16,False,1.1593454134754722,1.1509933165754607,1.126489974863191,0.008352096900011485,0.03285543861228124,0.1744702873281022,0.1378555741478958,0.8213495977099826,0.8213495977099826,0.38269636185060557,0.19227307500921564,0.28840961251382347,0.38037169834960305,0.042117412887406225,1.052591805308761e-16,0.1524807672819673,0.11712621816912723,0.0,fast|slow,,False,"{""event"": 1.5389947661556178, ""fast"": 1.1070516546497708, ""slow"": 1.145928295076611}","{""fast"": 1.1070516546497708, ""slow"": 1.145928295076611}",1.9259507377800134e-07,0.0
prepare_leaning,11100,3,0,-1.0,0.9999999999999999,0.0,-0.4312491925950923,-0.28339364548131,1.1593454134754722,1.159345413475472,2.220446049250313e-16,False,-1.1593454134754722,-1.2639915719606665,-1.126489974863191,0.10464615848519432,0.03285543861228124,0.3439146253901682,0.1378555741478958,0.3019598621896951,0.8213495977099826,0.38269636185060557,0.5229947174570877,0.28840961251382347,0.38037169834960305,0.042117412887406225,1.052591805308761e-16,0.1524807672819673,0.11712621816912723,0.4863687275252383,fast|slow,event,True,"{""event"": 1.5389947661556178, ""fast"": 1.1070516546497708, ""slow"": 1.145928295076611}","{""fast"": 1.1070516546497708, ""slow"": 1.145928295076611}",1.9259507377800134e-07,0.0
prepare_leaning,11100,3,1,1.0,0.9999999999999999,0.0,-1.1812491925950923,-1.5433936454813098,0.6961817951082996,0.6961817951082996,0.0,True,0.6961817951082996,0.9983921764930512,0.8975882647395768,0.30221038138475165,0.20140646963127717,0.36935360117201044,0.2918402527612451,0.9091013342860653,0.9091013342860653,0.7588384230794396,0.2702738643873861,0.40541079658107915,0.7584168388575766,0.025291320229898197,0.0,0.24357629356792745,0.11712621816912723,0.0,fast|slow,,False,"{""event"": 1.5389947661556178, ""fast"": 1.1070516546497708, ""slow"": 0.6881248748293828}","{""fast"": 1.1070516546497708, ""slow"": 0.6881248748293828}",1.9259507377800134e-07,0.0
prepare_leaning,11100,3,1,-1.0,0.9999999999999999,0.0,-1.1812491925950923,-1.5433936454813098,0.6961817951082996,0.6961817951082996,0.0,True,-0.8,-1.1486821402684628,0.0,0.3486821402684628,0.8,0.34391462539016826,0.0,,,0.0,0.5002730155596257,0.0,0.0,0.0,0.0,0.0,0.11712621816912723,0.4863687275252383,,event|fast,True,"{""event"": 1.5389947661556178, ""fast"": 1.1070516546497708, ""slow"": 0.6881248748293828}",{},1.9259507377800134e-07,0.0
prepare_leaning,11100,3,2,1.0,0.9999999999999999,0.0,-3.137114261037288,-3.407558399452057,0.7630405234589376,0.7630405234589377,1.1102230246251565e-16,True,0.7630405234589376,0.9852571110915188,0.8778856666372783,0.22221658763258123,0.11484514317834071,0.4467715419260375,0.3012737547215234,0.9972562478218316,0.9972562478218316,1.2473960400079658,0.4640017636213521,0.6960026454320283,0.949317701639508,0.8091926729657385,0.0,0.3744369242933106,0.2740339876173952,0.0,fast|slow,,False,"{""event"": 1.5389947661556178, ""fast"": 0.7495369332051954, ""slow"": 1.0062344000693613}","{""fast"": 0.7495369332051954, ""slow"": 1.0062344000693613}",2.6103725414561296e-07,0.0
prepare_leaning,11100,3,2,-1.0,0.9999999999999999,0.0,-3.137114261037288,-3.407558399452057,0.7630405234589376,0.7630405234589377,1.1102230246251565e-16,True,-0.8,-1.1150763887416597,0.0,0.31507638874165966,0.8,0.34391462539016826,0.0,,,0.0,0.6138057912636161,0.0,0.0,0.0,0.0,0.3744369242933106,0.0,0.4863687275252383,,event|slow,True,"{""event"": 1.5389947661556178, ""fast"": 0.7495369332051954, ""slow"": 1.0062344000693613}",{},2.6103725414561296e-07,0.0
prepare_leaning,00010,1,3,1.0,1.0,0.0,0.0,0.0,1.0,1.0,0.0,False,1.0,1.1044286849063774,0.0,0.10442868490637736,1.0,0.2909955744090281,0.0,,,0.0,0.39232838446489743,0.0,0.0,0.0,0.0,0.3744369242933106,0.11712621816912723,0.0,,fast|slow,True,"{""event"": 1.5389947661556178, ""fast"": 1.1070516546497708, ""slow"": 1.0062344000693613}",{},0.0,0.0
prepare_leaning,00010,1,3,-1.0,1.0,0.0,0.0,0.0,1.0,1.0,0.0,False,-1.0,-1.2174269402915832,0.0,0.21742694029158316,1.0,0.34391462539016826,0.0,,,0.0,0.6248808689433177,0.0,0.0,0.0,0.0,0.3744369242933106,0.11712621816912723,0.4863687275252383,,event|fast|slow,True,"{""event"": 1.5389947661556178, ""fast"": 1.1070516546497708, ""slow"": 1.0062344000693613}",{},0.0,0.0
prepare_leaning,10010,2,0,1.0,1.0,0.0,-0.1452405237605861,-0.14146130375009452,1.0037863702670622,1.0037863702670622,0.0,False,1.0037863702670622,1.1509933165754607,1.126489974863191,0.14720694630839848,0.12270360459612872,0.11253846866181916,0.15394884022288158,0.49238534157160957,0.4923853415716097,0.19191527386394888,0.19227307500921564,0.28840961251382347,0.18725700499519188,0.04202721050111693,2.6314795132719024e-17,0.1524807672819673,0.11712621816912723,0.0,fast|slow,,False,"{""event"": 1.5389947661556178, ""fast"": 1.1070516546497708, ""slow"": 1.145928295076611}","{""fast"": 1.1070516546497708, ""slow"": 1.145928295076611}",4.7623952736941533e-07,0.0
prepare_leaning,10010,2,0,-1.0,1.0,0.0,-0.1452405237605861,-0.14146130375009452,1.0037863702670622,1.0037863702670622,0.0,False,-1.0037863702670622,-1.2639915719606665,-1.126489974863191,0.2602052016936043,0.12270360459612872,0.34391462539016826,0.15394884022288158,0.1810198851983709,0.4923853415716097,0.19191527386394888,0.5229947174570877,0.28840961251382347,0.18725700499519188,0.04202721050111693,2.6314795132719024e-17,0.1524807672819673,0.11712621816912723,0.4863687275252383,fast|slow,event,True,"{""event"": 1.5389947661556178, ""fast"": 1.1070516546497708, ""slow"": 1.145928295076611}","{""fast"": 1.1070516546497708, ""slow"": 1.145928295076611}",4.7623952736941533e-07,0.0
prepare_leaning,10010,2,3,1.0,1.0,0.0,-2.0011055922027823,-2.0256260577208414,0.9757777189175316,0.9757777189175316,0.0,False,0.9757777189175316,1.1044286849063774,1.056643027359566,0.12865096598884573,0.08086530844203432,0.6203685268899036,0.5070219520333956,0.9757776130384856,0.9757776130384858,1.2277261281047742,0.39232838446489743,0.5884925766973462,1.1979261112183415,0.26885772760410404,0.0,0.3744369242933106,0.11712621816912723,0.0,fast|slow,,False,"{""event"": 1.5389947661556178, ""fast"": 1.1070516546497708, ""slow"": 1.0062344000693613}","{""fast"": 1.1070516546497708, ""slow"": 1.0062344000693613}",4.077973008165259e-07,0.0
prepare_leaning,10010,2,3,-1.0,1.0,0.0,-2.0011055922027823,-2.0256260577208414,0.9757777189175316,0.9757777189175316,0.0,False,-0.9757777189175316,-1.2174269402915832,-1.056643027359566,0.24164922137405154,0.08086530844203432,0.6203685268899036,0.5070219520333956,0.6126371818163768,0.9757776130384858,1.2277261281047742,0.6248808689433177,0.5884925766973462,1.1979261112183415,0.26885772760410404,0.0,0.3744369242933106,0.11712621816912723,0.4863687275252383,fast|slow,event,True,"{""event"": 1.5389947661556178, ""fast"": 1.1070516546497708, ""slow"": 1.0062344000693613}","{""fast"": 1.1070516546497708, ""slow"": 1.0062344000693613}",4.077973008165259e-07,0.0
prepare_leaning,01010,2,1,1.0,1.0,0.0,-0.28587380305823423,-0.42899196196176537,0.8666516602354437,0.8666516602354437,0.0,False,0.8666516602354437,0.9983921764930512,0.8975882647395768,0.13174051625760752,0.030936604504133047,0.27194397573039103,0.25675681838711906,0.4559209177054638,0.4559209177054637,0.4381783220761036,0.2702738643873861,0.40541079658107915,0.4275426264610776,0.0959559508117813,0.0,0.24357629356792745,0.11712621816912723,0.0,fast|slow,,False,"{""event"": 1.5389947661556178, ""fast"": 1.1070516546497708, ""slow"": 0.6881248748293828}","{""fast"": 1.1070516546497708, ""slow"": 0.6881248748293828}",1.969417851022115e-07,0.0
prepare_leaning,01010,2,1,-1.0,1.0,0.0,-0.28587380305823423,-0.42899196196176537,0.8666516602354437,0.8666516602354437,0.0,False,-0.8666516602354437,-1.1486821402684628,-0.9535258273248854,0.2820304800330191,0.08687416708944173,0.34391462539016826,0.30231829041693503,-0.05127056082846805,-0.21898835697105865,0.4381783220761036,0.5002730155596257,0.17568932725369082,0.4275426264610776,0.0959559508117813,0.0,0.0,0.11712621816912723,0.4863687275252383,fast|slow,event,True,"{""event"": 1.5389947661556178, ""fast"": 1.1070516546497708, ""slow"": 0.6881248748293828}","{""fast"": 1.1070516546497708, ""slow"": 0.6881248748293828}",1.969417851022115e-07,0.0
prepare_leaning,01010,2,3,1.0,1.0,0.0,-1.3917388715004302,-1.0531567159325124,1.4029570049487812,1.4029570049487812,0.0,True,1.2,1.1044286849063774,0.0,0.0955713150936226,1.2,0.2909955744090281,0.0,,,0.0,0.39232838446489743,0.0,0.0,0.0,0.0,0.3744369242933106,0.11712621816912723,0.0,,fast|slow,True,"{""event"": 1.5389947661556178, ""fast"": 1.1070516546497708, ""slow"": 1.0062344000693613}",{},1.2849957808924728e-07,0.0
prepare_leaning,01010,2,3,-1.0,1.0,0.0,-1.3917388715004302,-1.0531567159325124,1.4029570049487812,1.4029570049487812,0.0,True,-1.4029570049487812,-1.2174269402915832,-1.056643027359566,0.185530064657198,0.3463139775892152,0.8492543024648597,0.8171030901168536,0.4333383223002124,0.6901994301399418,1.3241036567010958,0.6248808689433177,0.5884925766973462,1.2919643135480823,0.2899632842403437,1.052591805308761e-16,0.3744369242933106,0.11712621816912723,0.4863687275252383,fast|slow,event,True,"{""event"": 1.5389947661556178, ""fast"": 1.1070516546497708, ""slow"": 1.0062344000693613}","{""fast"": 1.1070516546497708, ""slow"": 1.0062344000693613}",1.2849957808924728e-07,0.0
prepare_leaning,11010,3,0,1.0,1.0,0.0,-0.48777245658339924,-0.3615898136217421,1.1344893558576952,1.1344893558576954,2.220446049250313e-16,False,1.1344893558576952,1.1509933165754607,1.126489974863191,0.016503960717765498,0.007999380994504257,0.22042883279855152,0.1585230802183365,0.7340765822393532,0.7340765822393532,0.4296749379418703,0.19227307500921564,0.28840961251382347,0.42798112660376314,0.03811440103587779,0.0,0.1524807672819673,0.11712621816912723,0.0,fast|slow,,False,"{""event"": 1.5389947661556178, ""fast"": 1.1070516546497708, ""slow"": 1.145928295076611}","{""fast"": 1.1070516546497708, ""slow"": 1.145928295076611}",4.5658329506093054e-07,0.0
prepare_leaning,11010,3,0,-1.0,1.0,0.0,-0.48777245658339924,-0.3615898136217421,1.1344893558576952,1.1344893558576954,2.220446049250313e-16,False,-1.1344893558576952,-1.2639915719606665,-1.126489974863191,0.1295022161029713,0.007999380994504257,0.34391462539016826,0.1585230802183365,0.2698749280789758,0.7340765822393532,0.4296749379418703,0.5229947174570877,0.28840961251382347,0.42798112660376314,0.03811440103587779,0.0,0.1524807672819673,0.11712621816912723,0.4863687275252383,fast|slow,event,True,"{""event"": 1.5389947661556178, ""fast"": 1.1070516546497708, ""slow"": 1.145928295076611}","{""fast"": 1.1070516546497708, ""slow"": 1.145928295076611}",4.5658329506093054e-07,0.0
prepare_leaning,11010,3,1,1.0,1.0,0.0,-1.2377724565833992,-1.621589813621742,0.6812558424021216,0.6812558424021216,0.0,True,0.6812558424021216,0.9983921764930512,0.8975882647395768,0.3171363340909297,0.2163324223374552,0.36124935375901446,0.2685488480049772,0.8866965858001417,0.8866965858001418,0.7278319966952183,0.2702738643873861,0.40541079658107915,0.7274720451092129,0.02288752931112227,5.262959026543805e-17,0.24357629356792745,0.11712621816912723,0.0,fast|slow,,False,"{""event"": 1.5389947661556178, ""fast"": 1.1070516546497708, ""slow"": 0.6881248748293828}","{""fast"": 1.1070516546497708, ""slow"": 0.6881248748293828}",4.5658329483888593e-07,0.0
prepare_leaning,11010,3,1,-1.0,1.0,0.0,-1.2377724565833992,-1.621589813621742,0.6812558424021216,0.6812558424021216,0.0,True,-0.8,-1.1486821402684628,0.0,0.3486821402684628,0.8,0.34391462539016826,0.0,,,0.0,0.5002730155596257,0.0,0.0,0.0,0.0,0.0,0.11712621816912723,0.4863687275252383,,event|fast,True,"{""event"": 1.5389947661556178, ""fast"": 1.1070516546497708, ""slow"": 0.6881248748293828}",{},4.5658329483888593e-07,0.0
prepare_leaning,11010,3,3,1.0,1.0,0.0,-2.343637525025595,-2.245754567592489,1.1028336990673786,1.1028336990673786,0.0,False,1.1028336990673786,1.1044286849063774,1.056643027359566,0.0015949858389987526,0.04619067170781266,0.6951057791604317,0.5496079919559176,0.9981203723950272,0.9981203723950268,1.306892799250969,0.39232838446489743,0.5884925766973462,1.2688603894470893,0.31298897876157594,0.0,0.3744369242933106,0.11712621816912723,0.0,fast|slow,,False,"{""event"": 1.5389947661556178, ""fast"": 1.1070516546497708, ""slow"": 1.0062344000693613}","{""fast"": 1.1070516546497708, ""slow"": 1.0062344000693613}",4.7497451749478614e-07,0.0
prepare_leaning,11010,3,3,-1.0,1.0,0.0,-2.343637525025595,-2.245754567592489,1.1028336990673786,1.1028336990673786,0.0,False,-1.1028336990673786,-1.2174269402915832,-1.056643027359566,0.11459324122420456,0.04619067170781266,0.6951057791604317,0.5496079919559176,0.6266649735419625,0.9981203723950268,1.306892799250969,0.6248808689433177,0.5884925766973462,1.2688603894470893,0.31298897876157594,0.0,0.3744369242933106,0.11712621816912723,0.4863687275252383,fast|slow,event,True,"{""event"": 1.5389947661556178, ""fast"": 1.1070516546497708, ""slow"": 1.0062344000693613}","{""fast"": 1.1070516546497708, ""slow"": 1.0062344000693613}",4.7497451749478614e-07,0.0
prepare_leaning,00110,2,2,1.0,1.0,0.0,-1.2058650684421957,-1.4941647539707477,0.7495369332051952,0.7495369332051952,0.0,True,0.7495369332051952,0.9852571110915188,0.7495369332051954,0.2357201778863236,2.220446049250313e-16,0.38754258183970103,1.1102230246251565e-16,0.590588245783092,1.0,0.8221019628521856,0.4640017636213521,0.8221019628521857,0.0,0.8221019628521856,0.0,0.3744369242933106,0.2740339876173952,0.0,fast,slow,True,"{""event"": 1.5389947661556178, ""fast"": 0.7495369332051954, ""slow"": 1.0062344000693613}","{""fast"": 0.7495369332051954}",6.844219335722102e-08,0.0
prepare_leaning,00110,2,2,-1.0,1.0,0.0,-1.2058650684421957,-1.4941647539707477,0.7495369332051952,0.7495369332051952,0.0,True,-0.8,-1.1150763887416597,0.0,0.31507638874165966,0.8,0.34391462539016826,0.0,,,0.0,0.6138057912636161,0.0,0.0,0.0,0.0,0.3744369242933106,0.0,0.4863687275252383,,event|slow,True,"{""event"": 1.5389947661556178, ""fast"": 0.7495369332051954, ""slow"": 1.0062344000693613}",{},6.844219335722102e-08,0.0
prepare_leaning,00110,2,3,1.0,1.0,0.0,-0.35586506844219595,-0.25416475397074745,1.107051654649771,1.1070516546497708,2.220446049250313e-16,False,1.107051654649771,1.1044286849063774,1.1070516546497708,0.0026229697433937105,2.220446049250313e-16,0.2909955744090281,5.551115123125783e-17,0.2985412802310428,1.0,0.35137865450738165,0.39232838446489743,0.35137865450738165,3.0984964432114774e-17,0.35137865450738165,2.6314795132719024e-17,0.3744369242933106,0.11712621816912723,0.0,fast,slow,True,"{""event"": 1.5389947661556178, ""fast"": 1.1070516546497708, ""slow"": 1.0062344000693613}","{""fast"": 1.1070516546497708}",6.844219357926562e-08,0.0
prepare_leaning,00110,2,3,-1.0,1.0,0.0,-0.35586506844219595,-0.25416475397074745,1.107051654649771,1.1070516546497708,2.220446049250313e-16,False,-1.107051654649771,-1.2174269402915832,-1.1070516546497708,0.1103752856418121,2.220446049250313e-16,0.34391462539016826,5.551115123125783e-17,0.18743767650814686,1.0,0.35137865450738165,0.6248808689433177,0.35137865450738165,3.0984964432114774e-17,0.35137865450738165,2.6314795132719024e-17,0.3744369242933106,0.11712621816912723,0.4863687275252383,fast,event|slow,True,"{""event"": 1.5389947661556178, ""fast"": 1.1070516546497708, ""slow"": 1.0062344000693613}","{""fast"": 1.1070516546497708}",6.844219357926562e-08,0.0
prepare_leaning,10110,3,0,1.0,1.0,0.0,-0.20141327798275246,-0.1789237692854063,1.0227443041881277,1.0227443041881277,0.0,False,1.0227443041881277,1.1509933165754607,1.145928295076611,0.128249012387333,0.12318399088848331,0.11697448999425669,0.21968827908123847,0.6413528561289578,0.8087241952673546,0.23696077205356267,0.19227307500921564,0.45744230184590196,0.23696077205356267,2.7755575615628914e-17,2.6314795132719024e-17,0.1524807672819673,0.11712621816912723,0.0,slow,fast,True,"{""event"": 1.5389947661556178, ""fast"": 1.1070516546497708, ""slow"": 1.145928295076611}","{""slow"": 1.145928295076611}",2.779827138477131e-07,0.0
prepare_leaning,10110,3,0,-1.0,1.0,0.0,-0.20141327798275246,-0.1789237692854063,1.0227443041881277,1.0227443041881277,0.0,False,-1.0227443041881277,-1.2639915719606665,-1.145928295076611,0.2412472677725388,0.12318399088848331,0.34391462539016826,0.21968827908123847,0.23578610203453146,0.8087241952673546,0.23696077205356267,0.5229947174570877,0.45744230184590196,0.23696077205356267,2.7755575615628914e-17,2.6314795132719024e-17,0.1524807672819673,0.11712621816912723,0.4863687275252383,slow,event|fast,True,"{""event"": 1.5389947661556178, ""fast"": 1.1070516546497708, ""slow"": 1.145928295076611}","{""slow"": 1.145928295076611}",2.779827138477131e-07,0.0
prepare_leaning,10110,3,2,1.0,1.0,0.0,-2.907278346424948,-3.3030885232561533,0.6731344603269663,0.6731344603269663,0.0,True,0.6731344603269663,0.9852571110915188,0.8778856666372783,0.3121226507645525,0.20475120631031196,0.33616144882669263,0.2314019278142525,0.980041961796678,0.9800419617966781,1.085680207778382,0.4640017636213521,0.6960026454320283,0.7959966068989195,0.7383027261002886,1.052591805308761e-16,0.3744369242933106,0.2740339876173952,0.0,fast|slow,,False,"{""event"": 1.5389947661556178, ""fast"": 0.7495369332051954, ""slow"": 1.0062344000693613}","{""fast"": 0.7495369332051954, ""slow"": 1.0062344000693613}",3.464248883311427e-07,0.0
prepare_leaning,10110,3,2,-1.0,1.0,0.0,-2.907278346424948,-3.3030885232561533,0.6731344603269663,0.6731344603269663,0.0,True,-0.8,-1.1150763887416597,0.0,0.31507638874165966,0.8,0.34391462539016826,0.0,,,0.0,0.6138057912636161,0.0,0.0,0.0,0.0,0.3744369242933106,0.0,0.4863687275252383,,event|slow,True,"{""event"": 1.5389947661556178, ""fast"": 0.7495369332051954, ""slow"": 1.0062344000693613}",{},3.464248883311427e-07,0.0
prepare_leaning,10110,3,3,1.0,1.0,0.0,-2.0572783464249484,-2.063088523256153,0.9942066696034876,0.9942066696034875,1.1102230246251565e-16,False,0.9942066696034876,1.1044286849063774,1.056643027359566,0.11022201530288978,0.062436357756078364,0.6046322820786595,0.4912857072221515,0.9785433580703373,0.9785433580703375,1.2172851253653054,0.39232838446489743,0.5884925766973462,1.1756717003854567,0.31556160943371453,0.0,0.3744369242933106,0.11712621816912723,0.0,fast|slow,,False,"{""event"": 1.5389947661556178, ""fast"": 1.1070516546497708, ""slow"": 1.0062344000693613}","{""fast"": 1.1070516546497708, ""slow"": 1.0062344000693613}",3.464248883311427e-07,0.0
prepare_leaning,10110,3,3,-1.0,1.0,0.0,-2.0572783464249484,-2.063088523256153,0.9942066696034876,0.9942066696034875,1.1102230246251565e-16,False,-0.9942066696034876,-1.2174269402915832,-1.056643027359566,0.22322027068809558,0.062436357756078364,0.6046322820786595,0.4912857072221515,0.6143736412506736,0.9785433580703375,1.2172851253653054,0.6248808689433177,0.5884925766973462,1.1756717003854567,0.31556160943371453,0.0,0.3744369242933106,0.11712621816912723,0.4863687275252383,fast|slow,event,True,"{""event"": 1.5389947661556178, ""fast"": 1.1070516546497708, ""slow"": 1.0062344000693613}","{""fast"": 1.1070516546497708, ""slow"": 1.0062344000693613}",3.464248883311427e-07,0.0
prepare_leaning,01110,3,1,1.0,0.9999999999999999,0.0,-0.3868710061149,-0.5251629497306353,0.8708444171627944,0.8708444171627944,0.0,False,0.8708444171627944,0.9983921764930512,0.6881248748293828,0.12754775933025686,0.1827195423334116,0.32540135312725427,0.4650800904645918,0.5645244193728818,0.6264000249367633,0.5031427745846185,0.2702738643873861,0.7307288807037824,0.5031427745846185,5.551115123125783e-17,5.262959026543805e-17,0.24357629356792745,0.11712621816912723,0.0,slow,fast,True,"{""event"": 1.5389947661556178, ""fast"": 1.1070516546497708, ""slow"": 0.6881248748293828}","{""slow"": 0.6881248748293828}",6.114899919751338e-09,0.0
prepare_leaning,01110,3,1,-1.0,0.9999999999999999,0.0,-0.3868710061149,-0.5251629497306353,0.8708444171627944,0.8708444171627944,0.0,False,-0.8708444171627944,-1.1486821402684628,-0.8,0.27783772310566845,0.07084441716279433,0.3557756678137983,0.3557756678137983,8.342940717211318e-17,,0.5031427745846185,0.5002730155596257,0.0,0.5031427745846185,5.551115123125783e-17,5.262959026543805e-17,0.0,0.11712621816912723,0.4863687275252383,slow,event|fast,True,"{""event"": 1.5389947661556178, ""fast"": 1.1070516546497708, ""slow"": 0.6881248748293828}","{""slow"": 0.6881248748293828}",6.114899919751338e-09,0.0
prepare_leaning,01110,3,2,1.0,0.9999999999999999,0.0,-2.3427360745570955,-2.3893277037013827,0.9544770986432104,0.9544770986432105,1.1102230246251565e-16,False,0.9544770986432104,0.9852571110915188,0.8778856666372783,0.030780012448308414,0.0765914320059321,0.5464867992317761,0.46808041265697864,0.7979472910615591,0.797947291061559,1.316571861545538,0.4640017636213521,0.6960026454320283,0.7983717095085568,1.0468830307488357,0.0,0.3744369242933106,0.2740339876173952,0.0,fast|slow,,False,"{""event"": 1.5389947661556178, ""fast"": 0.7495369332051954, ""slow"": 1.0062344000693613}","{""fast"": 0.7495369332051954, ""slow"": 1.0062344000693613}",7.455709283288314e-08,0.0
prepare_leaning,01110,3,2,-1.0,0.9999999999999999,0.0,-2.3427360745570955,-2.3893277037013827,0.9544770986432104,0.9544770986432105,1.1102230246251565e-16,False,-0.9544770986432104,-1.1150763887416597,-0.9031172000346807,0.1605992900984493,0.05135989860852974,0.7402580901516267,0.7402580901516267,0.24820318635748315,0.4068737437789798,1.316571861545538,0.6138057912636161,0.5616553864399659,0.7983717095085568,1.0468830307488357,0.0,0.3744369242933106,0.0,0.4863687275252383,fast|slow,event,True,"{""event"": 1.5389947661556178, ""fast"": 0.7495369332051954, ""slow"": 1.0062344000693613}","{""fast"": 0.7495369332051954, ""slow"": 1.0062344000693613}",7.455709283288314e-08,0.0
prepare_leaning,01110,3,3,1.0,0.9999999999999999,0.0,-1.492736074557096,-1.1493277037013825,1.409744342896851,1.409744342896851,0.0,True,1.2,1.1044286849063774,0.0,0.0955713150936226,1.2,0.2909955744090281,0.0,,,0.0,0.39232838446489743,0.0,0.0,0.0,0.0,0.3744369242933106,0.11712621816912723,0.0,,fast|slow,True,"{""event"": 1.5389947661556178, ""fast"": 1.1070516546497708, ""slow"": 1.0062344000693613}",{},7.455709305492775e-08,0.0
prepare_leaning,01110,3,3,-1.0,0.9999999999999999,0.0,-1.492736074557096,-1.1493277037013825,1.409744342896851,1.409744342896851,0.0,True,-1.409744342896851,-1.2174269402915832,-1.056643027359566,0.19231740260526786,0.3531013155372851,0.7695035242051499,0.7373523118571438,0.4423960427290414,0.7046261105340508,1.2612213529861886,0.6248808689433177,0.5884925766973462,1.1791796813233915,0.44745343934579057,2.105183610617522e-16,0.3744369242933106,0.11712621816912723,0.4863687275252383,fast|slow,event,True,"{""event"": 1.5389947661556178, ""fast"": 1.1070516546497708, ""slow"": 1.0062344000693613}","{""fast"": 1.1070516546497708, ""slow"": 1.0062344000693613}",7.455709305492775e-08,0.0
prepare_leaning,11110,4,0,1.0,1.0,0.0,-0.5279757438553098,-0.39176069726150714,1.1459282950766108,1.1459282950766108,0.0,False,1.1459282950766108,1.1509933165754607,1.145928295076611,0.005065021498849909,2.220446049250313e-16,0.24762301032086004,7.44294803355215e-17,0.7930427454528355,1.0,0.45744230184590184,0.19227307500921564,0.45744230184590196,0.45744230184590184,1.5515838457795457e-17,1.052591805308761e-16,0.1524807672819673,0.11712621816912723,0.0,slow,fast,True,"{""event"": 1.5389947661556178, ""fast"": 1.1070516546497708, ""slow"": 1.145928295076611}","{""slow"": 1.145928295076611}",2.561447229876279e-07,0.0
prepare_leaning,11110,4,0,-1.0,1.0,0.0,-0.5279757438553098,-0.39176069726150714,1.1459282950766108,1.1459282950766108,0.0,False,-1.1459282950766108,-1.2639915719606665,-1.145928295076611,0.11806327688405571,2.220446049250313e-16,0.3439146253901682,7.44294803355215e-17,0.29155316907092593,1.0,0.45744230184590184,0.5229947174570877,0.45744230184590196,0.45744230184590184,1.5515838457795457e-17,1.052591805308761e-16,0.1524807672819673,0.11712621816912723,0.4863687275252383,slow,event|fast,True,"{""event"": 1.5389947661556178, ""fast"": 1.1070516546497708, ""slow"": 1.145928295076611}","{""slow"": 1.145928295076611}",2.561447229876279e-07,0.0
prepare_leaning,11110,4,1,1.0,1.0,0.0,-1.2779757438553099,-1.6517606972615069,0.6881248748293828,0.6881248748293827,1.1102230246251565e-16,True,0.6881248748293828,0.9983921764930512,0.6881248748293828,0.31026730166366845,0.0,0.3708020230161492,3.721474016776075e-17,0.901220301563481,1.0000000000000002,0.7307288807037824,0.2702738643873861,0.7307288807037824,0.7307288807037824,1.3877787807814457e-17,5.262959026543805e-17,0.24357629356792745,0.11712621816912723,0.0,slow,fast,True,"{""event"": 1.5389947661556178, ""fast"": 1.1070516546497708, ""slow"": 0.6881248748293828}","{""slow"": 0.6881248748293828}",2.561447229876279e-07,0.0
prepare_leaning,11110,4,1,-1.0,1.0,0.0,-1.2779757438553099,-1.6517606972615069,0.6881248748293828,0.6881248748293827,1.1102230246251565e-16,True,-0.8,-1.1486821402684628,0.0,0.3486821402684628,0.8,0.34391462539016826,0.0,,,0.0,0.5002730155596257,0.0,0.0,0.0,0.0,0.0,0.11712621816912723,0.4863687275252383,,event|fast,True,"{""event"": 1.5389947661556178, ""fast"": 1.1070516546497708, ""slow"": 0.6881248748293828}",{},2.561447229876279e-07,0.0
prepare_leaning,11110,4,2,1.0,1.0,0.0,-3.2338408122975055,-3.5159254512322544,0.7542098463135585,0.7542098463135585,0.0,True,0.7542098463135585,0.9852571110915188,0.8778856666372783,0.23104726477796034,0.12367582032371982,0.3911667250883538,0.29428107962842853,0.9895372695220724,0.9895372695220724,1.1803416920071255,0.4640017636213521,0.6960026454320283,0.8419629117407816,0.8272272753864132,1.052591805308761e-16,0.3744369242933106,0.2740339876173952,0.0,fast|slow,,False,"{""event"": 1.5389947661556178, ""fast"": 0.7495369332051954, ""slow"": 1.0062344000693613}","{""fast"": 0.7495369332051954, ""slow"": 1.0062344000693613}",1.877025119778608e-07,0.0
prepare_leaning,11110,4,2,-1.0,1.0,0.0,-3.2338408122975055,-3.5159254512322544,0.7542098463135585,0.7542098463135585,0.0,True,-0.8,-1.1150763887416597,0.0,0.31507638874165966,0.8,0.34391462539016826,0.0,,,0.0,0.6138057912636161,0.0,0.0,0.0,0.0,0.3744369242933106,0.0,0.4863687275252383,,event|slow,True,"{""event"": 1.5389947661556178, ""fast"": 0.7495369332051954, ""slow"": 1.0062344000693613}",{},1.877025119778608e-07,0.0
prepare_leaning,11110,4,3,1.0,1.0,0.0,-2.383840812297506,-2.275925451232254,1.113953457562306,1.1139534575623062,2.220446049250313e-16,False,1.113953457562306,1.1044286849063774,1.056643027359566,0.00952477265592866,0.05731043020274007,0.6754458220267974,0.5299480348222833,0.9996579996331407,0.9996579996331406,1.2928496824432436,0.39232838446489743,0.5884925766973462,1.2435630498026415,0.35356928961541456,0.0,0.3744369242933106,0.11712621816912723,0.0,fast|slow,,False,"{""event"": 1.5389947661556178, ""fast"": 1.1070516546497708, ""slow"": 1.0062344000693613}","{""fast"": 1.1070516546497708, ""slow"": 1.0062344000693613}",1.877025115337716e-07,0.0
prepare_leaning,11110,4,3,-1.0,1.0,0.0,-2.383840812297506,-2.275925451232254,1.113953457562306,1.1139534575623062,2.220446049250313e-16,False,-1.113953457562306,-1.2174269402915832,-1.056643027359566,0.10347348272927714,0.05731043020274007,0.6754458220267974,0.5299480348222833,0.6276303652513591,0.9996579996331406,1.2928496824432436,0.6248808689433177,0.5884925766973462,1.2435630498026415,0.35356928961541456,0.0,0.3744369242933106,0.11712621816912723,0.4863687275252383,fast|slow,event,True,"{""event"": 1.5389947661556178, ""fast"": 1.1070516546497708, ""slow"": 1.0062344000693613}","{""fast"": 1.1070516546497708, ""slow"": 1.0062344000693613}",1.877025115337716e-07,0.0
prepare_leaning,00001,1,4,1.0,1.0,0.0,0.0,0.0,1.0,1.0,0.0,False,1.0,0.9887976148875977,0.0,0.011202385112402347,1.0,0.2909955744090281,0.0,,,0.0,0.41411509670587276,0.0,0.0,0.0,0.0,0.3744369242933106,0.11712621816912723,0.13255094138812432,,event|fast|slow,True,"{""event"": 0.8531067899436612, ""fast"": 1.1070516546497708, ""slow"": 1.0062344000693613}",{},0.0,0.0
prepare_leaning,00001,1,4,-1.0,1.0,0.0,0.0,0.0,1.0,1.0,0.0,False,-1.0,-0.9887976148875977,0.0,0.011202385112402347,1.0,0.2909955744090281,0.0,,,0.0,0.41411509670587276,0.0,0.0,0.0,0.0,0.3744369242933106,0.11712621816912723,0.13255094138812432,,event|fast|slow,True,"{""event"": 0.8531067899436612, ""fast"": 1.1070516546497708, ""slow"": 1.0062344000693613}",{},0.0,0.0
prepare_leaning,10001,2,0,1.0,0.9999999999999999,0.0,-1.9770322832423632,-1.3886565963718978,1.8010605518565317,1.8010605518565315,2.220446049250313e-16,True,1.2,1.1509933165754607,0.0,0.04900668342453929,1.2,0.12381150516043005,0.0,,,0.0,0.19227307500921564,0.0,0.0,0.0,0.0,0.1524807672819673,0.11712621816912723,0.0,,fast|slow,True,"{""event"": 1.5389947661556178, ""fast"": 1.1070516546497708, ""slow"": 1.145928295076611}",{},2.832423232623782e-07,0.0
prepare_leaning,10001,2,0,-1.0,0.9999999999999999,0.0,-1.9770322832423632,-1.3886565963718978,1.8010605518565317,1.8010605518565315,2.220446049250313e-16,True,-1.8010605518565317,-1.2639915719606665,-1.3424615306161143,0.5370689798958652,0.4585990212404174,1.0079431653977835,0.8359858527026993,0.9741988337377656,0.9995884264219438,1.9865190712687577,0.5229947174570877,0.7645659408364907,0.5396471509109682,0.0,1.9118156221320515,0.1524807672819673,0.11712621816912723,0.4863687275252383,event|slow,fast,True,"{""event"": 1.5389947661556178, ""fast"": 1.1070516546497708, ""slow"": 1.145928295076611}","{""event"": 1.5389947661556178, ""slow"": 1.145928295076611}",2.832423232623782e-07,0.0
prepare_leaning,10001,2,4,1.0,0.9999999999999999,0.0,-0.14905653938705327,-0.2868958991103907,0.8712386365207235,0.8712386365207235,0.0,False,0.8712386365207235,0.9887976148875977,0.9296705950065112,0.11755897836687412,0.05843195848578764,0.26222081407450293,0.40771860127901705,0.47185923675403474,0.49194608570099574,0.31931032379679847,0.41411509670587276,0.5958092943706929,0.08674213552017208,0.0,0.30730259486150846,0.3744369242933106,0.11712621816912723,0.13255094138812432,event|slow,fast,True,"{""event"": 0.8531067899436612, ""fast"": 1.1070516546497708, ""slow"": 1.0062344000693613}","{""event"": 0.8531067899436612, ""slow"": 1.0062344000693613}",4.6061305281064335e-07,0.0
prepare_leaning,10001,2,4,-1.0,0.9999999999999999,0.0,-0.14905653938705327,-0.2868958991103907,0.8712386365207235,0.8712386365207235,0.0,False,-0.8712386365207235,-0.9887976148875977,-0.9296705950065112,0.11755897836687412,0.05843195848578764,0.26222081407450293,0.40771860127901705,0.47185923675403474,0.49194608570099574,0.31931032379679847,0.41411509670587276,0.5958092943706929,0.08674213552017208,0.0,0.30730259486150846,0.3744369242933106,0.11712621816912723,0.13255094138812432,event|slow,fast,True,"{""event"": 0.8531067899436612, ""fast"": 1.1070516546497708, ""slow"": 1.0062344000693613}","{""event"": 0.8531067899436612, ""slow"": 1.0062344000693613}",4.6061305281064335e-07,0.0
prepare_leaning,01001,2,1,1.0,1.0,0.0,-2.651158866308307,-2.4518336631675517,1.2205788374359134,1.2205788374359134,0.0,True,1.2,0.9983921764930512,0.0,0.20160782350694872,1.2,0.18540101150807461,0.0,,,0.0,0.2702738643873861,0.0,0.0,0.0,0.0,0.24357629356792745,0.11712621816912723,0.0,,fast|slow,True,"{""event"": 1.5389947661556178, ""fast"": 1.1070516546497708, ""slow"": 0.6881248748293828}",{},1.336917017091821e-07,0.0
prepare_leaning,01001,2,1,-1.0,1.0,0.0,-2.651158866308307,-2.4518336631675517,1.2205788374359134,1.2205788374359134,0.0,True,-1.2205788374359134,-1.1486821402684628,-1.1694973830778088,0.07189669716745062,0.05108145435810463,0.9015996623645494,0.9015996623645494,0.7774345211991522,0.799659785487075,1.9726833793909573,0.5002730155596257,0.7295530912878574,1.1845043468454182,0.0,1.5774755679976908,0.0,0.11712621816912723,0.4863687275252383,event|slow,fast,True,"{""event"": 1.5389947661556178, ""fast"": 1.1070516546497708, ""slow"": 0.6881248748293828}","{""event"": 1.5389947661556178, ""slow"": 0.6881248748293828}",1.336917017091821e-07,0.0
prepare_leaning,01001,2,4,1.0,1.0,0.0,-0.07318312245299688,-0.0900729659060451,0.9832519903135467,0.9832519903135468,1.1102230246251565e-16,False,0.9832519903135467,0.9887976148875977,0.9296705950065112,0.005545624574050945,0.05358139530703554,0.2839341869347836,0.42527814956809873,0.17033771329124786,0.1775889179945597,0.14978100678377293,0.41411509670587276,0.5958092943706929,0.08993650753271785,0.0,0.11977384775474995,0.3744369242933106,0.11712621816912723,0.13255094138812432,event|slow,fast,True,"{""event"": 0.8531067899436612, ""fast"": 1.1070516546497708, ""slow"": 1.0062344000693613}","{""event"": 0.8531067899436612, ""slow"": 1.0062344000693613}",1.22452989415045e-07,0.0
prepare_leaning,01001,2,4,-1.0,1.0,0.0,-0.07318312245299688,-0.0900729659060451,0.9832519903135467,0.9832519903135468,1.1102230246251565e-16,False,-0.9832519903135467,-0.9887976148875977,-0.9296705950065112,0.005545624574050945,0.05358139530703554,0.2839341869347836,0.42527814956809873,0.17033771329124786,0.1775889179945597,0.14978100678377293,0.41411509670587276,0.5958092943706929,0.08993650753271785,0.0,0.11977384775474995,0.3744369242933106,0.11712621816912723,0.13255094138812432,event|slow,fast,True,"{""event"": 0.8531067899436612, ""fast"": 1.1070516546497708, ""slow"": 1.0062344000693613}","{""event"": 0.8531067899436612, ""slow"": 1.0062344000693613}",1.22452989415045e-07,0.0
prepare_leaning,11001,3,0,1.0,1.0,0.0,-2.0403949222410973,-1.4570123755676723,1.792090018221154,1.7920900182211543,2.220446049250313e-16,True,1.2,1.1509933165754607,0.0,0.04900668342453929,1.2,0.12381150516043005,0.0,,,0.0,0.19227307500921564,0.0,0.0,0.0,0.0,0.1524807672819673,0.11712621816912723,0.0,,fast|slow,True,"{""event"": 1.5389947661556178, ""fast"": 1.1070516546497708, ""slow"": 1.145928295076611}",{},7.775890598082924e-08,0.0
prepare_leaning,11001,3,0,-1.0,1.0,0.0,-2.0403949222410973,-1.4570123755676723,1.792090018221154,1.7920900182211543,2.220446049250313e-16,True,-1.792090018221154,-1.2639915719606665,-1.3424615306161143,0.5280984462604876,0.4496284876050398,0.9123350926345148,0.7403777799394307,0.9727945592689172,0.9981475537191968,1.894548295630671,0.5229947174570877,0.7645659408364907,0.6580171247033687,0.0,1.7766053889578832,0.1524807672819673,0.11712621816912723,0.4863687275252383,event|slow,fast,True,"{""event"": 1.5389947661556178, ""fast"": 1.1070516546497708, ""slow"": 1.145928295076611}","{""event"": 1.5389947661556178, ""slow"": 1.145928295076611}",7.775890598082924e-08,0.0
prepare_leaning,11001,3,1,1.0,1.0,0.0,-2.7903949222410978,-2.7170123755676716,1.0761421327753973,1.076142132775397,2.220446049250313e-16,False,1.0761421327753973,0.9983921764930512,0.9440624374146913,0.07774995628234604,0.13207969536070596,0.7543724015579788,0.7543724015579788,0.6606816215827394,0.733096691715174,1.5706193809020468,0.2702738643873861,0.3653644403518912,1.152688075413476,0.0,1.066843681363256,0.24357629356792745,0.11712621816912723,0.0,event|slow,fast,True,"{""event"": 1.5389947661556178, ""fast"": 1.1070516546497708, ""slow"": 0.6881248748293828}","{""event"": 1.5389947661556178, ""slow"": 0.6881248748293828}",7.775890553674003e-08,0.0
prepare_leaning,11001,3,1,-1.0,1.0,0.0,-2.7903949222410978,-2.7170123755676716,1.0761421327753973,1.076142132775397,2.220446049250313e-16,False,-1.0761421327753973,-1.1486821402684628,-1.1694973830778088,0.07254000749306555,0.09335525030241154,0.8604171324552359,0.8604171324552359,0.6603716220450616,0.6792502972620525,1.5706193809020468,0.5002730155596257,0.7295530912878574,1.152688075413476,0.0,1.066843681363256,0.0,0.11712621816912723,0.4863687275252383,event|slow,fast,True,"{""event"": 1.5389947661556178, ""fast"": 1.1070516546497708, ""slow"": 0.6881248748293828}","{""event"": 1.5389947661556178, ""slow"": 0.6881248748293828}",7.775890553674003e-08,0.0
prepare_leaning,11001,3,4,1.0,1.0,0.0,-0.2124191783857874,-0.35525167830616516,0.8668992624306667,0.8668992624306667,0.0,False,0.8668992624306667,0.9887976148875977,0.9296705950065112,0.12189835245693093,0.06277133257584444,0.2566710386936755,0.40216882589818964,0.4259438143271083,0.44407606308234643,0.36922307830137435,0.41411509670587276,0.5958092943706929,0.044166903937126585,0.0,0.36657191129020167,0.3744369242933106,0.11712621816912723,0.13255094138812432,event|slow,fast,True,"{""event"": 0.8531067899436612, ""fast"": 1.1070516546497708, ""slow"": 1.0062344000693613}","{""event"": 0.8531067899436612, ""slow"": 1.0062344000693613}",1.7838577148765467e-07,0.0
prepare_leaning,11001,3,4,-1.0,1.0,0.0,-0.2124191783857874,-0.35525167830616516,0.8668992624306667,0.8668992624306667,0.0,False,-0.8668992624306667,-0.9887976148875977,-0.9296705950065112,0.12189835245693093,0.06277133257584444,0.2566710386936755,0.40216882589818964,0.4259438143271083,0.44407606308234643,0.36922307830137435,0.41411509670587276,0.5958092943706929,0.044166903937126585,0.0,0.36657191129020167,0.3744369242933106,0.11712621816912723,0.13255094138812432,event|slow,fast,True,"{""event"": 0.8531067899436612, ""fast"": 1.1070516546497708, ""slow"": 1.0062344000693613}","{""event"": 0.8531067899436612, ""slow"": 1.0062344000693613}",1.7838577148765467e-07,0.0
prepare_leaning,00101,2,2,1.0,1.0,0.0,-4.544522903997101,-4.240431533365315,1.3553928935370336,1.3553928935370338,2.220446049250313e-16,True,1.2,0.9852571110915188,0.0,0.21474288890848114,1.2,0.2909955744090281,0.0,,,0.0,0.4640017636213521,0.0,0.0,0.0,0.0,0.3744369242933106,0.2740339876173952,0.0,,fast|slow,True,"{""event"": 1.5389947661556178, ""fast"": 0.7495369332051954, ""slow"": 1.0062344000693613}",{},9.600290362676844e-08,0.0
prepare_leaning,00101,2,2,-1.0,1.0,0.0,-4.544522903997101,-4.240431533365315,1.3553928935370336,1.3553928935370338,2.220446049250313e-16,True,-1.3553928935370336,-1.1150763887416597,-1.1150763887416597,0.24031650479537392,0.24031650479537392,1.0360553142321711,1.0360553142321711,0.8541131995239662,0.8541131995239662,2.8177868764437823,0.6138057912636161,0.6138057912636161,1.4913035658861915,1.465203476755855,1.8892102389984264,0.3744369242933106,0.0,0.4863687275252383,event|fast|slow,,False,"{""event"": 1.5389947661556178, ""fast"": 0.7495369332051954, ""slow"": 1.0062344000693613}","{""event"": 1.5389947661556178, ""fast"": 0.7495369332051954, ""slow"": 1.0062344000693613}",9.600290362676844e-08,0.0
prepare_leaning,00101,2,4,1.0,1.0,0.0,-0.010682091699595126,-0.014506082133060252,0.9961833117072152,0.9961833117072152,0.0,False,0.9961833117072152,0.9887976148875977,0.9887976148875977,0.007385696819617538,0.007385696819617538,0.30344220283548,0.30344220283548,-0.11686534846857545,-0.11686534846857545,0.030261196491159246,0.41411509670587276,0.41411509670587276,0.016015629362360992,0.01573533139795047,0.02028888796855814,0.3744369242933106,0.11712621816912723,0.13255094138812432,event|fast|slow,,False,"{""event"": 0.8531067899436612, ""fast"": 1.1070516546497708, ""slow"": 1.0062344000693613}","{""event"": 0.8531067899436612, ""fast"": 1.1070516546497708, ""slow"": 1.0062344000693613}",9.169959092059088e-08,0.0
prepare_leaning,00101,2,4,-1.0,1.0,0.0,-0.010682091699595126,-0.014506082133060252,0.9961833117072152,0.9961833117072152,0.0,False,-0.9961833117072152,-0.9887976148875977,-0.9887976148875977,0.007385696819617538,0.007385696819617538,0.30344220283548,0.30344220283548,-0.11686534846857545,-0.11686534846857545,0.030261196491159246,0.41411509670587276,0.41411509670587276,0.016015629362360992,0.01573533139795047,0.02028888796855814,0.3744369242933106,0.11712621816912723,0.13255094138812432,event|fast|slow,,False,"{""event"": 0.8531067899436612, ""fast"": 1.1070516546497708, ""slow"": 1.0062344000693613}","{""event"": 0.8531067899436612, ""fast"": 1.1070516546497708, ""slow"": 1.0062344000693613}",9.169959092059088e-08,0.0
prepare_leaning,10101,3,0,1.0,1.0,0.0,-1.986241912348643,-1.3995643631916432,1.7980046983735518,1.7980046983735518,0.0,True,1.2,1.1509933165754607,0.0,0.04900668342453929,1.2,0.12381150516043005,0.0,,,0.0,0.19227307500921564,0.0,0.0,0.0,0.0,0.1524807672819673,0.11712621816912723,0.0,,fast|slow,True,"{""event"": 1.5389947661556178, ""fast"": 1.1070516546497708, ""slow"": 1.145928295076611}",{},8.765136083610514e-08,0.0
prepare_leaning,10101,3,0,-1.0,1.0,0.0,-1.986241912348643,-1.3995643631916432,1.7980046983735518,1.7980046983735518,0.0,True,-1.7980046983735518,-1.2639915719606665,-1.2639915719606665,0.5340131264128853,0.5340131264128853,0.9910087362948619,0.9910087362948619,0.9767897823433951,0.9767897823433951,1.9679949675496688,0.5229947174570877,0.5229947174570877,0.5554329158898749,0.021394043609617528,1.8878667228236539,0.1524807672819673,0.11712621816912723,0.4863687275252383,event|fast|slow,,False,"{""event"": 1.5389947661556178, ""fast"": 1.1070516546497708, ""slow"": 1.145928295076611}","{""event"": 1.5389947661556178, ""fast"": 1.1070516546497708, ""slow"": 1.145928295076611}",8.765136083610514e-08,0.0
prepare_leaning,10101,3,2,1.0,1.0,0.0,-4.692106980790839,-4.52372911716239,1.1833836838287624,1.1833836838287624,0.0,False,1.1833836838287624,0.9852571110915188,0.9852571110915188,0.19812657273724354,0.19812657273724354,0.8785997760789519,0.8785997760789519,0.8291308656340003,0.8291308656340003,2.2619635791343042,0.4640017636213521,0.4640017636213521,1.387184916418115,1.2838699731437642,1.2425277192288182,0.3744369242933106,0.2740339876173952,0.0,event|fast|slow,,False,"{""event"": 1.5389947661556178, ""fast"": 0.7495369332051954, ""slow"": 1.0062344000693613}","{""event"": 1.5389947661556178, ""fast"": 0.7495369332051954, ""slow"": 1.0062344000693613}",1.9209161594702095e-08,0.0
prepare_leaning,10101,3,2,-1.0,1.0,0.0,-4.692106980790839,-4.52372911716239,1.1833836838287624,1.1833836838287624,0.0,False,-1.1833836838287624,-1.1150763887416597,-1.1150763887416597,0.06830729508710265,0.06830729508710265,0.9078331641717463,0.9078331641717463,0.8086401665582836,0.8086401665582836,2.2619635791343042,0.6138057912636161,0.6138057912636161,1.387184916418115,1.2838699731437642,1.2425277192288182,0.3744369242933106,0.0,0.4863687275252383,event|fast|slow,,False,"{""event"": 1.5389947661556178, ""fast"": 0.7495369332051954, ""slow"": 1.0062344000693613}","{""event"": 1.5389947661556178, ""fast"": 0.7495369332051954, ""slow"": 1.0062344000693613}",1.9209161594702095e-08,0.0
prepare_leaning,10101,3,4,1.0,1.0,0.0,-0.15826616849333308,-0.29780366593013624,0.869760408806961,0.8697604088069611,1.1102230246251565e-16,False,0.869760408806961,0.9887976148875977,0.9887976148875977,0.11903720608063662,0.11903720608063662,0.2707673781932064,0.2707673781932064,0.4483337675767646,0.4483337675767646,0.32666775607645027,0.41411509670587276,0.41411509670587276,0.07902130792642978,0.01034907869415866,0.3167970206990616,0.3744369242933106,0.11712621816912723,0.13255094138812432,event|fast|slow,,False,"{""event"": 0.8531067899436612, ""fast"": 1.1070516546497708, ""slow"": 1.0062344000693613}","{""event"": 0.8531067899436612, ""fast"": 1.1070516546497708, ""slow"": 1.0062344000693613}",1.6849331885282481e-07,0.0
prepare_leaning,10101,3,4,-1.0,1.0,0.0,-0.15826616849333308,-0.29780366593013624,0.869760408806961,0.8697604088069611,1.1102230246251565e-16,False,-0.869760408806961,-0.9887976148875977,-0.9887976148875977,0.11903720608063662,0.11903720608063662,0.2707673781932064,0.2707673781932064,0.4483337675767646,0.4483337675767646,0.32666775607645027,0.41411509670587276,0.41411509670587276,0.07902130792642978,0.01034907869415866,0.3167970206990616,0.3744369242933106,0.11712621816912723,0.13255094138812432,event|fast|slow,,False,"{""event"": 0.8531067899436612, ""fast"": 1.1070516546497708, ""slow"": 1.0062344000693613}","{""event"": 0.8531067899436612, ""fast"": 1.1070516546497708, ""slow"": 1.0062344000693613}",1.6849331885282481e-07,0.0
prepare_leaning,01101,3,1,1.0,1.0,0.0,-2.6610908600465057,-2.4650985056008006,1.216517604347366,1.2165176043473662,2.220446049250313e-16,True,1.2,0.9983921764930512,0.0,0.20160782350694872,1.2,0.18540101150807461,0.0,,,0.0,0.2702738643873861,0.0,0.0,0.0,0.0,0.24357629356792745,0.11712621816912723,0.0,,fast|slow,True,"{""event"": 1.5389947661556178, ""fast"": 1.1070516546497708, ""slow"": 0.6881248748293828}",{},1.3995350389706118e-07,0.0
prepare_leaning,01101,3,1,-1.0,1.0,0.0,-2.6610908600465057,-2.4650985056008006,1.216517604347366,1.2165176043473662,2.220446049250313e-16,True,-1.216517604347366,-1.1486821402684628,-1.1486821402684628,0.06783546407890317,0.06783546407890317,0.9027890524516271,0.9027890524516271,0.7760684914934957,0.7760684914934957,1.9489309955947351,0.5002730155596257,0.5002730155596257,1.179339680452284,0.01758230872041607,1.5515092027186461,0.0,0.11712621816912723,0.4863687275252383,event|fast|slow,,False,"{""event"": 1.5389947661556178, ""fast"": 1.1070516546497708, ""slow"": 0.6881248748293828}","{""event"": 1.5389947661556178, ""fast"": 1.1070516546497708, ""slow"": 0.6881248748293828}",1.3995350389706118e-07,0.0
prepare_leaning,01101,3,2,1.0,1.0,0.0,-4.616955928488701,-4.329263259571548,1.3333474620286858,1.3333474620286858,0.0,True,1.2,0.9852571110915188,0.0,0.21474288890848114,1.2,0.2909955744090281,0.0,,,0.0,0.4640017636213521,0.0,0.0,0.0,0.0,0.3744369242933106,0.2740339876173952,0.0,,fast|slow,True,"{""event"": 1.5389947661556178, ""fast"": 0.7495369332051954, ""slow"": 1.0062344000693613}",{},7.151130176907827e-08,0.0
prepare_leaning,01101,3,2,-1.0,1.0,0.0,-4.616955928488701,-4.329263259571548,1.3333474620286858,1.3333474620286858,0.0,True,-1.3333474620286858,-1.1150763887416597,-1.1150763887416597,0.2182710732870261,0.2182710732870261,1.0204697622629102,1.0204697622629102,0.838171570712258,0.838171570712258,2.6628477431249795,0.6138057912636161,0.6138057912636161,1.4547526785896119,1.4431621777838555,1.700510416262219,0.3744369242933106,0.0,0.4863687275252383,event|fast|slow,,False,"{""event"": 1.5389947661556178, ""fast"": 0.7495369332051954, ""slow"": 1.0062344000693613}","{""event"": 1.5389947661556178, ""fast"": 0.7495369332051954, ""slow"": 1.0062344000693613}",7.151130176907827e-08,0.0
prepare_leaning,01101,3,4,1.0,1.0,0.0,-0.08311511619119574,-0.10333780833929386,0.9799804150617344,0.9799804150617345,1.1102230246251565e-16,False,0.9799804150617344,0.9887976148875977,0.9887976148875977,0.008817199825863264,0.008817199825863264,0.2917197178633188,0.2917197178633188,0.13297518307481232,0.13297518307481232,0.16476860553935352,0.41411509670587276,0.41411509670587276,0.09183949545407577,0.014163640654276074,0.13606466010518828,0.3744369242933106,0.11712621816912723,0.13255094138812432,event|fast|slow,,False,"{""event"": 0.8531067899436612, ""fast"": 1.1070516546497708, ""slow"": 1.0062344000693613}","{""event"": 0.8531067899436612, ""fast"": 1.1070516546497708, ""slow"": 1.0062344000693613}",1.1619118900352277e-07,0.0
prepare_leaning,01101,3,4,-1.0,1.0,0.0,-0.08311511619119574,-0.10333780833929386,0.9799804150617344,0.9799804150617345,1.1102230246251565e-16,False,-0.9799804150617344,-0.9887976148875977,-0.9887976148875977,0.008817199825863264,0.008817199825863264,0.2917197178633188,0.2917197178633188,0.13297518307481232,0.13297518307481232,0.16476860553935352,0.41411509670587276,0.41411509670587276,0.09183949545407577,0.014163640654276074,0.13606466010518828,0.3744369242933106,0.11712621816912723,0.13255094138812432,event|fast|slow,,False,"{""event"": 0.8531067899436612, ""fast"": 1.1070516546497708, ""slow"": 1.0062344000693613}","{""event"": 0.8531067899436612, ""fast"": 1.1070516546497708, ""slow"": 1.0062344000693613}",1.1619118900352277e-07,0.0
prepare_leaning,11101,4,0,1.0,1.0,0.0,-2.0490415454265305,-1.4672031053019605,1.7893249755974754,1.7893249755974752,2.220446049250313e-16,True,1.2,1.1509933165754607,0.0,0.04900668342453929,1.2,0.12381150516043005,0.0,,,0.0,0.19227307500921564,0.0,0.0,0.0,0.0,0.1524807672819673,0.11712621816912723,0.0,,fast|slow,True,"{""event"": 1.5389947661556178, ""fast"": 1.1070516546497708, ""slow"": 1.145928295076611}",{},4.5457357278344546e-07,0.0
prepare_leaning,11101,4,0,-1.0,1.0,0.0,-2.0490415454265305,-1.4672031053019605,1.7893249755974754,1.7893249755974752,2.220446049250313e-16,True,-1.7893249755974754,-1.2639915719606665,-1.2639915719606665,0.5253334036368089,0.5253334036368089,0.8976793673132353,0.8976793673132353,0.9748157180997218,0.9748157180997218,1.8793408965452103,0.5229947174570877,0.5229947174570877,0.669637944965155,0.019898307863761188,1.7558790634421149,0.1524807672819673,0.11712621816912723,0.4863687275252383,event|fast|slow,,False,"{""event"": 1.5389947661556178, ""fast"": 1.1070516546497708, ""slow"": 1.145928295076611}","{""event"": 1.5389947661556178, ""fast"": 1.1070516546497708, ""slow"": 1.145928295076611}",4.5457357278344546e-07,0.0
prepare_leaning,11101,4,1,1.0,1.0,0.0,-2.799041545426531,-2.7272031053019603,1.0744817369046502,1.0744817369046504,2.220446049250313e-16,False,1.0744817369046502,0.9983921764930512,0.9983921764930512,0.07608956041159898,0.07608956041159898,0.7455717032982629,0.7455717032982629,0.6667132477950513,0.6667132477950513,1.559064760044997,0.2702738643873861,0.2702738643873861,1.1483840044069415,0.011948845898033944,1.0543976145260128,0.24357629356792745,0.11712621816912723,0.0,event|fast|slow,,False,"{""event"": 1.5389947661556178, ""fast"": 1.1070516546497708, ""slow"": 0.6881248748293828}","{""event"": 1.5389947661556178, ""fast"": 1.1070516546497708, ""slow"": 0.6881248748293828}",4.5457357233935625e-07,0.0
prepare_leaning,11101,4,1,-1.0,1.0,0.0,-2.799041545426531,-2.7272031053019603,1.0744817369046502,1.0744817369046504,2.220446049250313e-16,False,-1.0744817369046502,-1.1486821402684628,-1.1486821402684628,0.07420040336381262,0.07420040336381262,0.8612734387212237,0.8612734387212237,0.6592990008700302,0.6592990008700302,1.559064760044997,0.5002730155596257,0.5002730155596257,1.1483840044069415,0.011948845898033944,1.0543976145260128,0.0,0.11712621816912723,0.4863687275252383,event|fast|slow,,False,"{""event"": 1.5389947661556178, ""fast"": 1.1070516546497708, ""slow"": 0.6881248748293828}","{""event"": 1.5389947661556178, ""fast"": 1.1070516546497708, ""slow"": 0.6881248748293828}",4.5457357233935625e-07,0.0
prepare_leaning,11101,4,2,1.0,1.0,0.0,-4.754906613868727,-4.591367859272708,1.1776709944666839,1.1776709944666837,2.220446049250313e-16,False,1.1776709944666839,0.9852571110915188,0.9852571110915188,0.19241388337516507,0.19241388337516507,0.8171736560166422,0.8171736560166422,0.843941052615009,0.843941052615009,2.195903533453861,0.4640017636213521,0.4640017636213521,1.3607563321627987,1.2785886611959252,1.1556580671527417,0.3744369242933106,0.2740339876173952,0.0,event|fast|slow,,False,"{""event"": 1.5389947661556178, ""fast"": 0.7495369332051954, ""slow"": 1.0062344000693613}","{""event"": 1.5389947661556178, ""fast"": 0.7495369332051954, ""slow"": 1.0062344000693613}",3.8613134822895745e-07,0.0
prepare_leaning,11101,4,2,-1.0,1.0,0.0,-4.754906613868727,-4.591367859272708,1.1776709944666839,1.1776709944666837,2.220446049250313e-16,False,-1.1776709944666839,-1.1150763887416597,-1.1150763887416597,0.06259460572502418,0.06259460572502418,0.9040987126798679,0.9040987126798679,0.7950341327572166,0.7950341327572166,2.195903533453861,0.6138057912636161,0.6138057912636161,1.3607563321627987,1.2785886611959252,1.1556580671527417,0.3744369242933106,0.0,0.4863687275252383,event|fast|slow,,False,"{""event"": 1.5389947661556178, ""fast"": 0.7495369332051954, ""slow"": 1.0062344000693613}","{""event"": 1.5389947661556178, ""fast"": 0.7495369332051954, ""slow"": 1.0062344000693613}",3.8613134822895745e-07,0.0
prepare_leaning,11101,4,4,1.0,1.0,0.0,-0.2210658015712208,-0.3654424080404535,0.8655617105294315,0.8655617105294315,0.0,False,0.8655617105294315,0.9887976148875977,0.9887976148875977,0.12323590435816612,0.12323590435816612,0.2646852655246679,0.2646852655246679,0.407248245558467,0.407248245558467,0.3763557874505134,0.41411509670587276,0.41411509670587276,0.03385464248339146,0.00962553679520812,0.3747064063653327,0.3744369242933106,0.11712621816912723,0.13255094138812432,event|fast|slow,,False,"{""event"": 0.8531067899436612, ""fast"": 1.1070516546497708, ""slow"": 1.0062344000693613}","{""event"": 0.8531067899436612, ""fast"": 1.1070516546497708, ""slow"": 1.0062344000693613}",1.9842879894760301e-07,0.0
prepare_leaning,11101,4,4,-1.0,1.0,0.0,-0.2210658015712208,-0.3654424080404535,0.8655617105294315,0.8655617105294315,0.0,False,-0.8655617105294315,-0.9887976148875977,-0.9887976148875977,0.12323590435816612,0.12323590435816612,0.2646852655246679,0.2646852655246679,0.407248245558467,0.407248245558467,0.3763557874505134,0.41411509670587276,0.41411509670587276,0.03385464248339146,0.00962553679520812,0.3747064063653327,0.3744369242933106,0.11712621816912723,0.13255094138812432,event|fast|slow,,False,"{""event"": 0.8531067899436612, ""fast"": 1.1070516546497708, ""slow"": 1.0062344000693613}","{""event"": 0.8531067899436612, ""fast"": 1.1070516546497708, ""slow"": 1.0062344000693613}",1.9842879894760301e-07,0.0
prepare_leaning,00011,2,3,1.0,1.0,0.0,-3.7086566211310816,-3.035184794214524,1.9610338857890726,1.9610338857890723,2.220446049250313e-16,True,1.2,1.1044286849063774,0.0,0.0955713150936226,1.2,0.2909955744090281,0.0,,,0.0,0.39232838446489743,0.0,0.0,0.0,0.0,0.3744369242933106,0.11712621816912723,0.0,,fast|slow,True,"{""event"": 1.5389947661556178, ""fast"": 1.1070516546497708, ""slow"": 1.0062344000693613}",{},3.7886899018069187e-07,0.0
prepare_leaning,00011,2,3,-1.0,1.0,0.0,-3.7086566211310816,-3.035184794214524,1.9610338857890726,1.9610338857890723,2.220446049250313e-16,True,-1.9610338857890726,-1.2174269402915832,-1.2174269402915832,0.7436069454974894,0.7436069454974894,1.5228606375096687,1.5228606375096687,0.9998282186289046,0.9998282186289046,3.4152206076931537,0.6248808689433177,0.6248808689433177,2.083976420619894,0.5925152429792667,2.640018894695549,0.3744369242933106,0.11712621816912723,0.4863687275252383,event|fast|slow,,False,"{""event"": 1.5389947661556178, ""fast"": 1.1070516546497708, ""slow"": 1.0062344000693613}","{""event"": 1.5389947661556178, ""fast"": 1.1070516546497708, ""slow"": 1.0062344000693613}",3.7886899018069187e-07,0.0
prepare_leaning,00011,2,4,1.0,1.0,0.0,-0.0248158088335757,-0.0492593429822698,0.9758527897212567,0.9758527897212567,0.0,False,0.9758527897212567,0.9887976148875977,0.9887976148875977,0.01294482516634099,0.01294482516634099,0.3316894242938931,0.3316894242938931,-0.3533774840368692,-0.3533774840368692,0.08581180266557711,0.41411509670587276,0.41411509670587276,0.05236258324370516,0.014887706226751476,0.066333864323345,0.3744369242933106,0.11712621816912723,0.13255094138812432,event|fast|slow,,False,"{""event"": 0.8531067899436612, ""fast"": 1.1070516546497708, ""slow"": 1.0062344000693613}","{""event"": 0.8531067899436612, ""fast"": 1.1070516546497708, ""slow"": 1.0062344000693613}",1.9116644267569427e-07,0.0
prepare_leaning,00011,2,4,-1.0,1.0,0.0,-0.0248158088335757,-0.0492593429822698,0.9758527897212567,0.9758527897212567,0.0,False,-0.9758527897212567,-0.9887976148875977,-0.9887976148875977,0.01294482516634099,0.01294482516634099,0.3316894242938931,0.3316894242938931,-0.3533774840368692,-0.3533774840368692,0.08581180266557711,0.41411509670587276,0.41411509670587276,0.05236258324370516,0.014887706226751476,0.066333864323345,0.3744369242933106,0.11712621816912723,0.13255094138812432,event|fast|slow,,False,"{""event"": 0.8531067899436612, ""fast"": 1.1070516546497708, ""slow"": 1.0062344000693613}","{""event"": 0.8531067899436612, ""fast"": 1.1070516546497708, ""slow"": 1.0062344000693613}",1.9116644267569427e-07,0.0
prepare_leaning,10011,3,0,1.0,0.9999999999999999,0.0,-1.9984481245624917,-1.4258554098946568,1.7728576117896775,1.7728576117896775,0.0,True,1.2,1.1509933165754607,0.0,0.04900668342453929,1.2,0.12381150516043005,0.0,,,0.0,0.19227307500921564,0.0,0.0,0.0,0.0,0.1524807672819673,0.11712621816912723,0.0,,fast|slow,True,"{""event"": 1.5389947661556178, ""fast"": 1.1070516546497708, ""slow"": 1.145928295076611}",{},1.2456248388303948e-07,0.0
prepare_leaning,10011,3,0,-1.0,0.9999999999999999,0.0,-1.9984481245624917,-1.4258554098946568,1.7728576117896775,1.7728576117896775,0.0,True,-1.7728576117896775,-1.2639915719606665,-1.2639915719606665,0.508866039829011,0.508866039829011,0.9381836353887281,0.9381836353887281,0.9717035398005108,0.9717035398005108,1.9063268670557372,0.5229947174570877,0.5229947174570877,0.5883094644182735,0.02054744631054732,1.8131607486884722,0.1524807672819673,0.11712621816912723,0.4863687275252383,event|fast|slow,,False,"{""event"": 1.5389947661556178, ""fast"": 1.1070516546497708, ""slow"": 1.145928295076611}","{""event"": 1.5389947661556178, ""fast"": 1.1070516546497708, ""slow"": 1.145928295076611}",1.2456248388303948e-07,0.0
prepare_leaning,10011,3,3,1.0,0.9999999999999999,0.0,-3.854313193004688,-3.3100201638654037,1.7233895653887614,1.7233895653887614,0.0,True,1.2,1.1044286849063774,0.0,0.0955713150936226,1.2,0.2909955744090281,0.0,,,0.0,0.39232838446489743,0.0,0.0,0.0,0.0,0.3744369242933106,0.11712621816912723,0.0,,fast|slow,True,"{""event"": 1.5389947661556178, ""fast"": 1.1070516546497708, ""slow"": 1.0062344000693613}",{},1.9300466957972162e-07,0.0
prepare_leaning,10011,3,3,-1.0,0.9999999999999999,0.0,-3.854313193004688,-3.3100201638654037,1.7233895653887614,1.7233895653887614,0.0,True,-1.7233895653887614,-1.2174269402915832,-1.2174269402915832,0.5059626250971783,0.5059626250971783,1.2044228370312,1.2044228370312,0.9828001131842644,0.9828001131842644,2.693793524958416,0.6248808689433177,0.6248808689433177,1.9677693122847593,0.5270304521869501,1.762568123848231,0.3744369242933106,0.11712621816912723,0.4863687275252383,event|fast|slow,,False,"{""event"": 1.5389947661556178, ""fast"": 1.1070516546497708, ""slow"": 1.0062344000693613}","{""event"": 1.5389947661556178, ""fast"": 1.1070516546497708, ""slow"": 1.0062344000693613}",1.9300466957972162e-07,0.0
prepare_leaning,10011,3,4,1.0,0.9999999999999999,0.0,-0.17047238070718174,-0.32409471263314965,0.8575958464299664,0.8575958464299664,0.0,False,0.8575958464299664,0.9887976148875977,0.9887976148875977,0.1312017684576312,0.1312017684576312,0.29087429451767066,0.29087429451767066,0.358616830263542,0.358616830263542,0.34200637812282236,0.41411509670587276,0.41411509670587276,0.06444975285728574,0.009939548722629525,0.3357317342827696,0.3744369242933106,0.11712621816912723,0.13255094138812432,event|fast|slow,,False,"{""event"": 0.8531067899436612, ""fast"": 1.1070516546497708, ""slow"": 1.0062344000693613}","{""event"": 0.8531067899436612, ""fast"": 1.1070516546497708, ""slow"": 1.0062344000693613}",3.8070710928206353e-07,0.0
prepare_leaning,10011,3,4,-1.0,0.9999999999999999,0.0,-0.17047238070718174,-0.32409471263314965,0.8575958464299664,0.8575958464299664,0.0,False,-0.8575958464299664,-0.9887976148875977,-0.9887976148875977,0.1312017684576312,0.1312017684576312,0.29087429451767066,0.29087429451767066,0.358616830263542,0.358616830263542,0.34200637812282236,0.41411509670587276,0.41411509670587276,0.06444975285728574,0.009939548722629525,0.3357317342827696,0.3744369242933106,0.11712621816912723,0.13255094138812432,event|fast|slow,,False,"{""event"": 0.8531067899436612, ""fast"": 1.1070516546497708, ""slow"": 1.0062344000693613}","{""event"": 0.8531067899436612, ""fast"": 1.1070516546497708, ""slow"": 1.0062344000693613}",3.8070710928206353e-07,0.0
prepare_leaning,01011,3,1,1.0,0.9999999999999999,0.0,-2.674243491676962,-2.4969442420339694,1.1939883402559939,1.1939883402559939,0.0,False,1.1939883402559939,0.9983921764930512,0.9983921764930512,0.19559616376294264,0.19559616376294264,1.0430151537026087,1.0430151537026087,0.551233811112372,0.551233811112372,1.873951277514467,0.2702738643873861,0.2702738643873861,1.1557044392179419,0.016715799816132453,1.4750461761268874,0.24357629356792745,0.11712621816912723,0.0,event|fast|slow,,False,"{""event"": 1.5389947661556178, ""fast"": 1.1070516546497708, ""slow"": 0.6881248748293828}","{""event"": 1.5389947661556178, ""fast"": 1.1070516546497708, ""slow"": 0.6881248748293828}",4.916768409080063e-07,0.0
prepare_leaning,01011,3,1,-1.0,0.9999999999999999,0.0,-2.674243491676962,-2.4969442420339694,1.1939883402559939,1.1939883402559939,0.0,False,-1.1939883402559939,-1.1486821402684628,-1.1486821402684628,0.04530619998753105,0.04530619998753105,0.8957212722909746,0.8957212722909746,0.763166078536114,0.763166078536114,1.873951277514467,0.5002730155596257,0.5002730155596257,1.1557044392179419,0.016715799816132453,1.4750461761268874,0.0,0.11712621816912723,0.4863687275252383,event|fast|slow,,False,"{""event"": 1.5389947661556178, ""fast"": 1.1070516546497708, ""slow"": 0.6881248748293828}","{""event"": 1.5389947661556178, ""fast"": 1.1070516546497708, ""slow"": 0.6881248748293828}",4.916768409080063e-07,0.0
prepare_leaning,01011,3,3,1.0,0.9999999999999999,0.0,-3.780108560119158,-3.121108996004717,1.9328576666364838,1.9328576666364838,0.0,True,1.2,1.1044286849063774,0.0,0.0955713150936226,1.2,0.2909955744090281,0.0,,,0.0,0.39232838446489743,0.0,0.0,0.0,0.0,0.3744369242933106,0.11712621816912723,0.0,,fast|slow,True,"{""event"": 1.5389947661556178, ""fast"": 1.1070516546497708, ""slow"": 1.0062344000693613}",{},4.398809387851088e-07,0.0
prepare_leaning,01011,3,3,-1.0,0.9999999999999999,0.0,-3.780108560119158,-3.121108996004717,1.9328576666364838,1.9328576666364838,0.0,True,-1.9328576666364838,-1.2174269402915832,-1.2174269402915832,0.7154307263449007,0.7154307263449007,1.3445439367930123,1.3445439367930123,0.9974278843483659,0.9974278843483659,3.196640931083858,0.6248808689433177,0.6248808689433177,2.0427502559684725,0.5864298778217465,2.3878409981444295,0.3744369242933106,0.11712621816912723,0.4863687275252383,event|fast|slow,,False,"{""event"": 1.5389947661556178, ""fast"": 1.1070516546497708, ""slow"": 1.0062344000693613}","{""event"": 1.5389947661556178, ""fast"": 1.1070516546497708, ""slow"": 1.0062344000693613}",4.398809387851088e-07,0.0
prepare_leaning,01011,3,4,1.0,0.9999999999999999,0.0,-0.09626774782165162,-0.13518354477246286,0.9618316948982121,0.9618316948982121,0.0,False,0.9618316948982121,0.9887976148875977,0.9887976148875977,0.02696591998938558,0.02696591998938558,0.3173153164365481,0.3173153164365481,-0.01777907688982096,-0.01777907688982096,0.20083537571415963,0.41411509670587276,0.41411509670587276,0.10281788930216591,0.013465613965110234,0.17199420635078916,0.3744369242933106,0.11712621816912723,0.13255094138812432,event|fast|slow,,False,"{""event"": 0.8531067899436612, ""fast"": 1.1070516546497708, ""slow"": 1.0062344000693613}","{""event"": 0.8531067899436612, ""fast"": 1.1070516546497708, ""slow"": 1.0062344000693613}",2.5217838017788097e-07,0.0
prepare_leaning,01011,3,4,-1.0,0.9999999999999999,0.0,-0.09626774782165162,-0.13518354477246286,0.9618316948982121,0.9618316948982121,0.0,False,-0.9618316948982121,-0.9887976148875977,-0.9887976148875977,0.02696591998938558,0.02696591998938558,0.3173153164365481,0.3173153164365481,-0.01777907688982096,-0.01777907688982096,0.20083537571415963,0.41411509670587276,0.41411509670587276,0.10281788930216591,0.013465613965110234,0.17199420635078916,0.3744369242933106,0.11712621816912723,0.13255094138812432,event|fast|slow,,False,"{""event"": 0.8531067899436612, ""fast"": 1.1070516546497708, ""slow"": 1.0062344000693613}","{""event"": 0.8531067899436612, ""fast"": 1.1070516546497708, ""slow"": 1.0062344000693613}",2.5217838017788097e-07,0.0
prepare_leaning,11011,4,0,1.0,0.9999999999999998,0.0,-2.0605090285995384,-1.4917956311893192,1.7659934573855638,1.7659934573855636,2.220446049250313e-16,True,1.2,1.1509933165754607,0.0,0.04900668342453929,1.2,0.12381150516043005,0.0,,,0.0,0.19227307500921564,0.0,0.0,0.0,0.0,0.1524807672819673,0.11712621816912723,0.0,,fast|slow,True,"{""event"": 1.5389947661556178, ""fast"": 1.1070516546497708, ""slow"": 1.145928295076611}",{},2.8599537849061107e-08,0.0
prepare_leaning,11011,4,0,-1.0,0.9999999999999998,0.0,-2.0605090285995384,-1.4917956311893192,1.7659934573855638,1.7659934573855636,2.220446049250313e-16,True,-1.7659934573855638,-1.2639915719606665,-1.2639915719606665,0.5020018854248973,0.5020018854248973,0.8517216162517811,0.8517216162517811,0.9686788368382224,0.9686788368382224,1.827150003138748,0.5229947174570877,0.5229947174570877,0.6921112019756781,0.019161769603491634,1.6908849885948398,0.1524807672819673,0.11712621816912723,0.4863687275252383,event|fast|slow,,False,"{""event"": 1.5389947661556178, ""fast"": 1.1070516546497708, ""slow"": 1.145928295076611}","{""event"": 1.5389947661556178, ""fast"": 1.1070516546497708, ""slow"": 1.145928295076611}",2.8599537849061107e-08,0.0
prepare_leaning,11011,4,1,1.0,0.9999999999999998,0.0,-2.810509028599539,-2.7517956311893186,1.06047126337142,1.0604712633714202,2.220446049250313e-16,False,1.06047126337142,0.9983921764930512,0.9983921764930512,0.06207908687836872,0.06207908687836872,0.7179742769737053,0.7179742769737053,0.6664911842564475,0.6664911842564475,1.517751181154703,0.2702738643873861,0.2702738643873861,1.1280346281162164,0.011506557929116002,1.015368959931231,0.24357629356792745,0.11712621816912723,0.0,event|fast|slow,,False,"{""event"": 1.5389947661556178, ""fast"": 1.1070516546497708, ""slow"": 0.6881248748293828}","{""event"": 1.5389947661556178, ""fast"": 1.1070516546497708, ""slow"": 0.6881248748293828}",2.8599538293150317e-08,0.0
prepare_leaning,11011,4,1,-1.0,0.9999999999999998,0.0,-2.810509028599539,-2.7517956311893186,1.06047126337142,1.0604712633714202,2.220446049250313e-16,False,-1.06047126337142,-1.1486821402684628,-1.1486821402684628,0.08821087689704288,0.08821087689704288,0.8551548960041333,0.8551548960041333,0.6486270267867364,0.6486270267867364,1.517751181154703,0.5002730155596257,0.5002730155596257,1.1280346281162164,0.011506557929116002,1.015368959931231,0.0,0.11712621816912723,0.4863687275252383,event|fast|slow,,False,"{""event"": 1.5389947661556178, ""fast"": 1.1070516546497708, ""slow"": 0.6881248748293828}","{""event"": 1.5389947661556178, ""fast"": 1.1070516546497708, ""slow"": 0.6881248748293828}",2.8599538293150317e-08,0.0
prepare_leaning,11011,4,3,1.0,0.9999999999999998,0.0,-3.916374097041735,-3.375960385160066,1.7167169414867636,1.7167169414867636,0.0,True,1.2,1.1044286849063774,0.0,0.0955713150936226,1.2,0.2909955744090281,0.0,,,0.0,0.39232838446489743,0.0,0.0,0.0,0.0,0.3744369242933106,0.11712621816912723,0.0,,fast|slow,True,"{""event"": 1.5389947661556178, ""fast"": 1.1070516546497708, ""slow"": 1.0062344000693613}",{},9.7041730429126e-08,0.0
prepare_leaning,11011,4,3,-1.0,0.9999999999999998,0.0,-3.916374097041735,-3.375960385160066,1.7167169414867636,1.7167169414867636,0.0,True,-1.7167169414867636,-1.2174269402915832,-1.2174269402915832,0.4992900011951804,0.4992900011951804,1.2131241098720271,1.2131241098720271,0.9786178363743793,0.9786178363743793,2.593174482060066,0.6248808689433177,0.6248808689433177,1.9354175729132685,0.5262595707614891,1.6437042243201596,0.3744369242933106,0.11712621816912723,0.4863687275252383,event|fast|slow,,False,"{""event"": 1.5389947661556178, ""fast"": 1.1070516546497708, ""slow"": 1.0062344000693613}","{""event"": 1.5389947661556178, ""fast"": 1.1070516546497708, ""slow"": 1.0062344000693613}",9.7041730429126e-08,0.0
prepare_leaning,11011,4,4,1.0,0.9999999999999998,0.0,-0.23253328474422855,-0.39003493392781213,0.8542754047503444,0.8542754047503444,0.0,False,0.8542754047503444,0.9887976148875977,0.9887976148875977,0.1345222101372533,0.1345222101372533,0.28366361153383685,0.28366361153383685,0.33503339733246146,0.33503339733246146,0.39040925613964833,0.41411509670587276,0.41411509670587276,0.009434362132808344,0.009269246392333477,0.390185162662522,0.3744369242933106,0.11712621816912723,0.13255094138812432,event|fast|slow,,False,"{""event"": 0.8531067899436612, ""fast"": 1.1070516546497708, ""slow"": 1.0062344000693613}","{""event"": 0.8531067899436612, ""fast"": 1.1070516546497708, ""slow"": 1.0062344000693613}",2.847441880060586e-07,0.0
prepare_leaning,11011,4,4,-1.0,0.9999999999999998,0.0,-0.23253328474422855,-0.39003493392781213,0.8542754047503444,0.8542754047503444,0.0,False,-0.8542754047503444,-0.9887976148875977,-0.9887976148875977,0.1345222101372533,0.1345222101372533,0.28366361153383685,0.28366361153383685,0.33503339733246146,0.33503339733246146,0.39040925613964833,0.41411509670587276,0.41411509670587276,0.009434362132808344,0.009269246392333477,0.390185162662522,0.3744369242933106,0.11712621816912723,0.13255094138812432,event|fast|slow,,False,"{""event"": 0.8531067899436612, ""fast"": 1.1070516546497708, ""slow"": 1.0062344000693613}","{""event"": 0.8531067899436612, ""fast"": 1.1070516546497708, ""slow"": 1.0062344000693613}",2.847441880060586e-07,0.0
prepare_leaning,00111,3,2,1.0,1.0,0.0,-4.569078249714767,-4.288998423298276,1.3232354372646824,1.3232354372646824,0.0,True,1.2,0.9852571110915188,0.0,0.21474288890848114,1.2,0.2909955744090281,0.0,,,0.0,0.4640017636213521,0.0,0.0,0.0,0.0,0.3744369242933106,0.2740339876173952,0.0,,fast|slow,True,"{""event"": 1.5389947661556178, ""fast"": 0.7495369332051954, ""slow"": 1.0062344000693613}",{},2.4971473588930593e-07,0.0
prepare_leaning,00111,3,2,-1.0,1.0,0.0,-4.569078249714767,-4.288998423298276,1.3232354372646824,1.3232354372646824,0.0,True,-1.3232354372646824,-1.1150763887416597,-1.1150763887416597,0.2081590485230227,0.2081590485230227,1.02625378754809,1.02625378754809,0.8389995068212293,0.8389995068212293,2.6677274444747408,0.6138057912636161,0.6138057912636161,1.386901579792788,1.4513420247872655,1.7569519211004043,0.3744369242933106,0.0,0.4863687275252383,event|fast|slow,,False,"{""event"": 1.5389947661556178, ""fast"": 0.7495369332051954, ""slow"": 1.0062344000693613}","{""event"": 1.5389947661556178, ""fast"": 0.7495369332051954, ""slow"": 1.0062344000693613}",2.4971473588930593e-07,0.0
prepare_leaning,00111,3,3,1.0,1.0,0.0,-3.719078249714768,-3.048998423298276,1.9543933266248374,1.9543933266248374,0.0,True,1.2,1.1044286849063774,0.0,0.0955713150936226,1.2,0.2909955744090281,0.0,,,0.0,0.39232838446489743,0.0,0.0,0.0,0.0,0.3744369242933106,0.11712621816912723,0.0,,fast|slow,True,"{""event"": 1.5389947661556178, ""fast"": 1.1070516546497708, ""slow"": 1.0062344000693613}",{},2.4971473677748435e-07,0.0
prepare_leaning,00111,3,3,-1.0,1.0,0.0,-3.719078249714768,-3.048998423298276,1.9543933266248374,1.9543933266248374,0.0,True,-1.9543933266248374,-1.2174269402915832,-1.2174269402915832,0.7369663863332543,0.7369663863332543,1.4910163300774384,1.4910163300774384,0.9999241373430576,0.9999241373430576,3.3637478801614935,0.6248808689433177,0.6248808689433177,2.0484269963594444,0.6203252527587767,2.594984243240511,0.3744369242933106,0.11712621816912723,0.4863687275252383,event|fast|slow,,False,"{""event"": 1.5389947661556178, ""fast"": 1.1070516546497708, ""slow"": 1.0062344000693613}","{""event"": 1.5389947661556178, ""fast"": 1.1070516546497708, ""slow"": 1.0062344000693613}",2.4971473677748435e-07,0.0
prepare_leaning,00111,3,4,1.0,1.0,0.0,-0.03523743741726197,-0.06307297206602173,0.9725483041472501,0.9725483041472501,0.0,False,0.9725483041472501,0.9887976148875977,0.9296705950065112,0.016249310740347522,0.04287770914073896,0.3425705247928783,0.4880683119973924,-0.30899356646900034,-0.32214729243596907,0.1071076824291227,0.41411509670587276,0.5958092943706929,0.06636377832043694,3.469446951953614e-18,0.08407083062735676,0.3744369242933106,0.11712621816912723,0.13255094138812432,event|slow,fast,True,"{""event"": 0.8531067899436612, ""fast"": 1.1070516546497708, ""slow"": 1.0062344000693613}","{""event"": 0.8531067899436612, ""slow"": 1.0062344000693613}",4.374171662657744e-07,0.0
prepare_leaning,00111,3,4,-1.0,1.0,0.0,-0.03523743741726197,-0.06307297206602173,0.9725483041472501,0.9725483041472501,0.0,False,-0.9725483041472501,-0.9887976148875977,-0.9296705950065112,0.016249310740347522,0.04287770914073896,0.3425705247928783,0.4880683119973924,-0.30899356646900034,-0.32214729243596907,0.1071076824291227,0.41411509670587276,0.5958092943706929,0.06636377832043694,3.469446951953614e-18,0.08407083062735676,0.3744369242933106,0.11712621816912723,0.13255094138812432,event|slow,fast,True,"{""event"": 0.8531067899436612, ""fast"": 1.1070516546497708, ""slow"": 1.0062344000693613}","{""event"": 0.8531067899436612, ""slow"": 1.0062344000693613}",4.374171662657744e-07,0.0
prepare_leaning,10111,4,0,1.0,1.0,0.0,-2.0074634956028814,-1.4363669607693677,1.7702070813113673,1.7702070813113673,0.0,True,1.2,1.1509933165754607,0.0,0.04900668342453929,1.2,0.12381150516043005,0.0,,,0.0,0.19227307500921564,0.0,0.0,0.0,0.0,0.1524807672819673,0.11712621816912723,0.0,,fast|slow,True,"{""event"": 1.5389947661556178, ""fast"": 1.1070516546497708, ""slow"": 1.145928295076611}",{},4.956027586100475e-07,0.0
prepare_leaning,10111,4,0,-1.0,1.0,0.0,-2.0074634956028814,-1.4363669607693677,1.7702070813113673,1.7702070813113673,0.0,True,-1.7702070813113673,-1.2639915719606665,-1.3424615306161143,0.5062155093507008,0.427745550695253,0.9228806059317469,0.7509232932366627,0.9737752692569922,0.999153822993812,1.8905734054545533,0.5229947174570877,0.7645659408364907,0.6039267217238683,1.5515838457795457e-17,1.7915189968850145,0.1524807672819673,0.11712621816912723,0.4863687275252383,event|slow,fast,True,"{""event"": 1.5389947661556178, ""fast"": 1.1070516546497708, ""slow"": 1.145928295076611}","{""event"": 1.5389947661556178, ""slow"": 1.145928295076611}",4.956027586100475e-07,0.0
prepare_leaning,10111,4,2,1.0,1.0,0.0,-4.713328564045077,-4.560531714740115,1.1650882664082924,1.1650882664082922,2.220446049250313e-16,False,1.1650882664082924,0.9852571110915188,0.9852571110915188,0.17983115531677363,0.17983115531677363,0.8337602281320533,0.8337602281320533,0.8321968461655449,0.8321968461655449,2.1808671841184215,0.4640017636213521,0.4640017636213521,1.31638960521449,1.2778841285571334,1.1791150223916356,0.3744369242933106,0.2740339876173952,0.0,event|fast|slow,,False,"{""event"": 1.5389947661556178, ""fast"": 0.7495369332051954, ""slow"": 1.0062344000693613}","{""event"": 1.5389947661556178, ""fast"": 0.7495369332051954, ""slow"": 1.0062344000693613}",4.3595501786342084e-07,0.0
prepare_leaning,10111,4,2,-1.0,1.0,0.0,-4.713328564045077,-4.560531714740115,1.1650882664082924,1.1650882664082922,2.220446049250313e-16,False,-1.1650882664082924,-1.1150763887416597,-1.1150763887416597,0.05001187766663273,0.05001187766663273,0.9036005328734109,0.9036005328734109,0.7959060140522685,0.7959060140522685,2.1808671841184215,0.6138057912636161,0.6138057912636161,1.31638960521449,1.2778841285571334,1.1791150223916356,0.3744369242933106,0.0,0.4863687275252383,event|fast|slow,,False,"{""event"": 1.5389947661556178, ""fast"": 0.7495369332051954, ""slow"": 1.0062344000693613}","{""event"": 1.5389947661556178, ""fast"": 0.7495369332051954, ""slow"": 1.0062344000693613}",4.3595501786342084e-07,0.0
prepare_leaning,10111,4,3,1.0,1.0,0.0,-3.8633285640450774,-3.3205317147401145,1.7208129926630733,1.7208129926630733,0.0,True,1.2,1.1044286849063774,0.0,0.0955713150936226,1.2,0.2909955744090281,0.0,,,0.0,0.39232838446489743,0.0,0.0,0.0,0.0,0.3744369242933106,0.11712621816912723,0.0,,fast|slow,True,"{""event"": 1.5389947661556178, ""fast"": 1.1070516546497708, ""slow"": 1.0062344000693613}",{},4.359550174193316e-07,0.0
prepare_leaning,10111,4,3,-1.0,1.0,0.0,-3.8633285640450774,-3.3205317147401145,1.7208129926630733,1.7208129926630733,0.0,True,-1.7208129926630733,-1.2174269402915832,-1.2174269402915832,0.5033860523714901,0.5033860523714901,1.1865736341262063,1.1865736341262063,0.9827108623017766,0.9827108623017766,2.666735962113852,0.6248808689433177,0.6248808689433177,1.9442821641685581,0.5461867578456058,1.7415302418509497,0.3744369242933106,0.11712621816912723,0.4863687275252383,event|fast|slow,,False,"{""event"": 1.5389947661556178, ""fast"": 1.1070516546497708, ""slow"": 1.0062344000693613}","{""event"": 1.5389947661556178, ""fast"": 1.1070516546497708, ""slow"": 1.0062344000693613}",4.359550174193316e-07,0.0
prepare_leaning,10111,4,4,1.0,1.0,0.0,-0.17948775174757148,-0.33460626350786055,0.8563136882273457,0.8563136882273458,1.1102230246251565e-16,False,0.8563136882273457,0.9887976148875977,0.9296705950065112,0.132483926660252,0.07335690677916551,0.29864407103611523,0.44414185824062935,0.3401254045572554,0.354604399757951,0.3498065086477548,0.41411509670587276,0.5958092943706929,0.06133446890961443,4.9065389333867974e-18,0.344387392939851,0.3744369242933106,0.11712621816912723,0.13255094138812432,event|slow,fast,True,"{""event"": 0.8531067899436612, ""fast"": 1.1070516546497708, ""slow"": 1.0062344000693613}","{""event"": 0.8531067899436612, ""slow"": 1.0062344000693613}",2.48252459256193e-07,0.0
prepare_leaning,10111,4,4,-1.0,1.0,0.0,-0.17948775174757148,-0.33460626350786055,0.8563136882273457,0.8563136882273458,1.1102230246251565e-16,False,-0.8563136882273457,-0.9887976148875977,-0.9296705950065112,0.132483926660252,0.07335690677916551,0.29864407103611523,0.44414185824062935,0.3401254045572554,0.354604399757951,0.3498065086477548,0.41411509670587276,0.5958092943706929,0.06133446890961443,4.9065389333867974e-18,0.344387392939851,0.3744369242933106,0.11712621816912723,0.13255094138812432,event|slow,fast,True,"{""event"": 0.8531067899436612, ""fast"": 1.1070516546497708, ""slow"": 1.0062344000693613}","{""event"": 0.8531067899436612, ""slow"": 1.0062344000693613}",2.48252459256193e-07,0.0
prepare_leaning,01111,4,1,1.0,0.9999999999999999,0.0,-2.683949931585222,-2.5096276902827754,1.1904391126698757,1.1904391126698757,0.0,False,1.1904391126698757,0.9983921764930512,0.9440624374146913,0.19204693617682445,0.24637667525518436,1.0268082947973707,1.0268082947973707,0.5589481709598125,0.6202125828613957,1.8535598680090621,0.2702738643873861,0.3653644403518912,1.1519607787439654,1.4821483875836085e-17,1.4521262164596327,0.24357629356792745,0.11712621816912723,0.0,event|slow,fast,True,"{""event"": 1.5389947661556178, ""fast"": 1.1070516546497708, ""slow"": 0.6881248748293828}","{""event"": 1.5389947661556178, ""slow"": 0.6881248748293828}",6.841478028540848e-08,0.0
prepare_leaning,01111,4,1,-1.0,0.9999999999999999,0.0,-2.683949931585222,-2.5096276902827754,1.1904391126698757,1.1904391126698757,0.0,False,-1.1904391126698757,-1.1486821402684628,-1.1694973830778088,0.04175697240141285,0.02094172959206686,0.8968066583721918,0.8968066583721918,0.7616515204230497,0.7834255809710559,1.8535598680090621,0.5002730155596257,0.7295530912878574,1.1519607787439654,1.4821483875836085e-17,1.4521262164596327,0.0,0.11712621816912723,0.4863687275252383,event|slow,fast,True,"{""event"": 1.5389947661556178, ""fast"": 1.1070516546497708, ""slow"": 0.6881248748293828}","{""event"": 1.5389947661556178, ""slow"": 0.6881248748293828}",6.841478028540848e-08,0.0
prepare_leaning,01111,4,2,1.0,0.9999999999999999,0.0,-4.639815000027418,-4.373792444253524,1.304764488327806,1.3047644883278062,2.220446049250313e-16,True,1.2,0.9852571110915188,0.0,0.21474288890848114,1.2,0.2909955744090281,0.0,,,0.0,0.4640017636213521,0.0,0.0,0.0,0.0,0.3744369242933106,0.2740339876173952,0.0,,fast|slow,True,"{""event"": 1.5389947661556178, ""fast"": 0.7495369332051954, ""slow"": 1.0062344000693613}",{},2.7418067816142866e-11,0.0
prepare_leaning,01111,4,2,-1.0,0.9999999999999999,0.0,-4.639815000027418,-4.373792444253524,1.304764488327806,1.3047644883278062,2.220446049250313e-16,True,-1.304764488327806,-1.1150763887416597,-1.1150763887416597,0.1896880995861463,0.1896880995861463,1.011928384243247,1.011928384243247,0.8234836284621453,0.8234836284621453,2.536730332937412,0.6138057912636161,0.6138057912636161,1.3615674978551393,1.4310828451470923,1.59158305506026,0.3744369242933106,0.0,0.4863687275252383,event|fast|slow,,False,"{""event"": 1.5389947661556178, ""fast"": 0.7495369332051954, ""slow"": 1.0062344000693613}","{""event"": 1.5389947661556178, ""fast"": 0.7495369332051954, ""slow"": 1.0062344000693613}",2.7418067816142866e-11,0.0
prepare_leaning,01111,4,3,1.0,0.9999999999999999,0.0,-3.789815000027418,-3.133792444253523,1.927112089800285,1.927112089800285,0.0,True,1.2,1.1044286849063774,0.0,0.0955713150936226,1.2,0.2909955744090281,0.0,,,0.0,0.39232838446489743,0.0,0.0,0.0,0.0,0.3744369242933106,0.11712621816912723,0.0,,fast|slow,True,"{""event"": 1.5389947661556178, ""fast"": 1.1070516546497708, ""slow"": 1.0062344000693613}",{},2.7418067816142866e-11,0.0
prepare_leaning,01111,4,3,-1.0,0.9999999999999999,0.0,-3.789815000027418,-3.133792444253523,1.927112089800285,1.927112089800285,0.0,True,-1.927112089800285,-1.2174269402915832,-1.2174269402915832,0.7096851495087018,0.7096851495087018,1.3183078753249677,1.3183078753249677,0.9974192589700082,0.9974192589700082,3.1534521037065555,0.6248808689433177,0.6248808689433177,2.011009043906889,0.6116661768715353,2.3507376041930668,0.3744369242933106,0.11712621816912723,0.4863687275252383,event|fast|slow,,False,"{""event"": 1.5389947661556178, ""fast"": 1.1070516546497708, ""slow"": 1.0062344000693613}","{""event"": 1.5389947661556178, ""fast"": 1.1070516546497708, ""slow"": 1.0062344000693613}",2.7418067816142866e-11,0.0
prepare_leaning,01111,4,4,1.0,0.9999999999999999,0.0,-0.10597418772991195,-0.147866993021269,0.9589725718484816,0.9589725718484816,0.0,False,0.9589725718484816,0.9887976148875977,0.9296705950065112,0.02982504303911604,0.029301976841970445,0.32739212791094097,0.4728899151154551,-0.030024713544157755,-0.03130285295239757,0.21630615641628312,0.41411509670587276,0.5958092943706929,0.1097181953777067,1.4821483875836085e-17,0.18641424544987148,0.3744369242933106,0.11712621816912723,0.13255094138812432,event|slow,fast,True,"{""event"": 0.8531067899436612, ""fast"": 1.1070516546497708, ""slow"": 1.0062344000693613}","{""event"": 0.8531067899436612, ""slow"": 1.0062344000693613}",1.8772989429649556e-07,0.0
prepare_leaning,01111,4,4,-1.0,0.9999999999999999,0.0,-0.10597418772991195,-0.147866993021269,0.9589725718484816,0.9589725718484816,0.0,False,-0.9589725718484816,-0.9887976148875977,-0.9296705950065112,0.02982504303911604,0.029301976841970445,0.32739212791094097,0.4728899151154551,-0.030024713544157755,-0.03130285295239757,0.21630615641628312,0.41411509670587276,0.5958092943706929,0.1097181953777067,1.4821483875836085e-17,0.18641424544987148,0.3744369242933106,0.11712621816912723,0.13255094138812432,event|slow,fast,True,"{""event"": 0.8531067899436612, ""fast"": 1.1070516546497708, ""slow"": 1.0062344000693613}","{""event"": 0.8531067899436612, ""slow"": 1.0062344000693613}",1.8772989429649556e-07,0.0
prepare_leaning,11111,5,0,1.0,0.9999999999999998,0.0,-2.068984197688302,-1.5016396970521055,1.7635776485125345,1.7635776485125345,0.0,True,1.2,1.1509933165754607,0.0,0.04900668342453929,1.2,0.12381150516043005,0.0,,,0.0,0.19227307500921564,0.0,0.0,0.0,0.0,0.1524807672819673,0.11712621816912723,0.0,,fast|slow,True,"{""event"": 1.5389947661556178, ""fast"": 1.1070516546497708, ""slow"": 1.145928295076611}",{},1.976882826326687e-07,0.0
prepare_leaning,11111,5,0,-1.0,0.9999999999999998,0.0,-2.068984197688302,-1.5016396970521055,1.7635776485125345,1.7635776485125345,0.0,True,-1.7635776485125345,-1.2639915719606665,-1.3424615306161143,0.49958607655186804,0.42111611789642023,0.8383898755856323,0.6664325628905481,0.9702318686121819,0.9955180741589063,1.8141956091410008,0.5229947174570877,0.7645659408364907,0.7040013083590212,6.938893903907228e-18,1.672031060134731,0.1524807672819673,0.11712621816912723,0.4863687275252383,event|slow,fast,True,"{""event"": 1.5389947661556178, ""fast"": 1.1070516546497708, ""slow"": 1.145928295076611}","{""event"": 1.5389947661556178, ""slow"": 1.145928295076611}",1.976882826326687e-07,0.0
prepare_leaning,11111,5,1,1.0,0.9999999999999998,0.0,-2.818984197688302,-2.761639697052105,1.0590205808239097,1.0590205808239097,0.0,False,1.0590205808239097,0.9983921764930512,0.9440624374146913,0.060628404330858476,0.1149581434092184,0.7099686256458108,0.7099686256458108,0.6722687463306866,0.7459538418790634,1.5075837937224488,0.2702738643873861,0.3653644403518912,1.124587922881874,3.469446951953614e-18,1.0040472592476923,0.24357629356792745,0.11712621816912723,0.0,event|slow,fast,True,"{""event"": 1.5389947661556178, ""fast"": 1.1070516546497708, ""slow"": 0.6881248748293828}","{""event"": 1.5389947661556178, ""slow"": 0.6881248748293828}",1.976882826326687e-07,0.0
prepare_leaning,11111,5,1,-1.0,0.9999999999999998,0.0,-2.818984197688302,-2.761639697052105,1.0590205808239097,1.0590205808239097,0.0,False,-1.0590205808239097,-1.1486821402684628,-1.1694973830778088,0.08966155944455312,0.11047680225389911,0.8559935590526528,0.8559935590526528,0.6474873079756238,0.6659976469822286,1.5075837937224488,0.5002730155596257,0.7295530912878574,1.124587922881874,3.469446951953614e-18,1.0040472592476923,0.0,0.11712621816912723,0.4863687275252383,event|slow,fast,True,"{""event"": 1.5389947661556178, ""fast"": 1.1070516546497708, ""slow"": 0.6881248748293828}","{""event"": 1.5389947661556178, ""slow"": 0.6881248748293828}",1.976882826326687e-07,0.0
prepare_leaning,11111,5,2,1.0,0.9999999999999998,0.0,-4.774849266130498,-4.625804451022852,1.1607250060595997,1.1607250060595997,0.0,False,1.1607250060595997,0.9852571110915188,0.9852571110915188,0.1754678949680809,0.1754678949680809,0.7781513902815117,0.7781513902815117,0.8463452940537356,0.8463452940537356,2.1238774927484374,0.4640017636213521,0.4640017636213521,1.295776514466208,1.2730984472408622,1.1004722497155934,0.3744369242933106,0.2740339876173952,0.0,event|fast|slow,,False,"{""event"": 1.5389947661556178, ""fast"": 0.7495369332051954, ""slow"": 1.0062344000693613}","{""event"": 1.5389947661556178, ""fast"": 0.7495369332051954, ""slow"": 1.0062344000693613}",2.661304626672134e-07,0.0
prepare_leaning,11111,5,2,-1.0,0.9999999999999998,0.0,-4.774849266130498,-4.625804451022852,1.1607250060595997,1.1607250060595997,0.0,False,-1.1607250060595997,-1.1150763887416597,-1.1150763887416597,0.04564861731794001,0.04564861731794001,0.9002165451620777,0.9002165451620777,0.7827432111241116,0.7827432111241116,2.1238774927484374,0.6138057912636161,0.6138057912636161,1.295776514466208,1.2730984472408622,1.1004722497155934,0.3744369242933106,0.0,0.4863687275252383,event|fast|slow,,False,"{""event"": 1.5389947661556178, ""fast"": 0.7495369332051954, ""slow"": 1.0062344000693613}","{""event"": 1.5389947661556178, ""fast"": 0.7495369332051954, ""slow"": 1.0062344000693613}",2.661304626672134e-07,0.0
prepare_leaning,11111,5,3,1.0,0.9999999999999998,0.0,-3.924849266130498,-3.3858044510228527,1.7143685409293428,1.7143685409293428,0.0,True,1.2,1.1044286849063774,0.0,0.0955713150936226,1.2,0.2909955744090281,0.0,,,0.0,0.39232838446489743,0.0,0.0,0.0,0.0,0.3744369242933106,0.11712621816912723,0.0,,fast|slow,True,"{""event"": 1.5389947661556178, ""fast"": 1.1070516546497708, ""slow"": 1.0062344000693613}",{},2.661304626672134e-07,0.0
prepare_leaning,11111,5,3,-1.0,0.9999999999999998,0.0,-3.924849266130498,-3.3858044510228527,1.7143685409293428,1.7143685409293428,0.0,True,-1.7143685409293428,-1.2174269402915832,-1.2174269402915832,0.4969416006377596,0.4969416006377596,1.1963526765018337,1.1963526765018337,0.9784745506860905,0.9784745506860905,2.5691847470990523,0.6248808689433177,0.6248808689433177,1.913837025030783,0.5441412861914827,1.6253763770307545,0.3744369242933106,0.11712621816912723,0.4863687275252383,event|fast|slow,,False,"{""event"": 1.5389947661556178, ""fast"": 1.1070516546497708, ""slow"": 1.0062344000693613}","{""event"": 1.5389947661556178, ""fast"": 1.1070516546497708, ""slow"": 1.0062344000693613}",2.661304626672134e-07,0.0
prepare_leaning,11111,5,4,1.0,0.9999999999999998,0.0,-0.24100845383299216,-0.39987899979059843,0.853106789943661,0.8531067899436611,1.1102230246251565e-16,False,0.853106789943661,0.9887976148875977,0.8531067899436612,0.1356908249439367,2.220446049250313e-16,0.2909955744090281,1.1102230246251565e-16,0.32008236947292273,1.0,0.3976528241643728,0.41411509670587276,0.3976528241643729,1.5515838457795457e-17,4.9065389333867974e-18,0.3976528241643728,0.3744369242933106,0.11712621816912723,0.13255094138812432,event,fast|slow,True,"{""event"": 0.8531067899436612, ""fast"": 1.1070516546497708, ""slow"": 1.0062344000693613}","{""event"": 0.8531067899436612}",4.538328891579013e-07,0.0
prepare_leaning,11111,5,4,-1.0,0.9999999999999998,0.0,-0.24100845383299216,-0.39987899979059843,0.853106789943661,0.8531067899436611,1.1102230246251565e-16,False,-0.853106789943661,-0.9887976148875977,-0.8531067899436612,0.1356908249439367,2.220446049250313e-16,0.2909955744090281,1.1102230246251565e-16,0.32008236947292273,1.0,0.3976528241643728,0.41411509670587276,0.3976528241643729,1.5515838457795457e-17,4.9065389333867974e-18,0.3976528241643728,0.3744369242933106,0.11712621816912723,0.13255094138812432,event,fast|slow,True,"{""event"": 0.8531067899436612, ""fast"": 1.1070516546497708, ""slow"": 1.0062344000693613}","{""event"": 0.8531067899436612}",4.538328891579013e-07,0.0
fallback_leaning,10000,1,0,1.0,1.0,0.0,0.0,0.0,1.0,1.0,0.0,False,1.0,1.0898947788581401,0.0,0.08989477885814012,1.0,0.1007414905085077,0.0,,,0.0,0.14246998217081197,0.0,0.0,0.0,0.0,0.0,0.0,0.14246998217081197,,event,True,"{""event"": 0.8696843365744203, ""fast"": 1.442145258389621, ""slow"": 1.2417094096004084}",{},0.0,0.0
fallback_leaning,10000,1,0,-1.0,1.0,0.0,0.0,0.0,1.0,1.0,0.0,False,-1.0,-1.1845130015214833,0.0,0.1845130015214833,1.0,0.3542465883360356,0.0,,,0.0,0.6451921510996315,0.0,0.0,0.0,0.0,0.3807806787710963,0.5009803296492202,0.14246998217081197,,event|fast|slow,True,"{""event"": 0.8696843365744203, ""fast"": 1.442145258389621, ""slow"": 1.2417094096004084}",{},0.0,0.0
fallback_leaning,01000,1,1,1.0,1.0,0.0,0.0,0.0,1.0,1.0,0.0,False,1.0,1.0898947788581401,0.0,0.08989477885814012,1.0,0.1007414905085077,0.0,,,0.0,0.14246998217081197,0.0,0.0,0.0,0.0,0.0,0.0,0.14246998217081197,,event,True,"{""event"": 0.8696843365744203, ""fast"": 1.442145258389621, ""slow"": 1.3184924313029756}",{},0.0,0.0
fallback_leaning,01000,1,1,-1.0,1.0,0.0,0.0,0.0,1.0,1.0,0.0,False,-1.0,-1.2101073420890056,0.0,0.2101073420890056,1.0,0.3542465883360356,0.0,,,0.0,0.6821247473324696,0.0,0.0,0.0,0.0,0.44047154778508985,0.5009803296492202,0.14246998217081197,,event|fast|slow,True,"{""event"": 0.8696843365744203, ""fast"": 1.442145258389621, ""slow"": 1.3184924313029756}",{},0.0,0.0
fallback_leaning,11000,2,0,1.0,1.0,0.0,-0.5130152523999525,-0.5375281114548289,0.9757851411630536,0.9757851411630535,1.1102230246251565e-16,False,0.9757851411630536,1.0898947788581401,1.2,0.11410963769508653,0.22421485883694636,0.40574070927440914,0.40574070927440914,-4.7544428196944074e-17,,0.5738040138627484,0.14246998217081197,0.0,0.5738040138627484,0.0,2.728118373621574e-17,0.0,0.0,0.14246998217081197,slow,event,True,"{""event"": 0.8696843365744203, ""fast"": 1.442145258389621, ""slow"": 1.2417094096004084}","{""slow"": 1.2417094096004084}",2.523999206305305e-07,0.0
fallback_leaning,11000,2,0,-1.0,1.0,0.0,-0.5130152523999525,-0.5375281114548289,0.9757851411630536,0.9757851411630535,1.1102230246251565e-16,False,-0.9757851411630536,-1.1845130015214833,-1.2417094096004084,0.20872786035842972,0.26592426843735484,0.3542465883360356,0.658825878812062,0.41776756452338837,0.7078624747568438,0.5738040138627484,0.6451921510996315,1.142342036313289,0.5738040138627484,0.0,2.728118373621574e-17,0.3807806787710963,0.5009803296492202,0.14246998217081197,slow,event|fast,True,"{""event"": 0.8696843365744203, ""fast"": 1.442145258389621, ""slow"": 1.2417094096004084}","{""slow"": 1.2417094096004084}",2.523999206305305e-07,0.0
fallback_leaning,11000,2,1,1.0,1.0,0.0,-0.9130152523999528,-0.8775281114548286,1.0361243244628537,1.036124324462854,2.220446049250313e-16,False,1.0361243244628537,1.0898947788581401,1.2,0.05377045439528638,0.16387567553714621,0.6052940109340501,0.6052940109340501,0.0,,0.8560149994861421,0.14246998217081197,0.0,0.8560149994861421,0.0,0.0,0.0,0.0,0.14246998217081197,slow,event,True,"{""event"": 0.8696843365744203, ""fast"": 1.442145258389621, ""slow"": 1.3184924313029756}","{""slow"": 1.3184924313029756}",2.523999209635974e-07,0.0
fallback_leaning,11000,2,1,-1.0,1.0,0.0,-0.9130152523999528,-0.8775281114548286,1.0361243244628537,1.036124324462854,2.220446049250313e-16,False,-1.0361243244628537,-1.2101073420890056,-1.3184924313029756,0.17398301762615187,0.2823681068401218,0.4847702414500725,0.6995653959325118,0.4916043521653718,0.7613102280830177,0.8560149994861421,0.6821247473324696,1.3214146433552696,0.8560149994861421,0.0,0.0,0.44047154778508985,0.5009803296492202,0.14246998217081197,slow,event|fast,True,"{""event"": 0.8696843365744203, ""fast"": 1.442145258389621, ""slow"": 1.3184924313029756}","{""slow"": 1.3184924313029756}",2.523999209635974e-07,0.0
fallback_leaning,00100,1,2,1.0,1.0,0.0,0.0,0.0,1.0,1.0,0.0,False,1.0,0.870578762053363,0.0,0.12942123794663696,1.0,0.13154843385067083,0.0,,,0.0,0.24289117160615392,0.0,0.0,0.0,0.0,0.16187279804077634,0.1117838211858437,0.14246998217081197,,event|fast|slow,True,"{""event"": 0.8696843365744203, ""fast"": 0.9013440576866549, ""slow"": 0.8407078918990138}",{},0.0,0.0
fallback_leaning,00100,1,2,-1.0,1.0,0.0,0.0,0.0,1.0,1.0,0.0,False,-1.0,-0.870578762053363,0.0,0.12942123794663696,1.0,0.13154843385067083,0.0,,,0.0,0.24289117160615392,0.0,0.0,0.0,0.0,0.16187279804077634,0.1117838211858437,0.14246998217081197,,event|fast|slow,True,"{""event"": 0.8696843365744203, ""fast"": 0.9013440576866549, ""slow"": 0.8407078918990138}",{},0.0,0.0
fallback_leaning,10100,2,0,1.0,1.0,0.0,-1.204875181859238,-0.8861528032305761,1.3753694399487644,1.3753694399487644,0.0,True,1.2,1.0898947788581401,0.0,0.11010522114185983,1.2,0.1007414905085077,0.0,,,0.0,0.14246998217081197,0.0,0.0,0.0,0.0,0.0,0.0,0.14246998217081197,,event,True,"{""event"": 0.8696843365744203, ""fast"": 1.442145258389621, ""slow"": 1.2417094096004084}",{},1.8185922157076817e-07,0.0
fallback_leaning,10100,2,0,-1.0,1.0,0.0,-1.204875181859238,-0.8861528032305761,1.3753694399487644,1.3753694399487644,0.0,True,-1.3753694399487644,-1.1845130015214833,-1.3419273339950148,0.19085643842728106,0.033442105953749524,0.5887803461216842,0.4789760329863405,0.7487114574140388,0.7676611325159984,1.1821362727922808,0.6451921510996315,0.9438984246447502,1.1432346484301414,0.30076686333443853,5.456236747243148e-17,0.3807806787710963,0.5009803296492202,0.14246998217081197,fast|slow,event,True,"{""event"": 0.8696843365744203, ""fast"": 1.442145258389621, ""slow"": 1.2417094096004084}","{""fast"": 1.442145258389621, ""slow"": 1.2417094096004084}",1.8185922157076817e-07,0.0
fallback_leaning,10100,2,2,1.0,1.0,0.0,-0.35628845984199037,-0.5314343134505122,0.8393345918620951,0.8393345918620952,1.1102230246251565e-16,False,0.8393345918620951,0.870578762053363,0.8710259747928344,0.031244170191267906,0.031691382930739254,0.26915682678406566,0.230732152602787,0.7038171263952608,0.8690102779974481,0.5059772760635963,0.24289117160615392,0.29507873051955463,0.48932662555719464,0.12873405692956993,5.456236747243148e-17,0.16187279804077634,0.1117838211858437,0.14246998217081197,fast|slow,event,True,"{""event"": 0.8696843365744203, ""fast"": 0.9013440576866549, ""slow"": 0.8407078918990138}","{""fast"": 0.9013440576866549, ""slow"": 0.8407078918990138}",4.5984188468128906e-07,0.0
fallback_leaning,10100,2,2,-1.0,1.0,0.0,-0.35628845984199037,-0.5314343134505122,0.8393345918620951,0.8393345918620952,1.1102230246251565e-16,False,-0.8393345918620951,-0.870578762053363,-0.8710259747928344,0.031244170191267906,0.031691382930739254,0.26915682678406566,0.230732152602787,0.7038171263952608,0.8690102779974481,0.5059772760635963,0.24289117160615392,0.29507873051955463,0.48932662555719464,0.12873405692956993,5.456236747243148e-17,0.16187279804077634,0.1117838211858437,0.14246998217081197,fast|slow,event,True,"{""event"": 0.8696843365744203, ""fast"": 0.9013440576866549, ""slow"": 0.8407078918990138}","{""fast"": 0.9013440576866549, ""slow"": 0.8407078918990138}",4.5984188468128906e-07,0.0
fallback_leaning,01100,2,1,1.0,1.0,0.0,-1.5008307134865704,-1.0996601024350143,1.493572066664519,1.493572066664519,0.0,True,1.2,1.0898947788581401,0.0,0.11010522114185983,1.2,0.1007414905085077,0.0,,,0.0,0.14246998217081197,0.0,0.0,0.0,0.0,0.0,0.0,0.14246998217081197,,event,True,"{""event"": 0.8696843365744203, ""fast"": 1.442145258389621, ""slow"": 1.3184924313029756}",{},2.8651347072639055e-07,0.0
fallback_leaning,01100,2,1,-1.0,1.0,0.0,-1.5008307134865704,-1.0996601024350143,1.493572066664519,1.493572066664519,0.0,True,-1.493572066664519,-1.2101073420890056,-1.3803188448462982,0.2834647245755133,0.11325322181822073,0.7630476343831755,0.6464534017277568,0.7752355278098886,0.7927188548192982,1.456831884071991,0.6821247473324696,1.0006208417693372,1.4088906035129476,0.3706567222939158,5.456236747243148e-17,0.44047154778508985,0.5009803296492202,0.14246998217081197,fast|slow,event,True,"{""event"": 0.8696843365744203, ""fast"": 1.442145258389621, ""slow"": 1.3184924313029756}","{""fast"": 1.442145258389621, ""slow"": 1.3184924313029756}",2.8651347072639055e-07,0.0
fallback_leaning,01100,2,2,1.0,1.0,0.0,-0.25224399146932247,-0.40494161265495066,0.8583892412938716,0.8583892412938716,0.0,False,0.8583892412938716,0.870578762053363,0.8710259747928344,0.012189520759491423,0.012636733498962771,0.23113100793974997,0.20378146519569315,0.6414551325637994,0.7920112798720188,0.4179796271796255,0.24289117160615392,0.29507873051955463,0.4042247946600535,0.10634511798505983,0.0,0.16187279804077634,0.1117838211858437,0.14246998217081197,fast|slow,event,True,"{""event"": 0.8696843365744203, ""fast"": 0.9013440576866549, ""slow"": 0.8407078918990138}","{""fast"": 0.9013440576866549, ""slow"": 0.8407078918990138}",8.530677497731176e-09,0.0
fallback_leaning,01100,2,2,-1.0,1.0,0.0,-0.25224399146932247,-0.40494161265495066,0.8583892412938716,0.8583892412938716,0.0,False,-0.8583892412938716,-0.870578762053363,-0.8710259747928344,0.012189520759491423,0.012636733498962771,0.23113100793974997,0.20378146519569315,0.6414551325637994,0.7920112798720188,0.4179796271796255,0.24289117160615392,0.29507873051955463,0.4042247946600535,0.10634511798505983,0.0,0.16187279804077634,0.1117838211858437,0.14246998217081197,fast|slow,event,True,"{""event"": 0.8696843365744203, ""fast"": 0.9013440576866549, ""slow"": 0.8407078918990138}","{""fast"": 0.9013440576866549, ""slow"": 0.8407078918990138}",8.530677497731176e-09,0.0
fallback_leaning,11100,3,0,1.0,1.0,0.0,-1.3879586409451854,-1.1434420968814458,1.2770037888816526,1.2770037888816526,0.0,True,1.2,1.0898947788581401,0.0,0.11010522114185983,1.2,0.1007414905085077,0.0,,,0.0,0.14246998217081197,0.0,0.0,0.0,0.0,0.0,0.0,0.14246998217081197,,event,True,"{""event"": 0.8696843365744203, ""fast"": 1.442145258389621, ""slow"": 1.2417094096004084}",{},3.5905487894005716e-07,0.0
fallback_leaning,11100,3,0,-1.0,1.0,0.0,-1.3879586409451854,-1.1434420968814458,1.2770037888816526,1.2770037888816526,0.0,True,-1.2770037888816526,-1.1845130015214833,-1.3419273339950148,0.09249078736016925,0.06492354511336229,0.5695989317726126,0.4193998692828246,0.7289304580182975,0.7473794816235696,1.1064282641485765,0.6451921510996315,0.9438984246447502,1.0851582220481193,0.21590538860389125,0.0,0.3807806787710963,0.5009803296492202,0.14246998217081197,fast|slow,event,True,"{""event"": 0.8696843365744203, ""fast"": 1.442145258389621, ""slow"": 1.2417094096004084}","{""fast"": 1.442145258389621, ""slow"": 1.2417094096004084}",3.5905487894005716e-07,0.0
fallback_leaning,11100,3,1,1.0,1.0,0.0,-1.7879586409451858,-1.4834420968814455,1.3559692931114344,1.3559692931114347,2.220446049250313e-16,True,1.2,1.0898947788581401,0.0,0.11010522114185983,1.2,0.1007414905085077,0.0,,,0.0,0.14246998217081197,0.0,0.0,0.0,0.0,0.0,0.0,0.14246998217081197,,event,True,"{""event"": 0.8696843365744203, ""fast"": 1.442145258389621, ""slow"": 1.3184924313029756}",{},3.5905487871801256e-07,0.0
fallback_leaning,11100,3,1,-1.0,1.0,0.0,-1.7879586409451858,-1.4834420968814455,1.3559692931114344,1.3559692931114347,2.220446049250313e-16,True,-1.3559692931114344,-1.2101073420890056,-1.3803188448462982,0.14586195102242883,0.02434955173486375,0.6946479875101448,0.5177918701127373,0.7621595877359333,0.7793480225118635,1.3107544290700308,0.6821247473324696,1.0006208417693372,1.2905497872290586,0.22925623221568991,2.728118373621574e-17,0.44047154778508985,0.5009803296492202,0.14246998217081197,fast|slow,event,True,"{""event"": 0.8696843365744203, ""fast"": 1.442145258389621, ""slow"": 1.3184924313029756}","{""fast"": 1.442145258389621, ""slow"": 1.3184924313029756}",3.5905487871801256e-07,0.0
fallback_leaning,11100,3,2,1.0,1.0,0.0,-0.5393719189279378,-0.7887236071013819,0.7793058525331633,0.7793058525331633,0.0,True,0.7793058525331633,0.870578762053363,0.8710259747928344,0.09127290952019973,0.09172012225967108,0.29362178572262126,0.22784756879728582,0.771116298483169,0.9521052611284309,0.5465715858078457,0.24289117160615392,0.29507873051955463,0.5231798742968392,0.1581876023689809,1.364059186810787e-17,0.16187279804077634,0.1117838211858437,0.14246998217081197,fast|slow,event,True,"{""event"": 0.8696843365744203, ""fast"": 0.9013440576866549, ""slow"": 0.8407078918990138}","{""fast"": 0.9013440576866549, ""slow"": 0.8407078918990138}",8.107206550533874e-08,0.0
fallback_leaning,11100,3,2,-1.0,1.0,0.0,-0.5393719189279378,-0.7887236071013819,0.7793058525331633,0.7793058525331633,0.0,True,-0.8,-0.870578762053363,0.0,0.070578762053363,0.8,0.13154843385067083,0.0,,,0.0,0.24289117160615392,0.0,0.0,0.0,0.0,0.16187279804077634,0.1117838211858437,0.14246998217081197,,event|fast|slow,True,"{""event"": 0.8696843365744203, ""fast"": 0.9013440576866549, ""slow"": 0.8407078918990138}",{},8.107206550533874e-08,0.0
fallback_leaning,00010,1,3,1.0,1.0,0.0,0.0,0.0,1.0,1.0,0.0,False,1.0,0.970130742824478,0.0,0.029869257175522024,1.0,0.13154843385067083,0.0,,,0.0,0.21563974254599136,0.0,0.0,0.0,0.0,0.16187279804077634,0.0,0.14246998217081197,,event|slow,True,"{""event"": 0.8696843365744203, ""fast"": 1.442145258389621, ""slow"": 0.8407078918990138}",{},0.0,0.0
fallback_leaning,00010,1,3,-1.0,1.0,0.0,0.0,0.0,1.0,1.0,0.0,False,-1.0,-1.0508458289543519,0.0,0.05084582895435186,1.0,0.3542465883360356,0.0,,,0.0,0.5454189117190041,0.0,0.0,0.0,0.0,0.16187279804077634,0.5009803296492202,0.14246998217081197,,event|fast|slow,True,"{""event"": 0.8696843365744203, ""fast"": 1.442145258389621, ""slow"": 0.8407078918990138}",{},0.0,0.0
fallback_leaning,10010,2,0,1.0,1.0,0.0,-0.4195708211576453,-0.4114558663248717,1.0081479703247256,1.0081479703247256,0.0,False,1.0081479703247256,1.0898947788581401,1.2,0.08174680853341454,0.19185202967527437,0.34006366744471384,0.34006366744471384,0.0,,0.5973990575369809,0.14246998217081197,0.0,0.48092265057064826,0.35439954587185224,0.0,0.0,0.0,0.14246998217081197,fast|slow,event,True,"{""event"": 0.8696843365744203, ""fast"": 1.442145258389621, ""slow"": 1.2417094096004084}","{""fast"": 1.442145258389621, ""slow"": 1.2417094096004084}",1.788423706905462e-07,0.0
fallback_leaning,10010,2,0,-1.0,1.0,0.0,-0.4195708211576453,-0.4114558663248717,1.0081479703247256,1.0081479703247256,0.0,False,-1.0081479703247256,-1.1845130015214833,-1.3419273339950148,0.17636503119675773,0.33377936367028926,0.6048449104714553,0.7819682046394731,-0.0018467299566272666,-0.0018934701692053678,0.5973990575369809,0.6451921510996315,0.9438984246447502,0.48092265057064826,0.35439954587185224,0.0,0.3807806787710963,0.5009803296492202,0.14246998217081197,fast|slow,event,True,"{""event"": 0.8696843365744203, ""fast"": 1.442145258389621, ""slow"": 1.2417094096004084}","{""fast"": 1.442145258389621, ""slow"": 1.2417094096004084}",1.788423706905462e-07,0.0
fallback_leaning,10010,2,3,1.0,1.0,0.0,-1.0709840991403978,-1.086737376544808,0.9843701564574618,0.9843701564574617,1.1102230246251565e-16,False,0.9843701564574618,0.970130742824478,1.0203539459495068,0.014239413632983866,0.03598378949204495,0.5754777594735516,0.5370530852922729,0.5501232363700317,0.7328497097425738,1.1459607030512062,0.21563974254599136,0.24280919706116452,0.9225298430054416,0.6798269056914195,0.0,0.16187279804077634,0.0,0.14246998217081197,fast|slow,event,True,"{""event"": 0.8696843365744203, ""fast"": 1.442145258389621, ""slow"": 0.8407078918990138}","{""fast"": 1.442145258389621, ""slow"": 0.8407078918990138}",9.914039300618072e-08,0.0
fallback_leaning,10010,2,3,-1.0,1.0,0.0,-1.0709840991403978,-1.086737376544808,0.9843701564574618,0.9843701564574617,1.1102230246251565e-16,False,-0.9843701564574618,-1.0508458289543519,-1.1414265751443176,0.06647567249689001,0.15705641868685571,0.5754777594735516,0.5370530852922729,0.7624025520269413,0.7898241009274325,1.1459607030512062,0.5454189117190041,0.789724135532295,0.9225298430054416,0.6798269056914195,0.0,0.16187279804077634,0.5009803296492202,0.14246998217081197,fast|slow,event,True,"{""event"": 0.8696843365744203, ""fast"": 1.442145258389621, ""slow"": 0.8407078918990138}","{""fast"": 1.442145258389621, ""slow"": 0.8407078918990138}",9.914039300618072e-08,0.0
fallback_leaning,01010,2,1,1.0,1.0,0.0,-0.5753208993613226,-0.5394928090502594,1.0364776506240558,1.0364776506240558,0.0,False,1.0364776506240558,1.0898947788581401,1.2,0.05341712823408429,0.16352234937594412,0.4321656872538164,0.4321656872538164,-7.186850736615175e-17,,0.7591971709451278,0.14246998217081197,0.0,0.6111745761066365,0.450384260262233,5.456236747243148e-17,0.0,0.0,0.14246998217081197,fast|slow,event,True,"{""event"": 0.8696843365744203, ""fast"": 1.442145258389621, ""slow"": 1.3184924313029756}","{""fast"": 1.442145258389621, ""slow"": 1.3184924313029756}",1.0063868249865493e-07,0.0
fallback_leaning,01010,2,1,-1.0,1.0,0.0,-0.5753208993613226,-0.5394928090502594,1.0364776506240558,1.0364776506240558,0.0,False,-1.0364776506240558,-1.2101073420890056,-1.3803188448462982,0.17362969146494978,0.34384119422224235,0.6727163529071475,0.8498396470751653,0.05407697263627446,0.05529653154755114,0.7591971709451278,0.6821247473324696,1.0006208417693372,0.6111745761066365,0.450384260262233,5.456236747243148e-17,0.44047154778508985,0.5009803296492202,0.14246998217081197,fast|slow,event,True,"{""event"": 0.8696843365744203, ""fast"": 1.442145258389621, ""slow"": 1.3184924313029756}","{""fast"": 1.442145258389621, ""slow"": 1.3184924313029756}",1.0063868249865493e-07,0.0
fallback_leaning,01010,2,3,1.0,1.0,0.0,-0.8267341773440748,-0.8747743192701961,0.9530955272193575,0.9530955272193575,0.0,False,0.9530955272193575,0.970130742824478,1.0203539459495068,0.017035215605120446,0.06725841873014926,0.5009974401306856,0.4736478973866288,0.4916515282283967,0.6549563005812007,0.9762071413736549,0.21563974254599136,0.24280919706116452,0.7858735630937139,0.579122720759006,5.456236747243148e-17,0.16187279804077634,0.0,0.14246998217081197,fast|slow,event,True,"{""event"": 0.8696843365744203, ""fast"": 1.442145258389621, ""slow"": 0.8407078918990138}","{""fast"": 1.442145258389621, ""slow"": 0.8407078918990138}",1.773440591046338e-07,0.0
fallback_leaning,01010,2,3,-1.0,1.0,0.0,-0.8267341773440748,-0.8747743192701961,0.9530955272193575,0.9530955272193575,0.0,False,-0.9530955272193575,-1.0508458289543519,-1.1414265751443176,0.09775030173499433,0.18833104792496003,0.5009974401306856,0.4736478973866288,0.7392848642846017,0.7658749327510264,0.9762071413736549,0.5454189117190041,0.789724135532295,0.7858735630937139,0.579122720759006,5.456236747243148e-17,0.16187279804077634,0.5009803296492202,0.14246998217081197,fast|slow,event,True,"{""event"": 0.8696843365744203, ""fast"": 1.442145258389621, ""slow"": 0.8407078918990138}","{""fast"": 1.442145258389621, ""slow"": 0.8407078918990138}",1.773440591046338e-07,0.0
fallback_leaning,11010,3,0,1.0,1.0,0.0,-0.7846448967444513,-0.7978600303907423,0.9868718028518404,0.9868718028518404,0.0,False,0.9868718028518404,1.0898947788581401,1.2,0.10302297600629973,0.21312819714815956,0.5424917749924079,0.5424917749924079,-7.70800896547704e-17,,0.7078659056678287,0.14246998217081197,0.0,0.6674616896371981,0.23573084921917242,5.456236747243148e-17,0.0,0.0,0.14246998217081197,fast|slow,event,True,"{""event"": 0.8696843365744203, ""fast"": 1.442145258389621, ""slow"": 1.2417094096004084}","{""fast"": 1.442145258389621, ""slow"": 1.2417094096004084}",1.0325555410695131e-07,0.0
fallback_leaning,11010,3,0,-1.0,1.0,0.0,-0.7846448967444513,-0.7978600303907423,0.9868718028518404,0.9868718028518404,0.0,False,-0.9868718028518404,-1.1845130015214833,-1.3419273339950148,0.19764119866964291,0.35505553114317445,0.520933470353776,0.6980567645217939,0.26295676710799065,0.2696121284667825,0.7078659056678287,0.6451921510996315,0.9438984246447502,0.6674616896371981,0.23573084921917242,5.456236747243148e-17,0.3807806787710963,0.5009803296492202,0.14246998217081197,fast|slow,event,True,"{""event"": 0.8696843365744203, ""fast"": 1.442145258389621, ""slow"": 1.2417094096004084}","{""fast"": 1.442145258389621, ""slow"": 1.2417094096004084}",1.0325555410695131e-07,0.0
fallback_leaning,11010,3,1,1.0,1.0,0.0,-1.1846448967444516,-1.1378600303907418,1.047896547023192,1.047896547023192,0.0,False,1.047896547023192,1.0898947788581401,1.2,0.04199823183494811,0.15210345297680794,0.71204134693939,0.71204134693939,-8.877204350749882e-17,,0.9219518665438143,0.14246998217081197,0.0,0.887322564889645,0.25030763084909113,8.184355120864722e-17,0.0,0.0,0.14246998217081197,fast|slow,event,True,"{""event"": 0.8696843365744203, ""fast"": 1.442145258389621, ""slow"": 1.3184924313029756}","{""fast"": 1.442145258389621, ""slow"": 1.3184924313029756}",1.032555536628621e-07,0.0
fallback_leaning,11010,3,1,-1.0,1.0,0.0,-1.1846448967444516,-1.1378600303907418,1.047896547023192,1.047896547023192,0.0,False,-1.047896547023192,-1.2101073420890056,-1.3803188448462982,0.1622107950658136,0.33242229782310617,0.531240811492167,0.7083641056601848,0.3805720751186081,0.3891548422922765,0.9219518665438143,0.6821247473324696,1.0006208417693372,0.887322564889645,0.25030763084909113,8.184355120864722e-17,0.44047154778508985,0.5009803296492202,0.14246998217081197,fast|slow,event,True,"{""event"": 0.8696843365744203, ""fast"": 1.442145258389621, ""slow"": 1.3184924313029756}","{""fast"": 1.442145258389621, ""slow"": 1.3184924313029756}",1.032555536628621e-07,0.0
fallback_leaning,11010,3,3,1.0,1.0,0.0,-1.4360581747272039,-1.4731415406106785,0.9635958009852658,0.9635958009852659,1.1102230246251565e-16,False,0.9635958009852658,0.970130742824478,1.0203539459495068,0.006534941839212216,0.05675814496424103,0.6111870676771648,0.5473335974756697,0.5728281586750814,0.7630961974764442,1.1976863096083499,0.21563974254599136,0.24280919706116452,0.9139498686317271,0.7740465966925485,2.728118373621574e-17,0.16187279804077634,0.0,0.14246998217081197,fast|slow,event,True,"{""event"": 0.8696843365744203, ""fast"": 1.442145258389621, ""slow"": 0.8407078918990138}","{""fast"": 1.442145258389621, ""slow"": 0.8407078918990138}",1.7472718860656045e-07,0.0
fallback_leaning,11010,3,3,-1.0,1.0,0.0,-1.4360581747272039,-1.4731415406106785,0.9635958009852658,0.9635958009852659,1.1102230246251565e-16,False,-0.9635958009852658,-1.0508458289543519,-1.1414265751443176,0.0872500279690861,0.1778307741590518,0.6111870676771648,0.5454128507518293,0.8201045794413052,0.8496015135332465,1.1976863096083499,0.5454189117190041,0.789724135532295,0.9139498686317271,0.7740465966925485,2.728118373621574e-17,0.16187279804077634,0.5009803296492202,0.14246998217081197,fast|slow,event,True,"{""event"": 0.8696843365744203, ""fast"": 1.442145258389621, ""slow"": 0.8407078918990138}","{""fast"": 1.442145258389621, ""slow"": 0.8407078918990138}",1.7472718860656045e-07,0.0
fallback_leaning,00110,2,2,1.0,1.0,0.0,-0.20141327798275246,-0.30528151021993594,0.901344057686655,0.901344057686655,0.0,False,0.901344057686655,0.870578762053363,0.9013440576866549,0.030765295633292,1.1102230246251565e-16,0.15808619597490908,2.7755575615628914e-17,0.4602218369924958,1.0,0.3353514635575311,0.24289117160615392,0.33535146355753104,0.0,0.3353514635575311,0.0,0.16187279804077634,0.1117838211858437,0.14246998217081197,fast,event|slow,True,"{""event"": 0.8696843365744203, ""fast"": 0.9013440576866549, ""slow"": 0.8407078918990138}","{""fast"": 0.9013440576866549}",2.779827138477131e-07,0.0
fallback_leaning,00110,2,2,-1.0,1.0,0.0,-0.20141327798275246,-0.30528151021993594,0.901344057686655,0.901344057686655,0.0,False,-0.901344057686655,-0.870578762053363,-0.9013440576866549,0.030765295633292,1.1102230246251565e-16,0.15808619597490908,2.7755575615628914e-17,0.4602218369924958,1.0,0.3353514635575311,0.24289117160615392,0.33535146355753104,0.0,0.3353514635575311,0.0,0.16187279804077634,0.1117838211858437,0.14246998217081197,fast,event|slow,True,"{""event"": 0.8696843365744203, ""fast"": 0.9013440576866549, ""slow"": 0.8407078918990138}","{""fast"": 0.9013440576866549}",2.779827138477131e-07,0.0
fallback_leaning,00110,2,3,1.0,1.0,0.0,-1.7014132779827527,-1.3352815102199362,1.4421452583896213,1.4421452583896215,2.220446049250313e-16,True,1.2,0.970130742824478,0.0,0.22986925717552198,1.2,0.13154843385067083,0.0,,,0.0,0.21563974254599136,0.0,0.0,0.0,0.0,0.16187279804077634,0.0,0.14246998217081197,,event|slow,True,"{""event"": 0.8696843365744203, ""fast"": 1.442145258389621, ""slow"": 0.8407078918990138}",{},2.779827139587354e-07,0.0
fallback_leaning,00110,2,3,-1.0,1.0,0.0,-1.7014132779827527,-1.3352815102199362,1.4421452583896213,1.4421452583896215,2.220446049250313e-16,True,-1.4421452583896213,-1.0508458289543519,-1.442145258389621,0.3912994294352694,2.220446049250313e-16,0.7084931766720716,2.220446049250313e-16,0.9185239434956036,1.0,1.5029409889476613,0.5454189117190041,1.5029409889476608,0.0,1.5029409889476613,0.0,0.16187279804077634,0.5009803296492202,0.14246998217081197,fast,event|slow,True,"{""event"": 0.8696843365744203, ""fast"": 1.442145258389621, ""slow"": 0.8407078918990138}","{""fast"": 1.442145258389621}",2.779827139587354e-07,0.0
fallback_leaning,10110,3,0,1.0,1.0,0.0,-1.3500584796176431,-1.0766366958882392,1.3144545434589212,1.3144545434589212,0.0,True,1.2,1.0898947788581401,0.0,0.11010522114185983,1.2,0.1007414905085077,0.0,,,0.0,0.14246998217081197,0.0,0.0,0.0,0.0,0.0,0.0,0.14246998217081197,,event,True,"{""event"": 0.8696843365744203, ""fast"": 1.442145258389621, ""slow"": 1.2417094096004084}",{},4.796175281374104e-07,0.0
fallback_leaning,10110,3,0,-1.0,1.0,0.0,-1.3500584796176431,-1.0766366958882392,1.3144545434589212,1.3144545434589212,0.0,True,-1.3144545434589212,-1.1845130015214833,-1.2417094096004084,0.1299415419374379,0.07274513385851278,0.6469591866517296,0.24236849612666583,0.5699082040058273,0.965648523077737,1.225511953750873,0.6451921510996315,1.142342036313289,1.225511953750873,1.1102230246251565e-16,1.0912473494486296e-16,0.3807806787710963,0.5009803296492202,0.14246998217081197,slow,event|fast,True,"{""event"": 0.8696843365744203, ""fast"": 1.442145258389621, ""slow"": 1.2417094096004084}","{""slow"": 1.2417094096004084}",4.796175281374104e-07,0.0
fallback_leaning,10110,3,2,1.0,1.0,0.0,-0.5014717576003956,-0.7219182061081751,0.8021605946082893,0.8021605946082893,0.0,False,0.8021605946082893,0.870578762053363,0.8710259747928344,0.06841816744507379,0.06886538018454513,0.1964785410438769,0.15805386686259826,0.7614682896940183,0.9401927649905162,0.48835274629213393,0.24289117160615392,0.29507873051955463,0.3865440081733926,0.29844955110758253,5.456236747243148e-17,0.16187279804077634,0.1117838211858437,0.14246998217081197,fast|slow,event,True,"{""event"": 0.8696843365744203, ""fast"": 0.9013440576866549, ""slow"": 0.8407078918990138}","{""fast"": 0.9013440576866549, ""slow"": 0.8407078918990138}",2.4239963369865336e-07,0.0
fallback_leaning,10110,3,2,-1.0,1.0,0.0,-0.5014717576003956,-0.7219182061081751,0.8021605946082893,0.8021605946082893,0.0,False,-0.8021605946082893,-0.870578762053363,-0.8710259747928344,0.06841816744507379,0.06886538018454513,0.1964785410438769,0.15805386686259826,0.7614682896940183,0.9401927649905162,0.48835274629213393,0.24289117160615392,0.29507873051955463,0.3865440081733926,0.29844955110758253,5.456236747243148e-17,0.16187279804077634,0.1117838211858437,0.14246998217081197,fast|slow,event,True,"{""event"": 0.8696843365744203, ""fast"": 0.9013440576866549, ""slow"": 0.8407078918990138}","{""fast"": 0.9013440576866549, ""slow"": 0.8407078918990138}",2.4239963369865336e-07,0.0
fallback_leaning,10110,3,3,1.0,1.0,0.0,-2.0014717576003958,-1.7519182061081753,1.2834522934010477,1.2834522934010477,0.0,True,1.2,0.970130742824478,0.0,0.22986925717552198,1.2,0.13154843385067083,0.0,,,0.0,0.21563974254599136,0.0,0.0,0.0,0.0,0.16187279804077634,0.0,0.14246998217081197,,event|slow,True,"{""event"": 0.8696843365744203, ""fast"": 1.442145258389621, ""slow"": 0.8407078918990138}",{},2.4239963369865336e-07,0.0
fallback_leaning,10110,3,3,-1.0,1.0,0.0,-2.0014717576003958,-1.7519182061081753,1.2834522934010477,1.2834522934010477,0.0,True,-1.2834522934010477,-1.0508458289543519,-1.1414265751443176,0.23260646444669586,0.14202571825673016,0.5915498082150553,0.41442651404703745,0.9471044472860685,0.9811692216576655,1.4736229242605743,0.5454189117190041,0.789724135532295,0.6184681685003921,1.3375580912461549,2.728118373621574e-17,0.16187279804077634,0.5009803296492202,0.14246998217081197,fast|slow,event,True,"{""event"": 0.8696843365744203, ""fast"": 1.442145258389621, ""slow"": 0.8407078918990138}","{""fast"": 1.442145258389621, ""slow"": 0.8407078918990138}",2.4239963369865336e-07,0.0
fallback_leaning,01110,3,1,1.0,1.0,0.0,-1.66072296466976,-1.3132616875182226,1.4154694985425553,1.4154694985425555,2.220446049250313e-16,True,1.2,1.0898947788581401,0.0,0.11010522114185983,1.2,0.1007414905085077,0.0,,,0.0,0.14246998217081197,0.0,0.0,0.0,0.0,0.0,0.0,0.14246998217081197,,event,True,"{""event"": 0.8696843365744203, ""fast"": 1.442145258389621, ""slow"": 1.3184924313029756}",{},3.533024051094458e-08,0.0
fallback_leaning,01110,3,1,-1.0,1.0,0.0,-1.66072296466976,-1.3132616875182226,1.4154694985425553,1.4154694985425555,2.220446049250313e-16,True,-1.4154694985425553,-1.2101073420890056,-1.3184924313029756,0.20536215645354972,0.09697706723957977,0.8016026543878089,0.36157130845193264,0.6083952628177642,0.942175418627316,1.4634156357010661,0.6821247473324696,1.3214146433552696,1.4634156357010661,0.0,0.0,0.44047154778508985,0.5009803296492202,0.14246998217081197,slow,event|fast,True,"{""event"": 0.8696843365744203, ""fast"": 1.442145258389621, ""slow"": 1.3184924313029756}","{""slow"": 1.3184924313029756}",3.533024051094458e-08,0.0
fallback_leaning,01110,3,2,1.0,1.0,0.0,-0.41213624265251214,-0.6185431977381589,0.8135019501549606,0.8135019501549606,0.0,False,0.8135019501549606,0.870578762053363,0.8710259747928344,0.05707681189840241,0.05752402463787376,0.1640852852738245,0.13673574252976767,0.7094182740951426,0.8759260729351307,0.43283003147943677,0.24289117160615392,0.29507873051955463,0.3094078243667965,0.3026691830548592,1.364059186810787e-17,0.16187279804077634,0.1117838211858437,0.14246998217081197,fast|slow,event,True,"{""event"": 0.8696843365744203, ""fast"": 0.9013440576866549, ""slow"": 0.8407078918990138}","{""fast"": 0.9013440576866549, ""slow"": 0.8407078918990138}",2.4265248266264194e-07,0.0
fallback_leaning,01110,3,2,-1.0,1.0,0.0,-0.41213624265251214,-0.6185431977381589,0.8135019501549606,0.8135019501549606,0.0,False,-0.8135019501549606,-0.870578762053363,-0.8710259747928344,0.05707681189840241,0.05752402463787376,0.1640852852738245,0.13673574252976767,0.7094182740951426,0.8759260729351307,0.43283003147943677,0.24289117160615392,0.29507873051955463,0.3094078243667965,0.3026691830548592,1.364059186810787e-17,0.16187279804077634,0.1117838211858437,0.14246998217081197,fast|slow,event,True,"{""event"": 0.8696843365744203, ""fast"": 0.9013440576866549, ""slow"": 0.8407078918990138}","{""fast"": 0.9013440576866549, ""slow"": 0.8407078918990138}",2.4265248266264194e-07,0.0
fallback_leaning,01110,3,3,1.0,1.0,0.0,-1.9121362426525124,-1.6485431977381593,1.3015983964189353,1.3015983964189353,0.0,True,1.2,0.970130742824478,0.0,0.22986925717552198,1.2,0.13154843385067083,0.0,,,0.0,0.21563974254599136,0.0,0.0,0.0,0.0,0.16187279804077634,0.0,0.14246998217081197,,event|slow,True,"{""event"": 0.8696843365744203, ""fast"": 1.442145258389621, ""slow"": 0.8407078918990138}",{},2.4265248288468655e-07,0.0
fallback_leaning,01110,3,3,-1.0,1.0,0.0,-1.9121362426525124,-1.6485431977381593,1.3015983964189353,1.3015983964189353,0.0,True,-1.3015983964189353,-1.0508458289543519,-1.1414265751443176,0.2507525674645834,0.1601718212746177,0.6049219599763673,0.42779866580834947,0.9456381389066543,0.9796501741487424,1.443981934033754,0.5454189117190041,0.789724135532295,0.4950507223228912,1.3564691696251134,0.0,0.16187279804077634,0.5009803296492202,0.14246998217081197,fast|slow,event,True,"{""event"": 0.8696843365744203, ""fast"": 1.442145258389621, ""slow"": 0.8407078918990138}","{""fast"": 1.442145258389621, ""slow"": 0.8407078918990138}",2.4265248288468655e-07,0.0
fallback_leaning,11110,4,0,1.0,0.9999999999999999,0.0,-1.510273972527866,-1.2937849861176844,1.2417094096004084,1.2417094096004084,0.0,True,1.2,1.0898947788581401,0.0,0.11010522114185983,1.2,0.1007414905085077,0.0,,,0.0,0.14246998217081197,0.0,0.0,0.0,0.0,0.0,0.0,0.14246998217081197,,event,True,"{""event"": 0.8696843365744203, ""fast"": 1.442145258389621, ""slow"": 1.2417094096004084}",{},2.747213434517448e-08,0.0
fallback_leaning,11110,4,0,-1.0,0.9999999999999999,0.0,-1.510273972527866,-1.2937849861176844,1.2417094096004084,1.2417094096004084,0.0,True,-1.2417094096004084,-1.1845130015214833,-1.2417094096004084,0.05719640807892512,0.0,0.6007962499591518,1.1102230246251565e-16,0.590181821217313,1.0,1.1423420363132888,0.6451921510996315,1.142342036313289,1.1423420363132888,5.551115123125783e-17,5.456236747243148e-17,0.3807806787710963,0.5009803296492202,0.14246998217081197,slow,event|fast,True,"{""event"": 0.8696843365744203, ""fast"": 1.442145258389621, ""slow"": 1.2417094096004084}","{""slow"": 1.2417094096004084}",2.747213434517448e-08,0.0
fallback_leaning,11110,4,1,1.0,0.9999999999999999,0.0,-1.9102739725278663,-1.6337849861176843,1.3184924313029758,1.3184924313029758,0.0,True,1.2,1.0898947788581401,0.0,0.11010522114185983,1.2,0.1007414905085077,0.0,,,0.0,0.14246998217081197,0.0,0.0,0.0,0.0,0.0,0.0,0.14246998217081197,,event,True,"{""event"": 0.8696843365744203, ""fast"": 1.442145258389621, ""slow"": 1.3184924313029756}",{},2.7472134123129877e-08,0.0
fallback_leaning,11110,4,1,-1.0,0.9999999999999999,0.0,-1.9102739725278663,-1.6337849861176843,1.3184924313029758,1.3184924313029758,0.0,True,-1.3184924313029758,-1.2101073420890056,-1.3184924313029756,0.10838508921397016,2.220446049250313e-16,0.7074244695896297,1.1102230246251565e-16,0.6457345954792089,0.9999999999999999,1.3214146433552696,0.6821247473324696,1.3214146433552696,1.3214146433552696,1.1102230246251565e-16,2.728118373621574e-17,0.44047154778508985,0.5009803296492202,0.14246998217081197,slow,event|fast,True,"{""event"": 0.8696843365744203, ""fast"": 1.442145258389621, ""slow"": 1.3184924313029756}","{""slow"": 1.3184924313029756}",2.7472134123129877e-08,0.0
fallback_leaning,11110,4,2,1.0,0.9999999999999999,0.0,-0.6616872505106183,-0.9390664963376206,0.7577670626134506,0.7577670626134506,0.0,True,0.7577670626134506,0.870578762053363,0.8710259747928344,0.11281169943991243,0.11325891217938377,0.22416276359719373,0.15838854667185828,0.8094882064132924,0.9994834523191384,0.5206490125164781,0.24289117160615392,0.29507873051955463,0.4377092538454973,0.2819326219727008,1.364059186810787e-17,0.16187279804077634,0.1117838211858437,0.14246998217081197,fast|slow,event,True,"{""event"": 0.8696843365744203, ""fast"": 0.9013440576866549, ""slow"": 0.8407078918990138}","{""fast"": 0.9013440576866549, ""slow"": 0.8407078918990138}",2.505105868300106e-07,0.0
fallback_leaning,11110,4,2,-1.0,0.9999999999999999,0.0,-0.6616872505106183,-0.9390664963376206,0.7577670626134506,0.7577670626134506,0.0,True,-0.8,-0.870578762053363,0.0,0.070578762053363,0.8,0.13154843385067083,0.0,,,0.0,0.24289117160615392,0.0,0.0,0.0,0.0,0.16187279804077634,0.1117838211858437,0.14246998217081197,,event|fast|slow,True,"{""event"": 0.8696843365744203, ""fast"": 0.9013440576866549, ""slow"": 0.8407078918990138}",{},2.505105868300106e-07,0.0
fallback_leaning,11110,4,3,1.0,0.9999999999999999,0.0,-2.1616872505106186,-1.969066496337621,1.2124228999928968,1.2124228999928968,0.0,True,1.2,0.970130742824478,0.0,0.22986925717552198,1.2,0.13154843385067083,0.0,,,0.0,0.21563974254599136,0.0,0.0,0.0,0.0,0.16187279804077634,0.0,0.14246998217081197,,event|slow,True,"{""event"": 0.8696843365744203, ""fast"": 1.442145258389621, ""slow"": 0.8407078918990138}",{},2.505105870520552e-07,0.0
fallback_leaning,11110,4,3,-1.0,0.9999999999999999,0.0,-2.1616872505106186,-1.969066496337621,1.2124228999928968,1.2124228999928968,0.0,True,-1.2124228999928968,-1.0508458289543519,-1.1414265751443176,0.1615770710385449,0.0709963248485792,0.5392071191411832,0.3718131996029709,0.9472502661977793,0.9813202852795462,1.4446398635880406,0.5454189117190041,0.789724135532295,0.7003322644702992,1.2635343504668068,2.728118373621574e-17,0.16187279804077634,0.5009803296492202,0.14246998217081197,fast|slow,event,True,"{""event"": 0.8696843365744203, ""fast"": 1.442145258389621, ""slow"": 0.8407078918990138}","{""fast"": 1.442145258389621, ""slow"": 0.8407078918990138}",2.505105870520552e-07,0.0
fallback_leaning,00001,1,4,1.0,1.0,0.0,0.0,0.0,1.0,1.0,0.0,False,1.0,1.080235963966338,0.0,0.08023596396633792,1.0,0.13154843385067083,0.0,,,0.0,0.1618727980407763,0.0,0.0,0.0,0.0,0.16187279804077634,0.0,0.0,,slow,True,"{""event"": 1.3914898884511646, ""fast"": 1.442145258389621, ""slow"": 0.8407078918990138}",{},0.0,0.0
fallback_leaning,00001,1,4,-1.0,1.0,0.0,0.0,0.0,1.0,1.0,0.0,False,-1.0,-1.2247810129132664,0.0,0.22478101291326635,1.0,0.3542465883360356,0.0,,,0.0,0.6785065012375754,0.0,0.0,0.0,0.0,0.16187279804077634,0.5009803296492202,0.42800347986980736,,event|fast|slow,True,"{""event"": 1.3914898884511646, ""fast"": 1.442145258389621, ""slow"": 0.8407078918990138}",{},0.0,0.0
fallback_leaning,10001,2,0,1.0,1.0,0.0,-0.919178824655219,-1.0791335957412227,0.8521823313759641,0.8521823313759642,1.1102230246251565e-16,False,0.8521823313759641,1.0898947788581401,1.0348421682872102,0.23771244748217601,0.1826598369112461,0.4617926903891053,0.41142194513485153,0.8382440781096584,0.8382440781096586,0.9490594549953646,0.14246998217081197,0.21370497325621798,0.5175175743487382,0.0,0.7955434679238443,0.0,0.0,0.14246998217081197,event|slow,,False,"{""event"": 0.8696843365744203, ""fast"": 1.442145258389621, ""slow"": 1.2417094096004084}","{""event"": 0.8696843365744203, ""slow"": 1.2417094096004084}",1.753447962382637e-07,0.0
fallback_leaning,10001,2,0,-1.0,1.0,0.0,-0.919178824655219,-1.0791335957412227,0.8521823313759641,0.8521823313759642,1.1102230246251565e-16,False,-0.8521823313759641,-1.1845130015214833,-1.0556968730874143,0.3323306701455192,0.20351454171145023,0.4617926903891053,0.41142194513485153,0.5069226250091945,0.8044616233336321,0.9490594549953646,0.6451921510996315,0.6098410838706578,0.5175175743487382,0.0,0.7955434679238443,0.3807806787710963,0.5009803296492202,0.14246998217081197,event|slow,fast,True,"{""event"": 0.8696843365744203, ""fast"": 1.442145258389621, ""slow"": 1.2417094096004084}","{""event"": 0.8696843365744203, ""slow"": 1.2417094096004084}",1.753447962382637e-07,0.0
fallback_leaning,10001,2,4,1.0,1.0,0.0,-0.5089048521273531,-0.41534860962353837,1.0980723599435034,1.0980723599435034,0.0,False,1.0980723599435034,1.080235963966338,1.0203539459495068,0.017836395977165465,0.0777184139939966,0.3732236828185485,0.3732236828185485,0.4207104363691279,0.42071043636912786,0.6296710085099783,0.1618727980407763,0.24280919706116452,0.3433565845075526,0.0,0.5278179940408255,0.16187279804077634,0.0,0.0,event|slow,,False,"{""event"": 1.3914898884511646, ""fast"": 1.442145258389621, ""slow"": 0.8407078918990138}","{""event"": 1.3914898884511646, ""slow"": 0.8407078918990138}",1.4787265789628634e-07,0.0
fallback_leaning,10001,2,4,-1.0,1.0,0.0,-0.5089048521273531,-0.41534860962353837,1.0980723599435034,1.0980723599435034,0.0,False,-1.0980723599435034,-1.2247810129132664,-1.1160988901750892,0.12670865296976297,0.018026530231585847,0.3542465883360356,0.15560021014658953,0.6291361352214251,0.9328695159542884,0.6296710085099783,0.6785065012375754,0.6863869232684892,0.3433565845075526,0.0,0.5278179940408255,0.16187279804077634,0.5009803296492202,0.42800347986980736,event|slow,fast,True,"{""event"": 1.3914898884511646, ""fast"": 1.442145258389621, ""slow"": 0.8407078918990138}","{""event"": 1.3914898884511646, ""slow"": 0.8407078918990138}",1.4787265789628634e-07,0.0
fallback_leaning,01001,2,1,1.0,1.0,0.0,-1.1782007196606166,-1.3160301416112015,0.8712472947353281,0.871247294735328,1.1102230246251565e-16,False,0.8712472947353281,1.0898947788581401,1.0348421682872102,0.21864748412281199,0.16359487355188207,0.5368391102085646,0.5131316353145617,0.8158933734331463,0.8158933734331464,1.1051384433311018,0.14246998217081197,0.21370497325621798,0.6389936886283036,0.0,0.9016751326400687,0.0,0.0,0.14246998217081197,event|slow,,False,"{""event"": 0.8696843365744203, ""fast"": 1.442145258389621, ""slow"": 1.3184924313029756}","{""event"": 0.8696843365744203, ""slow"": 1.3184924313029756}",2.803394227868239e-07,0.0
fallback_leaning,01001,2,1,-1.0,1.0,0.0,-1.1782007196606166,-1.3160301416112015,0.8712472947353281,0.871247294735328,1.1102230246251565e-16,False,-0.8712472947353281,-1.2101073420890056,-1.094088383938698,0.3388600473536775,0.22284108920336976,0.5368391102085646,0.4864683649543108,0.5437744594949386,0.8012323482883429,1.1051384433311018,0.6821247473324696,0.6944090872913995,0.6389936886283036,0.0,0.9016751326400687,0.44047154778508985,0.5009803296492202,0.14246998217081197,event|slow,fast,True,"{""event"": 0.8696843365744203, ""fast"": 1.442145258389621, ""slow"": 1.3184924313029756}","{""event"": 0.8696843365744203, ""slow"": 1.3184924313029756}",2.803394227868239e-07,0.0
fallback_leaning,01001,2,4,1.0,1.0,0.0,-0.36792674713275025,-0.3122451554935174,1.0572609893977725,1.0572609893977725,0.0,False,1.0572609893977725,1.080235963966338,1.0203539459495068,0.022974974568565454,0.036907043448265675,0.2835551761249335,0.2835551761249335,0.3305479514169528,0.33054795141695276,0.491495076212714,0.1618727980407763,0.24280919706116452,0.2841836274785327,0.0,0.40100757575697255,0.16187279804077634,0.0,0.0,event|slow,,False,"{""event"": 1.3914898884511646, ""fast"": 1.442145258389621, ""slow"": 0.8407078918990138}","{""event"": 1.3914898884511646, ""slow"": 0.8407078918990138}",2.5286728178031126e-07,0.0
fallback_leaning,01001,2,4,-1.0,1.0,0.0,-0.36792674713275025,-0.3122451554935174,1.0572609893977725,1.0572609893977725,0.0,False,-1.0572609893977725,-1.2247810129132664,-1.1160988901750892,0.1675200235154939,0.058837900777316765,0.3542465883360356,0.19303360129886266,0.5935269950694316,0.8800690496045894,0.491495076212714,0.6785065012375754,0.6863869232684892,0.2841836274785327,0.0,0.40100757575697255,0.16187279804077634,0.5009803296492202,0.42800347986980736,event|slow,fast,True,"{""event"": 1.3914898884511646, ""fast"": 1.442145258389621, ""slow"": 0.8407078918990138}","{""event"": 1.3914898884511646, ""slow"": 0.8407078918990138}",2.5286728178031126e-07,0.0
fallback_leaning,11001,3,0,1.0,1.0000000000000002,0.0,-1.156110684420781,-1.2957950070662956,0.8696327154279418,0.869632715427942,1.1102230246251565e-16,False,0.8696327154279418,1.0898947788581401,1.0348421682872102,0.22026206343019827,0.16520945285926836,0.5048739424724125,0.5048739424724125,0.7264300762807967,0.7264300762807965,0.8998675390405436,0.14246998217081197,0.21370497325621798,0.6184253123423067,0.0,0.6536908450278348,0.0,0.0,0.14246998217081197,event|slow,,False,"{""event"": 0.8696843365744203, ""fast"": 1.442145258389621, ""slow"": 1.2417094096004084}","{""event"": 0.8696843365744203, ""slow"": 1.2417094096004084}",3.155792689391035e-07,0.0
fallback_leaning,11001,3,0,-1.0,1.0000000000000002,0.0,-1.156110684420781,-1.2957950070662956,0.8696327154279418,0.869632715427942,1.1102230246251565e-16,False,-0.8696327154279418,-1.1845130015214833,-1.0556968730874143,0.31488028609354146,0.18606415765947248,0.3614877388102389,0.3111169935559851,0.5505257244407439,0.8736576276556838,0.8998675390405436,0.6451921510996315,0.6098410838706578,0.6184253123423067,0.0,0.6536908450278348,0.3807806787710963,0.5009803296492202,0.14246998217081197,event|slow,fast,True,"{""event"": 0.8696843365744203, ""fast"": 1.442145258389621, ""slow"": 1.2417094096004084}","{""event"": 0.8696843365744203, ""slow"": 1.2417094096004084}",3.155792689391035e-07,0.0
fallback_leaning,11001,3,1,1.0,1.0000000000000002,0.0,-1.5561106844207813,-1.6357950070662954,0.9234077993128698,0.9234077993128698,0.0,False,0.9234077993128698,1.0898947788581401,1.0348421682872102,0.16648697954527036,0.11143436897434045,0.6477290491597401,0.6477290491597401,0.6561170433261263,0.6561170433261263,1.0579100732910882,0.14246998217081197,0.21370497325621798,0.7983615116244343,0.0,0.6941128293926744,0.0,0.0,0.14246998217081197,event|slow,,False,"{""event"": 0.8696843365744203, ""fast"": 1.442145258389621, ""slow"": 1.3184924313029756}","{""event"": 0.8696843365744203, ""slow"": 1.3184924313029756}",3.155792684950143e-07,0.0
fallback_leaning,11001,3,1,-1.0,1.0000000000000002,0.0,-1.5561106844207813,-1.6357950070662954,0.9234077993128698,0.9234077993128698,0.0,False,-0.9234077993128698,-1.2101073420890056,-1.094088383938698,0.28669954277613585,0.17068058462582814,0.3900703980636335,0.33969965280937975,0.603367744195875,0.8890409362229358,1.0579100732910882,0.6821247473324696,0.6944090872913995,0.7983615116244343,0.0,0.6941128293926744,0.44047154778508985,0.5009803296492202,0.14246998217081197,event|slow,fast,True,"{""event"": 0.8696843365744203, ""fast"": 1.442145258389621, ""slow"": 1.3184924313029756}","{""event"": 0.8696843365744203, ""slow"": 1.3184924313029756}",3.155792684950143e-07,0.0
fallback_leaning,11001,3,4,1.0,1.0000000000000002,0.0,-0.745836711892915,-0.6320100209486114,1.120557905222219,1.120557905222219,0.0,False,1.120557905222219,1.080235963966338,1.0203539459495068,0.040321941255881066,0.1002039592727122,0.5249563279712844,0.5249563279712844,0.4191504366811868,0.41915043668118673,0.8176964680061443,0.1618727980407763,0.24280919706116452,0.3427378316374394,0.0,0.742400358670569,0.16187279804077634,0.0,0.0,event|slow,,False,"{""event"": 1.3914898884511646, ""fast"": 1.442145258389621, ""slow"": 0.8407078918990138}","{""event"": 1.3914898884511646, ""slow"": 0.8407078918990138}",2.881071263782786e-07,0.0
fallback_leaning,11001,3,4,-1.0,1.0000000000000002,0.0,-0.745836711892915,-0.6320100209486114,1.120557905222219,1.120557905222219,0.0,False,-1.120557905222219,-1.2247810129132664,-1.1160988901750892,0.10422310769104737,0.004459015047129755,0.3542465883360356,0.08120855100085175,0.6727136762486547,0.9974853555614706,0.8176964680061443,0.6785065012375754,0.6863869232684892,0.3427378316374394,0.0,0.742400358670569,0.16187279804077634,0.5009803296492202,0.42800347986980736,event|slow,fast,True,"{""event"": 1.3914898884511646, ""fast"": 1.442145258389621, ""slow"": 0.8407078918990138}","{""event"": 1.3914898884511646, ""slow"": 0.8407078918990138}",2.881071263782786e-07,0.0
fallback_leaning,00101,2,2,1.0,1.0,0.0,-0.49781575469320877,-0.8595734682927377,0.6964510880288648,0.6964510880288649,1.1102230246251565e-16,True,0.6964510880288648,0.870578762053363,0.870578762053363,0.17412767402449825,0.17412767402449825,0.30087217418403034,0.30087217418403034,0.8813315777394369,0.8813315777394369,0.6314515484784494,0.24289117160615392,0.24289117160615392,0.23198424183342986,0.14942321868190228,0.5679674914425479,0.16187279804077634,0.1117838211858437,0.14246998217081197,event|fast|slow,,False,"{""event"": 0.8696843365744203, ""fast"": 0.9013440576866549, ""slow"": 0.8407078918990138}","{""event"": 0.8696843365744203, ""fast"": 0.9013440576866549, ""slow"": 0.8407078918990138}",2.4530682130041725e-07,0.0
fallback_leaning,00101,2,2,-1.0,1.0,0.0,-0.49781575469320877,-0.8595734682927377,0.6964510880288648,0.6964510880288649,1.1102230246251565e-16,True,-0.8,-0.870578762053363,0.0,0.070578762053363,0.8,0.13154843385067083,0.0,,,0.0,0.24289117160615392,0.0,0.0,0.0,0.0,0.16187279804077634,0.1117838211858437,0.14246998217081197,,event|fast|slow,True,"{""event"": 0.8696843365744203, ""fast"": 0.9013440576866549, ""slow"": 0.8407078918990138}",{},2.4530682130041725e-07,0.0
fallback_leaning,00101,2,4,1.0,1.0,0.0,-0.9361285041825904,-0.5505069719551173,1.4705280180203975,1.4705280180203975,0.0,True,1.2,1.080235963966338,0.0,0.11976403603366204,1.2,0.13154843385067083,0.0,,,0.0,0.1618727980407763,0.0,0.0,0.0,0.0,0.16187279804077634,0.0,0.0,,slow,True,"{""event"": 1.3914898884511646, ""fast"": 1.442145258389621, ""slow"": 0.8407078918990138}",{},4.958175325864289e-07,0.0
fallback_leaning,00101,2,4,-1.0,1.0,0.0,-0.9361285041825904,-0.5505069719551173,1.4705280180203975,1.4705280180203975,0.0,True,-1.4705280180203975,-1.2247810129132664,-1.2247810129132664,0.2457470051071311,0.2457470051071311,0.4237799840773758,0.4237799840773758,0.6544571293862325,0.6544571293862325,0.9788064916856921,0.6785065012375754,0.6785065012375754,0.35959636558416674,0.23161938046844188,0.8804005137527615,0.16187279804077634,0.5009803296492202,0.42800347986980736,event|fast|slow,,False,"{""event"": 1.3914898884511646, ""fast"": 1.442145258389621, ""slow"": 0.8407078918990138}","{""event"": 1.3914898884511646, ""fast"": 1.442145258389621, ""slow"": 0.8407078918990138}",4.958175325864289e-07,0.0
fallback_leaning,10101,3,0,1.0,1.0,0.0,-1.5776527302213497,-1.4742843131827654,1.1088998714358616,1.1088998714358616,0.0,False,1.1088998714358616,1.0898947788581401,1.0898947788581401,0.019005092577721427,0.019005092577721427,0.7198141539999794,0.7198141539999794,0.585029916243544,0.585029916243544,1.191883673378524,0.14246998217081197,0.14246998217081197,0.9572041876516278,0.1346730450868994,0.6972876056086855,0.0,0.0,0.14246998217081197,event|fast|slow,,False,"{""event"": 0.8696843365744203, ""fast"": 1.442145258389621, ""slow"": 1.2417094096004084}","{""event"": 0.8696843365744203, ""fast"": 1.442145258389621, ""slow"": 1.2417094096004084}",2.6977868672339866e-07,0.0
fallback_leaning,10101,3,0,-1.0,1.0,0.0,-1.5776527302213497,-1.4742843131827654,1.1088998714358616,1.1088998714358616,0.0,False,-1.1088998714358616,-1.1845130015214833,-1.1845130015214833,0.07561313008562176,0.07561313008562176,0.41941602902040354,0.41941602902040354,0.6862985254361568,0.6862985254361568,1.191883673378524,0.6451921510996315,0.6451921510996315,0.9572041876516278,0.1346730450868994,0.6972876056086855,0.3807806787710963,0.5009803296492202,0.14246998217081197,event|fast|slow,,False,"{""event"": 0.8696843365744203, ""fast"": 1.442145258389621, ""slow"": 1.2417094096004084}","{""event"": 0.8696843365744203, ""fast"": 1.442145258389621, ""slow"": 1.2417094096004084}",2.6977868672339866e-07,0.0
fallback_leaning,10101,3,2,1.0,1.0,0.0,-0.729066008204102,-1.1195658234027017,0.6767185557374464,0.6767185557374465,1.1102230246251565e-16,True,0.6767185557374464,0.870578762053363,0.870578762053363,0.1938602063159166,0.1938602063159166,0.20015193582581095,0.20015193582581095,0.9641861846869828,0.9641861846869828,0.5978159358813527,0.24289117160615392,0.24289117160615392,0.38412063915502226,0.1695922160549322,0.42552756435090316,0.16187279804077634,0.1117838211858437,0.14246998217081197,event|fast|slow,,False,"{""event"": 0.8696843365744203, ""fast"": 0.9013440576866549, ""slow"": 0.8407078918990138}","{""event"": 0.8696843365744203, ""fast"": 0.9013440576866549, ""slow"": 0.8407078918990138}",8.20410195334631e-09,0.0
fallback_leaning,10101,3,2,-1.0,1.0,0.0,-0.729066008204102,-1.1195658234027017,0.6767185557374464,0.6767185557374465,1.1102230246251565e-16,True,-0.8,-0.870578762053363,0.0,0.070578762053363,0.8,0.13154843385067083,0.0,,,0.0,0.24289117160615392,0.0,0.0,0.0,0.0,0.16187279804077634,0.1117838211858437,0.14246998217081197,,event|fast|slow,True,"{""event"": 0.8696843365744203, ""fast"": 0.9013440576866549, ""slow"": 0.8407078918990138}",{},8.20410195334631e-09,0.0
fallback_leaning,10101,3,4,1.0,1.0,0.0,-1.1673787576934838,-0.8104993270650812,1.4288635822835691,1.4288635822835694,2.220446049250313e-16,True,1.2,1.080235963966338,0.0,0.11976403603366204,1.2,0.13154843385067083,0.0,,,0.0,0.1618727980407763,0.0,0.0,0.0,0.0,0.16187279804077634,0.0,0.0,,slow,True,"{""event"": 1.3914898884511646, ""fast"": 1.442145258389621, ""slow"": 0.8407078918990138}",{},2.4230654549484143e-07,0.0
fallback_leaning,10101,3,4,-1.0,1.0,0.0,-1.1673787576934838,-0.8104993270650812,1.4288635822835691,1.4288635822835694,2.220446049250313e-16,True,-1.4288635822835691,-1.2247810129132664,-1.2247810129132664,0.20408256937030278,0.20408256937030278,0.4908952429565665,0.4908952429565665,0.7178924266952644,0.7178924266952644,1.1522006545428911,0.6785065012375754,0.6785065012375754,0.19504737686369508,0.17353181707085602,1.1222341901634192,0.16187279804077634,0.5009803296492202,0.42800347986980736,event|fast|slow,,False,"{""event"": 1.3914898884511646, ""fast"": 1.442145258389621, ""slow"": 0.8407078918990138}","{""event"": 1.3914898884511646, ""fast"": 1.442145258389621, ""slow"": 0.8407078918990138}",2.4230654549484143e-07,0.0
fallback_leaning,01101,3,1,1.0,1.0,0.0,-1.9071600472737598,-1.7460182897762588,1.174851501018718,1.174851501018718,0.0,False,1.174851501018718,1.0898947788581401,1.0898947788581401,0.08495672216057781,0.08495672216057781,0.8607114098865747,0.8607114098865747,0.5717718583395243,0.5717718583395243,1.3833350137592118,0.14246998217081197,0.14246998217081197,1.1245772692622145,0.15276324682398254,0.7909520315232359,0.0,0.0,0.14246998217081197,event|fast|slow,,False,"{""event"": 0.8696843365744203, ""fast"": 1.442145258389621, ""slow"": 1.3184924313029756}","{""event"": 0.8696843365744203, ""fast"": 1.442145258389621, ""slow"": 1.3184924313029756}",4.727375868540662e-08,0.0
fallback_leaning,01101,3,1,-1.0,1.0,0.0,-1.9071600472737598,-1.7460182897762588,1.174851501018718,1.174851501018718,0.0,False,-1.174851501018718,-1.2101073420890056,-1.2101073420890056,0.035255841070287675,0.035255841070287675,0.50699917509176,0.50699917509176,0.7175556932436118,0.7175556932436118,1.3833350137592118,0.6821247473324696,0.6821247473324696,1.1245772692622145,0.15276324682398254,0.7909520315232359,0.44047154778508985,0.5009803296492202,0.14246998217081197,event|fast|slow,,False,"{""event"": 0.8696843365744203, ""fast"": 1.442145258389621, ""slow"": 1.3184924313029756}","{""event"": 0.8696843365744203, ""fast"": 1.442145258389621, ""slow"": 1.3184924313029756}",4.727375868540662e-08,0.0
fallback_leaning,01101,3,2,1.0,1.0,0.0,-0.6585733252565117,-1.0512997999961953,0.6752134102538386,0.6752134102538385,1.1102230246251565e-16,True,0.6752134102538386,0.870578762053363,0.870578762053363,0.1953653517995244,0.1953653517995244,0.22069355919843717,0.22069355919843717,0.9452107159511354,0.9452107159511354,0.5881395591298253,0.24289117160615392,0.24289117160615392,0.335500481186776,0.1634214972904572,0.4545778067176313,0.16187279804077634,0.1117838211858437,0.14246998217081197,event|fast|slow,,False,"{""event"": 0.8696843365744203, ""fast"": 0.9013440576866549, ""slow"": 0.8407078918990138}","{""event"": 0.8696843365744203, ""fast"": 0.9013440576866549, ""slow"": 0.8407078918990138}",3.2525645887737653e-07,0.0
fallback_leaning,01101,3,2,-1.0,1.0,0.0,-0.6585733252565117,-1.0512997999961953,0.6752134102538386,0.6752134102538385,1.1102230246251565e-16,True,-0.8,-0.870578762053363,0.0,0.070578762053363,0.8,0.13154843385067083,0.0,,,0.0,0.24289117160615392,0.0,0.0,0.0,0.0,0.16187279804077634,0.1117838211858437,0.14246998217081197,,event|fast|slow,True,"{""event"": 0.8696843365744203, ""fast"": 0.9013440576866549, ""slow"": 0.8407078918990138}",{},3.2525645887737653e-07,0.0
fallback_leaning,01101,3,4,1.0,1.0,0.0,-1.0968860747458935,-0.7422333036585748,1.4256855290894725,1.4256855290894725,0.0,True,1.2,1.080235963966338,0.0,0.11976403603366204,1.2,0.13154843385067083,0.0,,,0.0,0.1618727980407763,0.0,0.0,0.0,0.0,0.16187279804077634,0.0,0.0,,slow,True,"{""event"": 1.3914898884511646, ""fast"": 1.442145258389621, ""slow"": 0.8407078918990138}",{},7.474589069911275e-08,0.0
fallback_leaning,01101,3,4,-1.0,1.0,0.0,-1.0968860747458935,-0.7422333036585748,1.4256855290894725,1.4256855290894725,0.0,True,-1.4256855290894725,-1.2247810129132664,-1.2247810129132664,0.2009045161762062,0.2009045161762062,0.4443443912640669,0.4443443912640669,0.6977721457708225,0.6977721457708225,1.101495882686223,0.6785065012375754,0.6785065012375754,0.25088672010871166,0.18537862034889238,1.0564013443598677,0.16187279804077634,0.5009803296492202,0.42800347986980736,event|fast|slow,,False,"{""event"": 1.3914898884511646, ""fast"": 1.442145258389621, ""slow"": 0.8407078918990138}","{""event"": 1.3914898884511646, ""fast"": 1.442145258389621, ""slow"": 0.8407078918990138}",7.474589069911275e-08,0.0
fallback_leaning,11101,4,0,1.0,1.0000000000000002,0.0,-1.707270967180086,-1.625248055298413,1.0854806799495347,1.085480679949535,2.220446049250313e-16,False,1.0854806799495347,1.0898947788581401,1.0898947788581401,0.004414098908605446,0.004414098908605446,0.7579799036747205,0.7579799036747205,0.5225197029331561,0.5225197029331561,1.1232497202028886,0.14246998217081197,0.14246998217081197,0.9509810436870589,0.11335683843630372,0.586920110120164,0.0,0.0,0.14246998217081197,event|fast|slow,,False,"{""event"": 0.8696843365744203, ""fast"": 1.442145258389621, ""slow"": 1.2417094096004084}","{""event"": 0.8696843365744203, ""fast"": 1.442145258389621, ""slow"": 1.2417094096004084}",3.2819914341786216e-08,0.0
fallback_leaning,11101,4,0,-1.0,1.0000000000000002,0.0,-1.707270967180086,-1.625248055298413,1.0854806799495347,1.085480679949535,2.220446049250313e-16,False,-1.0854806799495347,-1.1845130015214833,-1.1845130015214833,0.09903232157194863,0.09903232157194863,0.4575817786951446,0.4575817786951446,0.6929694819807726,0.6929694819807726,1.1232497202028886,0.6451921510996315,0.6451921510996315,0.9509810436870589,0.11335683843630372,0.586920110120164,0.3807806787710963,0.5009803296492202,0.14246998217081197,event|fast|slow,,False,"{""event"": 0.8696843365744203, ""fast"": 1.442145258389621, ""slow"": 1.2417094096004084}","{""event"": 0.8696843365744203, ""fast"": 1.442145258389621, ""slow"": 1.2417094096004084}",3.2819914341786216e-08,0.0
fallback_leaning,11101,4,1,1.0,1.0000000000000002,0.0,-2.1072709671800864,-1.9652480552984124,1.152603056539324,1.152603056539324,0.0,False,1.152603056539324,1.0898947788581401,1.0898947788581401,0.06270827768118381,0.06270827768118381,0.9050832945166899,0.9050832945166899,0.4846412403305071,0.4846412403305071,1.285926931028424,0.14246998217081197,0.14246998217081197,1.118358293409642,0.12036643385250516,0.6232132228280177,0.0,0.0,0.14246998217081197,event|fast|slow,,False,"{""event"": 0.8696843365744203, ""fast"": 1.442145258389621, ""slow"": 1.3184924313029756}","{""event"": 0.8696843365744203, ""fast"": 1.442145258389621, ""slow"": 1.3184924313029756}",3.2819913897697006e-08,0.0
fallback_leaning,11101,4,1,-1.0,1.0000000000000002,0.0,-2.1072709671800864,-1.9652480552984124,1.152603056539324,1.152603056539324,0.0,False,-1.152603056539324,-1.2101073420890056,-1.2101073420890056,0.05750428554968168,0.05750428554968168,0.5513710597218751,0.5513710597218751,0.7308850352295045,0.7308850352295045,1.285926931028424,0.6821247473324696,0.6821247473324696,1.118358293409642,0.12036643385250516,0.6232132228280177,0.44047154778508985,0.5009803296492202,0.14246998217081197,event|fast|slow,,False,"{""event"": 0.8696843365744203, ""fast"": 1.442145258389621, ""slow"": 1.3184924313029756}","{""event"": 0.8696843365744203, ""fast"": 1.442145258389621, ""slow"": 1.3184924313029756}",3.2819913897697006e-08,0.0
fallback_leaning,11101,4,2,1.0,1.0000000000000002,0.0,-0.8586842451628386,-1.2705295655183488,0.662426732059404,0.662426732059404,0.0,True,0.662426732059404,0.870578762053363,0.870578762053363,0.208152029993959,0.208152029993959,0.2105677179649572,0.2105677179649572,0.9858238480532684,0.9858238480532684,0.5804677392371943,0.24289117160615392,0.24289117160615392,0.4209802969771831,0.1772832951154797,0.3581745651566283,0.16187279804077634,0.1117838211858437,0.14246998217081197,event|fast|slow,,False,"{""event"": 0.8696843365744203, ""fast"": 0.9013440576866549, ""slow"": 0.8407078918990138}","{""event"": 0.8696843365744203, ""fast"": 0.9013440576866549, ""slow"": 0.8407078918990138}",2.451628084987334e-07,0.0
fallback_leaning,11101,4,2,-1.0,1.0000000000000002,0.0,-0.8586842451628386,-1.2705295655183488,0.662426732059404,0.662426732059404,0.0,True,-0.8,-0.870578762053363,0.0,0.070578762053363,0.8,0.13154843385067083,0.0,,,0.0,0.24289117160615392,0.0,0.0,0.0,0.0,0.16187279804077634,0.1117838211858437,0.14246998217081197,,event|fast|slow,True,"{""event"": 0.8696843365744203, ""fast"": 0.9013440576866549, ""slow"": 0.8407078918990138}",{},2.451628084987334e-07,0.0
fallback_leaning,11101,4,4,1.0,1.0000000000000002,0.0,-1.2969969946522202,-0.9614630691807285,1.3986869804971447,1.398686980497145,2.220446049250313e-16,True,1.2,1.080235963966338,0.0,0.11976403603366204,1.2,0.13154843385067083,0.0,,,0.0,0.1618727980407763,0.0,0.0,0.0,0.0,0.16187279804077634,0.0,0.0,,slow,True,"{""event"": 1.3914898884511646, ""fast"": 1.442145258389621, ""slow"": 0.8407078918990138}",{},5.34777977456713e-09,0.0
fallback_leaning,11101,4,4,-1.0,1.0000000000000002,0.0,-1.2969969946522202,-0.9614630691807285,1.3986869804971447,1.398686980497145,2.220446049250313e-16,True,-1.3986869804971447,-1.2247810129132664,-1.2247810129132664,0.17390596758387833,0.17390596758387833,0.5612784928036763,0.5612784928036763,0.728112559573445,0.728112559573445,1.2331317840019258,0.6785065012375754,0.6785065012375754,0.08095864686176019,0.14606499866819145,1.221771136661096,0.16187279804077634,0.5009803296492202,0.42800347986980736,event|fast|slow,,False,"{""event"": 1.3914898884511646, ""fast"": 1.442145258389621, ""slow"": 0.8407078918990138}","{""event"": 1.3914898884511646, ""fast"": 1.442145258389621, ""slow"": 0.8407078918990138}",5.34777977456713e-09,0.0
fallback_leaning,00011,2,3,1.0,0.9999999999999999,0.0,-1.358729191500472,-1.5718357449034694,0.8080700300175037,0.8080700300175037,0.0,False,0.8080700300175037,0.970130742824478,0.970130742824478,0.16206071280697432,0.16206071280697432,0.5395217960548762,0.5395217960548762,0.739733116606334,0.739733116606334,1.1840105759244648,0.21563974254599136,0.21563974254599136,0.3698355065206683,0.6672545164895417,0.9054690233475089,0.16187279804077634,0.0,0.14246998217081197,event|fast|slow,,False,"{""event"": 0.8696843365744203, ""fast"": 1.442145258389621, ""slow"": 0.8407078918990138}","{""event"": 0.8696843365744203, ""fast"": 1.442145258389621, ""slow"": 0.8407078918990138}",1.9150045360571966e-07,0.0
fallback_leaning,00011,2,3,-1.0,0.9999999999999999,0.0,-1.358729191500472,-1.5718357449034694,0.8080700300175037,0.8080700300175037,0.0,False,-0.8080700300175037,-1.0508458289543519,-1.0508458289543519,0.2427757989368482,0.2427757989368482,0.5395217960548762,0.5395217960548762,0.8101031711909902,0.8101031711909902,1.1840105759244648,0.5454189117190041,0.5454189117190041,0.3698355065206683,0.6672545164895417,0.9054690233475089,0.16187279804077634,0.5009803296492202,0.14246998217081197,event|fast|slow,,False,"{""event"": 0.8696843365744203, ""fast"": 1.442145258389621, ""slow"": 0.8407078918990138}","{""event"": 0.8696843365744203, ""fast"": 1.442145258389621, ""slow"": 0.8407078918990138}",1.9150045360571966e-07,0.0
fallback_leaning,00011,2,4,1.0,0.9999999999999999,0.0,-0.2970419409898534,-0.23276924856584874,1.0663831537234725,1.0663831537234723,2.220446049250313e-16,False,1.0663831537234725,1.080235963966338,1.080235963966338,0.013852810242865443,0.013852810242865443,0.23550106772088442,0.23550106772088442,-0.3123582795972105,-0.3123582795972105,0.4095158045352634,0.1618727980407763,0.1618727980407763,0.1279156521725024,0.23078448428271056,0.3131761515629993,0.16187279804077634,0.0,0.0,event|fast|slow,,False,"{""event"": 1.3914898884511646, ""fast"": 1.442145258389621, ""slow"": 0.8407078918990138}","{""event"": 1.3914898884511646, ""fast"": 1.442145258389621, ""slow"": 0.8407078918990138}",5.9010148323324074e-08,0.0
fallback_leaning,00011,2,4,-1.0,0.9999999999999999,0.0,-0.2970419409898534,-0.23276924856584874,1.0663831537234725,1.0663831537234723,2.220446049250313e-16,False,-1.0663831537234725,-1.2247810129132664,-1.2247810129132664,0.15839785918979388,0.15839785918979388,0.5174358621649804,0.5174358621649804,-0.008220240291892604,-0.008220240291892604,0.4095158045352634,0.6785065012375754,0.6785065012375754,0.1279156521725024,0.23078448428271056,0.3131761515629993,0.16187279804077634,0.5009803296492202,0.42800347986980736,event|fast|slow,,False,"{""event"": 1.3914898884511646, ""fast"": 1.442145258389621, ""slow"": 0.8407078918990138}","{""event"": 1.3914898884511646, ""fast"": 1.442145258389621, ""slow"": 0.8407078918990138}",5.9010148323324074e-08,0.0
fallback_leaning,10011,3,0,1.0,1.0,0.0,-1.1080803812880986,-1.2387053301683484,0.8775468376034996,0.8775468376034996,0.0,False,0.8775468376034996,1.0898947788581401,1.0898947788581401,0.21234794125464052,0.21234794125464052,0.48784368982771376,0.48784368982771376,0.7335417131516374,0.7335417131516374,0.9520850706272057,0.14246998217081197,0.14246998217081197,0.632864288024355,0.1348867543552628,0.6983941137739783,0.0,0.0,0.14246998217081197,event|fast|slow,,False,"{""event"": 0.8696843365744203, ""fast"": 1.442145258389621, ""slow"": 1.2417094096004084}","{""event"": 0.8696843365744203, ""fast"": 1.442145258389621, ""slow"": 1.2417094096004084}",3.8128802593018207e-07,0.0
fallback_leaning,10011,3,0,-1.0,1.0,0.0,-1.1080803812880986,-1.2387053301683484,0.8775468376034996,0.8775468376034996,0.0,False,-0.8775468376034996,-1.1845130015214833,-1.1845130015214833,0.3069661639179837,0.3069661639179837,0.449625927032886,0.449625927032886,0.4431635242525109,0.4431635242525109,0.9520850706272057,0.6451921510996315,0.6451921510996315,0.632864288024355,0.1348867543552628,0.6983941137739783,0.3807806787710963,0.5009803296492202,0.14246998217081197,event|fast|slow,,False,"{""event"": 0.8696843365744203, ""fast"": 1.442145258389621, ""slow"": 1.2417094096004084}","{""event"": 0.8696843365744203, ""fast"": 1.442145258389621, ""slow"": 1.2417094096004084}",3.8128802593018207e-07,0.0
fallback_leaning,10011,3,3,1.0,1.0,0.0,-1.7594936592708512,-1.9139868403882847,0.856849334877168,0.856849334877168,0.0,False,0.856849334877168,0.970130742824478,0.970130742824478,0.11328140794731001,0.11328140794731001,0.5382961391382338,0.5382961391382338,0.7539736015786275,0.7539736015786275,1.1930904099769404,0.21563974254599136,0.21563974254599136,0.6155660708147185,0.7612657005423649,0.6819220424787683,0.16187279804077634,0.0,0.14246998217081197,event|fast|slow,,False,"{""event"": 0.8696843365744203, ""fast"": 1.442145258389621, ""slow"": 0.8407078918990138}","{""event"": 0.8696843365744203, ""fast"": 1.442145258389621, ""slow"": 0.8407078918990138}",3.407292066270884e-07,0.0
fallback_leaning,10011,3,3,-1.0,1.0,0.0,-1.7594936592708512,-1.9139868403882847,0.856849334877168,0.856849334877168,0.0,False,-0.856849334877168,-1.0508458289543519,-1.0508458289543519,0.1939964940771839,0.1939964940771839,0.3814502099688103,0.3814502099688103,0.8841703027844469,0.8841703027844469,1.1930904099769404,0.5454189117190041,0.5454189117190041,0.6155660708147185,0.7612657005423649,0.6819220424787683,0.16187279804077634,0.5009803296492202,0.14246998217081197,event|fast|slow,,False,"{""event"": 0.8696843365744203, ""fast"": 1.442145258389621, ""slow"": 0.8407078918990138}","{""event"": 0.8696843365744203, ""fast"": 1.442145258389621, ""slow"": 0.8407078918990138}",3.407292066270884e-07,0.0
fallback_leaning,10011,3,4,1.0,1.0,0.0,-0.6978064087602326,-0.5749203440506641,1.1307555806424123,1.1307555806424123,0.0,False,1.1307555806424123,1.080235963966338,1.080235963966338,0.05051961667607441,0.05051961667607441,0.4944232243450898,0.4944232243450898,0.1797331661236494,0.1797331661236494,0.757924120963691,0.1618727980407763,0.1618727980407763,0.2352262404124966,0.17380719034722364,0.6992200294210614,0.16187279804077634,0.0,0.0,event|fast|slow,,False,"{""event"": 1.3914898884511646, ""fast"": 1.442145258389621, ""slow"": 0.8407078918990138}","{""event"": 1.3914898884511646, ""fast"": 1.442145258389621, ""slow"": 0.8407078918990138}",4.08760149062104e-07,0.0
fallback_leaning,10011,3,4,-1.0,1.0,0.0,-0.6978064087602326,-0.5749203440506641,1.1307555806424123,1.1307555806424123,0.0,False,-1.1307555806424123,-1.2247810129132664,-1.2247810129132664,0.09402543227085403,0.09402543227085403,0.4771468312495385,0.4771468312495385,0.45550347840187355,0.45550347840187355,0.757924120963691,0.6785065012375754,0.6785065012375754,0.2352262404124966,0.17380719034722364,0.6992200294210614,0.16187279804077634,0.5009803296492202,0.42800347986980736,event|fast|slow,,False,"{""event"": 1.3914898884511646, ""fast"": 1.442145258389621, ""slow"": 0.8407078918990138}","{""event"": 1.3914898884511646, ""fast"": 1.442145258389621, ""slow"": 0.8407078918990138}",4.08760149062104e-07,0.0
fallback_leaning,01011,3,1,1.0,1.0,0.0,-1.3928291713013348,-1.4914933764035092,0.9060469028743265,0.9060469028743265,0.0,False,0.9060469028743265,1.0898947788581401,1.0898947788581401,0.18384787598381358,0.18384787598381358,0.5935614281267828,0.5935614281267828,0.714612965682277,0.714612965682277,1.100995955744884,0.14246998217081197,0.14246998217081197,0.7550287974786578,0.15195862309624172,0.7867859851390445,0.0,0.0,0.14246998217081197,event|fast|slow,,False,"{""event"": 0.8696843365744203, ""fast"": 1.442145258389621, ""slow"": 1.3184924313029756}","{""event"": 0.8696843365744203, ""fast"": 1.442145258389621, ""slow"": 1.3184924313029756}",1.7130132001774712e-07,0.0
fallback_leaning,01011,3,1,-1.0,1.0,0.0,-1.3928291713013348,-1.4914933764035092,0.9060469028743265,0.9060469028743265,0.0,False,-0.9060469028743265,-1.2101073420890056,-1.2101073420890056,0.30406043921467907,0.30406043921467907,0.4616975611871589,0.4616975611871589,0.4888545988350458,0.4888545988350458,1.100995955744884,0.6821247473324696,0.6821247473324696,0.7550287974786578,0.15195862309624172,0.7867859851390445,0.44047154778508985,0.5009803296492202,0.14246998217081197,event|fast|slow,,False,"{""event"": 0.8696843365744203, ""fast"": 1.442145258389621, ""slow"": 1.3184924313029756}","{""event"": 0.8696843365744203, ""fast"": 1.442145258389621, ""slow"": 1.3184924313029756}",1.7130132001774712e-07,0.0
fallback_leaning,01011,3,3,1.0,1.0,0.0,-1.644242449284087,-1.826774886623446,0.8331576180736125,0.8331576180736125,0.0,False,0.8331576180736125,0.970130742824478,0.970130742824478,0.13697312475086543,0.13697312475086543,0.5151602908625426,0.5151602908625426,0.7446305212796829,0.7446305212796829,1.1573006960690475,0.21563974254599136,0.21563974254599136,0.5339714330785084,0.7285466701338761,0.7234909530981208,0.16187279804077634,0.0,0.14246998217081197,event|fast|slow,,False,"{""event"": 0.8696843365744203, ""fast"": 1.442145258389621, ""slow"": 0.8407078918990138}","{""event"": 0.8696843365744203, ""fast"": 1.442145258389621, ""slow"": 0.8407078918990138}",4.4928398612587017e-07,0.0
fallback_leaning,01011,3,3,-1.0,1.0,0.0,-1.644242449284087,-1.826774886623446,0.8331576180736125,0.8331576180736125,0.0,False,-0.8331576180736125,-1.0508458289543519,-1.0508458289543519,0.2176882108807393,0.2176882108807393,0.410843868554292,0.410843868554292,0.8726324759732474,0.8726324759732474,1.1573006960690475,0.5454189117190041,0.5454189117190041,0.5339714330785084,0.7285466701338761,0.7234909530981208,0.16187279804077634,0.5009803296492202,0.14246998217081197,event|fast|slow,,False,"{""event"": 0.8696843365744203, ""fast"": 1.442145258389621, ""slow"": 0.8407078918990138}","{""event"": 0.8696843365744203, ""fast"": 1.442145258389621, ""slow"": 0.8407078918990138}",4.4928398612587017e-07,0.0
fallback_leaning,01011,3,4,1.0,1.0,0.0,-0.5825551987734686,-0.48770839028582524,1.0994904096255498,1.0994904096255498,0.0,False,1.0994904096255498,1.080235963966338,1.080235963966338,0.01925444565921186,0.01925444565921186,0.4243682193070618,0.4243682193070618,0.059825415943239674,0.059825415943239674,0.6611656008157608,0.1618727980407763,0.1618727980407763,0.20726554598120864,0.18440220724135714,0.6001472911841668,0.16187279804077634,0.0,0.0,event|fast|slow,,False,"{""event"": 1.3914898884511646, ""fast"": 1.442145258389621, ""slow"": 0.8407078918990138}","{""event"": 1.3914898884511646, ""fast"": 1.442145258389621, ""slow"": 0.8407078918990138}",1.9877344881180647e-07,0.0
fallback_leaning,01011,3,4,-1.0,1.0,0.0,-0.5825551987734686,-0.48770839028582524,1.0994904096255498,1.0994904096255498,0.0,False,-1.0994904096255498,-1.2247810129132664,-1.2247810129132664,0.12529060328771657,0.12529060328771657,0.48463863954216635,0.48463863954216635,0.38092751714678985,0.38092751714678985,0.6611656008157608,0.6785065012375754,0.6785065012375754,0.20726554598120864,0.18440220724135714,0.6001472911841668,0.16187279804077634,0.5009803296492202,0.42800347986980736,event|fast|slow,,False,"{""event"": 1.3914898884511646, ""fast"": 1.442145258389621, ""slow"": 0.8407078918990138}","{""event"": 1.3914898884511646, ""fast"": 1.442145258389621, ""slow"": 0.8407078918990138}",1.9877344881180647e-07,0.0
fallback_leaning,11011,4,0,1.0,1.0000000000000002,0.0,-1.308024452231821,-1.4262150224904626,0.8885267097143894,0.8885267097143893,1.1102230246251565e-16,False,0.8885267097143894,1.0898947788581401,1.0898947788581401,0.20136806914375072,0.20136806914375072,0.5614123034223176,0.5614123034223176,0.6419842677950508,0.6419842677950508,0.9131496188304494,0.14246998217081197,0.14246998217081197,0.6909123322978565,0.11322310538013035,0.5862276894321958,0.0,0.0,0.14246998217081197,event|fast|slow,,False,"{""event"": 0.8696843365744203, ""fast"": 1.442145258389621, ""slow"": 1.2417094096004084}","{""event"": 0.8696843365744203, ""fast"": 1.442145258389621, ""slow"": 1.2417094096004084}",4.5223171862840417e-07,0.0
fallback_leaning,11011,4,0,-1.0,1.0000000000000002,0.0,-1.308024452231821,-1.4262150224904626,0.8885267097143894,0.8885267097143893,1.1102230246251565e-16,False,-0.8885267097143894,-1.1845130015214833,-1.1845130015214833,0.2959862918070939,0.2959862918070939,0.43430741393732486,0.43430741393732486,0.48614240539227943,0.48614240539227943,0.9131496188304494,0.6451921510996315,0.6451921510996315,0.6909123322978565,0.11322310538013035,0.5862276894321958,0.3807806787710963,0.5009803296492202,0.14246998217081197,event|fast|slow,,False,"{""event"": 0.8696843365744203, ""fast"": 1.442145258389621, ""slow"": 1.2417094096004084}","{""event"": 0.8696843365744203, ""fast"": 1.442145258389621, ""slow"": 1.2417094096004084}",4.5223171862840417e-07,0.0
fallback_leaning,11011,4,1,1.0,1.0000000000000002,0.0,-1.7080244522318213,-1.7662150224904622,0.9434701329564392,0.9434701329564391,1.1102230246251565e-16,False,0.9434701329564392,1.0898947788581401,1.0898947788581401,0.1464246459017009,0.1464246459017009,0.6962423830849487,0.6962423830849487,0.5858206641816456,0.5858206641816456,1.0625743052364178,0.14246998217081197,0.14246998217081197,0.8527199998747823,0.12022443120597903,0.6224779852359489,0.0,0.0,0.14246998217081197,event|fast|slow,,False,"{""event"": 0.8696843365744203, ""fast"": 1.442145258389621, ""slow"": 1.3184924313029756}","{""event"": 0.8696843365744203, ""fast"": 1.442145258389621, ""slow"": 1.3184924313029756}",4.522317190724934e-07,0.0
fallback_leaning,11011,4,1,-1.0,1.0000000000000002,0.0,-1.7080244522318213,-1.7662150224904622,0.9434701329564392,0.9434701329564391,1.1102230246251565e-16,False,-0.9434701329564392,-1.2101073420890056,-1.2101073420890056,0.2666372091325664,0.2666372091325664,0.439258098906079,0.439258098906079,0.5490366883861926,0.5490366883861926,1.0625743052364178,0.6821247473324696,0.6821247473324696,0.8527199998747823,0.12022443120597903,0.6224779852359489,0.44047154778508985,0.5009803296492202,0.14246998217081197,event|fast|slow,,False,"{""event"": 0.8696843365744203, ""fast"": 1.442145258389621, ""slow"": 1.3184924313029756}","{""event"": 0.8696843365744203, ""fast"": 1.442145258389621, ""slow"": 1.3184924313029756}",4.522317190724934e-07,0.0
fallback_leaning,11011,4,3,1.0,1.0000000000000002,0.0,-1.9594377302145736,-2.101496532710399,0.8675702396905737,0.8675702396905738,1.1102230246251565e-16,False,0.8675702396905737,0.970130742824478,0.970130742824478,0.1025605031339043,0.1025605031339043,0.5611537604919558,0.5611537604919558,0.7437763485931629,0.7437763485931629,1.187455888503682,0.21563974254599136,0.21563974254599136,0.6727713891605276,0.7935912586643873,0.5724011349050218,0.16187279804077634,0.0,0.14246998217081197,event|fast|slow,,False,"{""event"": 0.8696843365744203, ""fast"": 1.442145258389621, ""slow"": 0.8407078918990138}","{""event"": 0.8696843365744203, ""fast"": 1.442145258389621, ""slow"": 0.8407078918990138}",2.6978546285860716e-07,0.0
fallback_leaning,11011,4,3,-1.0,1.0000000000000002,0.0,-1.9594377302145736,-2.101496532710399,0.8675702396905737,0.8675702396905738,1.1102230246251565e-16,False,-0.8675702396905737,-1.0508458289543519,-1.0508458289543519,0.18327558926377818,0.18327558926377818,0.4151896447813771,0.4151896447813771,0.9079241598416593,0.9079241598416593,1.187455888503682,0.5454189117190041,0.5454189117190041,0.6727713891605276,0.7935912586643873,0.5724011349050218,0.16187279804077634,0.5009803296492202,0.14246998217081197,event|fast|slow,,False,"{""event"": 0.8696843365744203, ""fast"": 1.442145258389621, ""slow"": 0.8407078918990138}","{""event"": 0.8696843365744203, ""fast"": 1.442145258389621, ""slow"": 0.8407078918990138}",2.6978546285860716e-07,0.0
fallback_leaning,11011,4,4,1.0,1.0000000000000002,0.0,-0.897750479703955,-0.7624300363727783,1.1449036023001902,1.1449036023001902,0.0,False,1.1449036023001902,1.080235963966338,1.080235963966338,0.06466763833385225,0.06466763833385225,0.610770167344222,0.610770167344222,0.2503339841597146,0.2503339841597146,0.9048031067732965,0.1618727980407763,0.1618727980407763,0.2265029665986469,0.14589267806591177,0.8637594541510836,0.16187279804077634,0.0,0.0,event|fast|slow,,False,"{""event"": 1.3914898884511646, ""fast"": 1.442145258389621, ""slow"": 0.8407078918990138}","{""event"": 1.3914898884511646, ""fast"": 1.442145258389621, ""slow"": 0.8407078918990138}",4.797038399839693e-07,0.0
fallback_leaning,11011,4,4,-1.0,1.0000000000000002,0.0,-0.897750479703955,-0.7624300363727783,1.1449036023001902,1.1449036023001902,0.0,False,-1.1449036023001902,-1.2247810129132664,-1.2247810129132664,0.07987741061307618,0.07987741061307618,0.4574082903219077,0.4574082903219077,0.5428560517478986,0.5428560517478986,0.9048031067732965,0.6785065012375754,0.6785065012375754,0.2265029665986469,0.14589267806591177,0.8637594541510836,0.16187279804077634,0.5009803296492202,0.42800347986980736,event|fast|slow,,False,"{""event"": 1.3914898884511646, ""fast"": 1.442145258389621, ""slow"": 0.8407078918990138}","{""event"": 1.3914898884511646, ""fast"": 1.442145258389621, ""slow"": 0.8407078918990138}",4.797038399839693e-07,0.0
fallback_leaning,00111,3,2,1.0,1.0,0.0,-0.6250043847564758,-1.0003229746026434,0.6870703502814214,0.6870703502814215,1.1102230246251565e-16,True,0.6870703502814214,0.870578762053363,0.870578762053363,0.18350841177194166,0.18350841177194166,0.24344382179046328,0.24344382179046328,0.9162126969174339,0.9162126969174339,0.5846363118039763,0.24289117160615392,0.24289117160615392,0.19881188252149276,0.2556294076262279,0.4867515366228239,0.16187279804077634,0.1117838211858437,0.14246998217081197,event|fast|slow,,False,"{""event"": 0.8696843365744203, ""fast"": 0.9013440576866549, ""slow"": 0.8407078918990138}","{""event"": 0.8696843365744203, ""fast"": 0.9013440576866549, ""slow"": 0.8407078918990138}",3.8475640173896153e-07,0.0
fallback_leaning,00111,3,2,-1.0,1.0,0.0,-0.6250043847564758,-1.0003229746026434,0.6870703502814214,0.6870703502814215,1.1102230246251565e-16,True,-0.8,-0.870578762053363,0.0,0.070578762053363,0.8,0.13154843385067083,0.0,,,0.0,0.24289117160615392,0.0,0.0,0.0,0.0,0.16187279804077634,0.1117838211858437,0.14246998217081197,,event|fast|slow,True,"{""event"": 0.8696843365744203, ""fast"": 0.9013440576866549, ""slow"": 0.8407078918990138}",{},3.8475640173896153e-07,0.0
fallback_leaning,00111,3,3,1.0,1.0,0.0,-2.125004384756476,-2.030322974602644,1.0993085707820918,1.0993085707820918,0.0,False,1.0993085707820918,0.970130742824478,0.970130742824478,0.1291778279576138,0.1291778279576138,0.810097960235242,0.810097960235242,0.5300076087793888,0.5300076087793888,1.4213488397874297,0.21563974254599136,0.21563974254599136,0.3180978575770003,1.1456515222154595,0.7787996321361453,0.16187279804077634,0.0,0.14246998217081197,event|fast|slow,,False,"{""event"": 0.8696843365744203, ""fast"": 1.442145258389621, ""slow"": 0.8407078918990138}","{""event"": 0.8696843365744203, ""fast"": 1.442145258389621, ""slow"": 0.8407078918990138}",3.8475640196100613e-07,0.0
fallback_leaning,00111,3,3,-1.0,1.0,0.0,-2.125004384756476,-2.030322974602644,1.0993085707820918,1.0993085707820918,0.0,False,-1.0993085707820918,-1.0508458289543519,-1.0508458289543519,0.04846274182773991,0.04846274182773991,0.45585137189920644,0.45585137189920644,0.9499056109461166,0.9499056109461166,1.4213488397874297,0.5454189117190041,0.5454189117190041,0.3180978575770003,1.1456515222154595,0.7787996321361453,0.16187279804077634,0.5009803296492202,0.14246998217081197,event|fast|slow,,False,"{""event"": 0.8696843365744203, ""fast"": 1.442145258389621, ""slow"": 0.8407078918990138}","{""event"": 0.8696843365744203, ""fast"": 1.442145258389621, ""slow"": 0.8407078918990138}",3.8475640196100613e-07,0.0
fallback_leaning,00111,3,4,1.0,1.0,0.0,-1.0633171342458576,-0.691256478265023,1.4507209735280708,1.4507209735280706,2.220446049250313e-16,True,1.2,1.080235963966338,0.0,0.11976403603366204,1.2,0.13154843385067083,0.0,,,0.0,0.1618727980407763,0.0,0.0,0.0,0.0,0.16187279804077634,0.0,0.0,,slow,True,"{""event"": 1.3914898884511646, ""fast"": 1.442145258389621, ""slow"": 0.8407078918990138}",{},1.3424584854870858e-07,0.0
fallback_leaning,00111,3,4,-1.0,1.0,0.0,-1.0633171342458576,-0.691256478265023,1.4507209735280708,1.4507209735280706,2.220446049250313e-16,True,-1.4507209735280708,-1.2247810129132664,-1.1160988901750892,0.22593996061480448,0.3346220833529816,0.4714029376151131,0.5371771545404486,0.4937596829002575,0.7321362271184645,1.1059862113692216,0.6785065012375754,0.6863869232684892,0.4181972969253201,2.7755575615628914e-17,1.0238732932268526,0.16187279804077634,0.5009803296492202,0.42800347986980736,event|slow,fast,True,"{""event"": 1.3914898884511646, ""fast"": 1.442145258389621, ""slow"": 0.8407078918990138}","{""event"": 1.3914898884511646, ""slow"": 0.8407078918990138}",1.3424584854870858e-07,0.0
fallback_leaning,10111,4,0,1.0,1.0000000000000002,0.0,-1.6798743416200328,-1.5845142231780702,1.1000549338730514,1.1000549338730514,0.0,False,1.1000549338730514,1.0898947788581401,1.0348421682872102,0.010160155014911298,0.06521276558584121,0.754358350364215,0.754358350364215,0.522192246902733,0.522192246902733,1.1864005097197206,0.14246998217081197,0.21370497325621798,1.0117953371947908,5.721958498152797e-17,0.6195291478970887,0.0,0.0,0.14246998217081197,event|slow,,False,"{""event"": 0.8696843365744203, ""fast"": 1.442145258389621, ""slow"": 1.2417094096004084}","{""event"": 0.8696843365744203, ""slow"": 1.2417094096004084}",3.4161997430892654e-07,0.0
fallback_leaning,10111,4,0,-1.0,1.0000000000000002,0.0,-1.6798743416200328,-1.5845142231780702,1.1000549338730514,1.1000549338730514,0.0,False,-1.1000549338730514,-1.1845130015214833,-1.0556968730874143,0.08445806764843189,0.04435806078563709,0.4539602253846391,0.3394381603958373,0.6122697032631563,0.9716423278525912,1.1864005097197206,0.6451921510996315,0.6098410838706578,1.0117953371947908,5.721958498152797e-17,0.6195291478970887,0.3807806787710963,0.5009803296492202,0.14246998217081197,event|slow,fast,True,"{""event"": 0.8696843365744203, ""fast"": 1.442145258389621, ""slow"": 1.2417094096004084}","{""event"": 0.8696843365744203, ""slow"": 1.2417094096004084}",3.4161997430892654e-07,0.0
fallback_leaning,10111,4,2,1.0,1.0000000000000002,0.0,-0.8312876196027852,-1.2297957333980065,0.6713208336100714,0.6713208336100716,1.1102230246251565e-16,True,0.6713208336100714,0.870578762053363,0.870578762053363,0.1992579284432916,0.1992579284432916,0.16659761967402661,0.16659761967402661,0.9831754872780192,0.9831754872780192,0.5672749570869416,0.24289117160615392,0.24289117160615392,0.3412851889969573,0.24976968799861257,0.3780745953728952,0.16187279804077634,0.1117838211858437,0.14246998217081197,event|fast|slow,,False,"{""event"": 0.8696843365744203, ""fast"": 0.9013440576866549, ""slow"": 0.8407078918990138}","{""event"": 0.8696843365744203, ""fast"": 0.9013440576866549, ""slow"": 0.8407078918990138}",3.8039728722516486e-07,0.0
fallback_leaning,10111,4,2,-1.0,1.0000000000000002,0.0,-0.8312876196027852,-1.2297957333980065,0.6713208336100714,0.6713208336100716,1.1102230246251565e-16,True,-0.8,-0.870578762053363,0.0,0.070578762053363,0.8,0.13154843385067083,0.0,,,0.0,0.24289117160615392,0.0,0.0,0.0,0.0,0.16187279804077634,0.1117838211858437,0.14246998217081197,,event|fast|slow,True,"{""event"": 0.8696843365744203, ""fast"": 0.9013440576866549, ""slow"": 0.8407078918990138}",{},3.8039728722516486e-07,0.0
fallback_leaning,10111,4,3,1.0,1.0000000000000002,0.0,-2.3312876196027856,-2.2597957333980068,1.0741094355619523,1.0741094355619523,0.0,False,1.0741094355619523,0.970130742824478,0.970130742824478,0.10397869273747429,0.10397869273747429,0.7915283169302655,0.7915283169302655,0.5763209499873261,0.5763209499873261,1.3846061682492858,0.21563974254599136,0.21563974254599136,0.5460543206262213,1.119390080805131,0.6049171571996353,0.16187279804077634,0.0,0.14246998217081197,event|fast|slow,,False,"{""event"": 0.8696843365744203, ""fast"": 1.442145258389621, ""slow"": 0.8407078918990138}","{""event"": 0.8696843365744203, ""fast"": 1.442145258389621, ""slow"": 0.8407078918990138}",3.8039728655903104e-07,0.0
fallback_leaning,10111,4,3,-1.0,1.0000000000000002,0.0,-2.3312876196027856,-2.2597957333980068,1.0741094355619523,1.0741094355619523,0.0,False,-1.0741094355619523,-1.0508458289543519,-1.0508458289543519,0.023263606607600407,0.023263606607600407,0.43728172859422987,0.43728172859422987,0.9704414856132132,0.9704414856132132,1.3846061682492858,0.5454189117190041,0.5454189117190041,0.5460543206262213,1.119390080805131,0.6049171571996353,0.16187279804077634,0.5009803296492202,0.14246998217081197,event|fast|slow,,False,"{""event"": 0.8696843365744203, ""fast"": 1.442145258389621, ""slow"": 0.8407078918990138}","{""event"": 0.8696843365744203, ""fast"": 1.442145258389621, ""slow"": 0.8407078918990138}",3.8039728655903104e-07,0.0
fallback_leaning,10111,4,4,1.0,1.0000000000000002,0.0,-1.269600369092167,-0.920729237060386,1.4174665125420907,1.4174665125420904,2.220446049250313e-16,True,1.2,1.080235963966338,0.0,0.11976403603366204,1.2,0.13154843385067083,0.0,,,0.0,0.1618727980407763,0.0,0.0,0.0,0.0,0.16187279804077634,0.0,0.0,,slow,True,"{""event"": 1.3914898884511646, ""fast"": 1.442145258389621, ""slow"": 0.8407078918990138}",{},3.690920986620938e-07,0.0
fallback_leaning,10111,4,4,-1.0,1.0000000000000002,0.0,-1.269600369092167,-0.920729237060386,1.4174665125420907,1.4174665125420904,2.220446049250313e-16,True,-1.4174665125420907,-1.2247810129132664,-1.1160988901750892,0.1926854996288243,0.30136762236700143,0.5503467408673626,0.39902465937367215,0.5985840420425154,0.8875675299776464,1.2239991526141203,0.6785065012375754,0.6863869232684892,0.20733297249164467,6.206335383118183e-17,1.2063113048122627,0.16187279804077634,0.5009803296492202,0.42800347986980736,event|slow,fast,True,"{""event"": 1.3914898884511646, ""fast"": 1.442145258389621, ""slow"": 0.8407078918990138}","{""event"": 1.3914898884511646, ""slow"": 0.8407078918990138}",3.690920986620938e-07,0.0
fallback_leaning,01111,4,1,1.0,1.0000000000000002,0.0,-2.0164536112550975,-1.8635950227288867,1.1651602002710943,1.1651602002710941,2.220446049250313e-16,False,1.1651602002710943,1.0898947788581401,1.0348421682872102,0.07526542141295423,0.13031803198388414,0.8881708289992647,0.8881708289992647,0.5113084629805291,0.5113084629805291,1.3639765502024017,0.14246998217081197,0.21370497325621798,1.1721977140659945,2.7755575615628914e-17,0.6974127534254746,0.0,0.0,0.14246998217081197,event|slow,,False,"{""event"": 0.8696843365744203, ""fast"": 1.442145258389621, ""slow"": 1.3184924313029756}","{""event"": 0.8696843365744203, ""slow"": 1.3184924313029756}",3.887449779860219e-07,0.0
fallback_leaning,01111,4,1,-1.0,1.0000000000000002,0.0,-2.0164536112550975,-1.8635950227288867,1.1651602002710943,1.1651602002710941,2.220446049250313e-16,False,-1.1651602002710943,-1.2101073420890056,-1.094088383938698,0.04494714181791126,0.07107181633239645,0.53445859420445,0.40315247663825443,0.6506779608550696,0.958750859758301,1.3639765502024017,0.6821247473324696,0.6944090872913995,1.1721977140659945,2.7755575615628914e-17,0.6974127534254746,0.44047154778508985,0.5009803296492202,0.14246998217081197,event|slow,fast,True,"{""event"": 0.8696843365744203, ""fast"": 1.442145258389621, ""slow"": 1.3184924313029756}","{""event"": 0.8696843365744203, ""slow"": 1.3184924313029756}",3.887449779860219e-07,0.0
fallback_leaning,01111,4,2,1.0,1.0000000000000002,0.0,-0.7678668892378495,-1.168876532948823,0.6696436031574315,0.6696436031574315,0.0,True,0.6696436031574315,0.870578762053363,0.870578762053363,0.2009351588959315,0.2009351588959315,0.1826801256315466,0.1826801256315466,0.9668330557374956,0.9668330557374956,0.5569926535387941,0.24289117160615392,0.24289117160615392,0.29582364673801,0.24914566248669023,0.400818693414966,0.16187279804077634,0.1117838211858437,0.14246998217081197,event|fast|slow,,False,"{""event"": 0.8696843365744203, ""fast"": 0.9013440576866549, ""slow"": 0.8407078918990138}","{""event"": 0.8696843365744203, ""fast"": 0.9013440576866549, ""slow"": 0.8407078918990138}",1.1076215655769772e-07,0.0
fallback_leaning,01111,4,2,-1.0,1.0000000000000002,0.0,-0.7678668892378495,-1.168876532948823,0.6696436031574315,0.6696436031574315,0.0,True,-0.8,-0.870578762053363,0.0,0.070578762053363,0.8,0.13154843385067083,0.0,,,0.0,0.24289117160615392,0.0,0.0,0.0,0.0,0.16187279804077634,0.1117838211858437,0.14246998217081197,,event|fast|slow,True,"{""event"": 0.8696843365744203, ""fast"": 0.9013440576866549, ""slow"": 0.8407078918990138}",{},1.1076215655769772e-07,0.0
fallback_leaning,01111,4,3,1.0,1.0000000000000002,0.0,-2.2678668892378497,-2.198876532948823,1.071425876577041,1.071425876577041,0.0,False,1.071425876577041,0.970130742824478,0.970130742824478,0.10129513375256305,0.10129513375256305,0.7895507596568778,0.7895507596568778,0.5568019836132252,0.5568019836132252,1.3718907994026137,0.21563974254599136,0.21563974254599136,0.4733161169971997,1.1165933924887366,0.6413075819969152,0.16187279804077634,0.0,0.14246998217081197,event|fast|slow,,False,"{""event"": 0.8696843365744203, ""fast"": 1.442145258389621, ""slow"": 0.8407078918990138}","{""event"": 0.8696843365744203, ""fast"": 1.442145258389621, ""slow"": 0.8407078918990138}",1.1076215633565312e-07,0.0
fallback_leaning,01111,4,3,-1.0,1.0000000000000002,0.0,-2.2678668892378497,-2.198876532948823,1.071425876577041,1.071425876577041,0.0,False,-1.071425876577041,-1.0508458289543519,-1.0508458289543519,0.020580047622689168,0.020580047622689168,0.4353041713208422,0.4353041713208422,0.9677345325334695,0.9677345325334695,1.3718907994026137,0.5454189117190041,0.5454189117190041,0.4733161169971997,1.1165933924887366,0.6413075819969152,0.16187279804077634,0.5009803296492202,0.14246998217081197,event|fast|slow,,False,"{""event"": 0.8696843365744203, ""fast"": 1.442145258389621, ""slow"": 0.8407078918990138}","{""event"": 0.8696843365744203, ""fast"": 1.442145258389621, ""slow"": 0.8407078918990138}",1.1076215633565312e-07,0.0
fallback_leaning,01111,4,4,1.0,1.0000000000000002,0.0,-1.2061796387272312,-0.8598100366112027,1.4139251089666223,1.413925108966622,2.220446049250313e-16,True,1.2,1.080235963966338,0.0,0.11976403603366204,1.2,0.13154843385067083,0.0,,,0.0,0.1618727980407763,0.0,0.0,0.0,0.0,0.16187279804077634,0.0,0.0,,slow,True,"{""event"": 1.3914898884511646, ""fast"": 1.442145258389621, ""slow"": 0.8407078918990138}",{},3.6127283409292943e-07,0.0
fallback_leaning,01111,4,4,-1.0,1.0000000000000002,0.0,-1.2061796387272312,-0.8598100366112027,1.4139251089666223,1.413925108966622,2.220446049250313e-16,True,-1.4139251089666223,-1.2247810129132664,-1.1160988901750892,0.18914409605335591,0.29782621879153304,0.5128477830328464,0.361525701539156,0.5686337936420754,0.8431579464807525,1.1876076386218812,0.6785065012375754,0.6863869232684892,0.2834742938351316,0.0,1.1532797700678332,0.16187279804077634,0.5009803296492202,0.42800347986980736,event|slow,fast,True,"{""event"": 1.3914898884511646, ""fast"": 1.442145258389621, ""slow"": 0.8407078918990138}","{""event"": 1.3914898884511646, ""slow"": 0.8407078918990138}",3.6127283409292943e-07,0.0
fallback_leaning,11111,5,0,1.0,1.0,0.0,-1.7976092976432967,-1.720745275929561,1.0798952241065465,1.0798952241065467,2.220446049250313e-16,False,1.0798952241065465,1.0898947788581401,1.0348421682872102,0.009999554751593642,0.045053055819336274,0.783754632093187,0.783754632093187,0.4711857264533051,0.47118572645330503,1.126347685308956,0.14246998217081197,0.21370497325621798,0.9934769759921952,6.206335383118183e-17,0.5307189523412991,0.0,0.0,0.14246998217081197,event|slow,,False,"{""event"": 0.8696843365744203, ""fast"": 1.442145258389621, ""slow"": 1.2417094096004084}","{""event"": 0.8696843365744203, ""slow"": 1.2417094096004084}",2.976432523782435e-07,0.0
fallback_leaning,11111,5,0,-1.0,1.0,0.0,-1.7976092976432967,-1.720745275929561,1.0798952241065465,1.0798952241065467,2.220446049250313e-16,False,-1.0798952241065465,-1.1845130015214833,-1.0556968730874143,0.10461777741493683,0.024198351019132147,0.4833565071136111,0.33315744462382313,0.6246066910841043,0.9912205292581943,1.126347685308956,0.6451921510996315,0.6098410838706578,0.9934769759921952,6.206335383118183e-17,0.5307189523412991,0.3807806787710963,0.5009803296492202,0.14246998217081197,event|slow,fast,True,"{""event"": 0.8696843365744203, ""fast"": 1.442145258389621, ""slow"": 1.2417094096004084}","{""event"": 0.8696843365744203, ""slow"": 1.2417094096004084}",2.976432523782435e-07,0.0
fallback_leaning,11111,5,1,1.0,1.0,0.0,-2.197609297643297,-2.060745275929561,1.146672215396123,1.146672215396123,0.0,False,1.146672215396123,1.0898947788581401,1.0348421682872102,0.05677743653798295,0.11183004710891287,0.9228539707673524,0.9228539707673524,0.44028116236227977,0.4402811623622797,1.2799475147123316,0.14246998217081197,0.21370497325621798,1.149213617446152,6.938893903907228e-17,0.5635367795402565,0.0,0.0,0.14246998217081197,event|slow,,False,"{""event"": 0.8696843365744203, ""fast"": 1.442145258389621, ""slow"": 1.3184924313029756}","{""event"": 0.8696843365744203, ""slow"": 1.3184924313029756}",2.9764325282233273e-07,0.0
fallback_leaning,11111,5,1,-1.0,1.0,0.0,-2.197609297643297,-2.060745275929561,1.146672215396123,1.146672215396123,0.0,False,-1.146672215396123,-1.2101073420890056,-1.094088383938698,0.06343512669288254,0.05258383145742518,0.5691417359725377,0.3922856185751302,0.671737266591437,0.9897809986216525,1.2799475147123316,0.6821247473324696,0.6944090872913995,1.149213617446152,6.938893903907228e-17,0.5635367795402565,0.44047154778508985,0.5009803296492202,0.14246998217081197,event|slow,fast,True,"{""event"": 0.8696843365744203, ""fast"": 1.442145258389621, ""slow"": 1.3184924313029756}","{""event"": 0.8696843365744203, ""slow"": 1.3184924313029756}",2.9764325282233273e-07,0.0
fallback_leaning,11111,5,2,1.0,1.0,0.0,-0.9490225756260491,-1.366026786149497,0.6590181451269262,0.6590181451269264,1.1102230246251565e-16,True,0.6590181451269262,0.870578762053363,0.870578762053363,0.2115606169264368,0.2115606169264368,0.17780802291386794,0.17780802291386794,0.999642332875196,0.999642332875196,0.5567086590805996,0.24289117160615392,0.24289117160615392,0.3806688820431059,0.24519238529901521,0.32387717970050073,0.16187279804077634,0.1117838211858437,0.14246998217081197,event|fast|slow,,False,"{""event"": 0.8696843365744203, ""fast"": 0.9013440576866549, ""slow"": 0.8407078918990138}","{""event"": 0.8696843365744203, ""fast"": 0.9013440576866549, ""slow"": 0.8407078918990138}",4.243740410192487e-07,0.0
fallback_leaning,11111,5,2,-1.0,1.0,0.0,-0.9490225756260491,-1.366026786149497,0.6590181451269262,0.6590181451269264,1.1102230246251565e-16,True,-0.8,-0.870578762053363,0.0,0.070578762053363,0.8,0.13154843385067083,0.0,,,0.0,0.24289117160615392,0.0,0.0,0.0,0.0,0.16187279804077634,0.1117838211858437,0.14246998217081197,,event|fast|slow,True,"{""event"": 0.8696843365744203, ""fast"": 0.9013440576866549, ""slow"": 0.8407078918990138}",{},4.243740410192487e-07,0.0
fallback_leaning,11111,5,3,1.0,1.0,0.0,-2.4490225756260493,-2.3960267861494975,1.0544252054279575,1.0544252054279575,0.0,False,1.0544252054279575,0.970130742824478,0.970130742824478,0.0842944626034795,0.0842944626034795,0.7770226948472815,0.7770226948472815,0.5883309556802405,0.5883309556802405,1.3590530790042634,0.21563974254599136,0.21563974254599136,0.6090680008075136,1.0988760333247163,0.5182016068364167,0.16187279804077634,0.0,0.14246998217081197,event|fast|slow,,False,"{""event"": 0.8696843365744203, ""fast"": 1.442145258389621, ""slow"": 0.8407078918990138}","{""event"": 0.8696843365744203, ""fast"": 1.442145258389621, ""slow"": 0.8407078918990138}",4.243740407972041e-07,0.0
fallback_leaning,11111,5,3,-1.0,1.0,0.0,-2.4490225756260493,-2.3960267861494975,1.0544252054279575,1.0544252054279575,0.0,False,-1.0544252054279575,-1.0508458289543519,-1.0508458289543519,0.003579376473605622,0.003579376473605622,0.42277610651124586,0.42277610651124586,0.9752874490696045,0.9752874490696045,1.3590530790042634,0.5454189117190041,0.5454189117190041,0.6090680008075136,1.0988760333247163,0.5182016068364167,0.16187279804077634,0.5009803296492202,0.14246998217081197,event|fast|slow,,False,"{""event"": 0.8696843365744203, ""fast"": 1.442145258389621, ""slow"": 0.8407078918990138}","{""event"": 0.8696843365744203, ""fast"": 1.442145258389621, ""slow"": 0.8407078918990138}",4.243740407972041e-07,0.0
fallback_leaning,11111,5,4,1.0,1.0,0.0,-1.3873353251154308,-1.0569602898118766,1.391489888451165,1.391489888451165,0.0,True,1.2,1.080235963966338,0.0,0.11976403603366204,1.2,0.13154843385067083,0.0,,,0.0,0.1618727980407763,0.0,0.0,0.0,0.0,0.16187279804077634,0.0,0.0,,slow,True,"{""event"": 1.3914898884511646, ""fast"": 1.442145258389621, ""slow"": 0.8407078918990138}",{},3.251153779526561e-07,0.0
fallback_leaning,11111,5,4,-1.0,1.0,0.0,-1.3873353251154308,-1.0569602898118766,1.391489888451165,1.391489888451165,0.0,True,-1.391489888451165,-1.2247810129132664,-1.3914898884511646,0.1667088755378987,4.440892098500626e-16,0.605288325974762,4.440892098500626e-16,0.6308023270066565,0.9999999999999999,1.2840104396094227,0.6785065012375754,1.2840104396094223,6.206335383118183e-17,7.850462293418876e-17,1.2840104396094227,0.16187279804077634,0.5009803296492202,0.42800347986980736,event,fast|slow,True,"{""event"": 1.3914898884511646, ""fast"": 1.442145258389621, ""slow"": 0.8407078918990138}","{""event"": 1.3914898884511646}",3.251153779526561e-07,0.0
cache_fill_leaning,10000,1,0,1.0,1.0,0.0,0.0,0.0,1.0,1.0,0.0,False,1.0,0.9386198190498548,0.0,0.06138018095014519,1.0,0.12978802209348983,0.0,,,0.0,0.27339312910751185,0.0,0.0,0.0,0.0,0.15936636481705183,0.16726362324535896,0.14618154858609755,,event|fast|slow,True,"{""event"": 1.119979466089972, ""fast"": 0.8290105628206944, ""slow"": 0.8668694282388981}",{},0.0,0.0
cache_fill_leaning,10000,1,0,-1.0,1.0,0.0,0.0,0.0,1.0,1.0,0.0,False,-1.0,-0.9386198190498548,0.0,0.06138018095014519,1.0,0.12978802209348983,0.0,,,0.0,0.27339312910751185,0.0,0.0,0.0,0.0,0.15936636481705183,0.16726362324535896,0.14618154858609755,,event|fast|slow,True,"{""event"": 1.119979466089972, ""fast"": 0.8290105628206944, ""slow"": 0.8668694282388981}",{},0.0,0.0
cache_fill_leaning,01000,1,1,1.0,1.0,0.0,0.0,0.0,1.0,1.0,0.0,False,1.0,1.0281860544436927,0.0,0.02818605444369271,1.0,0.3040849693050801,0.0,,,0.0,0.4409350322063014,0.0,0.0,0.0,0.0,0.3808904538296768,0.16726362324535896,0.14618154858609755,,event|fast|slow,True,"{""event"": 1.119979466089972, ""fast"": 0.8290105628206944, ""slow"": 1.135568134420412}",{},0.0,0.0
cache_fill_leaning,01000,1,1,-1.0,1.0,0.0,0.0,0.0,1.0,1.0,0.0,False,-1.0,-1.0281860544436927,0.0,0.02818605444369271,1.0,0.3040849693050801,0.0,,,0.0,0.4409350322063014,0.0,0.0,0.0,0.0,0.3808904538296768,0.16726362324535896,0.14618154858609755,,event|fast|slow,True,"{""event"": 1.119979466089972, ""fast"": 0.8290105628206944, ""slow"": 1.135568134420412}",{},0.0,0.0
cache_fill_leaning,11000,2,0,1.0,1.0,0.0,-0.24100845383299216,-0.3052815102199361,0.9377489062401678,0.9377489062401679,1.1102230246251565e-16,False,0.9377489062401678,0.9386198190498548,0.8668694282388981,0.0008709128096869856,0.0708794780012697,0.18988258495530147,0.21889132835222025,0.48265587593719517,0.8279965496864867,0.3488961462332502,0.27339312910751185,0.4780990944511555,0.3488961462332502,0.0,2.173621828740861e-17,0.15936636481705183,0.16726362324535896,0.14618154858609755,slow,event|fast,True,"{""event"": 1.119979466089972, ""fast"": 0.8290105628206944, ""slow"": 0.8668694282388981}","{""slow"": 0.8668694282388981}",4.538328891579013e-07,0.0
cache_fill_leaning,11000,2,0,-1.0,1.0,0.0,-0.24100845383299216,-0.3052815102199361,0.9377489062401678,0.9377489062401679,1.1102230246251565e-16,False,-0.9377489062401678,-0.9386198190498548,-0.8668694282388981,0.0008709128096869856,0.0708794780012697,0.18988258495530147,0.21889132835222025,0.48265587593719517,0.8279965496864867,0.3488961462332502,0.27339312910751185,0.4780990944511555,0.3488961462332502,0.0,2.173621828740861e-17,0.15936636481705183,0.16726362324535896,0.14618154858609755,slow,event|fast,True,"{""event"": 1.119979466089972, ""fast"": 0.8290105628206944, ""slow"": 0.8668694282388981}","{""slow"": 0.8668694282388981}",4.538328891579013e-07,0.0
cache_fill_leaning,11000,2,1,1.0,1.0,0.0,-1.541008453832992,-1.3352815102199362,1.2284177308886046,1.2284177308886046,0.0,True,1.2,1.0281860544436927,0.0,0.17181394555630725,1.2,0.3040849693050801,0.0,,,0.0,0.4409350322063014,0.0,0.0,0.0,0.0,0.3808904538296768,0.16726362324535896,0.14618154858609755,,event|fast|slow,True,"{""event"": 1.119979466089972, ""fast"": 0.8290105628206944, ""slow"": 1.135568134420412}",{},4.53832889046879e-07,0.0
cache_fill_leaning,11000,2,1,-1.0,1.0,0.0,-1.541008453832992,-1.3352815102199362,1.2284177308886046,1.2284177308886046,0.0,True,-1.2284177308886046,-1.0281860544436927,-1.135568134420412,0.2002316764449119,0.09284959646819257,0.6967355362154157,0.286739858715187,0.8220164613520818,0.9516013100776475,1.2802034667188613,0.4409350322063014,1.1426713614890303,1.2802034667188613,0.0,4.347243657481722e-17,0.3808904538296768,0.16726362324535896,0.14618154858609755,slow,event|fast,True,"{""event"": 1.119979466089972, ""fast"": 0.8290105628206944, ""slow"": 1.135568134420412}","{""slow"": 1.135568134420412}",4.53832889046879e-07,0.0
cache_fill_leaning,00100,1,2,1.0,1.0,0.0,0.0,0.0,1.0,1.0,0.0,False,1.0,1.1733264886966575,0.0,0.17332648869665745,1.0,0.10336596428958035,0.0,,,0.0,0.14618154858609755,0.0,0.0,0.0,0.0,0.0,0.0,0.14618154858609755,,event,True,"{""event"": 1.119979466089972, ""fast"": 1.3805439907824364, ""slow"": 1.3193419435207088}",{},0.0,0.0
cache_fill_leaning,00100,1,2,-1.0,1.0,0.0,0.0,0.0,1.0,1.0,0.0,False,-1.0,-1.2732884667977058,0.0,0.2732884667977058,1.0,0.32873258563677815,0.0,,,0.0,0.5780739566213319,0.0,0.0,0.0,0.0,0.41740732307169426,0.37225203938049045,0.14618154858609755,,event|fast|slow,True,"{""event"": 1.119979466089972, ""fast"": 1.3805439907824364, ""slow"": 1.3193419435207088}",{},0.0,0.0
cache_fill_leaning,10100,2,0,1.0,1.0,0.0,-0.08927188761954065,-0.1791494856968594,0.914043059052147,0.9140430590521469,1.1102230246251565e-16,False,0.914043059052147,0.9386198190498548,0.8479399955297963,0.02457675999770781,0.06610306352235074,0.10336596428958034,0.09165591768473298,0.7589628745807045,0.8981319974569888,0.2442535372193385,0.27339312910751185,0.34654466561523617,0.2120196029735335,0.12127439300653706,1.0868109143704305e-17,0.15936636481705183,0.16726362324535896,0.14618154858609755,fast|slow,event,True,"{""event"": 1.119979466089972, ""fast"": 0.8290105628206944, ""slow"": 0.8668694282388981}","{""fast"": 0.8290105628206944, ""slow"": 0.8668694282388981}",1.1238046560002601e-07,0.0
cache_fill_leaning,10100,2,0,-1.0,1.0,0.0,-0.08927188761954065,-0.1791494856968594,0.914043059052147,0.9140430590521469,1.1102230246251565e-16,False,-0.914043059052147,-0.9386198190498548,-0.8479399955297963,0.02457675999770781,0.06610306352235074,0.10336596428958034,0.09165591768473298,0.7589628745807045,0.8981319974569888,0.2442535372193385,0.27339312910751185,0.34654466561523617,0.2120196029735335,0.12127439300653706,1.0868109143704305e-17,0.15936636481705183,0.16726362324535896,0.14618154858609755,fast|slow,event,True,"{""event"": 1.119979466089972, ""fast"": 0.8290105628206944, ""slow"": 0.8668694282388981}","{""fast"": 0.8290105628206944, ""slow"": 0.8668694282388981}",1.1238046560002601e-07,0.0
cache_fill_leaning,10100,2,2,1.0,1.0,0.0,-2.460372553567318,-1.8077725339312847,1.920527753023788,1.920527753023788,0.0,True,1.2,1.1733264886966575,0.0,0.0266735113033425,1.2,0.10336596428958035,0.0,,,0.0,0.14618154858609755,0.0,0.0,0.0,0.0,0.0,0.0,0.14618154858609755,,event,True,"{""event"": 1.119979466089972, ""fast"": 1.3805439907824364, ""slow"": 1.3193419435207088}",{},4.464327816311453e-07,0.0
cache_fill_leaning,10100,2,2,-1.0,1.0,0.0,-2.460372553567318,-1.8077725339312847,1.920527753023788,1.920527753023788,0.0,True,-1.920527753023788,-1.2732884667977058,-1.3499429671515726,0.6472392862260823,0.5705847858722155,1.3632762955271815,1.2421521616101001,0.9259880660042732,0.9570951293152078,2.615753391236124,0.5780739566213319,0.8389284962962141,2.270554612228755,1.2987484578046715,0.0,0.41740732307169426,0.37225203938049045,0.14618154858609755,fast|slow,event,True,"{""event"": 1.119979466089972, ""fast"": 1.3805439907824364, ""slow"": 1.3193419435207088}","{""fast"": 1.3805439907824364, ""slow"": 1.3193419435207088}",4.464327816311453e-07,0.0
cache_fill_leaning,01100,2,1,1.0,1.0,0.0,-0.29463126130015094,-0.43797608157665613,0.866455246040841,0.8664552460408409,1.1102230246251565e-16,False,0.866455246040841,1.0281860544436927,0.9822893486205533,0.1617308084028517,0.11583410257971227,0.2117160091251353,0.31275752460002665,0.7446871185461545,0.7893267121745614,0.5006528539873536,0.4409350322063014,0.6239975795861876,0.43458211716559314,0.24857929045991148,4.347243657481722e-17,0.3808904538296768,0.16726362324535896,0.14618154858609755,fast|slow,event,True,"{""event"": 1.119979466089972, ""fast"": 0.8290105628206944, ""slow"": 1.135568134420412}","{""fast"": 0.8290105628206944, ""slow"": 1.135568134420412}",2.6130011687719445e-07,0.0
cache_fill_leaning,01100,2,1,-1.0,1.0,0.0,-0.29463126130015094,-0.43797608157665613,0.866455246040841,0.8664552460408409,1.1102230246251565e-16,False,-0.866455246040841,-1.0281860544436927,-0.9822893486205533,0.1617308084028517,0.11583410257971227,0.2117160091251353,0.31275752460002665,0.7446871185461545,0.7893267121745614,0.5006528539873536,0.4409350322063014,0.6239975795861876,0.43458211716559314,0.24857929045991148,4.347243657481722e-17,0.3808904538296768,0.16726362324535896,0.14618154858609755,fast|slow,event,True,"{""event"": 1.119979466089972, ""fast"": 0.8290105628206944, ""slow"": 1.135568134420412}","{""fast"": 0.8290105628206944, ""slow"": 1.135568134420412}",2.6130011687719445e-07,0.0
cache_fill_leaning,01100,2,2,1.0,1.0,0.0,-1.3657319272479287,-1.0365991298110813,1.3897624002183884,1.3897624002183884,0.0,True,1.2,1.1733264886966575,0.0,0.0266735113033425,1.2,0.10336596428958035,0.0,,,0.0,0.14618154858609755,0.0,0.0,0.0,0.0,0.0,0.0,0.14618154858609755,,event,True,"{""event"": 1.119979466089972, ""fast"": 1.3805439907824364, ""slow"": 1.3193419435207088}",{},7.275207392076766e-08,0.0
cache_fill_leaning,01100,2,2,-1.0,1.0,0.0,-1.3657319272479287,-1.0365991298110813,1.3897624002183884,1.3897624002183884,0.0,True,-1.3897624002183884,-1.2732884667977058,-1.3499429671515726,0.11647393342068257,0.03981943306681579,0.8103866425867204,0.7671444836854128,0.7606001764898179,0.7861513025928487,1.4612004759541057,0.5780739566213319,0.8389284962962141,1.2683670758811814,0.7255010625416938,4.347243657481722e-17,0.41740732307169426,0.37225203938049045,0.14618154858609755,fast|slow,event,True,"{""event"": 1.119979466089972, ""fast"": 1.3805439907824364, ""slow"": 1.3193419435207088}","{""fast"": 1.3805439907824364, ""slow"": 1.3193419435207088}",7.275207392076766e-08,0.0
cache_fill_leaning,11100,3,0,1.0,1.0,0.0,-0.31182064246460195,-0.44032150769947687,0.8794128015194614,0.8794128015194614,0.0,False,0.8794128015194614,0.9386198190498548,0.8479399955297963,0.05920701753039337,0.031472805989665176,0.18343297037263762,0.1185389593258927,0.6896684609170711,0.8161312405810844,0.3992253505738923,0.27339312910751185,0.34654466561523617,0.3889806420360035,0.0898606736125748,0.0,0.15936636481705183,0.16726362324535896,0.14618154858609755,fast|slow,event,True,"{""event"": 1.119979466089972, ""fast"": 0.8290105628206944, ""slow"": 0.8668694282388981}","{""fast"": 0.8290105628206944, ""slow"": 0.8668694282388981}",3.5753546190342433e-07,0.0
cache_fill_leaning,11100,3,0,-1.0,1.0,0.0,-0.31182064246460195,-0.44032150769947687,0.8794128015194614,0.8794128015194614,0.0,False,-0.8794128015194614,-0.9386198190498548,-0.8479399955297963,0.05920701753039337,0.031472805989665176,0.18343297037263762,0.1185389593258927,0.6896684609170711,0.8161312405810844,0.3992253505738923,0.27339312910751185,0.34654466561523617,0.3889806420360035,0.0898606736125748,0.0,0.15936636481705183,0.16726362324535896,0.14618154858609755,fast|slow,event,True,"{""event"": 1.119979466089972, ""fast"": 0.8290105628206944, ""slow"": 0.8668694282388981}","{""fast"": 0.8290105628206944, ""slow"": 0.8668694282388981}",3.5753546190342433e-07,0.0
cache_fill_leaning,11100,3,1,1.0,1.0,0.0,-1.6118206424646018,-1.470321507699477,1.1519995075102274,1.1519995075102274,0.0,False,1.1519995075102274,1.0281860544436927,0.9822893486205533,0.12381345306653468,0.1697101588896741,0.5831256378628978,0.4310831532103578,0.8867465354385679,0.9399017519147905,1.1714439722451861,0.4409350322063014,0.6239975795861876,1.1655146187507353,0.11771428795141615,0.0,0.3808904538296768,0.16726362324535896,0.14618154858609755,fast|slow,event,True,"{""event"": 1.119979466089972, ""fast"": 0.8290105628206944, ""slow"": 1.135568134420412}","{""fast"": 0.8290105628206944, ""slow"": 1.135568134420412}",3.5753546212546894e-07,0.0
cache_fill_leaning,11100,3,1,-1.0,1.0,0.0,-1.6118206424646018,-1.470321507699477,1.1519995075102274,1.1519995075102274,0.0,False,-1.1519995075102274,-1.0281860544436927,-0.9822893486205533,0.12381345306653468,0.1697101588896741,0.5831256378628978,0.4310831532103578,0.8867465354385679,0.9399017519147905,1.1714439722451861,0.4409350322063014,0.6239975795861876,1.1655146187507353,0.11771428795141615,0.0,0.3808904538296768,0.16726362324535896,0.14618154858609755,fast|slow,event,True,"{""event"": 1.119979466089972, ""fast"": 0.8290105628206944, ""slow"": 1.135568134420412}","{""fast"": 0.8290105628206944, ""slow"": 1.135568134420412}",3.5753546212546894e-07,0.0
cache_fill_leaning,11100,3,2,1.0,1.0,0.0,-2.6829213084123795,-2.068944555933902,1.847764911025018,1.847764911025018,0.0,True,1.2,1.1733264886966575,0.0,0.0266735113033425,1.2,0.10336596428958035,0.0,,,0.0,0.14618154858609755,0.0,0.0,0.0,0.0,0.0,0.0,0.14618154858609755,,event,True,"{""event"": 1.119979466089972, ""fast"": 1.3805439907824364, ""slow"": 1.3193419435207088}",{},3.084123321173138e-07,0.0
cache_fill_leaning,11100,3,2,-1.0,1.0,0.0,-2.6829213084123795,-2.068944555933902,1.847764911025018,1.847764911025018,0.0,True,-1.847764911025018,-1.2732884667977058,-1.3499429671515726,0.5744764442273123,0.49782194387344547,1.2856244466808935,1.1212581538625044,0.9549798207711921,0.9870608149394877,2.4304612565220824,0.5780739566213319,0.8389284962962141,2.049825532313445,1.3058932600066517,0.0,0.41740732307169426,0.37225203938049045,0.14618154858609755,fast|slow,event,True,"{""event"": 1.119979466089972, ""fast"": 1.3805439907824364, ""slow"": 1.3193419435207088}","{""fast"": 1.3805439907824364, ""slow"": 1.3193419435207088}",3.084123321173138e-07,0.0
cache_fill_leaning,00010,1,3,1.0,1.0,0.0,0.0,0.0,1.0,1.0,0.0,False,1.0,1.049663342970222,0.0,0.04966334297022201,1.0,0.11827324224262516,0.0,,,0.0,0.22213996670611746,0.0,0.0,0.0,0.0,0.0,0.16726362324535896,0.14618154858609755,,event|fast,True,"{""event"": 1.119979466089972, ""fast"": 0.8290105628206944, ""slow"": 1.3193419435207088}",{},0.0,0.0
cache_fill_leaning,00010,1,3,-1.0,1.0,0.0,0.0,0.0,1.0,1.0,0.0,False,-1.0,-1.0894439908104585,0.0,0.0894439908104585,1.0,0.32873258563677815,0.0,,,0.0,0.47283722163348424,0.0,0.0,0.0,0.0,0.41740732307169426,0.16726362324535896,0.14618154858609755,,event|fast|slow,True,"{""event"": 1.119979466089972, ""fast"": 0.8290105628206944, ""slow"": 1.3193419435207088}",{},0.0,0.0
cache_fill_leaning,10010,2,0,1.0,1.0,0.0,-0.1888140350397863,-0.23286135278136688,0.9569086776442606,0.9569086776442606,0.0,False,0.9569086776442606,0.9386198190498548,0.8479399955297963,0.018288858594405766,0.10896868211446431,0.20335396726840277,0.26249058838971534,0.2413654776859106,0.285624061270412,0.30579137983585347,0.27339312910751185,0.34654466561523617,0.28112436472154323,0.12032231522799068,2.173621828740861e-17,0.15936636481705183,0.16726362324535896,0.14618154858609755,fast|slow,event,True,"{""event"": 1.119979466089972, ""fast"": 0.8290105628206944, ""slow"": 0.8668694282388981}","{""fast"": 0.8290105628206944, ""slow"": 0.8668694282388981}",3.503978562857668e-08,0.0
cache_fill_leaning,10010,2,0,-1.0,1.0,0.0,-0.1888140350397863,-0.23286135278136688,0.9569086776442606,0.9569086776442606,0.0,False,-0.9569086776442606,-0.9386198190498548,-0.8479399955297963,0.018288858594405766,0.10896868211446431,0.20335396726840277,0.26249058838971534,0.2413654776859106,0.285624061270412,0.30579137983585347,0.27339312910751185,0.34654466561523617,0.28112436472154323,0.12032231522799068,2.173621828740861e-17,0.15936636481705183,0.16726362324535896,0.14618154858609755,fast|slow,event,True,"{""event"": 1.119979466089972, ""fast"": 0.8290105628206944, ""slow"": 0.8668694282388981}","{""fast"": 0.8290105628206944, ""slow"": 0.8668694282388981}",3.503978562857668e-08,0.0
cache_fill_leaning,10010,2,3,1.0,1.0,0.0,-1.7599147009875635,-1.571484401015792,1.2073529275207,1.2073529275207,0.0,True,1.2,1.049663342970222,0.0,0.15033665702977794,1.2,0.11827324224262516,0.0,,,0.0,0.22213996670611746,0.0,0.0,0.0,0.0,0.0,0.16726362324535896,0.14618154858609755,,event|fast,True,"{""event"": 1.119979466089972, ""fast"": 0.8290105628206944, ""slow"": 1.3193419435207088}",{},2.99012480997618e-07,0.0
cache_fill_leaning,10010,2,3,-1.0,1.0,0.0,-1.7599147009875635,-1.571484401015792,1.2073529275207,1.2073529275207,0.0,True,-1.2073529275207,-1.0894439908104585,-1.0741762531707015,0.1179089367102415,0.13317667434999847,0.7142932808382334,0.593169146921152,0.9241881383934628,0.9717958395273977,1.471450267784905,0.47283722163348424,0.6745098103688686,1.3527540311058668,0.5789839565057878,0.0,0.41740732307169426,0.16726362324535896,0.14618154858609755,fast|slow,event,True,"{""event"": 1.119979466089972, ""fast"": 0.8290105628206944, ""slow"": 1.3193419435207088}","{""fast"": 0.8290105628206944, ""slow"": 1.3193419435207088}",2.99012480997618e-07,0.0
cache_fill_leaning,01010,2,1,1.0,1.0,0.0,-0.5667557977234459,-0.5506947264373323,1.0161907435867366,1.0161907435867366,0.0,False,1.0161907435867366,1.0281860544436927,0.9822893486205533,0.011995310856956154,0.033901394966183274,0.3347269043036343,0.36158286227534475,0.43996147114398054,0.4663345623320834,0.6619421196582777,0.4409350322063014,0.6239975795861876,0.6085457934466816,0.26045995288343704,0.0,0.3808904538296768,0.16726362324535896,0.14618154858609755,fast|slow,event,True,"{""event"": 1.119979466089972, ""fast"": 0.8290105628206944, ""slow"": 1.135568134420412}","{""fast"": 0.8290105628206944, ""slow"": 1.135568134420412}",2.022765746012567e-07,0.0
cache_fill_leaning,01010,2,1,-1.0,1.0,0.0,-0.5667557977234459,-0.5506947264373323,1.0161907435867366,1.0161907435867366,0.0,False,-1.0161907435867366,-1.0281860544436927,-0.9822893486205533,0.011995310856956154,0.033901394966183274,0.3347269043036343,0.36158286227534475,0.43996147114398054,0.4663345623320834,0.6619421196582777,0.4409350322063014,0.6239975795861876,0.6085457934466816,0.26045995288343704,0.0,0.3808904538296768,0.16726362324535896,0.14618154858609755,fast|slow,event,True,"{""event"": 1.119979466089972, ""fast"": 0.8290105628206944, ""slow"": 1.135568134420412}","{""fast"": 0.8290105628206944, ""slow"": 1.135568134420412}",2.022765746012567e-07,0.0
cache_fill_leaning,01010,2,3,1.0,1.0,0.0,-0.8378564636712234,-0.8593177746717575,0.9787673442658881,0.9787673442658882,1.1102230246251565e-16,False,0.9787673442658881,1.049663342970222,1.0145052814103472,0.07089599870433394,0.035737937144459164,0.5643074581592716,0.5643074581592716,0.2962754995755816,0.39347844040789764,0.8680755807982827,0.22213996670611746,0.25089543486803845,0.7980512606771298,0.3415690256886883,0.0,0.0,0.16726362324535896,0.14618154858609755,fast|slow,event,True,"{""event"": 1.119979466089972, ""fast"": 0.8290105628206944, ""slow"": 1.3193419435207088}","{""fast"": 0.8290105628206944, ""slow"": 1.3193419435207088}",4.636711158356732e-07,0.0
cache_fill_leaning,01010,2,3,-1.0,1.0,0.0,-0.8378564636712234,-0.8593177746717575,0.9787673442658881,0.9787673442658882,1.1102230246251565e-16,False,-0.9787673442658881,-1.0894439908104585,-1.0741762531707015,0.11067664654457043,0.09540890890481346,0.4778231403566564,0.43458098145534874,0.7100403735803129,0.7466166814706094,0.8680755807982827,0.47283722163348424,0.6745098103688686,0.7980512606771298,0.3415690256886883,0.0,0.41740732307169426,0.16726362324535896,0.14618154858609755,fast|slow,event,True,"{""event"": 1.119979466089972, ""fast"": 0.8290105628206944, ""slow"": 1.3193419435207088}","{""fast"": 0.8290105628206944, ""slow"": 1.3193419435207088}",4.636711158356732e-07,0.0
cache_fill_leaning,11010,3,0,1.0,0.9999999999999999,0.0,-0.39227727168350845,-0.4819404920407477,0.9142390305244092,0.9142390305244091,1.1102230246251565e-16,False,0.9142390305244092,0.9386198190498548,0.8479399955297963,0.024380788525445563,0.06629903499461298,0.2198317830418175,0.24077447123599838,0.4385236094940049,0.5189345862859049,0.43910555149314134,0.27339312910751185,0.34654466561523617,0.4298645580767688,0.08961108782712113,6.520865486222582e-17,0.15936636481705183,0.16726362324535896,0.14618154858609755,fast|slow,event,True,"{""event"": 1.119979466089972, ""fast"": 0.8290105628206944, ""slow"": 0.8668694282388981}","{""fast"": 0.8290105628206944, ""slow"": 0.8668694282388981}",2.716834716087746e-07,0.0
cache_fill_leaning,11010,3,0,-1.0,0.9999999999999999,0.0,-0.39227727168350845,-0.4819404920407477,0.9142390305244092,0.9142390305244091,1.1102230246251565e-16,False,-0.9142390305244092,-0.9386198190498548,-0.8479399955297963,0.024380788525445563,0.06629903499461298,0.2198317830418175,0.24077447123599838,0.4385236094940049,0.5189345862859049,0.43910555149314134,0.27339312910751185,0.34654466561523617,0.4298645580767688,0.08961108782712113,6.520865486222582e-17,0.15936636481705183,0.16726362324535896,0.14618154858609755,fast|slow,event,True,"{""event"": 1.119979466089972, ""fast"": 0.8290105628206944, ""slow"": 0.8668694282388981}","{""fast"": 0.8290105628206944, ""slow"": 0.8668694282388981}",2.716834716087746e-07,0.0
cache_fill_leaning,11010,3,1,1.0,0.9999999999999999,0.0,-1.6922772716835084,-1.5119404920407478,1.1976206294598042,1.1976206294598042,0.0,False,1.1976206294598042,1.0281860544436927,0.9822893486205533,0.16943457501611148,0.2153312808392509,0.6294822043959002,0.47743971974336014,0.8174317825678037,0.8664319890760211,1.2124326103887961,0.4409350322063014,0.6239975795861876,1.2067365276945086,0.11738733944506351,4.347243657481722e-17,0.3808904538296768,0.16726362324535896,0.14618154858609755,fast|slow,event,True,"{""event"": 1.119979466089972, ""fast"": 0.8290105628206944, ""slow"": 1.135568134420412}","{""fast"": 0.8290105628206944, ""slow"": 1.135568134420412}",2.716834714977523e-07,0.0
cache_fill_leaning,11010,3,1,-1.0,0.9999999999999999,0.0,-1.6922772716835084,-1.5119404920407478,1.1976206294598042,1.1976206294598042,0.0,False,-1.1976206294598042,-1.0281860544436927,-0.9822893486205533,0.16943457501611148,0.2153312808392509,0.6294822043959002,0.47743971974336014,0.8174317825678037,0.8664319890760211,1.2124326103887961,0.4409350322063014,0.6239975795861876,1.2067365276945086,0.11738733944506351,4.347243657481722e-17,0.3808904538296768,0.16726362324535896,0.14618154858609755,fast|slow,event,True,"{""event"": 1.119979466089972, ""fast"": 0.8290105628206944, ""slow"": 1.135568134420412}","{""fast"": 0.8290105628206944, ""slow"": 1.135568134420412}",2.716834714977523e-07,0.0
cache_fill_leaning,11010,3,3,1.0,0.9999999999999999,0.0,-1.9633779376312859,-1.820563540275173,1.1535156862352995,1.1535156862352995,0.0,False,1.1535156862352995,1.049663342970222,1.0145052814103472,0.10385234326507753,0.1390104048249523,0.9667217365391902,0.9667217365391902,0.32400735962404764,0.430308650996056,1.3598283687715935,0.22213996670611746,0.25089543486803845,1.2274923443394052,0.5851459109522718,4.347243657481722e-17,0.0,0.16726362324535896,0.14618154858609755,fast|slow,event,True,"{""event"": 1.119979466089972, ""fast"": 0.8290105628206944, ""slow"": 1.3193419435207088}","{""fast"": 0.8290105628206944, ""slow"": 1.3193419435207088}",6.236871619158535e-08,0.0
cache_fill_leaning,11010,3,3,-1.0,0.9999999999999999,0.0,-1.9633779376312859,-1.820563540275173,1.1535156862352995,1.1535156862352995,0.0,False,-1.1535156862352995,-1.0894439908104585,-1.0741762531707015,0.06407169542484104,0.07933943306459801,0.637989150902412,0.473622858084023,0.9490813431360594,0.997971367860201,1.3598283687715935,0.47283722163348424,0.6745098103688686,1.2274923443394052,0.5851459109522718,4.347243657481722e-17,0.41740732307169426,0.16726362324535896,0.14618154858609755,fast|slow,event,True,"{""event"": 1.119979466089972, ""fast"": 0.8290105628206944, ""slow"": 1.3193419435207088}","{""fast"": 0.8290105628206944, ""slow"": 1.3193419435207088}",6.236871619158535e-08,0.0
cache_fill_leaning,00110,2,2,1.0,1.0,0.0,-1.1711006659477778,-0.8486230482344254,1.3805439907824362,1.3805439907824364,2.220446049250313e-16,True,1.2,1.1733264886966575,0.0,0.0266735113033425,1.2,0.10336596428958035,0.0,,,0.0,0.14618154858609755,0.0,0.0,0.0,0.0,0.0,0.0,0.14618154858609755,,event,True,"{""event"": 1.119979466089972, ""fast"": 1.3805439907824364, ""slow"": 1.3193419435207088}",{},3.3405227783944724e-07,0.0
cache_fill_leaning,00110,2,2,-1.0,1.0,0.0,-1.1711006659477778,-0.8486230482344254,1.3805439907824362,1.3805439907824364,2.220446049250313e-16,True,-1.3805439907824362,-1.2732884667977058,-1.3805439907824364,0.10725552398473037,2.220446049250313e-16,0.526443882712933,1.1102230246251565e-16,0.6439522748199754,0.9999999999999998,1.1167561181414714,0.5780739566213319,1.1167561181414716,0.0,1.1167561181414714,0.0,0.41740732307169426,0.37225203938049045,0.14618154858609755,fast,event|slow,True,"{""event"": 1.119979466089972, ""fast"": 1.3805439907824364, ""slow"": 1.3193419435207088}","{""fast"": 1.3805439907824364}",3.3405227783944724e-07,0.0
cache_fill_leaning,00110,2,3,1.0,1.0,0.0,-0.3711006659477777,-0.5586230482344253,0.8290105628206944,0.8290105628206944,0.0,False,0.8290105628206944,1.049663342970222,0.8290105628206944,0.2206527801495276,0.0,0.23654648448525029,5.551115123125783e-17,0.7529650144705486,0.9999999999999998,0.5017908697360768,0.22213996670611746,0.5017908697360769,0.0,0.5017908697360768,0.0,0.0,0.16726362324535896,0.14618154858609755,fast,event,True,"{""event"": 1.119979466089972, ""fast"": 0.8290105628206944, ""slow"": 1.3193419435207088}","{""fast"": 0.8290105628206944}",3.3405227806149185e-07,0.0
cache_fill_leaning,00110,2,3,-1.0,1.0,0.0,-0.3711006659477777,-0.5586230482344253,0.8290105628206944,0.8290105628206944,0.0,False,-0.8290105628206944,-1.0894439908104585,-0.8290105628206944,0.2604334279897641,0.0,0.32873258563677815,5.551115123125783e-17,0.3537446199085653,0.9999999999999998,0.5017908697360768,0.47283722163348424,0.5017908697360769,0.0,0.5017908697360768,0.0,0.41740732307169426,0.16726362324535896,0.14618154858609755,fast,event|slow,True,"{""event"": 1.119979466089972, ""fast"": 0.8290105628206944, ""slow"": 1.3193419435207088}","{""fast"": 0.8290105628206944}",3.3405227806149185e-07,0.0
cache_fill_leaning,10110,3,0,1.0,0.9999999999999999,0.0,-0.2632824673380313,-0.3773440662232616,0.8922029954797552,0.8922029954797552,0.0,False,0.8922029954797552,0.9386198190498548,0.8668694282388981,0.046416823570099575,0.025333567240857113,0.20747336776573852,0.17047273792824919,0.5243993215217649,0.8996074647073303,0.3965980122727191,0.27339312910751185,0.4780990944511555,0.3965980122727191,3.925231146709438e-17,2.173621828740861e-17,0.15936636481705183,0.16726362324535896,0.14618154858609755,slow,event|fast,True,"{""event"": 1.119979466089972, ""fast"": 0.8290105628206944, ""slow"": 0.8668694282388981}","{""slow"": 0.8668694282388981}",4.6733792202768853e-07,0.0
cache_fill_leaning,10110,3,0,-1.0,0.9999999999999999,0.0,-0.2632824673380313,-0.3773440662232616,0.8922029954797552,0.8922029954797552,0.0,False,-0.8922029954797552,-0.9386198190498548,-0.8668694282388981,0.046416823570099575,0.025333567240857113,0.20747336776573852,0.17047273792824919,0.5243993215217649,0.8996074647073303,0.3965980122727191,0.27339312910751185,0.4780990944511555,0.3965980122727191,3.925231146709438e-17,2.173621828740861e-17,0.15936636481705183,0.16726362324535896,0.14618154858609755,slow,event|fast,True,"{""event"": 1.119979466089972, ""fast"": 0.8290105628206944, ""slow"": 0.8668694282388981}","{""slow"": 0.8668694282388981}",4.6733792202768853e-07,0.0
cache_fill_leaning,10110,3,2,1.0,0.9999999999999999,0.0,-2.6343831332858088,-2.005967114457687,1.8746388336745416,1.8746388336745416,0.0,True,1.2,1.1733264886966575,0.0,0.0266735113033425,1.2,0.10336596428958035,0.0,,,0.0,0.14618154858609755,0.0,0.0,0.0,0.0,0.0,0.0,0.14618154858609755,,event,True,"{""event"": 1.119979466089972, ""fast"": 1.3805439907824364, ""slow"": 1.3193419435207088}",{},1.3328579973048704e-07,0.0
cache_fill_leaning,10110,3,2,-1.0,0.9999999999999999,0.0,-2.6343831332858088,-2.005967114457687,1.8746388336745416,1.8746388336745416,0.0,True,-1.8746388336745416,-1.2732884667977058,-1.3499429671515726,0.6013503668768359,0.5246958665229691,1.0431543012328721,0.9220301673157907,0.948821578083829,0.980695696103076,2.3673011557504036,0.5780739566213319,0.8389284962962141,1.8178337462838199,1.5164416351739125,0.0,0.41740732307169426,0.37225203938049045,0.14618154858609755,fast|slow,event,True,"{""event"": 1.119979466089972, ""fast"": 1.3805439907824364, ""slow"": 1.3193419435207088}","{""fast"": 1.3805439907824364, ""slow"": 1.3193419435207088}",1.3328579973048704e-07,0.0
cache_fill_leaning,10110,3,3,1.0,0.9999999999999999,0.0,-1.8343831332858085,-1.715967114457687,1.1257123314913446,1.1257123314913449,2.220446049250313e-16,False,1.1257123314913446,1.049663342970222,1.0145052814103472,0.07604898852112263,0.1112070500809974,0.7718785597186826,0.7718785597186826,0.39870470562121924,0.5295129228568083,1.2868074029256122,0.22213996670611746,0.25089543486803845,1.091601127659172,0.6813811490769196,4.347243657481722e-17,0.0,0.16726362324535896,0.14618154858609755,fast|slow,event,True,"{""event"": 1.119979466089972, ""fast"": 0.8290105628206944, ""slow"": 1.3193419435207088}","{""fast"": 0.8290105628206944, ""slow"": 1.3193419435207088}",1.3328579950844244e-07,0.0
cache_fill_leaning,10110,3,3,-1.0,0.9999999999999999,0.0,-1.8343831332858085,-1.715967114457687,1.1257123314913446,1.1257123314913449,2.220446049250313e-16,False,-1.1257123314913446,-1.0894439908104585,-1.0741762531707015,0.036268340680886135,0.05153607832064311,0.5296302918845197,0.4085061579674382,0.9116570959889936,0.958619285568619,1.2868074029256122,0.47283722163348424,0.6745098103688686,1.091601127659172,0.6813811490769196,4.347243657481722e-17,0.41740732307169426,0.16726362324535896,0.14618154858609755,fast|slow,event,True,"{""event"": 1.119979466089972, ""fast"": 0.8290105628206944, ""slow"": 1.3193419435207088}","{""fast"": 0.8290105628206944, ""slow"": 1.3193419435207088}",1.3328579950844244e-07,0.0
cache_fill_leaning,01110,3,1,1.0,1.0,0.0,-0.744396660073571,-0.8259394198788436,0.921693297585337,0.9216932975853369,1.1102230246251565e-16,False,0.921693297585337,1.0281860544436927,1.135568134420412,0.10649275685835569,0.21387483683507502,0.42257436002135507,0.6255150492000532,0.6409238460439729,0.7419607760071585,0.7327808567426523,0.4409350322063014,1.1426713614890303,0.7327808567426523,5.551115123125783e-17,0.0,0.3808904538296768,0.16726362324535896,0.14618154858609755,slow,event|fast,True,"{""event"": 1.119979466089972, ""fast"": 0.8290105628206944, ""slow"": 1.135568134420412}","{""slow"": 1.135568134420412}",3.3992648673653036e-07,0.0
cache_fill_leaning,01110,3,1,-1.0,1.0,0.0,-0.744396660073571,-0.8259394198788436,0.921693297585337,0.9216932975853369,1.1102230246251565e-16,False,-0.921693297585337,-1.0281860544436927,-1.135568134420412,0.10649275685835569,0.21387483683507502,0.42257436002135507,0.6255150492000532,0.6409238460439729,0.7419607760071585,0.7327808567426523,0.4409350322063014,1.1426713614890303,0.7327808567426523,5.551115123125783e-17,0.0,0.3808904538296768,0.16726362324535896,0.14618154858609755,slow,event|fast,True,"{""event"": 1.119979466089972, ""fast"": 0.8290105628206944, ""slow"": 1.135568134420412}","{""slow"": 1.135568134420412}",3.3992648673653036e-07,0.0
cache_fill_leaning,01110,3,2,1.0,1.0,0.0,-1.8154973260213487,-1.424562468113269,1.4783622066696116,1.4783622066696116,0.0,True,1.2,1.1733264886966575,0.0,0.0266735113033425,1.2,0.10336596428958035,0.0,,,0.0,0.14618154858609755,0.0,0.0,0.0,0.0,0.0,0.0,0.14618154858609755,,event,True,"{""event"": 1.119979466089972, ""fast"": 1.3805439907824364, ""slow"": 1.3193419435207088}",{},3.26021295626866e-07,0.0
cache_fill_leaning,01110,3,2,-1.0,1.0,0.0,-1.8154973260213487,-1.424562468113269,1.4783622066696116,1.4783622066696116,0.0,True,-1.4783622066696116,-1.2732884667977058,-1.3499429671515726,0.2050737398719058,0.12841923951803902,0.582395523930658,0.5175352375783593,0.8200568459810306,0.8476053222120185,1.5059990865696167,0.5780739566213319,0.8389284962962141,0.9153662947428628,1.1958836879886112,4.347243657481722e-17,0.41740732307169426,0.37225203938049045,0.14618154858609755,fast|slow,event,True,"{""event"": 1.119979466089972, ""fast"": 1.3805439907824364, ""slow"": 1.3193419435207088}","{""fast"": 1.3805439907824364, ""slow"": 1.3193419435207088}",3.26021295626866e-07,0.0
cache_fill_leaning,01110,3,3,1.0,1.0,0.0,-1.0154973260213485,-1.1345624681132689,0.887749968988247,0.887749968988247,0.0,False,0.887749968988247,1.049663342970222,1.0145052814103472,0.16191337398197503,0.12675531242210025,0.38867779776095857,0.38867779776095857,0.5263543920512521,0.6990422953732597,0.7686876492096735,0.22213996670611746,0.25089543486803845,0.5496734129868546,0.5373451787286053,2.173621828740861e-17,0.0,0.16726362324535896,0.14618154858609755,fast|slow,event,True,"{""event"": 1.119979466089972, ""fast"": 0.8290105628206944, ""slow"": 1.3193419435207088}","{""fast"": 0.8290105628206944, ""slow"": 1.3193419435207088}",3.260212951827768e-07,0.0
cache_fill_leaning,01110,3,3,-1.0,1.0,0.0,-1.0154973260213485,-1.1345624681132689,0.887749968988247,0.887749968988247,0.0,False,-0.887749968988247,-1.0894439908104585,-1.0741762531707015,0.20169402182221152,0.18642628418245455,0.3021934799583433,0.3633724017512443,0.6913031322255053,0.7269142286513429,0.7686876492096735,0.47283722163348424,0.6745098103688686,0.5496734129868546,0.5373451787286053,2.173621828740861e-17,0.41740732307169426,0.16726362324535896,0.14618154858609755,fast|slow,event,True,"{""event"": 1.119979466089972, ""fast"": 0.8290105628206944, ""slow"": 1.3193419435207088}","{""fast"": 0.8290105628206944, ""slow"": 1.3193419435207088}",3.260212951827768e-07,0.0
cache_fill_leaning,11110,4,0,1.0,1.0,0.0,-0.4534460592045602,-0.5963129745483242,0.8668694282388981,0.8668694282388981,0.0,False,0.8668694282388981,0.9386198190498548,0.8668694282388981,0.07175039081095669,0.0,0.25957604418697966,2.7755575615628914e-17,0.5829201536165197,0.9999999999999999,0.4780990944511555,0.27339312910751185,0.4780990944511555,0.4780990944511555,1.3877787807814457e-17,0.0,0.15936636481705183,0.16726362324535896,0.14618154858609755,slow,event|fast,True,"{""event"": 1.119979466089972, ""fast"": 0.8290105628206944, ""slow"": 0.8668694282388981}","{""slow"": 0.8668694282388981}",5.920455847796546e-08,0.0
cache_fill_leaning,11110,4,0,-1.0,1.0,0.0,-0.4534460592045602,-0.5963129745483242,0.8668694282388981,0.8668694282388981,0.0,False,-0.8668694282388981,-0.9386198190498548,-0.8668694282388981,0.07175039081095669,0.0,0.25957604418697966,2.7755575615628914e-17,0.5829201536165197,0.9999999999999999,0.4780990944511555,0.27339312910751185,0.4780990944511555,0.4780990944511555,1.3877787807814457e-17,0.0,0.15936636481705183,0.16726362324535896,0.14618154858609755,slow,event|fast,True,"{""event"": 1.119979466089972, ""fast"": 0.8290105628206944, ""slow"": 0.8668694282388981}","{""slow"": 0.8668694282388981}",5.920455847796546e-08,0.0
cache_fill_leaning,11110,4,1,1.0,1.0,0.0,-1.75344605920456,-1.6263129745483242,1.135568134420412,1.135568134420412,0.0,False,1.135568134420412,1.0281860544436927,1.135568134420412,0.10738207997671934,0.0,0.6081699386101602,5.551115123125783e-17,0.8638244321931502,0.9999999999999998,1.1426713614890303,0.4409350322063014,1.1426713614890303,1.1426713614890303,3.1031676915590914e-17,0.0,0.3808904538296768,0.16726362324535896,0.14618154858609755,slow,event|fast,True,"{""event"": 1.119979466089972, ""fast"": 0.8290105628206944, ""slow"": 1.135568134420412}","{""slow"": 1.135568134420412}",5.9204558144898556e-08,0.0
cache_fill_leaning,11110,4,1,-1.0,1.0,0.0,-1.75344605920456,-1.6263129745483242,1.135568134420412,1.135568134420412,0.0,False,-1.135568134420412,-1.0281860544436927,-1.135568134420412,0.10738207997671934,0.0,0.6081699386101602,5.551115123125783e-17,0.8638244321931502,0.9999999999999998,1.1426713614890303,0.4409350322063014,1.1426713614890303,1.1426713614890303,3.1031676915590914e-17,0.0,0.3808904538296768,0.16726362324535896,0.14618154858609755,slow,event|fast,True,"{""event"": 1.119979466089972, ""fast"": 0.8290105628206944, ""slow"": 1.135568134420412}","{""slow"": 1.135568134420412}",5.9204558144898556e-08,0.0
cache_fill_leaning,11110,4,2,1.0,1.0,0.0,-2.824546725152338,-2.2249360227827495,1.821409591914735,1.821409591914735,0.0,True,1.2,1.1733264886966575,0.0,0.0266735113033425,1.2,0.10336596428958035,0.0,,,0.0,0.14618154858609755,0.0,0.0,0.0,0.0,0.0,0.0,0.14618154858609755,,event,True,"{""event"": 1.119979466089972, ""fast"": 1.3805439907824364, ""slow"": 1.3193419435207088}",{},2.7484769971053424e-07,0.0
cache_fill_leaning,11110,4,2,-1.0,1.0,0.0,-2.824546725152338,-2.2249360227827495,1.821409591914735,1.821409591914735,0.0,True,-1.821409591914735,-1.2732884667977058,-1.3499429671515726,0.5481211251170293,0.4714666247631625,1.032756801388902,0.8683905085705128,0.9672544707516991,0.9997478118260524,2.2714369871136784,0.5780739566213319,0.8389284962962141,1.7287475147256315,1.4733831873474115,0.0,0.41740732307169426,0.37225203938049045,0.14618154858609755,fast|slow,event,True,"{""event"": 1.119979466089972, ""fast"": 1.3805439907824364, ""slow"": 1.3193419435207088}","{""fast"": 1.3805439907824364, ""slow"": 1.3193419435207088}",2.7484769971053424e-07,0.0
cache_fill_leaning,11110,4,3,1.0,1.0,0.0,-2.0245467251523377,-1.9349360227827495,1.0937484071510517,1.0937484071510517,0.0,False,1.0937484071510517,1.049663342970222,1.0145052814103472,0.04408506418082969,0.07924312574070447,0.8175683575087428,0.8175683575087428,0.4048669414480728,0.5376968832114425,1.2312396853864707,0.22213996670611746,0.25089543486803845,1.0381052394754342,0.6620337413185424,0.0,0.0,0.16726362324535896,0.14618154858609755,fast|slow,event,True,"{""event"": 1.119979466089972, ""fast"": 0.8290105628206944, ""slow"": 1.3193419435207088}","{""fast"": 0.8290105628206944, ""slow"": 1.3193419435207088}",2.7484770015462345e-07,0.0
cache_fill_leaning,11110,4,3,-1.0,1.0,0.0,-2.0245467251523377,-1.9349360227827495,1.0937484071510517,1.0937484071510517,0.0,False,-1.0937484071510517,-1.0894439908104585,-1.0741762531707015,0.004304416340593198,0.01957215398035017,0.48883577187196464,0.32446947905357554,0.9345059504569422,0.9826451530164724,1.2312396853864707,0.47283722163348424,0.6745098103688686,1.0381052394754342,0.6620337413185424,0.0,0.41740732307169426,0.16726362324535896,0.14618154858609755,fast|slow,event,True,"{""event"": 1.119979466089972, ""fast"": 0.8290105628206944, ""slow"": 1.3193419435207088}","{""fast"": 0.8290105628206944, ""slow"": 1.3193419435207088}",2.7484770015462345e-07,0.0
cache_fill_leaning,00001,1,4,1.0,1.0,0.0,0.0,0.0,1.0,1.0,0.0,False,1.0,0.9367979073324469,0.0,0.06320209266755306,1.0,0.18834506685253835,0.0,,,0.0,0.31452320753251206,0.0,0.0,0.0,0.0,0.0,0.16726362324535896,0.266360147948927,,event|fast,True,"{""event"": 0.7813831591766466, ""fast"": 0.8290105628206944, ""slow"": 1.3193419435207088}",{},0.0,0.0
cache_fill_leaning,00001,1,4,-1.0,1.0,0.0,0.0,0.0,1.0,1.0,0.0,False,-1.0,-0.9827841687804678,0.0,0.017215831219532185,1.0,0.32873258563677815,0.0,,,0.0,0.449673206912579,0.0,0.0,0.0,0.0,0.41740732307169426,0.16726362324535896,0.0,,fast|slow,True,"{""event"": 0.7813831591766466, ""fast"": 0.8290105628206944, ""slow"": 1.3193419435207088}",{},0.0,0.0
cache_fill_leaning,10001,2,0,1.0,1.0,0.0,-0.6225525681518321,-0.5277468756710894,1.0994452038996263,1.0994452038996263,0.0,False,1.0994452038996263,0.9386198190498548,0.9934244471644351,0.1608253848497715,0.10602075673519118,0.347480600424232,0.29579761827944184,0.7099468068078861,0.89752203582339,0.6843634733612471,0.27339312910751185,0.3243840896369154,0.2486525966938187,0.0,0.6375933263675927,0.15936636481705183,0.16726362324535896,0.14618154858609755,event|slow,fast,True,"{""event"": 1.119979466089972, ""fast"": 0.8290105628206944, ""slow"": 0.8668694282388981}","{""event"": 1.119979466089972, ""slow"": 0.8668694282388981}",4.3184826115094666e-07,0.0
cache_fill_leaning,10001,2,0,-1.0,1.0,0.0,-0.6225525681518321,-0.5277468756710894,1.0994452038996263,1.0994452038996263,0.0,False,-1.0994452038996263,-0.9386198190498548,-0.9934244471644351,0.1608253848497715,0.10602075673519118,0.347480600424232,0.29579761827944184,0.7099468068078861,0.89752203582339,0.6843634733612471,0.27339312910751185,0.3243840896369154,0.2486525966938187,0.0,0.6375933263675927,0.15936636481705183,0.16726362324535896,0.14618154858609755,event|slow,fast,True,"{""event"": 1.119979466089972, ""fast"": 0.8290105628206944, ""slow"": 0.8668694282388981}","{""event"": 1.119979466089972, ""slow"": 0.8668694282388981}",4.3184826115094666e-07,0.0
cache_fill_leaning,10001,2,4,1.0,1.0,0.0,-0.7691065089472721,-0.8914339011227653,0.8848586252850479,0.8848586252850479,0.0,False,0.8848586252850479,0.9367979073324469,0.9906915795883233,0.05193928204739906,0.10583295430327544,0.3336619401325118,0.23948940670624264,0.788993621675383,0.9316589081472406,0.7923816135672844,0.31452320753251206,0.39954022192339056,0.2878992720319257,0.0,0.7382293889320449,0.0,0.16726362324535896,0.266360147948927,event|slow,fast,True,"{""event"": 0.7813831591766466, ""fast"": 0.8290105628206944, ""slow"": 1.3193419435207088}","{""event"": 0.7813831591766466, ""slow"": 1.3193419435207088}",4.910528483836885e-07,0.0
cache_fill_leaning,10001,2,4,-1.0,1.0,0.0,-0.7691065089472721,-0.8914339011227653,0.8848586252850479,0.8848586252850479,0.0,False,-0.8848586252850479,-0.9827841687804678,-1.0596709717603545,0.09792554349541993,0.17481234647530663,0.5220070069850502,0.5220070069850502,0.25609896410592886,0.27589559672560504,0.7923816135672844,0.449673206912579,0.6261109846075414,0.2878992720319257,0.0,0.7382293889320449,0.41740732307169426,0.16726362324535896,0.0,event|slow,fast,True,"{""event"": 0.7813831591766466, ""fast"": 0.8290105628206944, ""slow"": 1.3193419435207088}","{""event"": 0.7813831591766466, ""slow"": 1.3193419435207088}",4.910528483836885e-07,0.0
cache_fill_leaning,01001,2,1,1.0,1.0,0.0,-1.4276989866642351,-1.0808030632203265,1.4146694837804834,1.4146694837804832,2.220446049250313e-16,True,1.2,1.0281860544436927,0.0,0.17181394555630725,1.2,0.3040849693050801,0.0,,,0.0,0.4409350322063014,0.0,0.0,0.0,0.0,0.3808904538296768,0.16726362324535896,0.14618154858609755,,event|fast|slow,True,"{""event"": 1.119979466089972, ""fast"": 0.8290105628206944, ""slow"": 1.135568134420412}",{},1.333576493678379e-08,0.0
cache_fill_leaning,01001,2,1,-1.0,1.0,0.0,-1.4276989866642351,-1.0808030632203265,1.4146694837804834,1.4146694837804832,2.220446049250313e-16,True,-1.4146694837804834,-1.0281860544436927,-1.127773800255192,0.3864834293367907,0.2868956835252914,0.8312737416214573,0.7795907594766671,0.7709282126702728,0.8332035318168335,1.6222258873597057,0.4409350322063014,0.6119679825551456,0.9404860817093698,0.0,1.3217801480317903,0.3808904538296768,0.16726362324535896,0.14618154858609755,event|slow,fast,True,"{""event"": 1.119979466089972, ""fast"": 0.8290105628206944, ""slow"": 1.135568134420412}","{""event"": 1.119979466089972, ""slow"": 1.135568134420412}",1.333576493678379e-08,0.0
cache_fill_leaning,01001,2,4,1.0,1.0,0.0,-0.27425292745967517,-0.4144900886720024,0.8691520817925379,0.8691520817925379,0.0,False,0.8691520817925379,0.9367979073324469,0.9906915795883233,0.06764582553990905,0.12153949779578543,0.23692559488818618,0.23692559488818618,0.6900244010194889,0.8147941407735064,0.5118893203523956,0.31452320753251206,0.39954022192339056,0.2967680302221362,0.0,0.4170844189476644,0.0,0.16726362324535896,0.266360147948927,event|slow,fast,True,"{""event"": 0.7813831591766466, ""fast"": 0.8290105628206944, ""slow"": 1.3193419435207088}","{""event"": 0.7813831591766466, ""slow"": 1.3193419435207088}",7.254032752257444e-08,0.0
cache_fill_leaning,01001,2,4,-1.0,1.0,0.0,-0.27425292745967517,-0.4144900886720024,0.8691520817925379,0.8691520817925379,0.0,False,-0.8691520817925379,-0.9827841687804678,-1.0596709717603545,0.11363208698792993,0.19051888996781663,0.40470343673198295,0.5258275706490644,0.024401120012099767,0.026287343996154486,0.5118893203523956,0.449673206912579,0.6261109846075414,0.2967680302221362,0.0,0.4170844189476644,0.41740732307169426,0.16726362324535896,0.0,event|slow,fast,True,"{""event"": 0.7813831591766466, ""fast"": 0.8290105628206944, ""slow"": 1.3193419435207088}","{""event"": 0.7813831591766466, ""slow"": 1.3193419435207088}",7.254032752257444e-08,0.0
cache_fill_leaning,11001,3,0,1.0,0.9999999999999999,0.0,-0.7590336692990852,-0.718871296385829,1.0409797873911537,1.0409797873911537,0.0,False,1.0409797873911537,0.9386198190498548,0.9934244471644351,0.1023599683412989,0.04755534022671859,0.24924287201032463,0.19755988986553444,0.7639568639559312,0.9658021041068278,0.6592111346430855,0.27339312910751185,0.3243840896369154,0.4311534960589765,0.0,0.4986641985079201,0.15936636481705183,0.16726362324535896,0.14618154858609755,event|slow,fast,True,"{""event"": 1.119979466089972, ""fast"": 0.8290105628206944, ""slow"": 0.8668694282388981}","{""event"": 1.119979466089972, ""slow"": 0.8668694282388981}",3.307009694974994e-07,0.0
cache_fill_leaning,11001,3,0,-1.0,0.9999999999999999,0.0,-0.7590336692990852,-0.718871296385829,1.0409797873911537,1.0409797873911537,0.0,False,-1.0409797873911537,-0.9386198190498548,-0.9934244471644351,0.1023599683412989,0.04755534022671859,0.24924287201032463,0.19755988986553444,0.7639568639559312,0.9658021041068278,0.6592111346430855,0.27339312910751185,0.3243840896369154,0.4311534960589765,0.0,0.4986641985079201,0.15936636481705183,0.16726362324535896,0.14618154858609755,event|slow,fast,True,"{""event"": 1.119979466089972, ""fast"": 0.8290105628206944, ""slow"": 0.8668694282388981}","{""event"": 1.119979466089972, ""slow"": 0.8668694282388981}",3.307009694974994e-07,0.0
cache_fill_leaning,11001,3,1,1.0,0.9999999999999999,0.0,-2.059033669299085,-1.748871296385829,1.3636465154142647,1.3636465154142647,0.0,True,1.2,1.0281860544436927,0.0,0.17181394555630725,1.2,0.3040849693050801,0.0,,,0.0,0.4409350322063014,0.0,0.0,0.0,0.0,0.3808904538296768,0.16726362324535896,0.14618154858609755,,event|fast|slow,True,"{""event"": 1.119979466089972, ""fast"": 0.8290105628206944, ""slow"": 1.135568134420412}",{},3.30700969719544e-07,0.0
cache_fill_leaning,11001,3,1,-1.0,0.9999999999999999,0.0,-2.059033669299085,-1.748871296385829,1.3636465154142647,1.3636465154142647,0.0,True,-1.3636465154142647,-1.0281860544436927,-1.127773800255192,0.335460460970572,0.2358727151590727,0.7314925452592419,0.6061853451046112,0.90571565540191,0.978879058387026,1.5353152639887047,0.4409350322063014,0.6119679825551456,1.3894172975869266,0.0,0.6532323728987623,0.3808904538296768,0.16726362324535896,0.14618154858609755,event|slow,fast,True,"{""event"": 1.119979466089972, ""fast"": 0.8290105628206944, ""slow"": 1.135568134420412}","{""event"": 1.119979466089972, ""slow"": 1.135568134420412}",3.30700969719544e-07,0.0
cache_fill_leaning,11001,3,4,1.0,0.9999999999999999,0.0,-0.9055876100945252,-1.082558321837505,0.8378043219919774,0.8378043219919774,0.0,False,0.8378043219919774,0.9367979073324469,0.9906915795883233,0.09899358534046954,0.15288725759634592,0.3656716056549275,0.2714990722286583,0.8259101039861678,0.9752506035138898,0.8033810891455786,0.31452320753251206,0.39954022192339056,0.17762946704937957,0.0,0.7834978920408716,0.0,0.16726362324535896,0.266360147948927,event|slow,fast,True,"{""event"": 0.7813831591766466, ""fast"": 0.8290105628206944, ""slow"": 1.3193419435207088}","{""event"": 0.7813831591766466, ""slow"": 1.3193419435207088}",3.8990555073503685e-07,0.0
cache_fill_leaning,11001,3,4,-1.0,0.9999999999999999,0.0,-0.9055876100945252,-1.082558321837505,0.8378043219919774,0.8378043219919774,0.0,False,-0.8378043219919774,-0.9827841687804678,-1.0596709717603545,0.1449798467884904,0.2218666497683771,0.5540166725074659,0.5540166725074659,0.20523737942025402,0.22110237526040621,0.8033810891455786,0.449673206912579,0.6261109846075414,0.17762946704937957,0.0,0.7834978920408716,0.41740732307169426,0.16726362324535896,0.0,event|slow,fast,True,"{""event"": 0.7813831591766466, ""fast"": 0.8290105628206944, ""slow"": 1.3193419435207088}","{""event"": 0.7813831591766466, ""slow"": 1.3193419435207088}",3.8990555073503685e-07,0.0
cache_fill_leaning,00101,2,2,1.0,0.9999999999999999,0.0,-2.3272083747280576,-1.5135581049749074,2.256128451537445,2.2561284515374456,4.440892098500626e-16,True,1.2,1.1733264886966575,0.0,0.0266735113033425,1.2,0.10336596428958035,0.0,,,0.0,0.14618154858609755,0.0,0.0,0.0,0.0,0.0,0.0,0.14618154858609755,,event,True,"{""event"": 1.119979466089972, ""fast"": 1.3805439907824364, ""slow"": 1.3193419435207088}",{},3.747279873067555e-07,0.0
cache_fill_leaning,00101,2,2,-1.0,0.9999999999999999,0.0,-2.3272083747280576,-1.5135581049749074,2.256128451537445,2.2561284515374456,4.440892098500626e-16,True,-2.256128451537445,-1.2732884667977058,-1.2732884667977058,0.9828399847397393,0.9828399847397393,1.656131413672904,1.656131413672904,0.8294046868475018,0.8294046868475018,3.3175740157754303,0.5780739566213319,0.5780739566213319,1.669985012059441,1.423300868942133,2.488305054874445,0.41740732307169426,0.37225203938049045,0.14618154858609755,event|fast|slow,,False,"{""event"": 1.119979466089972, ""fast"": 1.3805439907824364, ""slow"": 1.3193419435207088}","{""event"": 1.119979466089972, ""fast"": 1.3805439907824364, ""slow"": 1.3193419435207088}",3.747279873067555e-07,0.0
cache_fill_leaning,00101,2,4,1.0,0.9999999999999999,0.0,-0.10266164957572041,-0.24862208219215806,0.864191896320405,0.8641918963204049,1.1102230246251565e-16,False,0.864191896320405,0.9367979073324469,0.9367979073324469,0.0726060110120419,0.0726060110120419,0.14219584208917166,0.14219584208917166,0.8633363282160369,0.8633363282160369,0.358684205701815,0.31452320753251206,0.31452320753251206,0.18055279090569748,0.15388218596590586,0.26902661942354283,0.0,0.16726362324535896,0.266360147948927,event|fast|slow,,False,"{""event"": 0.7813831591766466, ""fast"": 0.8290105628206944, ""slow"": 1.3193419435207088}","{""event"": 0.7813831591766466, ""fast"": 0.8290105628206944, ""slow"": 1.3193419435207088}",3.5042434110010845e-07,0.0
cache_fill_leaning,00101,2,4,-1.0,0.9999999999999999,0.0,-0.10266164957572041,-0.24862208219215806,0.864191896320405,0.8641918963204049,1.1102230246251565e-16,False,-0.864191896320405,-0.9827841687804678,-0.9827841687804678,0.11859227246006276,0.11859227246006276,0.4709284277259498,0.4709284277259498,-0.30767534773934696,-0.30767534773934696,0.358684205701815,0.449673206912579,0.449673206912579,0.18055279090569748,0.15388218596590586,0.26902661942354283,0.41740732307169426,0.16726362324535896,0.0,event|fast|slow,,False,"{""event"": 0.7813831591766466, ""fast"": 0.8290105628206944, ""slow"": 1.3193419435207088}","{""event"": 0.7813831591766466, ""fast"": 0.8290105628206944, ""slow"": 1.3193419435207088}",3.5042434110010845e-07,0.0
cache_fill_leaning,10101,3,0,1.0,1.0,0.0,-0.6714418322752457,-0.6372687893809439,1.0347636497334793,1.0347636497334796,2.220446049250313e-16,False,1.0347636497334793,0.9386198190498548,0.9386198190498548,0.09614383068362453,0.09614383068362453,0.27693863436750615,0.27693863436750615,0.8360838887928204,0.8360838887928204,0.6489462709222074,0.27339312910751185,0.27339312910751185,0.35260191820747544,0.08683302540388933,0.5378319212537085,0.15936636481705183,0.16726362324535896,0.14618154858609755,event|fast|slow,,False,"{""event"": 1.119979466089972, ""fast"": 0.8290105628206944, ""slow"": 0.8668694282388981}","{""event"": 1.119979466089972, ""fast"": 0.8290105628206944, ""slow"": 0.8668694282388981}",1.6772476829629568e-07,0.0
cache_fill_leaning,10101,3,0,-1.0,1.0,0.0,-0.6714418322752457,-0.6372687893809439,1.0347636497334793,1.0347636497334796,2.220446049250313e-16,False,-1.0347636497334793,-0.9386198190498548,-0.9386198190498548,0.09614383068362453,0.09614383068362453,0.27693863436750615,0.27693863436750615,0.8360838887928204,0.8360838887928204,0.6489462709222074,0.27339312910751185,0.27339312910751185,0.35260191820747544,0.08683302540388933,0.5378319212537085,0.15936636481705183,0.16726362324535896,0.14618154858609755,event|fast|slow,,False,"{""event"": 1.119979466089972, ""fast"": 0.8290105628206944, ""slow"": 0.8668694282388981}","{""event"": 1.119979466089972, ""fast"": 0.8290105628206944, ""slow"": 0.8668694282388981}",1.6772476829629568e-07,0.0
cache_fill_leaning,10101,3,2,1.0,1.0,0.0,-3.0425424982230234,-2.265891837615369,2.174177996815746,2.174177996815746,0.0,True,1.2,1.1733264886966575,0.0,0.0266735113033425,1.2,0.10336596428958035,0.0,,,0.0,0.14618154858609755,0.0,0.0,0.0,0.0,0.0,0.0,0.14618154858609755,,event,True,"{""event"": 1.119979466089972, ""fast"": 1.3805439907824364, ""slow"": 1.3193419435207088}",{},4.982228991590176e-07,0.0
cache_fill_leaning,10101,3,2,-1.0,1.0,0.0,-3.0425424982230234,-2.265891837615369,2.174177996815746,2.174177996815746,0.0,True,-2.174177996815746,-1.2732884667977058,-1.2732884667977058,0.9008895300180404,0.9008895300180404,1.418129914273739,1.418129914273739,0.9750522642986705,0.9750522642986705,3.060259051319101,0.5780739566213319,0.5780739566213319,2.367158463179562,1.576298361110688,1.130057409222034,0.41740732307169426,0.37225203938049045,0.14618154858609755,event|fast|slow,,False,"{""event"": 1.119979466089972, ""fast"": 1.3805439907824364, ""slow"": 1.3193419435207088}","{""event"": 1.119979466089972, ""fast"": 1.3805439907824364, ""slow"": 1.3193419435207088}",4.982228991590176e-07,0.0
cache_fill_leaning,10101,3,4,1.0,1.0,0.0,-0.8179957730706856,-1.0009558148326199,0.8328014323501445,0.8328014323501445,0.0,False,0.8328014323501445,0.9367979073324469,0.9367979073324469,0.10399647498230247,0.10399647498230247,0.33837853354772607,0.33837853354772607,0.8658385151050486,0.8658385151050486,0.7715040022862697,0.31452320753251206,0.31452320753251206,0.18830555350114891,0.06988520320585417,0.7448996593080406,0.0,0.16726362324535896,0.266360147948927,event|fast|slow,,False,"{""event"": 0.7813831591766466, ""fast"": 0.8290105628206944, ""slow"": 1.3193419435207088}","{""event"": 0.7813831591766466, ""fast"": 0.8290105628206944, ""slow"": 1.3193419435207088}",2.2692933998591514e-07,0.0
cache_fill_leaning,10101,3,4,-1.0,1.0,0.0,-0.8179957730706856,-1.0009558148326199,0.8328014323501445,0.8328014323501445,0.0,False,-0.8328014323501445,-0.9827841687804678,-0.9827841687804678,0.14998273643032334,0.14998273643032334,0.5267236004002644,0.5267236004002644,0.15691157975672892,0.15691157975672892,0.7715040022862697,0.449673206912579,0.449673206912579,0.18830555350114891,0.06988520320585417,0.7448996593080406,0.41740732307169426,0.16726362324535896,0.0,event|fast|slow,,False,"{""event"": 0.7813831591766466, ""fast"": 0.8290105628206944, ""slow"": 1.3193419435207088}","{""event"": 0.7813831591766466, ""fast"": 0.8290105628206944, ""slow"": 1.3193419435207088}",2.2692933998591514e-07,0.0
cache_fill_leaning,01101,3,1,1.0,0.9999999999999999,0.0,-1.5066798276460798,-1.2517948166867177,1.29031324046035,1.29031324046035,0.0,True,1.2,1.0281860544436927,0.0,0.17181394555630725,1.2,0.3040849693050801,0.0,,,0.0,0.4409350322063014,0.0,0.0,0.0,0.0,0.3808904538296768,0.16726362324535896,0.14618154858609755,,event|fast|slow,True,"{""event"": 1.119979466089972, ""fast"": 0.8290105628206944, ""slow"": 1.135568134420412}",{},1.723539351239367e-07,0.0
cache_fill_leaning,01101,3,1,-1.0,0.9999999999999999,0.0,-1.5066798276460798,-1.2517948166867177,1.29031324046035,1.29031324046035,0.0,True,-1.29031324046035,-1.0281860544436927,-1.0281860544436927,0.2621271860166572,0.2621271860166572,0.6151288210604154,0.6151288210604154,0.8598256349394272,0.8598256349394272,1.404297219149876,0.4409350322063014,0.4409350322063014,0.9553369416845784,0.16405028014166417,1.01610506993631,0.3808904538296768,0.16726362324535896,0.14618154858609755,event|fast|slow,,False,"{""event"": 1.119979466089972, ""fast"": 0.8290105628206944, ""slow"": 1.135568134420412}","{""event"": 1.119979466089972, ""fast"": 0.8290105628206944, ""slow"": 1.135568134420412}",1.723539351239367e-07,0.0
cache_fill_leaning,01101,3,2,1.0,0.9999999999999999,0.0,-2.577780493593857,-1.850417864921143,2.069615060084957,2.069615060084957,0.0,True,1.2,1.1733264886966575,0.0,0.0266735113033425,1.2,0.10336596428958035,0.0,,,0.0,0.14618154858609755,0.0,0.0,0.0,0.0,0.0,0.0,0.14618154858609755,,event,True,"{""event"": 1.119979466089972, ""fast"": 1.3805439907824364, ""slow"": 1.3193419435207088}",{},4.935937351069342e-07,0.0
cache_fill_leaning,01101,3,2,-1.0,0.9999999999999999,0.0,-2.577780493593857,-1.850417864921143,2.069615060084957,2.069615060084957,0.0,True,-2.069615060084957,-1.2732884667977058,-1.2732884667977058,0.7963265932872514,0.7963265932872514,1.1245980716814155,1.1245980716814155,0.9060547666237987,0.9060547666237987,2.7986379643533628,0.5780739566213319,0.5780739566213319,1.784693368700801,1.4110320926868263,1.6297952229170256,0.41740732307169426,0.37225203938049045,0.14618154858609755,event|fast|slow,,False,"{""event"": 1.119979466089972, ""fast"": 1.3805439907824364, ""slow"": 1.3193419435207088}","{""event"": 1.119979466089972, ""fast"": 1.3805439907824364, ""slow"": 1.3193419435207088}",4.935937351069342e-07,0.0
cache_fill_leaning,01101,3,4,1.0,0.9999999999999999,0.0,-0.3532337684415198,-0.5854818421383937,0.7927494386276096,0.7927494386276096,0.0,True,0.7927494386276096,0.9367979073324469,0.9367979073324469,0.14404846870483734,0.14404846870483734,0.1935189606697854,0.1935189606697854,0.8377784406710963,0.8377784406710963,0.5662074596067582,0.31452320753251206,0.31452320753251206,0.252161091415597,0.10079007438736944,0.4968370278022987,0.0,0.16726362324535896,0.266360147948927,event|fast|slow,,False,"{""event"": 0.7813831591766466, ""fast"": 0.8290105628206944, ""slow"": 1.3193419435207088}","{""event"": 0.7813831591766466, ""fast"": 0.8290105628206944, ""slow"": 1.3193419435207088}",2.3155850703560077e-07,0.0
cache_fill_leaning,01101,3,4,-1.0,0.9999999999999999,0.0,-0.3532337684415198,-0.5854818421383937,0.7927494386276096,0.7927494386276096,0.0,True,-0.8,-0.9827841687804678,0.0,0.18278416878046777,0.8,0.32873258563677815,0.0,,,0.0,0.449673206912579,0.0,0.0,0.0,0.0,0.41740732307169426,0.16726362324535896,0.0,,fast|slow,True,"{""event"": 0.7813831591766466, ""fast"": 0.8290105628206944, ""slow"": 1.3193419435207088}",{},2.3155850703560077e-07,0.0
cache_fill_leaning,11101,4,0,1.0,0.9999999999999998,0.0,-0.8018171865889528,-0.8101811437906643,0.9916709233740343,0.9916709233740343,0.0,False,0.9916709233740343,0.9386198190498548,0.9386198190498548,0.05305110432417948,0.05305110432417948,0.25192631952453937,0.25192631952453937,0.8479823739023304,0.8479823739023304,0.6425775104906772,0.27339312910751185,0.27339312910751185,0.4690481290005797,0.07000297014561753,0.43358885345479514,0.15936636481705183,0.16726362324535896,0.14618154858609755,event|fast|slow,,False,"{""event"": 1.119979466089972, ""fast"": 0.8290105628206944, ""slow"": 0.8668694282388981}","{""event"": 1.119979466089972, ""fast"": 0.8290105628206944, ""slow"": 0.8668694282388981}",1.8658893541356747e-07,0.0
cache_fill_leaning,11101,4,0,-1.0,0.9999999999999998,0.0,-0.8018171865889528,-0.8101811437906643,0.9916709233740343,0.9916709233740343,0.0,False,-0.9916709233740343,-0.9386198190498548,-0.9386198190498548,0.05305110432417948,0.05305110432417948,0.25192631952453937,0.25192631952453937,0.8479823739023304,0.8479823739023304,0.6425775104906772,0.27339312910751185,0.27339312910751185,0.4690481290005797,0.07000297014561753,0.43358885345479514,0.15936636481705183,0.16726362324535896,0.14618154858609755,event|fast|slow,,False,"{""event"": 1.119979466089972, ""fast"": 0.8290105628206944, ""slow"": 0.8668694282388981}","{""event"": 1.119979466089972, ""fast"": 0.8290105628206944, ""slow"": 0.8668694282388981}",1.8658893541356747e-07,0.0
cache_fill_leaning,11101,4,1,1.0,0.9999999999999998,0.0,-2.101817186588953,-1.8401811437906643,1.299053656445799,1.299053656445799,0.0,True,1.2,1.0281860544436927,0.0,0.17181394555630725,1.2,0.3040849693050801,0.0,,,0.0,0.4409350322063014,0.0,0.0,0.0,0.0,0.3808904538296768,0.16726362324535896,0.14618154858609755,,event|fast|slow,True,"{""event"": 1.119979466089972, ""fast"": 0.8290105628206944, ""slow"": 1.135568134420412}",{},1.8658893530254517e-07,0.0
cache_fill_leaning,11101,4,1,-1.0,0.9999999999999998,0.0,-2.101817186588953,-1.8401811437906643,1.299053656445799,1.299053656445799,0.0,True,-1.299053656445799,-1.0281860544436927,-1.0281860544436927,0.27086760200210636,0.27086760200210636,0.7097124719197104,0.7097124719197104,0.9420523805423505,0.9420523805423505,1.4294636994256682,0.4409350322063014,0.4409350322063014,1.3085676300709377,0.09170140233649979,0.5679859842599692,0.3808904538296768,0.16726362324535896,0.14618154858609755,event|fast|slow,,False,"{""event"": 1.119979466089972, ""fast"": 0.8290105628206944, ""slow"": 1.135568134420412}","{""event"": 1.119979466089972, ""fast"": 0.8290105628206944, ""slow"": 1.135568134420412}",1.8658893530254517e-07,0.0
cache_fill_leaning,11101,4,2,1.0,0.9999999999999998,0.0,-3.1729178525367305,-2.4388041920250894,2.0836343663957573,2.083634366395757,4.440892098500626e-16,True,1.2,1.1733264886966575,0.0,0.0266735113033425,1.2,0.10336596428958035,0.0,,,0.0,0.14618154858609755,0.0,0.0,0.0,0.0,0.0,0.0,0.14618154858609755,,event,True,"{""event"": 1.119979466089972, ""fast"": 1.3805439907824364, ""slow"": 1.3193419435207088}",{},1.47463280475435e-07,0.0
cache_fill_leaning,11101,4,2,-1.0,0.9999999999999998,0.0,-3.1729178525367305,-2.4388041920250894,2.0836343663957573,2.083634366395757,4.440892098500626e-16,True,-2.0836343663957573,-1.2732884667977058,-1.2732884667977058,0.8103458995980515,0.8103458995980515,1.410408958661862,1.410408958661862,0.990930670675801,0.990930670675801,2.841330638992205,0.5780739566213319,0.5780739566213319,2.208270333293213,1.5384175991811673,0.9110286634912144,0.41740732307169426,0.37225203938049045,0.14618154858609755,event|fast|slow,,False,"{""event"": 1.119979466089972, ""fast"": 1.3805439907824364, ""slow"": 1.3193419435207088}","{""event"": 1.119979466089972, ""fast"": 1.3805439907824364, ""slow"": 1.3193419435207088}",1.47463280475435e-07,0.0
cache_fill_leaning,11101,4,4,1.0,0.9999999999999998,0.0,-0.9483711273843928,-1.1738681692423403,0.7981194213950223,0.7981194213950223,0.0,True,0.7981194213950223,0.9367979073324469,0.9367979073324469,0.1386784859374246,0.1386784859374246,0.36302080389097013,0.36302080389097013,0.8774080401315283,0.8774080401315283,0.7867576109485961,0.31452320753251206,0.31452320753251206,0.08834419650969343,0.056339990123397216,0.7797490922351207,0.0,0.16726362324535896,0.266360147948927,event|fast|slow,,False,"{""event"": 0.7813831591766466, ""fast"": 0.8290105628206944, ""slow"": 1.3193419435207088}","{""event"": 0.7813831591766466, ""fast"": 0.8290105628206944, ""slow"": 1.3193419435207088}",1.2738438470716318e-07,0.0
cache_fill_leaning,11101,4,4,-1.0,0.9999999999999998,0.0,-0.9483711273843928,-1.1738681692423403,0.7981194213950223,0.7981194213950223,0.0,True,-0.8,-0.9827841687804678,0.0,0.18278416878046777,0.8,0.32873258563677815,0.0,,,0.0,0.449673206912579,0.0,0.0,0.0,0.0,0.41740732307169426,0.16726362324535896,0.0,,fast|slow,True,"{""event"": 0.7813831591766466, ""fast"": 0.8290105628206944, ""slow"": 1.3193419435207088}",{},1.2738438470716318e-07,0.0
cache_fill_leaning,00011,2,3,1.0,1.0,0.0,-1.6401559681988305,-1.2950004458963988,1.4122095326678932,1.4122095326678932,0.0,True,1.2,1.049663342970222,0.0,0.15033665702977794,1.2,0.11827324224262516,0.0,,,0.0,0.22213996670611746,0.0,0.0,0.0,0.0,0.0,0.16726362324535896,0.14618154858609755,,event|fast,True,"{""event"": 1.119979466089972, ""fast"": 0.8290105628206944, ""slow"": 1.3193419435207088}",{},3.180116991963189e-08,0.0
cache_fill_leaning,00011,2,3,-1.0,1.0,0.0,-1.6401559681988305,-1.2950004458963988,1.4122095326678932,1.4122095326678932,0.0,True,-1.4122095326678932,-1.0894439908104585,-1.0894439908104585,0.32276554185743467,0.32276554185743467,0.9220425658652804,0.9220425658652804,0.8238777672660472,0.8238777672660472,1.8534709795135527,0.47283722163348424,0.47283722163348424,0.9732420735855345,0.6206683741525367,1.450146650318065,0.41740732307169426,0.16726362324535896,0.14618154858609755,event|fast|slow,,False,"{""event"": 1.119979466089972, ""fast"": 0.8290105628206944, ""slow"": 1.3193419435207088}","{""event"": 1.119979466089972, ""fast"": 0.8290105628206944, ""slow"": 1.3193419435207088}",3.180116991963189e-08,0.0
cache_fill_leaning,00011,2,4,1.0,1.0,0.0,-0.2156092430464931,-0.32006442311364947,0.9008151709775738,0.9008151709775738,0.0,False,0.9008151709775738,0.9367979073324469,0.9367979073324469,0.035982736354873146,0.035982736354873146,0.22387516771904595,0.22387516771904595,0.48450358659690984,0.48450358659690984,0.4459775614873824,0.31452320753251206,0.31452320753251206,0.23417907888070408,0.14934367522146713,0.3489306679501844,0.0,0.16726362324535896,0.266360147948927,event|fast|slow,,False,"{""event"": 0.7813831591766466, ""fast"": 0.8290105628206944, ""slow"": 1.3193419435207088}","{""event"": 0.7813831591766466, ""fast"": 0.8290105628206944, ""slow"": 1.3193419435207088}",2.430464635105878e-07,0.0
cache_fill_leaning,00011,2,4,-1.0,1.0,0.0,-0.2156092430464931,-0.32006442311364947,0.9008151709775738,0.9008151709775738,0.0,False,-0.9008151709775738,-0.9827841687804678,-0.9827841687804678,0.08196899780289402,0.08196899780289402,0.5131622538466728,0.5131622538466728,-0.6119740733753957,-0.6119740733753957,0.4459775614873824,0.449673206912579,0.449673206912579,0.23417907888070408,0.14934367522146713,0.3489306679501844,0.41740732307169426,0.16726362324535896,0.0,event|fast|slow,,False,"{""event"": 0.7813831591766466, ""fast"": 0.8290105628206944, ""slow"": 1.3193419435207088}","{""event"": 0.7813831591766466, ""fast"": 0.8290105628206944, ""slow"": 1.3193419435207088}",2.430464635105878e-07,0.0
cache_fill_leaning,10011,3,0,1.0,0.9999999999999999,0.0,-0.7282707926323712,-0.671573726962521,1.0583351557778167,1.058335155777817,2.220446049250313e-16,False,1.0583351557778167,0.9386198190498548,0.9386198190498548,0.11971533672796186,0.11971533672796186,0.272484586186112,0.272484586186112,0.6839136570566305,0.6839136570566305,0.6692100608494668,0.27339312910751185,0.27339312910751185,0.3974297895748146,0.08581605511152146,0.5315329459081176,0.15936636481705183,0.16726362324535896,0.14618154858609755,event|fast|slow,,False,"{""event"": 1.119979466089972, ""fast"": 0.8290105628206944, ""slow"": 0.8668694282388981}","{""event"": 1.119979466089972, ""fast"": 0.8290105628206944, ""slow"": 0.8668694282388981}",2.0736765038442684e-07,0.0
cache_fill_leaning,10011,3,0,-1.0,0.9999999999999999,0.0,-0.7282707926323712,-0.671573726962521,1.0583351557778167,1.058335155777817,2.220446049250313e-16,False,-1.0583351557778167,-0.9386198190498548,-0.9386198190498548,0.11971533672796186,0.11971533672796186,0.272484586186112,0.272484586186112,0.6839136570566305,0.6839136570566305,0.6692100608494668,0.27339312910751185,0.27339312910751185,0.3974297895748146,0.08581605511152146,0.5315329459081176,0.15936636481705183,0.16726362324535896,0.14618154858609755,event|fast|slow,,False,"{""event"": 1.119979466089972, ""fast"": 0.8290105628206944, ""slow"": 0.8668694282388981}","{""event"": 1.119979466089972, ""fast"": 0.8290105628206944, ""slow"": 0.8668694282388981}",2.0736765038442684e-07,0.0
cache_fill_leaning,10011,3,3,1.0,0.9999999999999999,0.0,-2.2993714585801484,-2.0101967751969463,1.3353249672394034,1.3353249672394034,0.0,True,1.2,1.049663342970222,0.0,0.15033665702977794,1.2,0.11827324224262516,0.0,,,0.0,0.22213996670611746,0.0,0.0,0.0,0.0,0.0,0.16726362324535896,0.14618154858609755,,event|fast,True,"{""event"": 1.119979466089972, ""fast"": 0.8290105628206944, ""slow"": 1.3193419435207088}",{},4.5858004338317215e-07,0.0
cache_fill_leaning,10011,3,3,-1.0,0.9999999999999999,0.0,-2.2993714585801484,-2.0101967751969463,1.3353249672394034,1.3353249672394034,0.0,True,-1.3353249672394034,-1.0894439908104585,-1.0894439908104585,0.2458809764289449,0.2458809764289449,0.7079651496908952,0.7079651496908952,0.9820016875436592,0.9820016875436592,1.7068277846429951,0.47283722163348424,0.47283722163348424,1.4048202523471052,0.6999813229024067,0.6706469209744624,0.41740732307169426,0.16726362324535896,0.14618154858609755,event|fast|slow,,False,"{""event"": 1.119979466089972, ""fast"": 0.8290105628206944, ""slow"": 1.3193419435207088}","{""event"": 1.119979466089972, ""fast"": 0.8290105628206944, ""slow"": 1.3193419435207088}",4.5858004338317215e-07,0.0
cache_fill_leaning,10011,3,4,1.0,0.9999999999999999,0.0,-0.8748247334278111,-1.035260752414197,0.8517723190849369,0.8517723190849369,0.0,False,0.8517723190849369,0.9367979073324469,0.9367979073324469,0.08502558824751005,0.08502558824751005,0.36093414004550683,0.36093414004550683,0.777585794791953,0.777585794791953,0.7987761521514529,0.31452320753251206,0.31452320753251206,0.17279419799026027,0.06906672227413643,0.7767981039247528,0.0,0.16726362324535896,0.266360147948927,event|fast|slow,,False,"{""event"": 0.7813831591766466, ""fast"": 0.8290105628206944, ""slow"": 1.3193419435207088}","{""event"": 0.7813831591766466, ""fast"": 0.8290105628206944, ""slow"": 1.3193419435207088}",2.6657222451653695e-07,0.0
cache_fill_leaning,10011,3,4,-1.0,0.9999999999999999,0.0,-0.8748247334278111,-1.035260752414197,0.8517723190849369,0.8517723190849369,0.0,False,-0.8517723190849369,-0.9827841687804678,-0.9827841687804678,0.13101184969553092,0.13101184969553092,0.5492792068980452,0.5492792068980452,0.05377238443945362,0.05377238443945362,0.7987761521514529,0.449673206912579,0.449673206912579,0.17279419799026027,0.06906672227413643,0.7767981039247528,0.41740732307169426,0.16726362324535896,0.0,event|fast|slow,,False,"{""event"": 0.7813831591766466, ""fast"": 0.8290105628206944, ""slow"": 1.3193419435207088}","{""event"": 0.7813831591766466, ""fast"": 0.8290105628206944, ""slow"": 1.3193419435207088}",2.6657222451653695e-07,0.0
cache_fill_leaning,01011,3,1,1.0,1.0,0.0,-1.5956705221445888,-1.3033210486049502,1.3395710804938363,1.3395710804938363,0.0,True,1.2,1.0281860544436927,0.0,0.17181394555630725,1.2,0.3040849693050801,0.0,,,0.0,0.4409350322063014,0.0,0.0,0.0,0.0,0.3808904538296768,0.16726362324535896,0.14618154858609755,,event|fast|slow,True,"{""event"": 1.119979466089972, ""fast"": 0.8290105628206944, ""slow"": 1.135568134420412}",{},4.778555253714956e-07,0.0
cache_fill_leaning,01011,3,1,-1.0,1.0,0.0,-1.5956705221445888,-1.3033210486049502,1.3395710804938363,1.3395710804938363,0.0,True,-1.3395710804938363,-1.0281860544436927,-1.0281860544436927,0.3113850260501436,0.3113850260501436,0.605096216518268,0.605096216518268,0.7825493401031909,0.7825493401031909,1.442523274601753,0.4409350322063014,0.4409350322063014,1.025119461692306,0.16175958629217704,1.0019168245268788,0.3808904538296768,0.16726362324535896,0.14618154858609755,event|fast|slow,,False,"{""event"": 1.119979466089972, ""fast"": 0.8290105628206944, ""slow"": 1.135568134420412}","{""event"": 1.119979466089972, ""fast"": 0.8290105628206944, ""slow"": 1.135568134420412}",4.778555253714956e-07,0.0
cache_fill_leaning,01011,3,3,1.0,1.0,0.0,-1.8667711880923663,-1.6119440968393755,1.2902385080605956,1.2902385080605958,2.220446049250313e-16,True,1.2,1.049663342970222,0.0,0.15033665702977794,1.2,0.11827324224262516,0.0,,,0.0,0.22213996670611746,0.0,0.0,0.0,0.0,0.0,0.16726362324535896,0.14618154858609755,,event|fast,True,"{""event"": 1.119979466089972, ""fast"": 0.8290105628206944, ""slow"": 1.3193419435207088}",{},1.8809234869632263e-07,0.0
cache_fill_leaning,01011,3,3,-1.0,1.0,0.0,-1.8667711880923663,-1.6119440968393755,1.2902385080605956,1.2902385080605958,2.220446049250313e-16,True,-1.2902385080605956,-1.0894439908104585,-1.0894439908104585,0.20079451725013708,0.20079451725013708,0.579005580224425,0.579005580224425,0.895830110060712,0.895830110060712,1.5616604692635085,0.47283722163348424,0.47283722163348424,1.05673593309433,0.6251645698875767,0.9650190928291825,0.41740732307169426,0.16726362324535896,0.14618154858609755,event|fast|slow,,False,"{""event"": 1.119979466089972, ""fast"": 0.8290105628206944, ""slow"": 1.3193419435207088}","{""event"": 1.119979466089972, ""fast"": 0.8290105628206944, ""slow"": 1.3193419435207088}",1.8809234869632263e-07,0.0
cache_fill_leaning,01011,3,4,1.0,1.0,0.0,-0.4422244629400289,-0.6370080740566263,0.823012729594556,0.823012729594556,0.0,False,0.823012729594556,0.9367979073324469,0.9367979073324469,0.11378517773789099,0.11378517773789099,0.21358446416898935,0.21358446416898935,0.665600843786929,0.665600843786929,0.618285834151422,0.31452320753251206,0.31452320753251206,0.26778652095539496,0.09938270584591297,0.5483528332065681,0.0,0.16726362324535896,0.266360147948927,event|fast|slow,,False,"{""event"": 0.7813831591766466, ""fast"": 0.8290105628206944, ""slow"": 1.3193419435207088}","{""event"": 0.7813831591766466, ""fast"": 0.8290105628206944, ""slow"": 1.3193419435207088}",4.6293992173040976e-07,0.0
cache_fill_leaning,01011,3,4,-1.0,1.0,0.0,-0.4422244629400289,-0.6370080740566263,0.823012729594556,0.823012729594556,0.0,False,-0.823012729594556,-0.9827841687804678,-0.9827841687804678,0.15977143918591186,0.15977143918591186,0.4558327320031522,0.4558327320031522,-0.27843861606665415,-0.27843861606665415,0.618285834151422,0.449673206912579,0.449673206912579,0.26778652095539496,0.09938270584591297,0.5483528332065681,0.41740732307169426,0.16726362324535896,0.0,event|fast|slow,,False,"{""event"": 0.7813831591766466, ""fast"": 0.8290105628206944, ""slow"": 1.3193419435207088}","{""event"": 0.7813831591766466, ""fast"": 0.8290105628206944, ""slow"": 1.3193419435207088}",4.6293992173040976e-07,0.0
cache_fill_leaning,11011,4,0,1.0,1.0,0.0,-0.8518704999129528,-0.8391168318679065,1.0128353429180819,1.0128353429180819,0.0,False,1.0128353429180819,0.9386198190498548,0.9386198190498548,0.07421552386822705,0.07421552386822705,0.2778408255168886,0.2778408255168886,0.7196829246821078,0.7196829246821078,0.6629094447960969,0.27339312910751185,0.27339312910751185,0.49954175799743394,0.06945781632684526,0.43021224502309185,0.15936636481705183,0.16726362324535896,0.14618154858609755,event|fast|slow,,False,"{""event"": 1.119979466089972, ""fast"": 0.8290105628206944, ""slow"": 0.8668694282388981}","{""event"": 1.119979466089972, ""fast"": 0.8290105628206944, ""slow"": 0.8668694282388981}",4.999128278004861e-07,0.0
cache_fill_leaning,11011,4,0,-1.0,1.0,0.0,-0.8518704999129528,-0.8391168318679065,1.0128353429180819,1.0128353429180819,0.0,False,-1.0128353429180819,-0.9386198190498548,-0.9386198190498548,0.07421552386822705,0.07421552386822705,0.2778408255168886,0.2778408255168886,0.7196829246821078,0.7196829246821078,0.6629094447960969,0.27339312910751185,0.27339312910751185,0.49954175799743394,0.06945781632684526,0.43021224502309185,0.15936636481705183,0.16726362324535896,0.14618154858609755,event|fast|slow,,False,"{""event"": 1.119979466089972, ""fast"": 0.8290105628206944, ""slow"": 0.8668694282388981}","{""event"": 1.119979466089972, ""fast"": 0.8290105628206944, ""slow"": 0.8668694282388981}",4.999128278004861e-07,0.0
cache_fill_leaning,11011,4,1,1.0,1.0,0.0,-2.1518704999129525,-1.8691168318679066,1.326778293668905,1.326778293668905,0.0,True,1.2,1.0281860544436927,0.0,0.17181394555630725,1.2,0.3040849693050801,0.0,,,0.0,0.4409350322063014,0.0,0.0,0.0,0.0,0.3808904538296768,0.16726362324535896,0.14618154858609755,,event|fast|slow,True,"{""event"": 1.119979466089972, ""fast"": 0.8290105628206944, ""slow"": 1.135568134420412}",{},4.999128273563969e-07,0.0
cache_fill_leaning,11011,4,1,-1.0,1.0,0.0,-2.1518704999129525,-1.8691168318679066,1.326778293668905,1.326778293668905,0.0,True,-1.326778293668905,-1.0281860544436927,-1.0281860544436927,0.2985922392252123,0.2985922392252123,0.7396585651000819,0.7396585651000819,0.8966122219934053,0.8966122219934053,1.4514770499431582,0.4409350322063014,0.4409350322063014,1.334505141647022,0.09098727021372663,0.5635627472503916,0.3808904538296768,0.16726362324535896,0.14618154858609755,event|fast|slow,,False,"{""event"": 1.119979466089972, ""fast"": 0.8290105628206944, ""slow"": 1.135568134420412}","{""event"": 1.119979466089972, ""fast"": 0.8290105628206944, ""slow"": 1.135568134420412}",4.999128273563969e-07,0.0
cache_fill_leaning,11011,4,3,1.0,1.0,0.0,-2.42297116586073,-2.1777398801023318,1.2779168429938552,1.2779168429938552,0.0,True,1.2,1.049663342970222,0.0,0.15033665702977794,1.2,0.11827324224262516,0.0,,,0.0,0.22213996670611746,0.0,0.0,0.0,0.0,0.0,0.16726362324535896,0.14618154858609755,,event|fast,True,"{""event"": 1.119979466089972, ""fast"": 0.8290105628206944, ""slow"": 1.3193419435207088}",{},1.6586071627244792e-07,0.0
cache_fill_leaning,11011,4,3,-1.0,1.0,0.0,-2.42297116586073,-2.1777398801023318,1.2779168429938552,1.2779168429938552,0.0,True,-1.2779168429938552,-1.0894439908104585,-1.0894439908104585,0.1884728521833967,0.1884728521833967,0.7074812870053857,0.7074812870053857,0.9949286493112312,0.9949286493112312,1.579938833557742,0.47283722163348424,0.47283722163348424,1.315729798649231,0.6858723771674822,0.5428083427590995,0.41740732307169426,0.16726362324535896,0.14618154858609755,event|fast|slow,,False,"{""event"": 1.119979466089972, ""fast"": 0.8290105628206944, ""slow"": 1.3193419435207088}","{""event"": 1.119979466089972, ""fast"": 0.8290105628206944, ""slow"": 1.3193419435207088}",1.6586071627244792e-07,0.0
cache_fill_leaning,11011,4,4,1.0,1.0,0.0,-0.9984244407083928,-1.2028038573195825,0.8151530299061853,0.8151530299061854,1.1102230246251565e-16,False,0.8151530299061853,0.9367979073324469,0.9367979073324469,0.12164487742626162,0.12164487742626162,0.38197602573016,0.38197602573016,0.8054266293155777,0.8054266293155777,0.8111468960121684,0.31452320753251206,0.31452320753251206,0.06558994759201467,0.05590123787186458,0.8065558240378936,0.0,0.16726362324535896,0.266360147948927,event|fast|slow,,False,"{""event"": 0.7813831591766466, ""fast"": 0.8290105628206944, ""slow"": 1.3193419435207088}","{""event"": 0.7813831591766466, ""fast"": 0.8290105628206944, ""slow"": 1.3193419435207088}",4.407082956348063e-07,0.0
cache_fill_leaning,11011,4,4,-1.0,1.0,0.0,-0.9984244407083928,-1.2028038573195825,0.8151530299061853,0.8151530299061854,1.1102230246251565e-16,False,-0.8151530299061853,-0.9827841687804678,-0.9827841687804678,0.1676311388742825,0.1676311388742825,0.5703210925826984,0.5703210925826984,0.04942407167924464,0.04942407167924464,0.8111468960121684,0.449673206912579,0.449673206912579,0.06558994759201467,0.05590123787186458,0.8065558240378936,0.41740732307169426,0.16726362324535896,0.0,event|fast|slow,,False,"{""event"": 0.7813831591766466, ""fast"": 0.8290105628206944, ""slow"": 1.3193419435207088}","{""event"": 0.7813831591766466, ""fast"": 0.8290105628206944, ""slow"": 1.3193419435207088}",4.407082956348063e-07,0.0
cache_fill_leaning,00111,3,2,1.0,0.9999999999999999,0.0,-2.5237130392884697,-1.77143661084433,2.1218247051122914,2.121824705112291,4.440892098500626e-16,True,1.2,1.1733264886966575,0.0,0.0266735113033425,1.2,0.10336596428958035,0.0,,,0.0,0.14618154858609755,0.0,0.0,0.0,0.0,0.0,0.0,0.14618154858609755,,event,True,"{""event"": 1.119979466089972, ""fast"": 1.3805439907824364, ""slow"": 1.3193419435207088}",{},3.928846903367145e-08,0.0
cache_fill_leaning,00111,3,2,-1.0,0.9999999999999999,0.0,-2.5237130392884697,-1.77143661084433,2.1218247051122914,2.121824705112291,4.440892098500626e-16,True,-2.1218247051122914,-1.2732884667977058,-1.2732884667977058,0.8485362383145856,0.8485362383145856,1.1752469637413816,1.1752469637413816,0.8795458708974506,0.8795458708974506,2.77280698947292,0.5780739566213319,0.5780739566213319,1.2135649946292053,1.7163963893065834,1.8082317438469604,0.41740732307169426,0.37225203938049045,0.14618154858609755,event|fast|slow,,False,"{""event"": 1.119979466089972, ""fast"": 1.3805439907824364, ""slow"": 1.3193419435207088}","{""event"": 1.119979466089972, ""fast"": 1.3805439907824364, ""slow"": 1.3193419435207088}",3.928846903367145e-08,0.0
cache_fill_leaning,00111,3,3,1.0,0.9999999999999999,0.0,-1.7237130392884694,-1.48143661084433,1.2741463544345706,1.2741463544345704,2.220446049250313e-16,True,1.2,1.049663342970222,0.0,0.15033665702977794,1.2,0.11827324224262516,0.0,,,0.0,0.22213996670611746,0.0,0.0,0.0,0.0,0.0,0.16726362324535896,0.14618154858609755,,event|fast,True,"{""event"": 1.119979466089972, ""fast"": 0.8290105628206944, ""slow"": 1.3193419435207088}",{},3.928846858958224e-08,0.0
cache_fill_leaning,00111,3,3,-1.0,0.9999999999999999,0.0,-1.7237130392884694,-1.48143661084433,1.2741463544345706,1.2741463544345704,2.220446049250313e-16,True,-1.2741463544345706,-1.0894439908104585,-1.0894439908104585,0.18470236362411208,0.18470236362411208,0.6644354460052181,0.6644354460052181,0.8245517964834472,0.8245517964834472,1.518186776582911,0.47283722163348424,0.47283722163348424,0.728740413876169,0.7712266116216664,1.0858351676480933,0.41740732307169426,0.16726362324535896,0.14618154858609755,event|fast|slow,,False,"{""event"": 1.119979466089972, ""fast"": 0.8290105628206944, ""slow"": 1.3193419435207088}","{""event"": 1.119979466089972, ""fast"": 0.8290105628206944, ""slow"": 1.3193419435207088}",3.928846858958224e-08,0.0
cache_fill_leaning,00111,3,4,1.0,0.9999999999999999,0.0,-0.29916631413613215,-0.5065005880615807,0.8127479241356667,0.8127479241356665,1.1102230246251565e-16,False,0.8127479241356667,0.9367979073324469,0.9906915795883233,0.12404998319678029,0.17794365545265667,0.24142913136402602,0.24142913136402602,0.703185043441719,0.8303344815478402,0.5501041930975333,0.31452320753251206,0.39954022192339056,0.3065539950625084,2.7755575615628914e-17,0.4567704799729333,0.0,0.16726362324535896,0.266360147948927,event|slow,fast,True,"{""event"": 0.7813831591766466, ""fast"": 0.8290105628206944, ""slow"": 1.3193419435207088}","{""event"": 0.7813831591766466, ""slow"": 1.3193419435207088}",3.141360828129436e-07,0.0
cache_fill_leaning,00111,3,4,-1.0,0.9999999999999999,0.0,-0.29916631413613215,-0.5065005880615807,0.8127479241356667,0.8127479241356665,1.1102230246251565e-16,False,-0.8127479241356667,-0.9827841687804678,-1.0596709717603545,0.17003624464480116,0.24692304762468786,0.5701617170008042,0.7345280098191933,-0.517279273780661,-0.5572653306573806,0.5501041930975333,0.449673206912579,0.6261109846075414,0.3065539950625084,2.7755575615628914e-17,0.4567704799729333,0.41740732307169426,0.16726362324535896,0.0,event|slow,fast,True,"{""event"": 0.7813831591766466, ""fast"": 0.8290105628206944, ""slow"": 1.3193419435207088}","{""event"": 0.7813831591766466, ""slow"": 1.3193419435207088}",3.141360828129436e-07,0.0
cache_fill_leaning,10111,4,0,1.0,1.0,0.0,-0.7723618634157395,-0.7671012624252045,1.0052744622474472,1.0052744622474472,0.0,False,1.0052744622474472,0.9386198190498548,0.9934244471644351,0.0666546431975924,0.011850015083012089,0.22994318603749941,0.18647524406840965,0.7738088790495142,0.9782571226504184,0.6569806509588136,0.27339312910751185,0.3243840896369154,0.47015686787629063,0.0,0.458885710523898,0.15936636481705183,0.16726362324535896,0.14618154858609755,event|slow,fast,True,"{""event"": 1.119979466089972, ""fast"": 0.8290105628206944, ""slow"": 0.8668694282388981}","{""event"": 1.119979466089972, ""slow"": 0.8668694282388981}",1.3658426989415773e-07,0.0
cache_fill_leaning,10111,4,0,-1.0,1.0,0.0,-0.7723618634157395,-0.7671012624252045,1.0052744622474472,1.0052744622474472,0.0,False,-1.0052744622474472,-0.9386198190498548,-0.9934244471644351,0.0666546431975924,0.011850015083012089,0.22994318603749941,0.18647524406840965,0.7738088790495142,0.9782571226504184,0.6569806509588136,0.27339312910751185,0.3243840896369154,0.47015686787629063,0.0,0.458885710523898,0.15936636481705183,0.16726362324535896,0.14618154858609755,event|slow,fast,True,"{""event"": 1.119979466089972, ""fast"": 0.8290105628206944, ""slow"": 0.8668694282388981}","{""event"": 1.119979466089972, ""slow"": 0.8668694282388981}",1.3658426989415773e-07,0.0
cache_fill_leaning,10111,4,2,1.0,1.0,0.0,-3.143462529363517,-2.39572431065963,2.112217236411551,2.1122172364115515,4.440892098500626e-16,True,1.2,1.1733264886966575,0.0,0.0266735113033425,1.2,0.10336596428958035,0.0,,,0.0,0.14618154858609755,0.0,0.0,0.0,0.0,0.0,0.0,0.14618154858609755,,event,True,"{""event"": 1.119979466089972, ""fast"": 1.3805439907824364, ""slow"": 1.3193419435207088}",{},4.706365939188828e-07,0.0
cache_fill_leaning,10111,4,2,-1.0,1.0,0.0,-3.143462529363517,-2.39572431065963,2.112217236411551,2.1122172364115515,4.440892098500626e-16,True,-2.112217236411551,-1.2732884667977058,-1.2732884667977058,0.8389287696138452,0.8389287696138452,1.1617149087968048,1.1617149087968048,0.9873631180088847,0.9873631180088847,2.815706188500471,0.5780739566213319,0.5780739566213319,2.0196926779033593,1.7086246706775206,0.964180772228704,0.41740732307169426,0.37225203938049045,0.14618154858609755,event|fast|slow,,False,"{""event"": 1.119979466089972, ""fast"": 1.3805439907824364, ""slow"": 1.3193419435207088}","{""event"": 1.119979466089972, ""fast"": 1.3805439907824364, ""slow"": 1.3193419435207088}",4.706365939188828e-07,0.0
cache_fill_leaning,10111,4,3,1.0,1.0,0.0,-2.3434625293635167,-2.10572431065963,1.2683771119561988,1.2683771119561988,0.0,True,1.2,1.049663342970222,0.0,0.15033665702977794,1.2,0.11827324224262516,0.0,,,0.0,0.22213996670611746,0.0,0.0,0.0,0.0,0.0,0.16726362324535896,0.14618154858609755,,event|fast,True,"{""event"": 1.119979466089972, ""fast"": 0.8290105628206944, ""slow"": 1.3193419435207088}",{},4.706365939188828e-07,0.0
cache_fill_leaning,10111,4,3,-1.0,1.0,0.0,-2.3434625293635167,-2.10572431065963,1.2683771119561988,1.2683771119561988,0.0,True,-1.2683771119561988,-1.0894439908104585,-1.0894439908104585,0.17893312114574034,0.17893312114574034,0.5722479906985588,0.5722479906985588,0.9722660577025914,0.9722660577025914,1.5477614123170533,0.47283722163348424,0.47283722163348424,1.212816523640473,0.7677345533406591,0.578986290899133,0.41740732307169426,0.16726362324535896,0.14618154858609755,event|fast|slow,,False,"{""event"": 1.119979466089972, ""fast"": 0.8290105628206944, ""slow"": 1.3193419435207088}","{""event"": 1.119979466089972, ""fast"": 0.8290105628206944, ""slow"": 1.3193419435207088}",4.706365939188828e-07,0.0
cache_fill_leaning,10111,4,4,1.0,1.0,0.0,-0.9189158042111795,-1.1307882878768805,0.8090678603566415,0.8090678603566415,0.0,False,0.8090678603566415,0.9367979073324469,0.9906915795883233,0.12773004697580548,0.18162371923168186,0.3595729103537517,0.26540037692748253,0.8343086652311794,0.9851677868529899,0.7865391507657944,0.31452320753251206,0.39954022192339056,0.13496524069445323,1.3877787807814457e-17,0.7748730344331678,0.0,0.16726362324535896,0.266360147948927,event|slow,fast,True,"{""event"": 0.7813831591766466, ""fast"": 0.8290105628206944, ""slow"": 1.3193419435207088}","{""event"": 0.7813831591766466, ""slow"": 1.3193419435207088}",1.9578883958537574e-07,0.0
cache_fill_leaning,10111,4,4,-1.0,1.0,0.0,-0.9189158042111795,-1.1307882878768805,0.8090678603566415,0.8090678603566415,0.0,False,-0.8090678603566415,-0.9827841687804678,-1.0596709717603545,0.17371630842382635,0.25060311140371305,0.5479179772062901,0.5479179772062901,-0.007222213193867529,-0.007780495425891067,0.7865391507657944,0.449673206912579,0.6261109846075414,0.13496524069445323,1.3877787807814457e-17,0.7748730344331678,0.41740732307169426,0.16726362324535896,0.0,event|slow,fast,True,"{""event"": 0.7813831591766466, ""fast"": 0.8290105628206944, ""slow"": 1.3193419435207088}","{""event"": 0.7813831591766466, ""slow"": 1.3193419435207088}",1.9578883958537574e-07,0.0
cache_fill_leaning,01111,4,1,1.0,1.0,0.0,-1.6628395078493683,-1.4424550771947147,1.2465558527693956,1.2465558527693956,0.0,True,1.2,1.0281860544436927,0.0,0.17181394555630725,1.2,0.3040849693050801,0.0,,,0.0,0.4409350322063014,0.0,0.0,0.0,0.0,0.3808904538296768,0.16726362324535896,0.14618154858609755,,event|fast|slow,True,"{""event"": 1.119979466089972, ""fast"": 0.8290105628206944, ""slow"": 1.135568134420412}",{},4.921507528177216e-07,0.0
cache_fill_leaning,01111,4,1,-1.0,1.0,0.0,-1.6628395078493683,-1.4424550771947147,1.2465558527693956,1.2465558527693956,0.0,True,-1.2465558527693956,-1.0281860544436927,-1.127773800255192,0.2183697983257029,0.1187820525142036,0.5350436976334262,0.41858852102484234,0.8428610652900782,0.9109470958367376,1.3174915362612598,0.4409350322063014,0.6119679825551456,1.0381059965022912,0.0,0.8112458863661738,0.3808904538296768,0.16726362324535896,0.14618154858609755,event|slow,fast,True,"{""event"": 1.119979466089972, ""fast"": 0.8290105628206944, ""slow"": 1.135568134420412}","{""event"": 1.119979466089972, ""slow"": 1.135568134420412}",4.921507528177216e-07,0.0
cache_fill_leaning,01111,4,2,1.0,1.0,0.0,-2.733940173797146,-2.0410781254291397,1.9994298169087623,1.9994298169087623,0.0,True,1.2,1.1733264886966575,0.0,0.0266735113033425,1.2,0.10336596428958035,0.0,,,0.0,0.14618154858609755,0.0,0.0,0.0,0.0,0.0,0.0,0.14618154858609755,,event,True,"{""event"": 1.119979466089972, ""fast"": 1.3805439907824364, ""slow"": 1.3193419435207088}",{},1.7379713090903692e-07,0.0
cache_fill_leaning,01111,4,2,-1.0,1.0,0.0,-2.733940173797146,-2.0410781254291397,1.9994298169087623,1.9994298169087623,0.0,True,-1.9994298169087623,-1.2732884667977058,-1.2732884667977058,0.7261413501110565,0.7261413501110565,0.88044418198332,0.88044418198332,0.9296030082626509,0.9296030082626509,2.5178093408501314,0.5780739566213319,0.5780739566213319,1.4248774035486953,1.6173881424537868,1.3012086144728647,0.41740732307169426,0.37225203938049045,0.14618154858609755,event|fast|slow,,False,"{""event"": 1.119979466089972, ""fast"": 1.3805439907824364, ""slow"": 1.3193419435207088}","{""event"": 1.119979466089972, ""fast"": 1.3805439907824364, ""slow"": 1.3193419435207088}",1.7379713090903692e-07,0.0
cache_fill_leaning,01111,4,3,1.0,1.0,0.0,-1.9339401737971458,-1.7510781254291399,1.2006487651991296,1.2006487651991298,2.220446049250313e-16,True,1.2,1.049663342970222,0.0,0.15033665702977794,1.2,0.11827324224262516,0.0,,,0.0,0.22213996670611746,0.0,0.0,0.0,0.0,0.0,0.16726362324535896,0.14618154858609755,,event|fast,True,"{""event"": 1.119979466089972, ""fast"": 0.8290105628206944, ""slow"": 1.3193419435207088}",{},1.7379713068699232e-07,0.0
cache_fill_leaning,01111,4,3,-1.0,1.0,0.0,-1.9339401737971458,-1.7510781254291399,1.2006487651991296,1.2006487651991298,2.220446049250313e-16,True,-1.2006487651991296,-1.0894439908104585,-1.0894439908104585,0.11120477438867105,0.11120477438867105,0.4491460755413951,0.4491460755413951,0.8852105789051201,0.8852105789051201,1.3677705540762146,0.47283722163348424,0.47283722163348424,0.8556325811804921,0.726739338624237,0.7813700201033891,0.41740732307169426,0.16726362324535896,0.14618154858609755,event|fast|slow,,False,"{""event"": 1.119979466089972, ""fast"": 0.8290105628206944, ""slow"": 1.3193419435207088}","{""event"": 1.119979466089972, ""fast"": 0.8290105628206944, ""slow"": 1.3193419435207088}",1.7379713068699232e-07,0.0
cache_fill_leaning,01111,4,4,1.0,1.0,0.0,-0.5093934486448084,-0.7761421026463906,0.7658655445156353,0.7658655445156353,0.0,True,0.7658655445156353,0.9367979073324469,0.9906915795883233,0.17093236281681168,0.22482603507268806,0.2277339343930154,0.2277339343930154,0.7639878443915081,0.9021316033355762,0.6481093459096395,0.31452320753251206,0.39954022192339056,0.27963388827635355,0.0,0.5846799233622347,0.0,0.16726362324535896,0.266360147948927,event|slow,fast,True,"{""event"": 0.7813831591766466, ""fast"": 0.8290105628206944, ""slow"": 1.3193419435207088}","{""event"": 0.7813831591766466, ""slow"": 1.3193419435207088}",4.4864470782890464e-07,0.0
cache_fill_leaning,01111,4,4,-1.0,1.0,0.0,-0.5093934486448084,-0.7761421026463906,0.7658655445156353,0.7658655445156353,0.0,True,-0.8,-0.9827841687804678,0.0,0.18278416878046777,0.8,0.32873258563677815,0.0,,,0.0,0.449673206912579,0.0,0.0,0.0,0.0,0.41740732307169426,0.16726362324535896,0.0,,fast|slow,True,"{""event"": 0.7813831591766466, ""fast"": 0.8290105628206944, ""slow"": 1.3193419435207088}",{},4.4864470782890464e-07,0.0
cache_fill_leaning,11111,5,0,1.0,1.0,0.0,-0.8909340096904458,-0.9204905737435131,0.9708759594087203,0.9708759594087203,0.0,False,0.9708759594087203,0.9386198190498548,0.9934244471644351,0.03225614035886548,0.02254848775571483,0.30629173697393086,0.24139772592718595,0.7848469866670571,0.9922116115297743,0.6566894304974774,0.27339312910751185,0.3243840896369154,0.5354611685415042,1.962615573354719e-17,0.3801609463257213,0.15936636481705183,0.16726362324535896,0.14618154858609755,event|slow,fast,True,"{""event"": 1.119979466089972, ""fast"": 0.8290105628206944, ""slow"": 0.8668694282388981}","{""event"": 1.119979466089972, ""slow"": 0.8668694282388981}",9.690445779142465e-09,0.0
cache_fill_leaning,11111,5,0,-1.0,1.0,0.0,-0.8909340096904458,-0.9204905737435131,0.9708759594087203,0.9708759594087203,0.0,False,-0.9708759594087203,-0.9386198190498548,-0.9934244471644351,0.03225614035886548,0.02254848775571483,0.30629173697393086,0.24139772592718595,0.7848469866670571,0.9922116115297743,0.6566894304974774,0.27339312910751185,0.3243840896369154,0.5354611685415042,1.962615573354719e-17,0.3801609463257213,0.15936636481705183,0.16726362324535896,0.14618154858609755,event|slow,fast,True,"{""event"": 1.119979466089972, ""fast"": 0.8290105628206944, ""slow"": 0.8668694282388981}","{""event"": 1.119979466089972, ""slow"": 0.8668694282388981}",9.690445779142465e-09,0.0
cache_fill_leaning,11111,5,1,1.0,1.0,0.0,-2.1909340096904457,-1.950490573743513,1.2718129928969588,1.2718129928969588,0.0,True,1.2,1.0281860544436927,0.0,0.17181394555630725,1.2,0.3040849693050801,0.0,,,0.0,0.4409350322063014,0.0,0.0,0.0,0.0,0.3808904538296768,0.16726362324535896,0.14618154858609755,,event|fast|slow,True,"{""event"": 1.119979466089972, ""fast"": 0.8290105628206944, ""slow"": 1.135568134420412}",{},9.690445779142465e-09,0.0
cache_fill_leaning,11111,5,1,-1.0,1.0,0.0,-2.1909340096904457,-1.950490573743513,1.2718129928969588,1.2718129928969588,0.0,True,-1.2718129928969588,-1.0281860544436927,-1.127773800255192,0.2436269384532661,0.1440391926417668,0.7176217953997873,0.5655793107472473,0.9252479817797328,0.9999891994548058,1.3732474833887365,0.4409350322063014,0.6119679825551456,1.2797684613567857,1.3877787807814457e-17,0.49799732524380497,0.3808904538296768,0.16726362324535896,0.14618154858609755,event|slow,fast,True,"{""event"": 1.119979466089972, ""fast"": 0.8290105628206944, ""slow"": 1.135568134420412}","{""event"": 1.119979466089972, ""slow"": 1.135568134420412}",9.690445779142465e-09,0.0
cache_fill_leaning,11111,5,2,1.0,1.0,0.0,-3.2620346756382235,-2.5491136219779382,2.0399413422838184,2.0399413422838184,0.0,True,1.2,1.1733264886966575,0.0,0.0266735113033425,1.2,0.10336596428958035,0.0,,,0.0,0.14618154858609755,0.0,0.0,0.0,0.0,0.0,0.0,0.14618154858609755,,event,True,"{""event"": 1.119979466089972, ""fast"": 1.3805439907824364, ""slow"": 1.3193419435207088}",{},3.243618291737249e-07,0.0
cache_fill_leaning,11111,5,2,-1.0,1.0,0.0,-3.2620346756382235,-2.5491136219779382,2.0399413422838184,2.0399413422838184,0.0,True,-2.0399413422838184,-1.2732884667977058,-1.2732884667977058,0.7666528754861126,0.7666528754861126,1.1961075711314062,1.1961075711314062,0.9985871605243802,0.9985871605243802,2.666416929130039,0.5780739566213319,0.5780739566213319,1.9361617185467788,1.6501589155112946,0.7987694242670038,0.41740732307169426,0.37225203938049045,0.14618154858609755,event|fast|slow,,False,"{""event"": 1.119979466089972, ""fast"": 1.3805439907824364, ""slow"": 1.3193419435207088}","{""event"": 1.119979466089972, ""fast"": 1.3805439907824364, ""slow"": 1.3193419435207088}",3.243618291737249e-07,0.0
cache_fill_leaning,11111,5,3,1.0,1.0,0.0,-2.462034675638223,-2.259113621977938,1.2249757570777922,1.224975757077792,2.220446049250313e-16,True,1.2,1.049663342970222,0.0,0.15033665702977794,1.2,0.11827324224262516,0.0,,,0.0,0.22213996670611746,0.0,0.0,0.0,0.0,0.0,0.16726362324535896,0.14618154858609755,,event|fast,True,"{""event"": 1.119979466089972, ""fast"": 0.8290105628206944, ""slow"": 1.3193419435207088}",{},3.243618296178141e-07,0.0
cache_fill_leaning,11111,5,3,-1.0,1.0,0.0,-2.462034675638223,-2.259113621977938,1.2249757570777922,1.224975757077792,2.220446049250313e-16,True,-1.2249757570777922,-1.0894439908104585,-1.0894439908104585,0.13553176626733365,0.13553176626733365,0.5869271868979189,0.5869271868979189,0.9842025763113446,0.9842025763113446,1.4600036768688274,0.47283722163348424,0.47283722163348424,1.1626565518528993,0.7414641961354878,0.4796575077627548,0.41740732307169426,0.16726362324535896,0.14618154858609755,event|fast|slow,,False,"{""event"": 1.119979466089972, ""fast"": 0.8290105628206944, ""slow"": 1.3193419435207088}","{""event"": 1.119979466089972, ""fast"": 0.8290105628206944, ""slow"": 1.3193419435207088}",3.243618296178141e-07,0.0
cache_fill_leaning,11111,5,4,1.0,1.0,0.0,-1.0374879504858856,-1.2841775991951891,0.7813831591766462,0.7813831591766464,1.1102230246251565e-16,True,0.7813831591766462,0.9367979073324469,0.7813831591766466,0.1554147481558007,3.3306690738754696e-16,0.37669013370507654,2.220446049250313e-16,0.8468696158816628,1.0,0.7990804438467808,0.31452320753251206,0.7990804438467811,2.7755575615628914e-17,0.0,0.7990804438467808,0.0,0.16726362324535896,0.266360147948927,event,fast,True,"{""event"": 0.7813831591766466, ""fast"": 0.8290105628206944, ""slow"": 1.3193419435207088}","{""event"": 0.7813831591766466}",4.9514115696425165e-08,0.0
cache_fill_leaning,11111,5,4,-1.0,1.0,0.0,-1.0374879504858856,-1.2841775991951891,0.7813831591766462,0.7813831591766464,1.1102230246251565e-16,True,-0.8,-0.9827841687804678,0.0,0.18278416878046777,0.8,0.32873258563677815,0.0,,,0.0,0.449673206912579,0.0,0.0,0.0,0.0,0.41740732307169426,0.16726362324535896,0.0,,fast|slow,True,"{""event"": 0.7813831591766466, ""fast"": 0.8290105628206944, ""slow"": 1.3193419435207088}",{},4.9514115696425165e-08,0.0
