method,seed,state_id,state_sha256,control_selected_update,candidate_selected_update,target_semantics,fixed_behavior_discounted_return,control_denormalized_value,candidate_denormalized_value,delta_denormalized_value,control_fixed_behavior_absolute_error,candidate_fixed_behavior_absolute_error,delta_fixed_behavior_absolute_error,control_action4_probability,candidate_action4_probability,delta_action4_probability,control_action4_margin,candidate_action4_margin,delta_action4_margin,control_probability_argmax,candidate_probability_argmax,probability_argmax_changed,control_raw_action,candidate_raw_action,raw_action_changed,control_projected_action,candidate_projected_action,projected_action_changed,control_executed_action,candidate_executed_action,executed_action_changed
sa_ghmappo,7,dev_00_state_01,2cb31cda5fedadef13eb6ef29f9fb864a9636c64a8a0b599c358ab8e79aa2f2e,6,24,complete_fixed_behavior_discounted_return_not_vpi,99.16542974483956,3.6651713848114014,81.27889067428247,77.61371928947106,95.50025836002816,17.88653907055709,-77.61371928947106,0.284657,0.014138,-0.270519,0.03634599999999999,-0.560234,-0.59658,4,0,True,1,0,True,1,0,True,1,0,True
sa_ghmappo,7,dev_00_state_02,4fe79a7d2f5b835a26cde6caefb444f6301c270d44971bde40489a612dd2b391,6,24,complete_fixed_behavior_discounted_return_not_vpi,99.43405463063405,3.6651835441589355,81.27852804272857,77.61334449856963,95.76887108647512,18.155526587905484,-77.61334449856963,0.286207,0.017191,-0.269016,0.038683999999999996,-0.553303,-0.591987,4,0,True,1,0,True,1,0,True,1,0,True
sa_ghmappo,7,dev_00_state_03,c47e6b288039285428aafce3d49684ca2d11b023896665b0b3daac8a9dcaa176,6,24,complete_fixed_behavior_discounted_return_not_vpi,99.43405463063405,3.666261672973633,81.27556427231075,77.60930259933711,95.76779295766042,18.158490358323306,-77.60930259933711,0.39456,0.407763,0.013202999999999965,0.078322,0.06003900000000001,-0.018282999999999994,4,4,False,1,0,True,4,0,True,4,0,True
sa_ghmappo,7,dev_00_state_04,db2399dc4a1846b64b81f411e0237050b1ffd324fd9a4bd78478baf6f2a1e9df,6,24,complete_fixed_behavior_discounted_return_not_vpi,99.63275207083052,3.6663107872009277,81.24652050700121,77.58020971980028,95.96644128362959,18.386231563829313,-77.58020971980028,0.402814,0.976642,0.573828,0.09397500000000003,0.964511,0.870536,4,4,False,1,4,True,4,4,False,4,4,False
sa_ghmappo,7,dev_00_state_05,b439a8ded6b7704f73b9af3aad6b5a11f4e642b89173768c49bca3fb2b8e11e1,6,24,complete_fixed_behavior_discounted_return_not_vpi,99.63275207083052,3.6630711555480957,81.27397940260252,77.61090824705443,95.96968091528242,18.358772668228,-77.61090824705443,0.293986,0.125847,-0.16813900000000004,0.04953400000000002,-0.366363,-0.415897,4,0,True,1,0,True,1,0,True,1,0,True
sa_ghmappo,7,dev_00_state_06,05d5cb2b4cdc84a07f67d30b6d40026f1ae9404889525cd1fd230abd3ad151ac,6,24,complete_fixed_behavior_discounted_return_not_vpi,99.98305426895568,3.6678757667541504,81.23702230554316,77.56914653878901,96.31517850220153,18.74603196341252,-77.56914653878901,0.392529,0.946355,0.5538259999999999,0.074712,0.9178599999999999,0.8431479999999999,4,4,False,1,4,True,4,4,False,4,4,False
sa_ghmappo,7,dev_00_state_07,be44ebe79f69d66fa111d2fd9181f41a47efe8ab066cbd91663de162f21bfdca,6,24,complete_fixed_behavior_discounted_return_not_vpi,99.98305426895568,3.6673474311828613,81.23582381327431,77.56847638209145,96.31570683777282,18.747230455681375,-77.56847638209145,0.393001,0.945361,0.55236,0.07555800000000001,0.916318,0.84076,4,4,False,1,4,True,4,4,False,4,4,False
sa_ghmappo,7,dev_00_state_08,54b81637eaa22690c2f9140cabc601d934d118af96613f57981add5ac63c1553,6,24,complete_fixed_behavior_discounted_return_not_vpi,99.63275207083052,3.6667962074279785,81.22969506546762,77.56289885803965,95.96595586340254,18.403057005362896,-77.56289885803965,0.39348,0.948326,0.554846,0.07628099999999999,0.92104,0.844759,4,4,False,1,4,True,4,4,False,4,4,False
sa_ghmappo,7,dev_00_state_09,4c5424ef8068127f88abfde3c8019231c91f8960d17e43927afbffc74d0ef8a3,6,24,complete_fixed_behavior_discounted_return_not_vpi,99.98305426895568,3.665567398071289,81.27555313263505,77.60998573456376,96.3174868708844,18.70750113632063,-77.60998573456376,0.396457,0.493794,0.097337,0.08132600000000001,0.194828,0.11350199999999999,4,4,False,1,0,True,4,0,True,4,0,True
sa_ghmappo,7,dev_00_state_10,56cb3633f940a0aa4754de669549dee3763dc62aa8d33e8feb481d858f69cc45,6,24,complete_fixed_behavior_discounted_return_not_vpi,99.98305426895568,3.6649365425109863,81.2753039360519,77.61036739354091,96.3181177264447,18.707750332903785,-77.61036739354091,0.396963,0.483199,0.08623599999999998,0.082229,0.177954,0.095725,4,4,False,1,0,True,4,0,True,4,0,True
sa_ghmappo,7,dev_00_state_11,616869b075de6c2da36a5545c9128137f476e5cb4f0ae4851e0c1b46d0deef42,6,24,complete_fixed_behavior_discounted_return_not_vpi,99.63275207083052,3.6644840240478516,81.2748364164845,77.61035239243665,95.96826804678267,18.357915654346016,-77.61035239243665,0.397455,0.511445,0.11399000000000004,0.08299899999999999,0.22327900000000006,0.14028000000000007,4,4,False,1,0,True,4,0,True,4,0,True
sa_ghmappo,7,dev_00_state_12,50772a9d479dd040bdfcd26f5a4e632848da15cc67dcf85fb3ae790c04749004,6,24,complete_fixed_behavior_discounted_return_not_vpi,100.22152414584981,3.6676297187805176,81.23300532890603,77.56537561012551,96.5538944270693,18.98851881694378,-77.56537561012551,0.394535,0.960821,0.5662860000000001,0.07798100000000002,0.940519,0.862538,4,4,False,1,4,True,4,4,False,4,4,False
sa_ghmappo,7,dev_01_state_01,a4bbd832c514e8ecb281380734580807ec9ec04ce04b6be662dd729667c979e5,6,24,complete_fixed_behavior_discounted_return_not_vpi,75.65614047157035,3.663422107696533,81.27789661607613,77.6144745083796,71.99271836387382,5.621756144505781,-66.37096221936804,0.282824,0.011687,-0.271137,0.033495000000000025,-0.569381,-0.6028760000000001,4,0,True,1,0,True,1,0,True,1,0,True
sa_ghmappo,7,dev_01_state_02,63fee8a32f4b1c8d4d78562135b7b123d9efca8ef1fd10c52757463ac3a4c28b,6,24,complete_fixed_behavior_discounted_return_not_vpi,99.13967366563787,3.6633083820343018,81.27754121938007,77.61423283734577,95.47636528360357,17.862132446257803,-77.61423283734577,0.284177,0.013031,-0.271146,0.035603000000000024,-0.565361,-0.600964,4,0,True,1,0,True,1,0,True,1,0,True
sa_ghmappo,7,dev_01_state_03,c559429297df4987fbb22dd07eedba631d6c671c0ff9130cbe932ee596739c54,6,24,complete_fixed_behavior_discounted_return_not_vpi,99.13967366563787,3.665052890777588,81.2719366276794,77.6068837369018,95.47462077486028,17.867737037958477,-77.6068837369018,0.390276,0.242711,-0.147565,0.07086500000000001,-0.20427299999999998,-0.275138,4,0,True,1,0,True,4,0,True,4,0,True
sa_ghmappo,7,dev_01_state_04,7358d67bd36c9a85cc6e8138adeb39b8726469ca30f20c1f0942cc3f76de4651,6,24,complete_fixed_behavior_discounted_return_not_vpi,99.35350480891441,3.6637773513793945,81.27811839915911,77.61434104777972,95.68972745753501,18.075386409755296,-77.61434104777972,0.284055,0.012738,-0.27131700000000003,0.03528400000000001,-0.567164,-0.602448,4,0,True,1,0,True,1,0,True,1,0,True
sa_ghmappo,7,dev_01_state_05,0763b046fa0b532b554b052e7a0878b9d194acdb61a7240efa1f797b157b13db,6,24,complete_fixed_behavior_discounted_return_not_vpi,99.35350480891441,3.665578603744507,81.27272299208504,77.60714438834053,95.6879262051699,18.080781816829372,-77.60714438834053,0.390312,0.265406,-0.12490600000000002,0.07092900000000002,-0.168582,-0.23951100000000003,4,0,True,1,0,True,4,0,True,4,0,True
sa_ghmappo,7,dev_01_state_06,fd2e5861fe027bcb3635018576d2d5ce1b9b63d2b09ed94737c380749ee87049,6,24,complete_fixed_behavior_discounted_return_not_vpi,99.53944465087416,3.6649856567382812,81.2459514386255,77.58096578188722,95.87445899413588,18.293493212248663,-77.58096578188722,0.398233,0.954755,0.556522,0.086279,0.930517,0.844238,4,4,False,1,4,True,4,4,False,4,4,False
sa_ghmappo,7,dev_01_state_07,183ebb194b29cf885e5c212fd6e18171c5539439db50572f3120f6c0133c5049,6,24,complete_fixed_behavior_discounted_return_not_vpi,99.53944465087416,3.6646502017974854,81.24159618213777,77.57694598034028,95.87479444907667,18.29784846873639,-77.57694598034028,0.398829,0.958809,0.55998,0.08743699999999999,0.937023,0.8495860000000001,4,4,False,1,4,True,4,4,False,4,4,False
sa_ghmappo,7,dev_01_state_08,d2bf64fb9b88e145885e5ed0f74f9f639967dd914d669e6f6d9e93f684a95a73,6,24,complete_fixed_behavior_discounted_return_not_vpi,99.72721960667732,3.666592597961426,81.24135361174193,77.5747610137805,96.0606270087159,18.485865994935395,-77.5747610137805,0.388904,0.849447,0.4605429999999999,0.06850700000000004,0.76644,0.6979329999999999,4,4,False,1,4,True,4,4,False,4,4,False
sa_ghmappo,7,dev_01_state_09,13fb32efb5dd998abdd32f46158b290acced91d28620d9d15377f2694497b912,6,24,complete_fixed_behavior_discounted_return_not_vpi,99.72721960667732,3.6660208702087402,81.24034019979591,77.57431932958717,96.06119873646858,18.486879406881414,-77.57431932958717,0.389373,0.844792,0.45541899999999996,0.06934600000000002,0.759164,0.6898179999999999,4,4,False,1,4,True,4,4,False,4,4,False
sa_ghmappo,7,dev_01_state_10,501e02f271270613a795072dd11d6876f63160ede7c17cfbe7ee893e5b1aa82c,6,24,complete_fixed_behavior_discounted_return_not_vpi,99.53944465087416,3.6655683517456055,81.23599514136896,77.57042678962335,95.87387629912855,18.3034495095052,-77.57042678962335,0.389506,0.847267,0.457761,0.06970900000000002,0.763333,0.693624,4,4,False,1,4,True,4,4,False,4,4,False
sa_ghmappo,7,dev_01_state_11,e0c6c2402de2864424b773d58c1fc72a6bc09419a54d0cbe2f5f07d795a22db3,6,24,complete_fixed_behavior_discounted_return_not_vpi,99.72721960667732,3.6660053730010986,81.23813345428566,77.57212808128456,96.06121423367622,18.489086152391664,-77.57212808128456,0.389937,0.860687,0.47075,0.07032099999999997,0.784357,0.714036,4,4,False,1,4,True,4,4,False,4,4,False
sa_ghmappo,7,dev_01_state_12,87eae5e2295dff0be0c0317d62480330e70116056ccb6207b9f0f698ac011e38,6,24,complete_fixed_behavior_discounted_return_not_vpi,99.72721960667732,3.6654298305511475,81.23698177757156,77.57155194702041,96.06178977612618,18.490237829105766,-77.57155194702041,0.390416,0.857363,0.466947,0.07117599999999996,0.779164,0.7079880000000001,4,4,False,1,4,True,4,4,False,4,4,False
sa_ghmappo,7,dev_02_state_01,aacd1cc47660f831ce532b266ce3478bb22e2c78d466e47472c937aafefcacfb,6,24,complete_fixed_behavior_discounted_return_not_vpi,75.58016750117106,3.662679672241211,81.2782336978047,77.61555402556348,71.91748782892985,5.698066196633633,-66.21942163229622,0.284218,0.010365,-0.273853,0.03474700000000003,-0.57415,-0.608897,4,0,True,1,0,True,1,0,True,1,0,True
sa_ghmappo,7,dev_02_state_02,65837e8c4e1042b18b8987e46d37b1081f660135fc906dde8659dd34bcb25e18,6,24,complete_fixed_behavior_discounted_return_not_vpi,75.81651346531233,3.6637754440307617,81.26857014542091,77.60479470139015,72.15273802128156,5.4520566801085835,-66.70068134117298,0.287891,0.042848,-0.245043,0.03901500000000002,-0.49653400000000003,-0.535549,4,0,True,1,0,True,1,0,True,1,0,True
sa_ghmappo,7,dev_02_state_03,788bd1c71ab6c0f94f77fdf24a1874af9e74d3c3e59586a4d8fd42a2d4a722a2,6,24,complete_fixed_behavior_discounted_return_not_vpi,75.57148846531233,3.6645898818969727,81.2730636516761,77.60847376977912,71.90689858341536,5.701575186363769,-66.20532339705159,0.398317,0.660542,0.262225,0.08690999999999999,0.46303399999999995,0.37612399999999996,4,4,False,1,4,True,4,4,False,4,4,False
sa_ghmappo,7,dev_02_state_04,73424c66a5e9ad4241b9fb8e38cb02b30333c2e9611126a6c2f2661d805079c5,6,24,complete_fixed_behavior_discounted_return_not_vpi,75.76470591996298,3.6650514602661133,81.23407394730523,77.56902248703912,72.09965445969686,5.469368027342256,-66.63028643235461,0.3908,0.864125,0.47332500000000005,0.07177299999999998,0.789786,0.718013,4,4,False,1,4,True,4,4,False,4,4,False
sa_ghmappo,7,dev_02_state_05,07a0c6f5a831ee8a70a2e4f82ae69cc5df3eb3540cdda40dc84dfab435b8d8ac,6,24,complete_fixed_behavior_discounted_return_not_vpi,75.76470591996298,3.6621251106262207,81.27486642675953,77.61274131613331,72.10258080933676,5.510160506796552,-66.5924203025402,0.394886,0.218478,-0.176408,0.07889200000000002,-0.250066,-0.32895800000000003,4,0,True,1,0,True,4,0,True,4,0,True
sa_ghmappo,7,dev_02_state_06,cd47e258d721757c11ea4050f051bb017e502287edeba848b9bb4aed7aa04c14,6,24,complete_fixed_behavior_discounted_return_not_vpi,75.75848028252462,3.665192127227783,81.23216224154042,77.56697011431264,72.09328815529683,5.473681959015806,-66.61960619628103,0.397359,0.965802,0.568443,0.08490200000000003,0.948141,0.863239,4,4,False,1,4,True,4,4,False,4,4,False
sa_ghmappo,7,dev_02_state_07,446e55a68c01f9b6b3d75b3584e53818ff209784976039bdb016348e222bb7bc,6,24,complete_fixed_behavior_discounted_return_not_vpi,75.75848028252462,3.663411855697632,81.25799253162242,77.59458067592479,72.09506842682698,5.499512249097805,-66.59555617772918,0.400158,0.932752,0.532594,0.08967400000000003,0.8955690000000001,0.805895,4,4,False,1,4,True,4,4,False,4,4,False
sa_ghmappo,7,dev_02_state_08,da66deba85e976a12ee91266832b3fe4996e44cc0333ff92fe0fb0072b304773,6,24,complete_fixed_behavior_discounted_return_not_vpi,75.76470591996298,3.6635377407073975,81.24654188478547,77.58300414407807,72.10116817925558,5.481835964822494,-66.61933221443309,0.400219,0.95109,0.550871,0.08979900000000002,0.924758,0.834959,4,4,False,1,4,True,4,4,False,4,4,False
sa_ghmappo,7,dev_02_state_09,9b17e313c9c022b073c532cab790a8e4bbbfb88e37c386bc4de0316793e72b69,6,24,complete_fixed_behavior_discounted_return_not_vpi,100.75270180026362,3.6634716987609863,81.27891229246393,77.61544059370294,97.08923010150264,19.473789507799694,-77.61544059370294,0.28536,0.010589,-0.274771,0.036195000000000005,-0.5745990000000001,-0.6107940000000001,4,0,True,1,0,True,1,0,True,1,0,True
sa_ghmappo,7,dev_02_state_10,e6a58b6c7a7e16fa45b8c640dbd4b125a27da61dec2113082cdfa830027b3bfb,6,24,complete_fixed_behavior_discounted_return_not_vpi,75.75270180026362,3.6626992225646973,81.27875546827588,77.61605624571118,72.09000257769893,5.526053668012253,-66.56394890968667,0.285804,0.010473,-0.275331,0.036937,-0.5748800000000001,-0.611817,4,0,True,1,0,True,1,0,True,1,0,True
sa_ghmappo,7,dev_02_state_11,5fbcd355ad6ef625fe912c4a3485f5db6bcdb20e7b2dcdd955d3fe332063d473,6,24,complete_fixed_behavior_discounted_return_not_vpi,75.75848028252462,3.6639628410339355,81.27150947702823,77.6075466359943,72.09451744149068,5.513029194503616,-66.58148824698706,0.284539,0.027419,-0.25712,0.03511299999999998,-0.5283340000000001,-0.563447,4,0,True,1,0,True,1,0,True,1,0,True
sa_ghmappo,7,dev_02_state_12,fdd3f8ff3f38604c74d277ed795fde0f3d9fa09eb963e4d8820de9b76534d356,6,24,complete_fixed_behavior_discounted_return_not_vpi,100.50848028252462,3.664686679840088,81.27181520311554,77.60712852327545,96.84379360268453,19.23666507940908,-77.60712852327545,0.284104,0.028329,-0.25577500000000003,0.03438700000000003,-0.526551,-0.560938,4,0,True,1,0,True,1,0,True,1,0,True
sa_ghmappo,7,dev_03_state_01,62750fc5f603af0e58fc56236599571502c69cfa558f3283ab10e1bc858471ae,6,24,complete_fixed_behavior_discounted_return_not_vpi,75.32227037485364,3.6649575233459473,81.27728232727932,77.61232480393338,71.6573128515077,5.955011952425679,-65.70230089908202,0.285615,0.015556,-0.270059,0.03598500000000002,-0.555524,-0.5915090000000001,4,0,True,1,0,True,1,0,True,1,0,True
sa_ghmappo,7,dev_03_state_02,49dc0c665e7c8d1673bc0818a98dec317568afa99b48ce13b276daf91fdf1003,6,24,complete_fixed_behavior_discounted_return_not_vpi,75.2654274086768,3.666081428527832,81.26894521274143,77.6028637842136,71.59934598014897,6.003517804064629,-65.59582817608434,0.289907,0.065791,-0.22411600000000004,0.041377000000000025,-0.455228,-0.4966050000000001,4,0,True,1,0,True,1,0,True,1,0,True
sa_ghmappo,7,dev_03_state_03,5c249417d557afb821d09652c2ced9028d3dd95a2292007d63fec0a2af97227d,6,24,complete_fixed_behavior_discounted_return_not_vpi,75.2654274086768,3.66729736328125,81.24499260587032,77.57769524258907,71.59813004539555,5.979565197193523,-65.61856484820203,0.400818,0.968393,0.5675749999999999,0.09041700000000003,0.951799,0.8613819999999999,4,4,False,1,4,True,4,4,False,4,4,False
sa_ghmappo,7,dev_03_state_04,f5f32654c6274248e0d209cab36df9f70fd51f283f1cd0807581b37e93a74a25,6,24,complete_fixed_behavior_discounted_return_not_vpi,75.46738204163074,3.663395643234253,81.2568486637641,77.59345302052985,71.80398639839649,5.789466622133361,-66.01451977626313,0.289536,0.07042,-0.21911600000000003,0.04271100000000003,-0.440926,-0.483637,4,0,True,1,0,True,1,0,True,1,0,True
sa_ghmappo,7,dev_03_state_05,6cc42ee25dea2b20e7ddf5c4193dae1de54521b21ce67836be05490494a0b931,6,24,complete_fixed_behavior_discounted_return_not_vpi,75.22963452915576,3.6660542488098145,81.25322906210101,77.5871748132912,71.56358028034595,6.023594532945253,-65.53998574740069,0.286462,0.092962,-0.1935,0.03723299999999999,-0.394449,-0.431682,4,0,True,1,0,True,1,0,True,1,0,True
sa_ghmappo,7,dev_03_state_06,1217155fad78690dd6f9e30d323674dca8a13a10b95a50b6354593aed403e43d,6,24,complete_fixed_behavior_discounted_return_not_vpi,75.17185584736579,3.667778491973877,81.20653334094703,77.53875484897316,71.50407735539191,6.034677493581242,-65.46939986181067,0.401031,0.983422,0.582391,0.09118100000000001,0.975363,0.884182,4,4,False,1,4,True,4,4,False,4,4,False
sa_ghmappo,7,dev_03_state_07,c9b593dfc8699de434ab870b13435c9305897d412b8dedc394c04fd20511d413,6,24,complete_fixed_behavior_discounted_return_not_vpi,75.22963452915576,3.6651244163513184,81.22056713065646,77.55544271430514,71.56451011280444,5.9909326015007025,-65.57357751130374,0.404253,0.978464,0.574211,0.09642299999999998,0.967524,0.8711010000000001,4,4,False,1,4,True,4,4,False,4,4,False
sa_ghmappo,7,dev_03_state_08,6b17f75e0e3f5de80f49678d788da5519dddc9cc9bd584c0ee650b8d7219e7b6,6,24,complete_fixed_behavior_discounted_return_not_vpi,75.4120048498658,3.667569160461426,81.21706468956624,77.54949552910482,71.74443568940437,5.805059839700448,-65.93937584970392,0.401242,0.982212,0.58097,0.09144599999999997,0.973405,0.8819589999999999,4,4,False,1,4,True,4,4,False,4,4,False
sa_ghmappo,7,dev_03_state_09,0ccde0ef6c389b7341f4f1ea7beb149b259aad13dd1630dab7db376142e1073a,6,24,complete_fixed_behavior_discounted_return_not_vpi,75.46738204163074,3.6634440422058105,81.2514834342837,77.58803939207789,71.80393799942493,5.784101392652957,-66.01983660677197,0.293405,0.249276,-0.04412900000000003,0.04724600000000004,-0.15119100000000002,-0.19843700000000006,4,0,True,1,0,True,1,0,True,1,0,True
sa_ghmappo,7,dev_03_state_10,ebe2739e96e527d82f495d7e680acc3138491d2e16ff51c3923b53550c15ae25,6,24,complete_fixed_behavior_discounted_return_not_vpi,74.92928109736579,3.6672792434692383,81.19566244084386,77.52838319737462,71.26200185389655,6.2663813434780735,-64.99562051041848,0.402114,0.9844,0.5822860000000001,0.09291500000000003,0.976916,0.884001,4,4,False,1,4,True,4,4,False,4,4,False
sa_ghmappo,7,dev_03_state_11,6f4069e08051d555eb68fe1fc24e55e73bd96f49eec834dcd284e6fcc78d573c,6,24,complete_fixed_behavior_discounted_return_not_vpi,75.39606346424462,3.6669223308563232,81.26523371833512,77.5983113874788,71.7291411333883,5.8691702540905055,-65.85997087929779,0.285999,0.10114,-0.184859,0.03650300000000001,-0.390581,-0.427084,4,0,True,1,0,True,1,0,True,1,0,True
sa_ghmappo,7,dev_03_state_12,3280b55b15e26af81785ba01c8673bf4d36b50b213800bb4ae9d9639e7519111,6,24,complete_fixed_behavior_discounted_return_not_vpi,74.92928109736579,3.666775703430176,81.26043740985037,77.59366170642019,71.26250539393561,6.33115631248458,-64.93134908145103,0.286291,0.139519,-0.146772,0.03703200000000001,-0.32251799999999997,-0.35955,4,0,True,1,0,True,1,0,True,1,0,True
sa_ghmappo,17,dev_00_state_01,2cb31cda5fedadef13eb6ef29f9fb864a9636c64a8a0b599c358ab8e79aa2f2e,18,24,complete_fixed_behavior_discounted_return_not_vpi,99.16542974483956,6.691187381744385,78.17114319486116,71.47995581311677,92.47424236309517,20.994286549978398,-71.47995581311677,0.400403,0.192681,-0.20772200000000002,0.09831800000000002,-0.19920700000000002,-0.29752500000000004,4,0,True,0,0,False,0,0,False,0,0,False
sa_ghmappo,17,dev_00_state_02,4fe79a7d2f5b835a26cde6caefb444f6301c270d44971bde40489a612dd2b391,18,24,complete_fixed_behavior_discounted_return_not_vpi,99.43405463063405,6.691196918487549,78.2341686308832,71.54297171239566,92.7428577121465,21.199885999750848,-71.54297171239566,0.400677,0.194627,-0.20605,0.09889900000000001,-0.197305,-0.296204,4,0,True,0,0,False,0,0,False,0,0,False
sa_ghmappo,17,dev_00_state_03,c47e6b288039285428aafce3d49684ca2d11b023896665b0b3daac8a9dcaa176,18,24,complete_fixed_behavior_discounted_return_not_vpi,99.43405463063405,6.691219329833984,74.75364308327697,68.06242375344299,92.74283530080007,24.68041154735708,-68.06242375344299,0.468789,0.687555,0.21876600000000002,0.122062,0.485275,0.363213,4,4,False,0,4,True,0,4,True,0,4,True
sa_ghmappo,17,dev_00_state_04,db2399dc4a1846b64b81f411e0237050b1ffd324fd9a4bd78478baf6f2a1e9df,18,24,complete_fixed_behavior_discounted_return_not_vpi,99.63275207083052,6.691224575042725,84.79145350988725,78.10022893484452,92.9415274957878,14.841298560943272,-78.10022893484452,0.466417,0.859302,0.392885,0.11697000000000002,0.749623,0.632653,4,4,False,0,4,True,0,4,True,0,4,True
sa_ghmappo,17,dev_00_state_05,b439a8ded6b7704f73b9af3aad6b5a11f4e642b89173768c49bca3fb2b8e11e1,18,24,complete_fixed_behavior_discounted_return_not_vpi,99.63275207083052,6.691129684448242,70.95277050789555,64.26164082344731,92.94162238638228,28.67998156293497,-64.26164082344731,0.399323,0.260121,-0.139202,0.09647,-0.12864599999999998,-0.22511599999999998,4,0,True,0,0,False,0,0,False,0,0,False
sa_ghmappo,17,dev_00_state_06,05d5cb2b4cdc84a07f67d30b6d40026f1ae9404889525cd1fd230abd3ad151ac,18,24,complete_fixed_behavior_discounted_return_not_vpi,99.98305426895568,6.691318511962891,86.0009045706418,79.3095860586789,93.2917357569928,13.98214969831389,-79.3095860586789,0.469671,0.832662,0.362991,0.12249500000000002,0.68987,0.567375,4,4,False,0,4,True,0,4,True,0,4,True
sa_ghmappo,17,dev_00_state_07,be44ebe79f69d66fa111d2fd9181f41a47efe8ab066cbd91663de162f21bfdca,18,24,complete_fixed_behavior_discounted_return_not_vpi,99.98305426895568,6.6913018226623535,85.9096045622957,79.21830273963334,93.29175244629333,14.073449706659986,-79.21830273963334,0.469552,0.825046,0.3554939999999999,0.12243600000000004,0.6768599999999999,0.5544239999999998,4,4,False,0,4,True,0,4,True,0,4,True
sa_ghmappo,17,dev_00_state_08,54b81637eaa22690c2f9140cabc601d934d118af96613f57981add5ac63c1553,18,24,complete_fixed_behavior_discounted_return_not_vpi,99.63275207083052,6.691300868988037,85.88410483925045,79.19280397026242,92.94145120184248,13.748647231580065,-79.19280397026242,0.469499,0.825439,0.35594000000000003,0.12223699999999998,0.6777040000000001,0.5554670000000002,4,4,False,0,4,True,0,4,True,0,4,True
sa_ghmappo,17,dev_00_state_09,4c5424ef8068127f88abfde3c8019231c91f8960d17e43927afbffc74d0ef8a3,18,24,complete_fixed_behavior_discounted_return_not_vpi,99.98305426895568,6.691262245178223,78.64425096152148,71.95298871634326,93.29179202377746,21.338803307434205,-71.95298871634326,0.468159,0.584482,0.11632299999999995,0.11997599999999997,0.37353299999999995,0.253557,4,4,False,0,4,True,0,4,True,0,4,True
sa_ghmappo,17,dev_00_state_10,56cb3633f940a0aa4754de669549dee3763dc62aa8d33e8feb481d858f69cc45,18,24,complete_fixed_behavior_discounted_return_not_vpi,99.98305426895568,6.691242694854736,77.9086794720511,71.21743677719637,93.29181157410095,22.07437479690458,-71.21743677719637,0.468036,0.579423,0.11138700000000001,0.11991600000000002,0.36957700000000004,0.24966100000000002,4,4,False,0,4,True,0,4,True,0,4,True
sa_ghmappo,17,dev_00_state_11,616869b075de6c2da36a5545c9128137f476e5cb4f0ae4851e0c1b46d0deef42,18,24,complete_fixed_behavior_discounted_return_not_vpi,99.63275207083052,6.691245079040527,77.28764907531473,70.5964039962742,92.94150699178999,22.345102995515788,-70.5964039962742,0.467936,0.580311,0.112375,0.119618,0.37136100000000005,0.25174300000000005,4,4,False,0,4,True,0,4,True,0,4,True
sa_ghmappo,17,dev_00_state_12,50772a9d479dd040bdfcd26f5a4e632848da15cc67dcf85fb3ae790c04749004,18,24,complete_fixed_behavior_discounted_return_not_vpi,100.22152414584981,6.691330432891846,86.38625024218699,79.69491980929514,93.53019371295797,13.835273903662824,-79.69491980929514,0.469826,0.890761,0.420935,0.12278,0.793127,0.670347,4,4,False,0,4,True,0,4,True,0,4,True
sa_ghmappo,17,dev_01_state_01,a4bbd832c514e8ecb281380734580807ec9ec04ce04b6be662dd729667c979e5,18,24,complete_fixed_behavior_discounted_return_not_vpi,75.65614047157035,6.69110631942749,80.22758220331119,73.5364758838837,68.96503415214286,4.571441731740833,-64.39359242040203,0.400208,0.216032,-0.184176,0.097549,-0.14371899999999999,-0.24126799999999998,4,0,True,0,0,False,0,0,False,0,0,False
sa_ghmappo,17,dev_01_state_02,63fee8a32f4b1c8d4d78562135b7b123d9efca8ef1fd10c52757463ac3a4c28b,18,24,complete_fixed_behavior_discounted_return_not_vpi,99.13967366563787,6.691112995147705,79.96529790289712,73.27418490774942,92.44856067049017,19.174375762740752,-73.27418490774942,0.400415,0.210557,-0.18985800000000003,0.09789900000000001,-0.164864,-0.262763,4,0,True,0,0,False,0,0,False,0,0,False
sa_ghmappo,17,dev_01_state_03,c559429297df4987fbb22dd07eedba631d6c671c0ff9130cbe932ee596739c54,18,24,complete_fixed_behavior_discounted_return_not_vpi,99.13967366563787,6.691181659698486,83.90808388991138,77.2169022302129,92.44849200593939,15.23158977572649,-77.2169022302129,0.468505,0.709027,0.24052199999999996,0.11959000000000003,0.49736099999999994,0.3777709999999999,4,4,False,0,4,True,0,4,True,0,4,True
sa_ghmappo,17,dev_01_state_04,7358d67bd36c9a85cc6e8138adeb39b8726469ca30f20c1f0942cc3f76de4651,18,24,complete_fixed_behavior_discounted_return_not_vpi,99.35350480891441,6.691127300262451,80.27526329520614,73.5841359949437,92.66237750865196,19.078241513708264,-73.5841359949437,0.400561,0.211565,-0.188996,0.09823900000000002,-0.16334300000000002,-0.26158200000000004,4,0,True,0,0,False,0,0,False,0,0,False
sa_ghmappo,17,dev_01_state_05,0763b046fa0b532b554b052e7a0878b9d194acdb61a7240efa1f797b157b13db,18,24,complete_fixed_behavior_discounted_return_not_vpi,99.35350480891441,6.691190242767334,83.92182936206038,77.23063911929304,92.66231456614707,15.43167544685403,-77.23063911929304,0.468657,0.712458,0.24380100000000005,0.119948,0.5035040000000001,0.38355600000000006,4,4,False,0,4,True,0,4,True,0,4,True
sa_ghmappo,17,dev_01_state_06,fd2e5861fe027bcb3635018576d2d5ce1b9b63d2b09ed94737c380749ee87049,18,24,complete_fixed_behavior_discounted_return_not_vpi,99.53944465087416,6.691131114959717,85.43324762596362,78.7421165110039,92.84831353591444,14.106197024910543,-78.7421165110039,0.467068,0.887131,0.420063,0.11693499999999996,0.793792,0.676857,4,4,False,0,4,True,0,4,True,0,4,True
sa_ghmappo,17,dev_01_state_07,183ebb194b29cf885e5c212fd6e18171c5539439db50572f3120f6c0133c5049,18,24,complete_fixed_behavior_discounted_return_not_vpi,99.53944465087416,6.6911211013793945,86.35844091031635,79.66731980893695,92.84832354949476,13.181003740557813,-79.66731980893695,0.466929,0.920205,0.45327600000000007,0.116703,0.8497370000000001,0.7330340000000001,4,4,False,0,4,True,0,4,True,0,4,True
sa_ghmappo,17,dev_01_state_08,d2bf64fb9b88e145885e5ed0f74f9f639967dd914d669e6f6d9e93f684a95a73,18,24,complete_fixed_behavior_discounted_return_not_vpi,99.72721960667732,6.691258430480957,86.16618763060465,79.4749292001237,93.03596117619637,13.56103197607267,-79.4749292001237,0.469402,0.843454,0.37405200000000005,0.12046299999999999,0.7080660000000001,0.5876030000000001,4,4,False,0,4,True,0,4,True,0,4,True
sa_ghmappo,17,dev_01_state_09,13fb32efb5dd998abdd32f46158b290acced91d28620d9d15377f2694497b912,18,24,complete_fixed_behavior_discounted_return_not_vpi,99.72721960667732,6.691238880157471,86.09557981575283,79.40434093559536,93.03598072651985,13.631639790924496,-79.40434093559536,0.46928,0.83663,0.36735,0.12039599999999995,0.6961999999999999,0.575804,4,4,False,0,4,True,0,4,True,0,4,True
sa_ghmappo,17,dev_01_state_10,501e02f271270613a795072dd11d6876f63160ede7c17cfbe7ee893e5b1aa82c,18,24,complete_fixed_behavior_discounted_return_not_vpi,99.53944465087416,6.691226005554199,86.1816151608702,79.490389155316,92.84821864531996,13.357829490003965,-79.490389155316,0.469095,0.853461,0.38436600000000004,0.12020399999999998,0.725881,0.605677,4,4,False,0,4,True,0,4,True,0,4,True
sa_ghmappo,17,dev_01_state_11,e0c6c2402de2864424b773d58c1fc72a6bc09419a54d0cbe2f5f07d795a22db3,18,24,complete_fixed_behavior_discounted_return_not_vpi,99.72721960667732,6.691273212432861,86.625085796393,79.93381258396013,93.03594639424446,13.102133810284329,-79.93381258396013,0.469522,0.90242,0.432898,0.12055100000000002,0.814357,0.6938059999999999,4,4,False,0,4,True,0,4,True,0,4,True
sa_ghmappo,17,dev_01_state_12,87eae5e2295dff0be0c0317d62480330e70116056ccb6207b9f0f698ac011e38,18,24,complete_fixed_behavior_discounted_return_not_vpi,99.72721960667732,6.691254138946533,86.60348737912614,79.9122332401796,93.03596546773079,13.123732227551187,-79.9122332401796,0.469399,0.89952,0.430121,0.12048000000000003,0.80903,0.68855,4,4,False,0,4,True,0,4,True,0,4,True
sa_ghmappo,17,dev_02_state_01,aacd1cc47660f831ce532b266ce3478bb22e2c78d466e47472c937aafefcacfb,18,24,complete_fixed_behavior_discounted_return_not_vpi,75.58016750117106,6.691098690032959,78.80918209393968,72.11808340390672,68.8890688111381,3.229014592768621,-65.66005421836948,0.400587,0.168827,-0.23176000000000002,0.09723400000000004,-0.252132,-0.34936600000000007,4,0,True,0,0,False,0,0,False,0,0,False
sa_ghmappo,17,dev_02_state_02,65837e8c4e1042b18b8987e46d37b1081f660135fc906dde8659dd34bcb25e18,18,24,complete_fixed_behavior_discounted_return_not_vpi,75.81651346531233,6.691030502319336,81.83037106009624,75.1393405577769,69.12548296299299,6.013857594783914,-63.111625368209076,0.400351,0.318938,-0.08141300000000001,0.09698100000000004,-0.0007980000000000209,-0.09777900000000006,4,0,True,0,0,False,0,0,False,0,0,False
sa_ghmappo,17,dev_02_state_03,788bd1c71ab6c0f94f77fdf24a1874af9e74d3c3e59586a4d8fd42a2d4a722a2,18,24,complete_fixed_behavior_discounted_return_not_vpi,75.57148846531233,6.691112041473389,74.52474548790089,67.8336334464275,68.88037642383894,1.0467429774114407,-67.8336334464275,0.467254,0.814902,0.347648,0.11762299999999998,0.7008030000000001,0.58318,4,4,False,0,4,True,0,4,True,0,4,True
sa_ghmappo,17,dev_02_state_04,73424c66a5e9ad4241b9fb8e38cb02b30333c2e9611126a6c2f2661d805079c5,18,24,complete_fixed_behavior_discounted_return_not_vpi,75.76470591996298,6.691213130950928,86.02162541217938,79.33041228122845,69.07349278901205,10.256919492216397,-58.81657329679565,0.468697,0.82724,0.358543,0.11990499999999998,0.6798949999999999,0.55999,4,4,False,0,4,True,0,4,True,0,4,True
sa_ghmappo,17,dev_02_state_05,07a0c6f5a831ee8a70a2e4f82ae69cc5df3eb3540cdda40dc84dfab435b8d8ac,18,24,complete_fixed_behavior_discounted_return_not_vpi,75.76470591996298,6.691136837005615,78.3529149502898,71.66177811328419,69.07356908295736,2.588209030326823,-66.48536005263054,0.467792,0.573924,0.106132,0.118863,0.357736,0.238873,4,4,False,0,4,True,0,4,True,0,4,True
sa_ghmappo,17,dev_02_state_06,cd47e258d721757c11ea4050f051bb017e502287edeba848b9bb4aed7aa04c14,18,24,complete_fixed_behavior_discounted_return_not_vpi,75.75848028252462,6.691207408905029,86.28605066173006,79.59484325282503,69.06727287361959,10.527570379205443,-58.53970249441414,0.467887,0.925429,0.45754199999999995,0.11798599999999998,0.858879,0.740893,4,4,False,0,4,True,0,4,True,0,4,True
sa_ghmappo,17,dev_02_state_07,446e55a68c01f9b6b3d75b3584e53818ff209784976039bdb016348e222bb7bc,18,24,complete_fixed_behavior_discounted_return_not_vpi,75.75848028252462,6.691085338592529,85.52046900738645,78.82938366879392,69.06739494393209,9.761988724861837,-59.30540621907025,0.466375,0.886162,0.419787,0.11603799999999997,0.791594,0.675556,4,4,False,0,4,True,0,4,True,0,4,True
sa_ghmappo,17,dev_02_state_08,da66deba85e976a12ee91266832b3fe4996e44cc0333ff92fe0fb0072b304773,18,24,complete_fixed_behavior_discounted_return_not_vpi,75.76470591996298,6.6910786628723145,84.80108248608909,78.11000382321677,69.07362725709066,9.036376566126108,-60.037250690964555,0.466407,0.864772,0.39836499999999997,0.11623300000000003,0.758945,0.642712,4,4,False,0,4,True,0,4,True,0,4,True
sa_ghmappo,17,dev_02_state_09,9b17e313c9c022b073c532cab790a8e4bbbfb88e37c386bc4de0316793e72b69,18,24,complete_fixed_behavior_discounted_return_not_vpi,100.75270180026362,6.69115686416626,86.46061062745629,79.76945376329003,94.06154493609736,14.292091172807332,-79.76945376329003,0.401414,0.572518,0.17110399999999998,0.09853499999999998,0.244303,0.145768,4,4,False,0,4,True,0,4,True,0,4,True
sa_ghmappo,17,dev_02_state_10,e6a58b6c7a7e16fa45b8c640dbd4b125a27da61dec2113082cdfa830027b3bfb,18,24,complete_fixed_behavior_discounted_return_not_vpi,75.75270180026362,6.691130638122559,86.4159137225281,79.72478308440554,69.06157116214106,10.66321192226448,-58.398359239876584,0.401332,0.556013,0.15468099999999996,0.098497,0.217933,0.11943599999999999,4,4,False,0,4,True,0,4,True,0,4,True
sa_ghmappo,17,dev_02_state_11,5fbcd355ad6ef625fe912c4a3485f5db6bcdb20e7b2dcdd955d3fe332063d473,18,24,complete_fixed_behavior_discounted_return_not_vpi,75.75848028252462,6.691112995147705,85.59439758190031,78.9032845867526,69.06736728737691,9.835917299375694,-59.231449988001216,0.401425,0.322418,-0.079007,0.098798,-0.092333,-0.191131,4,3,True,0,3,True,0,3,True,0,3,True
sa_ghmappo,17,dev_02_state_12,fdd3f8ff3f38604c74d277ed795fde0f3d9fa09eb963e4d8820de9b76534d356,18,24,complete_fixed_behavior_discounted_return_not_vpi,100.50848028252462,6.691139221191406,85.74915047167136,79.05801125047995,93.81734106133321,14.75932981085326,-79.05801125047995,0.401496,0.338434,-0.063062,0.09881800000000002,-0.07882800000000001,-0.17764600000000003,4,3,True,0,3,True,0,3,True,0,3,True
sa_ghmappo,17,dev_03_state_01,62750fc5f603af0e58fc56236599571502c69cfa558f3283ab10e1bc858471ae,18,24,complete_fixed_behavior_discounted_return_not_vpi,75.32227037485364,6.691124439239502,79.94653003511405,73.25540559587455,68.63114593561414,4.624259660260407,-64.00688627535374,0.401681,0.194505,-0.207176,0.09972500000000001,-0.16804099999999997,-0.26776599999999995,4,0,True,0,0,False,0,0,False,0,0,False
sa_ghmappo,17,dev_03_state_02,49dc0c665e7c8d1673bc0818a98dec317568afa99b48ce13b276daf91fdf1003,18,24,complete_fixed_behavior_discounted_return_not_vpi,75.2654274086768,6.6910834312438965,81.94192603106048,75.25084259981658,68.5743439774329,6.676498622383676,-61.89784535504923,0.401073,0.302817,-0.09825600000000001,0.09908700000000004,-0.02841100000000002,-0.12749800000000006,4,0,True,0,0,False,0,0,False,0,0,False
sa_ghmappo,17,dev_03_state_03,5c249417d557afb821d09652c2ced9028d3dd95a2292007d63fec0a2af97227d,18,24,complete_fixed_behavior_discounted_return_not_vpi,75.2654274086768,6.691185474395752,86.1767167659229,79.48553129152715,68.57424193428105,10.911289357246105,-57.66295257703494,0.467271,0.911506,0.44423500000000005,0.11896000000000001,0.834245,0.715285,4,4,False,0,4,True,0,4,True,0,4,True
sa_ghmappo,17,dev_03_state_04,f5f32654c6274248e0d209cab36df9f70fd51f283f1cd0807581b37e93a74a25,18,24,complete_fixed_behavior_discounted_return_not_vpi,75.46738204163074,6.691083908081055,83.84916093871162,77.15807703063057,68.77629813354969,8.381778897080878,-60.39451923646881,0.400877,0.166525,-0.23435199999999998,0.098634,-0.261185,-0.359819,4,0,True,0,0,False,0,0,False,0,0,False
sa_ghmappo,17,dev_03_state_05,6cc42ee25dea2b20e7ddf5c4193dae1de54521b21ce67836be05490494a0b931,18,24,complete_fixed_behavior_discounted_return_not_vpi,75.22963452915576,6.691203594207764,86.3791221009131,79.68791850670533,68.538430934948,11.149487571757334,-57.38894336319066,0.402541,0.445483,0.042942000000000036,0.10147799999999996,0.05271500000000001,-0.048762999999999945,4,4,False,0,3,True,0,3,True,0,3,True
sa_ghmappo,17,dev_03_state_06,1217155fad78690dd6f9e30d323674dca8a13a10b95a50b6354593aed403e43d,18,24,complete_fixed_behavior_discounted_return_not_vpi,75.17185584736579,6.691269397735596,86.49386460807699,79.8025952103414,68.4805864496302,11.3220087607112,-57.158577688918996,0.469111,0.936098,0.466987,0.12265500000000001,0.878334,0.755679,4,4,False,0,4,True,0,4,True,0,4,True
sa_ghmappo,17,dev_03_state_07,c9b593dfc8699de434ab870b13435c9305897d412b8dedc394c04fd20511d413,18,24,complete_fixed_behavior_discounted_return_not_vpi,75.22963452915576,6.691152572631836,86.3500094941574,79.65885692152557,68.53848195652392,11.120374965001645,-57.41810699152228,0.465349,0.905644,0.440295,0.11650500000000003,0.823868,0.707363,4,4,False,0,4,True,0,4,True,0,4,True
sa_ghmappo,17,dev_03_state_08,6b17f75e0e3f5de80f49678d788da5519dddc9cc9bd584c0ee650b8d7219e7b6,18,24,complete_fixed_behavior_discounted_return_not_vpi,75.4120048498658,6.691236972808838,86.32380783984325,79.63257086703442,68.72076787705696,10.91180298997746,-57.8089648870795,0.468526,0.926366,0.45784,0.121587,0.860625,0.739038,4,4,False,0,4,True,0,4,True,0,4,True
sa_ghmappo,17,dev_03_state_09,0ccde0ef6c389b7341f4f1ea7beb149b259aad13dd1630dab7db376142e1073a,18,24,complete_fixed_behavior_discounted_return_not_vpi,75.46738204163074,6.691051959991455,83.46286360604304,76.77181164605159,68.77633008163929,7.995481564412302,-60.780848517226985,0.399905,0.282177,-0.117728,0.09742699999999999,-0.07251099999999999,-0.16993799999999998,4,0,True,0,0,False,0,0,False,0,0,False
sa_ghmappo,17,dev_03_state_10,ebe2739e96e527d82f495d7e680acc3138491d2e16ff51c3923b53550c15ae25,18,24,complete_fixed_behavior_discounted_return_not_vpi,74.92928109736579,6.691281795501709,86.68548638667627,79.99420459117457,68.23799930186408,11.756205289310486,-56.48179401255359,0.468549,0.945597,0.477048,0.12119599999999997,0.895786,0.77459,4,4,False,0,4,True,0,4,True,0,4,True
sa_ghmappo,17,dev_03_state_11,6f4069e08051d555eb68fe1fc24e55e73bd96f49eec834dcd284e6fcc78d573c,18,24,complete_fixed_behavior_discounted_return_not_vpi,75.39606346424462,6.691178321838379,85.89317031514253,79.20199199330415,68.70488514240624,10.497106850897907,-58.20777829150833,0.402488,0.392896,-0.00959199999999999,0.10125899999999999,-0.019069000000000003,-0.12032799999999999,4,3,True,0,3,True,0,3,True,0,3,True
sa_ghmappo,17,dev_03_state_12,3280b55b15e26af81785ba01c8673bf4d36b50b213800bb4ae9d9639e7519111,18,24,complete_fixed_behavior_discounted_return_not_vpi,74.92928109736579,6.691219329833984,86.35759515393285,79.66637582409886,68.2380617675318,11.42831405656706,-56.80974771096474,0.403021,0.497357,0.09433599999999998,0.10219100000000003,0.12589,0.02369899999999997,4,4,False,0,3,True,0,3,True,0,3,True
sa_ghmappo,29,dev_00_state_01,2cb31cda5fedadef13eb6ef29f9fb864a9636c64a8a0b599c358ab8e79aa2f2e,12,18,complete_fixed_behavior_discounted_return_not_vpi,99.16542974483956,5.257999420166016,63.90342931232779,58.64542989216177,93.90743032467354,35.26200043251177,-58.64542989216177,0.586293,0.336858,-0.24943499999999996,0.36116499999999996,0.029752999999999974,-0.331412,4,4,False,4,0,True,4,0,True,4,0,True
sa_ghmappo,29,dev_00_state_02,4fe79a7d2f5b835a26cde6caefb444f6301c270d44971bde40489a612dd2b391,12,18,complete_fixed_behavior_discounted_return_not_vpi,99.43405463063405,5.257983207702637,63.90183639783184,58.64385319012921,94.17607142293141,35.53221823280221,-58.64385319012921,0.58533,0.346329,-0.23900100000000002,0.359713,0.043339000000000016,-0.316374,4,4,False,4,0,True,4,0,True,4,0,True
sa_ghmappo,29,dev_00_state_03,c47e6b288039285428aafce3d49684ca2d11b023896665b0b3daac8a9dcaa176,12,18,complete_fixed_behavior_discounted_return_not_vpi,99.43405463063405,5.258088111877441,63.90090022587095,58.64281211399351,94.17596651875661,35.5331544047631,-58.64281211399351,0.632727,0.498407,-0.13432000000000005,0.40030600000000005,0.249321,-0.15098500000000006,4,4,False,4,3,True,4,3,True,4,3,True
sa_ghmappo,29,dev_00_state_04,db2399dc4a1846b64b81f411e0237050b1ffd324fd9a4bd78478baf6f2a1e9df,12,18,complete_fixed_behavior_discounted_return_not_vpi,99.63275207083052,5.258065223693848,63.88994082615832,58.631875602464476,94.37468684713667,35.7428112446722,-58.631875602464476,0.632448,0.535567,-0.096881,0.400185,0.302956,-0.09722900000000001,4,4,False,4,4,False,4,4,False,4,4,False
sa_ghmappo,29,dev_00_state_05,b439a8ded6b7704f73b9af3aad6b5a11f4e642b89173768c49bca3fb2b8e11e1,12,18,complete_fixed_behavior_discounted_return_not_vpi,99.63275207083052,5.257840156555176,63.89740785448229,58.63956769792711,94.37491191427534,35.73534421634823,-58.63956769792711,0.5831,0.344426,-0.23867399999999994,0.35678099999999996,0.038283999999999985,-0.318497,4,4,False,4,0,True,4,0,True,4,0,True
sa_ghmappo,29,dev_00_state_06,05d5cb2b4cdc84a07f67d30b6d40026f1ae9404889525cd1fd230abd3ad151ac,12,18,complete_fixed_behavior_discounted_return_not_vpi,99.98305426895568,5.2581610679626465,63.88766808334818,58.629507015385535,94.72489320099304,36.0953861856075,-58.629507015385535,0.633909,0.563932,-0.06997699999999996,0.40242399999999995,0.346599,-0.05582499999999996,4,4,False,4,4,False,4,4,False,4,4,False
sa_ghmappo,29,dev_00_state_07,be44ebe79f69d66fa111d2fd9181f41a47efe8ab066cbd91663de162f21bfdca,12,18,complete_fixed_behavior_discounted_return_not_vpi,99.98305426895568,5.258115291595459,63.88703373211479,58.62891844051933,94.72493897736022,36.096020536840896,-58.62891844051933,0.63369,0.562563,-0.07112699999999994,0.402127,0.34457100000000007,-0.05755599999999994,4,4,False,4,4,False,4,4,False,4,4,False
sa_ghmappo,29,dev_00_state_08,54b81637eaa22690c2f9140cabc601d934d118af96613f57981add5ac63c1553,12,18,complete_fixed_behavior_discounted_return_not_vpi,99.63275207083052,5.2581281661987305,63.8866115076212,58.628483341422466,94.37462390463179,35.74614056320932,-58.628483341422466,0.634142,0.563405,-0.07073699999999994,0.40279,0.34593300000000005,-0.056856999999999935,4,4,False,4,4,False,4,4,False,4,4,False
sa_ghmappo,29,dev_00_state_09,4c5424ef8068127f88abfde3c8019231c91f8960d17e43927afbffc74d0ef8a3,12,18,complete_fixed_behavior_discounted_return_not_vpi,99.98305426895568,5.2581024169921875,63.8957094988993,58.63760708190711,94.7249518519635,36.08734477005638,-58.63760708190711,0.633063,0.517364,-0.115699,0.40114800000000006,0.27518400000000004,-0.12596400000000002,4,4,False,4,0,True,4,0,True,4,0,True
sa_ghmappo,29,dev_00_state_10,56cb3633f940a0aa4754de669549dee3763dc62aa8d33e8feb481d858f69cc45,12,18,complete_fixed_behavior_discounted_return_not_vpi,99.98305426895568,5.258052825927734,63.895187498423134,58.6371346724954,94.72500144302795,36.08786677053255,-58.6371346724954,0.632834,0.515784,-0.11704999999999999,0.400838,0.27284400000000003,-0.127994,4,4,False,4,0,True,4,0,True,4,0,True
sa_ghmappo,29,dev_00_state_11,616869b075de6c2da36a5545c9128137f476e5cb4f0ae4851e0c1b46d0deef42,12,18,complete_fixed_behavior_discounted_return_not_vpi,99.63275207083052,5.258057117462158,63.895078736900125,58.63702161943797,94.37469495336836,35.737673333930395,-58.63702161943797,0.633193,0.517108,-0.116085,0.40136099999999997,0.274972,-0.12638899999999997,4,4,False,4,0,True,4,0,True,4,0,True
sa_ghmappo,29,dev_00_state_12,50772a9d479dd040bdfcd26f5a4e632848da15cc67dcf85fb3ae790c04749004,12,18,complete_fixed_behavior_discounted_return_not_vpi,100.22152414584981,5.258196830749512,63.88590627505107,58.62770944430156,94.9633273151003,36.33561787079874,-58.62770944430156,0.633661,0.567281,-0.06638,0.401776,0.35138500000000006,-0.050390999999999964,4,4,False,4,4,False,4,4,False,4,4,False
sa_ghmappo,29,dev_01_state_01,a4bbd832c514e8ecb281380734580807ec9ec04ce04b6be662dd729667c979e5,12,18,complete_fixed_behavior_discounted_return_not_vpi,75.65614047157035,5.25779914855957,63.9027712475817,58.64497209902213,70.39834132301078,11.753369223988656,-58.64497209902213,0.587321,0.349147,-0.238174,0.36373999999999995,0.04837799999999998,-0.315362,4,4,False,4,0,True,4,0,True,4,0,True
sa_ghmappo,29,dev_01_state_02,63fee8a32f4b1c8d4d78562135b7b123d9efca8ef1fd10c52757463ac3a4c28b,12,18,complete_fixed_behavior_discounted_return_not_vpi,99.13967366563787,5.257781028747559,63.90129309773017,58.64351206898261,93.88189263689031,35.238380567907704,-58.64351206898261,0.586684,0.353134,-0.23354999999999998,0.36278299999999997,0.053813,-0.30896999999999997,4,4,False,4,0,True,4,0,True,4,0,True
sa_ghmappo,29,dev_01_state_03,c559429297df4987fbb22dd07eedba631d6c671c0ff9130cbe932ee596739c54,12,18,complete_fixed_behavior_discounted_return_not_vpi,99.13967366563787,5.257979393005371,63.89954146416372,58.64156207115835,93.8816942726325,35.240132201474154,-58.64156207115835,0.63552,0.514572,-0.12094799999999994,0.40518499999999996,0.273262,-0.13192299999999996,4,4,False,4,3,True,4,3,True,4,3,True
sa_ghmappo,29,dev_01_state_04,7358d67bd36c9a85cc6e8138adeb39b8726469ca30f20c1f0942cc3f76de4651,12,18,complete_fixed_behavior_discounted_return_not_vpi,99.35350480891441,5.257786750793457,63.90104624453277,58.643259493739315,94.09571805812095,35.45245856438164,-58.643259493739315,0.586358,0.357957,-0.22840100000000002,0.36225300000000005,0.060907000000000044,-0.301346,4,4,False,4,0,True,4,0,True,4,0,True
sa_ghmappo,29,dev_01_state_05,0763b046fa0b532b554b052e7a0878b9d194acdb61a7240efa1f797b157b13db,12,18,complete_fixed_behavior_discounted_return_not_vpi,99.35350480891441,5.257974147796631,63.89895645731861,58.64098230952198,94.09553066111778,35.4545483515958,-58.64098230952198,0.635137,0.519734,-0.11540299999999992,0.40460799999999997,0.280941,-0.12366699999999997,4,4,False,4,3,True,4,3,True,4,3,True
sa_ghmappo,29,dev_01_state_06,fd2e5861fe027bcb3635018576d2d5ce1b9b63d2b09ed94737c380749ee87049,12,18,complete_fixed_behavior_discounted_return_not_vpi,99.53944465087416,5.257855415344238,63.88829479037844,58.6304393750342,94.28158923552992,35.65114986049572,-58.6304393750342,0.633988,0.55511,-0.078878,0.403091,0.332518,-0.070573,4,4,False,4,4,False,4,4,False,4,4,False
sa_ghmappo,29,dev_01_state_07,183ebb194b29cf885e5c212fd6e18171c5539439db50572f3120f6c0133c5049,12,18,complete_fixed_behavior_discounted_return_not_vpi,99.53944465087416,5.257881164550781,63.8847576063204,58.62687644176962,94.28156348632338,35.65468704455376,-58.62687644176962,0.633986,0.562697,-0.07128900000000005,0.40306600000000004,0.343905,-0.05916100000000002,4,4,False,4,4,False,4,4,False,4,4,False
sa_ghmappo,29,dev_01_state_08,d2bf64fb9b88e145885e5ed0f74f9f639967dd914d669e6f6d9e93f684a95a73,12,18,complete_fixed_behavior_discounted_return_not_vpi,99.72721960667732,5.258011817932129,63.885514391131636,58.62750257319951,94.4692077887452,35.84170521554569,-58.62750257319951,0.63641,0.574659,-0.061751,0.40694600000000003,0.36233100000000007,-0.04461499999999996,4,4,False,4,4,False,4,4,False,4,4,False
sa_ghmappo,29,dev_01_state_09,13fb32efb5dd998abdd32f46158b290acced91d28620d9d15377f2694497b912,12,18,complete_fixed_behavior_discounted_return_not_vpi,99.72721960667732,5.257959842681885,63.88482906262947,58.62686921994759,94.46925976399544,35.84239054404785,-58.62686921994759,0.636183,0.573272,-0.06291100000000005,0.40664400000000006,0.360275,-0.04636900000000005,4,4,False,4,4,False,4,4,False,4,4,False
sa_ghmappo,29,dev_01_state_10,501e02f271270613a795072dd11d6876f63160ede7c17cfbe7ee893e5b1aa82c,12,18,complete_fixed_behavior_discounted_return_not_vpi,99.53944465087416,5.257932662963867,63.885113014493925,58.62718035153006,94.28151198791029,35.654331636380235,-58.62718035153006,0.636094,0.571449,-0.06464500000000006,0.406509,0.357591,-0.04891800000000002,4,4,False,4,4,False,4,4,False,4,4,False
sa_ghmappo,29,dev_01_state_11,e0c6c2402de2864424b773d58c1fc72a6bc09419a54d0cbe2f5f07d795a22db3,12,18,complete_fixed_behavior_discounted_return_not_vpi,99.72721960667732,5.258066654205322,63.88518759988578,58.62712094568046,94.469152952472,35.84203200679154,-58.62712094568046,0.636808,0.572176,-0.06463200000000002,0.40725700000000004,0.358363,-0.04889400000000005,4,4,False,4,4,False,4,4,False,4,4,False
sa_ghmappo,29,dev_01_state_12,87eae5e2295dff0be0c0317d62480330e70116056ccb6207b9f0f698ac011e38,12,18,complete_fixed_behavior_discounted_return_not_vpi,99.72721960667732,5.258016109466553,63.88448951760002,58.626473408133464,94.46920349721077,35.84273008907731,-58.626473408133464,0.636583,0.570877,-0.06570600000000004,0.406956,0.356438,-0.05051800000000001,4,4,False,4,4,False,4,4,False,4,4,False
sa_ghmappo,29,dev_02_state_01,aacd1cc47660f831ce532b266ce3478bb22e2c78d466e47472c937aafefcacfb,12,18,complete_fixed_behavior_discounted_return_not_vpi,75.58016750117106,5.25755500793457,63.900609981914435,58.643054973979865,70.32261249323649,11.679557519256626,-58.643054973979865,0.584286,0.336754,-0.24753199999999997,0.35950299999999996,0.030447999999999975,-0.329055,4,4,False,4,0,True,4,0,True,4,0,True
sa_ghmappo,29,dev_02_state_02,65837e8c4e1042b18b8987e46d37b1081f660135fc906dde8659dd34bcb25e18,12,18,complete_fixed_behavior_discounted_return_not_vpi,75.81651346531233,5.257506370544434,63.89390180554572,58.63639543500128,70.55900709476789,11.92261165976661,-58.63639543500128,0.584127,0.357931,-0.22619599999999995,0.35933499999999996,0.06104999999999999,-0.29828499999999997,4,4,False,4,0,True,4,0,True,4,0,True
sa_ghmappo,29,dev_02_state_03,788bd1c71ab6c0f94f77fdf24a1874af9e74d3c3e59586a4d8fd42a2d4a722a2,12,18,complete_fixed_behavior_discounted_return_not_vpi,75.57148846531233,5.257843017578125,63.897747024108824,58.6399040065307,70.3136454477342,11.673741441203504,-58.6399040065307,0.63367,0.515334,-0.118336,0.40226699999999993,0.27491,-0.12735699999999994,4,4,False,4,3,True,4,3,True,4,3,True
sa_ghmappo,29,dev_02_state_04,73424c66a5e9ad4241b9fb8e38cb02b30333c2e9611126a6c2f2661d805079c5,12,18,complete_fixed_behavior_discounted_return_not_vpi,75.76470591996298,5.257853984832764,63.883987316846905,58.62613333201414,70.50685193513021,11.880718603116073,-58.62613333201414,0.634883,0.571973,-0.06291000000000002,0.40473499999999996,0.35836399999999996,-0.046370999999999996,4,4,False,4,4,False,4,4,False,4,4,False
sa_ghmappo,29,dev_02_state_05,07a0c6f5a831ee8a70a2e4f82ae69cc5df3eb3540cdda40dc84dfab435b8d8ac,12,18,complete_fixed_behavior_discounted_return_not_vpi,75.76470591996298,5.257687091827393,63.89146679191544,58.63377970008805,70.50701882813559,11.873239128047537,-58.63377970008805,0.632941,0.532935,-0.10000599999999993,0.40183599999999997,0.298725,-0.10311099999999995,4,4,False,4,4,False,4,4,False,4,4,False
sa_ghmappo,29,dev_02_state_06,cd47e258d721757c11ea4050f051bb017e502287edeba848b9bb4aed7aa04c14,12,18,complete_fixed_behavior_discounted_return_not_vpi,75.75848028252462,5.257858753204346,63.880608787863025,58.62275003465868,70.50062152932027,11.87787149466159,-58.62275003465868,0.634878,0.582188,-0.052690000000000015,0.40435800000000005,0.37403700000000006,-0.030320999999999987,4,4,False,4,4,False,4,4,False,4,4,False
sa_ghmappo,29,dev_02_state_07,446e55a68c01f9b6b3d75b3584e53818ff209784976039bdb016348e222bb7bc,12,18,complete_fixed_behavior_discounted_return_not_vpi,75.75848028252462,5.257627487182617,63.88150994028422,58.6238824531016,70.500852795342,11.876970342240398,-58.6238824531016,0.632396,0.559977,-0.07241900000000001,0.40086499999999997,0.33951599999999993,-0.06134900000000004,4,4,False,4,4,False,4,4,False,4,4,False
sa_ghmappo,29,dev_02_state_08,da66deba85e976a12ee91266832b3fe4996e44cc0333ff92fe0fb0072b304773,12,18,complete_fixed_behavior_discounted_return_not_vpi,75.76470591996298,5.2576212882995605,63.88429374401237,58.62667245571281,70.50708463166342,11.88041217595061,-58.62667245571281,0.632317,0.554117,-0.07820000000000005,0.400828,0.33089399999999997,-0.06993400000000005,4,4,False,4,4,False,4,4,False,4,4,False
sa_ghmappo,29,dev_02_state_09,9b17e313c9c022b073c532cab790a8e4bbbfb88e37c386bc4de0316793e72b69,12,18,complete_fixed_behavior_discounted_return_not_vpi,100.75270180026362,5.257630348205566,63.891936819376845,58.63430647117128,95.49507145205806,36.86076498088678,-58.63430647117128,0.583154,0.385764,-0.19738999999999995,0.35808399999999996,0.10357499999999997,-0.254509,4,4,False,4,0,True,4,0,True,4,0,True
sa_ghmappo,29,dev_02_state_10,e6a58b6c7a7e16fa45b8c640dbd4b125a27da61dec2113082cdfa830027b3bfb,12,18,complete_fixed_behavior_discounted_return_not_vpi,75.75270180026362,5.257505416870117,63.890240624702216,58.6327352078321,70.4951963833935,11.862461175561407,-58.6327352078321,0.582619,0.384787,-0.197832,0.357419,0.10218899999999997,-0.25523,4,4,False,4,0,True,4,0,True,4,0,True
sa_ghmappo,29,dev_02_state_11,5fbcd355ad6ef625fe912c4a3485f5db6bcdb20e7b2dcdd955d3fe332063d473,12,18,complete_fixed_behavior_discounted_return_not_vpi,75.75848028252462,5.257458686828613,63.88418674930367,58.62672806247506,70.501021595696,11.874293533220943,-58.62672806247506,0.583381,0.395032,-0.18834900000000004,0.35851600000000006,0.11659900000000001,-0.24191700000000005,4,4,False,4,0,True,4,0,True,4,0,True
sa_ghmappo,29,dev_02_state_12,fdd3f8ff3f38604c74d277ed795fde0f3d9fa09eb963e4d8820de9b76534d356,12,18,complete_fixed_behavior_discounted_return_not_vpi,100.50848028252462,5.257586479187012,63.88623714727848,58.62865066809147,95.2508938033376,36.62224313524614,-58.62865066809147,0.583912,0.396032,-0.18788,0.35917299999999996,0.11802200000000002,-0.24115099999999995,4,4,False,4,0,True,4,0,True,4,0,True
sa_ghmappo,29,dev_03_state_01,62750fc5f603af0e58fc56236599571502c69cfa558f3283ab10e1bc858471ae,12,18,complete_fixed_behavior_discounted_return_not_vpi,75.32227037485364,5.2575531005859375,63.899552619128215,58.64199951854228,70.06471727426771,11.42271775572543,-58.64199951854228,0.579731,0.316955,-0.262776,0.352332,0.0005890000000000062,-0.351743,4,4,False,4,0,True,4,0,True,4,0,True
sa_ghmappo,29,dev_03_state_02,49dc0c665e7c8d1673bc0818a98dec317568afa99b48ce13b276daf91fdf1003,12,18,complete_fixed_behavior_discounted_return_not_vpi,75.2654274086768,5.257562637329102,63.89484405025951,58.637281412930406,70.0078647713477,11.370583358417292,-58.637281412930406,0.580074,0.325564,-0.25450999999999996,0.35263599999999995,0.012785000000000046,-0.3398509999999999,4,4,False,4,0,True,4,0,True,4,0,True
sa_ghmappo,29,dev_03_state_03,5c249417d557afb821d09652c2ced9028d3dd95a2292007d63fec0a2af97227d,12,18,complete_fixed_behavior_discounted_return_not_vpi,75.2654274086768,5.257965087890625,63.89277609695782,58.63481100906719,70.00746232078617,11.372651311718982,-58.63481100906719,0.631688,0.526477,-0.10521100000000005,0.398829,0.29181999999999997,-0.10700900000000002,4,4,False,4,4,False,4,4,False,4,4,False
sa_ghmappo,29,dev_03_state_04,f5f32654c6274248e0d209cab36df9f70fd51f283f1cd0807581b37e93a74a25,12,18,complete_fixed_behavior_discounted_return_not_vpi,75.46738204163074,5.257218360900879,63.88605531062674,58.62883694972586,70.21016368072986,11.581326731004005,-58.62883694972586,0.576105,0.326985,-0.24911999999999995,0.34729499999999996,0.012922000000000045,-0.3343729999999999,4,4,False,4,0,True,4,0,True,4,0,True
sa_ghmappo,29,dev_03_state_05,6cc42ee25dea2b20e7ddf5c4193dae1de54521b21ce67836be05490494a0b931,12,18,complete_fixed_behavior_discounted_return_not_vpi,75.22963452915576,5.257702350616455,63.8900644264055,58.63236207578905,69.9719321785393,11.339570102750258,-58.63236207578905,0.579862,0.346317,-0.233545,0.35191399999999995,0.04384199999999999,-0.30807199999999996,4,4,False,4,0,True,4,0,True,4,0,True
sa_ghmappo,29,dev_03_state_06,1217155fad78690dd6f9e30d323674dca8a13a10b95a50b6354593aed403e43d,12,18,complete_fixed_behavior_discounted_return_not_vpi,75.17185584736579,5.257938385009766,63.88190221477909,58.62396382976932,69.91391746235603,11.289953632586702,-58.62396382976932,0.629386,0.556991,-0.07239499999999999,0.39539599999999997,0.33635800000000005,-0.059037999999999924,4,4,False,4,4,False,4,4,False,4,4,False
sa_ghmappo,29,dev_03_state_07,c9b593dfc8699de434ab870b13435c9305897d412b8dedc394c04fd20511d413,12,18,complete_fixed_behavior_discounted_return_not_vpi,75.22963452915576,5.257753372192383,63.88433845321721,58.62658508102483,69.97188115696338,11.345296075938549,-58.62658508102483,0.629909,0.532638,-0.09727100000000011,0.39647000000000004,0.2991729999999999,-0.09729700000000013,4,4,False,4,4,False,4,4,False,4,4,False
sa_ghmappo,29,dev_03_state_08,6b17f75e0e3f5de80f49678d788da5519dddc9cc9bd584c0ee650b8d7219e7b6,12,18,complete_fixed_behavior_discounted_return_not_vpi,75.4120048498658,5.25784158706665,63.878414169012586,58.620572581945936,70.15416326279914,11.533590680853209,-58.620572581945936,0.629042,0.565435,-0.06360699999999997,0.395304,0.348984,-0.04631999999999997,4,4,False,4,4,False,4,4,False,4,4,False
sa_ghmappo,29,dev_03_state_09,0ccde0ef6c389b7341f4f1ea7beb149b259aad13dd1630dab7db376142e1073a,12,18,complete_fixed_behavior_discounted_return_not_vpi,75.46738204163074,5.257230758666992,63.88481175980749,58.6275810011405,70.21015128296375,11.582570281823251,-58.6275810011405,0.57637,0.332699,-0.24367100000000003,0.34763400000000005,0.021610000000000018,-0.32602400000000004,4,4,False,4,0,True,4,0,True,4,0,True
sa_ghmappo,29,dev_03_state_10,ebe2739e96e527d82f495d7e680acc3138491d2e16ff51c3923b53550c15ae25,12,18,complete_fixed_behavior_discounted_return_not_vpi,74.92928109736579,5.2580156326293945,63.88069671540185,58.62268108277245,69.6712654647364,11.048584381963941,-58.62268108277245,0.632162,0.57613,-0.05603199999999997,0.39964500000000003,0.365556,-0.034089000000000036,4,4,False,4,4,False,4,4,False,4,4,False
sa_ghmappo,29,dev_03_state_11,6f4069e08051d555eb68fe1fc24e55e73bd96f49eec834dcd284e6fcc78d573c,12,18,complete_fixed_behavior_discounted_return_not_vpi,75.39606346424462,5.257640838623047,63.88415856874901,58.62651773012596,70.13842262562157,11.511904895495611,-58.62651773012596,0.57953,0.374091,-0.20543899999999998,0.352276,0.08493299999999998,-0.267343,4,4,False,4,0,True,4,0,True,4,0,True
sa_ghmappo,29,dev_03_state_12,3280b55b15e26af81785ba01c8673bf4d36b50b213800bb4ae9d9639e7519111,12,18,complete_fixed_behavior_discounted_return_not_vpi,74.92928109736579,5.257692337036133,63.8837729073467,58.62608057031057,69.67158876032966,11.045508190019085,-58.62608057031057,0.580204,0.372308,-0.20789600000000008,0.35281500000000005,0.08249699999999999,-0.27031800000000006,4,4,False,4,0,True,4,0,True,4,0,True
sa_ghmappo,43,dev_00_state_01,2cb31cda5fedadef13eb6ef29f9fb864a9636c64a8a0b599c358ab8e79aa2f2e,12,18,complete_fixed_behavior_discounted_return_not_vpi,99.16542974483956,5.123296737670898,77.49214448090926,72.36884774323836,94.04213300716866,21.673285263930296,-72.36884774323836,0.50378,0.46922,-0.03455999999999998,0.28049999999999997,0.22796200000000003,-0.052537999999999946,4,4,False,4,0,True,4,0,True,4,0,True
sa_ghmappo,43,dev_00_state_02,4fe79a7d2f5b835a26cde6caefb444f6301c270d44971bde40489a612dd2b391,12,18,complete_fixed_behavior_discounted_return_not_vpi,99.43405463063405,5.123289108276367,77.48907092961971,72.36578182134335,94.31076552235768,21.944983701014337,-72.36578182134335,0.505006,0.47577,-0.02923599999999993,0.28207799999999994,0.23750400000000002,-0.04457399999999992,4,4,False,4,0,True,4,0,True,4,0,True
sa_ghmappo,43,dev_00_state_03,c47e6b288039285428aafce3d49684ca2d11b023896665b0b3daac8a9dcaa176,12,18,complete_fixed_behavior_discounted_return_not_vpi,99.43405463063405,5.123476028442383,77.48331451827914,72.35983848983676,94.31057860219167,21.950740112354907,-72.35983848983676,0.566364,0.637482,0.07111800000000001,0.317194,0.414811,0.09761700000000001,4,4,False,4,4,False,4,4,False,4,4,False
sa_ghmappo,43,dev_00_state_04,db2399dc4a1846b64b81f411e0237050b1ffd324fd9a4bd78478baf6f2a1e9df,12,18,complete_fixed_behavior_discounted_return_not_vpi,99.63275207083052,5.123456001281738,77.4576124498179,72.33415644853616,94.50929606954878,22.17513962101262,-72.33415644853616,0.565619,0.675238,0.10961900000000002,0.315814,0.47780500000000004,0.16199100000000005,4,4,False,4,4,False,4,4,False,4,4,False
sa_ghmappo,43,dev_00_state_05,b439a8ded6b7704f73b9af3aad6b5a11f4e642b89173768c49bca3fb2b8e11e1,12,18,complete_fixed_behavior_discounted_return_not_vpi,99.63275207083052,5.123284339904785,77.47703171002027,72.35374737011549,94.50946773092573,22.15572036081025,-72.35374737011549,0.503778,0.487883,-0.015894999999999937,0.28027699999999994,0.25383100000000003,-0.026445999999999914,4,4,False,4,0,True,4,0,True,4,0,True
sa_ghmappo,43,dev_00_state_06,05d5cb2b4cdc84a07f67d30b6d40026f1ae9404889525cd1fd230abd3ad151ac,12,18,complete_fixed_behavior_discounted_return_not_vpi,99.98305426895568,5.123687744140625,77.45716561819462,72.333477874054,94.85936652481506,22.52588865076106,-72.333477874054,0.564929,0.660955,0.09602599999999994,0.31476200000000004,0.457302,0.14253999999999994,4,4,False,4,4,False,4,4,False,4,4,False
sa_ghmappo,43,dev_00_state_07,be44ebe79f69d66fa111d2fd9181f41a47efe8ab066cbd91663de162f21bfdca,12,18,complete_fixed_behavior_discounted_return_not_vpi,99.98305426895568,5.123647212982178,77.45296622665826,72.32931901367608,94.8594070559735,22.53008804229742,-72.32931901367608,0.565146,0.661237,0.09609099999999993,0.31510000000000005,0.457935,0.14283499999999993,4,4,False,4,4,False,4,4,False,4,4,False
sa_ghmappo,43,dev_00_state_08,54b81637eaa22690c2f9140cabc601d934d118af96613f57981add5ac63c1553,12,18,complete_fixed_behavior_discounted_return_not_vpi,99.63275207083052,5.123640537261963,77.45211027503997,72.32846973777801,94.50911153356856,22.18064179579055,-72.32846973777801,0.565147,0.66231,0.097163,0.31507299999999994,0.46012499999999995,0.14505200000000001,4,4,False,4,4,False,4,4,False,4,4,False
sa_ghmappo,43,dev_00_state_09,4c5424ef8068127f88abfde3c8019231c91f8960d17e43927afbffc74d0ef8a3,12,18,complete_fixed_behavior_discounted_return_not_vpi,99.98305426895568,5.123393535614014,77.47924828260531,72.3558547469913,94.85966073334167,22.503805986350372,-72.3558547469913,0.565778,0.623272,0.057494000000000045,0.316826,0.3895740000000001,0.07274800000000009,4,4,False,4,4,False,4,4,False,4,4,False
sa_ghmappo,43,dev_00_state_10,56cb3633f940a0aa4754de669549dee3763dc62aa8d33e8feb481d858f69cc45,12,18,complete_fixed_behavior_discounted_return_not_vpi,99.98305426895568,5.123347282409668,77.47619317676477,72.3528458943551,94.85970698654602,22.506861092190917,-72.3528458943551,0.566004,0.623529,0.05752500000000005,0.317183,0.39016300000000004,0.07298000000000004,4,4,False,4,4,False,4,4,False,4,4,False
sa_ghmappo,43,dev_00_state_11,616869b075de6c2da36a5545c9128137f476e5cb4f0ae4851e0c1b46d0deef42,12,18,complete_fixed_behavior_discounted_return_not_vpi,99.63275207083052,5.123345375061035,77.47537625559198,72.35203088053095,94.50940669576948,22.157375815238538,-72.35203088053095,0.565962,0.625458,0.05949599999999999,0.31706899999999993,0.39391199999999993,0.076843,4,4,False,4,4,False,4,4,False,4,4,False
sa_ghmappo,43,dev_00_state_12,50772a9d479dd040bdfcd26f5a4e632848da15cc67dcf85fb3ae790c04749004,12,18,complete_fixed_behavior_discounted_return_not_vpi,100.22152414584981,5.123724937438965,77.45481540255777,72.3310904651188,95.09779920841085,22.766708743292043,-72.3310904651188,0.565356,0.669587,0.10423100000000007,0.31543,0.47154900000000005,0.15611900000000006,4,4,False,4,4,False,4,4,False,4,4,False
sa_ghmappo,43,dev_01_state_01,a4bbd832c514e8ecb281380734580807ec9ec04ce04b6be662dd729667c979e5,12,18,complete_fixed_behavior_discounted_return_not_vpi,75.65614047157035,5.1231184005737305,77.49086896663047,72.36775056605674,70.53302207099662,1.8347284950601193,-68.6982935759365,0.497458,0.444698,-0.05276000000000003,0.272187,0.196341,-0.07584600000000002,4,4,False,3,0,True,3,0,True,3,0,True
sa_ghmappo,43,dev_01_state_02,63fee8a32f4b1c8d4d78562135b7b123d9efca8ef1fd10c52757463ac3a4c28b,12,18,complete_fixed_behavior_discounted_return_not_vpi,99.13967366563787,5.1231279373168945,77.4883503145627,72.3652223772458,94.01654572832098,21.651323351075177,-72.3652223772458,0.497801,0.448332,-0.049468999999999985,0.272633,0.201834,-0.070799,4,4,False,3,0,True,3,0,True,3,0,True
sa_ghmappo,43,dev_01_state_03,c559429297df4987fbb22dd07eedba631d6c671c0ff9130cbe932ee596739c54,12,18,complete_fixed_behavior_discounted_return_not_vpi,99.13967366563787,5.123207092285156,77.48114021137107,72.35793311908591,94.01646657335272,21.658533454266802,-72.35793311908591,0.558162,0.596683,0.038520999999999916,0.30589500000000003,0.35377499999999995,0.04787999999999992,4,4,False,3,4,True,3,4,True,3,4,True
sa_ghmappo,43,dev_01_state_04,7358d67bd36c9a85cc6e8138adeb39b8726469ca30f20c1f0942cc3f76de4651,12,18,complete_fixed_behavior_discounted_return_not_vpi,99.35350480891441,5.123100280761719,77.48851633836807,72.36541605760635,94.23040452815269,21.864988470546336,-72.36541605760635,0.498565,0.449538,-0.04902699999999999,0.273707,0.20330399999999998,-0.070403,4,4,False,3,0,True,3,0,True,3,0,True
sa_ghmappo,43,dev_01_state_05,0763b046fa0b532b554b052e7a0878b9d194acdb61a7240efa1f797b157b13db,12,18,complete_fixed_behavior_discounted_return_not_vpi,99.35350480891441,5.12318754196167,77.4814476822874,72.35826014032573,94.23031726695274,21.872057126627013,-72.35826014032573,0.55889,0.599361,0.040471000000000035,0.306897,0.35782100000000006,0.05092400000000008,4,4,False,4,4,False,4,4,False,4,4,False
sa_ghmappo,43,dev_01_state_06,fd2e5861fe027bcb3635018576d2d5ce1b9b63d2b09ed94737c380749ee87049,12,18,complete_fixed_behavior_discounted_return_not_vpi,99.53944465087416,5.123171806335449,77.45642496462203,72.33325315828658,94.41627284453871,22.08301968625213,-72.33325315828658,0.55885,0.637764,0.07891400000000004,0.30643599999999993,0.42212,0.11568400000000006,4,4,False,3,4,True,3,4,True,3,4,True
sa_ghmappo,43,dev_01_state_07,183ebb194b29cf885e5c212fd6e18171c5539439db50572f3120f6c0133c5049,12,18,complete_fixed_behavior_discounted_return_not_vpi,99.53944465087416,5.123183250427246,77.44398216976089,72.32079891933364,94.41626140044691,22.095462481113273,-72.32079891933364,0.5587,0.643474,0.08477400000000002,0.30615899999999996,0.43293099999999995,0.126772,4,4,False,3,4,True,3,4,True,3,4,True
sa_ghmappo,43,dev_01_state_08,d2bf64fb9b88e145885e5ed0f74f9f639967dd914d669e6f6d9e93f684a95a73,12,18,complete_fixed_behavior_discounted_return_not_vpi,99.72721960667732,5.123501777648926,77.45972048757127,72.33621870992235,94.6037178290284,22.26749911910605,-72.33621870992235,0.557016,0.618806,0.06179000000000001,0.30381299999999994,0.39452199999999993,0.09070899999999998,4,4,False,3,4,True,3,4,True,3,4,True
sa_ghmappo,43,dev_01_state_09,13fb32efb5dd998abdd32f46158b290acced91d28620d9d15377f2694497b912,12,18,complete_fixed_behavior_discounted_return_not_vpi,99.72721960667732,5.1234540939331055,77.45565878284386,72.33220468891075,94.60376551274422,22.271560823833468,-72.33220468891075,0.557218,0.619083,0.06186500000000006,0.304132,0.39518200000000003,0.09105000000000002,4,4,False,3,4,True,3,4,True,3,4,True
sa_ghmappo,43,dev_01_state_10,501e02f271270613a795072dd11d6876f63160ede7c17cfbe7ee893e5b1aa82c,12,18,complete_fixed_behavior_discounted_return_not_vpi,99.53944465087416,5.1234235763549805,77.4539160705152,72.33049249416023,94.41602107451918,22.085528580358954,-72.33049249416023,0.557391,0.620981,0.06359000000000004,0.30426899999999996,0.398964,0.09469500000000003,4,4,False,3,4,True,3,4,True,3,4,True
sa_ghmappo,43,dev_01_state_11,e0c6c2402de2864424b773d58c1fc72a6bc09419a54d0cbe2f5f07d795a22db3,12,18,complete_fixed_behavior_discounted_return_not_vpi,99.72721960667732,5.12352991104126,77.44730554800245,72.32377563696119,94.60368969563606,22.279914058674876,-72.32377563696119,0.556674,0.626181,0.06950699999999999,0.303281,0.408653,0.10537199999999997,4,4,False,3,4,True,3,4,True,3,4,True
sa_ghmappo,43,dev_01_state_12,87eae5e2295dff0be0c0317d62480330e70116056ccb6207b9f0f698ac011e38,12,18,complete_fixed_behavior_discounted_return_not_vpi,99.72721960667732,5.1234822273254395,77.44254874645841,72.31906651913297,94.60373737935188,22.28467086021891,-72.31906651913297,0.556876,0.626459,0.06958299999999995,0.30359900000000006,0.409315,0.10571599999999992,4,4,False,3,4,True,3,4,True,3,4,True
sa_ghmappo,43,dev_02_state_01,aacd1cc47660f831ce532b266ce3478bb22e2c78d466e47472c937aafefcacfb,12,18,complete_fixed_behavior_discounted_return_not_vpi,75.58016750117106,5.122802734375,77.48493891746591,72.36213618309091,70.45736476679606,1.9047714162948495,-68.55259335050121,0.499021,0.445935,-0.05308599999999997,0.275598,0.199586,-0.076012,4,4,False,3,0,True,3,0,True,3,0,True
sa_ghmappo,43,dev_02_state_02,65837e8c4e1042b18b8987e46d37b1081f660135fc906dde8659dd34bcb25e18,12,18,complete_fixed_behavior_discounted_return_not_vpi,75.81651346531233,5.122770309448242,77.4656497781098,72.34287946866156,70.69374315586408,1.6491363127974807,-69.0446068430666,0.498849,0.484939,-0.013909999999999978,0.275449,0.258658,-0.016791,4,4,False,3,0,True,3,0,True,3,0,True
sa_ghmappo,43,dev_02_state_03,788bd1c71ab6c0f94f77fdf24a1874af9e74d3c3e59586a4d8fd42a2d4a722a2,12,18,complete_fixed_behavior_discounted_return_not_vpi,75.57148846531233,5.1230597496032715,77.47835683082211,72.35529708121884,70.44842871570906,1.90686836550978,-68.54156035019928,0.5603,0.623199,0.06289899999999993,0.30899400000000005,0.39546499999999996,0.08647099999999991,4,4,False,4,4,False,4,4,False,4,4,False
sa_ghmappo,43,dev_02_state_04,73424c66a5e9ad4241b9fb8e38cb02b30333c2e9611126a6c2f2661d805079c5,12,18,complete_fixed_behavior_discounted_return_not_vpi,75.76470591996298,5.123285293579102,77.45055244667846,72.32726715309936,70.64142062638388,1.6858465267154799,-68.9555740996684,0.5598,0.626057,0.06625700000000001,0.30801999999999996,0.40721599999999997,0.099196,4,4,False,4,4,False,4,4,False,4,4,False
sa_ghmappo,43,dev_02_state_05,07a0c6f5a831ee8a70a2e4f82ae69cc5df3eb3540cdda40dc84dfab435b8d8ac,12,18,complete_fixed_behavior_discounted_return_not_vpi,75.76470591996298,5.122929573059082,77.46905679061854,72.34612721755946,70.6417763469039,1.70435087065556,-68.93742547624834,0.561413,0.59347,0.032057,0.3112420000000001,0.347577,0.03633499999999995,4,4,False,4,4,False,4,4,False,4,4,False
sa_ghmappo,43,dev_02_state_06,cd47e258d721757c11ea4050f051bb017e502287edeba848b9bb4aed7aa04c14,12,18,complete_fixed_behavior_discounted_return_not_vpi,75.75848028252462,5.123303413391113,77.44258378051721,72.3192803671261,70.6351768691335,1.684103497992595,-68.95107337114091,0.559286,0.657012,0.09772600000000009,0.30705199999999994,0.45697200000000004,0.1499200000000001,4,4,False,4,4,False,4,4,False,4,4,False
sa_ghmappo,43,dev_02_state_07,446e55a68c01f9b6b3d75b3584e53818ff209784976039bdb016348e222bb7bc,12,18,complete_fixed_behavior_discounted_return_not_vpi,75.75848028252462,5.1229777336120605,77.44643331320759,72.32345557959553,70.63550254891256,1.6879530306829764,-68.94754951822958,0.56056,0.640069,0.07950900000000005,0.30930799999999997,0.426707,0.11739900000000003,4,4,False,4,4,False,4,4,False,4,4,False
sa_ghmappo,43,dev_02_state_08,da66deba85e976a12ee91266832b3fe4996e44cc0333ff92fe0fb0072b304773,12,18,complete_fixed_behavior_discounted_return_not_vpi,75.76470591996298,5.122937202453613,77.44434089046845,72.32140368801484,70.64176871750936,1.6796349705054752,-68.96213374700389,0.560806,0.639264,0.07845800000000003,0.30962700000000004,0.42543500000000006,0.11580800000000002,4,4,False,4,4,False,4,4,False,4,4,False
sa_ghmappo,43,dev_02_state_09,9b17e313c9c022b073c532cab790a8e4bbbfb88e37c386bc4de0316793e72b69,12,18,complete_fixed_behavior_discounted_return_not_vpi,100.75270180026362,5.123101711273193,77.47360159394285,72.35049988266965,95.62960008899043,23.279100206320777,-72.35049988266965,0.498131,0.458667,-0.039464,0.27438799999999997,0.218296,-0.056091999999999975,4,4,False,3,0,True,3,0,True,3,0,True
sa_ghmappo,43,dev_02_state_10,e6a58b6c7a7e16fa45b8c640dbd4b125a27da61dec2113082cdfa830027b3bfb,12,18,complete_fixed_behavior_discounted_return_not_vpi,75.75270180026362,5.123008728027344,77.46718144430103,72.34417271627369,70.62969307223628,1.7144796440374108,-68.91521342819887,0.49855,0.458871,-0.03967900000000002,0.274984,0.21891199999999997,-0.05607200000000004,4,4,False,3,0,True,3,0,True,3,0,True
sa_ghmappo,43,dev_02_state_11,5fbcd355ad6ef625fe912c4a3485f5db6bcdb20e7b2dcdd955d3fe332063d473,12,18,complete_fixed_behavior_discounted_return_not_vpi,75.75848028252462,5.1229753494262695,77.44010474716765,72.31712939774138,70.63550493309835,1.6816244646430363,-68.95388046845531,0.499008,0.483717,-0.015290999999999999,0.27531300000000003,0.262679,-0.012634000000000034,4,4,False,3,0,True,3,0,True,3,0,True
sa_ghmappo,43,dev_02_state_12,fdd3f8ff3f38604c74d277ed795fde0f3d9fa09eb963e4d8820de9b76534d356,12,18,complete_fixed_behavior_discounted_return_not_vpi,100.50848028252462,5.123072624206543,77.44892650436677,72.32585388016022,95.38540765831807,23.05955377815785,-72.32585388016022,0.498588,0.483408,-0.015179999999999971,0.274717,0.26188100000000003,-0.012835999999999959,4,4,False,3,0,True,3,0,True,3,0,True
sa_ghmappo,43,dev_03_state_01,62750fc5f603af0e58fc56236599571502c69cfa558f3283ab10e1bc858471ae,12,18,complete_fixed_behavior_discounted_return_not_vpi,75.32227037485364,5.123088836669922,77.48106673839033,72.3579779017204,70.19918153818372,2.1587963635366805,-68.04038517464704,0.50395,0.469535,-0.03441500000000003,0.28179,0.23079399999999997,-0.050996000000000014,4,4,False,4,0,True,4,0,True,4,0,True
sa_ghmappo,43,dev_03_state_02,49dc0c665e7c8d1673bc0818a98dec317568afa99b48ce13b276daf91fdf1003,12,18,complete_fixed_behavior_discounted_return_not_vpi,75.2654274086768,5.123051643371582,77.46040767289581,72.33735602952423,70.14237576530522,2.194980264219012,-67.9473955010862,0.505153,0.501893,-0.0032599999999999296,0.28374699999999997,0.27835200000000004,-0.005394999999999928,4,4,False,4,4,False,4,4,False,4,4,False
sa_ghmappo,43,dev_03_state_03,5c249417d557afb821d09652c2ced9028d3dd95a2292007d63fec0a2af97227d,12,18,complete_fixed_behavior_discounted_return_not_vpi,75.2654274086768,5.123356819152832,77.45192252512935,72.32856570597652,70.14207058952397,2.186495116452548,-67.95557547307142,0.567371,0.679003,0.11163200000000006,0.31845899999999994,0.484385,0.16592600000000007,4,4,False,4,4,False,4,4,False,4,4,False
sa_ghmappo,43,dev_03_state_04,f5f32654c6274248e0d209cab36df9f70fd51f283f1cd0807581b37e93a74a25,12,18,complete_fixed_behavior_discounted_return_not_vpi,75.46738204163074,5.122990131378174,77.43586821579437,72.3128780844162,70.34439191025257,1.9684861741636297,-68.37590573608894,0.506508,0.48116,-0.02534799999999998,0.28567999999999993,0.25032599999999994,-0.035354,4,4,False,4,0,True,4,0,True,4,0,True
sa_ghmappo,43,dev_03_state_05,6cc42ee25dea2b20e7ddf5c4193dae1de54521b21ce67836be05490494a0b931,12,18,complete_fixed_behavior_discounted_return_not_vpi,75.22963452915576,5.123353958129883,77.4453341325672,72.32198017443731,70.10628057102588,2.215699603411437,-67.89058096761444,0.505181,0.511179,0.005998000000000059,0.283601,0.2967890000000001,0.013188000000000089,4,4,False,4,4,False,4,4,False,4,4,False
sa_ghmappo,43,dev_03_state_06,1217155fad78690dd6f9e30d323674dca8a13a10b95a50b6354593aed403e43d,12,18,complete_fixed_behavior_discounted_return_not_vpi,75.17185584736579,5.1235671043396,77.43089417096567,72.30732706662607,70.04828874302619,2.2590383235998814,-67.78925041942631,0.567749,0.701487,0.13373800000000002,0.3186319999999999,0.523088,0.20445600000000008,4,4,False,4,4,False,4,4,False,4,4,False
sa_ghmappo,43,dev_03_state_07,c9b593dfc8699de434ab870b13435c9305897d412b8dedc394c04fd20511d413,12,18,complete_fixed_behavior_discounted_return_not_vpi,75.22963452915576,5.123284339904785,77.42403566862296,72.30075132871818,70.10635018925097,2.194401139467203,-67.91194904978377,0.568353,0.682839,0.11448599999999998,0.319895,0.49237,0.172475,4,4,False,4,4,False,4,4,False,4,4,False
sa_ghmappo,43,dev_03_state_08,6b17f75e0e3f5de80f49678d788da5519dddc9cc9bd584c0ee650b8d7219e7b6,12,18,complete_fixed_behavior_discounted_return_not_vpi,75.4120048498658,5.123485565185547,77.4350508897077,72.31156532452215,70.28851928468025,2.0230460398419012,-68.26547324483835,0.567619,0.693977,0.12635799999999997,0.318377,0.510402,0.192025,4,4,False,4,4,False,4,4,False,4,4,False
sa_ghmappo,43,dev_03_state_09,0ccde0ef6c389b7341f4f1ea7beb149b259aad13dd1630dab7db376142e1073a,12,18,complete_fixed_behavior_discounted_return_not_vpi,75.46738204163074,5.1229658126831055,77.43291809928762,72.30995228660451,70.34441622894764,1.9655360576568768,-68.37888017129076,0.50578,0.506465,0.0006850000000000467,0.284769,0.28662000000000004,0.001851000000000047,4,4,False,4,4,False,4,4,False,4,4,False
sa_ghmappo,43,dev_03_state_10,ebe2739e96e527d82f495d7e680acc3138491d2e16ff51c3923b53550c15ae25,12,18,complete_fixed_behavior_discounted_return_not_vpi,74.92928109736579,5.123587131500244,77.42186853044537,72.29828139894512,69.80569396586554,2.492587433079578,-67.31310653278597,0.56751,0.704207,0.13669700000000007,0.318233,0.527939,0.20970600000000006,4,4,False,4,4,False,4,4,False,4,4,False
sa_ghmappo,43,dev_03_state_11,6f4069e08051d555eb68fe1fc24e55e73bd96f49eec834dcd284e6fcc78d573c,12,18,complete_fixed_behavior_discounted_return_not_vpi,75.39606346424462,5.123338222503662,77.44663219692812,72.32329397442446,70.27272524174096,2.0505687326835016,-68.22215650905746,0.504749,0.503785,-0.0009639999999999649,0.28275,0.286196,0.0034460000000000046,4,4,False,4,4,False,4,4,False,4,4,False
sa_ghmappo,43,dev_03_state_12,3280b55b15e26af81785ba01c8673bf4d36b50b213800bb4ae9d9639e7519111,12,18,complete_fixed_behavior_discounted_return_not_vpi,74.92928109736579,5.123401165008545,77.43417555802208,72.31077439301353,69.80587993235724,2.5048944606562884,-67.30098547170095,0.505248,0.517571,0.012322999999999973,0.28356200000000004,0.306851,0.02328899999999995,4,4,False,4,4,False,4,4,False,4,4,False
sa_ghmappo,61,dev_00_state_01,2cb31cda5fedadef13eb6ef29f9fb864a9636c64a8a0b599c358ab8e79aa2f2e,18,18,complete_fixed_behavior_discounted_return_not_vpi,99.16542974483956,6.184656143188477,77.87551127588071,71.69085513269223,92.98077360165108,21.289918468958845,-71.69085513269223,0.511171,0.489986,-0.021185000000000065,0.34536700000000004,0.25815499999999997,-0.08721200000000007,4,4,False,4,0,True,4,0,True,4,0,True
sa_ghmappo,61,dev_00_state_02,4fe79a7d2f5b835a26cde6caefb444f6301c270d44971bde40489a612dd2b391,18,18,complete_fixed_behavior_discounted_return_not_vpi,99.43405463063405,6.184650421142578,77.8746757807098,71.69002535956722,93.24940420949147,21.559378849924258,-71.69002535956722,0.511152,0.490032,-0.021120000000000028,0.34536000000000006,0.257756,-0.08760400000000007,4,4,False,4,0,True,4,0,True,4,0,True
sa_ghmappo,61,dev_00_state_03,c47e6b288039285428aafce3d49684ca2d11b023896665b0b3daac8a9dcaa176,18,18,complete_fixed_behavior_discounted_return_not_vpi,99.43405463063405,6.18474006652832,77.87713122176781,71.69239115523949,93.24931456410573,21.55692340886624,-71.69239115523949,0.608235,0.555222,-0.05301299999999998,0.416373,0.316991,-0.09938199999999997,4,4,False,4,4,False,4,4,False,4,4,False
sa_ghmappo,61,dev_00_state_04,db2399dc4a1846b64b81f411e0237050b1ffd324fd9a4bd78478baf6f2a1e9df,18,18,complete_fixed_behavior_discounted_return_not_vpi,99.63275207083052,6.184725761413574,77.8767972249931,71.69207146357952,93.44802630941695,21.755954845837422,-71.69207146357952,0.610936,0.552993,-0.05794300000000008,0.42025100000000004,0.31216499999999997,-0.10808600000000007,4,4,False,4,4,False,4,4,False,4,4,False
sa_ghmappo,61,dev_00_state_05,b439a8ded6b7704f73b9af3aad6b5a11f4e642b89173768c49bca3fb2b8e11e1,18,18,complete_fixed_behavior_discounted_return_not_vpi,99.63275207083052,6.1846160888671875,77.86322872651988,71.67861263765269,93.44813598196333,21.76952334431064,-71.67861263765269,0.513929,0.463598,-0.05033099999999996,0.348422,0.21237,-0.136052,4,4,False,4,0,True,4,0,True,4,0,True
sa_ghmappo,61,dev_00_state_06,05d5cb2b4cdc84a07f67d30b6d40026f1ae9404889525cd1fd230abd3ad151ac,18,18,complete_fixed_behavior_discounted_return_not_vpi,99.98305426895568,6.184781074523926,77.88423964403331,71.69945856950939,93.79827319443176,22.09881462492237,-71.69945856950939,0.608906,0.563312,-0.04559399999999991,0.417465,0.32801600000000003,-0.08944899999999995,4,4,False,4,4,False,4,4,False,4,4,False
sa_ghmappo,61,dev_00_state_07,be44ebe79f69d66fa111d2fd9181f41a47efe8ab066cbd91663de162f21bfdca,18,18,complete_fixed_behavior_discounted_return_not_vpi,99.98305426895568,6.18475866317749,77.88265795558536,71.69789929240787,93.7982956057782,22.100396313370325,-71.69789929240787,0.608619,0.563121,-0.04549800000000004,0.41703,0.32778999999999997,-0.08924000000000004,4,4,False,4,4,False,4,4,False,4,4,False
sa_ghmappo,61,dev_00_state_08,54b81637eaa22690c2f9140cabc601d934d118af96613f57981add5ac63c1553,18,18,complete_fixed_behavior_discounted_return_not_vpi,99.63275207083052,6.184765815734863,77.88301223940955,71.69824642367469,93.44798625509566,21.749739831420968,-71.69824642367469,0.608841,0.56328,-0.04556099999999996,0.41738299999999995,0.32823199999999997,-0.08915099999999998,4,4,False,4,4,False,4,4,False,4,4,False
sa_ghmappo,61,dev_00_state_09,4c5424ef8068127f88abfde3c8019231c91f8960d17e43927afbffc74d0ef8a3,18,18,complete_fixed_behavior_discounted_return_not_vpi,99.98305426895568,6.184712886810303,77.87565534775328,71.69094246094298,93.79834138214538,22.107398921202403,-71.69094246094298,0.606283,0.543543,-0.06274000000000002,0.41320900000000005,0.293549,-0.11966000000000004,4,4,False,4,4,False,4,4,False,4,4,False
sa_ghmappo,61,dev_00_state_10,56cb3633f940a0aa4754de669549dee3763dc62aa8d33e8feb481d858f69cc45,18,18,complete_fixed_behavior_discounted_return_not_vpi,99.98305426895568,6.184683799743652,77.8732806067696,71.68859680702595,93.79837046921203,22.109773662186086,-71.68859680702595,0.605971,0.543286,-0.06268499999999999,0.412733,0.29319700000000004,-0.11953599999999998,4,4,False,4,4,False,4,4,False,4,4,False
sa_ghmappo,61,dev_00_state_11,616869b075de6c2da36a5545c9128137f476e5cb4f0ae4851e0c1b46d0deef42,18,18,complete_fixed_behavior_discounted_return_not_vpi,99.63275207083052,6.184694290161133,77.87389738689009,71.68920309672896,93.44805778066939,21.758854683940427,-71.68920309672896,0.606335,0.543733,-0.06260199999999994,0.41332399999999997,0.29423600000000005,-0.11908799999999992,4,4,False,4,4,False,4,4,False,4,4,False
sa_ghmappo,61,dev_00_state_12,50772a9d479dd040bdfcd26f5a4e632848da15cc67dcf85fb3ae790c04749004,18,18,complete_fixed_behavior_discounted_return_not_vpi,100.22152414584981,6.184789180755615,77.88444520208452,71.6996560213289,94.0367349650942,22.33707894376529,-71.6996560213289,0.609513,0.5635,-0.04601299999999997,0.41837399999999997,0.327769,-0.09060499999999999,4,4,False,4,4,False,4,4,False,4,4,False
sa_ghmappo,61,dev_01_state_01,a4bbd832c514e8ecb281380734580807ec9ec04ce04b6be662dd729667c979e5,18,18,complete_fixed_behavior_discounted_return_not_vpi,75.65614047157035,6.184604167938232,77.87556220517563,71.6909580372374,69.47153630363212,2.219421733605273,-67.25211457002685,0.51225,0.486771,-0.025478999999999974,0.346332,0.251571,-0.09476099999999998,4,4,False,4,0,True,4,0,True,4,0,True
sa_ghmappo,61,dev_01_state_02,63fee8a32f4b1c8d4d78562135b7b123d9efca8ef1fd10c52757463ac3a4c28b,18,18,complete_fixed_behavior_discounted_return_not_vpi,99.13967366563787,6.184593677520752,77.87418770925375,71.689594031733,92.95507998811712,21.265485956384126,-71.689594031733,0.512208,0.487432,-0.02477600000000002,0.346277,0.252965,-0.093312,4,4,False,4,0,True,4,0,True,4,0,True
sa_ghmappo,61,dev_01_state_03,c559429297df4987fbb22dd07eedba631d6c671c0ff9130cbe932ee596739c54,18,18,complete_fixed_behavior_discounted_return_not_vpi,99.13967366563787,6.184689521789551,77.8785076617946,71.69381814000505,92.95498414384832,21.26116600384327,-71.69381814000505,0.609326,0.552369,-0.056957000000000035,0.41726800000000003,0.310449,-0.10681900000000005,4,4,False,4,4,False,4,4,False,4,4,False
sa_ghmappo,61,dev_01_state_04,7358d67bd36c9a85cc6e8138adeb39b8726469ca30f20c1f0942cc3f76de4651,18,18,complete_fixed_behavior_discounted_return_not_vpi,99.35350480891441,6.184595108032227,77.87389911410834,71.68930400607611,93.16890970088218,21.479605694806068,-71.68930400607611,0.51212,0.486807,-0.02531300000000003,0.346178,0.25143,-0.094748,4,4,False,4,0,True,4,0,True,4,0,True
sa_ghmappo,61,dev_01_state_05,0763b046fa0b532b554b052e7a0878b9d194acdb61a7240efa1f797b157b13db,18,18,complete_fixed_behavior_discounted_return_not_vpi,99.35350480891441,6.184691429138184,77.87835754258691,71.69366611344873,93.16881337977622,21.475147266327497,-71.69366611344873,0.609356,0.552279,-0.057077000000000044,0.41733200000000004,0.30996799999999997,-0.10736400000000007,4,4,False,4,4,False,4,4,False,4,4,False
sa_ghmappo,61,dev_01_state_06,fd2e5861fe027bcb3635018576d2d5ce1b9b63d2b09ed94737c380749ee87049,18,18,complete_fixed_behavior_discounted_return_not_vpi,99.53944465087416,6.184663772583008,77.87691081673766,71.69224704415466,93.35478087829115,21.662533834136497,-71.69224704415466,0.612103,0.54737,-0.06473299999999993,0.42106199999999994,0.30029300000000003,-0.1207689999999999,4,4,False,4,4,False,4,4,False,4,4,False
sa_ghmappo,61,dev_01_state_07,183ebb194b29cf885e5c212fd6e18171c5539439db50572f3120f6c0133c5049,18,18,complete_fixed_behavior_discounted_return_not_vpi,99.53944465087416,6.184659004211426,77.87384720074985,71.68918819653842,93.35478564666273,21.66559745012431,-71.68918819653842,0.612238,0.548586,-0.06365199999999993,0.4212699999999999,0.302532,-0.1187379999999999,4,4,False,4,4,False,4,4,False,4,4,False
sa_ghmappo,61,dev_01_state_08,d2bf64fb9b88e145885e5ed0f74f9f639967dd914d669e6f6d9e93f684a95a73,18,18,complete_fixed_behavior_discounted_return_not_vpi,99.72721960667732,6.184746742248535,77.88447497293721,71.69972823068868,93.54247286442879,21.84274463374011,-71.69972823068868,0.61065,0.555328,-0.05532199999999998,0.41921,0.31247900000000006,-0.10673099999999996,4,4,False,4,4,False,4,4,False,4,4,False
sa_ghmappo,61,dev_01_state_09,13fb32efb5dd998abdd32f46158b290acced91d28620d9d15377f2694497b912,18,18,complete_fixed_behavior_discounted_return_not_vpi,99.72721960667732,6.184720993041992,77.88291060545058,71.69818961240858,93.54249861363533,21.844309001226748,-71.69818961240858,0.610369,0.555117,-0.05525200000000008,0.41877500000000006,0.31221499999999996,-0.1065600000000001,4,4,False,4,4,False,4,4,False,4,4,False
sa_ghmappo,61,dev_01_state_10,501e02f271270613a795072dd11d6876f63160ede7c17cfbe7ee893e5b1aa82c,18,18,complete_fixed_behavior_discounted_return_not_vpi,99.53944465087416,6.1847124099731445,77.88294166443758,71.69822925446444,93.35473224090101,21.65650298643658,-71.69822925446444,0.610055,0.555267,-0.05478800000000006,0.418292,0.31276399999999993,-0.10552800000000007,4,4,False,4,4,False,4,4,False,4,4,False
sa_ghmappo,61,dev_01_state_11,e0c6c2402de2864424b773d58c1fc72a6bc09419a54d0cbe2f5f07d795a22db3,18,18,complete_fixed_behavior_discounted_return_not_vpi,99.72721960667732,6.1847381591796875,77.88291123249768,71.69817307331799,93.54248144749764,21.844308374179647,-71.69817307331799,0.610693,0.556607,-0.05408600000000008,0.4192640000000001,0.3143929999999999,-0.10487100000000016,4,4,False,4,4,False,4,4,False,4,4,False
sa_ghmappo,61,dev_01_state_12,87eae5e2295dff0be0c0317d62480330e70116056ccb6207b9f0f698ac011e38,18,18,complete_fixed_behavior_discounted_return_not_vpi,99.72721960667732,6.18471097946167,77.88120896467781,71.69649798521614,93.54250862721565,21.846010641999513,-71.69649798521614,0.610412,0.556402,-0.05401,0.41882899999999995,0.31413699999999994,-0.10469200000000001,4,4,False,4,4,False,4,4,False,4,4,False
sa_ghmappo,61,dev_02_state_01,aacd1cc47660f831ce532b266ce3478bb22e2c78d466e47472c937aafefcacfb,18,18,complete_fixed_behavior_discounted_return_not_vpi,75.58016750117106,6.184518814086914,77.87167369020878,71.68715487612187,69.39564868708415,2.291506189037719,-67.10414249804643,0.510335,0.473619,-0.03671599999999997,0.34329,0.231267,-0.11202299999999998,4,4,False,4,0,True,4,0,True,4,0,True
sa_ghmappo,61,dev_02_state_02,65837e8c4e1042b18b8987e46d37b1081f660135fc906dde8659dd34bcb25e18,18,18,complete_fixed_behavior_discounted_return_not_vpi,75.81651346531233,6.1845245361328125,77.87175202484633,71.68722748871352,69.63198892917951,2.055238559534004,-67.57675036964551,0.514058,0.465706,-0.048352000000000006,0.347908,0.216149,-0.131759,4,4,False,4,0,True,4,0,True,4,0,True
sa_ghmappo,61,dev_02_state_03,788bd1c71ab6c0f94f77fdf24a1874af9e74d3c3e59586a4d8fd42a2d4a722a2,18,18,complete_fixed_behavior_discounted_return_not_vpi,75.57148846531233,6.184660911560059,77.87471257401418,71.69005166245412,69.38682755375227,2.303224108701855,-67.08360344505041,0.612591,0.550189,-0.06240199999999996,0.421919,0.30726200000000004,-0.11465699999999995,4,4,False,4,4,False,4,4,False,4,4,False
sa_ghmappo,61,dev_02_state_04,73424c66a5e9ad4241b9fb8e38cb02b30333c2e9611126a6c2f2661d805079c5,18,18,complete_fixed_behavior_discounted_return_not_vpi,75.76470591996298,6.184685230255127,77.88184996015717,71.69716472990204,69.58002068970785,2.117144040194191,-67.46287664951366,0.609871,0.557409,-0.05246200000000001,0.418088,0.31660800000000006,-0.10147999999999996,4,4,False,4,4,False,4,4,False,4,4,False
sa_ghmappo,61,dev_02_state_05,07a0c6f5a831ee8a70a2e4f82ae69cc5df3eb3540cdda40dc84dfab435b8d8ac,18,18,complete_fixed_behavior_discounted_return_not_vpi,75.76470591996298,6.184547424316406,77.86963368449253,71.68508626017612,69.58015849564657,2.104927764529549,-67.47523073111702,0.606859,0.53976,-0.06709900000000002,0.413192,0.28511800000000004,-0.12807399999999997,4,4,False,4,4,False,4,4,False,4,4,False
sa_ghmappo,61,dev_02_state_06,cd47e258d721757c11ea4050f051bb017e502287edeba848b9bb4aed7aa04c14,18,18,complete_fixed_behavior_discounted_return_not_vpi,75.75848028252462,6.1846818923950195,77.88126600320001,71.69658411080499,69.5737983901296,2.1227857206753953,-67.4510126694542,0.613369,0.55721,-0.05615900000000007,0.42314000000000007,0.31622799999999995,-0.10691200000000012,4,4,False,4,4,False,4,4,False,4,4,False
sa_ghmappo,61,dev_02_state_07,446e55a68c01f9b6b3d75b3584e53818ff209784976039bdb016348e222bb7bc,18,18,complete_fixed_behavior_discounted_return_not_vpi,75.75848028252462,6.184564590454102,77.87138158108245,71.68681699062834,69.57391569207051,2.11290129855783,-67.46101439351268,0.611129,0.547011,-0.06411800000000001,0.419497,0.299121,-0.12037599999999998,4,4,False,4,4,False,4,4,False,4,4,False
sa_ghmappo,61,dev_02_state_08,da66deba85e976a12ee91266832b3fe4996e44cc0333ff92fe0fb0072b304773,18,18,complete_fixed_behavior_discounted_return_not_vpi,75.76470591996298,6.184567451477051,77.87156256652256,71.6869951150455,69.58013846848593,2.106856646559578,-67.47328182192635,0.610981,0.547353,-0.06362800000000002,0.41930599999999996,0.30029799999999995,-0.119008,4,4,False,4,4,False,4,4,False,4,4,False
sa_ghmappo,61,dev_02_state_09,9b17e313c9c022b073c532cab790a8e4bbbfb88e37c386bc4de0316793e72b69,18,18,complete_fixed_behavior_discounted_return_not_vpi,100.75270180026362,6.184595108032227,77.87587536621172,71.69128025817949,94.5681066922314,22.876826434051907,-71.69128025817949,0.51079,0.474556,-0.03623399999999999,0.34397599999999995,0.226121,-0.11785499999999996,4,4,False,4,0,True,4,0,True,4,0,True
sa_ghmappo,61,dev_02_state_10,e6a58b6c7a7e16fa45b8c640dbd4b125a27da61dec2113082cdfa830027b3bfb,18,18,complete_fixed_behavior_discounted_return_not_vpi,75.75270180026362,6.18453311920166,77.87209721946647,71.68756410026481,69.56816868106196,2.1193954192028457,-67.44877326185912,0.510337,0.4738,-0.03653700000000004,0.34327100000000005,0.225326,-0.11794500000000005,4,4,False,4,0,True,4,0,True,4,0,True
sa_ghmappo,61,dev_02_state_11,5fbcd355ad6ef625fe912c4a3485f5db6bcdb20e7b2dcdd955d3fe332063d473,18,18,complete_fixed_behavior_discounted_return_not_vpi,75.75848028252462,6.184552192687988,77.87279283745248,71.68824064476449,69.57392808983663,2.1143125549278636,-67.45961553490876,0.511416,0.474848,-0.03656799999999999,0.34479499999999996,0.22855999999999999,-0.11623499999999998,4,4,False,4,0,True,4,0,True,4,0,True
sa_ghmappo,61,dev_02_state_12,fdd3f8ff3f38604c74d277ed795fde0f3d9fa09eb963e4d8820de9b76534d356,18,18,complete_fixed_behavior_discounted_return_not_vpi,100.50848028252462,6.1846113204956055,77.8764627000586,71.69185137956299,94.32386896202901,22.63201758246602,-71.69185137956299,0.511854,0.475601,-0.036253000000000035,0.34548,0.229342,-0.11613800000000002,4,4,False,4,0,True,4,0,True,4,0,True
sa_ghmappo,61,dev_03_state_01,62750fc5f603af0e58fc56236599571502c69cfa558f3283ab10e1bc858471ae,18,18,complete_fixed_behavior_discounted_return_not_vpi,75.32227037485364,6.184553146362305,77.8702102148963,71.685657068534,69.13771722849134,2.547939840042659,-66.58977738844868,0.508792,0.467669,-0.04112300000000002,0.341515,0.223438,-0.11807700000000002,4,4,False,4,0,True,4,0,True,4,0,True
sa_ghmappo,61,dev_03_state_02,49dc0c665e7c8d1673bc0818a98dec317568afa99b48ce13b276daf91fdf1003,18,18,complete_fixed_behavior_discounted_return_not_vpi,75.2654274086768,6.184567928314209,77.8704014245546,71.68583349624039,69.08085948036259,2.6049740158778008,-66.47588546448479,0.51291,0.461341,-0.051568999999999976,0.346726,0.211333,-0.13539299999999999,4,4,False,4,0,True,4,0,True,4,0,True
sa_ghmappo,61,dev_03_state_03,5c249417d557afb821d09652c2ced9028d3dd95a2292007d63fec0a2af97227d,18,18,complete_fixed_behavior_discounted_return_not_vpi,75.2654274086768,6.184711456298828,77.8771165289823,71.69240507268347,69.08071595237797,2.611689120305499,-66.46902683207247,0.611278,0.56304,-0.048238,0.420895,0.33153299999999997,-0.08936200000000005,4,4,False,4,4,False,4,4,False,4,4,False
sa_ghmappo,61,dev_03_state_04,f5f32654c6274248e0d209cab36df9f70fd51f283f1cd0807581b37e93a74a25,18,18,complete_fixed_behavior_discounted_return_not_vpi,75.46738204163074,6.184447288513184,77.86928517946744,71.68483789095426,69.28293475311756,2.4019031378366975,-66.88103161528086,0.50598,0.457402,-0.04857800000000001,0.337307,0.20369099999999996,-0.13361600000000007,4,4,False,4,0,True,4,0,True,4,0,True
sa_ghmappo,61,dev_03_state_05,6cc42ee25dea2b20e7ddf5c4193dae1de54521b21ce67836be05490494a0b931,18,18,complete_fixed_behavior_discounted_return_not_vpi,75.22963452915576,6.184627532958984,77.87754403604922,71.69291650309023,69.04500699619678,2.6479095068934555,-66.39709748930332,0.509543,0.478298,-0.031244999999999967,0.342835,0.237153,-0.105682,4,4,False,4,0,True,4,0,True,4,0,True
sa_ghmappo,61,dev_03_state_06,1217155fad78690dd6f9e30d323674dca8a13a10b95a50b6354593aed403e43d,18,18,complete_fixed_behavior_discounted_return_not_vpi,75.17185584736579,6.184720993041992,77.88157830852238,71.69685731548039,68.9871348543238,2.7097224611565878,-66.27741239316721,0.611851,0.559092,-0.052759,0.42154600000000003,0.321388,-0.10015800000000002,4,4,False,4,4,False,4,4,False,4,4,False
sa_ghmappo,61,dev_03_state_07,c9b593dfc8699de434ab870b13435c9305897d412b8dedc394c04fd20511d413,18,18,complete_fixed_behavior_discounted_return_not_vpi,75.22963452915576,6.184638500213623,77.87643967359477,71.69180117338115,69.04499602894214,2.646805144439014,-66.39819088450312,0.608476,0.556507,-0.05196900000000004,0.41646400000000006,0.31976399999999994,-0.09670000000000012,4,4,False,4,4,False,4,4,False,4,4,False
sa_ghmappo,61,dev_03_state_08,6b17f75e0e3f5de80f49678d788da5519dddc9cc9bd584c0ee650b8d7219e7b6,18,18,complete_fixed_behavior_discounted_return_not_vpi,75.4120048498658,6.184711456298828,77.88104027254045,71.69632881624162,69.22729339356697,2.4690354226746507,-66.75825797089232,0.611627,0.558646,-0.052981000000000056,0.421063,0.32130099999999995,-0.09976200000000007,4,4,False,4,4,False,4,4,False,4,4,False
sa_ghmappo,61,dev_03_state_09,0ccde0ef6c389b7341f4f1ea7beb149b259aad13dd1630dab7db376142e1073a,18,18,complete_fixed_behavior_discounted_return_not_vpi,75.46738204163074,6.184442520141602,77.86842218482205,71.68397966468045,69.28293952148914,2.4010401431913095,-66.88189937829783,0.510116,0.453223,-0.05689300000000003,0.342452,0.19724999999999998,-0.145202,4,4,False,4,0,True,4,0,True,4,0,True
sa_ghmappo,61,dev_03_state_10,ebe2739e96e527d82f495d7e680acc3138491d2e16ff51c3923b53550c15ae25,18,18,complete_fixed_behavior_discounted_return_not_vpi,74.92928109736579,6.184726238250732,77.88035726065706,71.69563102240633,68.74455485911506,2.951076163291276,-65.79347869582378,0.611631,0.563065,-0.048566,0.42147300000000004,0.32824700000000007,-0.09322599999999998,4,4,False,4,4,False,4,4,False,4,4,False
sa_ghmappo,61,dev_03_state_11,6f4069e08051d555eb68fe1fc24e55e73bd96f49eec834dcd284e6fcc78d573c,18,18,complete_fixed_behavior_discounted_return_not_vpi,75.39606346424462,6.184654712677002,77.87644230840259,71.69178759572559,69.21140875156762,2.4803788441579684,-66.73102990740965,0.510491,0.473306,-0.037185000000000024,0.343997,0.227959,-0.116038,4,4,False,4,0,True,4,0,True,4,0,True
sa_ghmappo,61,dev_03_state_12,3280b55b15e26af81785ba01c8673bf4d36b50b213800bb4ae9d9639e7519111,18,18,complete_fixed_behavior_discounted_return_not_vpi,74.92928109736579,6.184661865234375,77.87576002776179,71.69109816252741,68.74461923213141,2.9464789303959975,-65.79814030173542,0.510419,0.473223,-0.03719599999999995,0.34401899999999996,0.226803,-0.11721599999999996,4,4,False,4,0,True,4,0,True,4,0,True
mappo,7,dev_00_state_01,2cb31cda5fedadef13eb6ef29f9fb864a9636c64a8a0b599c358ab8e79aa2f2e,6,6,complete_fixed_behavior_discounted_return_not_vpi,99.16542974483956,2.437793254852295,12.715985683878252,10.278192429025957,96.72763648998726,86.4494440609613,-10.278192429025964,0.524077,0.533293,0.009216000000000002,0.299169,0.33653900000000003,0.037370000000000014,4,4,False,4,4,False,4,4,False,4,4,False
mappo,7,dev_00_state_02,4fe79a7d2f5b835a26cde6caefb444f6301c270d44971bde40489a612dd2b391,6,6,complete_fixed_behavior_discounted_return_not_vpi,99.43405463063405,2.3952982425689697,12.549449924329771,10.154151681760801,97.03875638806508,86.88460470630429,-10.154151681760794,0.523197,0.532043,0.00884600000000002,0.300315,0.33607800000000004,0.035763000000000045,4,4,False,4,4,False,4,4,False,4,4,False
mappo,7,dev_00_state_03,c47e6b288039285428aafce3d49684ca2d11b023896665b0b3daac8a9dcaa176,6,6,complete_fixed_behavior_discounted_return_not_vpi,99.43405463063405,2.3944079875946045,12.64597376337258,10.251565775777976,97.03964664303945,86.78808086726147,-10.251565775777976,0.614451,0.633274,0.018823000000000034,0.35007799999999994,0.39650799999999997,0.04643000000000003,4,4,False,4,4,False,4,4,False,4,4,False
mappo,7,dev_00_state_04,db2399dc4a1846b64b81f411e0237050b1ffd324fd9a4bd78478baf6f2a1e9df,6,6,complete_fixed_behavior_discounted_return_not_vpi,99.63275207083052,2.41587233543396,12.71188873532381,10.29601639988985,97.21687973539656,86.92086333550671,-10.29601639988985,0.617849,0.636998,0.01914899999999997,0.353309,0.40007899999999996,0.04676999999999998,4,4,False,4,4,False,4,4,False,4,4,False
mappo,7,dev_00_state_05,b439a8ded6b7704f73b9af3aad6b5a11f4e642b89173768c49bca3fb2b8e11e1,6,6,complete_fixed_behavior_discounted_return_not_vpi,99.63275207083052,2.3908607959747314,12.45196896750734,10.06110817153261,97.24189127485579,87.18078310332318,-10.06110817153261,0.532439,0.542845,0.010406000000000026,0.3106,0.348117,0.03751700000000002,4,4,False,4,4,False,4,4,False,4,4,False
mappo,7,dev_00_state_06,05d5cb2b4cdc84a07f67d30b6d40026f1ae9404889525cd1fd230abd3ad151ac,6,6,complete_fixed_behavior_discounted_return_not_vpi,99.98305426895568,2.468580722808838,13.020864662603167,10.552283939794329,97.51447354614685,86.96218960635252,-10.552283939794322,0.612005,0.63013,0.018124999999999947,0.34373800000000004,0.38936699999999996,0.04562899999999992,4,4,False,4,4,False,4,4,False,4,4,False
mappo,7,dev_00_state_07,be44ebe79f69d66fa111d2fd9181f41a47efe8ab066cbd91663de162f21bfdca,6,6,complete_fixed_behavior_discounted_return_not_vpi,99.98305426895568,2.468580722808838,13.020864662603167,10.552283939794329,97.51447354614685,86.96218960635252,-10.552283939794322,0.612005,0.63013,0.018124999999999947,0.34373800000000004,0.38936699999999996,0.04562899999999992,4,4,False,4,4,False,4,4,False,4,4,False
mappo,7,dev_00_state_08,54b81637eaa22690c2f9140cabc601d934d118af96613f57981add5ac63c1553,6,6,complete_fixed_behavior_discounted_return_not_vpi,99.63275207083052,2.5039403438568115,13.136060950231006,10.632120606374194,97.12881172697371,86.49669112059951,-10.632120606374201,0.611947,0.63106,0.019112999999999936,0.341688,0.38956599999999997,0.047877999999999976,4,4,False,4,4,False,4,4,False,4,4,False
mappo,7,dev_00_state_09,4c5424ef8068127f88abfde3c8019231c91f8960d17e43927afbffc74d0ef8a3,6,6,complete_fixed_behavior_discounted_return_not_vpi,99.98305426895568,2.40665340423584,12.735640004429634,10.328986600193794,97.57640086471984,87.24741426452604,-10.3289866001938,0.617104,0.635042,0.01793800000000001,0.353611,0.398078,0.04446699999999998,4,4,False,4,4,False,4,4,False,4,4,False
mappo,7,dev_00_state_10,56cb3633f940a0aa4754de669549dee3763dc62aa8d33e8feb481d858f69cc45,6,6,complete_fixed_behavior_discounted_return_not_vpi,99.98305426895568,2.40665340423584,12.735640004429634,10.328986600193794,97.57640086471984,87.24741426452604,-10.3289866001938,0.617104,0.635042,0.01793800000000001,0.353611,0.398078,0.04446699999999998,4,4,False,4,4,False,4,4,False,4,4,False
mappo,7,dev_00_state_11,616869b075de6c2da36a5545c9128137f476e5cb4f0ae4851e0c1b46d0deef42,6,6,complete_fixed_behavior_discounted_return_not_vpi,99.63275207083052,2.441138744354248,12.835099409461932,10.393960665107684,97.19161332647627,86.79765266136859,-10.393960665107684,0.616941,0.635898,0.018957,0.351448,0.398242,0.046794,4,4,False,4,4,False,4,4,False,4,4,False
mappo,7,dev_00_state_12,50772a9d479dd040bdfcd26f5a4e632848da15cc67dcf85fb3ae790c04749004,6,6,complete_fixed_behavior_discounted_return_not_vpi,100.22152414584981,2.4975078105926514,13.131176103889267,10.633668293296616,97.72401633525716,87.09034804196054,-10.633668293296623,0.61151,0.629751,0.01824099999999995,0.341208,0.38727899999999993,0.04607099999999992,4,4,False,4,4,False,4,4,False,4,4,False
mappo,7,dev_01_state_01,a4bbd832c514e8ecb281380734580807ec9ec04ce04b6be662dd729667c979e5,6,6,complete_fixed_behavior_discounted_return_not_vpi,75.65614047157035,2.421926259994507,12.651374144442926,10.229447884448419,73.23421421157585,63.00476632712743,-10.229447884448419,0.523765,0.533202,0.009436999999999918,0.30173500000000003,0.33881999999999995,0.037084999999999924,4,4,False,4,4,False,4,4,False,4,4,False
mappo,7,dev_01_state_02,63fee8a32f4b1c8d4d78562135b7b123d9efca8ef1fd10c52757463ac3a4c28b,6,6,complete_fixed_behavior_discounted_return_not_vpi,99.13967366563787,2.4453752040863037,12.734766381337934,10.28939117725163,96.69429846155157,86.40490728429994,-10.28939117725163,0.523853,0.533642,0.009788999999999937,0.301171,0.33930799999999994,0.03813699999999992,4,4,False,4,4,False,4,4,False,4,4,False
mappo,7,dev_01_state_03,c559429297df4987fbb22dd07eedba631d6c671c0ff9130cbe932ee596739c54,6,6,complete_fixed_behavior_discounted_return_not_vpi,99.13967366563787,2.457948923110962,12.902334166579294,10.444385243468332,96.68172474252691,86.23733949905858,-10.444385243468332,0.614345,0.634645,0.020299999999999985,0.34857400000000005,0.397914,0.04933999999999994,4,4,False,4,4,False,4,4,False,4,4,False
mappo,7,dev_01_state_04,7358d67bd36c9a85cc6e8138adeb39b8726469ca30f20c1f0942cc3f76de4651,6,6,complete_fixed_behavior_discounted_return_not_vpi,99.35350480891441,2.4133424758911133,12.642239343467196,10.228896867576083,96.9401623330233,86.71126546544721,-10.228896867576083,0.523147,0.532388,0.009240999999999944,0.30049800000000004,0.33672499999999994,0.0362269999999999,4,4,False,4,4,False,4,4,False,4,4,False
mappo,7,dev_01_state_05,0763b046fa0b532b554b052e7a0878b9d194acdb61a7240efa1f797b157b13db,6,6,complete_fixed_behavior_discounted_return_not_vpi,99.35350480891441,2.427569627761841,12.819647287126578,10.392077659364737,96.92593518115257,86.53385752178784,-10.39207765936473,0.613192,0.632302,0.01911000000000007,0.34719199999999995,0.39406300000000005,0.04687100000000011,4,4,False,4,4,False,4,4,False,4,4,False
mappo,7,dev_01_state_06,fd2e5861fe027bcb3635018576d2d5ce1b9b63d2b09ed94737c380749ee87049,6,6,complete_fixed_behavior_discounted_return_not_vpi,99.53944465087416,2.367314338684082,12.541438488985733,10.174124150301651,97.17213031219008,86.99800616188843,-10.174124150301651,0.620241,0.639154,0.018912999999999958,0.36017600000000005,0.405439,0.04526299999999994,4,4,False,4,4,False,4,4,False,4,4,False
mappo,7,dev_01_state_07,183ebb194b29cf885e5c212fd6e18171c5539439db50572f3120f6c0133c5049,6,6,complete_fixed_behavior_discounted_return_not_vpi,99.53944465087416,2.3683388233184814,12.547086327490277,10.178747504171795,97.17110582755568,86.99235832338388,-10.178747504171795,0.62014,0.639035,0.018894999999999995,0.359972,0.405214,0.045242000000000004,4,4,False,4,4,False,4,4,False,4,4,False
mappo,7,dev_01_state_08,d2bf64fb9b88e145885e5ed0f74f9f639967dd914d669e6f6d9e93f684a95a73,6,6,complete_fixed_behavior_discounted_return_not_vpi,99.72721960667732,2.5013883113861084,13.148924992329917,10.647536680943809,97.22583129529121,86.57829461434741,-10.647536680943801,0.613013,0.631934,0.018920999999999966,0.34479200000000004,0.39179200000000003,0.046999999999999986,4,4,False,4,4,False,4,4,False,4,4,False
mappo,7,dev_01_state_09,13fb32efb5dd998abdd32f46158b290acced91d28620d9d15377f2694497b912,6,6,complete_fixed_behavior_discounted_return_not_vpi,99.72721960667732,2.5013883113861084,13.148924992329917,10.647536680943809,97.22583129529121,86.57829461434741,-10.647536680943801,0.613013,0.631934,0.018920999999999966,0.34479200000000004,0.39179200000000003,0.046999999999999986,4,4,False,4,4,False,4,4,False,4,4,False
mappo,7,dev_01_state_10,501e02f271270613a795072dd11d6876f63160ede7c17cfbe7ee893e5b1aa82c,6,6,complete_fixed_behavior_discounted_return_not_vpi,99.53944465087416,2.470526933670044,13.017858000835197,10.547331067165153,97.06891771720412,86.52158665003896,-10.54733106716516,0.613591,0.632598,0.019006999999999996,0.346936,0.393837,0.04690099999999997,4,4,False,4,4,False,4,4,False,4,4,False
mappo,7,dev_01_state_11,e0c6c2402de2864424b773d58c1fc72a6bc09419a54d0cbe2f5f07d795a22db3,6,6,complete_fixed_behavior_discounted_return_not_vpi,99.72721960667732,2.5019052028656006,13.151573468089637,10.649668265224037,97.22531440381172,86.57564613858769,-10.649668265224037,0.613006,0.631939,0.018932999999999978,0.34476000000000007,0.391784,0.047023999999999955,4,4,False,4,4,False,4,4,False,4,4,False
mappo,7,dev_01_state_12,87eae5e2295dff0be0c0317d62480330e70116056ccb6207b9f0f698ac011e38,6,6,complete_fixed_behavior_discounted_return_not_vpi,99.72721960667732,2.5019052028656006,13.151573468089637,10.649668265224037,97.22531440381172,86.57564613858769,-10.649668265224037,0.613006,0.631939,0.018932999999999978,0.34476000000000007,0.391784,0.047023999999999955,4,4,False,4,4,False,4,4,False,4,4,False
mappo,7,dev_02_state_01,aacd1cc47660f831ce532b266ce3478bb22e2c78d466e47472c937aafefcacfb,6,6,complete_fixed_behavior_discounted_return_not_vpi,75.58016750117106,2.3252851963043213,12.211127242811628,9.885842046507307,73.25488230486674,63.36904025835943,-9.885842046507307,0.527294,0.534934,0.00763999999999998,0.305983,0.33920700000000004,0.03322400000000003,4,4,False,4,4,False,4,4,False,4,4,False
mappo,7,dev_02_state_02,65837e8c4e1042b18b8987e46d37b1081f660135fc906dde8659dd34bcb25e18,6,6,complete_fixed_behavior_discounted_return_not_vpi,75.81651346531233,2.2914764881134033,12.102871813435861,9.811395325322458,73.52503697719892,63.713641651876465,-9.811395325322458,0.52627,0.533476,0.007205999999999935,0.30591,0.33761099999999994,0.031700999999999924,4,4,False,4,4,False,4,4,False,4,4,False
mappo,7,dev_02_state_03,788bd1c71ab6c0f94f77fdf24a1874af9e74d3c3e59586a4d8fd42a2d4a722a2,6,6,complete_fixed_behavior_discounted_return_not_vpi,75.57148846531233,2.281578302383423,12.157764159400827,9.876185857017404,73.2899101629289,63.4137243059115,-9.876185857017404,0.61631,0.632232,0.01592199999999999,0.35576100000000005,0.396536,0.04077499999999995,4,4,False,4,4,False,4,4,False,4,4,False
mappo,7,dev_02_state_04,73424c66a5e9ad4241b9fb8e38cb02b30333c2e9611126a6c2f2661d805079c5,6,6,complete_fixed_behavior_discounted_return_not_vpi,75.76470591996298,2.370241165161133,12.576612583409016,10.206371418247883,73.39446475480185,63.18809333655396,-10.206371418247883,0.614189,0.629927,0.01573800000000003,0.34951499999999996,0.390421,0.04090600000000005,4,4,False,4,4,False,4,4,False,4,4,False
mappo,7,dev_02_state_05,07a0c6f5a831ee8a70a2e4f82ae69cc5df3eb3540cdda40dc84dfab435b8d8ac,6,6,complete_fixed_behavior_discounted_return_not_vpi,75.76470591996298,2.2904412746429443,12.223823882307265,9.93338260766432,73.47426464532003,63.54088203765571,-9.93338260766432,0.620051,0.635389,0.015337999999999963,0.36119300000000004,0.40040699999999996,0.039213999999999916,4,4,False,4,4,False,4,4,False,4,4,False
mappo,7,dev_02_state_06,cd47e258d721757c11ea4050f051bb017e502287edeba848b9bb4aed7aa04c14,6,6,complete_fixed_behavior_discounted_return_not_vpi,75.75848028252462,2.3608970642089844,12.55119531704451,10.190298252835525,73.39758321831563,63.207284965480106,-10.190298252835525,0.614361,0.629487,0.015125999999999973,0.35000300000000006,0.38951600000000003,0.039512999999999965,4,4,False,4,4,False,4,4,False,4,4,False
mappo,7,dev_02_state_07,446e55a68c01f9b6b3d75b3584e53818ff209784976039bdb016348e222bb7bc,6,6,complete_fixed_behavior_discounted_return_not_vpi,75.75848028252462,2.2866058349609375,12.22839883526676,9.941793000305822,73.47187444756368,63.53008144725786,-9.941793000305822,0.619878,0.634733,0.014854999999999952,0.36091700000000004,0.398977,0.03805999999999998,4,4,False,4,4,False,4,4,False,4,4,False
mappo,7,dev_02_state_08,da66deba85e976a12ee91266832b3fe4996e44cc0333ff92fe0fb0072b304773,6,6,complete_fixed_behavior_discounted_return_not_vpi,75.76470591996298,2.2725703716278076,12.141388706051742,9.868818334423935,73.49213554833517,63.623317213911236,-9.868818334423935,0.62065,0.636009,0.015359000000000012,0.36242,0.4014730000000001,0.03905300000000006,4,4,False,4,4,False,4,4,False,4,4,False
mappo,7,dev_02_state_09,9b17e313c9c022b073c532cab790a8e4bbbfb88e37c386bc4de0316793e72b69,6,6,complete_fixed_behavior_discounted_return_not_vpi,100.75270180026362,2.3427586555480957,12.420599279094773,10.077840623546678,98.40994314471553,88.33210252116885,-10.077840623546678,0.526341,0.532604,0.0062630000000000186,0.3023929999999999,0.33272099999999993,0.03032800000000002,4,4,False,4,4,False,4,4,False,4,4,False
mappo,7,dev_02_state_10,e6a58b6c7a7e16fa45b8c640dbd4b125a27da61dec2113082cdfa830027b3bfb,6,6,complete_fixed_behavior_discounted_return_not_vpi,75.75270180026362,2.3427586555480957,12.420599279094773,10.077840623546678,73.40994314471553,63.33210252116885,-10.077840623546678,0.526341,0.532604,0.0062630000000000186,0.3023929999999999,0.33272099999999993,0.03032800000000002,4,4,False,4,4,False,4,4,False,4,4,False
mappo,7,dev_02_state_11,5fbcd355ad6ef625fe912c4a3485f5db6bcdb20e7b2dcdd955d3fe332063d473,6,6,complete_fixed_behavior_discounted_return_not_vpi,75.75848028252462,2.358961343765259,12.423299348988266,10.064338005223007,73.39951893875936,63.33518093353635,-10.064338005223007,0.528634,0.535535,0.006900999999999935,0.30621800000000005,0.337709,0.031490999999999936,4,4,False,4,4,False,4,4,False,4,4,False
mappo,7,dev_02_state_12,fdd3f8ff3f38604c74d277ed795fde0f3d9fa09eb963e4d8820de9b76534d356,6,6,complete_fixed_behavior_discounted_return_not_vpi,100.50848028252462,2.358961343765259,12.423299348988266,10.064338005223007,98.14951893875936,88.08518093353635,-10.064338005223007,0.528634,0.535535,0.006900999999999935,0.30621800000000005,0.337709,0.031490999999999936,4,4,False,4,4,False,4,4,False,4,4,False
mappo,7,dev_03_state_01,62750fc5f603af0e58fc56236599571502c69cfa558f3283ab10e1bc858471ae,6,6,complete_fixed_behavior_discounted_return_not_vpi,75.32227037485364,2.244908094406128,11.782217365884314,9.537309271478186,73.07736228044752,63.54005300896933,-9.537309271478186,0.524609,0.534415,0.009805999999999981,0.311131,0.34686399999999995,0.03573299999999996,4,4,False,4,4,False,4,4,False,4,4,False
mappo,7,dev_03_state_02,49dc0c665e7c8d1673bc0818a98dec317568afa99b48ce13b276daf91fdf1003,6,6,complete_fixed_behavior_discounted_return_not_vpi,75.2654274086768,2.252548933029175,11.823518731686683,9.570969798657508,73.01287847564763,63.44190867699012,-9.570969798657508,0.524444,0.534262,0.009817999999999993,0.30991500000000005,0.345683,0.035767999999999966,4,4,False,4,4,False,4,4,False,4,4,False
mappo,7,dev_03_state_03,5c249417d557afb821d09652c2ced9028d3dd95a2292007d63fec0a2af97227d,6,6,complete_fixed_behavior_discounted_return_not_vpi,75.2654274086768,2.34098744392395,12.433317898205388,10.092330454281438,72.92443996475285,62.83210951047141,-10.092330454281438,0.611465,0.629356,0.01789099999999999,0.34740800000000005,0.39210100000000003,0.04469299999999998,4,4,False,4,4,False,4,4,False,4,4,False
mappo,7,dev_03_state_04,f5f32654c6274248e0d209cab36df9f70fd51f283f1cd0807581b37e93a74a25,6,6,complete_fixed_behavior_discounted_return_not_vpi,75.46738204163074,2.160726308822632,11.464587727796385,9.303861418973753,73.30665573280811,64.00279431383436,-9.303861418973753,0.529678,0.539446,0.009767999999999999,0.319634,0.353276,0.033642000000000005,4,4,False,4,4,False,4,4,False,4,4,False
mappo,7,dev_03_state_05,6cc42ee25dea2b20e7ddf5c4193dae1de54521b21ce67836be05490494a0b931,6,6,complete_fixed_behavior_discounted_return_not_vpi,75.22963452915576,2.2998783588409424,12.116023282216965,9.816144923376022,72.92975617031482,63.113611246938795,-9.816144923376022,0.524031,0.533904,0.00987300000000002,0.306366,0.34266500000000005,0.036299000000000026,4,4,False,4,4,False,4,4,False,4,4,False
mappo,7,dev_03_state_06,1217155fad78690dd6f9e30d323674dca8a13a10b95a50b6354593aed403e43d,6,6,complete_fixed_behavior_discounted_return_not_vpi,75.17185584736579,2.349759101867676,12.428747375625044,10.078988273757368,72.82209674549811,62.74310847174075,-10.078988273757368,0.617082,0.636326,0.019243999999999928,0.35652900000000004,0.40314799999999995,0.04661899999999991,4,4,False,4,4,False,4,4,False,4,4,False
mappo,7,dev_03_state_07,c9b593dfc8699de434ab870b13435c9305897d412b8dedc394c04fd20511d413,6,6,complete_fixed_behavior_discounted_return_not_vpi,75.22963452915576,2.2485079765319824,12.06796737043134,9.819459393899358,72.98112655262378,63.16166715872442,-9.819459393899358,0.61682,0.633731,0.01691100000000001,0.35837600000000003,0.40023700000000006,0.04186100000000004,4,4,False,4,4,False,4,4,False,4,4,False
mappo,7,dev_03_state_08,6b17f75e0e3f5de80f49678d788da5519dddc9cc9bd584c0ee650b8d7219e7b6,6,6,complete_fixed_behavior_discounted_return_not_vpi,75.4120048498658,2.308309316635132,12.222345488635575,9.914036172000444,73.10369553323066,63.18965936123022,-9.914036172000444,0.617627,0.636102,0.018474999999999908,0.35888800000000004,0.40388199999999996,0.04499399999999992,4,4,False,4,4,False,4,4,False,4,4,False
mappo,7,dev_03_state_09,0ccde0ef6c389b7341f4f1ea7beb149b259aad13dd1630dab7db376142e1073a,6,6,complete_fixed_behavior_discounted_return_not_vpi,75.46738204163074,2.1378321647644043,11.34988217669526,9.212050011930856,73.32954987686634,64.11749986493548,-9.212050011930856,0.530381,0.540326,0.009944999999999982,0.32112799999999997,0.35467,0.033542000000000016,4,4,False,4,4,False,4,4,False,4,4,False
mappo,7,dev_03_state_10,ebe2739e96e527d82f495d7e680acc3138491d2e16ff51c3923b53550c15ae25,6,6,complete_fixed_behavior_discounted_return_not_vpi,74.92928109736579,2.4062297344207764,12.75194166088302,10.345711926462243,72.52305136294501,62.17733943648277,-10.345711926462243,0.611662,0.629663,0.018000999999999934,0.34542300000000004,0.390406,0.04498299999999994,4,4,False,4,4,False,4,4,False,4,4,False
mappo,7,dev_03_state_11,6f4069e08051d555eb68fe1fc24e55e73bd96f49eec834dcd284e6fcc78d573c,6,6,complete_fixed_behavior_discounted_return_not_vpi,75.39606346424462,2.286309003829956,12.034359756253345,9.748050752423389,73.10975446041466,63.361703707991275,-9.748050752423389,0.524631,0.533794,0.009163000000000032,0.30806399999999995,0.342789,0.03472500000000006,4,4,False,4,4,False,4,4,False,4,4,False
mappo,7,dev_03_state_12,3280b55b15e26af81785ba01c8673bf4d36b50b213800bb4ae9d9639e7519111,6,6,complete_fixed_behavior_discounted_return_not_vpi,74.92928109736579,2.3393023014068604,12.25539680708276,9.9160945056759,72.58997879595893,62.67388429028303,-9.9160945056759,0.52739,0.537305,0.009915000000000007,0.30926600000000004,0.34572,0.036453999999999986,4,4,False,4,4,False,4,4,False,4,4,False
mappo,17,dev_00_state_01,2cb31cda5fedadef13eb6ef29f9fb864a9636c64a8a0b599c358ab8e79aa2f2e,6,6,complete_fixed_behavior_discounted_return_not_vpi,99.16542974483956,2.668281078338623,16.182987653682126,13.514706575343503,96.49714866650093,82.98244209115742,-13.51470657534351,0.518978,0.316895,-0.20208300000000007,0.33632500000000004,0.04926199999999997,-0.28706300000000007,4,4,False,4,1,True,4,1,True,4,1,True
mappo,17,dev_00_state_02,4fe79a7d2f5b835a26cde6caefb444f6301c270d44971bde40489a612dd2b391,6,6,complete_fixed_behavior_discounted_return_not_vpi,99.43405463063405,2.6346240043640137,16.022783901144486,13.388159896780472,96.79943062627004,83.41127072948956,-13.38815989678048,0.519748,0.32015,-0.199598,0.337314,0.05389099999999997,-0.28342300000000004,4,4,False,4,1,True,4,1,True,4,1,True
mappo,17,dev_00_state_03,c47e6b288039285428aafce3d49684ca2d11b023896665b0b3daac8a9dcaa176,6,6,complete_fixed_behavior_discounted_return_not_vpi,99.43405463063405,2.703535556793213,16.486718098524783,13.78318254173157,96.73051907384084,82.94733653210926,-13.783182541731577,0.639353,0.434027,-0.20532599999999995,0.42093299999999995,0.07812399999999997,-0.342809,4,4,False,4,1,True,4,4,False,4,4,False
mappo,17,dev_00_state_04,db2399dc4a1846b64b81f411e0237050b1ffd324fd9a4bd78478baf6f2a1e9df,6,6,complete_fixed_behavior_discounted_return_not_vpi,99.63275207083052,2.7043745517730713,16.462236121800068,13.757861570026996,96.92837751905745,83.17051594903046,-13.75786157002699,0.638645,0.434139,-0.20450600000000002,0.420847,0.07833200000000001,-0.342515,4,4,False,4,1,True,4,4,False,4,4,False
mappo,17,dev_00_state_05,b439a8ded6b7704f73b9af3aad6b5a11f4e642b89173768c49bca3fb2b8e11e1,6,6,complete_fixed_behavior_discounted_return_not_vpi,99.63275207083052,2.627126693725586,15.94216113402829,13.315034440302703,97.00562537710493,83.69059093680224,-13.315034440302696,0.51956,0.32058,-0.19898000000000005,0.33737000000000006,0.05347999999999997,-0.2838900000000001,4,4,False,4,1,True,4,1,True,4,1,True
mappo,17,dev_00_state_06,05d5cb2b4cdc84a07f67d30b6d40026f1ae9404889525cd1fd230abd3ad151ac,6,6,complete_fixed_behavior_discounted_return_not_vpi,99.98305426895568,2.7381539344787598,16.690043767358347,13.951889832879587,97.24490033447692,83.29301050159734,-13.951889832879587,0.640107,0.431436,-0.208671,0.42090399999999994,0.071189,-0.34971499999999994,4,4,False,4,1,True,4,4,False,4,4,False
mappo,17,dev_00_state_07,be44ebe79f69d66fa111d2fd9181f41a47efe8ab066cbd91663de162f21bfdca,6,6,complete_fixed_behavior_discounted_return_not_vpi,99.98305426895568,2.7381539344787598,16.690043767358347,13.951889832879587,97.24490033447692,83.29301050159734,-13.951889832879587,0.640107,0.431436,-0.208671,0.42090399999999994,0.071189,-0.34971499999999994,4,4,False,4,1,True,4,4,False,4,4,False
mappo,17,dev_00_state_08,54b81637eaa22690c2f9140cabc601d934d118af96613f57981add5ac63c1553,6,6,complete_fixed_behavior_discounted_return_not_vpi,99.63275207083052,2.7700042724609375,16.82368458705774,14.053680314596804,96.86274779836958,82.80906748377278,-14.053680314596804,0.639523,0.429432,-0.21009099999999997,0.41971699999999995,0.06783299999999998,-0.351884,4,4,False,4,1,True,4,4,False,4,4,False
mappo,17,dev_00_state_09,4c5424ef8068127f88abfde3c8019231c91f8960d17e43927afbffc74d0ef8a3,6,6,complete_fixed_behavior_discounted_return_not_vpi,99.98305426895568,2.6795878410339355,16.392175858336586,13.71258801730265,97.30346642792175,83.5908784106191,-13.71258801730265,0.638926,0.432662,-0.206264,0.421107,0.07540799999999998,-0.34569900000000003,4,4,False,4,1,True,4,4,False,4,4,False
mappo,17,dev_00_state_10,56cb3633f940a0aa4754de669549dee3763dc62aa8d33e8feb481d858f69cc45,6,6,complete_fixed_behavior_discounted_return_not_vpi,99.98305426895568,2.6795878410339355,16.392175858336586,13.71258801730265,97.30346642792175,83.5908784106191,-13.71258801730265,0.638926,0.432662,-0.206264,0.421107,0.07540799999999998,-0.34569900000000003,4,4,False,4,1,True,4,4,False,4,4,False
mappo,17,dev_00_state_11,616869b075de6c2da36a5545c9128137f476e5cb4f0ae4851e0c1b46d0deef42,6,6,complete_fixed_behavior_discounted_return_not_vpi,99.63275207083052,2.7181196212768555,16.55182521859347,13.833705597316616,96.91463244955366,83.08092685223704,-13.833705597316623,0.63837,0.430495,-0.20787499999999998,0.419891,0.07174600000000003,-0.348145,4,4,False,4,1,True,4,4,False,4,4,False
mappo,17,dev_00_state_12,50772a9d479dd040bdfcd26f5a4e632848da15cc67dcf85fb3ae790c04749004,6,6,complete_fixed_behavior_discounted_return_not_vpi,100.22152414584981,2.7652173042297363,16.80467273674447,14.039455432514735,97.45630684162008,83.41685140910533,-14.039455432514742,0.641237,0.43358,-0.20765699999999992,0.42238899999999996,0.073681,-0.34870799999999996,4,4,False,4,1,True,4,4,False,4,4,False
mappo,17,dev_01_state_01,a4bbd832c514e8ecb281380734580807ec9ec04ce04b6be662dd729667c979e5,6,6,complete_fixed_behavior_discounted_return_not_vpi,75.65614047157035,2.631681203842163,15.996812324005809,13.365131120163646,73.02445926772819,59.659328147564544,-13.365131120163646,0.51804,0.316788,-0.20125199999999993,0.33422499999999994,0.04925400000000002,-0.2849709999999999,4,4,False,4,1,True,4,1,True,4,1,True
mappo,17,dev_01_state_02,63fee8a32f4b1c8d4d78562135b7b123d9efca8ef1fd10c52757463ac3a4c28b,6,6,complete_fixed_behavior_discounted_return_not_vpi,99.13967366563787,2.6503262519836426,16.104236665196304,13.453910413212661,96.48934741365423,83.03543700044156,-13.453910413212668,0.519336,0.316708,-0.20262800000000003,0.335757,0.047788,-0.28796900000000003,4,4,False,4,1,True,4,1,True,4,1,True
mappo,17,dev_01_state_03,c559429297df4987fbb22dd07eedba631d6c671c0ff9130cbe932ee596739c54,6,6,complete_fixed_behavior_discounted_return_not_vpi,99.13967366563787,2.720334053039551,16.572720363065592,13.852386310026041,96.41933961259832,82.56695330257227,-13.852386310026048,0.639629,0.43077,-0.20885900000000002,0.421051,0.07241599999999998,-0.34863500000000003,4,4,False,4,1,True,4,4,False,4,4,False
mappo,17,dev_01_state_04,7358d67bd36c9a85cc6e8138adeb39b8726469ca30f20c1f0942cc3f76de4651,6,6,complete_fixed_behavior_discounted_return_not_vpi,99.35350480891441,2.6350362300872803,16.01182651496316,13.37679028487588,96.71846857882713,83.34167829395125,-13.37679028487588,0.519751,0.319094,-0.20065699999999997,0.33602999999999994,0.05072899999999997,-0.28530099999999997,4,4,False,4,1,True,4,1,True,4,1,True
mappo,17,dev_01_state_05,0763b046fa0b532b554b052e7a0878b9d194acdb61a7240efa1f797b157b13db,6,6,complete_fixed_behavior_discounted_return_not_vpi,99.35350480891441,2.710477828979492,16.513902905152854,13.803425076173362,96.64302697993492,82.83960190376155,-13.803425076173369,0.640287,0.433051,-0.20723600000000003,0.42187300000000005,0.07567300000000005,-0.3462,4,4,False,4,1,True,4,4,False,4,4,False
mappo,17,dev_01_state_06,fd2e5861fe027bcb3635018576d2d5ce1b9b63d2b09ed94737c380749ee87049,6,6,complete_fixed_behavior_discounted_return_not_vpi,99.53944465087416,2.643979072570801,16.187902727780703,13.543923655209902,96.89546557830336,83.35154192309346,-13.543923655209895,0.640125,0.43719,-0.20293500000000003,0.42408300000000004,0.08458400000000005,-0.339499,4,4,False,4,1,True,4,4,False,4,4,False
mappo,17,dev_01_state_07,183ebb194b29cf885e5c212fd6e18171c5539439db50572f3120f6c0133c5049,6,6,complete_fixed_behavior_discounted_return_not_vpi,99.53944465087416,2.644404172897339,16.190406907985185,13.546002735087846,96.89504047797682,83.34903774288898,-13.54600273508784,0.640127,0.437151,-0.202976,0.424072,0.08450200000000002,-0.33957,4,4,False,4,1,True,4,4,False,4,4,False
mappo,17,dev_01_state_08,d2bf64fb9b88e145885e5ed0f74f9f639967dd914d669e6f6d9e93f684a95a73,6,6,complete_fixed_behavior_discounted_return_not_vpi,99.72721960667732,2.744842290878296,16.710411966559114,13.965569675680818,96.98237731579903,83.0168076401182,-13.965569675680825,0.640781,0.430852,-0.20992900000000003,0.4217850000000001,0.07006000000000001,-0.35172500000000007,4,4,False,4,1,True,4,4,False,4,4,False
mappo,17,dev_01_state_09,13fb32efb5dd998abdd32f46158b290acced91d28620d9d15377f2694497b912,6,6,complete_fixed_behavior_discounted_return_not_vpi,99.72721960667732,2.744842290878296,16.710411966559114,13.965569675680818,96.98237731579903,83.0168076401182,-13.965569675680825,0.640781,0.430852,-0.20992900000000003,0.4217850000000001,0.07006000000000001,-0.35172500000000007,4,4,False,4,1,True,4,4,False,4,4,False
mappo,17,dev_01_state_10,501e02f271270613a795072dd11d6876f63160ede7c17cfbe7ee893e5b1aa82c,6,6,complete_fixed_behavior_discounted_return_not_vpi,99.53944465087416,2.723601818084717,16.608145813358426,13.88454399527371,96.81584283278944,82.93129883751573,-13.884543995273717,0.639815,0.429953,-0.20986200000000005,0.42060300000000006,0.06964599999999999,-0.3509570000000001,4,4,False,4,1,True,4,4,False,4,4,False
mappo,17,dev_01_state_11,e0c6c2402de2864424b773d58c1fc72a6bc09419a54d0cbe2f5f07d795a22db3,6,6,complete_fixed_behavior_discounted_return_not_vpi,99.72721960667732,2.745173931121826,16.71204996803798,13.966876036916155,96.9820456755555,83.01516963863935,-13.966876036916148,0.64078,0.430825,-0.209955,0.421774,0.06999900000000003,-0.35177499999999995,4,4,False,4,1,True,4,4,False,4,4,False
mappo,17,dev_01_state_12,87eae5e2295dff0be0c0317d62480330e70116056ccb6207b9f0f698ac011e38,6,6,complete_fixed_behavior_discounted_return_not_vpi,99.72721960667732,2.745173931121826,16.71204996803798,13.966876036916155,96.9820456755555,83.01516963863935,-13.966876036916148,0.64078,0.430825,-0.209955,0.421774,0.06999900000000003,-0.35177499999999995,4,4,False,4,1,True,4,4,False,4,4,False
mappo,17,dev_02_state_01,aacd1cc47660f831ce532b266ce3478bb22e2c78d466e47472c937aafefcacfb,6,6,complete_fixed_behavior_discounted_return_not_vpi,75.58016750117106,2.550502300262451,15.545188719594243,12.994686419331792,73.02966520090861,60.03497878157682,-12.994686419331792,0.521339,0.328842,-0.19249699999999997,0.34017200000000003,0.067276,-0.272896,4,4,False,4,1,True,4,1,True,4,1,True
mappo,17,dev_02_state_02,65837e8c4e1042b18b8987e46d37b1081f660135fc906dde8659dd34bcb25e18,6,6,complete_fixed_behavior_discounted_return_not_vpi,75.81651346531233,2.527015447616577,15.434370951748924,12.907355504132347,73.28949801769575,60.3821425135634,-12.907355504132347,0.52244,0.331742,-0.19069800000000003,0.341529,0.07095399999999996,-0.27057500000000007,4,4,False,4,1,True,4,1,True,4,1,True
mappo,17,dev_02_state_03,788bd1c71ab6c0f94f77fdf24a1874af9e74d3c3e59586a4d8fd42a2d4a722a2,6,6,complete_fixed_behavior_discounted_return_not_vpi,75.57148846531233,2.6200242042541504,16.042792232574918,13.422768028320768,72.95146426105818,59.52869623273741,-13.422768028320768,0.641768,0.444477,-0.197291,0.4272,0.10020200000000001,-0.326998,4,4,False,4,1,True,4,4,False,4,4,False
mappo,17,dev_02_state_04,73424c66a5e9ad4241b9fb8e38cb02b30333c2e9611126a6c2f2661d805079c5,6,6,complete_fixed_behavior_discounted_return_not_vpi,75.76470591996298,2.6632630825042725,16.287307066357343,13.62404398385307,73.1014428374587,59.477398853605635,-13.62404398385307,0.642202,0.441204,-0.20099800000000007,0.42673700000000003,0.09254399999999996,-0.3341930000000001,4,4,False,4,1,True,4,4,False,4,4,False
mappo,17,dev_02_state_05,07a0c6f5a831ee8a70a2e4f82ae69cc5df3eb3540cdda40dc84dfab435b8d8ac,6,6,complete_fixed_behavior_discounted_return_not_vpi,75.76470591996298,2.5925347805023193,15.928274804051235,13.335740023548915,73.17217113946066,59.83643111591174,-13.335740023548915,0.640757,0.442705,-0.198052,0.42682600000000004,0.09757700000000002,-0.329249,4,4,False,4,1,True,4,4,False,4,4,False
mappo,17,dev_02_state_06,cd47e258d721757c11ea4050f051bb017e502287edeba848b9bb4aed7aa04c14,6,6,complete_fixed_behavior_discounted_return_not_vpi,75.75848028252462,2.6558547019958496,16.25087042408476,13.59501572208891,73.10262558052877,59.50760985843986,-13.59501572208891,0.644056,0.445918,-0.19813799999999998,0.429785,0.099667,-0.33011799999999997,4,4,False,4,1,True,4,4,False,4,4,False
mappo,17,dev_02_state_07,446e55a68c01f9b6b3d75b3584e53818ff209784976039bdb016348e222bb7bc,6,6,complete_fixed_behavior_discounted_return_not_vpi,75.75848028252462,2.581557035446167,15.873673122106176,13.292116086660009,73.17692324707845,59.88480716041844,-13.292116086660009,0.642509,0.447668,-0.194841,0.429779,0.10523700000000002,-0.324542,4,4,False,4,1,True,4,4,False,4,4,False
mappo,17,dev_02_state_08,da66deba85e976a12ee91266832b3fe4996e44cc0333ff92fe0fb0072b304773,6,6,complete_fixed_behavior_discounted_return_not_vpi,75.76470591996298,2.583242893218994,15.870197947880051,13.286955054661057,73.18146302674398,59.89450797208293,-13.286955054661057,0.641119,0.444943,-0.19617600000000002,0.427698,0.10156699999999996,-0.32613100000000006,4,4,False,4,1,True,4,4,False,4,4,False
mappo,17,dev_02_state_09,9b17e313c9c022b073c532cab790a8e4bbbfb88e37c386bc4de0316793e72b69,6,6,complete_fixed_behavior_discounted_return_not_vpi,100.75270180026362,2.5884199142456055,15.774163814899893,13.185743900654288,98.16428188601802,84.97853798536373,-13.185743900654288,0.525072,0.329774,-0.19529799999999997,0.345888,0.068716,-0.277172,4,4,False,4,1,True,4,1,True,4,1,True
mappo,17,dev_02_state_10,e6a58b6c7a7e16fa45b8c640dbd4b125a27da61dec2113082cdfa830027b3bfb,6,6,complete_fixed_behavior_discounted_return_not_vpi,75.75270180026362,2.5884199142456055,15.774163814899893,13.185743900654288,73.16428188601802,59.97853798536373,-13.185743900654288,0.525072,0.329774,-0.19529799999999997,0.345888,0.068716,-0.277172,4,4,False,4,1,True,4,1,True,4,1,True
mappo,17,dev_02_state_11,5fbcd355ad6ef625fe912c4a3485f5db6bcdb20e7b2dcdd955d3fe332063d473,6,6,complete_fixed_behavior_discounted_return_not_vpi,75.75848028252462,2.573225975036621,15.704357779706257,13.131131804669636,73.185254307488,60.05412250281836,-13.131131804669636,0.525495,0.331871,-0.19362400000000002,0.34667200000000004,0.07245800000000002,-0.274214,4,4,False,4,1,True,4,1,True,4,1,True
mappo,17,dev_02_state_12,fdd3f8ff3f38604c74d277ed795fde0f3d9fa09eb963e4d8820de9b76534d356,6,6,complete_fixed_behavior_discounted_return_not_vpi,100.50848028252462,2.573225975036621,15.704357779706257,13.131131804669636,97.935254307488,84.80412250281836,-13.131131804669636,0.525495,0.331871,-0.19362400000000002,0.34667200000000004,0.07245800000000002,-0.274214,4,4,False,4,1,True,4,1,True,4,1,True
mappo,17,dev_03_state_01,62750fc5f603af0e58fc56236599571502c69cfa558f3283ab10e1bc858471ae,6,6,complete_fixed_behavior_discounted_return_not_vpi,75.32227037485364,2.5611519813537598,15.576294353186384,13.015142371832624,72.76111839349988,59.74597602166726,-13.015142371832624,0.517462,0.326396,-0.19106599999999996,0.333994,0.06251500000000004,-0.27147899999999997,4,4,False,4,1,True,4,1,True,4,1,True
mappo,17,dev_03_state_02,49dc0c665e7c8d1673bc0818a98dec317568afa99b48ce13b276daf91fdf1003,6,6,complete_fixed_behavior_discounted_return_not_vpi,75.2654274086768,2.5744194984436035,15.632956480294162,13.058536981850558,72.6910079102332,59.63247092838264,-13.058536981850558,0.518036,0.326749,-0.19128700000000004,0.33433500000000005,0.06173000000000001,-0.27260500000000004,4,4,False,4,1,True,4,1,True,4,1,True
mappo,17,dev_03_state_03,5c249417d557afb821d09652c2ced9028d3dd95a2292007d63fec0a2af97227d,6,6,complete_fixed_behavior_discounted_return_not_vpi,75.2654274086768,2.6813697814941406,16.331251053797537,13.649881272303396,72.58405762718266,58.93417635487926,-13.649881272303396,0.639252,0.439132,-0.20012000000000002,0.4212060000000001,0.08718000000000004,-0.33402600000000005,4,4,False,4,1,True,4,4,False,4,4,False
mappo,17,dev_03_state_04,f5f32654c6274248e0d209cab36df9f70fd51f283f1cd0807581b37e93a74a25,6,6,complete_fixed_behavior_discounted_return_not_vpi,75.46738204163074,2.5020248889923096,15.24946152058449,12.74743663159218,72.96535715263843,60.21792052104625,-12.74743663159218,0.515367,0.326076,-0.18929100000000004,0.331647,0.062429999999999986,-0.26921700000000004,4,4,False,4,1,True,4,1,True,4,1,True
mappo,17,dev_03_state_05,6cc42ee25dea2b20e7ddf5c4193dae1de54521b21ce67836be05490494a0b931,6,6,complete_fixed_behavior_discounted_return_not_vpi,75.22963452915576,2.615276336669922,15.864837707869334,13.249561371199412,72.61435819248584,59.364796821286426,-13.249561371199412,0.518733,0.323219,-0.19551400000000002,0.336598,0.05915199999999998,-0.277446,4,4,False,4,1,True,4,1,True,4,1,True
mappo,17,dev_03_state_06,1217155fad78690dd6f9e30d323674dca8a13a10b95a50b6354593aed403e43d,6,6,complete_fixed_behavior_discounted_return_not_vpi,75.17185584736579,2.6975369453430176,16.40915776288309,13.711620817540073,72.47431890202277,58.7626980844827,-13.711620817540073,0.640179,0.440982,-0.19919700000000007,0.4227700000000001,0.08962799999999999,-0.3331420000000001,4,4,False,4,1,True,4,4,False,4,4,False
mappo,17,dev_03_state_07,c9b593dfc8699de434ab870b13435c9305897d412b8dedc394c04fd20511d413,6,6,complete_fixed_behavior_discounted_return_not_vpi,75.22963452915576,2.61796236038208,15.997126225255634,13.379163864873554,72.61167216877368,59.232508303900126,-13.379163864873554,0.63695,0.439594,-0.19735600000000003,0.41931300000000005,0.089505,-0.32980800000000005,4,4,False,4,1,True,4,4,False,4,4,False
mappo,17,dev_03_state_08,6b17f75e0e3f5de80f49678d788da5519dddc9cc9bd584c0ee650b8d7219e7b6,6,6,complete_fixed_behavior_discounted_return_not_vpi,75.4120048498658,2.6705398559570312,16.267497694969244,13.596957839012212,72.74146499390876,59.14450715489655,-13.596957839012212,0.640306,0.443502,-0.19680400000000003,0.42368700000000004,0.09487899999999999,-0.32880800000000004,4,4,False,4,1,True,4,4,False,4,4,False
mappo,17,dev_03_state_09,0ccde0ef6c389b7341f4f1ea7beb149b259aad13dd1630dab7db376142e1073a,6,6,complete_fixed_behavior_discounted_return_not_vpi,75.46738204163074,2.4876036643981934,15.15735676222473,12.669753097826536,72.97977837723255,60.31002527940601,-12.669753097826536,0.515369,0.328165,-0.18720399999999998,0.331572,0.06497599999999998,-0.266596,4,4,False,4,1,True,4,1,True,4,1,True
mappo,17,dev_03_state_10,ebe2739e96e527d82f495d7e680acc3138491d2e16ff51c3923b53550c15ae25,6,6,complete_fixed_behavior_discounted_return_not_vpi,74.92928109736579,2.717374324798584,16.529998519114883,13.8126241943163,72.2119067725672,58.399282578250904,-13.8126241943163,0.640261,0.438682,-0.20157899999999995,0.422091,0.08474600000000004,-0.33734499999999995,4,4,False,4,1,True,4,4,False,4,4,False
mappo,17,dev_03_state_11,6f4069e08051d555eb68fe1fc24e55e73bd96f49eec834dcd284e6fcc78d573c,6,6,complete_fixed_behavior_discounted_return_not_vpi,75.39606346424462,2.60317325592041,15.811537911387944,13.208364655467534,72.79289020832421,59.584525552856675,-13.208364655467534,0.51954,0.325681,-0.193859,0.33713899999999997,0.061502999999999974,-0.275636,4,4,False,4,1,True,4,1,True,4,1,True
mappo,17,dev_03_state_12,3280b55b15e26af81785ba01c8673bf4d36b50b213800bb4ae9d9639e7519111,6,6,complete_fixed_behavior_discounted_return_not_vpi,74.92928109736579,2.6298091411590576,15.949371769517462,13.319562628358405,72.29947195620673,58.979909327848326,-13.319562628358405,0.52083,0.32574,-0.19509000000000004,0.33990200000000004,0.06340499999999999,-0.27649700000000005,4,4,False,4,1,True,4,1,True,4,1,True
mappo,29,dev_00_state_01,2cb31cda5fedadef13eb6ef29f9fb864a9636c64a8a0b599c358ab8e79aa2f2e,12,6,complete_fixed_behavior_discounted_return_not_vpi,99.16542974483956,5.457671642303467,14.864567097409804,9.406895455106337,93.70775810253609,84.30086264742975,-9.406895455106337,0.558155,0.522356,-0.035798999999999914,0.34010299999999993,0.21682400000000002,-0.12327899999999992,4,4,False,4,4,False,4,4,False,4,4,False
mappo,29,dev_00_state_02,4fe79a7d2f5b835a26cde6caefb444f6301c270d44971bde40489a612dd2b391,12,6,complete_fixed_behavior_discounted_return_not_vpi,99.43405463063405,5.4514055252075195,14.734296634655763,9.282891109448244,93.98264910542653,84.69975799597829,-9.282891109448244,0.556665,0.51972,-0.036945000000000006,0.337815,0.21298099999999998,-0.124834,4,4,False,4,4,False,4,4,False,4,4,False
mappo,29,dev_00_state_03,c47e6b288039285428aafce3d49684ca2d11b023896665b0b3daac8a9dcaa176,12,6,complete_fixed_behavior_discounted_return_not_vpi,99.43405463063405,5.462069988250732,14.852880029973427,9.390810041722695,93.97198464238332,84.58117460066063,-9.390810041722688,0.675871,0.586392,-0.08947899999999998,0.410924,0.24485500000000004,-0.16606899999999997,4,4,False,4,4,False,4,4,False,4,4,False
mappo,29,dev_00_state_04,db2399dc4a1846b64b81f411e0237050b1ffd324fd9a4bd78478baf6f2a1e9df,12,6,complete_fixed_behavior_discounted_return_not_vpi,99.63275207083052,5.4554972648620605,14.653135214890668,9.197637950028607,94.17725480596846,84.97961685593985,-9.197637950028607,0.67591,0.592491,-0.08341900000000002,0.41116400000000003,0.258165,-0.15299900000000005,4,4,False,4,4,False,4,4,False,4,4,False
mappo,29,dev_00_state_05,b439a8ded6b7704f73b9af3aad6b5a11f4e642b89173768c49bca3fb2b8e11e1,12,6,complete_fixed_behavior_discounted_return_not_vpi,99.63275207083052,5.437564373016357,14.444175427083671,9.006611054067314,94.19518769781416,85.18857664374684,-9.00661105406732,0.558462,0.526633,-0.031828999999999996,0.33933800000000003,0.226829,-0.11250900000000003,4,4,False,4,4,False,4,4,False,4,4,False
mappo,29,dev_00_state_06,05d5cb2b4cdc84a07f67d30b6d40026f1ae9404889525cd1fd230abd3ad151ac,12,6,complete_fixed_behavior_discounted_return_not_vpi,99.98305426895568,5.474328994750977,14.988527377962917,9.51419838321194,94.5087252742047,84.99452689099277,-9.514198383211934,0.676627,0.587449,-0.08917799999999998,0.411985,0.246444,-0.165541,4,4,False,4,4,False,4,4,False,4,4,False
mappo,29,dev_00_state_07,be44ebe79f69d66fa111d2fd9181f41a47efe8ab066cbd91663de162f21bfdca,12,6,complete_fixed_behavior_discounted_return_not_vpi,99.98305426895568,5.474328994750977,14.988527377962917,9.51419838321194,94.5087252742047,84.99452689099277,-9.514198383211934,0.676627,0.587449,-0.08917799999999998,0.411985,0.246444,-0.165541,4,4,False,4,4,False,4,4,False,4,4,False
mappo,29,dev_00_state_08,54b81637eaa22690c2f9140cabc601d934d118af96613f57981add5ac63c1553,12,6,complete_fixed_behavior_discounted_return_not_vpi,99.63275207083052,5.476471900939941,15.050266535649477,9.573794634709536,94.15628016989058,84.58248553518104,-9.573794634709543,0.678086,0.590945,-0.08714099999999991,0.41454899999999995,0.25297700000000006,-0.16157199999999988,4,4,False,4,4,False,4,4,False,4,4,False
mappo,29,dev_00_state_09,4c5424ef8068127f88abfde3c8019231c91f8960d17e43927afbffc74d0ef8a3,12,6,complete_fixed_behavior_discounted_return_not_vpi,99.98305426895568,5.460451126098633,14.726411876735021,9.265960750636388,94.52260314285705,85.25664239222067,-9.265960750636381,0.674682,0.589107,-0.08557499999999996,0.40882,0.25131100000000006,-0.15750899999999995,4,4,False,4,4,False,4,4,False,4,4,False
mappo,29,dev_00_state_10,56cb3633f940a0aa4754de669549dee3763dc62aa8d33e8feb481d858f69cc45,12,6,complete_fixed_behavior_discounted_return_not_vpi,99.98305426895568,5.460451126098633,14.726411876735021,9.265960750636388,94.52260314285705,85.25664239222067,-9.265960750636381,0.674682,0.589107,-0.08557499999999996,0.40882,0.25131100000000006,-0.15750899999999995,4,4,False,4,4,False,4,4,False,4,4,False
mappo,29,dev_00_state_11,616869b075de6c2da36a5545c9128137f476e5cb4f0ae4851e0c1b46d0deef42,12,6,complete_fixed_behavior_discounted_return_not_vpi,99.63275207083052,5.462822914123535,14.792985756054776,9.33016284193124,94.16992915670698,84.83976631477574,-9.33016284193124,0.676253,0.592518,-0.083735,0.411583,0.25765,-0.153933,4,4,False,4,4,False,4,4,False,4,4,False
mappo,29,dev_00_state_12,50772a9d479dd040bdfcd26f5a4e632848da15cc67dcf85fb3ae790c04749004,12,6,complete_fixed_behavior_discounted_return_not_vpi,100.22152414584981,5.474472522735596,14.932499494065901,9.458026971330305,94.74705162311422,85.2890246517839,-9.458026971330312,0.677602,0.591118,-0.086484,0.413976,0.254402,-0.159574,4,4,False,4,4,False,4,4,False,4,4,False
mappo,29,dev_01_state_01,a4bbd832c514e8ecb281380734580807ec9ec04ce04b6be662dd729667c979e5,12,6,complete_fixed_behavior_discounted_return_not_vpi,75.65614047157035,5.459069728851318,14.829685294187563,9.370615565336244,70.19707074271903,60.82645517738279,-9.370615565336244,0.556637,0.519459,-0.037178000000000044,0.33724300000000007,0.210241,-0.12700200000000006,4,4,False,4,4,False,4,4,False,4,4,False
mappo,29,dev_01_state_02,63fee8a32f4b1c8d4d78562135b7b123d9efca8ef1fd10c52757463ac3a4c28b,12,6,complete_fixed_behavior_discounted_return_not_vpi,99.13967366563787,5.4565653800964355,14.770170781822237,9.313605401725802,93.68310828554144,84.36950288381564,-9.313605401725795,0.557833,0.522114,-0.035719000000000056,0.33929000000000004,0.215157,-0.12413300000000005,4,4,False,4,4,False,4,4,False,4,4,False
mappo,29,dev_01_state_03,c559429297df4987fbb22dd07eedba631d6c671c0ff9130cbe932ee596739c54,12,6,complete_fixed_behavior_discounted_return_not_vpi,99.13967366563787,5.469703197479248,14.920689667710107,9.450986470230859,93.66997046815862,84.21898399792777,-9.450986470230859,0.676795,0.587955,-0.08884000000000003,0.412048,0.246149,-0.16589900000000002,4,4,False,4,4,False,4,4,False,4,4,False
mappo,29,dev_01_state_04,7358d67bd36c9a85cc6e8138adeb39b8726469ca30f20c1f0942cc3f76de4651,12,6,complete_fixed_behavior_discounted_return_not_vpi,99.35350480891441,5.453038692474365,14.659024998266908,9.205986305792543,93.90046611644004,84.6944798106475,-9.20598630579255,0.556034,0.518812,-0.03722199999999998,0.33616900000000005,0.21034700000000006,-0.125822,4,4,False,4,4,False,4,4,False,4,4,False
mappo,29,dev_01_state_05,0763b046fa0b532b554b052e7a0878b9d194acdb61a7240efa1f797b157b13db,12,6,complete_fixed_behavior_discounted_return_not_vpi,99.35350480891441,5.466836452484131,14.821620326427677,9.354783873943546,93.88666835643028,84.53188448248673,-9.354783873943546,0.675006,0.584925,-0.09008099999999997,0.40902499999999997,0.24150100000000002,-0.16752399999999995,4,4,False,4,4,False,4,4,False,4,4,False
mappo,29,dev_01_state_06,fd2e5861fe027bcb3635018576d2d5ce1b9b63d2b09ed94737c380749ee87049,12,6,complete_fixed_behavior_discounted_return_not_vpi,99.53944465087416,5.452071189880371,14.5201436577605,9.068072467880128,94.08737346099379,85.01930099311366,-9.068072467880128,0.672841,0.586365,-0.086476,0.40535600000000005,0.24580500000000005,-0.159551,4,4,False,4,4,False,4,4,False,4,4,False
mappo,29,dev_01_state_07,183ebb194b29cf885e5c212fd6e18171c5539439db50572f3120f6c0133c5049,12,6,complete_fixed_behavior_discounted_return_not_vpi,99.53944465087416,5.452249526977539,14.522136319147563,9.069886792170024,94.08719512389662,85.0173083317266,-9.069886792170024,0.672844,0.586355,-0.08648900000000004,0.405357,0.24577899999999997,-0.15957800000000005,4,4,False,4,4,False,4,4,False,4,4,False
mappo,29,dev_01_state_08,d2bf64fb9b88e145885e5ed0f74f9f639967dd914d669e6f6d9e93f684a95a73,12,6,complete_fixed_behavior_discounted_return_not_vpi,99.72721960667732,5.4797492027282715,14.99772300188122,9.517973799152948,94.24747040394905,84.72949660479611,-9.51797379915294,0.676055,0.586693,-0.08936199999999994,0.41067099999999995,0.244388,-0.16628299999999996,4,4,False,4,4,False,4,4,False,4,4,False
mappo,29,dev_01_state_09,13fb32efb5dd998abdd32f46158b290acced91d28620d9d15377f2694497b912,12,6,complete_fixed_behavior_discounted_return_not_vpi,99.72721960667732,5.4797492027282715,14.99772300188122,9.517973799152948,94.24747040394905,84.72949660479611,-9.51797379915294,0.676055,0.586693,-0.08936199999999994,0.41067099999999995,0.244388,-0.16628299999999996,4,4,False,4,4,False,4,4,False,4,4,False
mappo,29,dev_01_state_10,501e02f271270613a795072dd11d6876f63160ede7c17cfbe7ee893e5b1aa82c,12,6,complete_fixed_behavior_discounted_return_not_vpi,99.53944465087416,5.476334095001221,14.98111367983362,9.504779584832399,94.06311055587294,84.55833097104053,-9.504779584832406,0.675514,0.585039,-0.09047499999999997,0.40968399999999994,0.24101599999999995,-0.16866799999999998,4,4,False,4,4,False,4,4,False,4,4,False
mappo,29,dev_01_state_11,e0c6c2402de2864424b773d58c1fc72a6bc09419a54d0cbe2f5f07d795a22db3,12,6,complete_fixed_behavior_discounted_return_not_vpi,99.72721960667732,5.479804992675781,14.999338330067339,9.519533337391557,94.24741461400154,84.72788127660999,-9.51953333739155,0.676073,0.586705,-0.089368,0.410698,0.24438400000000005,-0.16631399999999996,4,4,False,4,4,False,4,4,False,4,4,False
mappo,29,dev_01_state_12,87eae5e2295dff0be0c0317d62480330e70116056ccb6207b9f0f698ac011e38,12,6,complete_fixed_behavior_discounted_return_not_vpi,99.72721960667732,5.479804992675781,14.999338330067339,9.519533337391557,94.24741461400154,84.72788127660999,-9.51953333739155,0.676073,0.586705,-0.089368,0.410698,0.24438400000000005,-0.16631399999999996,4,4,False,4,4,False,4,4,False,4,4,False
mappo,29,dev_02_state_01,aacd1cc47660f831ce532b266ce3478bb22e2c78d466e47472c937aafefcacfb,12,6,complete_fixed_behavior_discounted_return_not_vpi,75.58016750117106,5.428065776824951,14.42669692642194,8.998631149596989,70.15210172434611,61.15347057474912,-8.998631149596989,0.55749,0.523801,-0.03368900000000008,0.339044,0.22242099999999998,-0.11662300000000003,4,4,False,4,4,False,4,4,False,4,4,False
mappo,29,dev_02_state_02,65837e8c4e1042b18b8987e46d37b1081f660135fc906dde8659dd34bcb25e18,12,6,complete_fixed_behavior_discounted_return_not_vpi,75.81651346531233,5.420614719390869,14.265390569163714,8.844775849772844,70.39589874592146,61.55112289614861,-8.844775849772844,0.556277,0.521878,-0.03439900000000007,0.33716500000000005,0.22020099999999998,-0.11696400000000007,4,4,False,4,4,False,4,4,False,4,4,False
mappo,29,dev_02_state_03,788bd1c71ab6c0f94f77fdf24a1874af9e74d3c3e59586a4d8fd42a2d4a722a2,12,6,complete_fixed_behavior_discounted_return_not_vpi,75.57148846531233,5.437032222747803,14.449387646923562,9.012355424175759,70.13445624256453,61.122100818388766,-9.012355424175759,0.674942,0.589514,-0.08542800000000006,0.41047100000000003,0.25334599999999996,-0.15712500000000007,4,4,False,4,4,False,4,4,False,4,4,False
mappo,29,dev_02_state_04,73424c66a5e9ad4241b9fb8e38cb02b30333c2e9611126a6c2f2661d805079c5,12,6,complete_fixed_behavior_discounted_return_not_vpi,75.76470591996298,5.451718807220459,14.62327973586742,9.171560928646961,70.31298711274252,61.14142618409556,-9.171560928646961,0.675923,0.590778,-0.08514500000000003,0.4117950000000001,0.25511900000000004,-0.15667600000000004,4,4,False,4,4,False,4,4,False,4,4,False
mappo,29,dev_02_state_05,07a0c6f5a831ee8a70a2e4f82ae69cc5df3eb3540cdda40dc84dfab435b8d8ac,12,6,complete_fixed_behavior_discounted_return_not_vpi,75.76470591996298,5.432286262512207,14.300329486961061,8.868043224448854,70.33241965745077,61.46437643300192,-8.868043224448854,0.673828,0.592796,-0.08103199999999999,0.408684,0.261213,-0.14747100000000002,4,4,False,4,4,False,4,4,False,4,4,False
mappo,29,dev_02_state_06,cd47e258d721757c11ea4050f051bb017e502287edeba848b9bb4aed7aa04c14,12,6,complete_fixed_behavior_discounted_return_not_vpi,75.75848028252462,5.448568820953369,14.502283763494844,9.053714942541475,70.30991146157125,61.25619651902977,-9.053714942541475,0.675387,0.590498,-0.08488899999999999,0.41107399999999994,0.255532,-0.15554199999999996,4,4,False,4,4,False,4,4,False,4,4,False
mappo,29,dev_02_state_07,446e55a68c01f9b6b3d75b3584e53818ff209784976039bdb016348e222bb7bc,12,6,complete_fixed_behavior_discounted_return_not_vpi,75.75848028252462,5.4276251792907715,14.149903334371274,8.722278155080502,70.33085510323384,61.60857694815334,-8.722278155080502,0.67312,0.592473,-0.08064700000000002,0.40769400000000006,0.26169600000000004,-0.14599800000000002,4,4,False,4,4,False,4,4,False,4,4,False
mappo,29,dev_02_state_08,da66deba85e976a12ee91266832b3fe4996e44cc0333ff92fe0fb0072b304773,12,6,complete_fixed_behavior_discounted_return_not_vpi,75.76470591996298,5.427082538604736,14.213566928845324,8.786484390240588,70.33762338135824,61.551138991117654,-8.786484390240588,0.673553,0.592711,-0.08084199999999997,0.40830999999999995,0.261378,-0.14693199999999995,4,4,False,4,4,False,4,4,False,4,4,False
mappo,29,dev_02_state_09,9b17e313c9c022b073c532cab790a8e4bbbfb88e37c386bc4de0316793e72b69,12,6,complete_fixed_behavior_discounted_return_not_vpi,100.75270180026362,5.427353858947754,14.199312025786341,8.771958166838587,95.32534794131587,86.55338977447728,-8.771958166838587,0.556458,0.522828,-0.03363000000000005,0.337486,0.22457199999999994,-0.11291400000000007,4,4,False,4,4,False,4,4,False,4,4,False
mappo,29,dev_02_state_10,e6a58b6c7a7e16fa45b8c640dbd4b125a27da61dec2113082cdfa830027b3bfb,12,6,complete_fixed_behavior_discounted_return_not_vpi,75.75270180026362,5.427353858947754,14.199312025786341,8.771958166838587,70.32534794131587,61.55338977447728,-8.771958166838587,0.556458,0.522828,-0.03363000000000005,0.337486,0.22457199999999994,-0.11291400000000007,4,4,False,4,4,False,4,4,False,4,4,False
mappo,29,dev_02_state_11,5fbcd355ad6ef625fe912c4a3485f5db6bcdb20e7b2dcdd955d3fe332063d473,12,6,complete_fixed_behavior_discounted_return_not_vpi,75.75848028252462,5.432228088378906,14.319308689512233,8.887080601133327,70.32625219414571,61.43917159301238,-8.887080601133327,0.556826,0.522993,-0.033833,0.33801200000000003,0.22296000000000005,-0.11505199999999999,4,4,False,4,4,False,4,4,False,4,4,False
mappo,29,dev_02_state_12,fdd3f8ff3f38604c74d277ed795fde0f3d9fa09eb963e4d8820de9b76534d356,12,6,complete_fixed_behavior_discounted_return_not_vpi,100.50848028252462,5.432228088378906,14.319308689512233,8.887080601133327,95.07625219414571,86.18917159301239,-8.88708060113332,0.556826,0.522993,-0.033833,0.33801200000000003,0.22296000000000005,-0.11505199999999999,4,4,False,4,4,False,4,4,False,4,4,False
mappo,29,dev_03_state_01,62750fc5f603af0e58fc56236599571502c69cfa558f3283ab10e1bc858471ae,12,6,complete_fixed_behavior_discounted_return_not_vpi,75.32227037485364,5.420444011688232,14.351505135530566,8.931061123842333,69.90182636316541,60.97076523932308,-8.931061123842333,0.554347,0.518275,-0.03607199999999999,0.33610700000000004,0.21562600000000004,-0.120481,4,4,False,4,4,False,4,4,False,4,4,False
mappo,29,dev_03_state_02,49dc0c665e7c8d1673bc0818a98dec317568afa99b48ce13b276daf91fdf1003,12,6,complete_fixed_behavior_discounted_return_not_vpi,75.2654274086768,5.4184746742248535,14.273072425595124,8.854597751370271,69.84695273445195,60.992354983081675,-8.854597751370271,0.554588,0.518868,-0.035719999999999974,0.33644699999999994,0.21722799999999998,-0.11921899999999996,4,4,False,4,4,False,4,4,False,4,4,False
mappo,29,dev_03_state_03,5c249417d557afb821d09652c2ced9028d3dd95a2292007d63fec0a2af97227d,12,6,complete_fixed_behavior_discounted_return_not_vpi,75.2654274086768,5.449222564697266,14.596669447169376,9.14744688247211,69.81620484397953,60.668757961507424,-9.14744688247211,0.674704,0.586818,-0.08788600000000002,0.40957299999999996,0.24759299999999995,-0.16198,4,4,False,4,4,False,4,4,False,4,4,False
mappo,29,dev_03_state_04,f5f32654c6274248e0d209cab36df9f70fd51f283f1cd0807581b37e93a74a25,12,6,complete_fixed_behavior_discounted_return_not_vpi,75.46738204163074,5.3989386558532715,13.993137960418174,8.594199304564903,70.06844338577747,61.47424408121257,-8.594199304564903,0.553182,0.520012,-0.03316999999999992,0.33310599999999996,0.22059500000000004,-0.11251099999999992,4,4,False,4,4,False,4,4,False,4,4,False
mappo,29,dev_03_state_05,6cc42ee25dea2b20e7ddf5c4193dae1de54521b21ce67836be05490494a0b931,12,6,complete_fixed_behavior_discounted_return_not_vpi,75.22963452915576,5.429076671600342,14.442433778302487,9.013357106702145,69.80055785755542,60.78720075085327,-9.013357106702145,0.555324,0.518845,-0.03647900000000004,0.336886,0.21452900000000003,-0.122357,4,4,False,4,4,False,4,4,False,4,4,False
mappo,29,dev_03_state_06,1217155fad78690dd6f9e30d323674dca8a13a10b95a50b6354593aed403e43d,12,6,complete_fixed_behavior_discounted_return_not_vpi,75.17185584736579,5.449224948883057,14.596464603601696,9.14723965471864,69.72263089848273,60.575391243764095,-9.14723965471864,0.675183,0.587028,-0.08815499999999998,0.41033899999999995,0.247344,-0.16299499999999995,4,4,False,4,4,False,4,4,False,4,4,False
mappo,29,dev_03_state_07,c9b593dfc8699de434ab870b13435c9305897d412b8dedc394c04fd20511d413,12,6,complete_fixed_behavior_discounted_return_not_vpi,75.22963452915576,5.429039001464844,14.262880782271168,8.833841780806324,69.80059552769092,60.96675374688459,-8.833841780806324,0.671728,0.587494,-0.08423400000000003,0.404874,0.251345,-0.15352900000000003,4,4,False,4,4,False,4,4,False,4,4,False
mappo,29,dev_03_state_08,6b17f75e0e3f5de80f49678d788da5519dddc9cc9bd584c0ee650b8d7219e7b6,12,6,complete_fixed_behavior_discounted_return_not_vpi,75.4120048498658,5.443543910980225,14.476269717186135,9.03272580620591,69.96846093888557,60.93573513267966,-9.03272580620591,0.673886,0.586343,-0.08754300000000004,0.408483,0.24781499999999995,-0.16066800000000003,4,4,False,4,4,False,4,4,False,4,4,False
mappo,29,dev_03_state_09,0ccde0ef6c389b7341f4f1ea7beb149b259aad13dd1630dab7db376142e1073a,12,6,complete_fixed_behavior_discounted_return_not_vpi,75.46738204163074,5.391299724578857,13.885234373781323,8.493934649202465,70.07608231705188,61.58214766784942,-8.493934649202465,0.55286,0.519709,-0.03315100000000004,0.332553,0.22065399999999996,-0.11189900000000003,4,4,False,4,4,False,4,4,False,4,4,False
mappo,29,dev_03_state_10,ebe2739e96e527d82f495d7e680acc3138491d2e16ff51c3923b53550c15ae25,12,6,complete_fixed_behavior_discounted_return_not_vpi,74.92928109736579,5.460615634918213,14.732975000322078,9.272359365403865,69.46866546244758,60.19630609704371,-9.272359365403865,0.675451,0.586594,-0.08885700000000007,0.410432,0.24591099999999994,-0.16452100000000008,4,4,False,4,4,False,4,4,False,4,4,False
mappo,29,dev_03_state_11,6f4069e08051d555eb68fe1fc24e55e73bd96f49eec834dcd284e6fcc78d573c,12,6,complete_fixed_behavior_discounted_return_not_vpi,75.39606346424462,5.426355838775635,14.298989121376827,8.872633282601193,69.96970762546898,61.09707434286779,-8.872633282601193,0.554129,0.518202,-0.03592699999999993,0.33562099999999995,0.21700700000000006,-0.11861399999999989,4,4,False,4,4,False,4,4,False,4,4,False
mappo,29,dev_03_state_12,3280b55b15e26af81785ba01c8673bf4d36b50b213800bb4ae9d9639e7519111,12,6,complete_fixed_behavior_discounted_return_not_vpi,74.92928109736579,5.436768054962158,14.486445914838548,9.04967785987639,69.49251304240363,60.44283518252724,-9.04967785987639,0.555696,0.519406,-0.03628999999999993,0.337379,0.21551700000000001,-0.12186199999999997,4,4,False,4,4,False,4,4,False,4,4,False
mappo,43,dev_00_state_01,2cb31cda5fedadef13eb6ef29f9fb864a9636c64a8a0b599c358ab8e79aa2f2e,6,6,complete_fixed_behavior_discounted_return_not_vpi,99.16542974483956,2.4757118225097656,18.83401040395526,16.358298581445496,96.68971792232979,80.3314193408843,-16.358298581445496,0.632219,0.728953,0.09673399999999999,0.48955499999999996,0.628813,0.139258,4,4,False,4,4,False,4,4,False,4,4,False
mappo,43,dev_00_state_02,4fe79a7d2f5b835a26cde6caefb444f6301c270d44971bde40489a612dd2b391,6,6,complete_fixed_behavior_discounted_return_not_vpi,99.43405463063405,2.4495694637298584,18.622684040839317,16.17311457710946,96.9844851669042,80.81137058979473,-16.17311457710946,0.62997,0.72542,0.09544999999999992,0.48642700000000005,0.6245369999999999,0.13810999999999984,4,4,False,4,4,False,4,4,False,4,4,False
mappo,43,dev_00_state_03,c47e6b288039285428aafce3d49684ca2d11b023896665b0b3daac8a9dcaa176,6,6,complete_fixed_behavior_discounted_return_not_vpi,99.43405463063405,2.4815025329589844,18.83750722354946,16.356004690590474,96.95255209767507,80.59654740708459,-16.35600469059048,0.725282,0.813994,0.08871200000000001,0.564946,0.706771,0.1418250000000001,4,4,False,4,4,False,4,4,False,4,4,False
mappo,43,dev_00_state_04,db2399dc4a1846b64b81f411e0237050b1ffd324fd9a4bd78478baf6f2a1e9df,6,6,complete_fixed_behavior_discounted_return_not_vpi,99.63275207083052,2.460448741912842,18.72969707231489,16.26924833040205,97.17230332891768,80.90305499851563,-16.26924833040205,0.716811,0.806051,0.08923999999999999,0.551402,0.694,0.142598,4,4,False,4,4,False,4,4,False,4,4,False
mappo,43,dev_00_state_05,b439a8ded6b7704f73b9af3aad6b5a11f4e642b89173768c49bca3fb2b8e11e1,6,6,complete_fixed_behavior_discounted_return_not_vpi,99.63275207083052,2.411248207092285,18.356613127635683,15.945364920543398,97.22150386373823,81.27613894319484,-15.945364920543398,0.61766,0.710892,0.09323199999999998,0.470523,0.604012,0.13348899999999997,4,4,False,4,4,False,4,4,False,4,4,False
mappo,43,dev_00_state_06,05d5cb2b4cdc84a07f67d30b6d40026f1ae9404889525cd1fd230abd3ad151ac,6,6,complete_fixed_behavior_discounted_return_not_vpi,99.98305426895568,2.532618761062622,19.222337374584768,16.689718613522146,97.45043550789306,80.76071689437092,-16.689718613522146,0.726272,0.816188,0.089916,0.565932,0.709779,0.14384700000000006,4,4,False,4,4,False,4,4,False,4,4,False
mappo,43,dev_00_state_07,be44ebe79f69d66fa111d2fd9181f41a47efe8ab066cbd91663de162f21bfdca,6,6,complete_fixed_behavior_discounted_return_not_vpi,99.98305426895568,2.532618761062622,19.222337374584768,16.689718613522146,97.45043550789306,80.76071689437092,-16.689718613522146,0.726272,0.816188,0.089916,0.565932,0.709779,0.14384700000000006,4,4,False,4,4,False,4,4,False,4,4,False
mappo,43,dev_00_state_08,54b81637eaa22690c2f9140cabc601d934d118af96613f57981add5ac63c1553,6,6,complete_fixed_behavior_discounted_return_not_vpi,99.63275207083052,2.5563161373138428,19.42578465887624,16.869468521562396,97.07643593351668,80.20696741195428,-16.869468521562396,0.727624,0.818558,0.09093399999999996,0.5676810000000001,0.71327,0.14558899999999986,4,4,False,4,4,False,4,4,False,4,4,False
mappo,43,dev_00_state_09,4c5424ef8068127f88abfde3c8019231c91f8960d17e43927afbffc74d0ef8a3,6,6,complete_fixed_behavior_discounted_return_not_vpi,99.98305426895568,2.448953866958618,18.619303973885252,16.170350106926634,97.53410040199707,81.36375029507043,-16.170350106926634,0.717272,0.805727,0.08845499999999995,0.552621,0.693812,0.14119099999999996,4,4,False,4,4,False,4,4,False,4,4,False
mappo,43,dev_00_state_10,56cb3633f940a0aa4754de669549dee3763dc62aa8d33e8feb481d858f69cc45,6,6,complete_fixed_behavior_discounted_return_not_vpi,99.98305426895568,2.448953866958618,18.619303973885252,16.170350106926634,97.53410040199707,81.36375029507043,-16.170350106926634,0.717272,0.805727,0.08845499999999995,0.552621,0.693812,0.14119099999999996,4,4,False,4,4,False,4,4,False,4,4,False
mappo,43,dev_00_state_11,616869b075de6c2da36a5545c9128137f476e5cb4f0ae4851e0c1b46d0deef42,6,6,complete_fixed_behavior_discounted_return_not_vpi,99.63275207083052,2.477573871612549,18.85169023030901,16.37411635869646,97.15517819921797,80.78106184052152,-16.374116358696455,0.719016,0.808488,0.089472,0.5549569999999999,0.697908,0.14295100000000005,4,4,False,4,4,False,4,4,False,4,4,False
mappo,43,dev_00_state_12,50772a9d479dd040bdfcd26f5a4e632848da15cc67dcf85fb3ae790c04749004,6,6,complete_fixed_behavior_discounted_return_not_vpi,100.22152414584981,2.560445547103882,19.445835698799975,16.885390151696093,97.66107859874593,80.77568844704984,-16.885390151696086,0.725692,0.81656,0.09086799999999995,0.564472,0.7100559999999999,0.14558399999999994,4,4,False,4,4,False,4,4,False,4,4,False
mappo,43,dev_01_state_01,a4bbd832c514e8ecb281380734580807ec9ec04ce04b6be662dd729667c979e5,6,6,complete_fixed_behavior_discounted_return_not_vpi,75.65614047157035,2.417125701904297,18.435305432622883,16.018179730718586,73.23901476966606,57.22083503894747,-16.018179730718586,0.627852,0.724169,0.09631699999999999,0.483741,0.6234489999999999,0.13970799999999994,4,4,False,4,4,False,4,4,False,4,4,False
mappo,43,dev_01_state_02,63fee8a32f4b1c8d4d78562135b7b123d9efca8ef1fd10c52757463ac3a4c28b,6,6,complete_fixed_behavior_discounted_return_not_vpi,99.13967366563787,2.4242117404937744,18.488422524282733,16.06421078378896,96.7154619251441,80.65125114135515,-16.06421078378895,0.62827,0.724802,0.09653199999999995,0.483866,0.6244689999999999,0.14060299999999992,4,4,False,4,4,False,4,4,False,4,4,False
mappo,43,dev_01_state_03,c559429297df4987fbb22dd07eedba631d6c671c0ff9130cbe932ee596739c54,6,6,complete_fixed_behavior_discounted_return_not_vpi,99.13967366563787,2.4638354778289795,18.77693049956627,16.31309502173729,96.67583818780889,80.3627431660716,-16.313095021737297,0.723522,0.81369,0.09016800000000003,0.561963,0.705825,0.14386200000000005,4,4,False,4,4,False,4,4,False,4,4,False
mappo,43,dev_01_state_04,7358d67bd36c9a85cc6e8138adeb39b8726469ca30f20c1f0942cc3f76de4651,6,6,complete_fixed_behavior_discounted_return_not_vpi,99.35350480891441,2.4208805561065674,18.447156752837202,16.026276196730635,96.93262425280784,80.9063480560772,-16.026276196730635,0.627052,0.722623,0.09557099999999996,0.4821730000000001,0.621664,0.13949099999999992,4,4,False,4,4,False,4,4,False,4,4,False
mappo,43,dev_01_state_05,0763b046fa0b532b554b052e7a0878b9d194acdb61a7240efa1f797b157b13db,6,6,complete_fixed_behavior_discounted_return_not_vpi,99.35350480891441,2.459113359451294,18.724047885793226,16.264934526341932,96.89439144946311,80.62945692312118,-16.264934526341932,0.722515,0.812039,0.08952399999999994,0.560569,0.703473,0.14290400000000003,4,4,False,4,4,False,4,4,False,4,4,False
mappo,43,dev_01_state_06,fd2e5861fe027bcb3635018576d2d5ce1b9b63d2b09ed94737c380749ee87049,6,6,complete_fixed_behavior_discounted_return_not_vpi,99.53944465087416,2.370408773422241,18.107936765466285,15.737527992044043,97.16903587745192,81.43150788540788,-15.737527992044036,0.710124,0.798395,0.08827099999999999,0.5421,0.682635,0.14053499999999997,4,4,False,4,4,False,4,4,False,4,4,False
mappo,43,dev_01_state_07,183ebb194b29cf885e5c212fd6e18171c5539439db50572f3120f6c0133c5049,6,6,complete_fixed_behavior_discounted_return_not_vpi,99.53944465087416,2.370870590209961,18.112576269987784,15.741705679777823,97.1685740606642,81.42686838088638,-15.741705679777823,0.710148,0.798459,0.08831100000000003,0.54211,0.6827070000000001,0.14059700000000008,4,4,False,4,4,False,4,4,False,4,4,False
mappo,43,dev_01_state_08,d2bf64fb9b88e145885e5ed0f74f9f639967dd914d669e6f6d9e93f684a95a73,6,6,complete_fixed_behavior_discounted_return_not_vpi,99.72721960667732,2.519381523132324,19.161267931667382,16.641886408535058,97.207838083545,80.56595167500994,-16.641886408535058,0.723655,0.814414,0.09075899999999992,0.5620400000000001,0.707094,0.1450539999999999,4,4,False,4,4,False,4,4,False,4,4,False
mappo,43,dev_01_state_09,13fb32efb5dd998abdd32f46158b290acced91d28620d9d15377f2694497b912,6,6,complete_fixed_behavior_discounted_return_not_vpi,99.72721960667732,2.519381523132324,19.161267931667382,16.641886408535058,97.207838083545,80.56595167500994,-16.641886408535058,0.723655,0.814414,0.09075899999999992,0.5620400000000001,0.707094,0.1450539999999999,4,4,False,4,4,False,4,4,False,4,4,False
mappo,43,dev_01_state_10,501e02f271270613a795072dd11d6876f63160ede7c17cfbe7ee893e5b1aa82c,6,6,complete_fixed_behavior_discounted_return_not_vpi,99.53944465087416,2.490658760070801,18.949367587328304,16.458708827257503,97.04878589080336,80.59007706354586,-16.458708827257496,0.723043,0.813055,0.09001199999999998,0.56145,0.70513,0.14368000000000003,4,4,False,4,4,False,4,4,False,4,4,False
mappo,43,dev_01_state_11,e0c6c2402de2864424b773d58c1fc72a6bc09419a54d0cbe2f5f07d795a22db3,6,6,complete_fixed_behavior_discounted_return_not_vpi,99.72721960667732,2.5198676586151123,19.16449781053158,16.644630151916466,97.20735194806221,80.56272179614575,-16.64463015191646,0.723654,0.814418,0.09076399999999996,0.562046,0.707108,0.1450619999999999,4,4,False,4,4,False,4,4,False,4,4,False
mappo,43,dev_01_state_12,87eae5e2295dff0be0c0317d62480330e70116056ccb6207b9f0f698ac011e38,6,6,complete_fixed_behavior_discounted_return_not_vpi,99.72721960667732,2.5198676586151123,19.16449781053158,16.644630151916466,97.20735194806221,80.56272179614575,-16.64463015191646,0.723654,0.814418,0.09076399999999996,0.562046,0.707108,0.1450619999999999,4,4,False,4,4,False,4,4,False,4,4,False
mappo,43,dev_02_state_01,aacd1cc47660f831ce532b266ce3478bb22e2c78d466e47472c937aafefcacfb,6,6,complete_fixed_behavior_discounted_return_not_vpi,75.58016750117106,2.3346245288848877,17.8874018608716,15.55277733198671,73.24554297228617,57.69276564029946,-15.55277733198671,0.617108,0.709643,0.09253500000000003,0.46986399999999995,0.604283,0.13441900000000007,4,4,False,4,4,False,4,4,False,4,4,False
mappo,43,dev_02_state_02,65837e8c4e1042b18b8987e46d37b1081f660135fc906dde8659dd34bcb25e18,6,6,complete_fixed_behavior_discounted_return_not_vpi,75.81651346531233,2.31384015083313,17.717894677071534,15.404054526238404,73.5026733144792,58.09861878824079,-15.404054526238404,0.615096,0.706077,0.09098099999999998,0.466963,0.599692,0.13272899999999999,4,4,False,4,4,False,4,4,False,4,4,False
mappo,43,dev_02_state_03,788bd1c71ab6c0f94f77fdf24a1874af9e74d3c3e59586a4d8fd42a2d4a722a2,6,6,complete_fixed_behavior_discounted_return_not_vpi,75.57148846531233,2.3601436614990234,18.027864248960014,15.667720587460991,73.2113448038133,57.54362421635231,-15.667720587460991,0.713311,0.799405,0.086094,0.547974,0.685033,0.13705900000000004,4,4,False,4,4,False,4,4,False,4,4,False
mappo,43,dev_02_state_04,73424c66a5e9ad4241b9fb8e38cb02b30333c2e9611126a6c2f2661d805079c5,6,6,complete_fixed_behavior_discounted_return_not_vpi,75.76470591996298,2.4275906085968018,18.53185344607757,16.104262837480768,73.33711531136618,57.23285247388541,-16.104262837480768,0.715108,0.803076,0.08796800000000005,0.5500339999999999,0.690196,0.14016200000000012,4,4,False,4,4,False,4,4,False,4,4,False
mappo,43,dev_02_state_05,07a0c6f5a831ee8a70a2e4f82ae69cc5df3eb3540cdda40dc84dfab435b8d8ac,6,6,complete_fixed_behavior_discounted_return_not_vpi,75.76470591996298,2.3206539154052734,17.788956600079274,15.468302684674,73.4440520045577,57.975749319883704,-15.468302684674,0.704246,0.790354,0.08610799999999996,0.534169,0.670975,0.13680599999999998,4,4,False,4,4,False,4,4,False,4,4,False
mappo,43,dev_02_state_06,cd47e258d721757c11ea4050f051bb017e502287edeba848b9bb4aed7aa04c14,6,6,complete_fixed_behavior_discounted_return_not_vpi,75.75848028252462,2.4262332916259766,18.514663606222555,16.08843031459658,73.33224699089864,57.24381667630206,-16.08843031459658,0.712728,0.800564,0.08783600000000003,0.546225,0.6862550000000001,0.1400300000000001,4,4,False,4,4,False,4,4,False,4,4,False
mappo,43,dev_02_state_07,446e55a68c01f9b6b3d75b3584e53818ff209784976039bdb016348e222bb7bc,6,6,complete_fixed_behavior_discounted_return_not_vpi,75.75848028252462,2.322693109512329,17.793178696382093,15.470485586869763,73.43578717301229,57.96530158614252,-15.470485586869763,0.701832,0.787753,0.08592100000000003,0.530309,0.6668930000000001,0.13658400000000004,4,4,False,4,4,False,4,4,False,4,4,False
mappo,43,dev_02_state_08,da66deba85e976a12ee91266832b3fe4996e44cc0333ff92fe0fb0072b304773,6,6,complete_fixed_behavior_discounted_return_not_vpi,75.76470591996298,2.308021306991577,17.70093561857763,15.392914311586054,73.4566846129714,58.06377030138535,-15.392914311586054,0.702839,0.788693,0.08585399999999999,0.532007,0.668401,0.13639400000000002,4,4,False,4,4,False,4,4,False,4,4,False
mappo,43,dev_02_state_09,9b17e313c9c022b073c532cab790a8e4bbbfb88e37c386bc4de0316793e72b69,6,6,complete_fixed_behavior_discounted_return_not_vpi,100.75270180026362,2.397366523742676,18.269880011054113,15.872513487311437,98.35533527652095,82.48282178920951,-15.872513487311437,0.617627,0.707792,0.09016499999999994,0.47020300000000004,0.602332,0.13212899999999994,4,4,False,4,4,False,4,4,False,4,4,False
mappo,43,dev_02_state_10,e6a58b6c7a7e16fa45b8c640dbd4b125a27da61dec2113082cdfa830027b3bfb,6,6,complete_fixed_behavior_discounted_return_not_vpi,75.75270180026362,2.397366523742676,18.269880011054113,15.872513487311437,73.35533527652095,57.48282178920951,-15.872513487311437,0.617627,0.707792,0.09016499999999994,0.47020300000000004,0.602332,0.13212899999999994,4,4,False,4,4,False,4,4,False,4,4,False
mappo,43,dev_02_state_11,5fbcd355ad6ef625fe912c4a3485f5db6bcdb20e7b2dcdd955d3fe332063d473,6,6,complete_fixed_behavior_discounted_return_not_vpi,75.75848028252462,2.380770444869995,18.175537594853076,15.79476714998308,73.37770983765462,57.58294268767154,-15.79476714998308,0.615271,0.706415,0.091144,0.467108,0.600164,0.133056,4,4,False,4,4,False,4,4,False,4,4,False
mappo,43,dev_02_state_12,fdd3f8ff3f38604c74d277ed795fde0f3d9fa09eb963e4d8820de9b76534d356,6,6,complete_fixed_behavior_discounted_return_not_vpi,100.50848028252462,2.380770444869995,18.175537594853076,15.79476714998308,98.12770983765462,82.33294268767153,-15.794767149983088,0.615271,0.706415,0.091144,0.467108,0.600164,0.133056,4,4,False,4,4,False,4,4,False,4,4,False
mappo,43,dev_03_state_01,62750fc5f603af0e58fc56236599571502c69cfa558f3283ab10e1bc858471ae,6,6,complete_fixed_behavior_discounted_return_not_vpi,75.32227037485364,2.3615520000457764,17.931364503415097,15.56981250336932,72.96071837480787,57.39090587143855,-15.56981250336932,0.62791,0.719014,0.09110400000000007,0.48514199999999996,0.6152500000000001,0.1301080000000001,4,4,False,4,4,False,4,4,False,4,4,False
mappo,43,dev_03_state_02,49dc0c665e7c8d1673bc0818a98dec317568afa99b48ce13b276daf91fdf1003,6,6,complete_fixed_behavior_discounted_return_not_vpi,75.2654274086768,2.371375560760498,17.994809708735154,15.623434147974656,72.8940518479163,57.270617699941646,-15.623434147974656,0.627886,0.718856,0.09097,0.4847680000000001,0.615048,0.13027999999999995,4,4,False,4,4,False,4,4,False,4,4,False
mappo,43,dev_03_state_03,5c249417d557afb821d09652c2ced9028d3dd95a2292007d63fec0a2af97227d,6,6,complete_fixed_behavior_discounted_return_not_vpi,75.2654274086768,2.4392263889312744,18.56135250257683,16.122126113645557,72.82620101974553,56.70407490609997,-16.122126113645557,0.725792,0.814073,0.08828100000000005,0.565044,0.7062890000000001,0.14124500000000006,4,4,False,4,4,False,4,4,False,4,4,False
mappo,43,dev_03_state_04,f5f32654c6274248e0d209cab36df9f70fd51f283f1cd0807581b37e93a74a25,6,6,complete_fixed_behavior_discounted_return_not_vpi,75.46738204163074,2.2851414680480957,17.367202991829203,15.082061523781107,73.18224057358265,58.10017904980154,-15.082061523781107,0.616667,0.704557,0.08789000000000002,0.47096899999999997,0.59554,0.12457099999999999,4,4,False,4,4,False,4,4,False,4,4,False
mappo,43,dev_03_state_05,6cc42ee25dea2b20e7ddf5c4193dae1de54521b21ce67836be05490494a0b931,6,6,complete_fixed_behavior_discounted_return_not_vpi,75.22963452915576,2.4326298236846924,18.40776677203253,15.975136948347838,72.79700470547107,56.82186775712323,-15.975136948347838,0.630587,0.722144,0.091557,0.48841500000000004,0.619828,0.131413,4,4,False,4,4,False,4,4,False,4,4,False
mappo,43,dev_03_state_06,1217155fad78690dd6f9e30d323674dca8a13a10b95a50b6354593aed403e43d,6,6,complete_fixed_behavior_discounted_return_not_vpi,75.17185584736579,2.4798572063446045,18.777910830166007,16.298053623821403,72.69199864102119,56.39394501719978,-16.298053623821403,0.723354,0.810873,0.0875189999999999,0.5625330000000001,0.7028509999999999,0.14031799999999983,4,4,False,4,4,False,4,4,False,4,4,False
mappo,43,dev_03_state_07,c9b593dfc8699de434ab870b13435c9305897d412b8dedc394c04fd20511d413,6,6,complete_fixed_behavior_discounted_return_not_vpi,75.22963452915576,2.355839490890503,17.963206303894353,15.60736681300385,72.87379503826526,57.26642822526141,-15.60736681300385,0.716724,0.803152,0.08642799999999995,0.551786,0.68975,0.13796399999999998,4,4,False,4,4,False,4,4,False,4,4,False
mappo,43,dev_03_state_08,6b17f75e0e3f5de80f49678d788da5519dddc9cc9bd584c0ee650b8d7219e7b6,6,6,complete_fixed_behavior_discounted_return_not_vpi,75.4120048498658,2.4407103061676025,18.510818352066458,16.070108045898856,72.97129454369819,56.90118649779934,-16.070108045898856,0.722725,0.809598,0.08687300000000009,0.5613309999999999,0.70059,0.13925900000000013,4,4,False,4,4,False,4,4,False,4,4,False
mappo,43,dev_03_state_09,0ccde0ef6c389b7341f4f1ea7beb149b259aad13dd1630dab7db376142e1073a,6,6,complete_fixed_behavior_discounted_return_not_vpi,75.46738204163074,2.2707743644714355,17.263149029300934,14.992374664829498,73.1966076771593,58.20423301232981,-14.992374664829498,0.615117,0.702411,0.08729399999999998,0.468804,0.592732,0.12392800000000004,4,4,False,4,4,False,4,4,False,4,4,False
mappo,43,dev_03_state_10,ebe2739e96e527d82f495d7e680acc3138491d2e16ff51c3923b53550c15ae25,6,6,complete_fixed_behavior_discounted_return_not_vpi,74.92928109736579,2.503648519515991,19.013789417262934,16.510140897746943,72.4256325778498,55.91549168010285,-16.510140897746943,0.724624,0.814231,0.08960699999999999,0.563237,0.706793,0.14355600000000002,4,4,False,4,4,False,4,4,False,4,4,False
mappo,43,dev_03_state_11,6f4069e08051d555eb68fe1fc24e55e73bd96f49eec834dcd284e6fcc78d573c,6,6,complete_fixed_behavior_discounted_return_not_vpi,75.39606346424462,2.415292501449585,18.300916781918374,15.88562428046879,72.98077096279503,57.095146682326245,-15.88562428046879,0.62854,0.719566,0.09102600000000005,0.48555099999999995,0.61582,0.13026900000000008,4,4,False,4,4,False,4,4,False,4,4,False
mappo,43,dev_03_state_12,3280b55b15e26af81785ba01c8673bf4d36b50b213800bb4ae9d9639e7519111,6,6,complete_fixed_behavior_discounted_return_not_vpi,74.92928109736579,2.4521501064300537,18.567043652351316,16.114893545921262,72.47713099093573,56.36223744501447,-16.114893545921262,0.628363,0.720512,0.09214900000000004,0.48526800000000003,0.6171030000000001,0.13183500000000004,4,4,False,4,4,False,4,4,False,4,4,False
mappo,61,dev_00_state_01,2cb31cda5fedadef13eb6ef29f9fb864a9636c64a8a0b599c358ab8e79aa2f2e,6,12,complete_fixed_behavior_discounted_return_not_vpi,99.16542974483956,2.5831639766693115,42.59917837026873,40.01601439359942,96.58226576817025,56.566251374570825,-40.01601439359942,0.356254,0.213993,-0.14226100000000003,0.08354400000000001,-0.188058,-0.271602,4,0,True,0,0,False,0,0,False,0,0,False
mappo,61,dev_00_state_02,4fe79a7d2f5b835a26cde6caefb444f6301c270d44971bde40489a612dd2b391,6,12,complete_fixed_behavior_discounted_return_not_vpi,99.43405463063405,2.5551345348358154,42.561565530349746,40.00643099551393,96.87892009579824,56.872489100284305,-40.00643099551393,0.356959,0.215659,-0.14130000000000004,0.08510500000000004,-0.184402,-0.26950700000000005,4,0,True,0,0,False,0,0,False,0,0,False
mappo,61,dev_00_state_03,c47e6b288039285428aafce3d49684ca2d11b023896665b0b3daac8a9dcaa176,6,12,complete_fixed_behavior_discounted_return_not_vpi,99.43405463063405,2.6438257694244385,42.667026527158285,40.023200757733846,96.79022886120961,56.767028103475766,-40.023200757733846,0.425003,0.219394,-0.20560900000000001,0.08643800000000001,-0.20925399999999997,-0.29569199999999995,4,0,True,0,0,False,0,0,False,0,0,False
mappo,61,dev_00_state_04,db2399dc4a1846b64b81f411e0237050b1ffd324fd9a4bd78478baf6f2a1e9df,6,12,complete_fixed_behavior_discounted_return_not_vpi,99.63275207083052,2.5566282272338867,42.556953377515484,40.0003251502816,97.07612384359663,57.075798693315036,-40.0003251502816,0.426972,0.222252,-0.20472,0.088789,-0.2057,-0.294489,4,0,True,0,0,False,0,0,False,0,0,False
mappo,61,dev_00_state_05,b439a8ded6b7704f73b9af3aad6b5a11f4e642b89173768c49bca3fb2b8e11e1,6,12,complete_fixed_behavior_discounted_return_not_vpi,99.63275207083052,2.442230701446533,42.405388457902575,39.96315775645604,97.19052136938399,57.227363612927945,-39.96315775645604,0.359686,0.219335,-0.140351,0.090509,-0.17650300000000002,-0.267012,4,0,True,0,0,False,0,0,False,0,0,False
mappo,61,dev_00_state_06,05d5cb2b4cdc84a07f67d30b6d40026f1ae9404889525cd1fd230abd3ad151ac,6,12,complete_fixed_behavior_discounted_return_not_vpi,99.98305426895568,2.7022156715393066,42.735521157712284,40.03330548617298,97.28083859741638,57.2475331112434,-40.03330548617298,0.428869,0.218215,-0.210654,0.088644,-0.21454,-0.303184,4,0,True,0,0,False,0,0,False,0,0,False
mappo,61,dev_00_state_07,be44ebe79f69d66fa111d2fd9181f41a47efe8ab066cbd91663de162f21bfdca,6,12,complete_fixed_behavior_discounted_return_not_vpi,99.98305426895568,2.7022156715393066,42.735521157712284,40.03330548617298,97.28083859741638,57.2475331112434,-40.03330548617298,0.428869,0.218215,-0.210654,0.088644,-0.21454,-0.303184,4,0,True,0,0,False,0,0,False,0,0,False
mappo,61,dev_00_state_08,54b81637eaa22690c2f9140cabc601d934d118af96613f57981add5ac63c1553,6,12,complete_fixed_behavior_discounted_return_not_vpi,99.63275207083052,2.699596405029297,42.73646771420985,40.036871309180555,96.93315566580122,56.89628435662067,-40.036871309180555,0.428853,0.217422,-0.21143099999999998,0.08630299999999996,-0.217428,-0.303731,4,0,True,0,0,False,0,0,False,0,0,False
mappo,61,dev_00_state_09,4c5424ef8068127f88abfde3c8019231c91f8960d17e43927afbffc74d0ef8a3,6,12,complete_fixed_behavior_discounted_return_not_vpi,99.98305426895568,2.626206159591675,42.63443268048791,40.00822652089624,97.35684810936401,57.34862158846777,-40.00822652089624,0.427077,0.220808,-0.20626899999999998,0.09120600000000001,-0.206206,-0.297412,4,0,True,0,0,False,0,0,False,0,0,False
mappo,61,dev_00_state_10,56cb3633f940a0aa4754de669549dee3763dc62aa8d33e8feb481d858f69cc45,6,12,complete_fixed_behavior_discounted_return_not_vpi,99.98305426895568,2.626206159591675,42.63443268048791,40.00822652089624,97.35684810936401,57.34862158846777,-40.00822652089624,0.427077,0.220808,-0.20626899999999998,0.09120600000000001,-0.206206,-0.297412,4,0,True,0,0,False,0,0,False,0,0,False
mappo,61,dev_00_state_11,616869b075de6c2da36a5545c9128137f476e5cb4f0ae4851e0c1b46d0deef42,6,12,complete_fixed_behavior_discounted_return_not_vpi,99.63275207083052,2.628033399581909,42.64191223145687,40.01387883187496,97.00471867124861,56.99083983937365,-40.01387883187496,0.427187,0.219944,-0.20724299999999998,0.088617,-0.20977300000000002,-0.29839000000000004,4,0,True,0,0,False,0,0,False,0,0,False
mappo,61,dev_00_state_12,50772a9d479dd040bdfcd26f5a4e632848da15cc67dcf85fb3ae790c04749004,6,12,complete_fixed_behavior_discounted_return_not_vpi,100.22152414584981,2.6830966472625732,42.71798937240537,40.0348927251428,97.53842749858724,57.50353477344444,-40.0348927251428,0.432085,0.219074,-0.213011,0.08933999999999997,-0.21695200000000003,-0.306292,4,0,True,0,0,False,0,0,False,0,0,False
mappo,61,dev_01_state_01,a4bbd832c514e8ecb281380734580807ec9ec04ce04b6be662dd729667c979e5,6,12,complete_fixed_behavior_discounted_return_not_vpi,75.65614047157035,2.629020929336548,42.65428371522987,40.025262785893325,73.0271195422338,33.00185675634048,-40.025262785893325,0.356472,0.212361,-0.14411100000000002,0.08641399999999999,-0.188495,-0.27490899999999996,4,0,True,0,0,False,0,0,False,0,0,False
mappo,61,dev_01_state_02,63fee8a32f4b1c8d4d78562135b7b123d9efca8ef1fd10c52757463ac3a4c28b,6,12,complete_fixed_behavior_discounted_return_not_vpi,99.13967366563787,2.604668617248535,42.63120716090214,40.02653854365361,96.53500504838934,56.50846650473573,-40.02653854365361,0.359791,0.214185,-0.14560600000000004,0.09031,-0.18680700000000003,-0.27711700000000006,4,0,True,0,0,False,0,0,False,0,0,False
mappo,61,dev_01_state_03,c559429297df4987fbb22dd07eedba631d6c671c0ff9130cbe932ee596739c54,6,12,complete_fixed_behavior_discounted_return_not_vpi,99.13967366563787,2.694528579711914,42.7318668003789,40.03733822066699,96.44514508592596,56.40780686525897,-40.03733822066699,0.429331,0.217914,-0.21141700000000002,0.09323700000000001,-0.21148299999999998,-0.30472,4,0,True,0,0,False,0,0,False,0,0,False
mappo,61,dev_01_state_04,7358d67bd36c9a85cc6e8138adeb39b8726469ca30f20c1f0942cc3f76de4651,6,12,complete_fixed_behavior_discounted_return_not_vpi,99.35350480891441,2.580042600631714,42.59845687497485,40.01841427434314,96.7734622082827,56.75504793393956,-40.01841427434314,0.358805,0.214732,-0.14407299999999998,0.08852899999999997,-0.18553699999999998,-0.2740659999999999,4,0,True,0,0,False,0,0,False,0,0,False
mappo,61,dev_01_state_05,0763b046fa0b532b554b052e7a0878b9d194acdb61a7240efa1f797b157b13db,6,12,complete_fixed_behavior_discounted_return_not_vpi,99.35350480891441,2.672294855117798,42.70464869340147,40.03235383828367,96.68120995379661,56.64885611551294,-40.03235383828367,0.427283,0.218406,-0.20887700000000003,0.090814,-0.21030300000000002,-0.301117,4,0,True,0,0,False,0,0,False,0,0,False
mappo,61,dev_01_state_06,fd2e5861fe027bcb3635018576d2d5ce1b9b63d2b09ed94737c380749ee87049,6,12,complete_fixed_behavior_discounted_return_not_vpi,99.53944465087416,2.56965970993042,42.57103950830094,40.00137979837052,96.96978494094374,56.96840514257322,-40.00137979837052,0.428543,0.2228,-0.205743,0.09811799999999998,-0.199305,-0.297423,4,0,True,0,0,False,0,0,False,0,0,False
mappo,61,dev_01_state_07,183ebb194b29cf885e5c212fd6e18171c5539439db50572f3120f6c0133c5049,6,12,complete_fixed_behavior_discounted_return_not_vpi,99.53944465087416,2.5700151920318604,42.57154438842355,40.00152919639169,96.9694294588423,56.96790026245061,-40.00152919639169,0.428538,0.222783,-0.20575499999999997,0.098078,-0.199361,-0.297439,4,0,True,0,0,False,0,0,False,0,0,False
mappo,61,dev_01_state_08,d2bf64fb9b88e145885e5ed0f74f9f639967dd914d669e6f6d9e93f684a95a73,6,12,complete_fixed_behavior_discounted_return_not_vpi,99.72721960667732,2.7457096576690674,42.78590613652587,40.0401964788568,96.98150994900826,56.94131347015146,-40.0401964788568,0.432238,0.216866,-0.215372,0.09447500000000003,-0.216341,-0.31081600000000004,4,0,True,0,0,False,0,0,False,0,0,False
mappo,61,dev_01_state_09,13fb32efb5dd998abdd32f46158b290acced91d28620d9d15377f2694497b912,6,12,complete_fixed_behavior_discounted_return_not_vpi,99.72721960667732,2.7457096576690674,42.78590613652587,40.0401964788568,96.98150994900826,56.94131347015146,-40.0401964788568,0.432238,0.216866,-0.215372,0.09447500000000003,-0.216341,-0.31081600000000004,4,0,True,0,0,False,0,0,False,0,0,False
mappo,61,dev_01_state_10,501e02f271270613a795072dd11d6876f63160ede7c17cfbe7ee893e5b1aa82c,6,12,complete_fixed_behavior_discounted_return_not_vpi,99.53944465087416,2.734485387802124,42.77139624305889,40.036910855256764,96.80495926307204,56.76804840781527,-40.036910855256764,0.430104,0.217085,-0.213019,0.093939,-0.21369800000000003,-0.30763700000000005,4,0,True,0,0,False,0,0,False,0,0,False
mappo,61,dev_01_state_11,e0c6c2402de2864424b773d58c1fc72a6bc09419a54d0cbe2f5f07d795a22db3,6,12,complete_fixed_behavior_discounted_return_not_vpi,99.72721960667732,2.745774507522583,42.78603219477644,40.040257687253856,96.98144509915474,56.941187411900884,-40.040257687253856,0.432242,0.216859,-0.21538300000000002,0.094495,-0.216336,-0.31083099999999997,4,0,True,0,0,False,0,0,False,0,0,False
mappo,61,dev_01_state_12,87eae5e2295dff0be0c0317d62480330e70116056ccb6207b9f0f698ac011e38,6,12,complete_fixed_behavior_discounted_return_not_vpi,99.72721960667732,2.745774507522583,42.78603219477644,40.040257687253856,96.98144509915474,56.941187411900884,-40.040257687253856,0.432242,0.216859,-0.21538300000000002,0.094495,-0.216336,-0.31083099999999997,4,0,True,0,0,False,0,0,False,0,0,False
mappo,61,dev_02_state_01,aacd1cc47660f831ce532b266ce3478bb22e2c78d466e47472c937aafefcacfb,6,12,complete_fixed_behavior_discounted_return_not_vpi,75.58016750117106,2.448859930038452,42.39100611002433,39.942146179985876,73.13130757113261,33.18916139114673,-39.942146179985876,0.364713,0.223517,-0.14119600000000002,0.09997400000000001,-0.170791,-0.27076500000000003,4,0,True,0,0,False,0,0,False,0,0,False
mappo,61,dev_02_state_02,65837e8c4e1042b18b8987e46d37b1081f660135fc906dde8659dd34bcb25e18,6,12,complete_fixed_behavior_discounted_return_not_vpi,75.81651346531233,2.414828300476074,42.33380795481377,39.9189796543377,73.40168516483625,33.482705510498555,-39.9189796543377,0.366698,0.226107,-0.14059100000000002,0.10251300000000002,-0.166804,-0.26931700000000003,4,0,True,0,0,False,0,0,False,0,0,False
mappo,61,dev_02_state_03,788bd1c71ab6c0f94f77fdf24a1874af9e74d3c3e59586a4d8fd42a2d4a722a2,6,12,complete_fixed_behavior_discounted_return_not_vpi,75.57148846531233,2.529733180999756,42.50233632233811,39.972603141338354,73.04175528431257,33.06915214297422,-39.972603141338354,0.43602,0.229017,-0.20700300000000002,0.106651,-0.19479100000000002,-0.301442,4,0,True,0,0,False,0,0,False,0,0,False
mappo,61,dev_02_state_04,73424c66a5e9ad4241b9fb8e38cb02b30333c2e9611126a6c2f2661d805079c5,6,12,complete_fixed_behavior_discounted_return_not_vpi,75.76470591996298,2.5976040363311768,42.595015925204876,39.9974118888737,73.1671018836318,33.1696899947581,-39.9974118888737,0.439069,0.226904,-0.212165,0.10741699999999998,-0.20161099999999998,-0.30902799999999997,4,0,True,0,0,False,0,0,False,0,0,False
mappo,61,dev_02_state_05,07a0c6f5a831ee8a70a2e4f82ae69cc5df3eb3540cdda40dc84dfab435b8d8ac,6,12,complete_fixed_behavior_discounted_return_not_vpi,75.76470591996298,2.5008480548858643,42.44318858536403,39.94234053047816,73.26385786507711,33.32151733459895,-39.94234053047816,0.438421,0.230986,-0.207435,0.11232599999999998,-0.190279,-0.302605,4,0,True,0,0,False,0,0,False,0,0,False
mappo,61,dev_02_state_06,cd47e258d721757c11ea4050f051bb017e502287edeba848b9bb4aed7aa04c14,6,12,complete_fixed_behavior_discounted_return_not_vpi,75.75848028252462,2.572833299636841,42.56393268356091,39.991099383924066,73.18564698288777,33.19454759896371,-39.991099383924066,0.441862,0.229043,-0.21281899999999998,0.11012899999999998,-0.200181,-0.31031,4,0,True,0,0,False,0,0,False,0,0,False
mappo,61,dev_02_state_07,446e55a68c01f9b6b3d75b3584e53818ff209784976039bdb016348e222bb7bc,6,12,complete_fixed_behavior_discounted_return_not_vpi,75.75848028252462,2.477311134338379,42.410955764452595,39.933644630114216,73.28116914818624,33.34752451807202,-39.933644630114216,0.440629,0.232826,-0.207803,0.11391600000000002,-0.18937099999999998,-0.303287,4,0,True,0,0,False,0,0,False,0,0,False
mappo,61,dev_02_state_08,da66deba85e976a12ee91266832b3fe4996e44cc0333ff92fe0fb0072b304773,6,12,complete_fixed_behavior_discounted_return_not_vpi,75.76470591996298,2.460343360900879,42.38528402310411,39.924940662203234,73.3043625590621,33.379421896858865,-39.924940662203234,0.438261,0.232489,-0.205772,0.112377,-0.187699,-0.300076,4,0,True,0,0,False,0,0,False,0,0,False
mappo,61,dev_02_state_09,9b17e313c9c022b073c532cab790a8e4bbbfb88e37c386bc4de0316793e72b69,6,12,complete_fixed_behavior_discounted_return_not_vpi,100.75270180026362,2.4907100200653076,42.43734886315153,39.94663884308622,98.26199178019831,58.315352937112095,-39.94663884308622,0.372767,0.22603,-0.146737,0.10624300000000003,-0.17400300000000002,-0.28024600000000005,4,0,True,0,0,False,0,0,False,0,0,False
mappo,61,dev_02_state_10,e6a58b6c7a7e16fa45b8c640dbd4b125a27da61dec2113082cdfa830027b3bfb,6,12,complete_fixed_behavior_discounted_return_not_vpi,75.75270180026362,2.4907100200653076,42.43734886315153,39.94663884308622,73.26199178019831,33.315352937112095,-39.94663884308622,0.372767,0.22603,-0.146737,0.10624300000000003,-0.17400300000000002,-0.28024600000000005,4,0,True,0,0,False,0,0,False,0,0,False
mappo,61,dev_02_state_11,5fbcd355ad6ef625fe912c4a3485f5db6bcdb20e7b2dcdd955d3fe332063d473,6,12,complete_fixed_behavior_discounted_return_not_vpi,75.75848028252462,2.4925973415374756,42.454571309082624,39.96197396754515,73.26588294098714,33.30390897344199,-39.96197396754515,0.372375,0.225499,-0.146876,0.10693800000000003,-0.173336,-0.280274,4,0,True,0,0,False,0,0,False,0,0,False
mappo,61,dev_02_state_12,fdd3f8ff3f38604c74d277ed795fde0f3d9fa09eb963e4d8820de9b76534d356,6,12,complete_fixed_behavior_discounted_return_not_vpi,100.50848028252462,2.4925973415374756,42.454571309082624,39.96197396754515,98.01588294098714,58.05390897344199,-39.96197396754515,0.372375,0.225499,-0.146876,0.10693800000000003,-0.173336,-0.280274,4,0,True,0,0,False,0,0,False,0,0,False
mappo,61,dev_03_state_01,62750fc5f603af0e58fc56236599571502c69cfa558f3283ab10e1bc858471ae,6,12,complete_fixed_behavior_discounted_return_not_vpi,75.32227037485364,2.481635808944702,42.443019839178106,39.961384030233404,72.84063456590894,32.87925053567554,-39.961384030233404,0.358224,0.219295,-0.138929,0.08954799999999996,-0.175642,-0.2651899999999999,4,0,True,0,0,False,0,0,False,0,0,False
mappo,61,dev_03_state_02,49dc0c665e7c8d1673bc0818a98dec317568afa99b48ce13b276daf91fdf1003,6,12,complete_fixed_behavior_discounted_return_not_vpi,75.2654274086768,2.451158285140991,42.40505865969343,39.95390037455244,72.81426912353581,32.86036874898337,-39.95390037455244,0.359364,0.220448,-0.138916,0.09018999999999999,-0.174615,-0.26480499999999996,4,0,True,0,0,False,0,0,False,0,0,False
mappo,61,dev_03_state_03,5c249417d557afb821d09652c2ced9028d3dd95a2292007d63fec0a2af97227d,6,12,complete_fixed_behavior_discounted_return_not_vpi,75.2654274086768,2.5909082889556885,42.60040872383069,40.009500434875,72.67451911972111,32.66501868484611,-40.009500434875,0.425783,0.221573,-0.20421000000000003,0.08693200000000001,-0.20685100000000003,-0.293783,4,0,True,0,0,False,0,0,False,0,0,False
mappo,61,dev_03_state_04,f5f32654c6274248e0d209cab36df9f70fd51f283f1cd0807581b37e93a74a25,6,12,complete_fixed_behavior_discounted_return_not_vpi,75.46738204163074,2.4010043144226074,42.28934902149016,39.88834470706755,73.06637772720813,33.17803302014058,-39.88834470706755,0.357662,0.222155,-0.135507,0.09240599999999999,-0.16563300000000003,-0.258039,4,0,True,0,0,False,0,0,False,0,0,False
mappo,61,dev_03_state_05,6cc42ee25dea2b20e7ddf5c4193dae1de54521b21ce67836be05490494a0b931,6,12,complete_fixed_behavior_discounted_return_not_vpi,75.22963452915576,2.515366792678833,42.49370738574118,39.97834059306235,72.71426773647693,32.73592714341458,-39.97834059306235,0.358211,0.217713,-0.140498,0.087702,-0.179682,-0.267384,4,0,True,0,0,False,0,0,False,0,0,False
mappo,61,dev_03_state_06,1217155fad78690dd6f9e30d323674dca8a13a10b95a50b6354593aed403e43d,6,12,complete_fixed_behavior_discounted_return_not_vpi,75.17185584736579,2.6017494201660156,42.618503794849296,40.01675437468328,72.57010642719978,32.553352052516495,-40.01675437468328,0.428074,0.221629,-0.20644500000000002,0.09027299999999999,-0.20703000000000002,-0.297303,4,0,True,0,0,False,0,0,False,0,0,False
mappo,61,dev_03_state_07,c9b593dfc8699de434ab870b13435c9305897d412b8dedc394c04fd20511d413,6,12,complete_fixed_behavior_discounted_return_not_vpi,75.22963452915576,2.499641180038452,42.45402972175957,39.954388541721116,72.72999334911731,32.77560480739619,-39.954388541721116,0.423651,0.224911,-0.19874,0.089449,-0.196638,-0.286087,4,0,True,0,0,False,0,0,False,0,0,False
mappo,61,dev_03_state_08,6b17f75e0e3f5de80f49678d788da5519dddc9cc9bd584c0ee650b8d7219e7b6,6,12,complete_fixed_behavior_discounted_return_not_vpi,75.4120048498658,2.590543031692505,42.60090675627894,40.01036372458643,72.82146181817329,32.81109809358686,-40.01036372458643,0.42814,0.222422,-0.205718,0.09006800000000004,-0.20654699999999998,-0.296615,4,0,True,0,0,False,0,0,False,0,0,False
mappo,61,dev_03_state_09,0ccde0ef6c389b7341f4f1ea7beb149b259aad13dd1630dab7db376142e1073a,6,12,complete_fixed_behavior_discounted_return_not_vpi,75.46738204163074,2.3513729572296143,42.21023381652183,39.858860859292214,73.11600908440113,33.257148225108914,-39.858860859292214,0.357899,0.223807,-0.13409200000000002,0.09316600000000003,-0.16199899999999998,-0.255165,4,0,True,0,0,False,0,0,False,0,0,False
mappo,61,dev_03_state_10,ebe2739e96e527d82f495d7e680acc3138491d2e16ff51c3923b53550c15ae25,6,12,complete_fixed_behavior_discounted_return_not_vpi,74.92928109736579,2.6262218952178955,42.65188359315212,40.025661697934225,72.30305920214789,32.27739750421367,-40.025661697934225,0.427427,0.220253,-0.207174,0.08765299999999998,-0.210496,-0.298149,4,0,True,0,0,False,0,0,False,0,0,False
mappo,61,dev_03_state_11,6f4069e08051d555eb68fe1fc24e55e73bd96f49eec834dcd284e6fcc78d573c,6,12,complete_fixed_behavior_discounted_return_not_vpi,75.39606346424462,2.5187060832977295,42.49892294285438,39.98021685955665,72.87735738094689,32.89714052139024,-39.98021685955665,0.361264,0.218907,-0.14235699999999998,0.08988599999999997,-0.181129,-0.271015,4,0,True,0,0,False,0,0,False,0,0,False
mappo,61,dev_03_state_12,3280b55b15e26af81785ba01c8673bf4d36b50b213800bb4ae9d9639e7519111,6,12,complete_fixed_behavior_discounted_return_not_vpi,74.92928109736579,2.5304596424102783,42.5292285497223,39.99876890731202,72.39882145495551,32.40005254764349,-39.99876890731202,0.361108,0.21776,-0.14334799999999998,0.09032199999999996,-0.181871,-0.27219299999999996,4,0,True,0,0,False,0,0,False,0,0,False
ppo,7,dev_00_state_01,2cb31cda5fedadef13eb6ef29f9fb864a9636c64a8a0b599c358ab8e79aa2f2e,6,6,complete_fixed_behavior_discounted_return_not_vpi,99.16542974483956,2.4842827320098877,15.997083409781503,13.512800677771615,96.68114701282967,83.16834633505806,-13.512800677771608,0.268905,0.268947,4.199999999998649e-05,0.01057600000000003,0.011460999999999999,0.0008849999999999691,4,4,False,4,4,False,4,4,False,4,4,False
ppo,7,dev_00_state_02,4fe79a7d2f5b835a26cde6caefb444f6301c270d44971bde40489a612dd2b391,6,6,complete_fixed_behavior_discounted_return_not_vpi,99.43405463063405,2.471998453140259,15.950646881080523,13.478648427940264,96.96205617749379,83.48340774955352,-13.478648427940271,0.270816,0.270631,-0.00018499999999999073,0.014658999999999978,0.015587000000000018,0.0009280000000000399,4,4,False,4,4,False,4,4,False,4,4,False
ppo,7,dev_00_state_03,c47e6b288039285428aafce3d49684ca2d11b023896665b0b3daac8a9dcaa176,6,6,complete_fixed_behavior_discounted_return_not_vpi,99.43405463063405,2.47908616065979,16.017528660114195,13.538442499454405,96.95496846997426,83.41652597051986,-13.538442499454405,0.326647,0.324534,-0.0021130000000000315,0.02693200000000001,0.028133999999999992,0.0012019999999999809,4,4,False,4,4,False,4,4,False,4,4,False
ppo,7,dev_00_state_04,db2399dc4a1846b64b81f411e0237050b1ffd324fd9a4bd78478baf6f2a1e9df,6,6,complete_fixed_behavior_discounted_return_not_vpi,99.63275207083052,2.5009372234344482,15.98738410116568,13.486446877731233,97.13181484739607,83.64536796966485,-13.486446877731225,0.320013,0.316931,-0.0030819999999999736,0.01749400000000001,0.015198000000000045,-0.0022959999999999647,4,4,False,4,4,False,4,4,False,4,4,False
ppo,7,dev_00_state_05,b439a8ded6b7704f73b9af3aad6b5a11f4e642b89173768c49bca3fb2b8e11e1,6,6,complete_fixed_behavior_discounted_return_not_vpi,99.63275207083052,2.475081205368042,15.821743222615396,13.346662017247354,97.15767086546248,83.81100884821512,-13.346662017247354,0.264358,0.263466,-0.0008920000000000039,0.007496999999999976,0.005629999999999968,-0.0018670000000000075,4,4,False,4,4,False,4,4,False,4,4,False
ppo,7,dev_00_state_06,05d5cb2b4cdc84a07f67d30b6d40026f1ae9404889525cd1fd230abd3ad151ac,6,6,complete_fixed_behavior_discounted_return_not_vpi,99.98305426895568,2.5434961318969727,16.325134864058477,13.781638732161504,97.43955813705871,83.6579194048972,-13.781638732161511,0.328079,0.325228,-0.0028509999999999924,0.027259000000000033,0.026857999999999993,-0.0004010000000000402,4,4,False,4,4,False,4,4,False,4,4,False
ppo,7,dev_00_state_07,be44ebe79f69d66fa111d2fd9181f41a47efe8ab066cbd91663de162f21bfdca,6,6,complete_fixed_behavior_discounted_return_not_vpi,99.98305426895568,2.5434961318969727,16.325134864058477,13.781638732161504,97.43955813705871,83.6579194048972,-13.781638732161511,0.328079,0.325228,-0.0028509999999999924,0.027259000000000033,0.026857999999999993,-0.0004010000000000402,4,4,False,4,4,False,4,4,False,4,4,False
ppo,7,dev_00_state_08,54b81637eaa22690c2f9140cabc601d934d118af96613f57981add5ac63c1553,6,6,complete_fixed_behavior_discounted_return_not_vpi,99.63275207083052,2.5562984943389893,16.35508570040433,13.798787206065342,97.07645357649153,83.27766637042619,-13.798787206065342,0.326179,0.323305,-0.0028739999999999877,0.023639999999999994,0.022718000000000016,-0.0009219999999999784,4,4,False,4,4,False,4,4,False,4,4,False
ppo,7,dev_00_state_09,4c5424ef8068127f88abfde3c8019231c91f8960d17e43927afbffc74d0ef8a3,6,6,complete_fixed_behavior_discounted_return_not_vpi,99.98305426895568,2.4957668781280518,16.0198092819071,13.524042403779049,97.48728739082763,83.96324498704858,-13.524042403779049,0.319844,0.317084,-0.00276000000000004,0.016972000000000043,0.015495999999999954,-0.0014760000000000884,4,4,False,4,4,False,4,4,False,4,4,False
ppo,7,dev_00_state_10,56cb3633f940a0aa4754de669549dee3763dc62aa8d33e8feb481d858f69cc45,6,6,complete_fixed_behavior_discounted_return_not_vpi,99.98305426895568,2.4957668781280518,16.0198092819071,13.524042403779049,97.48728739082763,83.96324498704858,-13.524042403779049,0.319844,0.317084,-0.00276000000000004,0.016972000000000043,0.015495999999999954,-0.0014760000000000884,4,4,False,4,4,False,4,4,False,4,4,False
ppo,7,dev_00_state_11,616869b075de6c2da36a5545c9128137f476e5cb4f0ae4851e0c1b46d0deef42,6,6,complete_fixed_behavior_discounted_return_not_vpi,99.63275207083052,2.5063252449035645,16.03026071931638,13.523935474412816,97.12642682592696,83.60249135151415,-13.52393547441281,0.318153,0.315334,-0.002819000000000016,0.014012999999999998,0.011925000000000019,-0.0020879999999999788,4,4,False,4,4,False,4,4,False,4,4,False
ppo,7,dev_00_state_12,50772a9d479dd040bdfcd26f5a4e632848da15cc67dcf85fb3ae790c04749004,6,6,complete_fixed_behavior_discounted_return_not_vpi,100.22152414584981,2.5743191242218018,16.412363807327772,13.83804468310597,97.64720502162801,83.80916033852205,-13.838044683105963,0.328655,0.325347,-0.0033079999999999776,0.028144000000000002,0.026494000000000018,-0.0016499999999999848,4,4,False,4,4,False,4,4,False,4,4,False
ppo,7,dev_01_state_01,a4bbd832c514e8ecb281380734580807ec9ec04ce04b6be662dd729667c979e5,6,6,complete_fixed_behavior_discounted_return_not_vpi,75.65614047157035,2.4397263526916504,15.847278930447253,13.407552577755602,73.2164141188787,59.8088615411231,-13.407552577755602,0.266758,0.267248,0.0004899999999999904,0.0067889999999999895,0.008373999999999993,0.001585000000000003,4,4,False,4,4,False,4,4,False,4,4,False
ppo,7,dev_01_state_02,63fee8a32f4b1c8d4d78562135b7b123d9efca8ef1fd10c52757463ac3a4c28b,6,6,complete_fixed_behavior_discounted_return_not_vpi,99.13967366563787,2.4704689979553223,16.00690202700818,13.536433029052859,96.66920466768255,83.13277163862969,-13.536433029052859,0.267236,0.267474,0.00023800000000001598,0.006926999999999961,0.008158999999999972,0.0012320000000000109,4,4,False,4,4,False,4,4,False,4,4,False
ppo,7,dev_01_state_03,c559429297df4987fbb22dd07eedba631d6c671c0ff9130cbe932ee596739c54,6,6,complete_fixed_behavior_discounted_return_not_vpi,99.13967366563787,2.4819562435150146,16.110592499045374,13.62863625553036,96.65771742212286,83.0290811665925,-13.628636255530353,0.321571,0.319952,-0.0016189999999999816,0.01709299999999997,0.018405000000000005,0.0013120000000000354,4,4,False,4,4,False,4,4,False,4,4,False
ppo,7,dev_01_state_04,7358d67bd36c9a85cc6e8138adeb39b8726469ca30f20c1f0942cc3f76de4651,6,6,complete_fixed_behavior_discounted_return_not_vpi,99.35350480891441,2.463972806930542,15.940744056541632,13.47677124961109,96.88953200198387,83.41276075237278,-13.47677124961109,0.270147,0.269843,-0.00030400000000002647,0.012709000000000026,0.013095999999999997,0.0003869999999999707,4,4,False,4,4,False,4,4,False,4,4,False
ppo,7,dev_01_state_05,0763b046fa0b532b554b052e7a0878b9d194acdb61a7240efa1f797b157b13db,6,6,complete_fixed_behavior_discounted_return_not_vpi,99.35350480891441,2.4768617153167725,16.047687677366284,13.570825962049511,96.87664309359764,83.30581713154812,-13.570825962049511,0.325705,0.32341,-0.002295000000000047,0.024413000000000018,0.024692999999999965,0.00027999999999994696,4,4,False,4,4,False,4,4,False,4,4,False
ppo,7,dev_01_state_06,fd2e5861fe027bcb3635018576d2d5ce1b9b63d2b09ed94737c380749ee87049,6,6,complete_fixed_behavior_discounted_return_not_vpi,99.53944465087416,2.4462244510650635,15.82089104489691,13.374666593831847,97.0932201998091,83.71855360597725,-13.374666593831847,0.319555,0.316726,-0.0028289999999999704,0.017271999999999954,0.015643000000000018,-0.001628999999999936,4,4,False,4,4,False,4,4,False,4,4,False
ppo,7,dev_01_state_07,183ebb194b29cf885e5c212fd6e18171c5539439db50572f3120f6c0133c5049,6,6,complete_fixed_behavior_discounted_return_not_vpi,99.53944465087416,2.446869134902954,15.824323215694712,13.377454080791757,97.0925755159712,83.71512143517944,-13.377454080791765,0.319577,0.316743,-0.002834000000000003,0.01727899999999999,0.015633000000000008,-0.0016459999999999808,4,4,False,4,4,False,4,4,False,4,4,False
ppo,7,dev_01_state_08,d2bf64fb9b88e145885e5ed0f74f9f639967dd914d669e6f6d9e93f684a95a73,6,6,complete_fixed_behavior_discounted_return_not_vpi,99.72721960667732,2.536215305328369,16.31975985647027,13.783544551141901,97.19100430134895,83.40745975020705,-13.783544551141901,0.324956,0.322206,-0.00275000000000003,0.021431000000000033,0.020621,-0.0008100000000000329,4,4,False,4,4,False,4,4,False,4,4,False
ppo,7,dev_01_state_09,13fb32efb5dd998abdd32f46158b290acced91d28620d9d15377f2694497b912,6,6,complete_fixed_behavior_discounted_return_not_vpi,99.72721960667732,2.536215305328369,16.31975985647027,13.783544551141901,97.19100430134895,83.40745975020705,-13.783544551141901,0.324956,0.322206,-0.00275000000000003,0.021431000000000033,0.020621,-0.0008100000000000329,4,4,False,4,4,False,4,4,False,4,4,False
ppo,7,dev_01_state_10,501e02f271270613a795072dd11d6876f63160ede7c17cfbe7ee893e5b1aa82c,6,6,complete_fixed_behavior_discounted_return_not_vpi,99.53944465087416,2.5070788860321045,16.210117330289542,13.703038444257437,97.03236576484206,83.32932732058461,-13.703038444257444,0.324706,0.322297,-0.0024089999999999945,0.021359000000000017,0.021457000000000004,9.799999999998699e-05,4,4,False,4,4,False,4,4,False,4,4,False
ppo,7,dev_01_state_11,e0c6c2402de2864424b773d58c1fc72a6bc09419a54d0cbe2f5f07d795a22db3,6,6,complete_fixed_behavior_discounted_return_not_vpi,99.72721960667732,2.5365588665008545,16.32197574101987,13.785416874519015,97.19066074017647,83.40524386565745,-13.785416874519015,0.324974,0.322214,-0.0027599999999999847,0.021455999999999975,0.02063100000000001,-0.0008249999999999647,4,4,False,4,4,False,4,4,False,4,4,False
ppo,7,dev_01_state_12,87eae5e2295dff0be0c0317d62480330e70116056ccb6207b9f0f698ac011e38,6,6,complete_fixed_behavior_discounted_return_not_vpi,99.72721960667732,2.5365588665008545,16.32197574101987,13.785416874519015,97.19066074017647,83.40524386565745,-13.785416874519015,0.324974,0.322214,-0.0027599999999999847,0.021455999999999975,0.02063100000000001,-0.0008249999999999647,4,4,False,4,4,False,4,4,False,4,4,False
ppo,7,dev_02_state_01,aacd1cc47660f831ce532b266ce3478bb22e2c78d466e47472c937aafefcacfb,6,6,complete_fixed_behavior_discounted_return_not_vpi,75.58016750117106,2.3476760387420654,15.192963518205957,12.845287479463892,73.232491462429,60.387203982965104,-12.845287479463892,0.265027,0.265381,0.00035399999999996545,0.013582000000000038,0.013620999999999994,3.899999999995574e-05,4,4,False,4,4,False,4,4,False,4,4,False
ppo,7,dev_02_state_02,65837e8c4e1042b18b8987e46d37b1081f660135fc906dde8659dd34bcb25e18,6,6,complete_fixed_behavior_discounted_return_not_vpi,75.81651346531233,2.3506624698638916,15.202533810464324,12.851871340600432,73.46585099544843,60.613979654848,-12.851871340600432,0.267658,0.267554,-0.00010399999999999299,0.01840900000000001,0.018151,-0.0002580000000000082,4,4,False,4,4,False,4,4,False,4,4,False
ppo,7,dev_02_state_03,788bd1c71ab6c0f94f77fdf24a1874af9e74d3c3e59586a4d8fd42a2d4a722a2,6,6,complete_fixed_behavior_discounted_return_not_vpi,75.57148846531233,2.3498971462249756,15.231008380411275,12.8811112341863,73.22159131908735,60.34048008490105,-12.8811112341863,0.325099,0.323347,-0.0017520000000000313,0.03160300000000005,0.031845999999999985,0.0002429999999999377,4,4,False,4,4,False,4,4,False,4,4,False
ppo,7,dev_02_state_04,73424c66a5e9ad4241b9fb8e38cb02b30333c2e9611126a6c2f2661d805079c5,6,6,complete_fixed_behavior_discounted_return_not_vpi,75.76470591996298,2.426182985305786,15.6065374867119,13.180354501406114,73.33852293465719,60.15816843325108,-13.180354501406114,0.325349,0.322955,-0.0023940000000000072,0.02937099999999998,0.02825099999999997,-0.0011200000000000099,4,4,False,4,4,False,4,4,False,4,4,False
ppo,7,dev_02_state_05,07a0c6f5a831ee8a70a2e4f82ae69cc5df3eb3540cdda40dc84dfab435b8d8ac,6,6,complete_fixed_behavior_discounted_return_not_vpi,75.76470591996298,2.3593907356262207,15.17108308772557,12.81169235209935,73.40531518433676,60.59362283223741,-12.81169235209935,0.316016,0.313576,-0.0024399999999999977,0.018405000000000005,0.015780000000000016,-0.0026249999999999885,4,4,False,4,4,False,4,4,False,4,4,False
ppo,7,dev_02_state_06,cd47e258d721757c11ea4050f051bb017e502287edeba848b9bb4aed7aa04c14,6,6,complete_fixed_behavior_discounted_return_not_vpi,75.75848028252462,2.4436018466949463,15.661220344715538,13.217618498020592,73.31487843582967,60.09725993780908,-13.217618498020592,0.327526,0.324725,-0.002800999999999998,0.033214999999999995,0.03165699999999999,-0.0015580000000000038,4,4,False,4,4,False,4,4,False,4,4,False
ppo,7,dev_02_state_07,446e55a68c01f9b6b3d75b3584e53818ff209784976039bdb016348e222bb7bc,6,6,complete_fixed_behavior_discounted_return_not_vpi,75.75848028252462,2.3840785026550293,15.265105050848284,12.881026548193255,73.37440177986959,60.49337523167633,-12.881026548193255,0.318311,0.315405,-0.0029060000000000197,0.022150000000000003,0.019081000000000015,-0.0030689999999999884,4,4,False,4,4,False,4,4,False,4,4,False
ppo,7,dev_02_state_08,da66deba85e976a12ee91266832b3fe4996e44cc0333ff92fe0fb0072b304773,6,6,complete_fixed_behavior_discounted_return_not_vpi,75.76470591996298,2.354384660720825,15.134826905882989,12.780442245162163,73.41032125924215,60.62987901407999,-12.780442245162163,0.317122,0.314513,-0.002609000000000028,0.020545000000000035,0.017822000000000005,-0.002723000000000031,4,4,False,4,4,False,4,4,False,4,4,False
ppo,7,dev_02_state_09,9b17e313c9c022b073c532cab790a8e4bbbfb88e37c386bc4de0316793e72b69,6,6,complete_fixed_behavior_discounted_return_not_vpi,100.75270180026362,2.441715955734253,15.55866927668172,13.116953320947466,98.31098584452937,85.19403252358191,-13.11695332094746,0.271321,0.270115,-0.0012059999999999849,0.021684999999999982,0.01982499999999998,-0.0018600000000000005,4,4,False,4,4,False,4,4,False,4,4,False
ppo,7,dev_02_state_10,e6a58b6c7a7e16fa45b8c640dbd4b125a27da61dec2113082cdfa830027b3bfb,6,6,complete_fixed_behavior_discounted_return_not_vpi,75.75270180026362,2.441715955734253,15.55866927668172,13.116953320947466,73.31098584452937,60.1940325235819,-13.116953320947466,0.271321,0.270115,-0.0012059999999999849,0.021684999999999982,0.01982499999999998,-0.0018600000000000005,4,4,False,4,4,False,4,4,False,4,4,False
ppo,7,dev_02_state_11,5fbcd355ad6ef625fe912c4a3485f5db6bcdb20e7b2dcdd955d3fe332063d473,6,6,complete_fixed_behavior_discounted_return_not_vpi,75.75848028252462,2.434857130050659,15.58302135305781,13.14816422300715,73.32362315247396,60.17545892946681,-13.14816422300715,0.26959,0.268727,-0.0008630000000000027,0.018423000000000023,0.01717000000000002,-0.0012530000000000041,4,4,False,4,4,False,4,4,False,4,4,False
ppo,7,dev_02_state_12,fdd3f8ff3f38604c74d277ed795fde0f3d9fa09eb963e4d8820de9b76534d356,6,6,complete_fixed_behavior_discounted_return_not_vpi,100.50848028252462,2.434857130050659,15.58302135305781,13.14816422300715,98.07362315247396,84.9254589294668,-13.148164223007157,0.26959,0.268727,-0.0008630000000000027,0.018423000000000023,0.01717000000000002,-0.0012530000000000041,4,4,False,4,4,False,4,4,False,4,4,False
ppo,7,dev_03_state_01,62750fc5f603af0e58fc56236599571502c69cfa558f3283ab10e1bc858471ae,6,6,complete_fixed_behavior_discounted_return_not_vpi,75.32227037485364,2.3504834175109863,15.314522710053971,12.964039292542985,72.97178695734266,60.00774766479967,-12.964039292542985,0.264054,0.264993,0.0009389999999999676,0.010460999999999998,0.013594999999999968,0.00313399999999997,4,4,False,4,4,False,4,4,False,4,4,False
ppo,7,dev_03_state_02,49dc0c665e7c8d1673bc0818a98dec317568afa99b48ce13b276daf91fdf1003,6,6,complete_fixed_behavior_discounted_return_not_vpi,75.2654274086768,2.371478796005249,15.398128579319888,13.026649783314639,72.89394861267155,59.86729882935691,-13.026649783314639,0.265894,0.266486,0.0005919999999999814,0.013199000000000016,0.015757999999999994,0.002558999999999978,4,4,False,4,4,False,4,4,False,4,4,False
ppo,7,dev_03_state_03,5c249417d557afb821d09652c2ced9028d3dd95a2292007d63fec0a2af97227d,6,6,complete_fixed_behavior_discounted_return_not_vpi,75.2654274086768,2.4347798824310303,15.771120867212346,13.336340984781316,72.83064752624577,59.494306541464454,-13.336340984781316,0.323976,0.322729,-0.0012469999999999981,0.02579100000000001,0.02765899999999999,0.0018679999999999808,4,4,False,4,4,False,4,4,False,4,4,False
ppo,7,dev_03_state_04,f5f32654c6274248e0d209cab36df9f70fd51f283f1cd0807581b37e93a74a25,6,6,complete_fixed_behavior_discounted_return_not_vpi,75.46738204163074,2.295372247695923,14.915800975247457,12.620428727551534,73.17200979393482,60.551581066383285,-12.620428727551534,0.257649,0.258118,0.0004689999999999972,0.005850999999999995,0.006325999999999998,0.0004750000000000032,4,4,False,4,4,False,4,4,False,4,4,False
ppo,7,dev_03_state_05,6cc42ee25dea2b20e7ddf5c4193dae1de54521b21ce67836be05490494a0b931,6,6,complete_fixed_behavior_discounted_return_not_vpi,75.22963452915576,2.404219150543213,15.595153906833836,13.190934756290623,72.82541537861255,59.634480622321924,-13.190934756290623,0.268434,0.268489,5.499999999997174e-05,0.015755999999999992,0.01744499999999999,0.001688999999999996,4,4,False,4,4,False,4,4,False,4,4,False
ppo,7,dev_03_state_06,1217155fad78690dd6f9e30d323674dca8a13a10b95a50b6354593aed403e43d,6,6,complete_fixed_behavior_discounted_return_not_vpi,75.17185584736579,2.458944797515869,15.87841895398899,13.419474156473122,72.71291104984992,59.2934368933768,-13.419474156473122,0.326415,0.324246,-0.002169000000000032,0.030181999999999987,0.03148599999999996,0.0013039999999999718,4,4,False,4,4,False,4,4,False,4,4,False
ppo,7,dev_03_state_07,c9b593dfc8699de434ab870b13435c9305897d412b8dedc394c04fd20511d413,6,6,complete_fixed_behavior_discounted_return_not_vpi,75.22963452915576,2.3697378635406494,15.355938998213766,12.986201134673117,72.85989666561511,59.873695530941994,-12.986201134673117,0.317202,0.31547,-0.0017320000000000113,0.019282999999999995,0.01905699999999999,-0.00022600000000000398,4,4,False,4,4,False,4,4,False,4,4,False
ppo,7,dev_03_state_08,6b17f75e0e3f5de80f49678d788da5519dddc9cc9bd584c0ee650b8d7219e7b6,6,6,complete_fixed_behavior_discounted_return_not_vpi,75.4120048498658,2.4354097843170166,15.715626804053436,13.280217019736419,72.97659506554878,59.69637804581236,-13.280217019736419,0.32504,0.323536,-0.0015040000000000053,0.028557999999999972,0.030785000000000007,0.0022270000000000345,4,4,False,4,4,False,4,4,False,4,4,False
ppo,7,dev_03_state_09,0ccde0ef6c389b7341f4f1ea7beb149b259aad13dd1630dab7db376142e1073a,6,6,complete_fixed_behavior_discounted_return_not_vpi,75.46738204163074,2.2869207859039307,14.87013982231057,12.58321903640664,73.18046125572681,60.59724221932017,-12.58321903640664,0.258298,0.258604,0.00030599999999997296,0.007738000000000023,0.008126999999999995,0.0003889999999999727,4,4,False,4,4,False,4,4,False,4,4,False
ppo,7,dev_03_state_10,ebe2739e96e527d82f495d7e680acc3138491d2e16ff51c3923b53550c15ae25,6,6,complete_fixed_behavior_discounted_return_not_vpi,74.92928109736579,2.493253707885742,16.064768896377004,13.571515188491261,72.43602738948005,58.864512200988784,-13.571515188491261,0.327467,0.324897,-0.0025700000000000167,0.030279,0.030262999999999984,-1.6000000000016e-05,4,4,False,4,4,False,4,4,False,4,4,False
ppo,7,dev_03_state_11,6f4069e08051d555eb68fe1fc24e55e73bd96f49eec834dcd284e6fcc78d573c,6,6,complete_fixed_behavior_discounted_return_not_vpi,75.39606346424462,2.4191267490386963,15.581322651643973,13.162195902605276,72.97693671520592,59.81474081260065,-13.162195902605276,0.267983,0.268009,2.599999999997049e-05,0.014924000000000048,0.016620999999999997,0.0016969999999999485,4,4,False,4,4,False,4,4,False,4,4,False
ppo,7,dev_03_state_12,3280b55b15e26af81785ba01c8673bf4d36b50b213800bb4ae9d9639e7519111,6,6,complete_fixed_behavior_discounted_return_not_vpi,74.92928109736579,2.44303822517395,15.764486799209266,13.321448574035315,72.48624287219184,59.16479429815652,-13.321448574035315,0.269307,0.269032,-0.0002750000000000252,0.015695000000000014,0.017123,0.0014279999999999848,4,4,False,4,4,False,4,4,False,4,4,False
ppo,17,dev_00_state_01,2cb31cda5fedadef13eb6ef29f9fb864a9636c64a8a0b599c358ab8e79aa2f2e,12,6,complete_fixed_behavior_discounted_return_not_vpi,99.16542974483956,5.872099876403809,18.509345159507752,12.637245283103944,93.29332986843575,80.6560845853318,-12.637245283103951,0.276867,0.3072,0.030333,0.006077999999999972,-0.031225000000000003,-0.037302999999999975,4,0,True,4,0,True,4,0,True,4,0,True
ppo,17,dev_00_state_02,4fe79a7d2f5b835a26cde6caefb444f6301c270d44971bde40489a612dd2b391,12,6,complete_fixed_behavior_discounted_return_not_vpi,99.43405463063405,5.860939025878906,18.31467275508455,12.453733729205645,93.57311560475515,81.1193818755495,-12.453733729205652,0.275176,0.30516,0.02998400000000001,0.0048459999999999614,-0.030017000000000016,-0.03486299999999998,4,0,True,4,0,True,4,0,True,4,0,True
ppo,17,dev_00_state_03,c47e6b288039285428aafce3d49684ca2d11b023896665b0b3daac8a9dcaa176,12,6,complete_fixed_behavior_discounted_return_not_vpi,99.43405463063405,5.888350486755371,18.84735163111361,12.95900114435824,93.54570414387868,80.58670299952044,-12.95900114435824,0.32937,0.354269,0.024899000000000004,0.003471000000000002,-0.03865000000000002,-0.04212100000000002,4,0,True,4,0,True,4,0,True,4,0,True
ppo,17,dev_00_state_04,db2399dc4a1846b64b81f411e0237050b1ffd324fd9a4bd78478baf6f2a1e9df,12,6,complete_fixed_behavior_discounted_return_not_vpi,99.63275207083052,5.890682220458984,19.00483170688228,13.114149486423294,93.74206985037154,80.62792036394825,-13.114149486423287,0.325586,0.350855,0.025268999999999986,-0.002846000000000015,-0.04600900000000002,-0.04316300000000001,0,0,False,0,0,False,0,0,False,0,0,False
ppo,17,dev_00_state_05,b439a8ded6b7704f73b9af3aad6b5a11f4e642b89173768c49bca3fb2b8e11e1,12,6,complete_fixed_behavior_discounted_return_not_vpi,99.63275207083052,5.860864162445068,18.441776486367957,12.580912323922888,93.77188790838545,81.19097558446256,-12.580912323922888,0.271339,0.302767,0.03142800000000001,-0.0026579999999999937,-0.036926000000000014,-0.03426800000000002,0,0,False,0,0,False,0,0,False,0,0,False
ppo,17,dev_00_state_06,05d5cb2b4cdc84a07f67d30b6d40026f1ae9404889525cd1fd230abd3ad151ac,12,6,complete_fixed_behavior_discounted_return_not_vpi,99.98305426895568,5.902054786682129,19.110775737881916,13.208720951199787,94.08099948227355,80.87227853107376,-13.208720951199794,0.330707,0.355884,0.025177000000000005,0.004440999999999973,-0.03941600000000001,-0.04385699999999998,4,0,True,4,0,True,4,0,True,4,0,True
ppo,17,dev_00_state_07,be44ebe79f69d66fa111d2fd9181f41a47efe8ab066cbd91663de162f21bfdca,12,6,complete_fixed_behavior_discounted_return_not_vpi,99.98305426895568,5.902054786682129,19.110775737881916,13.208720951199787,94.08099948227355,80.87227853107376,-13.208720951199794,0.330707,0.355884,0.025177000000000005,0.004440999999999973,-0.03941600000000001,-0.04385699999999998,4,0,True,4,0,True,4,0,True,4,0,True
ppo,17,dev_00_state_08,54b81637eaa22690c2f9140cabc601d934d118af96613f57981add5ac63c1553,12,6,complete_fixed_behavior_discounted_return_not_vpi,99.63275207083052,5.910313606262207,19.27904241165256,13.368728805390354,93.72243846456831,80.35370965917795,-13.368728805390361,0.332561,0.357607,0.025046000000000013,0.0066990000000000105,-0.039908,-0.04660700000000001,4,0,True,4,0,True,4,0,True,4,0,True
ppo,17,dev_00_state_09,4c5424ef8068127f88abfde3c8019231c91f8960d17e43927afbffc74d0ef8a3,12,6,complete_fixed_behavior_discounted_return_not_vpi,99.98305426895568,5.884795665740967,18.915524386967668,13.030728721226701,94.09825860321472,81.06752988198801,-13.030728721226708,0.323727,0.349098,0.025371000000000032,-0.005850000000000022,-0.047165999999999986,-0.041315999999999964,0,0,False,0,0,False,0,0,False,0,0,False
ppo,17,dev_00_state_10,56cb3633f940a0aa4754de669549dee3763dc62aa8d33e8feb481d858f69cc45,12,6,complete_fixed_behavior_discounted_return_not_vpi,99.98305426895568,5.884795665740967,18.915524386967668,13.030728721226701,94.09825860321472,81.06752988198801,-13.030728721226708,0.323727,0.349098,0.025371000000000032,-0.005850000000000022,-0.047165999999999986,-0.041315999999999964,0,0,False,0,0,False,0,0,False,0,0,False
ppo,17,dev_00_state_11,616869b075de6c2da36a5545c9128137f476e5cb4f0ae4851e0c1b46d0deef42,12,6,complete_fixed_behavior_discounted_return_not_vpi,99.63275207083052,5.895427703857422,19.10049706449898,13.20506936064156,93.7373243669731,80.53225500633154,-13.20506936064156,0.326065,0.351056,0.024990999999999985,-0.002894999999999981,-0.04751700000000003,-0.04462200000000005,0,0,False,0,0,False,0,0,False,0,0,False
ppo,17,dev_00_state_12,50772a9d479dd040bdfcd26f5a4e632848da15cc67dcf85fb3ae790c04749004,12,6,complete_fixed_behavior_discounted_return_not_vpi,100.22152414584981,5.90999698638916,19.2680254349322,13.358028448543038,94.31152715946065,80.95349871091761,-13.358028448543038,0.332055,0.357384,0.02532899999999999,0.006002999999999981,-0.039529000000000036,-0.04553200000000002,4,0,True,4,0,True,4,0,True,4,0,True
ppo,17,dev_01_state_01,a4bbd832c514e8ecb281380734580807ec9ec04ce04b6be662dd729667c979e5,12,6,complete_fixed_behavior_discounted_return_not_vpi,75.65614047157035,5.861656665802002,18.312295628352643,12.450638962550642,69.79448380576835,57.34384484321771,-12.450638962550642,0.277098,0.307762,0.03066399999999997,0.008259000000000016,-0.026094000000000006,-0.03435300000000002,4,0,True,4,0,True,4,0,True,4,0,True
ppo,17,dev_01_state_02,63fee8a32f4b1c8d4d78562135b7b123d9efca8ef1fd10c52757463ac3a4c28b,12,6,complete_fixed_behavior_discounted_return_not_vpi,99.13967366563787,5.8669328689575195,18.410432253578243,12.543499384620723,93.27274079668035,80.72924141205962,-12.54349938462073,0.276027,0.306023,0.029995999999999967,0.004978000000000038,-0.03193699999999999,-0.03691500000000003,4,0,True,4,0,True,4,0,True,4,0,True
ppo,17,dev_01_state_03,c559429297df4987fbb22dd07eedba631d6c671c0ff9130cbe932ee596739c54,12,6,complete_fixed_behavior_discounted_return_not_vpi,99.13967366563787,5.894208908081055,18.95992767846233,13.065718770381274,93.24546475755682,80.17974598717555,-13.065718770381267,0.330406,0.354716,0.02431,0.004676999999999987,-0.040185000000000026,-0.04486200000000001,4,0,True,4,0,True,4,0,True,4,0,True
ppo,17,dev_01_state_04,7358d67bd36c9a85cc6e8138adeb39b8726469ca30f20c1f0942cc3f76de4651,12,6,complete_fixed_behavior_discounted_return_not_vpi,99.35350480891441,5.862734794616699,18.339734761132554,12.476999966515855,93.49077001429771,81.01377004778186,-12.476999966515848,0.276592,0.308125,0.03153299999999998,0.007771000000000028,-0.02477600000000002,-0.03254700000000005,4,0,True,4,0,True,4,0,True,4,0,True
ppo,17,dev_01_state_05,0763b046fa0b532b554b052e7a0878b9d194acdb61a7240efa1f797b157b13db,12,6,complete_fixed_behavior_discounted_return_not_vpi,99.35350480891441,5.892158508300781,18.92282045312359,13.03066194482281,93.46134630061363,80.43068435579082,-13.03066194482281,0.331311,0.357545,0.02623399999999998,0.007474000000000036,-0.03296100000000002,-0.040435000000000054,4,0,True,4,0,True,4,0,True,4,0,True
ppo,17,dev_01_state_06,fd2e5861fe027bcb3635018576d2d5ce1b9b63d2b09ed94737c380749ee87049,12,6,complete_fixed_behavior_discounted_return_not_vpi,99.53944465087416,5.875447750091553,18.734029300411436,12.858581550319883,93.6639969007826,80.80541535046272,-12.858581550319883,0.324112,0.350931,0.026818999999999982,-0.0031569999999999654,-0.04060200000000003,-0.03744500000000006,0,0,False,0,0,False,0,0,False,0,0,False
ppo,17,dev_01_state_07,183ebb194b29cf885e5c212fd6e18171c5539439db50572f3120f6c0133c5049,12,6,complete_fixed_behavior_discounted_return_not_vpi,99.53944465087416,5.875622272491455,18.737268469298563,12.861646196807108,93.6638223783827,80.80217618157559,-12.861646196807115,0.324141,0.350944,0.026802999999999966,-0.003106999999999971,-0.040598999999999996,-0.037492000000000025,0,0,False,0,0,False,0,0,False,0,0,False
ppo,17,dev_01_state_08,d2bf64fb9b88e145885e5ed0f74f9f639967dd914d669e6f6d9e93f684a95a73,12,6,complete_fixed_behavior_discounted_return_not_vpi,99.72721960667732,5.905579090118408,19.169956267708322,13.264377177589914,93.82164051655892,80.557263338969,-13.264377177589921,0.332843,0.359092,0.026249000000000022,0.008178000000000019,-0.034738999999999964,-0.04291699999999998,4,0,True,4,0,True,4,0,True,4,0,True
ppo,17,dev_01_state_09,13fb32efb5dd998abdd32f46158b290acced91d28620d9d15377f2694497b912,12,6,complete_fixed_behavior_discounted_return_not_vpi,99.72721960667732,5.905579090118408,19.169956267708322,13.264377177589914,93.82164051655892,80.557263338969,-13.264377177589921,0.332843,0.359092,0.026249000000000022,0.008178000000000019,-0.034738999999999964,-0.04291699999999998,4,0,True,4,0,True,4,0,True,4,0,True
ppo,17,dev_01_state_10,501e02f271270613a795072dd11d6876f63160ede7c17cfbe7ee893e5b1aa82c,12,6,complete_fixed_behavior_discounted_return_not_vpi,99.53944465087416,5.898903846740723,19.03452225628932,13.135618409548599,93.64054080413344,80.50492239458484,-13.135618409548599,0.33178,0.357815,0.026034999999999975,0.007168000000000008,-0.03471400000000002,-0.04188200000000003,4,0,True,4,0,True,4,0,True,4,0,True
ppo,17,dev_01_state_11,e0c6c2402de2864424b773d58c1fc72a6bc09419a54d0cbe2f5f07d795a22db3,12,6,complete_fixed_behavior_discounted_return_not_vpi,99.72721960667732,5.905693054199219,19.17152689253924,13.265833838340022,93.8215265524781,80.55569271413808,-13.26583383834003,0.332852,0.359098,0.02624599999999999,0.008183999999999969,-0.03476100000000004,-0.04294500000000001,4,0,True,4,0,True,4,0,True,4,0,True
ppo,17,dev_01_state_12,87eae5e2295dff0be0c0317d62480330e70116056ccb6207b9f0f698ac011e38,12,6,complete_fixed_behavior_discounted_return_not_vpi,99.72721960667732,5.905693054199219,19.17152689253924,13.265833838340022,93.8215265524781,80.55569271413808,-13.26583383834003,0.332852,0.359098,0.02624599999999999,0.008183999999999969,-0.03476100000000004,-0.04294500000000001,4,0,True,4,0,True,4,0,True,4,0,True
ppo,17,dev_02_state_01,aacd1cc47660f831ce532b266ce3478bb22e2c78d466e47472c937aafefcacfb,12,6,complete_fixed_behavior_discounted_return_not_vpi,75.58016750117106,5.833160877227783,17.80474183472637,11.971580957498588,69.74700662394328,57.77542566644469,-11.971580957498588,0.274591,0.303213,0.028622000000000036,0.009261999999999992,-0.023146999999999973,-0.032408999999999966,4,0,True,4,0,True,4,0,True,4,0,True
ppo,17,dev_02_state_02,65837e8c4e1042b18b8987e46d37b1081f660135fc906dde8659dd34bcb25e18,12,6,complete_fixed_behavior_discounted_return_not_vpi,75.81651346531233,5.824560642242432,17.675054896336064,11.850494254093633,69.9919528230699,58.14145856897626,-11.850494254093633,0.273232,0.301843,0.028610999999999998,0.008346999999999993,-0.021875000000000033,-0.030222000000000027,4,0,True,4,0,True,4,0,True,4,0,True
ppo,17,dev_02_state_03,788bd1c71ab6c0f94f77fdf24a1874af9e74d3c3e59586a4d8fd42a2d4a722a2,12,6,complete_fixed_behavior_discounted_return_not_vpi,75.57148846531233,5.863922119140625,18.371984047480005,12.50806192833938,69.7075663461717,57.19950441783232,-12.50806192833938,0.328499,0.353594,0.025095000000000034,0.0070049999999999835,-0.030564999999999953,-0.03756999999999994,4,0,True,4,0,True,4,0,True,4,0,True
ppo,17,dev_02_state_04,73424c66a5e9ad4241b9fb8e38cb02b30333c2e9611126a6c2f2661d805079c5,12,6,complete_fixed_behavior_discounted_return_not_vpi,75.76470591996298,5.882110595703125,18.690547209534593,12.808436613831468,69.88259532425985,57.074158710428385,-12.808436613831468,0.33002,0.355211,0.02519100000000002,0.007489999999999997,-0.03271299999999999,-0.04020299999999999,4,0,True,4,0,True,4,0,True,4,0,True
ppo,17,dev_02_state_05,07a0c6f5a831ee8a70a2e4f82ae69cc5df3eb3540cdda40dc84dfab435b8d8ac,12,6,complete_fixed_behavior_discounted_return_not_vpi,75.76470591996298,5.8607707023620605,18.476777326668753,12.616006624306692,69.90393521760092,57.287928593294225,-12.616006624306692,0.322128,0.347823,0.025694999999999968,-0.003917999999999977,-0.04097299999999998,-0.037055000000000005,0,0,False,0,0,False,0,0,False,0,0,False
ppo,17,dev_02_state_06,cd47e258d721757c11ea4050f051bb017e502287edeba848b9bb4aed7aa04c14,12,6,complete_fixed_behavior_discounted_return_not_vpi,75.75848028252462,5.881321907043457,18.670853727003973,12.789531819960516,69.87715837548116,57.08762655552064,-12.789531819960516,0.329698,0.355179,0.02548100000000003,0.007019999999999971,-0.03209999999999996,-0.03911999999999993,4,0,True,4,0,True,4,0,True,4,0,True
ppo,17,dev_02_state_07,446e55a68c01f9b6b3d75b3584e53818ff209784976039bdb016348e222bb7bc,12,6,complete_fixed_behavior_discounted_return_not_vpi,75.75848028252462,5.858473777770996,18.437269340466244,12.578795562695248,69.90000650475362,57.32121094205837,-12.578795562695248,0.321691,0.347659,0.02596799999999999,-0.004508000000000012,-0.04024899999999998,-0.03574099999999997,0,0,False,0,0,False,0,0,False,0,0,False
ppo,17,dev_02_state_08,da66deba85e976a12ee91266832b3fe4996e44cc0333ff92fe0fb0072b304773,12,6,complete_fixed_behavior_discounted_return_not_vpi,75.76470591996298,5.857291221618652,18.41844634072934,12.561155119110687,69.90741469834433,57.34625957923364,-12.561155119110687,0.321823,0.347671,0.025847999999999982,-0.0038089999999999513,-0.040026000000000006,-0.036217000000000055,0,0,False,0,0,False,0,0,False,0,0,False
ppo,17,dev_02_state_09,9b17e313c9c022b073c532cab790a8e4bbbfb88e37c386bc4de0316793e72b69,12,6,complete_fixed_behavior_discounted_return_not_vpi,100.75270180026362,5.851872444152832,18.106601983561262,12.25472953940843,94.90082935611079,82.64609981670236,-12.25472953940843,0.274797,0.306058,0.03126099999999998,0.007857000000000003,-0.021484000000000003,-0.029341000000000006,4,0,True,4,0,True,4,0,True,4,0,True
ppo,17,dev_02_state_10,e6a58b6c7a7e16fa45b8c640dbd4b125a27da61dec2113082cdfa830027b3bfb,12,6,complete_fixed_behavior_discounted_return_not_vpi,75.75270180026362,5.851872444152832,18.106601983561262,12.25472953940843,69.90082935611079,57.64609981670236,-12.25472953940843,0.274797,0.306058,0.03126099999999998,0.007857000000000003,-0.021484000000000003,-0.029341000000000006,4,0,True,4,0,True,4,0,True,4,0,True
ppo,17,dev_02_state_11,5fbcd355ad6ef625fe912c4a3485f5db6bcdb20e7b2dcdd955d3fe332063d473,12,6,complete_fixed_behavior_discounted_return_not_vpi,75.75848028252462,5.848677635192871,18.031650884622444,12.182973249429573,69.90980264733174,57.72682939790217,-12.182973249429573,0.27443,0.304555,0.030125000000000013,0.006541000000000019,-0.024735000000000007,-0.031276000000000026,4,0,True,4,0,True,4,0,True,4,0,True
ppo,17,dev_02_state_12,fdd3f8ff3f38604c74d277ed795fde0f3d9fa09eb963e4d8820de9b76534d356,12,6,complete_fixed_behavior_discounted_return_not_vpi,100.50848028252462,5.848677635192871,18.031650884622444,12.182973249429573,94.65980264733174,82.47682939790218,-12.182973249429565,0.27443,0.304555,0.030125000000000013,0.006541000000000019,-0.024735000000000007,-0.031276000000000026,4,0,True,4,0,True,4,0,True,4,0,True
ppo,17,dev_03_state_01,62750fc5f603af0e58fc56236599571502c69cfa558f3283ab10e1bc858471ae,12,6,complete_fixed_behavior_discounted_return_not_vpi,75.32227037485364,5.8196516036987305,17.62659246839751,11.806940864698781,69.50261877115491,57.69567790645613,-11.806940864698781,0.272494,0.29996,0.02746599999999999,0.003059000000000034,-0.02981499999999998,-0.032874000000000014,4,0,True,4,0,True,4,0,True,4,0,True
ppo,17,dev_03_state_02,49dc0c665e7c8d1673bc0818a98dec317568afa99b48ce13b276daf91fdf1003,12,6,complete_fixed_behavior_discounted_return_not_vpi,75.2654274086768,5.824115753173828,17.697797278547704,11.873681525373875,69.44131165550297,57.567630130129096,-11.873681525373875,0.272933,0.301125,0.028191999999999995,0.0036049999999999693,-0.028534000000000004,-0.03213899999999997,4,0,True,4,0,True,4,0,True,4,0,True
ppo,17,dev_03_state_03,5c249417d557afb821d09652c2ced9028d3dd95a2292007d63fec0a2af97227d,12,6,complete_fixed_behavior_discounted_return_not_vpi,75.2654274086768,5.875716209411621,18.606058488018682,12.730342278607061,69.38971119926518,56.65936892065812,-12.730342278607061,0.32914,0.352258,0.023118000000000027,0.004904999999999993,-0.03752099999999997,-0.042425999999999964,4,0,True,4,0,True,4,0,True,4,0,True
ppo,17,dev_03_state_04,f5f32654c6274248e0d209cab36df9f70fd51f283f1cd0807581b37e93a74a25,12,6,complete_fixed_behavior_discounted_return_not_vpi,75.46738204163074,5.797615051269531,17.498234260703633,11.700619209434102,69.66976699036121,57.96914778092711,-11.700619209434102,0.266073,0.294716,0.028642999999999974,-0.005367999999999984,-0.033533000000000035,-0.02816500000000005,0,0,False,0,0,False,0,0,False,0,0,False
ppo,17,dev_03_state_05,6cc42ee25dea2b20e7ddf5c4193dae1de54521b21ce67836be05490494a0b931,12,6,complete_fixed_behavior_discounted_return_not_vpi,75.22963452915576,5.84553337097168,18.001156274760106,12.155622903788426,69.38410115818408,57.228478254395654,-12.155622903788426,0.274177,0.303427,0.029249999999999998,0.0036579999999999946,-0.02984199999999998,-0.033499999999999974,4,0,True,4,0,True,4,0,True,4,0,True
ppo,17,dev_03_state_06,1217155fad78690dd6f9e30d323674dca8a13a10b95a50b6354593aed403e43d,12,6,complete_fixed_behavior_discounted_return_not_vpi,75.17185584736579,5.884745121002197,18.721907336787062,12.837162215784865,69.2871107263636,56.44994851057873,-12.837162215784865,0.329493,0.354167,0.02467400000000003,0.0030689999999999884,-0.03863299999999997,-0.04170199999999996,4,0,True,4,0,True,4,0,True,4,0,True
ppo,17,dev_03_state_07,c9b593dfc8699de434ab870b13435c9305897d412b8dedc394c04fd20511d413,12,6,complete_fixed_behavior_discounted_return_not_vpi,75.22963452915576,5.855472087860107,18.395033994421894,12.539561906561786,69.37416244129565,56.834600534733866,-12.539561906561786,0.321901,0.345915,0.02401399999999998,-0.004659000000000024,-0.042966000000000004,-0.03830699999999998,0,0,False,0,0,False,0,0,False,0,0,False
ppo,17,dev_03_state_08,6b17f75e0e3f5de80f49678d788da5519dddc9cc9bd584c0ee650b8d7219e7b6,12,6,complete_fixed_behavior_discounted_return_not_vpi,75.4120048498658,5.873966217041016,18.559021442011876,12.68505522497086,69.53803863282478,56.85298340785392,-12.68505522497086,0.328813,0.353544,0.024731000000000003,0.003072000000000019,-0.03674499999999997,-0.03981699999999999,4,0,True,4,0,True,4,0,True,4,0,True
ppo,17,dev_03_state_09,0ccde0ef6c389b7341f4f1ea7beb149b259aad13dd1630dab7db376142e1073a,12,6,complete_fixed_behavior_discounted_return_not_vpi,75.46738204163074,5.790284156799316,17.38937064947592,11.599086492676605,69.67709788483143,58.07801139215482,-11.599086492676605,0.265601,0.294201,0.028600000000000014,-0.0050040000000000084,-0.03218300000000002,-0.02717900000000001,0,0,False,0,0,False,0,0,False,0,0,False
ppo,17,dev_03_state_10,ebe2739e96e527d82f495d7e680acc3138491d2e16ff51c3923b53550c15ae25,12,6,complete_fixed_behavior_discounted_return_not_vpi,74.92928109736579,5.893767833709717,18.903527402450116,13.0097595687404,69.03551326365607,56.02575369491567,-13.0097595687404,0.3312,0.355207,0.024007,0.006197000000000008,-0.037629000000000024,-0.04382600000000003,4,0,True,4,0,True,4,0,True,4,0,True
ppo,17,dev_03_state_11,6f4069e08051d555eb68fe1fc24e55e73bd96f49eec834dcd284e6fcc78d573c,12,6,complete_fixed_behavior_discounted_return_not_vpi,75.39606346424462,5.840790748596191,17.963715111350147,12.122924362753956,69.55527271564843,57.43234835289447,-12.122924362753956,0.274078,0.303819,0.029741000000000017,0.003552999999999973,-0.028310000000000002,-0.031862999999999975,4,0,True,4,0,True,4,0,True,4,0,True
ppo,17,dev_03_state_12,3280b55b15e26af81785ba01c8673bf4d36b50b213800bb4ae9d9639e7519111,12,6,complete_fixed_behavior_discounted_return_not_vpi,74.92928109736579,5.855950355529785,18.162182858674733,12.306232503144948,69.073330741836,56.767098238691055,-12.306232503144948,0.275329,0.305302,0.029973000000000027,0.0035540000000000016,-0.030791999999999986,-0.03434599999999999,4,0,True,4,0,True,4,0,True,4,0,True
ppo,29,dev_00_state_01,2cb31cda5fedadef13eb6ef29f9fb864a9636c64a8a0b599c358ab8e79aa2f2e,6,6,complete_fixed_behavior_discounted_return_not_vpi,99.16542974483956,2.5522656440734863,15.211432287654432,12.659166643580946,96.61316410076607,83.95399745718512,-12.659166643580946,0.230142,0.236988,0.006845999999999991,-0.04350399999999999,-0.04123999999999997,0.002264000000000016,0,0,False,0,0,False,0,0,False,0,0,False
ppo,29,dev_00_state_02,4fe79a7d2f5b835a26cde6caefb444f6301c270d44971bde40489a612dd2b391,6,6,complete_fixed_behavior_discounted_return_not_vpi,99.43405463063405,2.5299229621887207,15.124437222938937,12.594514260750216,96.90413166844533,84.30961740769511,-12.594514260750216,0.228631,0.235018,0.006387000000000004,-0.044855000000000006,-0.04297899999999999,0.0018760000000000165,0,0,False,0,0,False,0,0,False,0,0,False
ppo,29,dev_00_state_03,c47e6b288039285428aafce3d49684ca2d11b023896665b0b3daac8a9dcaa176,6,6,complete_fixed_behavior_discounted_return_not_vpi,99.43405463063405,2.5503852367401123,15.204759808097194,12.654374571357081,96.88366939389394,84.22929482253686,-12.654374571357081,0.292773,0.298007,0.005234000000000016,-0.05920700000000001,-0.05643499999999996,0.002772000000000052,0,0,False,0,0,False,0,0,False,0,0,False
ppo,29,dev_00_state_04,db2399dc4a1846b64b81f411e0237050b1ffd324fd9a4bd78478baf6f2a1e9df,6,6,complete_fixed_behavior_discounted_return_not_vpi,99.63275207083052,2.5328333377838135,15.020834140873909,12.488000803090095,97.0999187330467,84.6119179299566,-12.488000803090102,0.286944,0.291951,0.005007000000000039,-0.06999100000000003,-0.06806899999999999,0.0019220000000000348,0,0,False,0,0,False,0,0,False,0,0,False
ppo,29,dev_00_state_05,b439a8ded6b7704f73b9af3aad6b5a11f4e642b89173768c49bca3fb2b8e11e1,6,6,complete_fixed_behavior_discounted_return_not_vpi,99.63275207083052,2.5000758171081543,14.87992751163761,12.379851694529457,97.13267625372237,84.7528245591929,-12.379851694529464,0.224097,0.230352,0.0062550000000000106,-0.05318800000000001,-0.05231999999999998,0.0008680000000000354,0,0,False,0,0,False,0,0,False,0,0,False
ppo,29,dev_00_state_06,05d5cb2b4cdc84a07f67d30b6d40026f1ae9404889525cd1fd230abd3ad151ac,6,6,complete_fixed_behavior_discounted_return_not_vpi,99.98305426895568,2.5745842456817627,15.310733053572832,12.73614880789107,97.40847002327392,84.67232121538285,-12.73614880789107,0.293515,0.299457,0.005941999999999947,-0.06052099999999999,-0.05698800000000004,0.003532999999999953,0,0,False,0,0,False,0,0,False,0,0,False
ppo,29,dev_00_state_07,be44ebe79f69d66fa111d2fd9181f41a47efe8ab066cbd91663de162f21bfdca,6,6,complete_fixed_behavior_discounted_return_not_vpi,99.98305426895568,2.5745842456817627,15.310733053572832,12.73614880789107,97.40847002327392,84.67232121538285,-12.73614880789107,0.293515,0.299457,0.005941999999999947,-0.06052099999999999,-0.05698800000000004,0.003532999999999953,0,0,False,0,0,False,0,0,False,0,0,False
ppo,29,dev_00_state_08,54b81637eaa22690c2f9140cabc601d934d118af96613f57981add5ac63c1553,6,6,complete_fixed_behavior_discounted_return_not_vpi,99.63275207083052,2.5809781551361084,15.303565219287407,12.722587064151298,97.05177391569441,84.32918685154311,-12.722587064151298,0.293998,0.300365,0.0063670000000000115,-0.05980099999999999,-0.05583199999999999,0.003969,0,0,False,0,0,False,0,0,False,0,0,False
ppo,29,dev_00_state_09,4c5424ef8068127f88abfde3c8019231c91f8960d17e43927afbffc74d0ef8a3,6,6,complete_fixed_behavior_discounted_return_not_vpi,99.98305426895568,2.550903081893921,15.16046316904962,12.6095600871557,97.43215118706176,84.82259109990606,-12.6095600871557,0.288652,0.293825,0.005172999999999983,-0.06826399999999999,-0.06631900000000002,0.0019449999999999745,0,0,False,0,0,False,0,0,False,0,0,False
ppo,29,dev_00_state_10,56cb3633f940a0aa4754de669549dee3763dc62aa8d33e8feb481d858f69cc45,6,6,complete_fixed_behavior_discounted_return_not_vpi,99.98305426895568,2.550903081893921,15.16046316904962,12.6095600871557,97.43215118706176,84.82259109990606,-12.6095600871557,0.288652,0.293825,0.005172999999999983,-0.06826399999999999,-0.06631900000000002,0.0019449999999999745,0,0,False,0,0,False,0,0,False,0,0,False
ppo,29,dev_00_state_11,616869b075de6c2da36a5545c9128137f476e5cb4f0ae4851e0c1b46d0deef42,6,6,complete_fixed_behavior_discounted_return_not_vpi,99.63275207083052,2.5582518577575684,15.153790368516148,12.59553851075858,97.07450021307295,84.47896170231436,-12.595538510758587,0.289145,0.294778,0.005632999999999999,-0.06748399999999999,-0.065023,0.002460999999999991,0,0,False,0,0,False,0,0,False,0,0,False
ppo,29,dev_00_state_12,50772a9d479dd040bdfcd26f5a4e632848da15cc67dcf85fb3ae790c04749004,6,6,complete_fixed_behavior_discounted_return_not_vpi,100.22152414584981,2.5561647415161133,15.179588670869997,12.623423929353883,97.6653594043337,85.04193547497982,-12.623423929353876,0.292428,0.298671,0.0062429999999999986,-0.06251399999999996,-0.05867499999999998,0.0038389999999999813,0,0,False,0,0,False,0,0,False,0,0,False
ppo,29,dev_01_state_01,a4bbd832c514e8ecb281380734580807ec9ec04ce04b6be662dd729667c979e5,6,6,complete_fixed_behavior_discounted_return_not_vpi,75.65614047157035,2.553264617919922,15.245482145159379,12.692217527239457,73.10287585365043,60.410658326410974,-12.692217527239457,0.229773,0.23655,0.006777000000000005,-0.04263,-0.040597999999999995,0.002032000000000006,0,0,False,0,0,False,0,0,False,0,0,False
ppo,29,dev_01_state_02,63fee8a32f4b1c8d4d78562135b7b123d9efca8ef1fd10c52757463ac3a4c28b,6,6,complete_fixed_behavior_discounted_return_not_vpi,99.13967366563787,2.5334970951080322,15.149506716451647,12.616009621343615,96.60617657052984,83.99016694918623,-12.616009621343608,0.229448,0.236148,0.006699999999999984,-0.04267999999999997,-0.04078899999999999,0.001890999999999976,0,0,False,0,0,False,0,0,False,0,0,False
ppo,29,dev_01_state_03,c559429297df4987fbb22dd07eedba631d6c671c0ff9130cbe932ee596739c54,6,6,complete_fixed_behavior_discounted_return_not_vpi,99.13967366563787,2.5622198581695557,15.26801893405532,12.705799075885764,96.57745380746832,83.87165473158255,-12.705799075885764,0.293907,0.29959,0.005683000000000049,-0.05741500000000005,-0.05436799999999997,0.0030470000000000774,0,0,False,0,0,False,0,0,False,0,0,False
ppo,29,dev_01_state_04,7358d67bd36c9a85cc6e8138adeb39b8726469ca30f20c1f0942cc3f76de4651,6,6,complete_fixed_behavior_discounted_return_not_vpi,99.35350480891441,2.5166499614715576,15.057196395517956,12.540546434046398,96.83685484744285,84.29630841339645,-12.540546434046405,0.227209,0.233548,0.006339000000000011,-0.045771000000000006,-0.04404099999999997,0.001730000000000037,0,0,False,0,0,False,0,0,False,0,0,False
ppo,29,dev_01_state_05,0763b046fa0b532b554b052e7a0878b9d194acdb61a7240efa1f797b157b13db,6,6,complete_fixed_behavior_discounted_return_not_vpi,99.35350480891441,2.5469295978546143,15.184726699331229,12.637797101476615,96.8065752110598,84.16877810958317,-12.637797101476622,0.291342,0.296519,0.005176999999999987,-0.06128300000000003,-0.05860200000000004,0.002680999999999989,0,0,False,0,0,False,0,0,False,0,0,False
ppo,29,dev_01_state_06,fd2e5861fe027bcb3635018576d2d5ce1b9b63d2b09ed94737c380749ee87049,6,6,complete_fixed_behavior_discounted_return_not_vpi,99.53944465087416,2.5177464485168457,15.011926500927451,12.494180052410606,97.02169820235731,84.5275181499467,-12.494180052410613,0.285401,0.289864,0.004462999999999995,-0.07114899999999996,-0.06989999999999996,0.0012490000000000001,0,0,False,0,0,False,0,0,False,0,0,False
ppo,29,dev_01_state_07,183ebb194b29cf885e5c212fd6e18171c5539439db50572f3120f6c0133c5049,6,6,complete_fixed_behavior_discounted_return_not_vpi,99.53944465087416,2.518139123916626,15.013727581908405,12.49558845799178,97.02130552695753,84.52571706896575,-12.495588457991786,0.285376,0.289844,0.004467999999999972,-0.07121,-0.06995000000000001,0.0012599999999999834,0,0,False,0,0,False,0,0,False,0,0,False
ppo,29,dev_01_state_08,d2bf64fb9b88e145885e5ed0f74f9f639967dd914d669e6f6d9e93f684a95a73,6,6,complete_fixed_behavior_discounted_return_not_vpi,99.72721960667732,2.579988479614258,15.334332801170568,12.75434432155631,97.14723112706307,84.39288680550675,-12.754344321556317,0.293943,0.300352,0.006408999999999998,-0.060290999999999983,-0.056369,0.003921999999999981,0,0,False,0,0,False,0,0,False,0,0,False
ppo,29,dev_01_state_09,13fb32efb5dd998abdd32f46158b290acced91d28620d9d15377f2694497b912,6,6,complete_fixed_behavior_discounted_return_not_vpi,99.72721960667732,2.579988479614258,15.334332801170568,12.75434432155631,97.14723112706307,84.39288680550675,-12.754344321556317,0.293943,0.300352,0.006408999999999998,-0.060290999999999983,-0.056369,0.003921999999999981,0,0,False,0,0,False,0,0,False,0,0,False
ppo,29,dev_01_state_10,501e02f271270613a795072dd11d6876f63160ede7c17cfbe7ee893e5b1aa82c,6,6,complete_fixed_behavior_discounted_return_not_vpi,99.53944465087416,2.5805277824401855,15.35334988564071,12.772822103200525,96.95891686843397,84.18609476523345,-12.772822103200525,0.293837,0.299844,0.006006999999999985,-0.059458999999999984,-0.05591600000000002,0.003542999999999963,0,0,False,0,0,False,0,0,False,0,0,False
ppo,29,dev_01_state_11,e0c6c2402de2864424b773d58c1fc72a6bc09419a54d0cbe2f5f07d795a22db3,6,6,complete_fixed_behavior_discounted_return_not_vpi,99.72721960667732,2.5804896354675293,15.33666808645593,12.7561784509884,97.1467299712098,84.3905515202214,-12.7561784509884,0.293955,0.300367,0.006411999999999973,-0.060289999999999955,-0.05636200000000002,0.0039279999999999315,0,0,False,0,0,False,0,0,False,0,0,False
ppo,29,dev_01_state_12,87eae5e2295dff0be0c0317d62480330e70116056ccb6207b9f0f698ac011e38,6,6,complete_fixed_behavior_discounted_return_not_vpi,99.72721960667732,2.5804896354675293,15.33666808645593,12.7561784509884,97.1467299712098,84.3905515202214,-12.7561784509884,0.293955,0.300367,0.006411999999999973,-0.060289999999999955,-0.05636200000000002,0.0039279999999999315,0,0,False,0,0,False,0,0,False,0,0,False
ppo,29,dev_02_state_01,aacd1cc47660f831ce532b266ce3478bb22e2c78d466e47472c937aafefcacfb,6,6,complete_fixed_behavior_discounted_return_not_vpi,75.58016750117106,2.482412815093994,14.90498120364768,12.422568388553685,73.09775468607707,60.67518629752338,-12.422568388553685,0.22648,0.232825,0.006345000000000017,-0.043107000000000034,-0.04130099999999998,0.0018060000000000576,0,0,False,0,0,False,0,0,False,0,0,False
ppo,29,dev_02_state_02,65837e8c4e1042b18b8987e46d37b1081f660135fc906dde8659dd34bcb25e18,6,6,complete_fixed_behavior_discounted_return_not_vpi,75.81651346531233,2.4513025283813477,14.765309832921481,12.314007304540134,73.36521093693098,61.051203632390845,-12.314007304540134,0.224541,0.230523,0.005982000000000015,-0.045132000000000005,-0.04355600000000001,0.001575999999999994,0,0,False,0,0,False,0,0,False,0,0,False
ppo,29,dev_02_state_03,788bd1c71ab6c0f94f77fdf24a1874af9e74d3c3e59586a4d8fd42a2d4a722a2,6,6,complete_fixed_behavior_discounted_return_not_vpi,75.57148846531233,2.4811971187591553,14.88997919358389,12.408782074824735,73.09029134655317,60.68150927172844,-12.408782074824735,0.288343,0.293271,0.004927999999999988,-0.059809999999999974,-0.05725999999999998,0.0025499999999999967,0,0,False,0,0,False,0,0,False,0,0,False
ppo,29,dev_02_state_04,73424c66a5e9ad4241b9fb8e38cb02b30333c2e9611126a6c2f2661d805079c5,6,6,complete_fixed_behavior_discounted_return_not_vpi,75.76470591996298,2.5132620334625244,15.02789953035365,12.514637496891126,73.25144388650045,60.73680638960933,-12.514637496891126,0.289548,0.295278,0.005729999999999957,-0.06056499999999998,-0.056984000000000035,0.0035809999999999453,0,0,False,0,0,False,0,0,False,0,0,False
ppo,29,dev_02_state_05,07a0c6f5a831ee8a70a2e4f82ae69cc5df3eb3540cdda40dc84dfab435b8d8ac,6,6,complete_fixed_behavior_discounted_return_not_vpi,75.76470591996298,2.479928493499756,14.82456818496319,12.344639691463435,73.28477742646322,60.94013773499979,-12.344639691463435,0.283773,0.288687,0.0049140000000000295,-0.06948100000000001,-0.06750299999999998,0.0019780000000000353,0,0,False,0,0,False,0,0,False,0,0,False
ppo,29,dev_02_state_06,cd47e258d721757c11ea4050f051bb017e502287edeba848b9bb4aed7aa04c14,6,6,complete_fixed_behavior_discounted_return_not_vpi,75.75848028252462,2.488429307937622,14.908411326216687,12.419982018279065,73.270050974587,60.85006895630793,-12.419982018279065,0.287945,0.293665,0.005720000000000003,-0.06324799999999997,-0.05957299999999999,0.003674999999999984,0,0,False,0,0,False,0,0,False,0,0,False
ppo,29,dev_02_state_07,446e55a68c01f9b6b3d75b3584e53818ff209784976039bdb016348e222bb7bc,6,6,complete_fixed_behavior_discounted_return_not_vpi,75.75848028252462,2.45133900642395,14.685232742195332,12.233893735771382,73.30714127610067,61.073247540329284,-12.233893735771382,0.282042,0.286914,0.0048719999999999875,-0.072322,-0.07027699999999998,0.002045000000000019,0,0,False,0,0,False,0,0,False,0,0,False
ppo,29,dev_02_state_08,da66deba85e976a12ee91266832b3fe4996e44cc0333ff92fe0fb0072b304773,6,6,complete_fixed_behavior_discounted_return_not_vpi,75.76470591996298,2.4638655185699463,14.742288199233656,12.27842268066371,73.30084040139303,61.02241772072932,-12.27842268066371,0.282427,0.287068,0.004641000000000006,-0.07087300000000002,-0.06911600000000001,0.0017570000000000086,0,0,False,0,0,False,0,0,False,0,0,False
ppo,29,dev_02_state_09,9b17e313c9c022b073c532cab790a8e4bbbfb88e37c386bc4de0316793e72b69,6,6,complete_fixed_behavior_discounted_return_not_vpi,100.75270180026362,2.430802583694458,14.613400198090666,12.182597614396208,98.32189921656916,86.13930160217296,-12.182597614396201,0.224034,0.230281,0.0062470000000000026,-0.04789399999999999,-0.04542099999999999,0.002473000000000003,0,0,False,0,0,False,0,0,False,0,0,False
ppo,29,dev_02_state_10,e6a58b6c7a7e16fa45b8c640dbd4b125a27da61dec2113082cdfa830027b3bfb,6,6,complete_fixed_behavior_discounted_return_not_vpi,75.75270180026362,2.430802583694458,14.613400198090666,12.182597614396208,73.32189921656916,61.13930160217296,-12.182597614396208,0.224034,0.230281,0.0062470000000000026,-0.04789399999999999,-0.04542099999999999,0.002473000000000003,0,0,False,0,0,False,0,0,False,0,0,False
ppo,29,dev_02_state_11,5fbcd355ad6ef625fe912c4a3485f5db6bcdb20e7b2dcdd955d3fe332063d473,6,6,complete_fixed_behavior_discounted_return_not_vpi,75.75848028252462,2.4579033851623535,14.781341664404025,12.323438279241671,73.30057689736226,60.97713861812059,-12.323438279241671,0.225701,0.232246,0.006544999999999995,-0.04609899999999997,-0.04358899999999999,0.0025099999999999845,0,0,False,0,0,False,0,0,False,0,0,False
ppo,29,dev_02_state_12,fdd3f8ff3f38604c74d277ed795fde0f3d9fa09eb963e4d8820de9b76534d356,6,6,complete_fixed_behavior_discounted_return_not_vpi,100.50848028252462,2.4579033851623535,14.781341664404025,12.323438279241671,98.05057689736226,85.72713861812059,-12.323438279241671,0.225701,0.232246,0.006544999999999995,-0.04609899999999997,-0.04358899999999999,0.0025099999999999845,0,0,False,0,0,False,0,0,False,0,0,False
ppo,29,dev_03_state_01,62750fc5f603af0e58fc56236599571502c69cfa558f3283ab10e1bc858471ae,6,6,complete_fixed_behavior_discounted_return_not_vpi,75.32227037485364,2.444650173187256,14.745790476173248,12.301140302985992,72.87762020166639,60.5764798986804,-12.301140302985992,0.228946,0.234898,0.005951999999999985,-0.040936,-0.03988599999999998,0.0010500000000000231,0,0,False,0,0,False,0,0,False,0,0,False
ppo,29,dev_03_state_02,49dc0c665e7c8d1673bc0818a98dec317568afa99b48ce13b276daf91fdf1003,6,6,complete_fixed_behavior_discounted_return_not_vpi,75.2654274086768,2.425520896911621,14.637719458502303,12.212198561590682,72.83990651176518,60.627707950174496,-12.212198561590682,0.227762,0.233575,0.005813000000000013,-0.042683,-0.041747000000000006,0.0009359999999999924,0,0,False,0,0,False,0,0,False,0,0,False
ppo,29,dev_03_state_03,5c249417d557afb821d09652c2ced9028d3dd95a2292007d63fec0a2af97227d,6,6,complete_fixed_behavior_discounted_return_not_vpi,75.2654274086768,2.491938352584839,14.92423952674595,12.432301174161111,72.77348905609196,60.34118788193085,-12.432301174161111,0.290044,0.295067,0.005023,-0.061548999999999965,-0.058718999999999966,0.002829999999999999,0,0,False,0,0,False,0,0,False,0,0,False
ppo,29,dev_03_state_04,f5f32654c6274248e0d209cab36df9f70fd51f283f1cd0807581b37e93a74a25,6,6,complete_fixed_behavior_discounted_return_not_vpi,75.46738204163074,2.4194648265838623,14.564278260237586,12.144813433653724,73.04791721504688,60.903103781393156,-12.144813433653724,0.223021,0.228506,0.00548499999999999,-0.05087300000000003,-0.05084300000000003,3.0000000000002247e-05,0,0,False,0,0,False,0,0,False,0,0,False
ppo,29,dev_03_state_05,6cc42ee25dea2b20e7ddf5c4193dae1de54521b21ce67836be05490494a0b931,6,6,complete_fixed_behavior_discounted_return_not_vpi,75.22963452915576,2.4811196327209473,14.894754347926117,12.41363471520517,72.74851489643481,60.33488018122964,-12.41363471520517,0.228183,0.234348,0.006165000000000004,-0.043631999999999976,-0.041756000000000015,0.001875999999999961,0,0,False,0,0,False,0,0,False,0,0,False
ppo,29,dev_03_state_06,1217155fad78690dd6f9e30d323674dca8a13a10b95a50b6354593aed403e43d,6,6,complete_fixed_behavior_discounted_return_not_vpi,75.17185584736579,2.5112600326538086,15.014059494130734,12.502799461476926,72.66059581471198,60.15779635323506,-12.502799461476926,0.291993,0.297645,0.00565199999999999,-0.06056600000000001,-0.056979,0.003587000000000007,0,0,False,0,0,False,0,0,False,0,0,False
ppo,29,dev_03_state_07,c9b593dfc8699de434ab870b13435c9305897d412b8dedc394c04fd20511d413,6,6,complete_fixed_behavior_discounted_return_not_vpi,75.22963452915576,2.4663054943084717,14.75587907920719,12.289573584898719,72.76332903484729,60.47375544994857,-12.289573584898719,0.283328,0.287566,0.004237999999999964,-0.07241799999999998,-0.07090000000000002,0.0015179999999999638,0,0,False,0,0,False,0,0,False,0,0,False
ppo,29,dev_03_state_08,6b17f75e0e3f5de80f49678d788da5519dddc9cc9bd584c0ee650b8d7219e7b6,6,6,complete_fixed_behavior_discounted_return_not_vpi,75.4120048498658,2.4732489585876465,14.835328039499046,12.3620790809114,72.93875589127815,60.57667681036675,-12.3620790809114,0.291112,0.296496,0.005384,-0.060562000000000005,-0.05749900000000002,0.0030629999999999824,0,0,False,0,0,False,0,0,False,0,0,False
ppo,29,dev_03_state_09,0ccde0ef6c389b7341f4f1ea7beb149b259aad13dd1630dab7db376142e1073a,6,6,complete_fixed_behavior_discounted_return_not_vpi,75.46738204163074,2.3986048698425293,14.459880425997184,12.061275556154655,73.06877717178821,61.00750161563356,-12.061275556154655,0.221766,0.227062,0.005296000000000023,-0.051948999999999995,-0.052094999999999975,-0.00014599999999997948,0,0,False,0,0,False,0,0,False,0,0,False
ppo,29,dev_03_state_10,ebe2739e96e527d82f495d7e680acc3138491d2e16ff51c3923b53550c15ae25,6,6,complete_fixed_behavior_discounted_return_not_vpi,74.92928109736579,2.5388379096984863,15.14236407281448,12.603526163115994,72.3904431876673,59.78691702455131,-12.603526163115994,0.290827,0.296715,0.005888000000000004,-0.06393500000000002,-0.05978899999999998,0.0041460000000000385,0,0,False,0,0,False,0,0,False,0,0,False
ppo,29,dev_03_state_11,6f4069e08051d555eb68fe1fc24e55e73bd96f49eec834dcd284e6fcc78d573c,6,6,complete_fixed_behavior_discounted_return_not_vpi,75.39606346424462,2.433225631713867,14.65295707524119,12.219731443527323,72.96283783253075,60.74310638900343,-12.219731443527323,0.228068,0.234256,0.006187999999999999,-0.04412700000000003,-0.04235900000000001,0.0017680000000000196,0,0,False,0,0,False,0,0,False,0,0,False
ppo,29,dev_03_state_12,3280b55b15e26af81785ba01c8673bf4d36b50b213800bb4ae9d9639e7519111,6,6,complete_fixed_behavior_discounted_return_not_vpi,74.92928109736579,2.4908738136291504,14.938810963730973,12.447937150101822,72.43840728373664,59.990470133634815,-12.447937150101822,0.229244,0.23586,0.006615999999999983,-0.04403299999999999,-0.04164399999999999,0.0023890000000000022,0,0,False,0,0,False,0,0,False,0,0,False
ppo,43,dev_00_state_01,2cb31cda5fedadef13eb6ef29f9fb864a9636c64a8a0b599c358ab8e79aa2f2e,18,6,complete_fixed_behavior_discounted_return_not_vpi,99.16542974483956,6.339361667633057,16.98613155131293,10.646769883679873,92.8260680772065,82.17929819352662,-10.64676988367988,0.080707,0.155567,0.07486000000000001,-0.245713,-0.09863099999999997,0.14708200000000002,0,0,False,0,0,False,0,0,False,0,0,False
ppo,43,dev_00_state_02,4fe79a7d2f5b835a26cde6caefb444f6301c270d44971bde40489a612dd2b391,18,6,complete_fixed_behavior_discounted_return_not_vpi,99.43405463063405,6.333189487457275,16.771795383506365,10.43860589604909,93.10086514317678,82.66225924712768,-10.438605896049097,0.082105,0.157546,0.075441,-0.24366500000000002,-0.095579,0.14808600000000002,0,0,False,0,0,False,0,0,False,0,0,False
ppo,43,dev_00_state_03,c47e6b288039285428aafce3d49684ca2d11b023896665b0b3daac8a9dcaa176,18,6,complete_fixed_behavior_discounted_return_not_vpi,99.43405463063405,6.336658000946045,16.837850190416027,10.501192189469982,93.097396629688,82.59620444021803,-10.501192189469975,0.107998,0.204226,0.096228,-0.32210900000000003,-0.12349600000000002,0.198613,0,0,False,0,0,False,0,0,False,0,0,False
ppo,43,dev_00_state_04,db2399dc4a1846b64b81f411e0237050b1ffd324fd9a4bd78478baf6f2a1e9df,18,6,complete_fixed_behavior_discounted_return_not_vpi,99.63275207083052,6.337509632110596,17.08375994855828,10.746250316447686,93.29524243871992,82.54899212227224,-10.746250316447686,0.106701,0.201198,0.09449699999999998,-0.324123,-0.12917100000000004,0.19495199999999996,0,0,False,0,0,False,0,0,False,0,0,False
ppo,43,dev_00_state_05,b439a8ded6b7704f73b9af3aad6b5a11f4e642b89173768c49bca3fb2b8e11e1,18,6,complete_fixed_behavior_discounted_return_not_vpi,99.63275207083052,6.332056522369385,16.892374482261324,10.56031795989194,93.30069554846114,82.7403775885692,-10.560317959891933,0.08161,0.156183,0.07457299999999999,-0.244591,-0.09779600000000002,0.14679499999999998,0,0,False,0,0,False,0,0,False,0,0,False
ppo,43,dev_00_state_06,05d5cb2b4cdc84a07f67d30b6d40026f1ae9404889525cd1fd230abd3ad151ac,18,6,complete_fixed_behavior_discounted_return_not_vpi,99.98305426895568,6.343252658843994,17.11869500336271,10.775442344518716,93.63980161011169,82.86435926559298,-10.775442344518709,0.105973,0.201242,0.095269,-0.326118,-0.129721,0.19639700000000002,0,0,False,0,0,False,0,0,False,0,0,False
ppo,43,dev_00_state_07,be44ebe79f69d66fa111d2fd9181f41a47efe8ab066cbd91663de162f21bfdca,18,6,complete_fixed_behavior_discounted_return_not_vpi,99.98305426895568,6.343252658843994,17.11869500336271,10.775442344518716,93.63980161011169,82.86435926559298,-10.775442344518709,0.105973,0.201242,0.095269,-0.326118,-0.129721,0.19639700000000002,0,0,False,0,0,False,0,0,False,0,0,False
ppo,43,dev_00_state_08,54b81637eaa22690c2f9140cabc601d934d118af96613f57981add5ac63c1553,18,6,complete_fixed_behavior_discounted_return_not_vpi,99.63275207083052,6.347509860992432,17.336302381259507,10.988792520267076,93.28524220983809,82.296449689571,-10.988792520267083,0.104645,0.199249,0.09460400000000001,-0.327758,-0.13297599999999998,0.194782,0,0,False,0,0,False,0,0,False,0,0,False
ppo,43,dev_00_state_09,4c5424ef8068127f88abfde3c8019231c91f8960d17e43927afbffc74d0ef8a3,18,6,complete_fixed_behavior_discounted_return_not_vpi,99.98305426895568,6.336588382720947,16.954039358739152,10.617450976018205,93.64646588623474,83.02901491021653,-10.617450976018205,0.107007,0.201579,0.094572,-0.324563,-0.12935399999999997,0.19520900000000002,0,0,False,0,0,False,0,0,False,0,0,False
ppo,43,dev_00_state_10,56cb3633f940a0aa4754de669549dee3763dc62aa8d33e8feb481d858f69cc45,18,6,complete_fixed_behavior_discounted_return_not_vpi,99.98305426895568,6.336588382720947,16.954039358739152,10.617450976018205,93.64646588623474,83.02901491021653,-10.617450976018205,0.107007,0.201579,0.094572,-0.324563,-0.12935399999999997,0.19520900000000002,0,0,False,0,0,False,0,0,False,0,0,False
ppo,43,dev_00_state_11,616869b075de6c2da36a5545c9128137f476e5cb4f0ae4851e0c1b46d0deef42,18,6,complete_fixed_behavior_discounted_return_not_vpi,99.63275207083052,6.341905117034912,17.186462225087936,10.844557108053024,93.29084695379561,82.44628984574258,-10.844557108053024,0.105459,0.199556,0.09409700000000001,-0.32662100000000005,-0.13263599999999998,0.19398500000000007,0,0,False,0,0,False,0,0,False,0,0,False
ppo,43,dev_00_state_12,50772a9d479dd040bdfcd26f5a4e632848da15cc67dcf85fb3ae790c04749004,18,6,complete_fixed_behavior_discounted_return_not_vpi,100.22152414584981,6.345884799957275,17.282218950115258,10.936334150157982,93.87563934589254,82.93930519573456,-10.936334150157975,0.105118,0.199626,0.094508,-0.326673,-0.131381,0.195292,0,0,False,0,0,False,0,0,False,0,0,False
ppo,43,dev_01_state_01,a4bbd832c514e8ecb281380734580807ec9ec04ce04b6be662dd729667c979e5,18,6,complete_fixed_behavior_discounted_return_not_vpi,75.65614047157035,6.333675384521484,16.605776893517955,10.272101508996471,69.32246508704887,59.0503635780524,-10.272101508996471,0.082052,0.157655,0.07560299999999999,-0.243278,-0.095553,0.147725,0,0,False,0,0,False,0,0,False,0,0,False
ppo,43,dev_01_state_02,63fee8a32f4b1c8d4d78562135b7b123d9efca8ef1fd10c52757463ac3a4c28b,18,6,complete_fixed_behavior_discounted_return_not_vpi,99.13967366563787,6.333373546600342,16.522130143916748,10.188756597316406,92.80630011903753,82.61754352172113,-10.188756597316399,0.082221,0.15727,0.07504899999999999,-0.24210199999999998,-0.09473499999999999,0.147367,0,0,False,0,0,False,0,0,False,0,0,False
ppo,43,dev_01_state_03,c559429297df4987fbb22dd07eedba631d6c671c0ff9130cbe932ee596739c54,18,6,complete_fixed_behavior_discounted_return_not_vpi,99.13967366563787,6.337857723236084,16.674072994282803,10.336215271046719,92.80181594240179,82.46560067135508,-10.336215271046711,0.108033,0.204011,0.095978,-0.32141200000000003,-0.12489499999999998,0.19651700000000005,0,0,False,0,0,False,0,0,False,0,0,False
ppo,43,dev_01_state_04,7358d67bd36c9a85cc6e8138adeb39b8726469ca30f20c1f0942cc3f76de4651,18,6,complete_fixed_behavior_discounted_return_not_vpi,99.35350480891441,6.329665184020996,16.540334728740348,10.210669544719352,93.02383962489341,82.81317008017406,-10.210669544719352,0.082982,0.158758,0.07577600000000001,-0.24145299999999997,-0.09335899999999997,0.148094,0,0,False,0,0,False,0,0,False,0,0,False
ppo,43,dev_01_state_05,0763b046fa0b532b554b052e7a0878b9d194acdb61a7240efa1f797b157b13db,18,6,complete_fixed_behavior_discounted_return_not_vpi,99.35350480891441,6.334283351898193,16.67061785091191,10.336334499013716,93.01922145701622,82.6828869580025,-10.336334499013716,0.108928,0.205457,0.096529,-0.32013500000000006,-0.12232399999999999,0.19781100000000007,0,0,False,0,0,False,0,0,False,0,0,False
ppo,43,dev_01_state_06,fd2e5861fe027bcb3635018576d2d5ce1b9b63d2b09ed94737c380749ee87049,18,6,complete_fixed_behavior_discounted_return_not_vpi,99.53944465087416,6.324055194854736,16.476516655074207,10.15246146021947,93.21538945601942,83.06292799579995,-10.15246146021947,0.110696,0.206477,0.09578099999999999,-0.31743299999999997,-0.12140300000000001,0.19602999999999995,0,0,False,0,0,False,0,0,False,0,0,False
ppo,43,dev_01_state_07,183ebb194b29cf885e5c212fd6e18171c5539439db50572f3120f6c0133c5049,18,6,complete_fixed_behavior_discounted_return_not_vpi,99.53944465087416,6.324132442474365,16.481269181075383,10.157136738601018,93.2153122083998,83.05817546979878,-10.157136738601011,0.110671,0.206428,0.095757,-0.31748699999999996,-0.12151800000000001,0.19596899999999995,0,0,False,0,0,False,0,0,False,0,0,False
ppo,43,dev_01_state_08,d2bf64fb9b88e145885e5ed0f74f9f639967dd914d669e6f6d9e93f684a95a73,18,6,complete_fixed_behavior_discounted_return_not_vpi,99.72721960667732,6.343448638916016,16.982992165288394,10.639543526372378,93.38377096776131,82.74422744138893,-10.639543526372378,0.106153,0.201927,0.095774,-0.325239,-0.129155,0.196084,0,0,False,0,0,False,0,0,False,0,0,False
ppo,43,dev_01_state_09,13fb32efb5dd998abdd32f46158b290acced91d28620d9d15377f2694497b912,18,6,complete_fixed_behavior_discounted_return_not_vpi,99.72721960667732,6.343448638916016,16.982992165288394,10.639543526372378,93.38377096776131,82.74422744138893,-10.639543526372378,0.106153,0.201927,0.095774,-0.325239,-0.129155,0.196084,0,0,False,0,0,False,0,0,False,0,0,False
ppo,43,dev_01_state_10,501e02f271270613a795072dd11d6876f63160ede7c17cfbe7ee893e5b1aa82c,18,6,complete_fixed_behavior_discounted_return_not_vpi,99.53944465087416,6.34027624130249,16.83869564098346,10.49841939968097,93.19916840957167,82.7007490098907,-10.49841939968097,0.107137,0.203516,0.096379,-0.323952,-0.12691499999999997,0.19703700000000005,0,0,False,0,0,False,0,0,False,0,0,False
ppo,43,dev_01_state_11,e0c6c2402de2864424b773d58c1fc72a6bc09419a54d0cbe2f5f07d795a22db3,18,6,complete_fixed_behavior_discounted_return_not_vpi,99.72721960667732,6.343496799468994,16.985399984131313,10.641903184662318,93.38372280720833,82.74181962254602,-10.641903184662311,0.106135,0.201905,0.09577000000000001,-0.32528500000000005,-0.129224,0.19606100000000004,0,0,False,0,0,False,0,0,False,0,0,False
ppo,43,dev_01_state_12,87eae5e2295dff0be0c0317d62480330e70116056ccb6207b9f0f698ac011e38,18,6,complete_fixed_behavior_discounted_return_not_vpi,99.72721960667732,6.343496799468994,16.985399984131313,10.641903184662318,93.38372280720833,82.74181962254602,-10.641903184662311,0.106135,0.201905,0.09577000000000001,-0.32528500000000005,-0.129224,0.19606100000000004,0,0,False,0,0,False,0,0,False,0,0,False
ppo,43,dev_02_state_01,aacd1cc47660f831ce532b266ce3478bb22e2c78d466e47472c937aafefcacfb,18,6,complete_fixed_behavior_discounted_return_not_vpi,75.58016750117106,6.321077823638916,16.273204268958636,9.95212644531972,69.25908967753215,59.306963232212425,-9.95212644531972,0.084487,0.161713,0.07722599999999999,-0.238299,-0.08916099999999999,0.14913800000000002,0,0,False,0,0,False,0,0,False,0,0,False
ppo,43,dev_02_state_02,65837e8c4e1042b18b8987e46d37b1081f660135fc906dde8659dd34bcb25e18,18,6,complete_fixed_behavior_discounted_return_not_vpi,75.81651346531233,6.313086986541748,16.05887556050981,9.745788573968063,69.50342647877058,59.757637904802515,-9.745788573968063,0.086114,0.163579,0.077465,-0.235571,-0.08593799999999999,0.14963300000000002,0,0,False,0,0,False,0,0,False,0,0,False
ppo,43,dev_02_state_03,788bd1c71ab6c0f94f77fdf24a1874af9e74d3c3e59586a4d8fd42a2d4a722a2,18,6,complete_fixed_behavior_discounted_return_not_vpi,75.57148846531233,6.319041728973389,16.155926203645095,9.836884474671706,69.25244673633894,59.41556226166723,-9.836884474671706,0.113005,0.211325,0.09832000000000002,-0.31187699999999996,-0.11063500000000001,0.20124199999999995,0,0,False,0,0,False,0,0,False,0,0,False
ppo,43,dev_02_state_04,73424c66a5e9ad4241b9fb8e38cb02b30333c2e9611126a6c2f2661d805079c5,18,6,complete_fixed_behavior_discounted_return_not_vpi,75.76470591996298,6.330367565155029,16.558794373182877,10.228426808027848,69.43433835480795,59.2059115467801,-10.228426808027848,0.1098,0.207524,0.09772399999999999,-0.31820899999999996,-0.11880600000000002,0.19940299999999994,0,0,False,0,0,False,0,0,False,0,0,False
ppo,43,dev_02_state_05,07a0c6f5a831ee8a70a2e4f82ae69cc5df3eb3540cdda40dc84dfab435b8d8ac,18,6,complete_fixed_behavior_discounted_return_not_vpi,75.76470591996298,6.319693088531494,16.340673008768405,10.020979920236911,69.44501283143148,59.42403291119457,-10.020979920236911,0.111331,0.207854,0.09652300000000001,-0.315817,-0.118696,0.19712100000000002,0,0,False,0,0,False,0,0,False,0,0,False
ppo,43,dev_02_state_06,cd47e258d721757c11ea4050f051bb017e502287edeba848b9bb4aed7aa04c14,18,6,complete_fixed_behavior_discounted_return_not_vpi,75.75848028252462,6.327234268188477,16.46819957207883,10.140965303890354,69.43124601433614,59.290280710445785,-10.140965303890354,0.11069,0.208376,0.09768600000000001,-0.316304,-0.11660399999999999,0.1997,0,0,False,0,0,False,0,0,False,0,0,False
ppo,43,dev_02_state_07,446e55a68c01f9b6b3d75b3584e53818ff209784976039bdb016348e222bb7bc,18,6,complete_fixed_behavior_discounted_return_not_vpi,75.75848028252462,6.316239356994629,16.26338225846792,9.947142901473292,69.44224092552999,59.495098024056695,-9.947142901473292,0.112244,0.208721,0.096477,-0.313986,-0.116703,0.197283,0,0,False,0,0,False,0,0,False,0,0,False
ppo,43,dev_02_state_08,da66deba85e976a12ee91266832b3fe4996e44cc0333ff92fe0fb0072b304773,18,6,complete_fixed_behavior_discounted_return_not_vpi,75.76470591996298,6.315618515014648,16.262657614937794,9.947039099923145,69.44908740494833,59.502048305025184,-9.947039099923145,0.112386,0.208978,0.096592,-0.313792,-0.11650300000000002,0.197289,0,0,False,0,0,False,0,0,False,0,0,False
ppo,43,dev_02_state_09,9b17e313c9c022b073c532cab790a8e4bbbfb88e37c386bc4de0316793e72b69,18,6,complete_fixed_behavior_discounted_return_not_vpi,100.75270180026362,6.3227033615112305,16.374360387578044,10.051657026066813,94.42999843875239,84.37834141268559,-10.051657026066806,0.083993,0.161288,0.07729499999999999,-0.239458,-0.08936700000000003,0.15009099999999997,0,0,False,0,0,False,0,0,False,0,0,False
ppo,43,dev_02_state_10,e6a58b6c7a7e16fa45b8c640dbd4b125a27da61dec2113082cdfa830027b3bfb,18,6,complete_fixed_behavior_discounted_return_not_vpi,75.75270180026362,6.3227033615112305,16.374360387578044,10.051657026066813,69.42999843875239,59.37834141268558,-10.051657026066813,0.083993,0.161288,0.07729499999999999,-0.239458,-0.08936700000000003,0.15009099999999997,0,0,False,0,0,False,0,0,False,0,0,False
ppo,43,dev_02_state_11,5fbcd355ad6ef625fe912c4a3485f5db6bcdb20e7b2dcdd955d3fe332063d473,18,6,complete_fixed_behavior_discounted_return_not_vpi,75.75848028252462,6.322749614715576,16.28189112569767,9.959141510982093,69.43573066780904,59.47658915682695,-9.959141510982093,0.08409,0.161374,0.07728399999999999,-0.239056,-0.08938700000000002,0.14966899999999997,0,0,False,0,0,False,0,0,False,0,0,False
ppo,43,dev_02_state_12,fdd3f8ff3f38604c74d277ed795fde0f3d9fa09eb963e4d8820de9b76534d356,18,6,complete_fixed_behavior_discounted_return_not_vpi,100.50848028252462,6.322749614715576,16.28189112569767,9.959141510982093,94.18573066780904,84.22658915682695,-9.959141510982093,0.08409,0.161374,0.07728399999999999,-0.239056,-0.08938700000000002,0.14966899999999997,0,0,False,0,0,False,0,0,False,0,0,False
ppo,43,dev_03_state_01,62750fc5f603af0e58fc56236599571502c69cfa558f3283ab10e1bc858471ae,18,6,complete_fixed_behavior_discounted_return_not_vpi,75.32227037485364,6.321545124053955,16.067236724349208,9.745691600295252,69.00072525079969,59.25503365050444,-9.745691600295252,0.084811,0.161561,0.07675000000000001,-0.23723600000000003,-0.08710799999999999,0.15012800000000004,0,2,True,0,2,True,0,2,True,0,2,True
ppo,43,dev_03_state_02,49dc0c665e7c8d1673bc0818a98dec317568afa99b48ce13b276daf91fdf1003,18,6,complete_fixed_behavior_discounted_return_not_vpi,75.2654274086768,6.320418834686279,16.087100377433885,9.766681542747605,68.94500857399052,59.178327031242915,-9.766681542747605,0.085038,0.161622,0.07658399999999999,-0.236375,-0.08705500000000002,0.14931999999999998,0,2,True,0,2,True,0,2,True,0,2,True
ppo,43,dev_03_state_03,5c249417d557afb821d09652c2ced9028d3dd95a2292007d63fec0a2af97227d,18,6,complete_fixed_behavior_discounted_return_not_vpi,75.2654274086768,6.330626010894775,16.525351015358652,10.194725004463876,68.93480139778202,58.74007639331815,-10.194725004463876,0.109796,0.205407,0.095611,-0.317062,-0.12001699999999998,0.19704500000000003,0,2,True,0,2,True,0,2,True,0,2,True
ppo,43,dev_03_state_04,f5f32654c6274248e0d209cab36df9f70fd51f283f1cd0807581b37e93a74a25,18,6,complete_fixed_behavior_discounted_return_not_vpi,75.46738204163074,6.312436580657959,16.005561712952556,9.693125132294597,69.15494546097278,59.461820328678186,-9.693125132294597,0.085565,0.16125,0.075685,-0.237412,-0.08765699999999998,0.14975500000000003,0,2,True,0,2,True,0,2,True,0,2,True
ppo,43,dev_03_state_05,6cc42ee25dea2b20e7ddf5c4193dae1de54521b21ce67836be05490494a0b931,18,6,complete_fixed_behavior_discounted_return_not_vpi,75.22963452915576,6.328768253326416,16.437551729652597,10.108783476326181,68.90086627582934,58.79208279950316,-10.108783476326181,0.083071,0.159602,0.07653099999999999,-0.241535,-0.09114200000000003,0.15039299999999997,0,0,False,0,0,False,0,0,False,0,0,False
ppo,43,dev_03_state_06,1217155fad78690dd6f9e30d323674dca8a13a10b95a50b6354593aed403e43d,18,6,complete_fixed_behavior_discounted_return_not_vpi,75.17185584736579,6.333654880523682,16.58755180716865,10.25389692664497,68.83820096684211,58.58430404019714,-10.25389692664497,0.108881,0.205678,0.096797,-0.319366,-0.11911400000000003,0.20025199999999996,0,2,True,0,2,True,0,2,True,0,2,True
ppo,43,dev_03_state_07,c9b593dfc8699de434ab870b13435c9305897d412b8dedc394c04fd20511d413,18,6,complete_fixed_behavior_discounted_return_not_vpi,75.22963452915576,6.320906639099121,16.385869556804394,10.064962917705273,68.90872789005664,58.843764972351366,-10.064962917705273,0.111002,0.205554,0.09455199999999998,-0.315636,-0.11883200000000002,0.196804,0,0,False,0,0,False,0,0,False,0,0,False
ppo,43,dev_03_state_08,6b17f75e0e3f5de80f49678d788da5519dddc9cc9bd584c0ee650b8d7219e7b6,18,6,complete_fixed_behavior_discounted_return_not_vpi,75.4120048498658,6.328583717346191,16.36812206752235,10.039538350176159,69.0834211325196,59.043882782343445,-10.039538350176159,0.110488,0.207451,0.096963,-0.31531,-0.11791499999999999,0.197395,0,2,True,0,2,True,0,2,True,0,2,True
ppo,43,dev_03_state_09,0ccde0ef6c389b7341f4f1ea7beb149b259aad13dd1630dab7db376142e1073a,18,6,complete_fixed_behavior_discounted_return_not_vpi,75.46738204163074,6.307529926300049,15.91029727916051,9.602767352860461,69.1598521153307,59.55708476247023,-9.602767352860461,0.086479,0.162256,0.07577700000000001,-0.235698,-0.08589999999999998,0.14979800000000001,0,2,True,0,2,True,0,2,True,0,2,True
ppo,43,dev_03_state_10,ebe2739e96e527d82f495d7e680acc3138491d2e16ff51c3923b53550c15ae25,18,6,complete_fixed_behavior_discounted_return_not_vpi,74.92928109736579,6.337769031524658,16.859001874266426,10.521232842741767,68.59151206584113,58.07027922309936,-10.521232842741767,0.10752,0.202993,0.095473,-0.322413,-0.12522399999999997,0.19718900000000003,0,0,False,0,0,False,0,0,False,0,0,False
ppo,43,dev_03_state_11,6f4069e08051d555eb68fe1fc24e55e73bd96f49eec834dcd284e6fcc78d573c,18,6,complete_fixed_behavior_discounted_return_not_vpi,75.39606346424462,6.326076030731201,16.300315962003893,9.974239931272692,69.06998743351342,59.09574750224073,-9.974239931272692,0.083756,0.160241,0.076485,-0.23898200000000003,-0.09024600000000002,0.148736,0,2,True,0,2,True,0,2,True,0,2,True
ppo,43,dev_03_state_12,3280b55b15e26af81785ba01c8673bf4d36b50b213800bb4ae9d9639e7519111,18,6,complete_fixed_behavior_discounted_return_not_vpi,74.92928109736579,6.3316121101379395,16.509668985402755,10.178056875264815,68.59766898722785,58.41961211196303,-10.178056875264815,0.082474,0.15889,0.076416,-0.24228300000000003,-0.09207699999999999,0.15020600000000003,0,0,False,0,0,False,0,0,False,0,0,False
ppo,61,dev_00_state_01,2cb31cda5fedadef13eb6ef29f9fb864a9636c64a8a0b599c358ab8e79aa2f2e,6,12,complete_fixed_behavior_discounted_return_not_vpi,99.16542974483956,2.644232749938965,46.73357397843663,44.089341228497666,96.52119699490059,52.431855766402926,-44.089341228497666,0.201124,0.228707,0.027582999999999996,-0.090691,-0.09535199999999999,-0.0046609999999999985,1,0,True,1,0,True,1,0,True,1,0,True
ppo,61,dev_00_state_02,4fe79a7d2f5b835a26cde6caefb444f6301c270d44971bde40489a612dd2b391,6,12,complete_fixed_behavior_discounted_return_not_vpi,99.43405463063405,2.634334087371826,46.711410766053746,44.07707667868192,96.79972054326223,52.722643864580306,-44.07707667868192,0.20219,0.229534,0.02734399999999998,-0.08917499999999998,-0.09418400000000002,-0.005009000000000041,1,0,True,1,0,True,1,0,True,1,0,True
ppo,61,dev_00_state_03,c47e6b288039285428aafce3d49684ca2d11b023896665b0b3daac8a9dcaa176,6,12,complete_fixed_behavior_discounted_return_not_vpi,99.43405463063405,2.695058584213257,46.80788483557971,44.11282625136646,96.7389960464208,52.62616979505434,-44.11282625136646,0.288741,0.293474,0.004732999999999987,0.012834000000000012,-0.12136999999999998,-0.134204,4,0,True,4,0,True,4,0,True,4,0,True
ppo,61,dev_00_state_04,db2399dc4a1846b64b81f411e0237050b1ffd324fd9a4bd78478baf6f2a1e9df,6,12,complete_fixed_behavior_discounted_return_not_vpi,99.63275207083052,2.619473934173584,46.70248519547039,44.083011261296804,97.01327813665694,52.93026687536013,-44.083011261296804,0.284852,0.292264,0.00741200000000003,0.009361000000000008,-0.12248299999999995,-0.13184399999999996,4,0,True,4,0,True,4,0,True,4,0,True
ppo,61,dev_00_state_05,b439a8ded6b7704f73b9af3aad6b5a11f4e642b89173768c49bca3fb2b8e11e1,6,12,complete_fixed_behavior_discounted_return_not_vpi,99.63275207083052,2.5478761196136475,46.560810408385684,44.01293428877204,97.08487595121687,53.071941662444836,-44.01293428877204,0.200114,0.227981,0.027867000000000003,-0.08630400000000002,-0.09494400000000003,-0.008640000000000009,1,0,True,1,0,True,1,0,True,1,0,True
ppo,61,dev_00_state_06,05d5cb2b4cdc84a07f67d30b6d40026f1ae9404889525cd1fd230abd3ad151ac,6,12,complete_fixed_behavior_discounted_return_not_vpi,99.98305426895568,2.737290382385254,46.88071199698841,44.143421614603156,97.24576388657043,53.102342271967274,-44.143421614603156,0.289575,0.2948,0.00522499999999998,0.01291800000000004,-0.12143999999999999,-0.13435800000000003,4,0,True,4,0,True,4,0,True,4,0,True
ppo,61,dev_00_state_07,be44ebe79f69d66fa111d2fd9181f41a47efe8ab066cbd91663de162f21bfdca,6,12,complete_fixed_behavior_discounted_return_not_vpi,99.98305426895568,2.737290382385254,46.88071199698841,44.143421614603156,97.24576388657043,53.102342271967274,-44.143421614603156,0.289575,0.2948,0.00522499999999998,0.01291800000000004,-0.12143999999999999,-0.13435800000000003,4,0,True,4,0,True,4,0,True,4,0,True
ppo,61,dev_00_state_08,54b81637eaa22690c2f9140cabc601d934d118af96613f57981add5ac63c1553,6,12,complete_fixed_behavior_discounted_return_not_vpi,99.63275207083052,2.731485605239868,46.86879768856763,44.137312083327764,96.90126646559065,52.76395438226289,-44.137312083327764,0.28666,0.29335,0.006689999999999974,0.006278000000000006,-0.12234400000000001,-0.12862200000000001,4,0,True,4,0,True,4,0,True,4,0,True
ppo,61,dev_00_state_09,4c5424ef8068127f88abfde3c8019231c91f8960d17e43927afbffc74d0ef8a3,6,12,complete_fixed_behavior_discounted_return_not_vpi,99.98305426895568,2.6609485149383545,46.788498072475164,44.12754955753681,97.32210575401733,53.19455619648052,-44.12754955753681,0.289544,0.294603,0.00505899999999998,0.014213000000000031,-0.12203399999999998,-0.136247,4,0,True,4,0,True,4,0,True,4,0,True
ppo,61,dev_00_state_10,56cb3633f940a0aa4754de669549dee3763dc62aa8d33e8feb481d858f69cc45,6,12,complete_fixed_behavior_discounted_return_not_vpi,99.98305426895568,2.6609485149383545,46.788498072475164,44.12754955753681,97.32210575401733,53.19455619648052,-44.12754955753681,0.289544,0.294603,0.00505899999999998,0.014213000000000031,-0.12203399999999998,-0.136247,4,0,True,4,0,True,4,0,True,4,0,True
ppo,61,dev_00_state_11,616869b075de6c2da36a5545c9128137f476e5cb4f0ae4851e0c1b46d0deef42,6,12,complete_fixed_behavior_discounted_return_not_vpi,99.63275207083052,2.658287286758423,46.778982320253306,44.12069503349488,96.9744647840721,52.853769750577214,-44.12069503349488,0.286417,0.293004,0.0065870000000000095,0.010868999999999962,-0.12318800000000002,-0.13405699999999998,4,0,True,4,0,True,4,0,True,4,0,True
ppo,61,dev_00_state_12,50772a9d479dd040bdfcd26f5a4e632848da15cc67dcf85fb3ae790c04749004,6,12,complete_fixed_behavior_discounted_return_not_vpi,100.22152414584981,2.7274043560028076,46.85703482969248,44.12963047368967,97.494119789847,53.36448931615733,-44.12963047368967,0.286625,0.294223,0.007597999999999994,0.006193000000000004,-0.12045899999999998,-0.126652,4,0,True,4,0,True,4,0,True,4,0,True
ppo,61,dev_01_state_01,a4bbd832c514e8ecb281380734580807ec9ec04ce04b6be662dd729667c979e5,6,12,complete_fixed_behavior_discounted_return_not_vpi,75.65614047157035,2.6720542907714844,46.799197647110105,44.12714335633862,72.98408618079887,28.856942824460248,-44.12714335633862,0.203145,0.230515,0.027370000000000005,-0.08610900000000002,-0.09543900000000002,-0.009330000000000005,1,0,True,1,0,True,1,0,True,1,0,True
ppo,61,dev_01_state_02,63fee8a32f4b1c8d4d78562135b7b123d9efca8ef1fd10c52757463ac3a4c28b,6,12,complete_fixed_behavior_discounted_return_not_vpi,99.13967366563787,2.64890456199646,46.77357022423213,44.12466566223567,96.49076910364141,52.36610344140574,-44.12466566223567,0.20189,0.230049,0.028159000000000017,-0.08803400000000003,-0.094617,-0.006582999999999978,1,0,True,1,0,True,1,0,True,1,0,True
ppo,61,dev_01_state_03,c559429297df4987fbb22dd07eedba631d6c671c0ff9130cbe932ee596739c54,6,12,complete_fixed_behavior_discounted_return_not_vpi,99.13967366563787,2.7100021839141846,46.868203236097074,44.15820105218289,96.42967148172369,52.2714704295408,-44.15820105218289,0.288087,0.293884,0.005796999999999997,0.011639999999999984,-0.12195800000000001,-0.133598,4,0,True,4,0,True,4,0,True,4,0,True
ppo,61,dev_01_state_04,7358d67bd36c9a85cc6e8138adeb39b8726469ca30f20c1f0942cc3f76de4651,6,12,complete_fixed_behavior_discounted_return_not_vpi,99.35350480891441,2.656071901321411,46.75664411640608,44.10057221508467,96.697432907593,52.59686069250833,-44.10057221508467,0.20172,0.23006,0.028339999999999976,-0.08948299999999998,-0.094144,-0.004661000000000026,1,0,True,1,0,True,1,0,True,1,0,True
ppo,61,dev_01_state_05,0763b046fa0b532b554b052e7a0878b9d194acdb61a7240efa1f797b157b13db,6,12,complete_fixed_behavior_discounted_return_not_vpi,99.35350480891441,2.714684009552002,46.85272597535521,44.13804196580321,96.6388207993624,52.500778833559195,-44.13804196580321,0.28824,0.294062,0.005821999999999994,0.013135000000000008,-0.121508,-0.134643,4,0,True,4,0,True,4,0,True,4,0,True
ppo,61,dev_01_state_06,fd2e5861fe027bcb3635018576d2d5ce1b9b63d2b09ed94737c380749ee87049,6,12,complete_fixed_behavior_discounted_return_not_vpi,99.53944465087416,2.6326167583465576,46.743071865426174,44.110455107079616,96.9068278925276,52.796372785447986,-44.110455107079616,0.287897,0.294253,0.006355999999999973,0.011765999999999999,-0.12099900000000002,-0.13276500000000002,4,0,True,4,0,True,4,0,True,4,0,True
ppo,61,dev_01_state_07,183ebb194b29cf885e5c212fd6e18171c5539439db50572f3120f6c0133c5049,6,12,complete_fixed_behavior_discounted_return_not_vpi,99.53944465087416,2.6326539516448975,46.74358588123046,44.11093192958556,96.90679069922926,52.7958587696437,-44.11093192958556,0.287912,0.294267,0.0063549999999999995,0.011757000000000017,-0.12101400000000001,-0.13277100000000003,4,0,True,4,0,True,4,0,True,4,0,True
ppo,61,dev_01_state_08,d2bf64fb9b88e145885e5ed0f74f9f639967dd914d669e6f6d9e93f684a95a73,6,12,complete_fixed_behavior_discounted_return_not_vpi,99.72721960667732,2.7638516426086426,46.93110349037738,44.16725184776874,96.96336796406868,52.79611611629994,-44.16725184776874,0.288992,0.29522,0.006227999999999956,0.011841000000000046,-0.12159600000000004,-0.13343700000000008,4,0,True,4,0,True,4,0,True,4,0,True
ppo,61,dev_01_state_09,13fb32efb5dd998abdd32f46158b290acced91d28620d9d15377f2694497b912,6,12,complete_fixed_behavior_discounted_return_not_vpi,99.72721960667732,2.7638516426086426,46.93110349037738,44.16725184776874,96.96336796406868,52.79611611629994,-44.16725184776874,0.288992,0.29522,0.006227999999999956,0.011841000000000046,-0.12159600000000004,-0.13343700000000008,4,0,True,4,0,True,4,0,True,4,0,True
ppo,61,dev_01_state_10,501e02f271270613a795072dd11d6876f63160ede7c17cfbe7ee893e5b1aa82c,6,12,complete_fixed_behavior_discounted_return_not_vpi,99.53944465087416,2.75382924079895,46.92045277917508,44.16662353837613,96.78561541007521,52.61899187169908,-44.16662353837613,0.290052,0.295241,0.005188999999999999,0.014871999999999996,-0.12161100000000002,-0.13648300000000002,4,0,True,4,0,True,4,0,True,4,0,True
ppo,61,dev_01_state_11,e0c6c2402de2864424b773d58c1fc72a6bc09419a54d0cbe2f5f07d795a22db3,6,12,complete_fixed_behavior_discounted_return_not_vpi,99.72721960667732,2.764106273651123,46.93144214080669,44.167335867155565,96.9631133330262,52.795777465870636,-44.167335867155565,0.288998,0.295218,0.006220000000000003,0.01184799999999997,-0.12160900000000002,-0.133457,4,0,True,4,0,True,4,0,True,4,0,True
ppo,61,dev_01_state_12,87eae5e2295dff0be0c0317d62480330e70116056ccb6207b9f0f698ac011e38,6,12,complete_fixed_behavior_discounted_return_not_vpi,99.72721960667732,2.764106273651123,46.93144214080669,44.167335867155565,96.9631133330262,52.795777465870636,-44.167335867155565,0.288998,0.295218,0.006220000000000003,0.01184799999999997,-0.12160900000000002,-0.133457,4,0,True,4,0,True,4,0,True,4,0,True
ppo,61,dev_02_state_01,aacd1cc47660f831ce532b266ce3478bb22e2c78d466e47472c937aafefcacfb,6,12,complete_fixed_behavior_discounted_return_not_vpi,75.58016750117106,2.524099111557007,46.54760923521033,44.023510123653324,73.05606838961405,29.03255826596073,-44.023510123653324,0.201757,0.228604,0.02684700000000001,-0.08361700000000002,-0.084846,-0.00122899999999998,1,0,True,1,0,True,1,0,True,1,0,True
ppo,61,dev_02_state_02,65837e8c4e1042b18b8987e46d37b1081f660135fc906dde8659dd34bcb25e18,6,12,complete_fixed_behavior_discounted_return_not_vpi,75.81651346531233,2.5111019611358643,46.51146105398986,44.000359092854,73.30541150417646,29.305052411322464,-44.000359092854,0.202134,0.229191,0.027056999999999998,-0.08360500000000001,-0.08307499999999998,0.0005300000000000304,1,0,True,1,0,True,1,0,True,1,0,True
ppo,61,dev_02_state_03,788bd1c71ab6c0f94f77fdf24a1874af9e74d3c3e59586a4d8fd42a2d4a722a2,6,12,complete_fixed_behavior_discounted_return_not_vpi,75.57148846531233,2.5948116779327393,46.66549687876867,44.07068520083593,72.97667678737959,28.905991586543657,-44.07068520083593,0.287327,0.29484,0.007512999999999992,0.009900999999999993,-0.109234,-0.11913499999999999,4,0,True,4,0,True,4,0,True,4,0,True
ppo,61,dev_02_state_04,73424c66a5e9ad4241b9fb8e38cb02b30333c2e9611126a6c2f2661d805079c5,6,12,complete_fixed_behavior_discounted_return_not_vpi,75.76470591996298,2.6403064727783203,46.755534089641046,44.115227616862725,73.12439944718466,29.009171830321932,-44.115227616862725,0.288166,0.296175,0.008009000000000044,0.009704999999999964,-0.10963899999999999,-0.11934399999999995,4,0,True,4,0,True,4,0,True,4,0,True
ppo,61,dev_02_state_05,07a0c6f5a831ee8a70a2e4f82ae69cc5df3eb3540cdda40dc84dfab435b8d8ac,6,12,complete_fixed_behavior_discounted_return_not_vpi,75.76470591996298,2.5385704040527344,46.61800423819841,44.079433834145675,73.22613551591024,29.14670168176457,-44.079433834145675,0.28775,0.295686,0.007935999999999999,0.014759999999999995,-0.10977900000000002,-0.12453900000000001,4,0,True,4,0,True,4,0,True,4,0,True
ppo,61,dev_02_state_06,cd47e258d721757c11ea4050f051bb017e502287edeba848b9bb4aed7aa04c14,6,12,complete_fixed_behavior_discounted_return_not_vpi,75.75848028252462,2.631887197494507,46.732564872073425,44.10067767457892,73.12659308503011,29.02591541045119,-44.10067767457892,0.28784,0.296747,0.008906999999999998,0.009115999999999957,-0.10774700000000004,-0.116863,4,0,True,4,0,True,4,0,True,4,0,True
ppo,61,dev_02_state_07,446e55a68c01f9b6b3d75b3584e53818ff209784976039bdb016348e222bb7bc,6,12,complete_fixed_behavior_discounted_return_not_vpi,75.75848028252462,2.5332024097442627,46.596877869375604,44.06367545963134,73.22527787278035,29.161602413149012,-44.06367545963134,0.287524,0.296313,0.008788999999999991,0.014365000000000017,-0.10809000000000002,-0.12245500000000004,4,0,True,4,0,True,4,0,True,4,0,True
ppo,61,dev_02_state_08,da66deba85e976a12ee91266832b3fe4996e44cc0333ff92fe0fb0072b304773,6,12,complete_fixed_behavior_discounted_return_not_vpi,75.76470591996298,2.51678466796875,46.56864193914265,44.0518572711739,73.24792125199423,29.196063980820327,-44.0518572711739,0.286869,0.295282,0.008413000000000004,0.013886999999999983,-0.10920400000000002,-0.123091,4,0,True,4,0,True,4,0,True,4,0,True
ppo,61,dev_02_state_09,9b17e313c9c022b073c532cab790a8e4bbbfb88e37c386bc4de0316793e72b69,6,12,complete_fixed_behavior_discounted_return_not_vpi,100.75270180026362,2.5784270763397217,46.62142002473753,44.04299294839781,98.1742747239239,54.13128177552609,-44.04299294839781,0.201709,0.231286,0.029576999999999992,-0.08948999999999999,-0.080731,0.008758999999999989,1,0,True,1,0,True,1,0,True,1,0,True
ppo,61,dev_02_state_10,e6a58b6c7a7e16fa45b8c640dbd4b125a27da61dec2113082cdfa830027b3bfb,6,12,complete_fixed_behavior_discounted_return_not_vpi,75.75270180026362,2.5784270763397217,46.62142002473753,44.04299294839781,73.1742747239239,29.13128177552609,-44.04299294839781,0.201709,0.231286,0.029576999999999992,-0.08948999999999999,-0.080731,0.008758999999999989,1,0,True,1,0,True,1,0,True,1,0,True
ppo,61,dev_02_state_11,5fbcd355ad6ef625fe912c4a3485f5db6bcdb20e7b2dcdd955d3fe332063d473,6,12,complete_fixed_behavior_discounted_return_not_vpi,75.75848028252462,2.573295831680298,46.6293620234271,44.0560661917468,73.18518445084432,29.129118259097517,-44.0560661917468,0.201818,0.23105,0.029232000000000008,-0.08837600000000001,-0.08172500000000002,0.00665099999999999,1,0,True,1,0,True,1,0,True,1,0,True
ppo,61,dev_02_state_12,fdd3f8ff3f38604c74d277ed795fde0f3d9fa09eb963e4d8820de9b76534d356,6,12,complete_fixed_behavior_discounted_return_not_vpi,100.50848028252462,2.573295831680298,46.6293620234271,44.0560661917468,97.93518445084432,53.87911825909752,-44.0560661917468,0.201818,0.23105,0.029232000000000008,-0.08837600000000001,-0.08172500000000002,0.00665099999999999,1,0,True,1,0,True,1,0,True,1,0,True
ppo,61,dev_03_state_01,62750fc5f603af0e58fc56236599571502c69cfa558f3283ab10e1bc858471ae,6,12,complete_fixed_behavior_discounted_return_not_vpi,75.32227037485364,2.5427896976470947,46.53847446336927,43.995684765722174,72.77948067720655,28.783795911484376,-43.995684765722174,0.201875,0.227892,0.026017000000000012,-0.08488900000000002,-0.09074000000000002,-0.005850999999999995,1,0,True,1,0,True,1,0,True,1,0,True
ppo,61,dev_03_state_02,49dc0c665e7c8d1673bc0818a98dec317568afa99b48ce13b276daf91fdf1003,6,12,complete_fixed_behavior_discounted_return_not_vpi,75.2654274086768,2.534254312515259,46.50622702509872,43.97197271258346,72.73117309616154,28.759200383578083,-43.97197271258346,0.200426,0.22703,0.026604000000000017,-0.08798899999999998,-0.09047499999999997,-0.0024859999999999882,1,0,True,1,0,True,1,0,True,1,0,True
ppo,61,dev_03_state_03,5c249417d557afb821d09652c2ced9028d3dd95a2292007d63fec0a2af97227d,6,12,complete_fixed_behavior_discounted_return_not_vpi,75.2654274086768,2.6251089572906494,46.70852254599136,44.08341358870071,72.64031845138615,28.556904862685442,-44.08341358870071,0.286886,0.292778,0.005892000000000008,0.011193999999999982,-0.11995,-0.13114399999999998,4,0,True,4,0,True,4,0,True,4,0,True
ppo,61,dev_03_state_04,f5f32654c6274248e0d209cab36df9f70fd51f283f1cd0807581b37e93a74a25,6,12,complete_fixed_behavior_discounted_return_not_vpi,75.46738204163074,2.4676578044891357,46.404621573244576,43.93696376875544,72.9997242371416,29.062760468386166,-43.93696376875544,0.204681,0.229406,0.024724999999999997,-0.07411099999999998,-0.09150999999999998,-0.017398999999999998,1,0,True,1,0,True,1,0,True,1,0,True
ppo,61,dev_03_state_05,6cc42ee25dea2b20e7ddf5c4193dae1de54521b21ce67836be05490494a0b931,6,12,complete_fixed_behavior_discounted_return_not_vpi,75.22963452915576,2.598728895187378,46.628904808183194,44.030175912995816,72.63090563396838,28.600729720972566,-44.030175912995816,0.201898,0.22855,0.02665200000000001,-0.08852000000000002,-0.09142599999999998,-0.002905999999999964,1,0,True,1,0,True,1,0,True,1,0,True
ppo,61,dev_03_state_06,1217155fad78690dd6f9e30d323674dca8a13a10b95a50b6354593aed403e43d,6,12,complete_fixed_behavior_discounted_return_not_vpi,75.17185584736579,2.6698155403137207,46.749389642455256,44.079574102141535,72.50204030705207,28.422466204910535,-44.079574102141535,0.286962,0.293033,0.006070999999999993,0.008745999999999976,-0.11854599999999998,-0.12729199999999996,4,0,True,4,0,True,4,0,True,4,0,True
ppo,61,dev_03_state_07,c9b593dfc8699de434ab870b13435c9305897d412b8dedc394c04fd20511d413,6,12,complete_fixed_behavior_discounted_return_not_vpi,75.22963452915576,2.5373024940490723,46.58046497149675,44.04316247744768,72.69233203510669,28.649169557659008,-44.04316247744768,0.287989,0.29325,0.005261000000000016,0.008278000000000008,-0.11990499999999998,-0.128183,4,0,True,4,0,True,4,0,True,4,0,True
ppo,61,dev_03_state_08,6b17f75e0e3f5de80f49678d788da5519dddc9cc9bd584c0ee650b8d7219e7b6,6,12,complete_fixed_behavior_discounted_return_not_vpi,75.4120048498658,2.648477792739868,46.71218221805491,44.063704425315045,72.76352705712593,28.699822631810882,-44.063704425315045,0.286339,0.292958,0.006618999999999986,0.007950000000000013,-0.11770999999999998,-0.12566,4,0,True,4,0,True,4,0,True,4,0,True
ppo,61,dev_03_state_09,0ccde0ef6c389b7341f4f1ea7beb149b259aad13dd1630dab7db376142e1073a,6,12,complete_fixed_behavior_discounted_return_not_vpi,75.46738204163074,2.4406909942626953,46.33240544919378,43.89171445493108,73.02669104736805,29.134976592436963,-43.89171445493108,0.203985,0.228619,0.02463399999999999,-0.07455799999999999,-0.09117,-0.016612000000000016,1,0,True,1,0,True,1,0,True,1,0,True
ppo,61,dev_03_state_10,ebe2739e96e527d82f495d7e680acc3138491d2e16ff51c3923b53550c15ae25,6,12,complete_fixed_behavior_discounted_return_not_vpi,74.92928109736579,2.6778275966644287,46.78503827933168,44.10721068266725,72.25145350070136,28.144242818034108,-44.10721068266725,0.287772,0.293672,0.005900000000000016,0.011432999999999971,-0.12020900000000001,-0.13164199999999998,4,0,True,4,0,True,4,0,True,4,0,True
ppo,61,dev_03_state_11,6f4069e08051d555eb68fe1fc24e55e73bd96f49eec834dcd284e6fcc78d573c,6,12,complete_fixed_behavior_discounted_return_not_vpi,75.39606346424462,2.5913379192352295,46.609129599165094,44.017791679929864,72.80472554500939,28.786933865079526,-44.017791679929864,0.200627,0.228678,0.028050999999999993,-0.09121499999999999,-0.08958500000000003,0.0016299999999999648,1,0,True,1,0,True,1,0,True,1,0,True
ppo,61,dev_03_state_12,3280b55b15e26af81785ba01c8673bf4d36b50b213800bb4ae9d9639e7519111,6,12,complete_fixed_behavior_discounted_return_not_vpi,74.92928109736579,2.61808705329895,46.6623264806788,44.04423942737985,72.31119404406684,28.266954616686988,-44.04423942737985,0.200655,0.228528,0.02787300000000001,-0.092245,-0.091333,0.0009119999999999961,1,0,True,1,0,True,1,0,True,1,0,True
