arm,method,seed,selected_update,state_id,state_sha256,design_id,prefix_depth,current_bundle_ready,target_bundle_ready,target_prepare_feasible,deadline_status,progress_fraction,target_semantics,fixed_behavior_discounted_return,denormalized_value_prediction,normalized_value_prediction,fixed_behavior_value_error,fixed_behavior_absolute_error,fixed_behavior_squared_error,offline_fixed_behavior_advantage,env_action_probs,action4_probability,action4_margin_vs_best_other,probability_argmax_action,raw_env_action,projected_env_action,executed_action,action_projection_applied,guard_action_delta
candidate_popart_critic_target,mappo,7,6,dev_00_state_01,2cb31cda5fedadef13eb6ef29f9fb864a9636c64a8a0b599c358ab8e79aa2f2e,dev_00,0,True,False,True,before_or_at,0.0,complete_fixed_behavior_discounted_return_not_vpi,99.16542974483956,12.715985683878252,-2.010896408559951,-86.4494440609613,86.4494440609613,7473.506378449277,86.4494440609613,"[0.196754,0.15715,0.054462,0.058341,0.533293]",0.533293,0.33653900000000003,4,4,4,4,False,False
candidate_popart_critic_target,mappo,7,6,dev_00_state_02,4fe79a7d2f5b835a26cde6caefb444f6301c270d44971bde40489a612dd2b391,dev_00,1,True,False,True,before_or_at,0.14285714285714285,complete_fixed_behavior_discounted_return_not_vpi,99.43405463063405,12.549449924329771,-2.0171626354893153,-86.88460470630429,86.88460470630429,7548.934534970753,86.88460470630429,"[0.195965,0.158132,0.055229,0.058631,0.532043]",0.532043,0.33607800000000004,4,4,4,4,False,False
candidate_popart_critic_target,mappo,7,6,dev_00_state_03,c47e6b288039285428aafce3d49684ca2d11b023896665b0b3daac8a9dcaa176,dev_00,1,True,True,True,before_or_at,0.14285714285714285,complete_fixed_behavior_discounted_return_not_vpi,99.43405463063405,12.64597376337258,-2.0135307411671857,-86.78808086726147,86.78808086726147,7532.170980622316,86.78808086726147,"[0.236766,0.0,0.0623,0.06766,0.633274]",0.633274,0.39650799999999997,4,4,4,4,False,False
candidate_popart_critic_target,mappo,7,6,dev_00_state_04,db2399dc4a1846b64b81f411e0237050b1ffd324fd9a4bd78478baf6f2a1e9df,dev_00,2,False,True,True,before_or_at,0.2857142857142857,complete_fixed_behavior_discounted_return_not_vpi,99.63275207083052,12.71188873532381,-2.0110505640964536,-86.92086333550671,86.92086333550671,7555.236482989834,86.92086333550671,"[0.236919,0.0,0.060334,0.06575,0.636998]",0.636998,0.40007899999999996,4,4,4,4,False,False
candidate_popart_critic_target,mappo,7,6,dev_00_state_05,b439a8ded6b7704f73b9af3aad6b5a11f4e642b89173768c49bca3fb2b8e11e1,dev_00,2,False,False,True,before_or_at,0.2857142857142857,complete_fixed_behavior_discounted_return_not_vpi,99.63275207083052,12.45196896750734,-2.0208305432011304,-87.18078310332318,87.18078310332318,7600.48894250868,87.18078310332318,"[0.194728,0.151452,0.054082,0.056893,0.542845]",0.542845,0.348117,4,4,4,4,False,False
candidate_popart_critic_target,mappo,7,6,dev_00_state_06,05d5cb2b4cdc84a07f67d30b6d40026f1ae9404889525cd1fd230abd3ad151ac,dev_00,3,True,True,True,before_or_at,0.42857142857142855,complete_fixed_behavior_discounted_return_not_vpi,99.98305426895568,13.020864662603167,-1.9994247530316562,-86.96218960635252,86.96218960635252,7562.422421131207,86.96218960635252,"[0.240763,0.0,0.06115,0.067958,0.63013]",0.63013,0.38936699999999996,4,4,4,4,False,False
candidate_popart_critic_target,mappo,7,6,dev_00_state_07,be44ebe79f69d66fa111d2fd9181f41a47efe8ab066cbd91663de162f21bfdca,dev_00,3,True,True,True,before_or_at,0.42857142857142855,complete_fixed_behavior_discounted_return_not_vpi,99.98305426895568,13.020864662603167,-1.9994247530316562,-86.96218960635252,86.96218960635252,7562.422421131207,86.96218960635252,"[0.240763,0.0,0.06115,0.067958,0.63013]",0.63013,0.38936699999999996,4,4,4,4,False,False
candidate_popart_critic_target,mappo,7,6,dev_00_state_08,54b81637eaa22690c2f9140cabc601d934d118af96613f57981add5ac63c1553,dev_00,3,True,True,True,before_or_at,0.2857142857142857,complete_fixed_behavior_discounted_return_not_vpi,99.63275207083052,13.136060950231006,-1.9950902720670067,-86.49669112059951,86.49669112059951,7481.677574812397,86.49669112059951,"[0.241494,0.0,0.059973,0.067473,0.63106]",0.63106,0.38956599999999997,4,4,4,4,False,False
candidate_popart_critic_target,mappo,7,6,dev_00_state_09,4c5424ef8068127f88abfde3c8019231c91f8960d17e43927afbffc74d0ef8a3,dev_00,3,False,True,True,before_or_at,0.42857142857142855,complete_fixed_behavior_discounted_return_not_vpi,99.98305426895568,12.735640004429634,-2.0101568771040563,-87.24741426452604,87.24741426452604,7612.1112958458225,87.24741426452604,"[0.236964,0.0,0.061541,0.066452,0.635042]",0.635042,0.398078,4,4,4,4,False,False
candidate_popart_critic_target,mappo,7,6,dev_00_state_10,56cb3633f940a0aa4754de669549dee3763dc62aa8d33e8feb481d858f69cc45,dev_00,3,False,True,True,before_or_at,0.42857142857142855,complete_fixed_behavior_discounted_return_not_vpi,99.98305426895568,12.735640004429634,-2.0101568771040563,-87.24741426452604,87.24741426452604,7612.1112958458225,87.24741426452604,"[0.236964,0.0,0.061541,0.066452,0.635042]",0.635042,0.398078,4,4,4,4,False,False
candidate_popart_critic_target,mappo,7,6,dev_00_state_11,616869b075de6c2da36a5545c9128137f476e5cb4f0ae4851e0c1b46d0deef42,dev_00,3,False,True,True,before_or_at,0.2857142857142857,complete_fixed_behavior_discounted_return_not_vpi,99.63275207083052,12.835099409461932,-2.006414526488899,-86.79765266136859,86.79765266136859,7533.832507523585,86.79765266136859,"[0.237656,0.0,0.06043,0.066016,0.635898]",0.635898,0.398242,4,4,4,4,False,False
candidate_popart_critic_target,mappo,7,6,dev_00_state_12,50772a9d479dd040bdfcd26f5a4e632848da15cc67dcf85fb3ae790c04749004,dev_00,4,True,True,True,before_or_at,0.5714285714285714,complete_fixed_behavior_discounted_return_not_vpi,100.22152414584981,13.131176103889267,-1.9952740737668662,-87.09034804196054,87.09034804196054,7584.72872206982,87.09034804196054,"[0.242472,0.0,0.060047,0.06773,0.629751]",0.629751,0.38727899999999993,4,4,4,4,False,False
candidate_popart_critic_target,mappo,7,6,dev_01_state_01,a4bbd832c514e8ecb281380734580807ec9ec04ce04b6be662dd729667c979e5,dev_01,0,True,False,True,before_or_at,0.0,complete_fixed_behavior_discounted_return_not_vpi,75.65614047157035,12.651374144442926,-2.0133275414857263,-63.00476632712743,63.00476632712743,3969.60057993593,63.00476632712743,"[0.194382,0.159859,0.054536,0.058022,0.533202]",0.533202,0.33881999999999995,4,4,4,4,False,False
candidate_popart_critic_target,mappo,7,6,dev_01_state_02,63fee8a32f4b1c8d4d78562135b7b123d9efca8ef1fd10c52757463ac3a4c28b,dev_01,1,True,False,True,before_or_at,0.125,complete_fixed_behavior_discounted_return_not_vpi,99.13967366563787,12.734766381337934,-2.0101897488461864,-86.40490728429994,86.40490728429994,7465.808002808469,86.40490728429994,"[0.194334,0.160022,0.053981,0.058021,0.533642]",0.533642,0.33930799999999994,4,4,4,4,False,False
candidate_popart_critic_target,mappo,7,6,dev_01_state_03,c559429297df4987fbb22dd07eedba631d6c671c0ff9130cbe932ee596739c54,dev_01,1,True,True,True,before_or_at,0.125,complete_fixed_behavior_discounted_return_not_vpi,99.13967366563787,12.902334166579294,-2.0038846899734244,-86.23733949905858,86.23733949905858,7436.878723875889,86.23733949905858,"[0.236731,0.0,0.061072,0.067552,0.634645]",0.634645,0.397914,4,4,4,4,False,False
candidate_popart_critic_target,mappo,7,6,dev_01_state_04,7358d67bd36c9a85cc6e8138adeb39b8726469ca30f20c1f0942cc3f76de4651,dev_01,2,True,False,True,before_or_at,0.25,complete_fixed_behavior_discounted_return_not_vpi,99.35350480891441,12.642239343467196,-2.0136712558688936,-86.71126546544721,86.71126546544721,7518.843558619258,86.71126546544721,"[0.195663,0.158919,0.054666,0.058364,0.532388]",0.532388,0.33672499999999994,4,4,4,4,False,False
candidate_popart_critic_target,mappo,7,6,dev_01_state_05,0763b046fa0b532b554b052e7a0878b9d194acdb61a7240efa1f797b157b13db,dev_01,2,True,True,True,before_or_at,0.25,complete_fixed_behavior_discounted_return_not_vpi,99.35350480891441,12.819647287126578,-2.006995942188183,-86.53385752178784,86.53385752178784,7488.108497601077,86.53385752178784,"[0.238239,0.0,0.061663,0.067796,0.632302]",0.632302,0.39406300000000005,4,4,4,4,False,False
candidate_popart_critic_target,mappo,7,6,dev_01_state_06,fd2e5861fe027bcb3635018576d2d5ce1b9b63d2b09ed94737c380749ee87049,dev_01,3,False,True,True,before_or_at,0.375,complete_fixed_behavior_discounted_return_not_vpi,99.53944465087416,12.541438488985733,-2.0174640810889377,-86.99800616188843,86.99800616188843,7568.653076143976,86.99800616188843,"[0.233715,0.0,0.061294,0.065836,0.639154]",0.639154,0.405439,4,4,4,4,False,False
candidate_popart_critic_target,mappo,7,6,dev_01_state_07,183ebb194b29cf885e5c212fd6e18171c5539439db50572f3120f6c0133c5049,dev_01,3,False,True,True,before_or_at,0.375,complete_fixed_behavior_discounted_return_not_vpi,99.53944465087416,12.547086327490277,-2.017251570347546,-86.99235832338388,86.99235832338388,7567.670406664017,86.99235832338388,"[0.233821,0.0,0.061289,0.065855,0.639035]",0.639035,0.405214,4,4,4,4,False,False
candidate_popart_critic_target,mappo,7,6,dev_01_state_08,d2bf64fb9b88e145885e5ed0f74f9f639967dd914d669e6f6d9e93f684a95a73,dev_01,4,True,True,True,before_or_at,0.5,complete_fixed_behavior_discounted_return_not_vpi,99.72721960667732,13.148924992329917,-1.994606237843731,-86.57829461434741,86.57829461434741,7495.801098328739,86.57829461434741,"[0.240142,0.0,0.060366,0.067559,0.631934]",0.631934,0.39179200000000003,4,4,4,4,False,False
candidate_popart_critic_target,mappo,7,6,dev_01_state_09,13fb32efb5dd998abdd32f46158b290acced91d28620d9d15377f2694497b912,dev_01,4,True,True,True,before_or_at,0.5,complete_fixed_behavior_discounted_return_not_vpi,99.72721960667732,13.148924992329917,-1.994606237843731,-86.57829461434741,86.57829461434741,7495.801098328739,86.57829461434741,"[0.240142,0.0,0.060366,0.067559,0.631934]",0.631934,0.39179200000000003,4,4,4,4,False,False
candidate_popart_critic_target,mappo,7,6,dev_01_state_10,501e02f271270613a795072dd11d6876f63160ede7c17cfbe7ee893e5b1aa82c,dev_01,4,True,True,True,before_or_at,0.375,complete_fixed_behavior_discounted_return_not_vpi,99.53944465087416,13.017858000835197,-1.9995378844395233,-86.52158665003896,86.52158665003896,7485.984956440199,86.52158665003896,"[0.238761,0.0,0.061035,0.067607,0.632598]",0.632598,0.393837,4,4,4,4,False,False
candidate_popart_critic_target,mappo,7,6,dev_01_state_11,e0c6c2402de2864424b773d58c1fc72a6bc09419a54d0cbe2f5f07d795a22db3,dev_01,4,True,True,True,before_or_at,0.5,complete_fixed_behavior_discounted_return_not_vpi,99.72721960667732,13.151573468089637,-1.9945065838704803,-86.57564613858769,86.57564613858769,7495.342504313953,86.57564613858769,"[0.240155,0.0,0.060352,0.067555,0.631939]",0.631939,0.391784,4,4,4,4,False,False
candidate_popart_critic_target,mappo,7,6,dev_01_state_12,87eae5e2295dff0be0c0317d62480330e70116056ccb6207b9f0f698ac011e38,dev_01,4,True,True,True,before_or_at,0.5,complete_fixed_behavior_discounted_return_not_vpi,99.72721960667732,13.151573468089637,-1.9945065838704803,-86.57564613858769,86.57564613858769,7495.342504313953,86.57564613858769,"[0.240155,0.0,0.060352,0.067555,0.631939]",0.631939,0.391784,4,4,4,4,False,False
candidate_popart_critic_target,mappo,7,6,dev_02_state_01,aacd1cc47660f831ce532b266ce3478bb22e2c78d466e47472c937aafefcacfb,dev_02,0,True,False,True,before_or_at,0.0,complete_fixed_behavior_discounted_return_not_vpi,75.58016750117106,12.211127242811628,-2.0298926743920203,-63.36904025835943,63.36904025835943,4015.6352632655785,63.36904025835943,"[0.195727,0.154164,0.056812,0.058363,0.534934]",0.534934,0.33920700000000004,4,4,4,4,False,False
candidate_popart_critic_target,mappo,7,6,dev_02_state_02,65837e8c4e1042b18b8987e46d37b1081f660135fc906dde8659dd34bcb25e18,dev_02,1,True,False,True,before_or_at,0.2,complete_fixed_behavior_discounted_return_not_vpi,75.81651346531233,12.102871813435861,-2.0339659922706756,-63.713641651876465,63.713641651876465,4059.4281325437273,63.713641651876465,"[0.195865,0.154487,0.057424,0.058748,0.533476]",0.533476,0.33761099999999994,4,4,4,4,False,False
candidate_popart_critic_target,mappo,7,6,dev_02_state_03,788bd1c71ab6c0f94f77fdf24a1874af9e74d3c3e59586a4d8fd42a2d4a722a2,dev_02,1,True,True,True,before_or_at,0.2,complete_fixed_behavior_discounted_return_not_vpi,75.57148846531233,12.157764159400827,-2.0319005626150015,-63.4137243059115,63.4137243059115,4021.300430346151,63.4137243059115,"[0.235696,0.0,0.064505,0.067567,0.632232]",0.632232,0.396536,4,4,4,4,False,False
candidate_popart_critic_target,mappo,7,6,dev_02_state_04,73424c66a5e9ad4241b9fb8e38cb02b30333c2e9611126a6c2f2661d805079c5,dev_02,2,True,True,True,before_or_at,0.4,complete_fixed_behavior_discounted_return_not_vpi,75.76470591996298,12.576612583409016,-2.0161405884151193,-63.18809333655396,63.18809333655396,3992.735139509055,63.18809333655396,"[0.239506,0.0,0.062913,0.067654,0.629927]",0.629927,0.390421,4,4,4,4,False,False
candidate_popart_critic_target,mappo,7,6,dev_02_state_05,07a0c6f5a831ee8a70a2e4f82ae69cc5df3eb3540cdda40dc84dfab435b8d8ac,dev_02,2,False,True,True,before_or_at,0.4,complete_fixed_behavior_discounted_return_not_vpi,75.76470591996298,12.223823882307265,-2.0294149390123293,-63.54088203765571,63.54088203765571,4037.4436901232784,63.54088203765571,"[0.234982,0.0,0.06359,0.066039,0.635389]",0.635389,0.40040699999999996,4,4,4,4,False,False
candidate_popart_critic_target,mappo,7,6,dev_02_state_06,cd47e258d721757c11ea4050f051bb017e502287edeba848b9bb4aed7aa04c14,dev_02,3,True,True,True,before_or_at,0.6,complete_fixed_behavior_discounted_return_not_vpi,75.75848028252462,12.55119531704451,-2.0170969617453633,-63.207284965480106,63.207284965480106,3995.1608727074076,63.207284965480106,"[0.239971,0.0,0.062829,0.067712,0.629487]",0.629487,0.38951600000000003,4,4,4,4,False,False
candidate_popart_critic_target,mappo,7,6,dev_02_state_07,446e55a68c01f9b6b3d75b3584e53818ff209784976039bdb016348e222bb7bc,dev_02,3,False,True,True,before_or_at,0.6,complete_fixed_behavior_discounted_return_not_vpi,75.75848028252462,12.22839883526676,-2.029242797644535,-63.53008144725786,63.53008144725786,4036.071248695217,63.53008144725786,"[0.235756,0.0,0.0634,0.066112,0.634733]",0.634733,0.398977,4,4,4,4,False,False
candidate_popart_critic_target,mappo,7,6,dev_02_state_08,da66deba85e976a12ee91266832b3fe4996e44cc0333ff92fe0fb0072b304773,dev_02,3,False,True,True,before_or_at,0.4,complete_fixed_behavior_discounted_return_not_vpi,75.76470591996298,12.141388706051742,-2.0325167204121906,-63.623317213911236,63.623317213911236,4047.9264933019736,63.623317213911236,"[0.234536,0.0,0.063561,0.065894,0.636009]",0.636009,0.4014730000000001,4,4,4,4,False,False
candidate_popart_critic_target,mappo,7,6,dev_02_state_09,9b17e313c9c022b073c532cab790a8e4bbbfb88e37c386bc4de0316793e72b69,dev_02,4,True,False,True,before_or_at,0.8,complete_fixed_behavior_discounted_return_not_vpi,100.75270180026362,12.420599279094773,-2.022010887811979,-88.33210252116885,88.33210252116885,7802.560335810284,88.33210252116885,"[0.199883,0.15165,0.056589,0.059273,0.532604]",0.532604,0.33272099999999993,4,4,4,4,False,False
candidate_popart_critic_target,mappo,7,6,dev_02_state_10,e6a58b6c7a7e16fa45b8c640dbd4b125a27da61dec2113082cdfa830027b3bfb,dev_02,4,True,False,True,before_or_at,0.8,complete_fixed_behavior_discounted_return_not_vpi,75.75270180026362,12.420599279094773,-2.022010887811979,-63.33210252116885,63.33210252116885,4010.9552097518417,63.33210252116885,"[0.199883,0.15165,0.056589,0.059273,0.532604]",0.532604,0.33272099999999993,4,4,4,4,False,False
candidate_popart_critic_target,mappo,7,6,dev_02_state_11,5fbcd355ad6ef625fe912c4a3485f5db6bcdb20e7b2dcdd955d3fe332063d473,dev_02,4,True,False,True,before_or_at,0.6,complete_fixed_behavior_discounted_return_not_vpi,75.75848028252462,12.423299348988266,-2.0219092925106237,-63.33518093353635,63.33518093353635,4011.3451438837865,63.33518093353635,"[0.197826,0.151895,0.056137,0.058607,0.535535]",0.535535,0.337709,4,4,4,4,False,False
candidate_popart_critic_target,mappo,7,6,dev_02_state_12,fdd3f8ff3f38604c74d277ed795fde0f3d9fa09eb963e4d8820de9b76534d356,dev_02,4,True,False,True,after,0.6,complete_fixed_behavior_discounted_return_not_vpi,100.50848028252462,12.423299348988266,-2.0219092925106237,-88.08518093353635,88.08518093353635,7758.999100093835,88.08518093353635,"[0.197826,0.151895,0.056137,0.058607,0.535535]",0.535535,0.337709,4,4,4,4,False,False
candidate_popart_critic_target,mappo,7,6,dev_03_state_01,62750fc5f603af0e58fc56236599571502c69cfa558f3283ab10e1bc858471ae,dev_03,0,True,False,True,before_or_at,0.0,complete_fixed_behavior_discounted_return_not_vpi,75.32227037485364,11.782217365884314,-2.0460312300293144,-63.54005300896933,63.54005300896933,4037.3383363826324,63.54005300896933,"[0.187551,0.161751,0.057706,0.058576,0.534415]",0.534415,0.34686399999999995,4,4,4,4,False,False
candidate_popart_critic_target,mappo,7,6,dev_03_state_02,49dc0c665e7c8d1673bc0818a98dec317568afa99b48ce13b276daf91fdf1003,dev_03,1,True,False,True,before_or_at,0.1,complete_fixed_behavior_discounted_return_not_vpi,75.2654274086768,11.823518731686683,-2.044477187033912,-63.44190867699012,63.44190867699012,4024.875776579554,63.44190867699012,"[0.188579,0.160947,0.057521,0.058691,0.534262]",0.534262,0.345683,4,4,4,4,False,False
candidate_popart_critic_target,mappo,7,6,dev_03_state_03,5c249417d557afb821d09652c2ced9028d3dd95a2292007d63fec0a2af97227d,dev_03,1,True,True,True,before_or_at,0.1,complete_fixed_behavior_discounted_return_not_vpi,75.2654274086768,12.433317898205388,-2.0215323254071755,-62.83210951047141,62.83210951047141,3947.873985535872,62.83210951047141,"[0.237255,0.0,0.064222,0.069167,0.629356]",0.629356,0.39210100000000003,4,4,4,4,False,False
candidate_popart_critic_target,mappo,7,6,dev_03_state_04,f5f32654c6274248e0d209cab36df9f70fd51f283f1cd0807581b37e93a74a25,dev_03,2,False,False,True,before_or_at,0.2,complete_fixed_behavior_discounted_return_not_vpi,75.46738204163074,11.464587727796385,-2.0579826535382777,-64.00279431383436,64.00279431383436,4096.357679978987,64.00279431383436,"[0.18617,0.157857,0.058555,0.057972,0.539446]",0.539446,0.353276,4,4,4,4,False,False
candidate_popart_critic_target,mappo,7,6,dev_03_state_05,6cc42ee25dea2b20e7ddf5c4193dae1de54521b21ce67836be05490494a0b931,dev_03,2,True,False,True,before_or_at,0.2,complete_fixed_behavior_discounted_return_not_vpi,75.22963452915576,12.116023282216965,-2.033471143067956,-63.113611246938795,63.113611246938795,3983.3279246297193,63.113611246938795,"[0.191239,0.158993,0.056917,0.058946,0.533904]",0.533904,0.34266500000000005,4,4,4,4,False,False
candidate_popart_critic_target,mappo,7,6,dev_03_state_06,1217155fad78690dd6f9e30d323674dca8a13a10b95a50b6354593aed403e43d,dev_03,3,True,True,True,before_or_at,0.3,complete_fixed_behavior_discounted_return_not_vpi,75.17185584736579,12.428747375625044,-2.021704300073469,-62.74310847174075,62.74310847174075,3936.6976606966255,62.74310847174075,"[0.233178,0.0,0.062943,0.067554,0.636326]",0.636326,0.40314799999999995,4,4,4,4,False,False
candidate_popart_critic_target,mappo,7,6,dev_03_state_07,c9b593dfc8699de434ab870b13435c9305897d412b8dedc394c04fd20511d413,dev_03,3,False,True,True,before_or_at,0.2,complete_fixed_behavior_discounted_return_not_vpi,75.22963452915576,12.06796737043134,-2.0352793387933827,-63.16166715872442,63.16166715872442,3989.396198269487,63.16166715872442,"[0.233494,0.0,0.064977,0.067798,0.633731]",0.633731,0.40023700000000006,4,4,4,4,False,False
candidate_popart_critic_target,mappo,7,6,dev_03_state_08,6b17f75e0e3f5de80f49678d788da5519dddc9cc9bd584c0ee650b8d7219e7b6,dev_03,3,True,True,True,before_or_at,0.3,complete_fixed_behavior_discounted_return_not_vpi,75.4120048498658,12.222345488635575,-2.0294705664058865,-63.18965936123022,63.18965936123022,3992.93305018831,63.18965936123022,"[0.23222,0.0,0.063892,0.067786,0.636102]",0.636102,0.40388199999999996,4,4,4,4,False,False
candidate_popart_critic_target,mappo,7,6,dev_03_state_09,0ccde0ef6c389b7341f4f1ea7beb149b259aad13dd1630dab7db376142e1073a,dev_03,3,False,False,True,before_or_at,0.2,complete_fixed_behavior_discounted_return_not_vpi,75.46738204163074,11.34988217669526,-2.062298669601171,-64.11749986493548,64.11749986493548,4111.053788930001,64.11749986493548,"[0.185656,0.157477,0.058647,0.057895,0.540326]",0.540326,0.35467,4,4,4,4,False,False
candidate_popart_critic_target,mappo,7,6,dev_03_state_10,ebe2739e96e527d82f495d7e680acc3138491d2e16ff51c3923b53550c15ae25,dev_03,3,True,True,True,before_or_at,0.3,complete_fixed_behavior_discounted_return_not_vpi,74.92928109736579,12.75194166088302,-2.009543496056416,-62.17733943648277,62.17733943648277,3866.0215393995954,62.17733943648277,"[0.239257,0.0,0.062496,0.068584,0.629663]",0.629663,0.390406,4,4,4,4,False,False
candidate_popart_critic_target,mappo,7,6,dev_03_state_11,6f4069e08051d555eb68fe1fc24e55e73bd96f49eec834dcd284e6fcc78d573c,dev_03,4,True,False,True,before_or_at,0.4,complete_fixed_behavior_discounted_return_not_vpi,75.39606346424462,12.034359756253345,-2.0365438896475947,-63.361703707991275,63.361703707991275,4014.705496779275,63.361703707991275,"[0.191005,0.159165,0.057107,0.058929,0.533794]",0.533794,0.342789,4,4,4,4,False,False
candidate_popart_critic_target,mappo,7,6,dev_03_state_12,3280b55b15e26af81785ba01c8673bf4d36b50b213800bb4ae9d9639e7519111,dev_03,4,True,False,True,before_or_at,0.3,complete_fixed_behavior_discounted_return_not_vpi,74.92928109736579,12.25539680708276,-2.0282269472440544,-62.67388429028303,62.67388429028303,3928.0157720317857,62.67388429028303,"[0.191585,0.156742,0.055974,0.058393,0.537305]",0.537305,0.34572,4,4,4,4,False,False
candidate_popart_critic_target,mappo,17,6,dev_00_state_01,2cb31cda5fedadef13eb6ef29f9fb864a9636c64a8a0b599c358ab8e79aa2f2e,dev_00,0,True,False,True,before_or_at,0.0,complete_fixed_behavior_discounted_return_not_vpi,99.16542974483956,16.182987653682126,-1.7487658060337536,-82.98244209115742,82.98244209115742,6886.0856954122955,82.98244209115742,"[0.259906,0.267633,0.058381,0.097186,0.316895]",0.316895,0.04926199999999997,4,1,1,1,False,False
candidate_popart_critic_target,mappo,17,6,dev_00_state_02,4fe79a7d2f5b835a26cde6caefb444f6301c270d44971bde40489a612dd2b391,dev_00,1,True,False,True,before_or_at,0.14285714285714285,complete_fixed_behavior_discounted_return_not_vpi,99.43405463063405,16.022783901144486,-1.7547284905769813,-83.41127072948956,83.41127072948956,6957.4400847082015,83.41127072948956,"[0.258599,0.266259,0.058525,0.096467,0.32015]",0.32015,0.05389099999999997,4,1,1,1,False,False
candidate_popart_critic_target,mappo,17,6,dev_00_state_03,c47e6b288039285428aafce3d49684ca2d11b023896665b0b3daac8a9dcaa176,dev_00,1,True,True,True,before_or_at,0.14285714285714285,complete_fixed_behavior_discounted_return_not_vpi,99.43405463063405,16.486718098524783,-1.7374611468102095,-82.94733653210926,82.94733653210926,6880.260637770988,82.94733653210926,"[0.355903,0.0,0.081579,0.128491,0.434027]",0.434027,0.07812399999999997,4,1,4,4,True,False
candidate_popart_critic_target,mappo,17,6,dev_00_state_04,db2399dc4a1846b64b81f411e0237050b1ffd324fd9a4bd78478baf6f2a1e9df,dev_00,2,False,True,True,before_or_at,0.2857142857142857,complete_fixed_behavior_discounted_return_not_vpi,99.63275207083052,16.462236121800068,-1.7383723508356572,-83.17051594903046,83.17051594903046,6917.33472322793,83.17051594903046,"[0.355807,0.0,0.084447,0.125608,0.434139]",0.434139,0.07833200000000001,4,1,4,4,True,False
candidate_popart_critic_target,mappo,17,6,dev_00_state_05,b439a8ded6b7704f73b9af3aad6b5a11f4e642b89173768c49bca3fb2b8e11e1,dev_00,2,False,False,True,before_or_at,0.2857142857142857,complete_fixed_behavior_discounted_return_not_vpi,99.63275207083052,15.94216113402829,-1.757729220083633,-83.69059093680224,83.69059093680224,7004.115011351165,83.69059093680224,"[0.257467,0.2671,0.060716,0.094137,0.32058]",0.32058,0.05347999999999997,4,1,1,1,False,False
candidate_popart_critic_target,mappo,17,6,dev_00_state_06,05d5cb2b4cdc84a07f67d30b6d40026f1ae9404889525cd1fd230abd3ad151ac,dev_00,3,True,True,True,before_or_at,0.42857142857142855,complete_fixed_behavior_discounted_return_not_vpi,99.98305426895568,16.690043767358347,-1.729893491224174,-83.29301050159734,83.29301050159734,6937.725598419204,83.29301050159734,"[0.360247,0.0,0.08082,0.127497,0.431436]",0.431436,0.071189,4,1,4,4,True,False
candidate_popart_critic_target,mappo,17,6,dev_00_state_07,be44ebe79f69d66fa111d2fd9181f41a47efe8ab066cbd91663de162f21bfdca,dev_00,3,True,True,True,before_or_at,0.42857142857142855,complete_fixed_behavior_discounted_return_not_vpi,99.98305426895568,16.690043767358347,-1.729893491224174,-83.29301050159734,83.29301050159734,6937.725598419204,83.29301050159734,"[0.360247,0.0,0.08082,0.127497,0.431436]",0.431436,0.071189,4,1,4,4,True,False
candidate_popart_critic_target,mappo,17,6,dev_00_state_08,54b81637eaa22690c2f9140cabc601d934d118af96613f57981add5ac63c1553,dev_00,3,True,True,True,before_or_at,0.2857142857142857,complete_fixed_behavior_discounted_return_not_vpi,99.63275207083052,16.82368458705774,-1.7249194626053457,-82.80906748377278,82.80906748377278,6857.341657532034,82.80906748377278,"[0.361599,0.0,0.081138,0.127831,0.429432]",0.429432,0.06783299999999998,4,1,4,4,True,False
candidate_popart_critic_target,mappo,17,6,dev_00_state_09,4c5424ef8068127f88abfde3c8019231c91f8960d17e43927afbffc74d0ef8a3,dev_00,3,False,True,True,before_or_at,0.42857142857142855,complete_fixed_behavior_discounted_return_not_vpi,99.98305426895568,16.392175858336586,-1.7409799504919137,-83.5908784106191,83.5908784106191,6987.434953458906,83.5908784106191,"[0.357254,0.0,0.083474,0.12661,0.432662]",0.432662,0.07540799999999998,4,1,4,4,True,False
candidate_popart_critic_target,mappo,17,6,dev_00_state_10,56cb3633f940a0aa4754de669549dee3763dc62aa8d33e8feb481d858f69cc45,dev_00,3,False,True,True,before_or_at,0.42857142857142855,complete_fixed_behavior_discounted_return_not_vpi,99.98305426895568,16.392175858336586,-1.7409799504919137,-83.5908784106191,83.5908784106191,6987.434953458906,83.5908784106191,"[0.357254,0.0,0.083474,0.12661,0.432662]",0.432662,0.07540799999999998,4,1,4,4,True,False
candidate_popart_critic_target,mappo,17,6,dev_00_state_11,616869b075de6c2da36a5545c9128137f476e5cb4f0ae4851e0c1b46d0deef42,dev_00,3,False,True,True,before_or_at,0.2857142857142857,complete_fixed_behavior_discounted_return_not_vpi,99.63275207083052,16.55182521859347,-1.735037900086345,-83.08092685223704,83.08092685223704,6902.440406626762,83.08092685223704,"[0.358749,0.0,0.083701,0.127055,0.430495]",0.430495,0.07174600000000003,4,1,4,4,True,False
candidate_popart_critic_target,mappo,17,6,dev_00_state_12,50772a9d479dd040bdfcd26f5a4e632848da15cc67dcf85fb3ae790c04749004,dev_00,4,True,True,True,before_or_at,0.5714285714285714,complete_fixed_behavior_discounted_return_not_vpi,100.22152414584981,16.80467273674447,-1.7256270719104054,-83.41685140910533,83.41685140910533,6958.371099008758,83.41685140910533,"[0.359899,0.0,0.081105,0.125416,0.43358]",0.43358,0.073681,4,1,4,4,True,False
candidate_popart_critic_target,mappo,17,6,dev_01_state_01,a4bbd832c514e8ecb281380734580807ec9ec04ce04b6be662dd729667c979e5,dev_01,0,True,False,True,before_or_at,0.0,complete_fixed_behavior_discounted_return_not_vpi,75.65614047157035,15.996812324005809,-1.755695136608145,-59.659328147564544,59.659328147564544,3559.235435018787,59.659328147564544,"[0.25923,0.267534,0.057669,0.098779,0.316788]",0.316788,0.04925400000000002,4,1,1,1,False,False
candidate_popart_critic_target,mappo,17,6,dev_01_state_02,63fee8a32f4b1c8d4d78562135b7b123d9efca8ef1fd10c52757463ac3a4c28b,dev_01,1,True,False,True,before_or_at,0.125,complete_fixed_behavior_discounted_return_not_vpi,99.13967366563787,16.104236665196304,-1.7516968690979473,-83.03543700044156,83.03543700044156,6894.8837978543,83.03543700044156,"[0.259391,0.26892,0.057301,0.09768,0.316708]",0.316708,0.047788,4,1,1,1,False,False
candidate_popart_critic_target,mappo,17,6,dev_01_state_03,c559429297df4987fbb22dd07eedba631d6c671c0ff9130cbe932ee596739c54,dev_01,1,True,True,True,before_or_at,0.125,complete_fixed_behavior_discounted_return_not_vpi,99.13967366563787,16.572720363065592,-1.7342601957379828,-82.56695330257227,82.56695330257227,6817.30177766915,82.56695330257227,"[0.358354,0.0,0.080282,0.130594,0.43077]",0.43077,0.07241599999999998,4,1,4,4,True,False
candidate_popart_critic_target,mappo,17,6,dev_01_state_04,7358d67bd36c9a85cc6e8138adeb39b8726469ca30f20c1f0942cc3f76de4651,dev_01,2,True,False,True,before_or_at,0.25,complete_fixed_behavior_discounted_return_not_vpi,99.35350480891441,16.01182651496316,-1.755136317710757,-83.34167829395125,83.34167829395125,6945.8353408524645,83.34167829395125,"[0.258494,0.268365,0.057502,0.096544,0.319094]",0.319094,0.05072899999999997,4,1,1,1,False,False
candidate_popart_critic_target,mappo,17,6,dev_01_state_05,0763b046fa0b532b554b052e7a0878b9d194acdb61a7240efa1f797b157b13db,dev_01,2,True,True,True,before_or_at,0.25,complete_fixed_behavior_discounted_return_not_vpi,99.35350480891441,16.513902905152854,-1.7364493451281375,-82.83960190376155,82.83960190376155,6862.3996435736935,82.83960190376155,"[0.357378,0.0,0.080469,0.129102,0.433051]",0.433051,0.07567300000000005,4,1,4,4,True,False
candidate_popart_critic_target,mappo,17,6,dev_01_state_06,fd2e5861fe027bcb3635018576d2d5ce1b9b63d2b09ed94737c380749ee87049,dev_01,3,False,True,True,before_or_at,0.375,complete_fixed_behavior_discounted_return_not_vpi,99.53944465087416,16.187902727780703,-1.7485828700170112,-83.35154192309346,83.35154192309346,6947.479540957207,83.35154192309346,"[0.352606,0.0,0.083813,0.126391,0.43719]",0.43719,0.08458400000000005,4,1,4,4,True,False
candidate_popart_critic_target,mappo,17,6,dev_01_state_07,183ebb194b29cf885e5c212fd6e18171c5539439db50572f3120f6c0133c5049,dev_01,3,False,True,True,before_or_at,0.375,complete_fixed_behavior_discounted_return_not_vpi,99.53944465087416,16.190406907985185,-1.7484896659792644,-83.34903774288898,83.34903774288898,6947.062092665532,83.34903774288898,"[0.352649,0.0,0.083806,0.126393,0.437151]",0.437151,0.08450200000000002,4,1,4,4,True,False
candidate_popart_critic_target,mappo,17,6,dev_01_state_08,d2bf64fb9b88e145885e5ed0f74f9f639967dd914d669e6f6d9e93f684a95a73,dev_01,4,True,True,True,before_or_at,0.5,complete_fixed_behavior_discounted_return_not_vpi,99.72721960667732,16.710411966559114,-1.7291353994527638,-83.0168076401182,83.0168076401182,6891.790350756388,83.0168076401182,"[0.360792,0.0,0.079937,0.128418,0.430852]",0.430852,0.07006000000000001,4,1,4,4,True,False
candidate_popart_critic_target,mappo,17,6,dev_01_state_09,13fb32efb5dd998abdd32f46158b290acced91d28620d9d15377f2694497b912,dev_01,4,True,True,True,before_or_at,0.5,complete_fixed_behavior_discounted_return_not_vpi,99.72721960667732,16.710411966559114,-1.7291353994527638,-83.0168076401182,83.0168076401182,6891.790350756388,83.0168076401182,"[0.360792,0.0,0.079937,0.128418,0.430852]",0.430852,0.07006000000000001,4,1,4,4,True,False
candidate_popart_critic_target,mappo,17,6,dev_01_state_10,501e02f271270613a795072dd11d6876f63160ede7c17cfbe7ee893e5b1aa82c,dev_01,4,True,True,True,before_or_at,0.375,complete_fixed_behavior_discounted_return_not_vpi,99.53944465087416,16.608145813358426,-1.7329416823976145,-82.93129883751573,82.93129883751573,6877.6003268773375,82.93129883751573,"[0.360307,0.0,0.080057,0.129683,0.429953]",0.429953,0.06964599999999999,4,1,4,4,True,False
candidate_popart_critic_target,mappo,17,6,dev_01_state_11,e0c6c2402de2864424b773d58c1fc72a6bc09419a54d0cbe2f5f07d795a22db3,dev_01,4,True,True,True,before_or_at,0.5,complete_fixed_behavior_discounted_return_not_vpi,99.72721960667732,16.71204996803798,-1.7290744340512354,-83.01516963863935,83.01516963863935,6891.518390132069,83.01516963863935,"[0.360826,0.0,0.079945,0.128404,0.430825]",0.430825,0.06999900000000003,4,1,4,4,True,False
candidate_popart_critic_target,mappo,17,6,dev_01_state_12,87eae5e2295dff0be0c0317d62480330e70116056ccb6207b9f0f698ac011e38,dev_01,4,True,True,True,before_or_at,0.5,complete_fixed_behavior_discounted_return_not_vpi,99.72721960667732,16.71204996803798,-1.7290744340512354,-83.01516963863935,83.01516963863935,6891.518390132069,83.01516963863935,"[0.360826,0.0,0.079945,0.128404,0.430825]",0.430825,0.06999900000000003,4,1,4,4,True,False
candidate_popart_critic_target,mappo,17,6,dev_02_state_01,aacd1cc47660f831ce532b266ce3478bb22e2c78d466e47472c937aafefcacfb,dev_02,0,True,False,True,before_or_at,0.0,complete_fixed_behavior_discounted_return_not_vpi,75.58016750117106,15.545188719594243,-1.7725042877218118,-60.03497878157682,60.03497878157682,3604.1986773043786,60.03497878157682,"[0.251397,0.261566,0.059047,0.099148,0.328842]",0.328842,0.067276,4,1,1,1,False,False
candidate_popart_critic_target,mappo,17,6,dev_02_state_02,65837e8c4e1042b18b8987e46d37b1081f660135fc906dde8659dd34bcb25e18,dev_02,1,True,False,True,before_or_at,0.2,complete_fixed_behavior_discounted_return_not_vpi,75.81651346531233,15.434370951748924,-1.776628856472416,-60.3821425135634,60.3821425135634,3646.003134528281,60.3821425135634,"[0.250589,0.260788,0.058923,0.097957,0.331742]",0.331742,0.07095399999999996,4,1,1,1,False,False
candidate_popart_critic_target,mappo,17,6,dev_02_state_03,788bd1c71ab6c0f94f77fdf24a1874af9e74d3c3e59586a4d8fd42a2d4a722a2,dev_02,1,True,True,True,before_or_at,0.2,complete_fixed_behavior_discounted_return_not_vpi,75.57148846531233,16.042792232574918,-1.7539837928613147,-59.52869623273741,59.52869623273741,3543.665675169525,59.52869623273741,"[0.344275,0.0,0.081735,0.129513,0.444477]",0.444477,0.10020200000000001,4,1,4,4,True,False
candidate_popart_critic_target,mappo,17,6,dev_02_state_04,73424c66a5e9ad4241b9fb8e38cb02b30333c2e9611126a6c2f2661d805079c5,dev_02,2,True,True,True,before_or_at,0.4,complete_fixed_behavior_discounted_return_not_vpi,75.76470591996298,16.287307066357343,-1.744883102041717,-59.477398853605635,59.477398853605635,3537.560974390889,59.477398853605635,"[0.34866,0.0,0.081355,0.128781,0.441204]",0.441204,0.09254399999999996,4,1,4,4,True,False
candidate_popart_critic_target,mappo,17,6,dev_02_state_05,07a0c6f5a831ee8a70a2e4f82ae69cc5df3eb3540cdda40dc84dfab435b8d8ac,dev_02,2,False,True,True,before_or_at,0.4,complete_fixed_behavior_discounted_return_not_vpi,75.76470591996298,15.928274804051235,-1.758246060693199,-59.83643111591174,59.83643111591174,3580.3984886892513,59.83643111591174,"[0.345128,0.0,0.084276,0.127891,0.442705]",0.442705,0.09757700000000002,4,1,4,4,True,False
candidate_popart_critic_target,mappo,17,6,dev_02_state_06,cd47e258d721757c11ea4050f051bb017e502287edeba848b9bb4aed7aa04c14,dev_02,3,True,True,True,before_or_at,0.6,complete_fixed_behavior_discounted_return_not_vpi,75.75848028252462,16.25087042408476,-1.7462392513218958,-59.50760985843986,59.50760985843986,3541.155631064288,59.50760985843986,"[0.346251,0.0,0.081491,0.126339,0.445918]",0.445918,0.099667,4,1,4,4,True,False
candidate_popart_critic_target,mappo,17,6,dev_02_state_07,446e55a68c01f9b6b3d75b3584e53818ff209784976039bdb016348e222bb7bc,dev_02,3,False,True,True,before_or_at,0.6,complete_fixed_behavior_discounted_return_not_vpi,75.75848028252462,15.873673122106176,-1.7602783015103518,-59.88480716041844,59.88480716041844,3586.1901286405036,59.88480716041844,"[0.342431,0.0,0.084471,0.125431,0.447668]",0.447668,0.10523700000000002,4,1,4,4,True,False
candidate_popart_critic_target,mappo,17,6,dev_02_state_08,da66deba85e976a12ee91266832b3fe4996e44cc0333ff92fe0fb0072b304773,dev_02,3,False,True,True,before_or_at,0.4,complete_fixed_behavior_discounted_return_not_vpi,75.76470591996298,15.870197947880051,-1.7604076453447808,-59.89450797208293,59.89450797208293,3587.3520852179054,59.89450797208293,"[0.343376,0.0,0.084685,0.126996,0.444943]",0.444943,0.10156699999999996,4,1,4,4,True,False
candidate_popart_critic_target,mappo,17,6,dev_02_state_09,9b17e313c9c022b073c532cab790a8e4bbbfb88e37c386bc4de0316793e72b69,dev_02,4,True,False,True,before_or_at,0.8,complete_fixed_behavior_discounted_return_not_vpi,100.75270180026362,15.774163814899893,-1.763981976353092,-84.97853798536373,84.97853798536373,7221.351918129906,84.97853798536373,"[0.255635,0.261058,0.057887,0.095646,0.329774]",0.329774,0.068716,4,1,1,1,False,False
candidate_popart_critic_target,mappo,17,6,dev_02_state_10,e6a58b6c7a7e16fa45b8c640dbd4b125a27da61dec2113082cdfa830027b3bfb,dev_02,4,True,False,True,before_or_at,0.8,complete_fixed_behavior_discounted_return_not_vpi,75.75270180026362,15.774163814899893,-1.763981976353092,-59.97853798536373,59.97853798536373,3597.4250188617198,59.97853798536373,"[0.255635,0.261058,0.057887,0.095646,0.329774]",0.329774,0.068716,4,1,1,1,False,False
candidate_popart_critic_target,mappo,17,6,dev_02_state_11,5fbcd355ad6ef625fe912c4a3485f5db6bcdb20e7b2dcdd955d3fe332063d473,dev_02,4,True,False,True,before_or_at,0.6,complete_fixed_behavior_discounted_return_not_vpi,75.75848028252462,15.704357779706257,-1.7665801137904489,-60.05412250281836,60.05412250281836,3606.4976295835145,60.05412250281836,"[0.253709,0.259413,0.058644,0.096363,0.331871]",0.331871,0.07245800000000002,4,1,1,1,False,False
candidate_popart_critic_target,mappo,17,6,dev_02_state_12,fdd3f8ff3f38604c74d277ed795fde0f3d9fa09eb963e4d8820de9b76534d356,dev_02,4,True,False,True,after,0.6,complete_fixed_behavior_discounted_return_not_vpi,100.50848028252462,15.704357779706257,-1.7665801137904489,-84.80412250281836,84.80412250281836,7191.739193473023,84.80412250281836,"[0.253709,0.259413,0.058644,0.096363,0.331871]",0.331871,0.07245800000000002,4,1,1,1,False,False
candidate_popart_critic_target,mappo,17,6,dev_03_state_01,62750fc5f603af0e58fc56236599571502c69cfa558f3283ab10e1bc858471ae,dev_03,0,True,False,True,before_or_at,0.0,complete_fixed_behavior_discounted_return_not_vpi,75.32227037485364,15.576294353186384,-1.7713465552861523,-59.74597602166726,59.74597602166726,3569.5816507816394,59.74597602166726,"[0.25354,0.263881,0.058473,0.09771,0.326396]",0.326396,0.06251500000000004,4,1,1,1,False,False
candidate_popart_critic_target,mappo,17,6,dev_03_state_02,49dc0c665e7c8d1673bc0818a98dec317568afa99b48ce13b276daf91fdf1003,dev_03,1,True,False,True,before_or_at,0.1,complete_fixed_behavior_discounted_return_not_vpi,75.2654274086768,15.632956480294162,-1.7692376259749456,-59.63247092838264,59.63247092838264,3556.0315890244005,59.63247092838264,"[0.253464,0.265019,0.058255,0.096513,0.326749]",0.326749,0.06173000000000001,4,1,1,1,False,False
candidate_popart_critic_target,mappo,17,6,dev_03_state_03,5c249417d557afb821d09652c2ced9028d3dd95a2292007d63fec0a2af97227d,dev_03,1,True,True,True,before_or_at,0.1,complete_fixed_behavior_discounted_return_not_vpi,75.2654274086768,16.331251053797537,-1.7432475340195768,-58.93417635487926,58.93417635487926,3473.23714262801,58.93417635487926,"[0.351952,0.0,0.080645,0.12827,0.439132]",0.439132,0.08718000000000004,4,1,4,4,True,False
candidate_popart_critic_target,mappo,17,6,dev_03_state_04,f5f32654c6274248e0d209cab36df9f70fd51f283f1cd0807581b37e93a74a25,dev_03,2,False,False,True,before_or_at,0.2,complete_fixed_behavior_discounted_return_not_vpi,75.46738204163074,15.24946152058449,-1.783511071087471,-60.21792052104625,60.21792052104625,3626.1979518790436,60.21792052104625,"[0.253719,0.263646,0.060243,0.096316,0.326076]",0.326076,0.062429999999999986,4,1,1,1,False,False
candidate_popart_critic_target,mappo,17,6,dev_03_state_05,6cc42ee25dea2b20e7ddf5c4193dae1de54521b21ce67836be05490494a0b931,dev_03,2,True,False,True,before_or_at,0.2,complete_fixed_behavior_discounted_return_not_vpi,75.22963452915576,15.864837707869334,-1.7606071501613263,-59.364796821286426,59.364796821286426,3524.1791016326188,59.364796821286426,"[0.257757,0.264067,0.058434,0.096524,0.323219]",0.323219,0.05915199999999998,4,1,1,1,False,False
candidate_popart_critic_target,mappo,17,6,dev_03_state_06,1217155fad78690dd6f9e30d323674dca8a13a10b95a50b6354593aed403e43d,dev_03,3,True,True,True,before_or_at,0.3,complete_fixed_behavior_discounted_return_not_vpi,75.17185584736579,16.40915776288309,-1.7403478945122624,-58.7626980844827,58.7626980844827,3453.054686168067,58.7626980844827,"[0.351354,0.0,0.082005,0.12566,0.440982]",0.440982,0.08962799999999999,4,1,4,4,True,False
candidate_popart_critic_target,mappo,17,6,dev_03_state_07,c9b593dfc8699de434ab870b13435c9305897d412b8dedc394c04fd20511d413,dev_03,3,False,True,True,before_or_at,0.2,complete_fixed_behavior_discounted_return_not_vpi,75.22963452915576,15.997126225255634,-1.7556834533978531,-59.232508303900126,59.232508303900126,3508.4900399715975,59.232508303900126,"[0.350089,0.0,0.083618,0.126699,0.439594]",0.439594,0.089505,4,1,4,4,True,False
candidate_popart_critic_target,mappo,17,6,dev_03_state_08,6b17f75e0e3f5de80f49678d788da5519dddc9cc9bd584c0ee650b8d7219e7b6,dev_03,3,True,True,True,before_or_at,0.3,complete_fixed_behavior_discounted_return_not_vpi,75.4120048498658,16.267497694969244,-1.745620394587715,-59.14450715489655,59.14450715489655,3498.0727265956093,59.14450715489655,"[0.348623,0.0,0.081622,0.126253,0.443502]",0.443502,0.09487899999999999,4,1,4,4,True,False
candidate_popart_critic_target,mappo,17,6,dev_03_state_09,0ccde0ef6c389b7341f4f1ea7beb149b259aad13dd1630dab7db376142e1073a,dev_03,3,False,False,True,before_or_at,0.2,complete_fixed_behavior_discounted_return_not_vpi,75.46738204163074,15.15735676222473,-1.786939153203715,-60.31002527940601,60.31002527940601,3637.299149202592,60.31002527940601,"[0.252315,0.263189,0.060627,0.095704,0.328165]",0.328165,0.06497599999999998,4,1,1,1,False,False
candidate_popart_critic_target,mappo,17,6,dev_03_state_10,ebe2739e96e527d82f495d7e680acc3138491d2e16ff51c3923b53550c15ae25,dev_03,3,True,True,True,before_or_at,0.3,complete_fixed_behavior_discounted_return_not_vpi,74.92928109736579,16.529998519114883,-1.735850276335647,-58.399282578250904,58.399282578250904,3410.4762056543996,58.399282578250904,"[0.353936,0.0,0.081578,0.125804,0.438682]",0.438682,0.08474600000000004,4,1,4,4,True,False
candidate_popart_critic_target,mappo,17,6,dev_03_state_11,6f4069e08051d555eb68fe1fc24e55e73bd96f49eec834dcd284e6fcc78d573c,dev_03,4,True,False,True,before_or_at,0.4,complete_fixed_behavior_discounted_return_not_vpi,75.39606346424462,15.811537911387944,-1.7625909356070641,-59.584525552856675,59.584525552856675,3550.31568535903,59.584525552856675,"[0.256344,0.264178,0.057932,0.095864,0.325681]",0.325681,0.061502999999999974,4,1,1,1,False,False
candidate_popart_critic_target,mappo,17,6,dev_03_state_12,3280b55b15e26af81785ba01c8673bf4d36b50b213800bb4ae9d9639e7519111,dev_03,4,True,False,True,before_or_at,0.3,complete_fixed_behavior_discounted_return_not_vpi,74.92928109736579,15.949371769517462,-1.7574608446923132,-58.979909327848326,58.979909327848326,3478.62970432121,58.979909327848326,"[0.257331,0.262335,0.058952,0.095641,0.32574]",0.32574,0.06340499999999999,4,1,1,1,False,False
candidate_popart_critic_target,mappo,29,6,dev_00_state_01,2cb31cda5fedadef13eb6ef29f9fb864a9636c64a8a0b599c358ab8e79aa2f2e,dev_00,0,True,False,True,before_or_at,0.0,complete_fixed_behavior_discounted_return_not_vpi,99.16542974483956,14.864567097409804,-2.068817084129299,-84.30086264742975,84.30086264742975,7106.635443100817,84.30086264742975,"[0.305532,0.108497,0.028991,0.034625,0.522356]",0.522356,0.21682400000000002,4,4,4,4,False,False
candidate_popart_critic_target,mappo,29,6,dev_00_state_02,4fe79a7d2f5b835a26cde6caefb444f6301c270d44971bde40489a612dd2b391,dev_00,1,True,False,True,before_or_at,0.14285714285714285,complete_fixed_behavior_discounted_return_not_vpi,99.43405463063405,14.734296634655763,-2.0741218615253354,-84.69975799597829,84.69975799597829,7174.049004577288,84.69975799597829,"[0.306739,0.109281,0.029275,0.034985,0.51972]",0.51972,0.21298099999999998,4,4,4,4,False,False
candidate_popart_critic_target,mappo,29,6,dev_00_state_03,c47e6b288039285428aafce3d49684ca2d11b023896665b0b3daac8a9dcaa176,dev_00,1,True,True,True,before_or_at,0.14285714285714285,complete_fixed_behavior_discounted_return_not_vpi,99.43405463063405,14.852880029973427,-2.0692929962420816,-84.58117460066063,84.58117460066063,7153.975096827439,84.58117460066063,"[0.341537,0.0,0.032278,0.039793,0.586392]",0.586392,0.24485500000000004,4,4,4,4,False,False
candidate_popart_critic_target,mappo,29,6,dev_00_state_04,db2399dc4a1846b64b81f411e0237050b1ffd324fd9a4bd78478baf6f2a1e9df,dev_00,2,False,True,True,before_or_at,0.2857142857142857,complete_fixed_behavior_discounted_return_not_vpi,99.63275207083052,14.653135214890668,-2.0774268568089784,-84.97961685593985,84.97961685593985,7221.535280982337,84.97961685593985,"[0.334326,0.0,0.033809,0.039374,0.592491]",0.592491,0.258165,4,4,4,4,False,False
candidate_popart_critic_target,mappo,29,6,dev_00_state_05,b439a8ded6b7704f73b9af3aad6b5a11f4e642b89173768c49bca3fb2b8e11e1,dev_00,2,False,False,True,before_or_at,0.2857142857142857,complete_fixed_behavior_discounted_return_not_vpi,99.63275207083052,14.444175427083671,-2.0859359626769143,-85.18857664374684,85.18857664374684,7257.09359058753,85.18857664374684,"[0.299804,0.107786,0.030988,0.034789,0.526633]",0.526633,0.226829,4,4,4,4,False,False
candidate_popart_critic_target,mappo,29,6,dev_00_state_06,05d5cb2b4cdc84a07f67d30b6d40026f1ae9404889525cd1fd230abd3ad151ac,dev_00,3,True,True,True,before_or_at,0.42857142857142855,complete_fixed_behavior_discounted_return_not_vpi,99.98305426895568,14.988527377962917,-2.063769265303891,-84.99452689099277,84.99452689099277,7224.069601423694,84.99452689099277,"[0.341005,0.0,0.032223,0.039323,0.587449]",0.587449,0.246444,4,4,4,4,False,False
candidate_popart_critic_target,mappo,29,6,dev_00_state_07,be44ebe79f69d66fa111d2fd9181f41a47efe8ab066cbd91663de162f21bfdca,dev_00,3,True,True,True,before_or_at,0.42857142857142855,complete_fixed_behavior_discounted_return_not_vpi,99.98305426895568,14.988527377962917,-2.063769265303891,-84.99452689099277,84.99452689099277,7224.069601423694,84.99452689099277,"[0.341005,0.0,0.032223,0.039323,0.587449]",0.587449,0.246444,4,4,4,4,False,False
candidate_popart_critic_target,mappo,29,6,dev_00_state_08,54b81637eaa22690c2f9140cabc601d934d118af96613f57981add5ac63c1553,dev_00,3,True,True,True,before_or_at,0.2857142857142857,complete_fixed_behavior_discounted_return_not_vpi,99.63275207083052,15.050266535649477,-2.0612551690059115,-84.58248553518104,84.58248553518104,7154.196859309109,84.58248553518104,"[0.337968,0.0,0.032106,0.03898,0.590945]",0.590945,0.25297700000000006,4,4,4,4,False,False
candidate_popart_critic_target,mappo,29,6,dev_00_state_09,4c5424ef8068127f88abfde3c8019231c91f8960d17e43927afbffc74d0ef8a3,dev_00,3,False,True,True,before_or_at,0.42857142857142855,complete_fixed_behavior_discounted_return_not_vpi,99.98305426895568,14.726411876735021,-2.074442938803384,-85.25664239222067,85.25664239222067,7268.695071994998,85.25664239222067,"[0.337796,0.0,0.033671,0.039426,0.589107]",0.589107,0.25131100000000006,4,4,4,4,False,False
candidate_popart_critic_target,mappo,29,6,dev_00_state_10,56cb3633f940a0aa4754de669549dee3763dc62aa8d33e8feb481d858f69cc45,dev_00,3,False,True,True,before_or_at,0.42857142857142855,complete_fixed_behavior_discounted_return_not_vpi,99.98305426895568,14.726411876735021,-2.074442938803384,-85.25664239222067,85.25664239222067,7268.695071994998,85.25664239222067,"[0.337796,0.0,0.033671,0.039426,0.589107]",0.589107,0.25131100000000006,4,4,4,4,False,False
candidate_popart_critic_target,mappo,29,6,dev_00_state_11,616869b075de6c2da36a5545c9128137f476e5cb4f0ae4851e0c1b46d0deef42,dev_00,3,False,True,True,before_or_at,0.2857142857142857,complete_fixed_behavior_discounted_return_not_vpi,99.63275207083052,14.792985756054776,-2.0717319665483096,-84.83976631477574,84.83976631477574,7197.785948345757,84.83976631477574,"[0.334868,0.0,0.033505,0.039108,0.592518]",0.592518,0.25765,4,4,4,4,False,False
candidate_popart_critic_target,mappo,29,6,dev_00_state_12,50772a9d479dd040bdfcd26f5a4e632848da15cc67dcf85fb3ae790c04749004,dev_00,4,True,True,True,before_or_at,0.5714285714285714,complete_fixed_behavior_discounted_return_not_vpi,100.22152414584981,14.932499494065901,-2.066050791336433,-85.2890246517839,85.2890246517839,7274.217726052602,85.2890246517839,"[0.336716,0.0,0.032774,0.039392,0.591118]",0.591118,0.254402,4,4,4,4,False,False
candidate_popart_critic_target,mappo,29,6,dev_01_state_01,a4bbd832c514e8ecb281380734580807ec9ec04ce04b6be662dd729667c979e5,dev_01,0,True,False,True,before_or_at,0.0,complete_fixed_behavior_discounted_return_not_vpi,75.65614047157035,14.829685294187563,-2.0702375151107697,-60.82645517738279,60.82645517738279,3699.8576494461577,60.82645517738279,"[0.309218,0.108054,0.028918,0.034352,0.519459]",0.519459,0.210241,4,4,4,4,False,False
candidate_popart_critic_target,mappo,29,6,dev_01_state_02,63fee8a32f4b1c8d4d78562135b7b123d9efca8ef1fd10c52757463ac3a4c28b,dev_01,1,True,False,True,before_or_at,0.125,complete_fixed_behavior_discounted_return_not_vpi,99.13967366563787,14.770170781822237,-2.072661021048012,-84.36950288381564,84.36950288381564,7118.213016862176,84.36950288381564,"[0.306957,0.108103,0.028914,0.033912,0.522114]",0.522114,0.215157,4,4,4,4,False,False
candidate_popart_critic_target,mappo,29,6,dev_01_state_03,c559429297df4987fbb22dd07eedba631d6c671c0ff9130cbe932ee596739c54,dev_01,1,True,True,True,before_or_at,0.125,complete_fixed_behavior_discounted_return_not_vpi,99.13967366563787,14.920689667710107,-2.0665317023471017,-84.21898399792777,84.21898399792777,7092.837265643213,84.21898399792777,"[0.341806,0.0,0.031773,0.038465,0.587955]",0.587955,0.246149,4,4,4,4,False,False
candidate_popart_critic_target,mappo,29,6,dev_01_state_04,7358d67bd36c9a85cc6e8138adeb39b8726469ca30f20c1f0942cc3f76de4651,dev_01,2,True,False,True,before_or_at,0.25,complete_fixed_behavior_discounted_return_not_vpi,99.35350480891441,14.659024998266908,-2.0771870174082325,-84.6944798106475,84.6944798106475,7173.154910396176,84.6944798106475,"[0.308465,0.108625,0.029417,0.034681,0.518812]",0.518812,0.21034700000000006,4,4,4,4,False,False
candidate_popart_critic_target,mappo,29,6,dev_01_state_05,0763b046fa0b532b554b052e7a0878b9d194acdb61a7240efa1f797b157b13db,dev_01,2,True,True,True,before_or_at,0.25,complete_fixed_behavior_discounted_return_not_vpi,99.35350480891441,14.821620326427677,-2.070565930760549,-84.53188448248673,84.53188448248673,7145.639494160481,84.53188448248673,"[0.343424,0.0,0.032317,0.039334,0.584925]",0.584925,0.24150100000000002,4,4,4,4,False,False
candidate_popart_critic_target,mappo,29,6,dev_01_state_06,fd2e5861fe027bcb3635018576d2d5ce1b9b63d2b09ed94737c380749ee87049,dev_01,3,False,True,True,before_or_at,0.375,complete_fixed_behavior_discounted_return_not_vpi,99.53944465087416,14.5201436577605,-2.0828424405968384,-85.01930099311366,85.01930099311366,7228.281541357657,85.01930099311366,"[0.34056,0.0,0.033838,0.039237,0.586365]",0.586365,0.24580500000000005,4,4,4,4,False,False
candidate_popart_critic_target,mappo,29,6,dev_01_state_07,183ebb194b29cf885e5c212fd6e18171c5539439db50572f3120f6c0133c5049,dev_01,3,False,True,True,before_or_at,0.375,complete_fixed_behavior_discounted_return_not_vpi,99.53944465087416,14.522136319147563,-2.0827612969142217,-85.0173083317266,85.0173083317266,7227.942715971869,85.0173083317266,"[0.340576,0.0,0.033836,0.039232,0.586355]",0.586355,0.24577899999999997,4,4,4,4,False,False
candidate_popart_critic_target,mappo,29,6,dev_01_state_08,d2bf64fb9b88e145885e5ed0f74f9f639967dd914d669e6f6d9e93f684a95a73,dev_01,4,True,True,True,before_or_at,0.5,complete_fixed_behavior_discounted_return_not_vpi,99.72721960667732,14.99772300188122,-2.063394807910611,-84.72949660479611,84.72949660479611,7179.087594902156,84.72949660479611,"[0.342305,0.0,0.032257,0.038745,0.586693]",0.586693,0.244388,4,4,4,4,False,False
candidate_popart_critic_target,mappo,29,6,dev_01_state_09,13fb32efb5dd998abdd32f46158b290acced91d28620d9d15377f2694497b912,dev_01,4,True,True,True,before_or_at,0.5,complete_fixed_behavior_discounted_return_not_vpi,99.72721960667732,14.99772300188122,-2.063394807910611,-84.72949660479611,84.72949660479611,7179.087594902156,84.72949660479611,"[0.342305,0.0,0.032257,0.038745,0.586693]",0.586693,0.244388,4,4,4,4,False,False
candidate_popart_critic_target,mappo,29,6,dev_01_state_10,501e02f271270613a795072dd11d6876f63160ede7c17cfbe7ee893e5b1aa82c,dev_01,4,True,True,True,before_or_at,0.375,complete_fixed_behavior_discounted_return_not_vpi,99.53944465087416,14.98111367983362,-2.0640711604336532,-84.55833097104053,84.55833097104053,7150.111336608033,84.55833097104053,"[0.344023,0.0,0.032042,0.038896,0.585039]",0.585039,0.24101599999999995,4,4,4,4,False,False
candidate_popart_critic_target,mappo,29,6,dev_01_state_11,e0c6c2402de2864424b773d58c1fc72a6bc09419a54d0cbe2f5f07d795a22db3,dev_01,4,True,True,True,before_or_at,0.5,complete_fixed_behavior_discounted_return_not_vpi,99.72721960667732,14.999338330067339,-2.063329029711411,-84.72788127660999,84.72788127660999,7178.813865623318,84.72788127660999,"[0.342321,0.0,0.032245,0.038729,0.586705]",0.586705,0.24438400000000005,4,4,4,4,False,False
candidate_popart_critic_target,mappo,29,6,dev_01_state_12,87eae5e2295dff0be0c0317d62480330e70116056ccb6207b9f0f698ac011e38,dev_01,4,True,True,True,before_or_at,0.5,complete_fixed_behavior_discounted_return_not_vpi,99.72721960667732,14.999338330067339,-2.063329029711411,-84.72788127660999,84.72788127660999,7178.813865623318,84.72788127660999,"[0.342321,0.0,0.032245,0.038729,0.586705]",0.586705,0.24438400000000005,4,4,4,4,False,False
candidate_popart_critic_target,mappo,29,6,dev_02_state_01,aacd1cc47660f831ce532b266ce3478bb22e2c78d466e47472c937aafefcacfb,dev_02,0,True,False,True,before_or_at,0.0,complete_fixed_behavior_discounted_return_not_vpi,75.58016750117106,14.42669692642194,-2.0866477092483686,-61.15347057474912,61.15347057474912,3739.746963336707,61.15347057474912,"[0.30138,0.1092,0.02983,0.035788,0.523801]",0.523801,0.22242099999999998,4,4,4,4,False,False
candidate_popart_critic_target,mappo,29,6,dev_02_state_02,65837e8c4e1042b18b8987e46d37b1081f660135fc906dde8659dd34bcb25e18,dev_02,1,True,False,True,before_or_at,0.2,complete_fixed_behavior_discounted_return_not_vpi,75.81651346531233,14.265390569163714,-2.0932163073766796,-61.55112289614861,61.55112289614861,3788.54072977679,61.55112289614861,"[0.301677,0.109943,0.03028,0.036222,0.521878]",0.521878,0.22020099999999998,4,4,4,4,False,False
candidate_popart_critic_target,mappo,29,6,dev_02_state_03,788bd1c71ab6c0f94f77fdf24a1874af9e74d3c3e59586a4d8fd42a2d4a722a2,dev_02,1,True,True,True,before_or_at,0.2,complete_fixed_behavior_discounted_return_not_vpi,75.57148846531233,14.449387646923562,-2.0857237145171603,-61.122100818388766,61.122100818388766,3735.911208453281,61.122100818388766,"[0.336168,0.0,0.033202,0.041117,0.589514]",0.589514,0.25334599999999996,4,4,4,4,False,False
candidate_popart_critic_target,mappo,29,6,dev_02_state_04,73424c66a5e9ad4241b9fb8e38cb02b30333c2e9611126a6c2f2661d805079c5,dev_02,2,True,True,True,before_or_at,0.4,complete_fixed_behavior_discounted_return_not_vpi,75.76470591996298,14.62327973586742,-2.078642609535438,-61.14142618409556,61.14142618409556,3738.273995825206,61.14142618409556,"[0.335659,0.0,0.033039,0.040523,0.590778]",0.590778,0.25511900000000004,4,4,4,4,False,False
candidate_popart_critic_target,mappo,29,6,dev_02_state_05,07a0c6f5a831ee8a70a2e4f82ae69cc5df3eb3540cdda40dc84dfab435b8d8ac,dev_02,2,False,True,True,before_or_at,0.4,complete_fixed_behavior_discounted_return_not_vpi,75.76470591996298,14.300329486961061,-2.091793550617741,-61.46437643300192,61.46437643300192,3777.8695702977616,61.46437643300192,"[0.331583,0.0,0.034834,0.040787,0.592796]",0.592796,0.261213,4,4,4,4,False,False
candidate_popart_critic_target,mappo,29,6,dev_02_state_06,cd47e258d721757c11ea4050f051bb017e502287edeba848b9bb4aed7aa04c14,dev_02,3,True,True,True,before_or_at,0.6,complete_fixed_behavior_discounted_return_not_vpi,75.75848028252462,14.502283763494844,-2.0835697179964354,-61.25619651902977,61.25619651902977,3752.321611977995,61.25619651902977,"[0.334966,0.0,0.03364,0.040896,0.590498]",0.590498,0.255532,4,4,4,4,False,False
candidate_popart_critic_target,mappo,29,6,dev_02_state_07,446e55a68c01f9b6b3d75b3584e53818ff209784976039bdb016348e222bb7bc,dev_02,3,False,True,True,before_or_at,0.6,complete_fixed_behavior_discounted_return_not_vpi,75.75848028252462,14.149903334371274,-2.097919093101901,-61.60857694815334,61.60857694815334,3795.616753576531,61.60857694815334,"[0.330777,0.0,0.035545,0.041206,0.592473]",0.592473,0.26169600000000004,4,4,4,4,False,False
candidate_popart_critic_target,mappo,29,6,dev_02_state_08,da66deba85e976a12ee91266832b3fe4996e44cc0333ff92fe0fb0072b304773,dev_02,3,False,True,True,before_or_at,0.4,complete_fixed_behavior_discounted_return_not_vpi,75.76470591996298,14.213566928845324,-2.0953266313129686,-61.551138991117654,61.551138991117654,3788.542711103884,61.551138991117654,"[0.331333,0.0,0.035011,0.040945,0.592711]",0.592711,0.261378,4,4,4,4,False,False
candidate_popart_critic_target,mappo,29,6,dev_02_state_09,9b17e313c9c022b073c532cab790a8e4bbbfb88e37c386bc4de0316793e72b69,dev_02,4,True,False,True,before_or_at,0.8,complete_fixed_behavior_discounted_return_not_vpi,100.75270180026362,14.199312025786341,-2.0959071089280115,-86.55338977447728,86.55338977447728,7491.489281452588,86.55338977447728,"[0.298256,0.110581,0.031361,0.036974,0.522828]",0.522828,0.22457199999999994,4,4,4,4,False,False
candidate_popart_critic_target,mappo,29,6,dev_02_state_10,e6a58b6c7a7e16fa45b8c640dbd4b125a27da61dec2113082cdfa830027b3bfb,dev_02,4,True,False,True,before_or_at,0.8,complete_fixed_behavior_discounted_return_not_vpi,75.75270180026362,14.199312025786341,-2.0959071089280115,-61.55338977447728,61.55338977447728,3788.819792728724,61.55338977447728,"[0.298256,0.110581,0.031361,0.036974,0.522828]",0.522828,0.22457199999999994,4,4,4,4,False,False
candidate_popart_critic_target,mappo,29,6,dev_02_state_11,5fbcd355ad6ef625fe912c4a3485f5db6bcdb20e7b2dcdd955d3fe332063d473,dev_02,4,True,False,True,before_or_at,0.6,complete_fixed_behavior_discounted_return_not_vpi,75.75848028252462,14.319308689512233,-2.091020693574327,-61.43917159301238,61.43917159301238,3774.7718060356196,61.43917159301238,"[0.300033,0.110112,0.030724,0.036138,0.522993]",0.522993,0.22296000000000005,4,4,4,4,False,False
candidate_popart_critic_target,mappo,29,6,dev_02_state_12,fdd3f8ff3f38604c74d277ed795fde0f3d9fa09eb963e4d8820de9b76534d356,dev_02,4,True,False,True,after,0.6,complete_fixed_behavior_discounted_return_not_vpi,100.50848028252462,14.319308689512233,-2.091020693574327,-86.18917159301239,86.18917159301239,7428.573299889734,86.18917159301239,"[0.300033,0.110112,0.030724,0.036138,0.522993]",0.522993,0.22296000000000005,4,4,4,4,False,False
candidate_popart_critic_target,mappo,29,6,dev_03_state_01,62750fc5f603af0e58fc56236599571502c69cfa558f3283ab10e1bc858471ae,dev_03,0,True,False,True,before_or_at,0.0,complete_fixed_behavior_discounted_return_not_vpi,75.32227037485364,14.351505135530566,-2.0897096137219955,-60.97076523932308,60.97076523932308,3717.4342138686475,60.97076523932308,"[0.302649,0.112953,0.030246,0.035877,0.518275]",0.518275,0.21562600000000004,4,4,4,4,False,False
candidate_popart_critic_target,mappo,29,6,dev_03_state_02,49dc0c665e7c8d1673bc0818a98dec317568afa99b48ce13b276daf91fdf1003,dev_03,1,True,False,True,before_or_at,0.1,complete_fixed_behavior_discounted_return_not_vpi,75.2654274086768,14.273072425595124,-2.092903492502951,-60.992354983081675,60.992354983081675,3720.067366382248,60.992354983081675,"[0.30164,0.113072,0.030472,0.035948,0.518868]",0.518868,0.21722799999999998,4,4,4,4,False,False
candidate_popart_critic_target,mappo,29,6,dev_03_state_03,5c249417d557afb821d09652c2ced9028d3dd95a2292007d63fec0a2af97227d,dev_03,1,True,True,True,before_or_at,0.1,complete_fixed_behavior_discounted_return_not_vpi,75.2654274086768,14.596669447169376,-2.0797262140226187,-60.668757961507424,60.668757961507424,3680.6981925919704,60.668757961507424,"[0.339225,0.0,0.033374,0.040583,0.586818]",0.586818,0.24759299999999995,4,4,4,4,False,False
candidate_popart_critic_target,mappo,29,6,dev_03_state_04,f5f32654c6274248e0d209cab36df9f70fd51f283f1cd0807581b37e93a74a25,dev_03,2,False,False,True,before_or_at,0.2,complete_fixed_behavior_discounted_return_not_vpi,75.46738204163074,13.993137960418174,-2.104302776667973,-61.47424408121257,61.47424408121257,3779.0826853564986,61.47424408121257,"[0.299417,0.112058,0.032243,0.03627,0.520012]",0.520012,0.22059500000000004,4,4,4,4,False,False
candidate_popart_critic_target,mappo,29,6,dev_03_state_05,6cc42ee25dea2b20e7ddf5c4193dae1de54521b21ce67836be05490494a0b931,dev_03,2,True,False,True,before_or_at,0.2,complete_fixed_behavior_discounted_return_not_vpi,75.22963452915576,14.442433778302487,-2.0860068848099207,-60.78720075085327,60.78720075085327,3695.0837751245367,60.78720075085327,"[0.304316,0.111494,0.029944,0.035402,0.518845]",0.518845,0.21452900000000003,4,4,4,4,False,False
candidate_popart_critic_target,mappo,29,6,dev_03_state_06,1217155fad78690dd6f9e30d323674dca8a13a10b95a50b6354593aed403e43d,dev_03,3,True,True,True,before_or_at,0.3,complete_fixed_behavior_discounted_return_not_vpi,75.17185584736579,14.596464603601696,-2.079734555510816,-60.575391243764095,60.575391243764095,3669.3780243350916,60.575391243764095,"[0.339684,0.0,0.033208,0.04008,0.587028]",0.587028,0.247344,4,4,4,4,False,False
candidate_popart_critic_target,mappo,29,6,dev_03_state_07,c9b593dfc8699de434ab870b13435c9305897d412b8dedc394c04fd20511d413,dev_03,3,False,True,True,before_or_at,0.2,complete_fixed_behavior_discounted_return_not_vpi,75.22963452915576,14.262880782271168,-2.093318509061505,-60.96675374688459,60.96675374688459,3716.9450624332662,60.96675374688459,"[0.336149,0.0,0.035291,0.041066,0.587494]",0.587494,0.251345,4,4,4,4,False,False
candidate_popart_critic_target,mappo,29,6,dev_03_state_08,6b17f75e0e3f5de80f49678d788da5519dddc9cc9bd584c0ee650b8d7219e7b6,dev_03,3,True,True,True,before_or_at,0.3,complete_fixed_behavior_discounted_return_not_vpi,75.4120048498658,14.476269717186135,-2.0846290427422023,-60.93573513267966,60.93573513267966,3713.1638161600904,60.93573513267966,"[0.338528,0.0,0.03401,0.041119,0.586343]",0.586343,0.24781499999999995,4,4,4,4,False,False
candidate_popart_critic_target,mappo,29,6,dev_03_state_09,0ccde0ef6c389b7341f4f1ea7beb149b259aad13dd1630dab7db376142e1073a,dev_03,3,False,False,True,before_or_at,0.2,complete_fixed_behavior_discounted_return_not_vpi,75.46738204163074,13.885234373781323,-2.108696746684209,-61.58214766784942,61.58214766784942,3792.3609113848115,61.58214766784942,"[0.299055,0.112332,0.032445,0.036459,0.519709]",0.519709,0.22065399999999996,4,4,4,4,False,False
candidate_popart_critic_target,mappo,29,6,dev_03_state_10,ebe2739e96e527d82f495d7e680acc3138491d2e16ff51c3923b53550c15ae25,dev_03,3,True,True,True,before_or_at,0.3,complete_fixed_behavior_discounted_return_not_vpi,74.92928109736579,14.732975000322078,-2.074175680140783,-60.19630609704371,60.19630609704371,3623.5952677289815,60.19630609704371,"[0.340683,0.0,0.033014,0.03971,0.586594]",0.586594,0.24591099999999994,4,4,4,4,False,False
candidate_popart_critic_target,mappo,29,6,dev_03_state_11,6f4069e08051d555eb68fe1fc24e55e73bd96f49eec834dcd284e6fcc78d573c,dev_03,4,True,False,True,before_or_at,0.4,complete_fixed_behavior_discounted_return_not_vpi,75.39606346424462,14.298989121376827,-2.091848131993314,-61.09707434286779,61.09707434286779,3732.852493257914,61.09707434286779,"[0.301195,0.113329,0.030977,0.036297,0.518202]",0.518202,0.21700700000000006,4,4,4,4,False,False
candidate_popart_critic_target,mappo,29,6,dev_03_state_12,3280b55b15e26af81785ba01c8673bf4d36b50b213800bb4ae9d9639e7519111,dev_03,4,True,False,True,before_or_at,0.3,complete_fixed_behavior_discounted_return_not_vpi,74.92928109736579,14.486445914838548,-2.084214655150857,-60.44283518252724,60.44283518252724,3653.3363249021527,60.44283518252724,"[0.303889,0.111484,0.030095,0.035126,0.519406]",0.519406,0.21551700000000001,4,4,4,4,False,False
candidate_popart_critic_target,mappo,43,6,dev_00_state_01,2cb31cda5fedadef13eb6ef29f9fb864a9636c64a8a0b599c358ab8e79aa2f2e,dev_00,0,True,False,True,before_or_at,0.0,complete_fixed_behavior_discounted_return_not_vpi,99.16542974483956,18.83401040395526,-1.4901832770488432,-80.3314193408843,80.3314193408843,6453.136933321,80.3314193408843,"[0.098139,0.10014,0.060515,0.012252,0.728953]",0.728953,0.628813,4,4,4,4,False,False
candidate_popart_critic_target,mappo,43,6,dev_00_state_02,4fe79a7d2f5b835a26cde6caefb444f6301c270d44971bde40489a612dd2b391,dev_00,1,True,False,True,before_or_at,0.14285714285714285,complete_fixed_behavior_discounted_return_not_vpi,99.43405463063405,18.622684040839317,-1.4971308542753947,-80.81137058979473,80.81137058979473,6530.477616601142,80.81137058979473,"[0.099545,0.100883,0.061292,0.01286,0.72542]",0.72542,0.6245369999999999,4,4,4,4,False,False
candidate_popart_critic_target,mappo,43,6,dev_00_state_03,c47e6b288039285428aafce3d49684ca2d11b023896665b0b3daac8a9dcaa176,dev_00,1,True,True,True,before_or_at,0.14285714285714285,complete_fixed_behavior_discounted_return_not_vpi,99.43405463063405,18.83750722354946,-1.4900683154140535,-80.59654740708459,80.59654740708459,6495.803453942433,80.59654740708459,"[0.107223,0.0,0.065179,0.013604,0.813994]",0.813994,0.706771,4,4,4,4,False,False
candidate_popart_critic_target,mappo,43,6,dev_00_state_04,db2399dc4a1846b64b81f411e0237050b1ffd324fd9a4bd78478baf6f2a1e9df,dev_00,2,False,True,True,before_or_at,0.2857142857142857,complete_fixed_behavior_discounted_return_not_vpi,99.63275207083052,18.72969707231489,-1.4936126879214127,-80.90305499851563,80.90305499851563,6545.304308092845,80.90305499851563,"[0.112051,0.0,0.068121,0.013778,0.806051]",0.806051,0.694,4,4,4,4,False,False
candidate_popart_critic_target,mappo,43,6,dev_00_state_05,b439a8ded6b7704f73b9af3aad6b5a11f4e642b89173768c49bca3fb2b8e11e1,dev_00,2,False,False,True,before_or_at,0.2857142857142857,complete_fixed_behavior_discounted_return_not_vpi,99.63275207083052,18.356613127635683,-1.5058782163648428,-81.27613894319484,81.27613894319484,6605.810761513512,81.27613894319484,"[0.103803,0.10688,0.064978,0.013447,0.710892]",0.710892,0.604012,4,4,4,4,False,False
candidate_popart_critic_target,mappo,43,6,dev_00_state_06,05d5cb2b4cdc84a07f67d30b6d40026f1ae9404889525cd1fd230abd3ad151ac,dev_00,3,True,True,True,before_or_at,0.42857142857142855,complete_fixed_behavior_discounted_return_not_vpi,99.98305426895568,19.222337374584768,-1.4774166180394273,-80.76071689437092,80.76071689437092,6522.293393292728,80.76071689437092,"[0.106409,0.0,0.064654,0.012749,0.816188]",0.816188,0.709779,4,4,4,4,False,False
candidate_popart_critic_target,mappo,43,6,dev_00_state_07,be44ebe79f69d66fa111d2fd9181f41a47efe8ab066cbd91663de162f21bfdca,dev_00,3,True,True,True,before_or_at,0.42857142857142855,complete_fixed_behavior_discounted_return_not_vpi,99.98305426895568,19.222337374584768,-1.4774166180394273,-80.76071689437092,80.76071689437092,6522.293393292728,80.76071689437092,"[0.106409,0.0,0.064654,0.012749,0.816188]",0.816188,0.709779,4,4,4,4,False,False
candidate_popart_critic_target,mappo,43,6,dev_00_state_08,54b81637eaa22690c2f9140cabc601d934d118af96613f57981add5ac63c1553,dev_00,3,True,True,True,before_or_at,0.2857142857142857,complete_fixed_behavior_discounted_return_not_vpi,99.63275207083052,19.42578465887624,-1.4707280738450066,-80.20696741195428,80.20696741195428,6433.157621422296,80.20696741195428,"[0.105288,0.0,0.064001,0.012153,0.818558]",0.818558,0.71327,4,4,4,4,False,False
candidate_popart_critic_target,mappo,43,6,dev_00_state_09,4c5424ef8068127f88abfde3c8019231c91f8960d17e43927afbffc74d0ef8a3,dev_00,3,False,True,True,before_or_at,0.42857142857142855,complete_fixed_behavior_discounted_return_not_vpi,99.98305426895568,18.619303973885252,-1.4972419775439167,-81.36375029507043,81.36375029507043,6620.059862078574,81.36375029507043,"[0.111915,0.0,0.068217,0.014141,0.805727]",0.805727,0.693812,4,4,4,4,False,False
candidate_popart_critic_target,mappo,43,6,dev_00_state_10,56cb3633f940a0aa4754de669549dee3763dc62aa8d33e8feb481d858f69cc45,dev_00,3,False,True,True,before_or_at,0.42857142857142855,complete_fixed_behavior_discounted_return_not_vpi,99.98305426895568,18.619303973885252,-1.4972419775439167,-81.36375029507043,81.36375029507043,6620.059862078574,81.36375029507043,"[0.111915,0.0,0.068217,0.014141,0.805727]",0.805727,0.693812,4,4,4,4,False,False
candidate_popart_critic_target,mappo,43,6,dev_00_state_11,616869b075de6c2da36a5545c9128137f476e5cb4f0ae4851e0c1b46d0deef42,dev_00,3,False,True,True,before_or_at,0.2857142857142857,complete_fixed_behavior_discounted_return_not_vpi,99.63275207083052,18.85169023030901,-1.489602034097734,-80.78106184052152,80.78106184052152,6525.579952082161,80.78106184052152,"[0.11058,0.0,0.067492,0.013439,0.808488]",0.808488,0.697908,4,4,4,4,False,False
candidate_popart_critic_target,mappo,43,6,dev_00_state_12,50772a9d479dd040bdfcd26f5a4e632848da15cc67dcf85fb3ae790c04749004,dev_00,4,True,True,True,before_or_at,0.5714285714285714,complete_fixed_behavior_discounted_return_not_vpi,100.22152414584981,19.445835698799975,-1.4700688747451462,-80.77568844704984,80.77568844704984,6524.711844094862,80.77568844704984,"[0.106504,0.0,0.064653,0.012283,0.81656]",0.81656,0.7100559999999999,4,4,4,4,False,False
candidate_popart_critic_target,mappo,43,6,dev_01_state_01,a4bbd832c514e8ecb281380734580807ec9ec04ce04b6be662dd729667c979e5,dev_01,0,True,False,True,before_or_at,0.0,complete_fixed_behavior_discounted_return_not_vpi,75.65614047157035,18.435305432622883,-1.503291123784567,-57.22083503894747,57.22083503894747,3274.2239625544385,57.22083503894747,"[0.100157,0.10072,0.061623,0.013331,0.724169]",0.724169,0.6234489999999999,4,4,4,4,False,False
candidate_popart_critic_target,mappo,43,6,dev_01_state_02,63fee8a32f4b1c8d4d78562135b7b123d9efca8ef1fd10c52757463ac3a4c28b,dev_01,1,True,False,True,before_or_at,0.125,complete_fixed_behavior_discounted_return_not_vpi,99.13967366563787,18.488422524282733,-1.501544843335146,-80.65125114135515,80.65125114135515,6504.624310665939,80.65125114135515,"[0.100333,0.100278,0.061278,0.013309,0.724802]",0.724802,0.6244689999999999,4,4,4,4,False,False
candidate_popart_critic_target,mappo,43,6,dev_01_state_03,c559429297df4987fbb22dd07eedba631d6c671c0ff9130cbe932ee596739c54,dev_01,1,True,True,True,before_or_at,0.125,complete_fixed_behavior_discounted_return_not_vpi,99.13967366563787,18.77693049956627,-1.4920598391491864,-80.3627431660716,80.3627431660716,6458.170489175987,80.3627431660716,"[0.107865,0.0,0.064636,0.01381,0.81369]",0.81369,0.705825,4,4,4,4,False,False
candidate_popart_critic_target,mappo,43,6,dev_01_state_04,7358d67bd36c9a85cc6e8138adeb39b8726469ca30f20c1f0942cc3f76de4651,dev_01,2,True,False,True,before_or_at,0.25,complete_fixed_behavior_discounted_return_not_vpi,99.35350480891441,18.447156752837202,-1.5029014991243423,-80.9063480560772,80.9063480560772,6545.837155771108,80.9063480560772,"[0.100926,0.100959,0.062058,0.013435,0.722623]",0.722623,0.621664,4,4,4,4,False,False
candidate_popart_critic_target,mappo,43,6,dev_01_state_05,0763b046fa0b532b554b052e7a0878b9d194acdb61a7240efa1f797b157b13db,dev_01,2,True,True,True,before_or_at,0.25,complete_fixed_behavior_discounted_return_not_vpi,99.35350480891441,18.724047885793226,-1.4937984108906046,-80.62945692312118,80.62945692312118,6501.109323717455,80.62945692312118,"[0.108566,0.0,0.065427,0.013968,0.812039]",0.812039,0.703473,4,4,4,4,False,False
candidate_popart_critic_target,mappo,43,6,dev_01_state_06,fd2e5861fe027bcb3635018576d2d5ce1b9b63d2b09ed94737c380749ee87049,dev_01,3,False,True,True,before_or_at,0.375,complete_fixed_behavior_discounted_return_not_vpi,99.53944465087416,18.107936765466285,-1.5140537142303971,-81.43150788540788,81.43150788540788,6631.090476491246,81.43150788540788,"[0.11576,0.0,0.070129,0.015716,0.798395]",0.798395,0.682635,4,4,4,4,False,False
candidate_popart_critic_target,mappo,43,6,dev_01_state_07,183ebb194b29cf885e5c212fd6e18171c5539439db50572f3120f6c0133c5049,dev_01,3,False,True,True,before_or_at,0.375,complete_fixed_behavior_discounted_return_not_vpi,99.53944465087416,18.112576269987784,-1.5139011856226041,-81.42686838088638,81.42686838088638,6630.334894318194,81.42686838088638,"[0.115752,0.0,0.070091,0.015697,0.798459]",0.798459,0.6827070000000001,4,4,4,4,False,False
candidate_popart_critic_target,mappo,43,6,dev_01_state_08,d2bf64fb9b88e145885e5ed0f74f9f639967dd914d669e6f6d9e93f684a95a73,dev_01,4,True,True,True,before_or_at,0.5,complete_fixed_behavior_discounted_return_not_vpi,99.72721960667732,19.161267931667382,-1.4794243404295497,-80.56595167500994,80.56595167500994,6490.872569300037,80.56595167500994,"[0.10732,0.0,0.065186,0.01308,0.814414]",0.814414,0.707094,4,4,4,4,False,False
candidate_popart_critic_target,mappo,43,6,dev_01_state_09,13fb32efb5dd998abdd32f46158b290acced91d28620d9d15377f2694497b912,dev_01,4,True,True,True,before_or_at,0.5,complete_fixed_behavior_discounted_return_not_vpi,99.72721960667732,19.161267931667382,-1.4794243404295497,-80.56595167500994,80.56595167500994,6490.872569300037,80.56595167500994,"[0.10732,0.0,0.065186,0.01308,0.814414]",0.814414,0.707094,4,4,4,4,False,False
candidate_popart_critic_target,mappo,43,6,dev_01_state_10,501e02f271270613a795072dd11d6876f63160ede7c17cfbe7ee893e5b1aa82c,dev_01,4,True,True,True,before_or_at,0.375,complete_fixed_behavior_discounted_return_not_vpi,99.53944465087416,18.949367587328304,-1.4863907878946059,-80.59007706354586,80.59007706354586,6494.760521108261,80.59007706354586,"[0.107925,0.0,0.065459,0.013561,0.813055]",0.813055,0.70513,4,4,4,4,False,False
candidate_popart_critic_target,mappo,43,6,dev_01_state_11,e0c6c2402de2864424b773d58c1fc72a6bc09419a54d0cbe2f5f07d795a22db3,dev_01,4,True,True,True,before_or_at,0.5,complete_fixed_behavior_discounted_return_not_vpi,99.72721960667732,19.16449781053158,-1.4793181547529946,-80.56272179614575,80.56272179614575,6490.352143203178,80.56272179614575,"[0.10731,0.0,0.065197,0.013074,0.814418]",0.814418,0.707108,4,4,4,4,False,False
candidate_popart_critic_target,mappo,43,6,dev_01_state_12,87eae5e2295dff0be0c0317d62480330e70116056ccb6207b9f0f698ac011e38,dev_01,4,True,True,True,before_or_at,0.5,complete_fixed_behavior_discounted_return_not_vpi,99.72721960667732,19.16449781053158,-1.4793181547529946,-80.56272179614575,80.56272179614575,6490.352143203178,80.56272179614575,"[0.10731,0.0,0.065197,0.013074,0.814418]",0.814418,0.707108,4,4,4,4,False,False
candidate_popart_critic_target,mappo,43,6,dev_02_state_01,aacd1cc47660f831ce532b266ce3478bb22e2c78d466e47472c937aafefcacfb,dev_02,0,True,False,True,before_or_at,0.0,complete_fixed_behavior_discounted_return_not_vpi,75.58016750117106,17.8874018608716,-1.5213040319769866,-57.69276564029946,57.69276564029946,3328.4552072265183,57.69276564029946,"[0.104932,0.10536,0.065096,0.014969,0.709643]",0.709643,0.604283,4,4,4,4,False,False
candidate_popart_critic_target,mappo,43,6,dev_02_state_02,65837e8c4e1042b18b8987e46d37b1081f660135fc906dde8659dd34bcb25e18,dev_02,1,True,False,True,before_or_at,0.2,complete_fixed_behavior_discounted_return_not_vpi,75.81651346531233,17.717894677071534,-1.5268767595465236,-58.09861878824079,58.09861878824079,3375.449505101326,58.09861878824079,"[0.106385,0.10603,0.065919,0.01559,0.706077]",0.706077,0.599692,4,4,4,4,False,False
candidate_popart_critic_target,mappo,43,6,dev_02_state_03,788bd1c71ab6c0f94f77fdf24a1874af9e74d3c3e59586a4d8fd42a2d4a722a2,dev_02,1,True,True,True,before_or_at,0.2,complete_fixed_behavior_discounted_return_not_vpi,75.57148846531233,18.027864248960014,-1.516686182721072,-57.54362421635231,57.54362421635231,3311.2686879527682,57.54362421635231,"[0.114372,0.0,0.069894,0.016328,0.799405]",0.799405,0.685033,4,4,4,4,False,False
candidate_popart_critic_target,mappo,43,6,dev_02_state_04,73424c66a5e9ad4241b9fb8e38cb02b30333c2e9611126a6c2f2661d805079c5,dev_02,2,True,True,True,before_or_at,0.4,complete_fixed_behavior_discounted_return_not_vpi,75.76470591996298,18.53185344607757,-1.5001170059430626,-57.23285247388541,57.23285247388541,3275.599402297531,57.23285247388541,"[0.11288,0.0,0.069029,0.015015,0.803076]",0.803076,0.690196,4,4,4,4,False,False
candidate_popart_critic_target,mappo,43,6,dev_02_state_05,07a0c6f5a831ee8a70a2e4f82ae69cc5df3eb3540cdda40dc84dfab435b8d8ac,dev_02,2,False,True,True,before_or_at,0.4,complete_fixed_behavior_discounted_return_not_vpi,75.76470591996298,17.788956600079274,-1.5245405238271181,-57.975749319883704,57.975749319883704,3361.187509201996,57.975749319883704,"[0.119379,0.0,0.073377,0.01689,0.790354]",0.790354,0.670975,4,4,4,4,False,False
candidate_popart_critic_target,mappo,43,6,dev_02_state_06,cd47e258d721757c11ea4050f051bb017e502287edeba848b9bb4aed7aa04c14,dev_02,3,True,True,True,before_or_at,0.6,complete_fixed_behavior_discounted_return_not_vpi,75.75848028252462,18.514663606222555,-1.5006821400708819,-57.24381667630206,57.24381667630206,3276.854547670078,57.24381667630206,"[0.114309,0.0,0.069851,0.015276,0.800564]",0.800564,0.6862550000000001,4,4,4,4,False,False
candidate_popart_critic_target,mappo,43,6,dev_02_state_07,446e55a68c01f9b6b3d75b3584e53818ff209784976039bdb016348e222bb7bc,dev_02,3,False,True,True,before_or_at,0.6,complete_fixed_behavior_discounted_return_not_vpi,75.75848028252462,17.793178696382093,-1.5244017179550573,-57.96530158614252,57.96530158614252,3359.976187972457,57.96530158614252,"[0.12086,0.0,0.07425,0.017137,0.787753]",0.787753,0.6668930000000001,4,4,4,4,False,False
candidate_popart_critic_target,mappo,43,6,dev_02_state_08,da66deba85e976a12ee91266832b3fe4996e44cc0333ff92fe0fb0072b304773,dev_02,3,False,True,True,before_or_at,0.4,complete_fixed_behavior_discounted_return_not_vpi,75.76470591996298,17.70093561857763,-1.527434306493524,-58.06377030138535,58.06377030138535,3371.401421612039,58.06377030138535,"[0.120292,0.0,0.073836,0.017179,0.788693]",0.788693,0.668401,4,4,4,4,False,False
candidate_popart_critic_target,mappo,43,6,dev_02_state_09,9b17e313c9c022b073c532cab790a8e4bbbfb88e37c386bc4de0316793e72b69,dev_02,4,True,False,True,before_or_at,0.8,complete_fixed_behavior_discounted_return_not_vpi,100.75270180026362,18.269880011054113,-1.5087296591127566,-82.48282178920951,82.48282178920951,6803.415890310495,82.48282178920951,"[0.105335,0.10546,0.066806,0.014607,0.707792]",0.707792,0.602332,4,4,4,4,False,False
candidate_popart_critic_target,mappo,43,6,dev_02_state_10,e6a58b6c7a7e16fa45b8c640dbd4b125a27da61dec2113082cdfa830027b3bfb,dev_02,4,True,False,True,before_or_at,0.8,complete_fixed_behavior_discounted_return_not_vpi,75.75270180026362,18.269880011054113,-1.5087296591127566,-57.48282178920951,57.48282178920951,3304.27480085002,57.48282178920951,"[0.105335,0.10546,0.066806,0.014607,0.707792]",0.707792,0.602332,4,4,4,4,False,False
candidate_popart_critic_target,mappo,43,6,dev_02_state_11,5fbcd355ad6ef625fe912c4a3485f5db6bcdb20e7b2dcdd955d3fe332063d473,dev_02,4,True,False,True,before_or_at,0.6,complete_fixed_behavior_discounted_return_not_vpi,75.75848028252462,18.175537594853076,-1.511831265616705,-57.58294268767154,57.58294268767154,3315.7952885716654,57.58294268767154,"[0.105885,0.106251,0.066586,0.014863,0.706415]",0.706415,0.600164,4,4,4,4,False,False
candidate_popart_critic_target,mappo,43,6,dev_02_state_12,fdd3f8ff3f38604c74d277ed795fde0f3d9fa09eb963e4d8820de9b76534d356,dev_02,4,True,False,True,after,0.6,complete_fixed_behavior_discounted_return_not_vpi,100.50848028252462,18.175537594853076,-1.511831265616705,-82.33294268767153,82.33294268767153,6778.713451611406,82.33294268767153,"[0.105885,0.106251,0.066586,0.014863,0.706415]",0.706415,0.600164,4,4,4,4,False,False
candidate_popart_critic_target,mappo,43,6,dev_03_state_01,62750fc5f603af0e58fc56236599571502c69cfa558f3283ab10e1bc858471ae,dev_03,0,True,False,True,before_or_at,0.0,complete_fixed_behavior_discounted_return_not_vpi,75.32227037485364,17.931364503415097,-1.5198587137040998,-57.39090587143855,57.39090587143855,3293.7160767443197,57.39090587143855,"[0.100354,0.103764,0.06229,0.014578,0.719014]",0.719014,0.6152500000000001,4,4,4,4,False,False
candidate_popart_critic_target,mappo,43,6,dev_03_state_02,49dc0c665e7c8d1673bc0818a98dec317568afa99b48ce13b276daf91fdf1003,dev_03,1,True,False,True,before_or_at,0.1,complete_fixed_behavior_discounted_return_not_vpi,75.2654274086768,17.994809708735154,-1.5177728856175505,-57.270617699941646,57.270617699941646,3279.9236517328695,57.270617699941646,"[0.100546,0.103808,0.062336,0.014454,0.718856]",0.718856,0.615048,4,4,4,4,False,False
candidate_popart_critic_target,mappo,43,6,dev_03_state_03,5c249417d557afb821d09652c2ced9028d3dd95a2292007d63fec0a2af97227d,dev_03,1,True,True,True,before_or_at,0.1,complete_fixed_behavior_discounted_return_not_vpi,75.2654274086768,18.56135250257683,-1.4991471933266094,-56.70407490609997,56.70407490609997,3215.3521109565963,56.70407490609997,"[0.107784,0.0,0.064097,0.014046,0.814073]",0.814073,0.7062890000000001,4,4,4,4,False,False
candidate_popart_critic_target,mappo,43,6,dev_03_state_04,f5f32654c6274248e0d209cab36df9f70fd51f283f1cd0807581b37e93a74a25,dev_03,2,False,False,True,before_or_at,0.2,complete_fixed_behavior_discounted_return_not_vpi,75.46738204163074,17.367202991829203,-1.5384061188276175,-58.10017904980154,58.10017904980154,3375.630805618998,58.10017904980154,"[0.104691,0.109017,0.065961,0.015773,0.704557]",0.704557,0.59554,4,4,4,4,False,False
candidate_popart_critic_target,mappo,43,6,dev_03_state_05,6cc42ee25dea2b20e7ddf5c4193dae1de54521b21ce67836be05490494a0b931,dev_03,2,True,False,True,before_or_at,0.2,complete_fixed_behavior_discounted_return_not_vpi,75.22963452915576,18.40776677203253,-1.504196486316464,-56.82186775712323,56.82186775712323,3228.724655408,56.82186775712323,"[0.099072,0.102316,0.062832,0.013636,0.722144]",0.722144,0.619828,4,4,4,4,False,False
candidate_popart_critic_target,mappo,43,6,dev_03_state_06,1217155fad78690dd6f9e30d323674dca8a13a10b95a50b6354593aed403e43d,dev_03,3,True,True,True,before_or_at,0.3,complete_fixed_behavior_discounted_return_not_vpi,75.17185584736579,18.777910830166007,-1.4920276097460545,-56.39394501719978,56.39394501719978,3180.2770346029524,56.39394501719978,"[0.108022,0.0,0.06693,0.014175,0.810873]",0.810873,0.7028509999999999,4,4,4,4,False,False
candidate_popart_critic_target,mappo,43,6,dev_03_state_07,c9b593dfc8699de434ab870b13435c9305897d412b8dedc394c04fd20511d413,dev_03,3,False,True,True,before_or_at,0.2,complete_fixed_behavior_discounted_return_not_vpi,75.22963452915576,17.963206303894353,-1.5188118809067137,-57.26642822526141,57.26642822526141,3279.4438016790164,57.26642822526141,"[0.113402,0.0,0.067981,0.015465,0.803152]",0.803152,0.68975,4,4,4,4,False,False
candidate_popart_critic_target,mappo,43,6,dev_03_state_08,6b17f75e0e3f5de80f49678d788da5519dddc9cc9bd584c0ee650b8d7219e7b6,dev_03,3,True,True,True,before_or_at,0.3,complete_fixed_behavior_discounted_return_not_vpi,75.4120048498658,18.510818352066458,-1.5008085568596408,-56.90118649779934,56.90118649779934,3237.7450248573414,56.90118649779934,"[0.109008,0.0,0.066653,0.014741,0.809598]",0.809598,0.70059,4,4,4,4,False,False
candidate_popart_critic_target,mappo,43,6,dev_03_state_09,0ccde0ef6c389b7341f4f1ea7beb149b259aad13dd1630dab7db376142e1073a,dev_03,3,False,False,True,before_or_at,0.2,complete_fixed_behavior_discounted_return_not_vpi,75.46738204163074,17.263149029300934,-1.5418270026668817,-58.20423301232981,58.20423301232981,3387.732740553583,58.20423301232981,"[0.105492,0.109679,0.066348,0.016069,0.702411]",0.702411,0.592732,4,4,4,4,False,False
candidate_popart_critic_target,mappo,43,6,dev_03_state_10,ebe2739e96e527d82f495d7e680acc3138491d2e16ff51c3923b53550c15ae25,dev_03,3,True,True,True,before_or_at,0.3,complete_fixed_behavior_discounted_return_not_vpi,74.92928109736579,19.013789417262934,-1.4842728522430986,-55.91549168010285,55.91549168010285,3126.5422098276513,55.91549168010285,"[0.107438,0.0,0.065062,0.013269,0.814231]",0.814231,0.706793,4,4,4,4,False,False
candidate_popart_critic_target,mappo,43,6,dev_03_state_11,6f4069e08051d555eb68fe1fc24e55e73bd96f49eec834dcd284e6fcc78d573c,dev_03,4,True,False,True,before_or_at,0.4,complete_fixed_behavior_discounted_return_not_vpi,75.39606346424462,18.300916781918374,-1.5077092925136117,-57.095146682326245,57.095146682326245,3259.8557746763495,57.095146682326245,"[0.10007,0.103746,0.062702,0.013917,0.719566]",0.719566,0.61582,4,4,4,4,False,False
candidate_popart_critic_target,mappo,43,6,dev_03_state_12,3280b55b15e26af81785ba01c8673bf4d36b50b213800bb4ae9d9639e7519111,dev_03,4,True,False,True,before_or_at,0.3,complete_fixed_behavior_discounted_return_not_vpi,74.92928109736579,18.567043652351316,-1.4989600907711917,-56.36223744501447,56.36223744501447,3176.7018098081917,56.36223744501447,"[0.099509,0.103409,0.063131,0.013439,0.720512]",0.720512,0.6171030000000001,4,4,4,4,False,False
candidate_popart_critic_target,mappo,61,12,dev_00_state_01,2cb31cda5fedadef13eb6ef29f9fb864a9636c64a8a0b599c358ab8e79aa2f2e,dev_00,0,True,False,True,before_or_at,0.0,complete_fixed_behavior_discounted_return_not_vpi,99.16542974483956,42.59917837026873,-1.1666639103392238,-56.566251374570825,56.566251374570825,3199.7407945711357,56.566251374570825,"[0.402051,0.051815,0.236155,0.095986,0.213993]",0.213993,-0.188058,0,0,0,0,False,False
candidate_popart_critic_target,mappo,61,12,dev_00_state_02,4fe79a7d2f5b835a26cde6caefb444f6301c270d44971bde40489a612dd2b391,dev_00,1,True,False,True,before_or_at,0.14285714285714285,complete_fixed_behavior_discounted_return_not_vpi,99.43405463063405,42.561565530349746,-1.168455355424284,-56.872489100284305,56.872489100284305,3234.480016461957,56.872489100284305,"[0.400061,0.052415,0.23563,0.096234,0.215659]",0.215659,-0.184402,0,0,0,0,False,False
candidate_popart_critic_target,mappo,61,12,dev_00_state_03,c47e6b288039285428aafce3d49684ca2d11b023896665b0b3daac8a9dcaa176,dev_00,1,True,True,True,before_or_at,0.14285714285714285,complete_fixed_behavior_discounted_return_not_vpi,99.43405463063405,42.667026527158285,-1.1634324009011712,-56.767028103475766,56.767028103475766,3222.4954797008077,56.767028103475766,"[0.428648,0.0,0.251171,0.100788,0.219394]",0.219394,-0.20925399999999997,0,0,0,0,False,False
candidate_popart_critic_target,mappo,61,12,dev_00_state_04,db2399dc4a1846b64b81f411e0237050b1ffd324fd9a4bd78478baf6f2a1e9df,dev_00,2,False,True,True,before_or_at,0.2857142857142857,complete_fixed_behavior_discounted_return_not_vpi,99.63275207083052,42.556953377515484,-1.1686750255833118,-57.075798693315036,57.075798693315036,3257.6467964798226,57.075798693315036,"[0.427952,0.0,0.248393,0.101403,0.222252]",0.222252,-0.2057,0,0,0,0,False,False
candidate_popart_critic_target,mappo,61,12,dev_00_state_05,b439a8ded6b7704f73b9af3aad6b5a11f4e642b89173768c49bca3fb2b8e11e1,dev_00,2,False,False,True,before_or_at,0.2857142857142857,complete_fixed_behavior_discounted_return_not_vpi,99.63275207083052,42.405388457902575,-1.1758938431704147,-57.227363612927945,57.227363612927945,3274.9711460862695,57.227363612927945,"[0.395838,0.055191,0.232675,0.096962,0.219335]",0.219335,-0.17650300000000002,0,0,0,0,False,False
candidate_popart_critic_target,mappo,61,12,dev_00_state_06,05d5cb2b4cdc84a07f67d30b6d40026f1ae9404889525cd1fd230abd3ad151ac,dev_00,3,True,True,True,before_or_at,0.42857142857142855,complete_fixed_behavior_discounted_return_not_vpi,99.98305426895568,42.735521157712284,-1.1601701008588647,-57.2475331112434,57.2475331112434,3277.2800473229095,57.2475331112434,"[0.432755,0.0,0.249931,0.099099,0.218215]",0.218215,-0.21454,0,0,0,0,False,False
candidate_popart_critic_target,mappo,61,12,dev_00_state_07,be44ebe79f69d66fa111d2fd9181f41a47efe8ab066cbd91663de162f21bfdca,dev_00,3,True,True,True,before_or_at,0.42857142857142855,complete_fixed_behavior_discounted_return_not_vpi,99.98305426895568,42.735521157712284,-1.1601701008588647,-57.2475331112434,57.2475331112434,3277.2800473229095,57.2475331112434,"[0.432755,0.0,0.249931,0.099099,0.218215]",0.218215,-0.21454,0,0,0,0,False,False
candidate_popart_critic_target,mappo,61,12,dev_00_state_08,54b81637eaa22690c2f9140cabc601d934d118af96613f57981add5ac63c1553,dev_00,3,True,True,True,before_or_at,0.2857142857142857,complete_fixed_behavior_discounted_return_not_vpi,99.63275207083052,42.73646771420985,-1.1601250177439244,-56.89628435662067,56.89628435662067,3237.187173589438,56.89628435662067,"[0.43485,0.0,0.248987,0.098741,0.217422]",0.217422,-0.217428,0,0,0,0,False,False
candidate_popart_critic_target,mappo,61,12,dev_00_state_09,4c5424ef8068127f88abfde3c8019231c91f8960d17e43927afbffc74d0ef8a3,dev_00,3,False,True,True,before_or_at,0.42857142857142855,complete_fixed_behavior_discounted_return_not_vpi,99.98305426895568,42.63443268048791,-1.1649847986075557,-57.34862158846777,57.34862158846777,3288.864398097272,57.34862158846777,"[0.427014,0.0,0.250646,0.101531,0.220808]",0.220808,-0.206206,0,0,0,0,False,False
candidate_popart_critic_target,mappo,61,12,dev_00_state_10,56cb3633f940a0aa4754de669549dee3763dc62aa8d33e8feb481d858f69cc45,dev_00,3,False,True,True,before_or_at,0.42857142857142855,complete_fixed_behavior_discounted_return_not_vpi,99.98305426895568,42.63443268048791,-1.1649847986075557,-57.34862158846777,57.34862158846777,3288.864398097272,57.34862158846777,"[0.427014,0.0,0.250646,0.101531,0.220808]",0.220808,-0.206206,0,0,0,0,False,False
candidate_popart_critic_target,mappo,61,12,dev_00_state_11,616869b075de6c2da36a5545c9128137f476e5cb4f0ae4851e0c1b46d0deef42,dev_00,3,False,True,True,before_or_at,0.2857142857142857,complete_fixed_behavior_discounted_return_not_vpi,99.63275207083052,42.64191223145687,-1.1646285584286526,-56.99083983937365,56.99083983937365,3247.9558255971388,56.99083983937365,"[0.429717,0.0,0.2495,0.100838,0.219944]",0.219944,-0.20977300000000002,0,0,0,0,False,False
candidate_popart_critic_target,mappo,61,12,dev_00_state_12,50772a9d479dd040bdfcd26f5a4e632848da15cc67dcf85fb3ae790c04749004,dev_00,4,True,True,True,before_or_at,0.5714285714285714,complete_fixed_behavior_discounted_return_not_vpi,100.22152414584981,42.71798937240537,-1.1610051143991358,-57.50353477344444,57.50353477344444,3306.6565114407344,57.50353477344444,"[0.436026,0.0,0.246911,0.097988,0.219074]",0.219074,-0.21695200000000003,0,0,0,0,False,False
candidate_popart_critic_target,mappo,61,12,dev_01_state_01,a4bbd832c514e8ecb281380734580807ec9ec04ce04b6be662dd729667c979e5,dev_01,0,True,False,True,before_or_at,0.0,complete_fixed_behavior_discounted_return_not_vpi,75.65614047157035,42.65428371522987,-1.164039322576008,-33.00185675634048,33.00185675634048,1089.1225493660158,33.00185675634048,"[0.400856,0.050944,0.239143,0.096696,0.212361]",0.212361,-0.188495,0,0,0,0,False,False
candidate_popart_critic_target,mappo,61,12,dev_01_state_02,63fee8a32f4b1c8d4d78562135b7b123d9efca8ef1fd10c52757463ac3a4c28b,dev_01,1,True,False,True,before_or_at,0.125,complete_fixed_behavior_discounted_return_not_vpi,99.13967366563787,42.63120716090214,-1.1651384254334252,-56.50846650473573,56.50846650473573,3193.20678671684,56.50846650473573,"[0.400992,0.051563,0.236472,0.096788,0.214185]",0.214185,-0.18680700000000003,0,0,0,0,False,False
candidate_popart_critic_target,mappo,61,12,dev_01_state_03,c559429297df4987fbb22dd07eedba631d6c671c0ff9130cbe932ee596739c54,dev_01,1,True,True,True,before_or_at,0.125,complete_fixed_behavior_discounted_return_not_vpi,99.13967366563787,42.7318668003789,-1.1603441526055036,-56.40780686525897,56.40780686525897,3181.840675348357,56.40780686525897,"[0.429397,0.0,0.251594,0.101095,0.217914]",0.217914,-0.21148299999999998,0,0,0,0,False,False
candidate_popart_critic_target,mappo,61,12,dev_01_state_04,7358d67bd36c9a85cc6e8138adeb39b8726469ca30f20c1f0942cc3f76de4651,dev_01,2,True,False,True,before_or_at,0.25,complete_fixed_behavior_discounted_return_not_vpi,99.35350480891441,42.59845687497485,-1.1666982741150225,-56.75504793393956,56.75504793393956,3221.135465983777,56.75504793393956,"[0.400269,0.051859,0.23681,0.096332,0.214732]",0.214732,-0.18553699999999998,0,0,0,0,False,False
candidate_popart_critic_target,mappo,61,12,dev_01_state_05,0763b046fa0b532b554b052e7a0878b9d194acdb61a7240efa1f797b157b13db,dev_01,2,True,True,True,before_or_at,0.25,complete_fixed_behavior_discounted_return_not_vpi,99.35350480891441,42.70464869340147,-1.1616405116167985,-56.64885611551294,56.64885611551294,3209.092899196088,56.64885611551294,"[0.428709,0.0,0.252108,0.100776,0.218406]",0.218406,-0.21030300000000002,0,0,0,0,False,False
candidate_popart_critic_target,mappo,61,12,dev_01_state_06,fd2e5861fe027bcb3635018576d2d5ce1b9b63d2b09ed94737c380749ee87049,dev_01,3,False,True,True,before_or_at,0.375,complete_fixed_behavior_discounted_return_not_vpi,99.53944465087416,42.57103950830094,-1.1680041235770426,-56.96840514257322,56.96840514257322,3245.3991844883626,56.96840514257322,"[0.422105,0.0,0.251845,0.10325,0.2228]",0.2228,-0.199305,0,0,0,0,False,False
candidate_popart_critic_target,mappo,61,12,dev_01_state_07,183ebb194b29cf885e5c212fd6e18171c5539439db50572f3120f6c0133c5049,dev_01,3,False,True,True,before_or_at,0.375,complete_fixed_behavior_discounted_return_not_vpi,99.53944465087416,42.57154438842355,-1.167980076868096,-56.96790026245061,56.96790026245061,3245.3416603125206,56.96790026245061,"[0.422144,0.0,0.251832,0.10324,0.222783]",0.222783,-0.199361,0,0,0,0,False,False
candidate_popart_critic_target,mappo,61,12,dev_01_state_08,d2bf64fb9b88e145885e5ed0f74f9f639967dd914d669e6f6d9e93f684a95a73,dev_01,4,True,True,True,before_or_at,0.5,complete_fixed_behavior_discounted_return_not_vpi,99.72721960667732,42.78590613652587,-1.1577703372980475,-56.94131347015146,56.94131347015146,3242.313179706052,56.94131347015146,"[0.433207,0.0,0.251138,0.098788,0.216866]",0.216866,-0.216341,0,0,0,0,False,False
candidate_popart_critic_target,mappo,61,12,dev_01_state_09,13fb32efb5dd998abdd32f46158b290acced91d28620d9d15377f2694497b912,dev_01,4,True,True,True,before_or_at,0.5,complete_fixed_behavior_discounted_return_not_vpi,99.72721960667732,42.78590613652587,-1.1577703372980475,-56.94131347015146,56.94131347015146,3242.313179706052,56.94131347015146,"[0.433207,0.0,0.251138,0.098788,0.216866]",0.216866,-0.216341,0,0,0,0,False,False
candidate_popart_critic_target,mappo,61,12,dev_01_state_10,501e02f271270613a795072dd11d6876f63160ede7c17cfbe7ee893e5b1aa82c,dev_01,4,True,True,True,before_or_at,0.375,complete_fixed_behavior_discounted_return_not_vpi,99.53944465087416,42.77139624305889,-1.1584614225070387,-56.76804840781527,56.76804840781527,3222.611320032058,56.76804840781527,"[0.430783,0.0,0.252352,0.09978,0.217085]",0.217085,-0.21369800000000003,0,0,0,0,False,False
candidate_popart_critic_target,mappo,61,12,dev_01_state_11,e0c6c2402de2864424b773d58c1fc72a6bc09419a54d0cbe2f5f07d795a22db3,dev_01,4,True,True,True,before_or_at,0.5,complete_fixed_behavior_discounted_return_not_vpi,99.72721960667732,42.78603219477644,-1.1577643333261616,-56.941187411900884,56.941187411900884,3242.2988238772195,56.941187411900884,"[0.433195,0.0,0.251152,0.098795,0.216859]",0.216859,-0.216336,0,0,0,0,False,False
candidate_popart_critic_target,mappo,61,12,dev_01_state_12,87eae5e2295dff0be0c0317d62480330e70116056ccb6207b9f0f698ac011e38,dev_01,4,True,True,True,before_or_at,0.5,complete_fixed_behavior_discounted_return_not_vpi,99.72721960667732,42.78603219477644,-1.1577643333261616,-56.941187411900884,56.941187411900884,3242.2988238772195,56.941187411900884,"[0.433195,0.0,0.251152,0.098795,0.216859]",0.216859,-0.216336,0,0,0,0,False,False
candidate_popart_critic_target,mappo,61,12,dev_02_state_01,aacd1cc47660f831ce532b266ce3478bb22e2c78d466e47472c937aafefcacfb,dev_02,0,True,False,True,before_or_at,0.0,complete_fixed_behavior_discounted_return_not_vpi,75.58016750117106,42.39100611002433,-1.176578853567758,-33.18916139114673,33.18916139114673,1101.5204338475849,33.18916139114673,"[0.394308,0.055042,0.229237,0.097896,0.223517]",0.223517,-0.170791,0,0,0,0,False,False
candidate_popart_critic_target,mappo,61,12,dev_02_state_02,65837e8c4e1042b18b8987e46d37b1081f660135fc906dde8659dd34bcb25e18,dev_02,1,True,False,True,before_or_at,0.2,complete_fixed_behavior_discounted_return_not_vpi,75.81651346531233,42.33380795481377,-1.1793031188518248,-33.482705510498555,33.482705510498555,1121.0915683027704,33.482705510498555,"[0.392911,0.055852,0.227304,0.097826,0.226107]",0.226107,-0.166804,0,0,0,0,False,False
candidate_popart_critic_target,mappo,61,12,dev_02_state_03,788bd1c71ab6c0f94f77fdf24a1874af9e74d3c3e59586a4d8fd42a2d4a722a2,dev_02,1,True,True,True,before_or_at,0.2,complete_fixed_behavior_discounted_return_not_vpi,75.57148846531233,42.50233632233811,-1.17127635681139,-33.06915214297422,33.06915214297422,1093.5688234551762,33.06915214297422,"[0.423808,0.0,0.244522,0.102653,0.229017]",0.229017,-0.19479100000000002,0,0,0,0,False,False
candidate_popart_critic_target,mappo,61,12,dev_02_state_04,73424c66a5e9ad4241b9fb8e38cb02b30333c2e9611126a6c2f2661d805079c5,dev_02,2,True,True,True,before_or_at,0.4,complete_fixed_behavior_discounted_return_not_vpi,75.76470591996298,42.595015925204876,-1.1668621615685257,-33.1696899947581,33.1696899947581,1100.2283343483557,33.1696899947581,"[0.428515,0.0,0.243732,0.100849,0.226904]",0.226904,-0.20161099999999998,0,0,0,0,False,False
candidate_popart_critic_target,mappo,61,12,dev_02_state_05,07a0c6f5a831ee8a70a2e4f82ae69cc5df3eb3540cdda40dc84dfab435b8d8ac,dev_02,2,False,True,True,before_or_at,0.4,complete_fixed_behavior_discounted_return_not_vpi,75.76470591996298,42.44318858536403,-1.1740934778509837,-33.32151733459895,33.32151733459895,1110.3235174799784,33.32151733459895,"[0.421265,0.0,0.243785,0.103965,0.230986]",0.230986,-0.190279,0,0,0,0,False,False
candidate_popart_critic_target,mappo,61,12,dev_02_state_06,cd47e258d721757c11ea4050f051bb017e502287edeba848b9bb4aed7aa04c14,dev_02,3,True,True,True,before_or_at,0.6,complete_fixed_behavior_discounted_return_not_vpi,75.75848028252462,42.56393268356091,-1.1683426113455373,-33.19454759896371,33.19454759896371,1101.8779902998674,33.19454759896371,"[0.429224,0.0,0.24154,0.100193,0.229043]",0.229043,-0.200181,0,0,0,0,False,False
candidate_popart_critic_target,mappo,61,12,dev_02_state_07,446e55a68c01f9b6b3d75b3584e53818ff209784976039bdb016348e222bb7bc,dev_02,3,False,True,True,before_or_at,0.6,complete_fixed_behavior_discounted_return_not_vpi,75.75848028252462,42.410955764452595,-1.1756286804233969,-33.34752451807202,33.34752451807202,1112.0573914834144,33.34752451807202,"[0.422197,0.0,0.241763,0.103214,0.232826]",0.232826,-0.18937099999999998,0,0,0,0,False,False
candidate_popart_critic_target,mappo,61,12,dev_02_state_08,da66deba85e976a12ee91266832b3fe4996e44cc0333ff92fe0fb0072b304773,dev_02,3,False,True,True,before_or_at,0.4,complete_fixed_behavior_discounted_return_not_vpi,75.76470591996298,42.38528402310411,-1.1768513882796166,-33.379421896858865,33.379421896858865,1114.1858061685011,33.379421896858865,"[0.420188,0.0,0.242997,0.104327,0.232489]",0.232489,-0.187699,0,0,0,0,False,False
candidate_popart_critic_target,mappo,61,12,dev_02_state_09,9b17e313c9c022b073c532cab790a8e4bbbfb88e37c386bc4de0316793e72b69,dev_02,4,True,False,True,before_or_at,0.8,complete_fixed_behavior_discounted_return_not_vpi,100.75270180026362,42.43734886315153,-1.1743716153614252,-58.315352937112095,58.315352937112095,3400.6803881799483,58.315352937112095,"[0.400033,0.054579,0.224748,0.094609,0.22603]",0.22603,-0.17400300000000002,0,0,0,0,False,False
candidate_popart_critic_target,mappo,61,12,dev_02_state_10,e6a58b6c7a7e16fa45b8c640dbd4b125a27da61dec2113082cdfa830027b3bfb,dev_02,4,True,False,True,before_or_at,0.8,complete_fixed_behavior_discounted_return_not_vpi,75.75270180026362,42.43734886315153,-1.1743716153614252,-33.315352937112095,33.315352937112095,1109.9127413243434,33.315352937112095,"[0.400033,0.054579,0.224748,0.094609,0.22603]",0.22603,-0.17400300000000002,0,0,0,0,False,False
candidate_popart_critic_target,mappo,61,12,dev_02_state_11,5fbcd355ad6ef625fe912c4a3485f5db6bcdb20e7b2dcdd955d3fe332063d473,dev_02,4,True,False,True,before_or_at,0.6,complete_fixed_behavior_discounted_return_not_vpi,75.75848028252462,42.454571309082624,-1.173551335207562,-33.30390897344199,33.30390897344199,1109.15035291131,33.30390897344199,"[0.398835,0.05435,0.226006,0.095309,0.225499]",0.225499,-0.173336,0,0,0,0,False,False
candidate_popart_critic_target,mappo,61,12,dev_02_state_12,fdd3f8ff3f38604c74d277ed795fde0f3d9fa09eb963e4d8820de9b76534d356,dev_02,4,True,False,True,after,0.6,complete_fixed_behavior_discounted_return_not_vpi,100.50848028252462,42.454571309082624,-1.173551335207562,-58.05390897344199,58.05390897344199,3370.2563470966884,58.05390897344199,"[0.398835,0.05435,0.226006,0.095309,0.225499]",0.225499,-0.173336,0,0,0,0,False,False
candidate_popart_critic_target,mappo,61,12,dev_03_state_01,62750fc5f603af0e58fc56236599571502c69cfa558f3283ab10e1bc858471ae,dev_03,0,True,False,True,before_or_at,0.0,complete_fixed_behavior_discounted_return_not_vpi,75.32227037485364,42.443019839178106,-1.1741015149873988,-32.87925053567554,32.87925053567554,1081.04511578772,32.87925053567554,"[0.394937,0.054425,0.233398,0.097945,0.219295]",0.219295,-0.175642,0,0,0,0,False,False
candidate_popart_critic_target,mappo,61,12,dev_03_state_02,49dc0c665e7c8d1673bc0818a98dec317568afa99b48ce13b276daf91fdf1003,dev_03,1,True,False,True,before_or_at,0.1,complete_fixed_behavior_discounted_return_not_vpi,75.2654274086768,42.40505865969343,-1.1759095509814204,-32.86036874898337,32.86036874898337,1079.803834319163,32.86036874898337,"[0.395063,0.054909,0.231983,0.097597,0.220448]",0.220448,-0.174615,0,0,0,0,False,False
candidate_popart_critic_target,mappo,61,12,dev_03_state_03,5c249417d557afb821d09652c2ced9028d3dd95a2292007d63fec0a2af97227d,dev_03,1,True,True,True,before_or_at,0.1,complete_fixed_behavior_discounted_return_not_vpi,75.2654274086768,42.60040872383069,-1.1666053103811724,-32.66501868484611,32.66501868484611,1067.0034456813455,32.66501868484611,"[0.428424,0.0,0.248412,0.101592,0.221573]",0.221573,-0.20685100000000003,0,0,0,0,False,False
candidate_popart_critic_target,mappo,61,12,dev_03_state_04,f5f32654c6274248e0d209cab36df9f70fd51f283f1cd0807581b37e93a74a25,dev_03,2,False,False,True,before_or_at,0.2,complete_fixed_behavior_discounted_return_not_vpi,75.46738204163074,42.28934902149016,-1.1814206334495299,-33.17803302014058,33.17803302014058,1100.7818750855388,33.17803302014058,"[0.387788,0.056829,0.233364,0.099864,0.222155]",0.222155,-0.16563300000000003,0,0,0,0,False,False
candidate_popart_critic_target,mappo,61,12,dev_03_state_05,6cc42ee25dea2b20e7ddf5c4193dae1de54521b21ce67836be05490494a0b931,dev_03,2,True,False,True,before_or_at,0.2,complete_fixed_behavior_discounted_return_not_vpi,75.22963452915576,42.49370738574118,-1.1716873405629267,-32.73592714341458,32.73592714341458,1071.6409259389472,32.73592714341458,"[0.397395,0.05343,0.234241,0.097221,0.217713]",0.217713,-0.179682,0,0,0,0,False,False
candidate_popart_critic_target,mappo,61,12,dev_03_state_06,1217155fad78690dd6f9e30d323674dca8a13a10b95a50b6354593aed403e43d,dev_03,3,True,True,True,before_or_at,0.3,complete_fixed_behavior_discounted_return_not_vpi,75.17185584736579,42.618503794849296,-1.165743468358344,-32.553352052516495,32.553352052516495,1059.72072985508,32.553352052516495,"[0.428659,0.0,0.248858,0.100854,0.221629]",0.221629,-0.20703000000000002,0,0,0,0,False,False
candidate_popart_critic_target,mappo,61,12,dev_03_state_07,c9b593dfc8699de434ab870b13435c9305897d412b8dedc394c04fd20511d413,dev_03,3,False,True,True,before_or_at,0.2,complete_fixed_behavior_discounted_return_not_vpi,75.22963452915576,42.45402972175957,-1.1735771302272973,-32.77560480739619,32.77560480739619,1074.2402704906124,32.77560480739619,"[0.421549,0.0,0.249202,0.104338,0.224911]",0.224911,-0.196638,0,0,0,0,False,False
candidate_popart_critic_target,mappo,61,12,dev_03_state_08,6b17f75e0e3f5de80f49678d788da5519dddc9cc9bd584c0ee650b8d7219e7b6,dev_03,3,True,True,True,before_or_at,0.3,complete_fixed_behavior_discounted_return_not_vpi,75.4120048498658,42.60090675627894,-1.1665815898170369,-32.81109809358686,32.81109809358686,1076.5681581069791,32.81109809358686,"[0.428969,0.0,0.248054,0.100556,0.222422]",0.222422,-0.20654699999999998,0,0,0,0,False,False
candidate_popart_critic_target,mappo,61,12,dev_03_state_09,0ccde0ef6c389b7341f4f1ea7beb149b259aad13dd1630dab7db376142e1073a,dev_03,3,False,False,True,before_or_at,0.2,complete_fixed_behavior_discounted_return_not_vpi,75.46738204163074,42.21023381652183,-1.1851887760678301,-33.257148225108914,33.257148225108914,1106.037908066865,33.257148225108914,"[0.385806,0.057847,0.232319,0.10022,0.223807]",0.223807,-0.16199899999999998,0,0,0,0,False,False
candidate_popart_critic_target,mappo,61,12,dev_03_state_10,ebe2739e96e527d82f495d7e680acc3138491d2e16ff51c3923b53550c15ae25,dev_03,3,True,True,True,before_or_at,0.3,complete_fixed_behavior_discounted_return_not_vpi,74.92928109736579,42.65188359315212,-1.1641536369141168,-32.27739750421367,32.27739750421367,1041.8303896450186,32.27739750421367,"[0.430749,0.0,0.248647,0.100351,0.220253]",0.220253,-0.210496,0,0,0,0,False,False
candidate_popart_critic_target,mappo,61,12,dev_03_state_11,6f4069e08051d555eb68fe1fc24e55e73bd96f49eec834dcd284e6fcc78d573c,dev_03,4,True,False,True,before_or_at,0.4,complete_fixed_behavior_discounted_return_not_vpi,75.39606346424462,42.49892294285438,-1.1714389311320939,-32.89714052139024,32.89714052139024,1082.2218544840957,32.89714052139024,"[0.400036,0.053515,0.231826,0.095715,0.218907]",0.218907,-0.181129,0,0,0,0,False,False
candidate_popart_critic_target,mappo,61,12,dev_03_state_12,3280b55b15e26af81785ba01c8673bf4d36b50b213800bb4ae9d9639e7519111,dev_03,4,True,False,True,before_or_at,0.3,complete_fixed_behavior_discounted_return_not_vpi,74.92928109736579,42.5292285497223,-1.1699955189731015,-32.40005254764349,32.40005254764349,1049.7634050900595,32.40005254764349,"[0.399631,0.052878,0.233611,0.09612,0.21776]",0.21776,-0.181871,0,0,0,0,False,False
candidate_popart_critic_target,ppo,7,6,dev_00_state_01,2cb31cda5fedadef13eb6ef29f9fb864a9636c64a8a0b599c358ab8e79aa2f2e,dev_00,0,True,False,True,before_or_at,0.0,complete_fixed_behavior_discounted_return_not_vpi,99.16542974483956,15.997083409781503,-1.8994840077874493,-83.16834633505806,83.16834633505806,6916.973832108166,83.16834633505806,"[0.199169,0.146813,0.257486,0.127584,0.268947]",0.268947,0.011460999999999999,4,4,4,4,False,False
candidate_popart_critic_target,ppo,7,6,dev_00_state_02,4fe79a7d2f5b835a26cde6caefb444f6301c270d44971bde40489a612dd2b391,dev_00,1,True,False,True,before_or_at,0.14285714285714285,complete_fixed_behavior_discounted_return_not_vpi,99.43405463063405,15.950646881080523,-1.9012494961635507,-83.48340774955352,83.48340774955352,6969.479369478213,83.48340774955352,"[0.198726,0.147464,0.255044,0.128136,0.270631]",0.270631,0.015587000000000018,4,4,4,4,False,False
candidate_popart_critic_target,ppo,7,6,dev_00_state_03,c47e6b288039285428aafce3d49684ca2d11b023896665b0b3daac8a9dcaa176,dev_00,1,True,True,True,before_or_at,0.14285714285714285,complete_fixed_behavior_discounted_return_not_vpi,99.43405463063405,16.017528660114195,-1.8987066918937208,-83.41652597051986,83.41652597051986,6958.316804990413,83.41652597051986,"[0.229129,0.0,0.2964,0.149936,0.324534]",0.324534,0.028133999999999992,4,4,4,4,False,False
candidate_popart_critic_target,ppo,7,6,dev_00_state_04,db2399dc4a1846b64b81f411e0237050b1ffd324fd9a4bd78478baf6f2a1e9df,dev_00,2,False,True,True,before_or_at,0.2857142857142857,complete_fixed_behavior_discounted_return_not_vpi,99.63275207083052,15.98738410116568,-1.8998527695596248,-83.64536796966485,83.64536796966485,6996.547582780634,83.64536796966485,"[0.229941,0.0,0.301733,0.151395,0.316931]",0.316931,0.015198000000000045,4,4,4,4,False,False
candidate_popart_critic_target,ppo,7,6,dev_00_state_05,b439a8ded6b7704f73b9af3aad6b5a11f4e642b89173768c49bca3fb2b8e11e1,dev_00,2,False,False,True,before_or_at,0.2857142857142857,complete_fixed_behavior_discounted_return_not_vpi,99.63275207083052,15.821743222615396,-1.9061503342973085,-83.81100884821512,83.81100884821512,7024.285204155593,83.81100884821512,"[0.199406,0.149362,0.257836,0.12993,0.263466]",0.263466,0.005629999999999968,4,4,4,4,False,False
candidate_popart_critic_target,ppo,7,6,dev_00_state_06,05d5cb2b4cdc84a07f67d30b6d40026f1ae9404889525cd1fd230abd3ad151ac,dev_00,3,True,True,True,before_or_at,0.42857142857142855,complete_fixed_behavior_discounted_return_not_vpi,99.98305426895568,16.325134864058477,-1.8870116924466842,-83.6579194048972,83.6579194048972,6998.647479156275,83.6579194048972,"[0.229177,0.0,0.29837,0.147225,0.325228]",0.325228,0.026857999999999993,4,4,4,4,False,False
candidate_popart_critic_target,ppo,7,6,dev_00_state_07,be44ebe79f69d66fa111d2fd9181f41a47efe8ab066cbd91663de162f21bfdca,dev_00,3,True,True,True,before_or_at,0.42857142857142855,complete_fixed_behavior_discounted_return_not_vpi,99.98305426895568,16.325134864058477,-1.8870116924466842,-83.6579194048972,83.6579194048972,6998.647479156275,83.6579194048972,"[0.229177,0.0,0.29837,0.147225,0.325228]",0.325228,0.026857999999999993,4,4,4,4,False,False
candidate_popart_critic_target,ppo,7,6,dev_00_state_08,54b81637eaa22690c2f9140cabc601d934d118af96613f57981add5ac63c1553,dev_00,3,True,True,True,before_or_at,0.2857142857142857,complete_fixed_behavior_discounted_return_not_vpi,99.63275207083052,16.35508570040433,-1.885872979995467,-83.27766637042619,83.27766637042619,6935.169716104013,83.27766637042619,"[0.229321,0.0,0.300587,0.146786,0.323305]",0.323305,0.022718000000000016,4,4,4,4,False,False
candidate_popart_critic_target,ppo,7,6,dev_00_state_09,4c5424ef8068127f88abfde3c8019231c91f8960d17e43927afbffc74d0ef8a3,dev_00,3,False,True,True,before_or_at,0.42857142857142855,complete_fixed_behavior_discounted_return_not_vpi,99.98305426895568,16.0198092819071,-1.8986199840501699,-83.96324498704858,83.96324498704858,7049.826508755139,83.96324498704858,"[0.230231,0.0,0.301588,0.151097,0.317084]",0.317084,0.015495999999999954,4,4,4,4,False,False
candidate_popart_critic_target,ppo,7,6,dev_00_state_10,56cb3633f940a0aa4754de669549dee3763dc62aa8d33e8feb481d858f69cc45,dev_00,3,False,True,True,before_or_at,0.42857142857142855,complete_fixed_behavior_discounted_return_not_vpi,99.98305426895568,16.0198092819071,-1.8986199840501699,-83.96324498704858,83.96324498704858,7049.826508755139,83.96324498704858,"[0.230231,0.0,0.301588,0.151097,0.317084]",0.317084,0.015495999999999954,4,4,4,4,False,False
candidate_popart_critic_target,ppo,7,6,dev_00_state_11,616869b075de6c2da36a5545c9128137f476e5cb4f0ae4851e0c1b46d0deef42,dev_00,3,False,True,True,before_or_at,0.2857142857142857,complete_fixed_behavior_discounted_return_not_vpi,99.63275207083052,16.03026071931638,-1.8982226268019902,-83.60249135151415,83.60249135151415,6989.376560179998,83.60249135151415,"[0.23025,0.0,0.303409,0.151007,0.315334]",0.315334,0.011925000000000019,4,4,4,4,False,False
candidate_popart_critic_target,ppo,7,6,dev_00_state_12,50772a9d479dd040bdfcd26f5a4e632848da15cc67dcf85fb3ae790c04749004,dev_00,4,True,True,True,before_or_at,0.5714285714285714,complete_fixed_behavior_discounted_return_not_vpi,100.22152414584981,16.412363807327772,-1.8836953014564533,-83.80916033852205,83.80916033852205,7023.975356648097,83.80916033852205,"[0.228959,0.0,0.298853,0.146841,0.325347]",0.325347,0.026494000000000018,4,4,4,4,False,False
candidate_popart_critic_target,ppo,7,6,dev_01_state_01,a4bbd832c514e8ecb281380734580807ec9ec04ce04b6be662dd729667c979e5,dev_01,0,True,False,True,before_or_at,0.0,complete_fixed_behavior_discounted_return_not_vpi,75.65614047157035,15.847278930447253,-1.9051794823276669,-59.8088615411231,59.8088615411231,3577.099918845234,59.8088615411231,"[0.198757,0.146329,0.258874,0.128792,0.267248]",0.267248,0.008373999999999993,4,4,4,4,False,False
candidate_popart_critic_target,ppo,7,6,dev_01_state_02,63fee8a32f4b1c8d4d78562135b7b123d9efca8ef1fd10c52757463ac3a4c28b,dev_01,1,True,False,True,before_or_at,0.125,complete_fixed_behavior_discounted_return_not_vpi,99.13967366563787,16.00690202700818,-1.8991107099749727,-83.13277163862969,83.13277163862969,6911.057720320553,83.13277163862969,"[0.199385,0.145359,0.259315,0.128467,0.267474]",0.267474,0.008158999999999972,4,4,4,4,False,False
candidate_popart_critic_target,ppo,7,6,dev_01_state_03,c559429297df4987fbb22dd07eedba631d6c671c0ff9130cbe932ee596739c54,dev_01,1,True,True,True,before_or_at,0.125,complete_fixed_behavior_discounted_return_not_vpi,99.13967366563787,16.110592499045374,-1.8951684617446425,-83.0290811665925,83.0290811665925,6893.828319368607,83.0290811665925,"[0.229154,0.0,0.301547,0.149346,0.319952]",0.319952,0.018405000000000005,4,4,4,4,False,False
candidate_popart_critic_target,ppo,7,6,dev_01_state_04,7358d67bd36c9a85cc6e8138adeb39b8726469ca30f20c1f0942cc3f76de4651,dev_01,2,True,False,True,before_or_at,0.25,complete_fixed_behavior_discounted_return_not_vpi,99.35350480891441,15.940744056541632,-1.9016259954864556,-83.41276075237278,83.41276075237278,6957.68865633258,83.41276075237278,"[0.198328,0.146548,0.256747,0.128533,0.269843]",0.269843,0.013095999999999997,4,4,4,4,False,False
candidate_popart_critic_target,ppo,7,6,dev_01_state_05,0763b046fa0b532b554b052e7a0878b9d194acdb61a7240efa1f797b157b13db,dev_01,2,True,True,True,before_or_at,0.25,complete_fixed_behavior_discounted_return_not_vpi,99.35350480891441,16.047687677366284,-1.8975600645319715,-83.30581713154812,83.30581713154812,6939.859167954937,83.30581713154812,"[0.228071,0.0,0.298717,0.149801,0.32341]",0.32341,0.024692999999999965,4,4,4,4,False,False
candidate_popart_critic_target,ppo,7,6,dev_01_state_06,fd2e5861fe027bcb3635018576d2d5ce1b9b63d2b09ed94737c380749ee87049,dev_01,3,False,True,True,before_or_at,0.375,complete_fixed_behavior_discounted_return_not_vpi,99.53944465087416,15.82089104489691,-1.9061827335721562,-83.71855360597725,83.71855360597725,7008.796217876887,83.71855360597725,"[0.229461,0.0,0.301083,0.15273,0.316726]",0.316726,0.015643000000000018,4,4,4,4,False,False
candidate_popart_critic_target,ppo,7,6,dev_01_state_07,183ebb194b29cf885e5c212fd6e18171c5539439db50572f3120f6c0133c5049,dev_01,3,False,True,True,before_or_at,0.375,complete_fixed_behavior_discounted_return_not_vpi,99.53944465087416,15.824323215694712,-1.9060522445408306,-83.71512143517944,83.71512143517944,7008.22155690684,83.71512143517944,"[0.229447,0.0,0.30111,0.1527,0.316743]",0.316743,0.015633000000000008,4,4,4,4,False,False
candidate_popart_critic_target,ppo,7,6,dev_01_state_08,d2bf64fb9b88e145885e5ed0f74f9f639967dd914d669e6f6d9e93f684a95a73,dev_01,4,True,True,True,before_or_at,0.5,complete_fixed_behavior_discounted_return_not_vpi,99.72721960667732,16.31975985647027,-1.887216046942679,-83.40745975020705,83.40745975020705,6956.80434198241,83.40745975020705,"[0.228854,0.0,0.301585,0.147355,0.322206]",0.322206,0.020621,4,4,4,4,False,False
candidate_popart_critic_target,ppo,7,6,dev_01_state_09,13fb32efb5dd998abdd32f46158b290acced91d28620d9d15377f2694497b912,dev_01,4,True,True,True,before_or_at,0.5,complete_fixed_behavior_discounted_return_not_vpi,99.72721960667732,16.31975985647027,-1.887216046942679,-83.40745975020705,83.40745975020705,6956.80434198241,83.40745975020705,"[0.228854,0.0,0.301585,0.147355,0.322206]",0.322206,0.020621,4,4,4,4,False,False
candidate_popart_critic_target,ppo,7,6,dev_01_state_10,501e02f271270613a795072dd11d6876f63160ede7c17cfbe7ee893e5b1aa82c,dev_01,4,True,True,True,before_or_at,0.375,complete_fixed_behavior_discounted_return_not_vpi,99.53944465087416,16.210117330289542,-1.8913845886255625,-83.32932732058461,83.32932732058461,6943.776791701129,83.32932732058461,"[0.228796,0.0,0.30084,0.148067,0.322297]",0.322297,0.021457000000000004,4,4,4,4,False,False
candidate_popart_critic_target,ppo,7,6,dev_01_state_11,e0c6c2402de2864424b773d58c1fc72a6bc09419a54d0cbe2f5f07d795a22db3,dev_01,4,True,True,True,before_or_at,0.5,complete_fixed_behavior_discounted_return_not_vpi,99.72721960667732,16.32197574101987,-1.887131800369463,-83.40524386565745,83.40524386565745,6956.434704289791,83.40524386565745,"[0.228871,0.0,0.301583,0.147332,0.322214]",0.322214,0.02063100000000001,4,4,4,4,False,False
candidate_popart_critic_target,ppo,7,6,dev_01_state_12,87eae5e2295dff0be0c0317d62480330e70116056ccb6207b9f0f698ac011e38,dev_01,4,True,True,True,before_or_at,0.5,complete_fixed_behavior_discounted_return_not_vpi,99.72721960667732,16.32197574101987,-1.887131800369463,-83.40524386565745,83.40524386565745,6956.434704289791,83.40524386565745,"[0.228871,0.0,0.301583,0.147332,0.322214]",0.322214,0.02063100000000001,4,4,4,4,False,False
candidate_popart_critic_target,ppo,7,6,dev_02_state_01,aacd1cc47660f831ce532b266ce3478bb22e2c78d466e47472c937aafefcacfb,dev_02,0,True,False,True,before_or_at,0.0,complete_fixed_behavior_discounted_return_not_vpi,75.58016750117106,15.192963518205957,-1.9300561534943368,-60.387203982965104,60.387203982965104,3646.6144048802366,60.387203982965104,"[0.197168,0.152253,0.25176,0.133438,0.265381]",0.265381,0.013620999999999994,4,4,4,4,False,False
candidate_popart_critic_target,ppo,7,6,dev_02_state_02,65837e8c4e1042b18b8987e46d37b1081f660135fc906dde8659dd34bcb25e18,dev_02,1,True,False,True,before_or_at,0.2,complete_fixed_behavior_discounted_return_not_vpi,75.81651346531233,15.202533810464324,-1.9296922968450416,-60.613979654848,60.613979654848,3674.0545295983275,60.613979654848,"[0.196624,0.152662,0.249403,0.133757,0.267554]",0.267554,0.018151,4,4,4,4,False,False
candidate_popart_critic_target,ppo,7,6,dev_02_state_03,788bd1c71ab6c0f94f77fdf24a1874af9e74d3c3e59586a4d8fd42a2d4a722a2,dev_02,1,True,True,True,before_or_at,0.2,complete_fixed_behavior_discounted_return_not_vpi,75.57148846531233,15.231008380411275,-1.9286097111380105,-60.34048008490105,60.34048008490105,3640.9735368763404,60.34048008490105,"[0.227422,0.0,0.291501,0.15773,0.323347]",0.323347,0.031845999999999985,4,4,4,4,False,False
candidate_popart_critic_target,ppo,7,6,dev_02_state_04,73424c66a5e9ad4241b9fb8e38cb02b30333c2e9611126a6c2f2661d805079c5,dev_02,2,True,True,True,before_or_at,0.4,complete_fixed_behavior_discounted_return_not_vpi,75.76470591996298,15.6065374867119,-1.9143323245501656,-60.15816843325108,60.15816843325108,3619.0052292434066,60.15816843325108,"[0.227813,0.0,0.294704,0.154527,0.322955]",0.322955,0.02825099999999997,4,4,4,4,False,False
candidate_popart_critic_target,ppo,7,6,dev_02_state_05,07a0c6f5a831ee8a70a2e4f82ae69cc5df3eb3540cdda40dc84dfab435b8d8ac,dev_02,2,False,True,True,before_or_at,0.4,complete_fixed_behavior_discounted_return_not_vpi,75.76470591996298,15.17108308772557,-1.9308880340581482,-60.59362283223741,60.59362283223741,3671.5871279354424,60.59362283223741,"[0.229182,0.0,0.297796,0.159446,0.313576]",0.313576,0.015780000000000016,4,4,4,4,False,False
candidate_popart_critic_target,ppo,7,6,dev_02_state_06,cd47e258d721757c11ea4050f051bb017e502287edeba848b9bb4aed7aa04c14,dev_02,3,True,True,True,before_or_at,0.6,complete_fixed_behavior_discounted_return_not_vpi,75.75848028252462,15.661220344715538,-1.9122533157853399,-60.09725993780908,60.09725993780908,3611.6806520325918,60.09725993780908,"[0.227577,0.0,0.293068,0.154631,0.324725]",0.324725,0.03165699999999999,4,4,4,4,False,False
candidate_popart_critic_target,ppo,7,6,dev_02_state_07,446e55a68c01f9b6b3d75b3584e53818ff209784976039bdb016348e222bb7bc,dev_02,3,False,True,True,before_or_at,0.6,complete_fixed_behavior_discounted_return_not_vpi,75.75848028252462,15.265105050848284,-1.927313376614215,-60.49337523167633,60.49337523167633,3659.4484469203917,60.49337523167633,"[0.228996,0.0,0.296324,0.159275,0.315405]",0.315405,0.019081000000000015,4,4,4,4,False,False
candidate_popart_critic_target,ppo,7,6,dev_02_state_08,da66deba85e976a12ee91266832b3fe4996e44cc0333ff92fe0fb0072b304773,dev_02,3,False,True,True,before_or_at,0.4,complete_fixed_behavior_discounted_return_not_vpi,75.76470591996298,15.134826905882989,-1.9322664718827554,-60.62987901407999,60.62987901407999,3675.982229261977,60.62987901407999,"[0.229008,0.0,0.296691,0.159788,0.314513]",0.314513,0.017822000000000005,4,4,4,4,False,False
candidate_popart_critic_target,ppo,7,6,dev_02_state_09,9b17e313c9c022b073c532cab790a8e4bbbfb88e37c386bc4de0316793e72b69,dev_02,4,True,False,True,before_or_at,0.8,complete_fixed_behavior_discounted_return_not_vpi,100.75270180026362,15.55866927668172,-1.9161522445734138,-85.19403252358191,85.19403252358191,7258.023177629132,85.19403252358191,"[0.196703,0.150991,0.25029,0.131901,0.270115]",0.270115,0.01982499999999998,4,4,4,4,False,False
candidate_popart_critic_target,ppo,7,6,dev_02_state_10,e6a58b6c7a7e16fa45b8c640dbd4b125a27da61dec2113082cdfa830027b3bfb,dev_02,4,True,False,True,before_or_at,0.8,complete_fixed_behavior_discounted_return_not_vpi,75.75270180026362,15.55866927668172,-1.9161522445734138,-60.1940325235819,60.1940325235819,3623.3215514500357,60.1940325235819,"[0.196703,0.150991,0.25029,0.131901,0.270115]",0.270115,0.01982499999999998,4,4,4,4,False,False
candidate_popart_critic_target,ppo,7,6,dev_02_state_11,5fbcd355ad6ef625fe912c4a3485f5db6bcdb20e7b2dcdd955d3fe332063d473,dev_02,4,True,False,True,before_or_at,0.6,complete_fixed_behavior_discounted_return_not_vpi,75.75848028252462,15.58302135305781,-1.9152263935466765,-60.17545892946681,60.17545892946681,3621.0858573719465,60.17545892946681,"[0.197659,0.150423,0.251557,0.131634,0.268727]",0.268727,0.01717000000000002,4,4,4,4,False,False
candidate_popart_critic_target,ppo,7,6,dev_02_state_12,fdd3f8ff3f38604c74d277ed795fde0f3d9fa09eb963e4d8820de9b76534d356,dev_02,4,True,False,True,after,0.6,complete_fixed_behavior_discounted_return_not_vpi,100.50848028252462,15.58302135305781,-1.9152263935466765,-84.9254589294668,84.9254589294668,7212.333574380552,84.9254589294668,"[0.197659,0.150423,0.251557,0.131634,0.268727]",0.268727,0.01717000000000002,4,4,4,4,False,False
candidate_popart_critic_target,ppo,7,6,dev_03_state_01,62750fc5f603af0e58fc56236599571502c69cfa558f3283ab10e1bc858471ae,dev_03,0,True,False,True,before_or_at,0.0,complete_fixed_behavior_discounted_return_not_vpi,75.32227037485364,15.314522710053971,-1.925434547482443,-60.00774766479967,60.00774766479967,3600.929779802271,60.00774766479967,"[0.198776,0.151234,0.251398,0.133598,0.264993]",0.264993,0.013594999999999968,4,4,4,4,False,False
candidate_popart_critic_target,ppo,7,6,dev_03_state_02,49dc0c665e7c8d1673bc0818a98dec317568afa99b48ce13b276daf91fdf1003,dev_03,1,True,False,True,before_or_at,0.1,complete_fixed_behavior_discounted_return_not_vpi,75.2654274086768,15.398128579319888,-1.922255903546474,-59.86729882935691,59.86729882935691,3584.0934691235193,59.86729882935691,"[0.198435,0.151153,0.250728,0.133198,0.266486]",0.266486,0.015757999999999994,4,4,4,4,False,False
candidate_popart_critic_target,ppo,7,6,dev_03_state_03,5c249417d557afb821d09652c2ced9028d3dd95a2292007d63fec0a2af97227d,dev_03,1,True,True,True,before_or_at,0.1,complete_fixed_behavior_discounted_return_not_vpi,75.2654274086768,15.771120867212346,-1.9080749652405569,-59.494306541464454,59.494306541464454,3539.57251084974,59.494306541464454,"[0.22842,0.0,0.29507,0.153781,0.322729]",0.322729,0.02765899999999999,4,4,4,4,False,False
candidate_popart_critic_target,ppo,7,6,dev_03_state_04,f5f32654c6274248e0d209cab36df9f70fd51f283f1cd0807581b37e93a74a25,dev_03,2,False,False,True,before_or_at,0.2,complete_fixed_behavior_discounted_return_not_vpi,75.46738204163074,14.915800975247457,-1.9405937035992302,-60.551581066383285,60.551581066383285,3666.493969638787,60.551581066383285,"[0.198766,0.154177,0.251792,0.137148,0.258118]",0.258118,0.006325999999999998,4,4,4,4,False,False
candidate_popart_critic_target,ppo,7,6,dev_03_state_05,6cc42ee25dea2b20e7ddf5c4193dae1de54521b21ce67836be05490494a0b931,dev_03,2,True,False,True,before_or_at,0.2,complete_fixed_behavior_discounted_return_not_vpi,75.22963452915576,15.595153906833836,-1.914765121284016,-59.634480622321924,59.634480622321924,3556.271279094089,59.634480622321924,"[0.199145,0.15001,0.251044,0.131313,0.268489]",0.268489,0.01744499999999999,4,4,4,4,False,False
candidate_popart_critic_target,ppo,7,6,dev_03_state_06,1217155fad78690dd6f9e30d323674dca8a13a10b95a50b6354593aed403e43d,dev_03,3,True,True,True,before_or_at,0.3,complete_fixed_behavior_discounted_return_not_vpi,75.17185584736579,15.87841895398899,-1.9039955577077095,-59.2934368933768,59.2934368933768,3515.711658628857,59.2934368933768,"[0.230377,0.0,0.29276,0.152618,0.324246]",0.324246,0.03148599999999996,4,4,4,4,False,False
candidate_popart_critic_target,ppo,7,6,dev_03_state_07,c9b593dfc8699de434ab870b13435c9305897d412b8dedc394c04fd20511d413,dev_03,3,False,True,True,before_or_at,0.2,complete_fixed_behavior_discounted_return_not_vpi,75.22963452915576,15.355938998213766,-1.9238599255765243,-59.873695530941994,59.873695530941994,3584.859416531943,59.873695530941994,"[0.229479,0.0,0.296413,0.158638,0.31547]",0.31547,0.01905699999999999,4,4,4,4,False,False
candidate_popart_critic_target,ppo,7,6,dev_03_state_08,6b17f75e0e3f5de80f49678d788da5519dddc9cc9bd584c0ee650b8d7219e7b6,dev_03,3,True,True,True,before_or_at,0.3,complete_fixed_behavior_discounted_return_not_vpi,75.4120048498658,15.715626804053436,-1.910184815528475,-59.69637804581236,59.69637804581236,3563.657551788548,59.69637804581236,"[0.229353,0.0,0.292751,0.154361,0.323536]",0.323536,0.030785000000000007,4,4,4,4,False,False
candidate_popart_critic_target,ppo,7,6,dev_03_state_09,0ccde0ef6c389b7341f4f1ea7beb149b259aad13dd1630dab7db376142e1073a,dev_03,3,False,False,True,before_or_at,0.2,complete_fixed_behavior_discounted_return_not_vpi,75.46738204163074,14.87013982231057,-1.942329712663744,-60.59724221932017,60.59724221932017,3672.025764586959,60.59724221932017,"[0.198542,0.154928,0.250477,0.137449,0.258604]",0.258604,0.008126999999999995,4,4,4,4,False,False
candidate_popart_critic_target,ppo,7,6,dev_03_state_10,ebe2739e96e527d82f495d7e680acc3138491d2e16ff51c3923b53550c15ae25,dev_03,3,True,True,True,before_or_at,0.3,complete_fixed_behavior_discounted_return_not_vpi,74.92928109736579,16.064768896377004,-1.8969106470484371,-58.864512200988784,58.864512200988784,3465.0307966603573,58.864512200988784,"[0.229535,0.0,0.294634,0.150935,0.324897]",0.324897,0.030262999999999984,4,4,4,4,False,False
candidate_popart_critic_target,ppo,7,6,dev_03_state_11,6f4069e08051d555eb68fe1fc24e55e73bd96f49eec834dcd284e6fcc78d573c,dev_03,4,True,False,True,before_or_at,0.4,complete_fixed_behavior_discounted_return_not_vpi,75.39606346424462,15.581322651643973,-1.915290977133876,-59.81474081260065,59.81474081260065,3577.8032184785934,59.81474081260065,"[0.198452,0.150203,0.251388,0.131947,0.268009]",0.268009,0.016620999999999997,4,4,4,4,False,False
candidate_popart_critic_target,ppo,7,6,dev_03_state_12,3280b55b15e26af81785ba01c8673bf4d36b50b213800bb4ae9d9639e7519111,dev_03,4,True,False,True,before_or_at,0.3,complete_fixed_behavior_discounted_return_not_vpi,74.92928109736579,15.764486799209266,-1.9083271884422763,-59.16479429815652,59.16479429815652,3500.4728843431744,59.16479429815652,"[0.199641,0.149175,0.251909,0.130243,0.269032]",0.269032,0.017123,4,4,4,4,False,False
candidate_popart_critic_target,ppo,17,6,dev_00_state_01,2cb31cda5fedadef13eb6ef29f9fb864a9636c64a8a0b599c358ab8e79aa2f2e,dev_00,0,True,False,True,before_or_at,0.0,complete_fixed_behavior_discounted_return_not_vpi,99.16542974483956,18.509345159507752,-1.5781721902587735,-80.6560845853318,80.6560845853318,6505.403980636198,80.6560845853318,"[0.338425,0.127196,0.125491,0.101688,0.3072]",0.3072,-0.031225000000000003,0,0,0,0,False,False
candidate_popart_critic_target,ppo,17,6,dev_00_state_02,4fe79a7d2f5b835a26cde6caefb444f6301c270d44971bde40489a612dd2b391,dev_00,1,True,False,True,before_or_at,0.14285714285714285,complete_fixed_behavior_discounted_return_not_vpi,99.43405463063405,18.31467275508455,-1.5852797663707516,-81.1193818755495,81.1193818755495,6580.354115871228,81.1193818755495,"[0.335177,0.128919,0.127132,0.103612,0.30516]",0.30516,-0.030017000000000016,0,0,0,0,False,False
candidate_popart_critic_target,ppo,17,6,dev_00_state_03,c47e6b288039285428aafce3d49684ca2d11b023896665b0b3daac8a9dcaa176,dev_00,1,True,True,True,before_or_at,0.14285714285714285,complete_fixed_behavior_discounted_return_not_vpi,99.43405463063405,18.84735163111361,-1.565831423572309,-80.58670299952044,80.58670299952044,6494.216700332917,80.58670299952044,"[0.392919,0.0,0.142319,0.110492,0.354269]",0.354269,-0.03865000000000002,0,0,0,0,False,False
candidate_popart_critic_target,ppo,17,6,dev_00_state_04,db2399dc4a1846b64b81f411e0237050b1ffd324fd9a4bd78478baf6f2a1e9df,dev_00,2,False,True,True,before_or_at,0.2857142857142857,complete_fixed_behavior_discounted_return_not_vpi,99.63275207083052,19.00483170688228,-1.560081755929572,-80.62792036394825,80.62792036394825,6500.861542215181,80.62792036394825,"[0.396864,0.0,0.144057,0.108224,0.350855]",0.350855,-0.04600900000000002,0,0,0,0,False,False
candidate_popart_critic_target,ppo,17,6,dev_00_state_05,b439a8ded6b7704f73b9af3aad6b5a11f4e642b89173768c49bca3fb2b8e11e1,dev_00,2,False,False,True,before_or_at,0.2857142857142857,complete_fixed_behavior_discounted_return_not_vpi,99.63275207083052,18.441776486367957,-1.5806391525822185,-81.19097558446256,81.19097558446256,6591.974516356796,81.19097558446256,"[0.339693,0.127091,0.129132,0.101317,0.302767]",0.302767,-0.036926000000000014,0,0,0,0,False,False
candidate_popart_critic_target,ppo,17,6,dev_00_state_06,05d5cb2b4cdc84a07f67d30b6d40026f1ae9404889525cd1fd230abd3ad151ac,dev_00,3,True,True,True,before_or_at,0.42857142857142855,complete_fixed_behavior_discounted_return_not_vpi,99.98305426895568,19.110775737881916,-1.5562136922141687,-80.87227853107376,80.87227853107376,6540.325434807574,80.87227853107376,"[0.3953,0.0,0.140888,0.107928,0.355884]",0.355884,-0.03941600000000001,0,0,0,0,False,False
candidate_popart_critic_target,ppo,17,6,dev_00_state_07,be44ebe79f69d66fa111d2fd9181f41a47efe8ab066cbd91663de162f21bfdca,dev_00,3,True,True,True,before_or_at,0.42857142857142855,complete_fixed_behavior_discounted_return_not_vpi,99.98305426895568,19.110775737881916,-1.5562136922141687,-80.87227853107376,80.87227853107376,6540.325434807574,80.87227853107376,"[0.3953,0.0,0.140888,0.107928,0.355884]",0.355884,-0.03941600000000001,0,0,0,0,False,False
candidate_popart_critic_target,ppo,17,6,dev_00_state_08,54b81637eaa22690c2f9140cabc601d934d118af96613f57981add5ac63c1553,dev_00,3,True,True,True,before_or_at,0.2857142857142857,complete_fixed_behavior_discounted_return_not_vpi,99.63275207083052,19.27904241165256,-1.550070201078495,-80.35370965917795,80.35370965917795,6456.718655991468,80.35370965917795,"[0.397515,0.0,0.139228,0.10565,0.357607]",0.357607,-0.039908,0,0,0,0,False,False
candidate_popart_critic_target,ppo,17,6,dev_00_state_09,4c5424ef8068127f88abfde3c8019231c91f8960d17e43927afbffc74d0ef8a3,dev_00,3,False,True,True,before_or_at,0.42857142857142855,complete_fixed_behavior_discounted_return_not_vpi,99.98305426895568,18.915524386967668,-1.5633424059201582,-81.06752988198801,81.06752988198801,6571.944401167018,81.06752988198801,"[0.396264,0.0,0.144725,0.109913,0.349098]",0.349098,-0.047165999999999986,0,0,0,0,False,False
candidate_popart_critic_target,ppo,17,6,dev_00_state_10,56cb3633f940a0aa4754de669549dee3763dc62aa8d33e8feb481d858f69cc45,dev_00,3,False,True,True,before_or_at,0.42857142857142855,complete_fixed_behavior_discounted_return_not_vpi,99.98305426895568,18.915524386967668,-1.5633424059201582,-81.06752988198801,81.06752988198801,6571.944401167018,81.06752988198801,"[0.396264,0.0,0.144725,0.109913,0.349098]",0.349098,-0.047165999999999986,0,0,0,0,False,False
candidate_popart_critic_target,ppo,17,6,dev_00_state_11,616869b075de6c2da36a5545c9128137f476e5cb4f0ae4851e0c1b46d0deef42,dev_00,3,False,True,True,before_or_at,0.2857142857142857,complete_fixed_behavior_discounted_return_not_vpi,99.63275207083052,19.10049706449898,-1.556588971153245,-80.53225500633154,80.53225500633154,6485.444096404811,80.53225500633154,"[0.398573,0.0,0.142896,0.107475,0.351056]",0.351056,-0.04751700000000003,0,0,0,0,False,False
candidate_popart_critic_target,ppo,17,6,dev_00_state_12,50772a9d479dd040bdfcd26f5a4e632848da15cc67dcf85fb3ae790c04749004,dev_00,4,True,True,True,before_or_at,0.5714285714285714,complete_fixed_behavior_discounted_return_not_vpi,100.22152414584981,19.2680254349322,-1.5504724358009554,-80.95349871091761,80.95349871091761,6553.46895353854,80.95349871091761,"[0.396913,0.0,0.1402,0.105503,0.357384]",0.357384,-0.039529000000000036,0,0,0,0,False,False
candidate_popart_critic_target,ppo,17,6,dev_01_state_01,a4bbd832c514e8ecb281380734580807ec9ec04ce04b6be662dd729667c979e5,dev_01,0,True,False,True,before_or_at,0.0,complete_fixed_behavior_discounted_return_not_vpi,75.65614047157035,18.312295628352643,-1.5853665563255217,-57.34384484321771,57.34384484321771,3288.3165414030263,57.34384484321771,"[0.333856,0.12888,0.126301,0.1032,0.307762]",0.307762,-0.026094000000000006,0,0,0,0,False,False
candidate_popart_critic_target,ppo,17,6,dev_01_state_02,63fee8a32f4b1c8d4d78562135b7b123d9efca8ef1fd10c52757463ac3a4c28b,dev_01,1,True,False,True,before_or_at,0.125,complete_fixed_behavior_discounted_return_not_vpi,99.13967366563787,18.410432253578243,-1.5817835444691144,-80.72924141205962,80.72924141205962,6517.210418966602,80.72924141205962,"[0.33796,0.127593,0.126471,0.101953,0.306023]",0.306023,-0.03193699999999999,0,0,0,0,False,False
candidate_popart_critic_target,ppo,17,6,dev_01_state_03,c559429297df4987fbb22dd07eedba631d6c671c0ff9130cbe932ee596739c54,dev_01,1,True,True,True,before_or_at,0.125,complete_fixed_behavior_discounted_return_not_vpi,99.13967366563787,18.95992767846233,-1.5617212219888466,-80.17974598717555,80.17974598717555,6428.791666567994,80.17974598717555,"[0.394901,0.0,0.141539,0.108844,0.354716]",0.354716,-0.040185000000000026,0,0,0,0,False,False
candidate_popart_critic_target,ppo,17,6,dev_01_state_04,7358d67bd36c9a85cc6e8138adeb39b8726469ca30f20c1f0942cc3f76de4651,dev_01,2,True,False,True,before_or_at,0.25,complete_fixed_behavior_discounted_return_not_vpi,99.35350480891441,18.339734761132554,-1.5843647413776982,-81.01377004778186,81.01377004778186,6563.230937354878,81.01377004778186,"[0.332901,0.128785,0.127507,0.102681,0.308125]",0.308125,-0.02477600000000002,0,0,0,0,False,False
candidate_popart_critic_target,ppo,17,6,dev_01_state_05,0763b046fa0b532b554b052e7a0878b9d194acdb61a7240efa1f797b157b13db,dev_01,2,True,True,True,before_or_at,0.25,complete_fixed_behavior_discounted_return_not_vpi,99.35350480891441,18.92282045312359,-1.5630760232981582,-80.43068435579082,80.43068435579082,6469.094985940854,80.43068435579082,"[0.390506,0.0,0.142579,0.10937,0.357545]",0.357545,-0.03296100000000002,0,0,0,0,False,False
candidate_popart_critic_target,ppo,17,6,dev_01_state_06,fd2e5861fe027bcb3635018576d2d5ce1b9b63d2b09ed94737c380749ee87049,dev_01,3,False,True,True,before_or_at,0.375,complete_fixed_behavior_discounted_return_not_vpi,99.53944465087416,18.734029300411436,-1.5699688722930916,-80.80541535046272,80.80541535046272,6529.515149960796,80.80541535046272,"[0.391533,0.0,0.146568,0.110968,0.350931]",0.350931,-0.04060200000000003,0,0,0,0,False,False
candidate_popart_critic_target,ppo,17,6,dev_01_state_07,183ebb194b29cf885e5c212fd6e18171c5539439db50572f3120f6c0133c5049,dev_01,3,False,True,True,before_or_at,0.375,complete_fixed_behavior_discounted_return_not_vpi,99.53944465087416,18.737268469298563,-1.569850608795638,-80.80217618157559,80.80217618157559,6528.991675678381,80.80217618157559,"[0.391543,0.0,0.146556,0.110957,0.350944]",0.350944,-0.040598999999999996,0,0,0,0,False,False
candidate_popart_critic_target,ppo,17,6,dev_01_state_08,d2bf64fb9b88e145885e5ed0f74f9f639967dd914d669e6f6d9e93f684a95a73,dev_01,4,True,True,True,before_or_at,0.5,complete_fixed_behavior_discounted_return_not_vpi,99.72721960667732,19.169956267708322,-1.5540529847357016,-80.557263338969,80.557263338969,6489.472676663998,80.557263338969,"[0.393831,0.0,0.140444,0.106632,0.359092]",0.359092,-0.034738999999999964,0,0,0,0,False,False
candidate_popart_critic_target,ppo,17,6,dev_01_state_09,13fb32efb5dd998abdd32f46158b290acced91d28620d9d15377f2694497b912,dev_01,4,True,True,True,before_or_at,0.5,complete_fixed_behavior_discounted_return_not_vpi,99.72721960667732,19.169956267708322,-1.5540529847357016,-80.557263338969,80.557263338969,6489.472676663998,80.557263338969,"[0.393831,0.0,0.140444,0.106632,0.359092]",0.359092,-0.034738999999999964,0,0,0,0,False,False
candidate_popart_critic_target,ppo,17,6,dev_01_state_10,501e02f271270613a795072dd11d6876f63160ede7c17cfbe7ee893e5b1aa82c,dev_01,4,True,True,True,before_or_at,0.375,complete_fixed_behavior_discounted_return_not_vpi,99.53944465087416,19.03452225628932,-1.5589977407588433,-80.50492239458484,80.50492239458484,6481.042529758128,80.50492239458484,"[0.392529,0.0,0.141198,0.108458,0.357815]",0.357815,-0.03471400000000002,0,0,0,0,False,False
candidate_popart_critic_target,ppo,17,6,dev_01_state_11,e0c6c2402de2864424b773d58c1fc72a6bc09419a54d0cbe2f5f07d795a22db3,dev_01,4,True,True,True,before_or_at,0.5,complete_fixed_behavior_discounted_return_not_vpi,99.72721960667732,19.17152689253924,-1.5539956405242188,-80.55569271413808,80.55569271413808,6489.219628654639,80.55569271413808,"[0.393859,0.0,0.140425,0.106618,0.359098]",0.359098,-0.03476100000000004,0,0,0,0,False,False
candidate_popart_critic_target,ppo,17,6,dev_01_state_12,87eae5e2295dff0be0c0317d62480330e70116056ccb6207b9f0f698ac011e38,dev_01,4,True,True,True,before_or_at,0.5,complete_fixed_behavior_discounted_return_not_vpi,99.72721960667732,19.17152689253924,-1.5539956405242188,-80.55569271413808,80.55569271413808,6489.219628654639,80.55569271413808,"[0.393859,0.0,0.140425,0.106618,0.359098]",0.359098,-0.03476100000000004,0,0,0,0,False,False
candidate_popart_critic_target,ppo,17,6,dev_02_state_01,aacd1cc47660f831ce532b266ce3478bb22e2c78d466e47472c937aafefcacfb,dev_02,0,True,False,True,before_or_at,0.0,complete_fixed_behavior_discounted_return_not_vpi,75.58016750117106,17.80474183472637,-1.6038975711851298,-57.77542566644469,57.77542566644469,3337.9998109388757,57.77542566644469,"[0.32636,0.132931,0.129087,0.108409,0.303213]",0.303213,-0.023146999999999973,0,0,0,0,False,False
candidate_popart_critic_target,ppo,17,6,dev_02_state_02,65837e8c4e1042b18b8987e46d37b1081f660135fc906dde8659dd34bcb25e18,dev_02,1,True,False,True,before_or_at,0.2,complete_fixed_behavior_discounted_return_not_vpi,75.81651346531233,17.675054896336064,-1.6086324990146268,-58.14145856897626,58.14145856897626,3380.429204527983,58.14145856897626,"[0.323718,0.134164,0.130617,0.109659,0.301843]",0.301843,-0.021875000000000033,0,0,0,0,False,False
candidate_popart_critic_target,ppo,17,6,dev_02_state_03,788bd1c71ab6c0f94f77fdf24a1874af9e74d3c3e59586a4d8fd42a2d4a722a2,dev_02,1,True,True,True,before_or_at,0.2,complete_fixed_behavior_discounted_return_not_vpi,75.57148846531233,18.371984047480005,-1.583187305582673,-57.19950441783232,57.19950441783232,3271.7833056456193,57.19950441783232,"[0.384159,0.0,0.146186,0.116062,0.353594]",0.353594,-0.030564999999999953,0,0,0,0,False,False
candidate_popart_critic_target,ppo,17,6,dev_02_state_04,73424c66a5e9ad4241b9fb8e38cb02b30333c2e9611126a6c2f2661d805079c5,dev_02,2,True,True,True,before_or_at,0.4,complete_fixed_behavior_discounted_return_not_vpi,75.76470591996298,18.690547209534593,-1.5715564227799252,-57.074158710428385,57.074158710428385,3257.459592503168,57.074158710428385,"[0.387924,0.0,0.143975,0.11289,0.355211]",0.355211,-0.03271299999999999,0,0,0,0,False,False
candidate_popart_critic_target,ppo,17,6,dev_02_state_05,07a0c6f5a831ee8a70a2e4f82ae69cc5df3eb3540cdda40dc84dfab435b8d8ac,dev_02,2,False,True,True,before_or_at,0.4,complete_fixed_behavior_discounted_return_not_vpi,75.76470591996298,18.476777326668753,-1.579361256327954,-57.287928593294225,57.287928593294225,3281.906762510378,57.287928593294225,"[0.388796,0.0,0.148293,0.115088,0.347823]",0.347823,-0.04097299999999998,0,0,0,0,False,False
candidate_popart_critic_target,ppo,17,6,dev_02_state_06,cd47e258d721757c11ea4050f051bb017e502287edeba848b9bb4aed7aa04c14,dev_02,3,True,True,True,before_or_at,0.6,complete_fixed_behavior_discounted_return_not_vpi,75.75848028252462,18.670853727003973,-1.5722754405904413,-57.08762655552064,57.08762655552064,3258.9971057425855,57.08762655552064,"[0.387279,0.0,0.14477,0.112772,0.355179]",0.355179,-0.03209999999999996,0,0,0,0,False,False
candidate_popart_critic_target,ppo,17,6,dev_02_state_07,446e55a68c01f9b6b3d75b3584e53818ff209784976039bdb016348e222bb7bc,dev_02,3,False,True,True,before_or_at,0.6,complete_fixed_behavior_discounted_return_not_vpi,75.75848028252462,18.437269340466244,-1.5808037104847068,-57.32121094205837,57.32121094205837,3285.721223863952,57.32121094205837,"[0.387908,0.0,0.149206,0.115226,0.347659]",0.347659,-0.04024899999999998,0,0,0,0,False,False
candidate_popart_critic_target,ppo,17,6,dev_02_state_08,da66deba85e976a12ee91266832b3fe4996e44cc0333ff92fe0fb0072b304773,dev_02,3,False,True,True,before_or_at,0.4,complete_fixed_behavior_discounted_return_not_vpi,75.76470591996298,18.41844634072934,-1.5814909465810718,-57.34625957923364,57.34625957923364,3288.593487728846,57.34625957923364,"[0.387697,0.0,0.149017,0.115616,0.347671]",0.347671,-0.040026000000000006,0,0,0,0,False,False
candidate_popart_critic_target,ppo,17,6,dev_02_state_09,9b17e313c9c022b073c532cab790a8e4bbbfb88e37c386bc4de0316793e72b69,dev_02,4,True,False,True,before_or_at,0.8,complete_fixed_behavior_discounted_return_not_vpi,100.75270180026362,18.106601983561262,-1.5928765228276394,-82.64609981670236,82.64609981670236,6830.37781491233,82.64609981670236,"[0.327542,0.131651,0.129381,0.105367,0.306058]",0.306058,-0.021484000000000003,0,0,0,0,False,False
candidate_popart_critic_target,ppo,17,6,dev_02_state_10,e6a58b6c7a7e16fa45b8c640dbd4b125a27da61dec2113082cdfa830027b3bfb,dev_02,4,True,False,True,before_or_at,0.8,complete_fixed_behavior_discounted_return_not_vpi,75.75270180026362,18.106601983561262,-1.5928765228276394,-57.64609981670236,57.64609981670236,3323.072824077212,57.64609981670236,"[0.327542,0.131651,0.129381,0.105367,0.306058]",0.306058,-0.021484000000000003,0,0,0,0,False,False
candidate_popart_critic_target,ppo,17,6,dev_02_state_11,5fbcd355ad6ef625fe912c4a3485f5db6bcdb20e7b2dcdd955d3fe332063d473,dev_02,4,True,False,True,before_or_at,0.6,complete_fixed_behavior_discounted_return_not_vpi,75.75848028252462,18.031650884622444,-1.5956130208020824,-57.72682939790217,57.72682939790217,3332.3868323345023,57.72682939790217,"[0.32929,0.131673,0.128804,0.105677,0.304555]",0.304555,-0.024735000000000007,0,0,0,0,False,False
candidate_popart_critic_target,ppo,17,6,dev_02_state_12,fdd3f8ff3f38604c74d277ed795fde0f3d9fa09eb963e4d8820de9b76534d356,dev_02,4,True,False,True,after,0.6,complete_fixed_behavior_discounted_return_not_vpi,100.50848028252462,18.031650884622444,-1.5956130208020824,-82.47682939790218,82.47682939790218,6802.427387530661,82.47682939790218,"[0.32929,0.131673,0.128804,0.105677,0.304555]",0.304555,-0.024735000000000007,0,0,0,0,False,False
candidate_popart_critic_target,ppo,17,6,dev_03_state_01,62750fc5f603af0e58fc56236599571502c69cfa558f3283ab10e1bc858471ae,dev_03,0,True,False,True,before_or_at,0.0,complete_fixed_behavior_discounted_return_not_vpi,75.32227037485364,17.62659246839751,-1.6104018838237633,-57.69567790645613,57.69567790645613,3328.7912490855306,57.69567790645613,"[0.329775,0.131945,0.13015,0.108169,0.29996]",0.29996,-0.02981499999999998,0,0,0,0,False,False
candidate_popart_critic_target,ppo,17,6,dev_03_state_02,49dc0c665e7c8d1673bc0818a98dec317568afa99b48ce13b276daf91fdf1003,dev_03,1,True,False,True,before_or_at,0.1,complete_fixed_behavior_discounted_return_not_vpi,75.2654274086768,17.697797278547704,-1.6078021645200389,-57.567630130129096,57.567630130129096,3314.0320387993474,57.567630130129096,"[0.329659,0.131409,0.130494,0.107314,0.301125]",0.301125,-0.028534000000000004,0,0,0,0,False,False
candidate_popart_critic_target,ppo,17,6,dev_03_state_03,5c249417d557afb821d09652c2ced9028d3dd95a2292007d63fec0a2af97227d,dev_03,1,True,True,True,before_or_at,0.1,complete_fixed_behavior_discounted_return_not_vpi,75.2654274086768,18.606058488018682,-1.5746411435987662,-56.65936892065812,56.65936892065812,3210.284086487239,56.65936892065812,"[0.389779,0.0,0.145008,0.112955,0.352258]",0.352258,-0.03752099999999997,0,0,0,0,False,False
candidate_popart_critic_target,ppo,17,6,dev_03_state_04,f5f32654c6274248e0d209cab36df9f70fd51f283f1cd0807581b37e93a74a25,dev_03,2,False,False,True,before_or_at,0.2,complete_fixed_behavior_discounted_return_not_vpi,75.46738204163074,17.498234260703633,-1.6150882991042674,-57.96914778092711,57.96914778092711,3360.422094446966,57.96914778092711,"[0.328249,0.133155,0.134265,0.109616,0.294716]",0.294716,-0.033533000000000035,0,0,0,0,False,False
candidate_popart_critic_target,ppo,17,6,dev_03_state_05,6cc42ee25dea2b20e7ddf5c4193dae1de54521b21ce67836be05490494a0b931,dev_03,2,True,False,True,before_or_at,0.2,complete_fixed_behavior_discounted_return_not_vpi,75.22963452915576,18.001156274760106,-1.5967263925778297,-57.228478254395654,57.228478254395654,3275.098723313836,57.228478254395654,"[0.333269,0.129758,0.128286,0.105259,0.303427]",0.303427,-0.02984199999999998,0,0,0,0,False,False
candidate_popart_critic_target,ppo,17,6,dev_03_state_06,1217155fad78690dd6f9e30d323674dca8a13a10b95a50b6354593aed403e43d,dev_03,3,True,True,True,before_or_at,0.3,complete_fixed_behavior_discounted_return_not_vpi,75.17185584736579,18.721907336787062,-1.5704114505791211,-56.44994851057873,56.44994851057873,3186.5966868469895,56.44994851057873,"[0.3928,0.0,0.142795,0.110238,0.354167]",0.354167,-0.03863299999999997,0,0,0,0,False,False
candidate_popart_critic_target,ppo,17,6,dev_03_state_07,c9b593dfc8699de434ab870b13435c9305897d412b8dedc394c04fd20511d413,dev_03,3,False,True,True,before_or_at,0.2,complete_fixed_behavior_discounted_return_not_vpi,75.22963452915576,18.395033994421894,-1.5823457417629219,-56.834600534733866,56.834600534733866,3230.171817942771,56.834600534733866,"[0.388881,0.0,0.149575,0.11563,0.345915]",0.345915,-0.042966000000000004,0,0,0,0,False,False
candidate_popart_critic_target,ppo,17,6,dev_03_state_08,6b17f75e0e3f5de80f49678d788da5519dddc9cc9bd584c0ee650b8d7219e7b6,dev_03,3,True,True,True,before_or_at,0.3,complete_fixed_behavior_discounted_return_not_vpi,75.4120048498658,18.559021442011876,-1.5763584870792997,-56.85298340785392,56.85298340785392,3232.261722373713,56.85298340785392,"[0.390289,0.0,0.144462,0.111704,0.353544]",0.353544,-0.03674499999999997,0,0,0,0,False,False
candidate_popart_critic_target,ppo,17,6,dev_03_state_09,0ccde0ef6c389b7341f4f1ea7beb149b259aad13dd1630dab7db376142e1073a,dev_03,3,False,False,True,before_or_at,0.2,complete_fixed_behavior_discounted_return_not_vpi,75.46738204163074,17.38937064947592,-1.6190629579929696,-58.07801139215482,58.07801139215482,3373.0554072672653,58.07801139215482,"[0.326384,0.133885,0.135127,0.110403,0.294201]",0.294201,-0.03218300000000002,0,0,0,0,False,False
candidate_popart_critic_target,ppo,17,6,dev_03_state_10,ebe2739e96e527d82f495d7e680acc3138491d2e16ff51c3923b53550c15ae25,dev_03,3,True,True,True,before_or_at,0.3,complete_fixed_behavior_discounted_return_not_vpi,74.92928109736579,18.903527402450116,-1.5637804211633834,-56.02575369491567,56.02575369491567,3138.885077083357,56.02575369491567,"[0.392836,0.0,0.142328,0.109629,0.355207]",0.355207,-0.037629000000000024,0,0,0,0,False,False
candidate_popart_critic_target,ppo,17,6,dev_03_state_11,6f4069e08051d555eb68fe1fc24e55e73bd96f49eec834dcd284e6fcc78d573c,dev_03,4,True,False,True,before_or_at,0.4,complete_fixed_behavior_discounted_return_not_vpi,75.39606346424462,17.963715111350147,-1.5980933861147193,-57.43234835289447,57.43234835289447,3298.4746373282205,57.43234835289447,"[0.332129,0.130056,0.129183,0.104814,0.303819]",0.303819,-0.028310000000000002,0,0,0,0,False,False
candidate_popart_critic_target,ppo,17,6,dev_03_state_12,3280b55b15e26af81785ba01c8673bf4d36b50b213800bb4ae9d9639e7519111,dev_03,4,True,False,True,before_or_at,0.3,complete_fixed_behavior_discounted_return_not_vpi,74.92928109736579,18.162182858674733,-1.5908472403445373,-56.767098238691055,56.767098238691055,3222.503442441201,56.767098238691055,"[0.336094,0.12849,0.127092,0.103022,0.305302]",0.305302,-0.030791999999999986,0,0,0,0,False,False
candidate_popart_critic_target,ppo,29,6,dev_00_state_01,2cb31cda5fedadef13eb6ef29f9fb864a9636c64a8a0b599c358ab8e79aa2f2e,dev_00,0,True,False,True,before_or_at,0.0,complete_fixed_behavior_discounted_return_not_vpi,99.16542974483956,15.211432287654432,-2.2072122773112133,-83.95399745718512,83.95399745718512,7048.273689041046,83.95399745718512,"[0.278228,0.211842,0.156358,0.116585,0.236988]",0.236988,-0.04123999999999997,0,0,0,0,False,False
candidate_popart_critic_target,ppo,29,6,dev_00_state_02,4fe79a7d2f5b835a26cde6caefb444f6301c270d44971bde40489a612dd2b391,dev_00,1,True,False,True,before_or_at,0.14285714285714285,complete_fixed_behavior_discounted_return_not_vpi,99.43405463063405,15.124437222938937,-2.2111762446009147,-84.30961740769511,84.30961740769511,7108.111587431927,84.30961740769511,"[0.277997,0.212531,0.158044,0.11641,0.235018]",0.235018,-0.04297899999999999,0,0,0,0,False,False
candidate_popart_critic_target,ppo,29,6,dev_00_state_03,c47e6b288039285428aafce3d49684ca2d11b023896665b0b3daac8a9dcaa176,dev_00,1,True,True,True,before_or_at,0.14285714285714285,complete_fixed_behavior_discounted_return_not_vpi,99.43405463063405,15.204759808097194,-2.2075163116928485,-84.22929482253686,84.22929482253686,7094.574106301834,84.22929482253686,"[0.354442,0.0,0.19895,0.148602,0.298007]",0.298007,-0.05643499999999996,0,0,0,0,False,False
candidate_popart_critic_target,ppo,29,6,dev_00_state_04,db2399dc4a1846b64b81f411e0237050b1ffd324fd9a4bd78478baf6f2a1e9df,dev_00,2,False,True,True,before_or_at,0.2857142857142857,complete_fixed_behavior_discounted_return_not_vpi,99.63275207083052,15.020834140873909,-2.215896963296407,-84.6119179299566,84.6119179299566,7159.176655785712,84.6119179299566,"[0.36002,0.0,0.196377,0.151652,0.291951]",0.291951,-0.06806899999999999,0,0,0,0,False,False
candidate_popart_critic_target,ppo,29,6,dev_00_state_05,b439a8ded6b7704f73b9af3aad6b5a11f4e642b89173768c49bca3fb2b8e11e1,dev_00,2,False,False,True,before_or_at,0.2857142857142857,complete_fixed_behavior_discounted_return_not_vpi,99.63275207083052,14.87992751163761,-2.2223174340555403,-84.7528245591929,84.7528245591929,7183.041270761331,84.7528245591929,"[0.282672,0.211666,0.156262,0.119047,0.230352]",0.230352,-0.05231999999999998,0,0,0,0,False,False
candidate_popart_critic_target,ppo,29,6,dev_00_state_06,05d5cb2b4cdc84a07f67d30b6d40026f1ae9404889525cd1fd230abd3ad151ac,dev_00,3,True,True,True,before_or_at,0.42857142857142855,complete_fixed_behavior_discounted_return_not_vpi,99.98305426895568,15.310733053572832,-2.202687595488973,-84.67232121538285,84.67232121538285,7169.401980000973,84.67232121538285,"[0.356445,0.0,0.196943,0.147155,0.299457]",0.299457,-0.05698800000000004,0,0,0,0,False,False
candidate_popart_critic_target,ppo,29,6,dev_00_state_07,be44ebe79f69d66fa111d2fd9181f41a47efe8ab066cbd91663de162f21bfdca,dev_00,3,True,True,True,before_or_at,0.42857142857142855,complete_fixed_behavior_discounted_return_not_vpi,99.98305426895568,15.310733053572832,-2.202687595488973,-84.67232121538285,84.67232121538285,7169.401980000973,84.67232121538285,"[0.356445,0.0,0.196943,0.147155,0.299457]",0.299457,-0.05698800000000004,0,0,0,0,False,False
candidate_popart_critic_target,ppo,29,6,dev_00_state_08,54b81637eaa22690c2f9140cabc601d934d118af96613f57981add5ac63c1553,dev_00,3,True,True,True,before_or_at,0.2857142857142857,complete_fixed_behavior_discounted_return_not_vpi,99.63275207083052,15.303565219287407,-2.203014200920423,-84.32918685154311,84.32918685154311,7111.411755042472,84.32918685154311,"[0.356197,0.0,0.194491,0.148947,0.300365]",0.300365,-0.05583199999999999,0,0,0,0,False,False
candidate_popart_critic_target,ppo,29,6,dev_00_state_09,4c5424ef8068127f88abfde3c8019231c91f8960d17e43927afbffc74d0ef8a3,dev_00,3,False,True,True,before_or_at,0.42857142857142855,complete_fixed_behavior_discounted_return_not_vpi,99.98305426895568,15.16046316904962,-2.2095347069754148,-84.82259109990606,84.82259109990606,7194.8719609018635,84.82259109990606,"[0.360144,0.0,0.197713,0.148318,0.293825]",0.293825,-0.06631900000000002,0,0,0,0,False,False
candidate_popart_critic_target,ppo,29,6,dev_00_state_10,56cb3633f940a0aa4754de669549dee3763dc62aa8d33e8feb481d858f69cc45,dev_00,3,False,True,True,before_or_at,0.42857142857142855,complete_fixed_behavior_discounted_return_not_vpi,99.98305426895568,15.16046316904962,-2.2095347069754148,-84.82259109990606,84.82259109990606,7194.8719609018635,84.82259109990606,"[0.360144,0.0,0.197713,0.148318,0.293825]",0.293825,-0.06631900000000002,0,0,0,0,False,False
candidate_popart_critic_target,ppo,29,6,dev_00_state_11,616869b075de6c2da36a5545c9128137f476e5cb4f0ae4851e0c1b46d0deef42,dev_00,3,False,True,True,before_or_at,0.2857142857142857,complete_fixed_behavior_discounted_return_not_vpi,99.63275207083052,15.153790368516148,-2.209838755982469,-84.47896170231436,84.47896170231436,7136.694970301097,84.47896170231436,"[0.359801,0.0,0.195201,0.15022,0.294778]",0.294778,-0.065023,0,0,0,0,False,False
candidate_popart_critic_target,ppo,29,6,dev_00_state_12,50772a9d479dd040bdfcd26f5a4e632848da15cc67dcf85fb3ae790c04749004,dev_00,4,True,True,True,before_or_at,0.5714285714285714,complete_fixed_behavior_discounted_return_not_vpi,100.22152414584981,15.179588670869997,-2.2086632453141926,-85.04193547497982,85.04193547497982,7232.130789330632,85.04193547497982,"[0.357346,0.0,0.194934,0.149049,0.298671]",0.298671,-0.05867499999999998,0,0,0,0,False,False
candidate_popart_critic_target,ppo,29,6,dev_01_state_01,a4bbd832c514e8ecb281380734580807ec9ec04ce04b6be662dd729667c979e5,dev_01,0,True,False,True,before_or_at,0.0,complete_fixed_behavior_discounted_return_not_vpi,75.65614047157035,15.245482145159379,-2.205660781007256,-60.410658326410974,60.410658326410974,3649.4476394303674,60.410658326410974,"[0.277148,0.213373,0.157474,0.115455,0.23655]",0.23655,-0.040597999999999995,0,0,0,0,False,False
candidate_popart_critic_target,ppo,29,6,dev_01_state_02,63fee8a32f4b1c8d4d78562135b7b123d9efca8ef1fd10c52757463ac3a4c28b,dev_01,1,True,False,True,before_or_at,0.125,complete_fixed_behavior_discounted_return_not_vpi,99.13967366563787,15.149506716451647,-2.2100339424188453,-83.99016694918623,83.99016694918623,7054.348144152175,83.99016694918623,"[0.276937,0.213559,0.157592,0.115764,0.236148]",0.236148,-0.04078899999999999,0,0,0,0,False,False
candidate_popart_critic_target,ppo,29,6,dev_01_state_03,c559429297df4987fbb22dd07eedba631d6c671c0ff9130cbe932ee596739c54,dev_01,1,True,True,True,before_or_at,0.125,complete_fixed_behavior_discounted_return_not_vpi,99.13967366563787,15.26801893405532,-2.2046338825930696,-83.87165473158255,83.87165473158255,7034.454467413794,83.87165473158255,"[0.353958,0.0,0.198465,0.147987,0.29959]",0.29959,-0.05436799999999997,0,0,0,0,False,False
candidate_popart_critic_target,ppo,29,6,dev_01_state_04,7358d67bd36c9a85cc6e8138adeb39b8726469ca30f20c1f0942cc3f76de4651,dev_01,2,True,False,True,before_or_at,0.25,complete_fixed_behavior_discounted_return_not_vpi,99.35350480891441,15.057196395517956,-2.214240101628907,-84.29630841339645,84.29630841339645,7105.8676121264525,84.29630841339645,"[0.277589,0.213982,0.15852,0.116361,0.233548]",0.233548,-0.04404099999999997,0,0,0,0,False,False
candidate_popart_critic_target,ppo,29,6,dev_01_state_05,0763b046fa0b532b554b052e7a0878b9d194acdb61a7240efa1f797b157b13db,dev_01,2,True,True,True,before_or_at,0.25,complete_fixed_behavior_discounted_return_not_vpi,99.35350480891441,15.184726699331229,-2.2084291288522935,-84.16877810958317,84.16877810958317,7084.383208460247,84.16877810958317,"[0.355121,0.0,0.199891,0.148469,0.296519]",0.296519,-0.05860200000000004,0,0,0,0,False,False
candidate_popart_critic_target,ppo,29,6,dev_01_state_06,fd2e5861fe027bcb3635018576d2d5ce1b9b63d2b09ed94737c380749ee87049,dev_01,3,False,True,True,before_or_at,0.375,complete_fixed_behavior_discounted_return_not_vpi,99.53944465087416,15.011926500927451,-2.21630284371608,-84.5275181499467,84.5275181499467,7144.9013245895685,84.5275181499467,"[0.359764,0.0,0.200231,0.150141,0.289864]",0.289864,-0.06989999999999996,0,0,0,0,False,False
candidate_popart_critic_target,ppo,29,6,dev_01_state_07,183ebb194b29cf885e5c212fd6e18171c5539439db50572f3120f6c0133c5049,dev_01,3,False,True,True,before_or_at,0.375,complete_fixed_behavior_discounted_return_not_vpi,99.53944465087416,15.013727581908405,-2.216220776691727,-84.52571706896575,84.52571706896575,7144.596846022848,84.52571706896575,"[0.359794,0.0,0.200231,0.150131,0.289844]",0.289844,-0.06995000000000001,0,0,0,0,False,False
candidate_popart_critic_target,ppo,29,6,dev_01_state_08,d2bf64fb9b88e145885e5ed0f74f9f639967dd914d669e6f6d9e93f684a95a73,dev_01,4,True,True,True,before_or_at,0.5,complete_fixed_behavior_discounted_return_not_vpi,99.72721960667732,15.334332801170568,-2.201612262907423,-84.39288680550675,84.39288680550675,7122.159343367075,84.39288680550675,"[0.356721,0.0,0.196067,0.14686,0.300352]",0.300352,-0.056369,0,0,0,0,False,False
candidate_popart_critic_target,ppo,29,6,dev_01_state_09,13fb32efb5dd998abdd32f46158b290acced91d28620d9d15377f2694497b912,dev_01,4,True,True,True,before_or_at,0.5,complete_fixed_behavior_discounted_return_not_vpi,99.72721960667732,15.334332801170568,-2.201612262907423,-84.39288680550675,84.39288680550675,7122.159343367075,84.39288680550675,"[0.356721,0.0,0.196067,0.14686,0.300352]",0.300352,-0.056369,0,0,0,0,False,False
candidate_popart_critic_target,ppo,29,6,dev_01_state_10,501e02f271270613a795072dd11d6876f63160ede7c17cfbe7ee893e5b1aa82c,dev_01,4,True,True,True,before_or_at,0.375,complete_fixed_behavior_discounted_return_not_vpi,99.53944465087416,15.35334988564071,-2.200745741329082,-84.18609476523345,84.18609476523345,7087.298551820867,84.18609476523345,"[0.35576,0.0,0.197685,0.146711,0.299844]",0.299844,-0.05591600000000002,0,0,0,0,False,False
candidate_popart_critic_target,ppo,29,6,dev_01_state_11,e0c6c2402de2864424b773d58c1fc72a6bc09419a54d0cbe2f5f07d795a22db3,dev_01,4,True,True,True,before_or_at,0.5,complete_fixed_behavior_discounted_return_not_vpi,99.72721960667732,15.33666808645593,-2.2015058546357174,-84.3905515202214,84.3905515202214,7121.765185887141,84.3905515202214,"[0.356729,0.0,0.196046,0.146858,0.300367]",0.300367,-0.05636200000000002,0,0,0,0,False,False
candidate_popart_critic_target,ppo,29,6,dev_01_state_12,87eae5e2295dff0be0c0317d62480330e70116056ccb6207b9f0f698ac011e38,dev_01,4,True,True,True,before_or_at,0.5,complete_fixed_behavior_discounted_return_not_vpi,99.72721960667732,15.33666808645593,-2.2015058546357174,-84.3905515202214,84.3905515202214,7121.765185887141,84.3905515202214,"[0.356729,0.0,0.196046,0.146858,0.300367]",0.300367,-0.05636200000000002,0,0,0,0,False,False
candidate_popart_critic_target,ppo,29,6,dev_02_state_01,aacd1cc47660f831ce532b266ce3478bb22e2c78d466e47472c937aafefcacfb,dev_02,0,True,False,True,before_or_at,0.0,complete_fixed_behavior_discounted_return_not_vpi,75.58016750117106,14.90498120364768,-2.2211758518756897,-60.67518629752338,60.67518629752338,3681.4782322391693,60.67518629752338,"[0.274126,0.213491,0.158598,0.12096,0.232825]",0.232825,-0.04130099999999998,0,0,0,0,False,False
candidate_popart_critic_target,ppo,29,6,dev_02_state_02,65837e8c4e1042b18b8987e46d37b1081f660135fc906dde8659dd34bcb25e18,dev_02,1,True,False,True,before_or_at,0.2,complete_fixed_behavior_discounted_return_not_vpi,75.81651346531233,14.765309832921481,-2.2275400375530845,-61.051203632390845,61.051203632390845,3727.2494649636533,61.051203632390845,"[0.274079,0.214263,0.16001,0.121124,0.230523]",0.230523,-0.04355600000000001,0,0,0,0,False,False
candidate_popart_critic_target,ppo,29,6,dev_02_state_03,788bd1c71ab6c0f94f77fdf24a1874af9e74d3c3e59586a4d8fd42a2d4a722a2,dev_02,1,True,True,True,before_or_at,0.2,complete_fixed_behavior_discounted_return_not_vpi,75.57148846531233,14.88997919358389,-2.221859424873389,-60.68150927172844,60.68150927172844,3682.245567494864,60.68150927172844,"[0.350531,0.0,0.201689,0.154509,0.293271]",0.293271,-0.05725999999999998,0,0,0,0,False,False
candidate_popart_critic_target,ppo,29,6,dev_02_state_04,73424c66a5e9ad4241b9fb8e38cb02b30333c2e9611126a6c2f2661d805079c5,dev_02,2,True,True,True,before_or_at,0.4,complete_fixed_behavior_discounted_return_not_vpi,75.76470591996298,15.02789953035365,-2.2155750258062943,-60.73680638960933,60.73680638960933,3688.9596504088886,60.73680638960933,"[0.352262,0.0,0.198952,0.153508,0.295278]",0.295278,-0.056984000000000035,0,0,0,0,False,False
candidate_popart_critic_target,ppo,29,6,dev_02_state_05,07a0c6f5a831ee8a70a2e4f82ae69cc5df3eb3540cdda40dc84dfab435b8d8ac,dev_02,2,False,True,True,before_or_at,0.4,complete_fixed_behavior_discounted_return_not_vpi,75.76470591996298,14.82456818496319,-2.2248399054260135,-60.94013773499979,60.94013773499979,3713.700387160745,60.94013773499979,"[0.35619,0.0,0.199807,0.155316,0.288687]",0.288687,-0.06750299999999998,0,0,0,0,False,False
candidate_popart_critic_target,ppo,29,6,dev_02_state_06,cd47e258d721757c11ea4050f051bb017e502287edeba848b9bb4aed7aa04c14,dev_02,3,True,True,True,before_or_at,0.6,complete_fixed_behavior_discounted_return_not_vpi,75.75848028252462,14.908411326216687,-2.2210195568754196,-60.85006895630793,60.85006895630793,3702.73089198743,60.85006895630793,"[0.353238,0.0,0.199213,0.153884,0.293665]",0.293665,-0.05957299999999999,0,0,0,0,False,False
candidate_popart_critic_target,ppo,29,6,dev_02_state_07,446e55a68c01f9b6b3d75b3584e53818ff209784976039bdb016348e222bb7bc,dev_02,3,False,True,True,before_or_at,0.6,complete_fixed_behavior_discounted_return_not_vpi,75.75848028252462,14.685232742195332,-2.231188784402472,-61.073247540329284,61.073247540329284,3729.941565122337,61.073247540329284,"[0.357191,0.0,0.20008,0.155816,0.286914]",0.286914,-0.07027699999999998,0,0,0,0,False,False
candidate_popart_critic_target,ppo,29,6,dev_02_state_08,da66deba85e976a12ee91266832b3fe4996e44cc0333ff92fe0fb0072b304773,dev_02,3,False,True,True,before_or_at,0.4,complete_fixed_behavior_discounted_return_not_vpi,75.76470591996298,14.742288199233656,-2.2285890281273484,-61.02241772072932,61.02241772072932,3723.73546448318,61.02241772072932,"[0.356184,0.0,0.200443,0.156305,0.287068]",0.287068,-0.06911600000000001,0,0,0,0,False,False
candidate_popart_critic_target,ppo,29,6,dev_02_state_09,9b17e313c9c022b073c532cab790a8e4bbbfb88e37c386bc4de0316793e72b69,dev_02,4,True,False,True,before_or_at,0.8,complete_fixed_behavior_discounted_return_not_vpi,100.75270180026362,14.613400198090666,-2.2344618649628245,-86.13930160217296,86.13930160217296,7419.979280510118,86.13930160217296,"[0.275702,0.214409,0.158242,0.121365,0.230281]",0.230281,-0.04542099999999999,0,0,0,0,False,False
candidate_popart_critic_target,ppo,29,6,dev_02_state_10,e6a58b6c7a7e16fa45b8c640dbd4b125a27da61dec2113082cdfa830027b3bfb,dev_02,4,True,False,True,before_or_at,0.8,complete_fixed_behavior_discounted_return_not_vpi,75.75270180026362,14.613400198090666,-2.2344618649628245,-61.13930160217296,61.13930160217296,3738.0142004014688,61.13930160217296,"[0.275702,0.214409,0.158242,0.121365,0.230281]",0.230281,-0.04542099999999999,0,0,0,0,False,False
candidate_popart_critic_target,ppo,29,6,dev_02_state_11,5fbcd355ad6ef625fe912c4a3485f5db6bcdb20e7b2dcdd955d3fe332063d473,dev_02,4,True,False,True,before_or_at,0.6,complete_fixed_behavior_discounted_return_not_vpi,75.75848028252462,14.781341664404025,-2.2268095403024804,-60.97713861812059,60.97713861812059,3718.2114340534936,60.97713861812059,"[0.275835,0.214129,0.157498,0.120292,0.232246]",0.232246,-0.04358899999999999,0,0,0,0,False,False
candidate_popart_critic_target,ppo,29,6,dev_02_state_12,fdd3f8ff3f38604c74d277ed795fde0f3d9fa09eb963e4d8820de9b76534d356,dev_02,4,True,False,True,after,0.6,complete_fixed_behavior_discounted_return_not_vpi,100.50848028252462,14.781341664404025,-2.2268095403024804,-85.72713861812059,85.72713861812059,7349.142295650463,85.72713861812059,"[0.275835,0.214129,0.157498,0.120292,0.232246]",0.232246,-0.04358899999999999,0,0,0,0,False,False
candidate_popart_critic_target,ppo,29,6,dev_03_state_01,62750fc5f603af0e58fc56236599571502c69cfa558f3283ab10e1bc858471ae,dev_03,0,True,False,True,before_or_at,0.0,complete_fixed_behavior_discounted_return_not_vpi,75.32227037485364,14.745790476173248,-2.228429445382357,-60.5764798986804,60.5764798986804,3669.50991691523,60.5764798986804,"[0.274784,0.21283,0.160283,0.117206,0.234898]",0.234898,-0.03988599999999998,0,0,0,0,False,False
candidate_popart_critic_target,ppo,29,6,dev_03_state_02,49dc0c665e7c8d1673bc0818a98dec317568afa99b48ce13b276daf91fdf1003,dev_03,1,True,False,True,before_or_at,0.1,complete_fixed_behavior_discounted_return_not_vpi,75.2654274086768,14.637719458502303,-2.2333537474725196,-60.627707950174496,60.627707950174496,3675.718971291652,60.627707950174496,"[0.275322,0.212805,0.160558,0.11774,0.233575]",0.233575,-0.041747000000000006,0,0,0,0,False,False
candidate_popart_critic_target,ppo,29,6,dev_03_state_03,5c249417d557afb821d09652c2ced9028d3dd95a2292007d63fec0a2af97227d,dev_03,1,True,True,True,before_or_at,0.1,complete_fixed_behavior_discounted_return_not_vpi,75.2654274086768,14.92423952674595,-2.2202983381561965,-60.34118788193085,60.34118788193085,3641.0589550024783,60.34118788193085,"[0.353786,0.0,0.201937,0.14921,0.295067]",0.295067,-0.058718999999999966,0,0,0,0,False,False
candidate_popart_critic_target,ppo,29,6,dev_03_state_04,f5f32654c6274248e0d209cab36df9f70fd51f283f1cd0807581b37e93a74a25,dev_03,2,False,False,True,before_or_at,0.2,complete_fixed_behavior_discounted_return_not_vpi,75.46738204163074,14.564278260237586,-2.2367001270469227,-60.903103781393156,60.903103781393156,3709.1880502071454,60.903103781393156,"[0.279349,0.212861,0.161319,0.117965,0.228506]",0.228506,-0.05084300000000003,0,0,0,0,False,False
candidate_popart_critic_target,ppo,29,6,dev_03_state_05,6cc42ee25dea2b20e7ddf5c4193dae1de54521b21ce67836be05490494a0b931,dev_03,2,True,False,True,before_or_at,0.2,complete_fixed_behavior_discounted_return_not_vpi,75.22963452915576,14.894754347926117,-2.221641842925749,-60.33488018122964,60.33488018122964,3640.2977664833375,60.33488018122964,"[0.276104,0.213942,0.158804,0.116802,0.234348]",0.234348,-0.041756000000000015,0,0,0,0,False,False
candidate_popart_critic_target,ppo,29,6,dev_03_state_06,1217155fad78690dd6f9e30d323674dca8a13a10b95a50b6354593aed403e43d,dev_03,3,True,True,True,before_or_at,0.3,complete_fixed_behavior_discounted_return_not_vpi,75.17185584736579,15.014059494130734,-2.216205652969517,-60.15779635323506,60.15779635323506,3618.960462077301,60.15779635323506,"[0.354624,0.0,0.198472,0.14926,0.297645]",0.297645,-0.056979,0,0,0,0,False,False
candidate_popart_critic_target,ppo,29,6,dev_03_state_07,c9b593dfc8699de434ab870b13435c9305897d412b8dedc394c04fd20511d413,dev_03,3,False,True,True,before_or_at,0.2,complete_fixed_behavior_discounted_return_not_vpi,75.22963452915576,14.75587907920719,-2.227969753875073,-60.47375544994857,60.47375544994857,3657.0750982201844,60.47375544994857,"[0.358466,0.0,0.203226,0.150742,0.287566]",0.287566,-0.07090000000000002,0,0,0,0,False,False
candidate_popart_critic_target,ppo,29,6,dev_03_state_08,6b17f75e0e3f5de80f49678d788da5519dddc9cc9bd584c0ee650b8d7219e7b6,dev_03,3,True,True,True,before_or_at,0.3,complete_fixed_behavior_discounted_return_not_vpi,75.4120048498658,14.835328039499046,-2.2243496280572734,-60.57667681036675,60.57667681036675,3669.5337733876245,60.57667681036675,"[0.353995,0.0,0.199969,0.14954,0.296496]",0.296496,-0.05749900000000002,0,0,0,0,False,False
candidate_popart_critic_target,ppo,29,6,dev_03_state_09,0ccde0ef6c389b7341f4f1ea7beb149b259aad13dd1630dab7db376142e1073a,dev_03,3,False,False,True,before_or_at,0.2,complete_fixed_behavior_discounted_return_not_vpi,75.46738204163074,14.459880425997184,-2.2414570589648193,-61.00750161563356,61.00750161563356,3721.9152533815313,61.00750161563356,"[0.279157,0.213202,0.161783,0.118796,0.227062]",0.227062,-0.052094999999999975,0,0,0,0,False,False
candidate_popart_critic_target,ppo,29,6,dev_03_state_10,ebe2739e96e527d82f495d7e680acc3138491d2e16ff51c3923b53550c15ae25,dev_03,3,True,True,True,before_or_at,0.3,complete_fixed_behavior_discounted_return_not_vpi,74.92928109736579,15.14236407281448,-2.2103594000276456,-59.78691702455131,59.78691702455131,3574.475447300583,59.78691702455131,"[0.356504,0.0,0.198526,0.148255,0.296715]",0.296715,-0.05978899999999998,0,0,0,0,False,False
candidate_popart_critic_target,ppo,29,6,dev_03_state_11,6f4069e08051d555eb68fe1fc24e55e73bd96f49eec834dcd284e6fcc78d573c,dev_03,4,True,False,True,before_or_at,0.4,complete_fixed_behavior_discounted_return_not_vpi,75.39606346424462,14.65295707524119,-2.2326594389560137,-60.74310638900343,60.74310638900343,3689.724973785789,60.74310638900343,"[0.276615,0.212827,0.159134,0.117168,0.234256]",0.234256,-0.04235900000000001,0,0,0,0,False,False
candidate_popart_critic_target,ppo,29,6,dev_03_state_12,3280b55b15e26af81785ba01c8673bf4d36b50b213800bb4ae9d9639e7519111,dev_03,4,True,False,True,before_or_at,0.3,complete_fixed_behavior_discounted_return_not_vpi,74.92928109736579,14.938810963730973,-2.21963438440478,-59.990470133634815,59.990470133634815,3598.856506854531,59.990470133634815,"[0.277504,0.21344,0.156927,0.116269,0.23586]",0.23586,-0.04164399999999999,0,0,0,0,False,False
candidate_popart_critic_target,ppo,43,6,dev_00_state_01,2cb31cda5fedadef13eb6ef29f9fb864a9636c64a8a0b599c358ab8e79aa2f2e,dev_00,0,True,False,True,before_or_at,0.0,complete_fixed_behavior_discounted_return_not_vpi,99.16542974483956,16.98613155131293,-1.897811485600367,-82.17929819352662,82.17929819352662,6753.437051580568,82.17929819352662,"[0.254198,0.230889,0.251227,0.108119,0.155567]",0.155567,-0.09863099999999997,0,0,0,0,False,False
candidate_popart_critic_target,ppo,43,6,dev_00_state_02,4fe79a7d2f5b835a26cde6caefb444f6301c270d44971bde40489a612dd2b391,dev_00,1,True,False,True,before_or_at,0.14285714285714285,complete_fixed_behavior_discounted_return_not_vpi,99.43405463063405,16.771795383506365,-1.9066360697798395,-82.66225924712768,82.66225924712768,6833.049103839346,82.66225924712768,"[0.253125,0.229766,0.24959,0.109973,0.157546]",0.157546,-0.095579,0,0,0,0,False,False
candidate_popart_critic_target,ppo,43,6,dev_00_state_03,c47e6b288039285428aafce3d49684ca2d11b023896665b0b3daac8a9dcaa176,dev_00,1,True,True,True,before_or_at,0.14285714285714285,complete_fixed_behavior_discounted_return_not_vpi,99.43405463063405,16.837850190416027,-1.903916481154185,-82.59620444021803,82.59620444021803,6822.132987930293,82.59620444021803,"[0.327722,0.0,0.324529,0.143522,0.204226]",0.204226,-0.12349600000000002,0,0,0,0,False,False
candidate_popart_critic_target,ppo,43,6,dev_00_state_04,db2399dc4a1846b64b81f411e0237050b1ffd324fd9a4bd78478baf6f2a1e9df,dev_00,2,False,True,True,before_or_at,0.2857142857142857,complete_fixed_behavior_discounted_return_not_vpi,99.63275207083052,17.08375994855828,-1.8937919586179859,-82.54899212227224,82.54899212227224,6814.336100402964,82.54899212227224,"[0.330369,0.0,0.327594,0.140839,0.201198]",0.201198,-0.12917100000000004,0,0,0,0,False,False
candidate_popart_critic_target,ppo,43,6,dev_00_state_05,b439a8ded6b7704f73b9af3aad6b5a11f4e642b89173768c49bca3fb2b8e11e1,dev_00,2,False,False,True,before_or_at,0.2857142857142857,complete_fixed_behavior_discounted_return_not_vpi,99.63275207083052,16.892374482261324,-1.901671623423738,-82.7403775885692,82.7403775885692,6845.970083499004,82.7403775885692,"[0.253979,0.229562,0.251184,0.109092,0.156183]",0.156183,-0.09779600000000002,0,0,0,0,False,False
candidate_popart_critic_target,ppo,43,6,dev_00_state_06,05d5cb2b4cdc84a07f67d30b6d40026f1ae9404889525cd1fd230abd3ad151ac,dev_00,3,True,True,True,before_or_at,0.42857142857142855,complete_fixed_behavior_discounted_return_not_vpi,99.98305426895568,17.11869500336271,-1.892353623058052,-82.86435926559298,82.86435926559298,6866.502036497265,82.86435926559298,"[0.330963,0.0,0.327474,0.140321,0.201242]",0.201242,-0.129721,0,0,0,0,False,False
candidate_popart_critic_target,ppo,43,6,dev_00_state_07,be44ebe79f69d66fa111d2fd9181f41a47efe8ab066cbd91663de162f21bfdca,dev_00,3,True,True,True,before_or_at,0.42857142857142855,complete_fixed_behavior_discounted_return_not_vpi,99.98305426895568,17.11869500336271,-1.892353623058052,-82.86435926559298,82.86435926559298,6866.502036497265,82.86435926559298,"[0.330963,0.0,0.327474,0.140321,0.201242]",0.201242,-0.129721,0,0,0,0,False,False
candidate_popart_critic_target,ppo,43,6,dev_00_state_08,54b81637eaa22690c2f9140cabc601d934d118af96613f57981add5ac63c1553,dev_00,3,True,True,True,before_or_at,0.2857142857142857,complete_fixed_behavior_discounted_return_not_vpi,99.63275207083052,17.336302381259507,-1.883394357601474,-82.296449689571,82.296449689571,6772.705631508092,82.296449689571,"[0.332225,0.0,0.329845,0.138681,0.199249]",0.199249,-0.13297599999999998,0,0,0,0,False,False
candidate_popart_critic_target,ppo,43,6,dev_00_state_09,4c5424ef8068127f88abfde3c8019231c91f8960d17e43927afbffc74d0ef8a3,dev_00,3,False,True,True,before_or_at,0.42857142857142855,complete_fixed_behavior_discounted_return_not_vpi,99.98305426895568,16.954039358739152,-1.8991327756923253,-83.02901491021653,83.02901491021653,6893.817316960959,83.02901491021653,"[0.330933,0.0,0.326898,0.14059,0.201579]",0.201579,-0.12935399999999997,0,0,0,0,False,False
candidate_popart_critic_target,ppo,43,6,dev_00_state_10,56cb3633f940a0aa4754de669549dee3763dc62aa8d33e8feb481d858f69cc45,dev_00,3,False,True,True,before_or_at,0.42857142857142855,complete_fixed_behavior_discounted_return_not_vpi,99.98305426895568,16.954039358739152,-1.8991327756923253,-83.02901491021653,83.02901491021653,6893.817316960959,83.02901491021653,"[0.330933,0.0,0.326898,0.14059,0.201579]",0.201579,-0.12935399999999997,0,0,0,0,False,False
candidate_popart_critic_target,ppo,43,6,dev_00_state_11,616869b075de6c2da36a5545c9128137f476e5cb4f0ae4851e0c1b46d0deef42,dev_00,3,False,True,True,before_or_at,0.2857142857142857,complete_fixed_behavior_discounted_return_not_vpi,99.63275207083052,17.186462225087936,-1.889563531405098,-82.44628984574258,82.44628984574258,6797.390709328197,82.44628984574258,"[0.332192,0.0,0.329357,0.138896,0.199556]",0.199556,-0.13263599999999998,0,0,0,0,False,False
candidate_popart_critic_target,ppo,43,6,dev_00_state_12,50772a9d479dd040bdfcd26f5a4e632848da15cc67dcf85fb3ae790c04749004,dev_00,4,True,True,True,before_or_at,0.5714285714285714,complete_fixed_behavior_discounted_return_not_vpi,100.22152414584981,17.282218950115258,-1.8856210643478495,-82.93930519573456,82.93930519573456,6878.928346351202,82.93930519573456,"[0.331007,0.0,0.329777,0.139589,0.199626]",0.199626,-0.131381,0,0,0,0,False,False
candidate_popart_critic_target,ppo,43,6,dev_01_state_01,a4bbd832c514e8ecb281380734580807ec9ec04ce04b6be662dd729667c979e5,dev_01,0,True,False,True,before_or_at,0.0,complete_fixed_behavior_discounted_return_not_vpi,75.65614047157035,16.605776893517955,-1.9134713330732183,-59.0503635780524,59.0503635780524,3486.945438700177,59.0503635780524,"[0.253208,0.231947,0.248831,0.108359,0.157655]",0.157655,-0.095553,0,0,0,0,False,False
candidate_popart_critic_target,ppo,43,6,dev_01_state_02,63fee8a32f4b1c8d4d78562135b7b123d9efca8ef1fd10c52757463ac3a4c28b,dev_01,1,True,False,True,before_or_at,0.125,complete_fixed_behavior_discounted_return_not_vpi,99.13967366563787,16.522130143916748,-1.9169152118676798,-82.61754352172113,82.61754352172113,6825.658497563485,82.61754352172113,"[0.252005,0.233006,0.248339,0.10938,0.15727]",0.15727,-0.09473499999999999,0,0,0,0,False,False
candidate_popart_critic_target,ppo,43,6,dev_01_state_03,c559429297df4987fbb22dd07eedba631d6c671c0ff9130cbe932ee596739c54,dev_01,1,True,True,True,before_or_at,0.125,complete_fixed_behavior_discounted_return_not_vpi,99.13967366563787,16.674072994282803,-1.9106594665716532,-82.46560067135508,82.46560067135508,6800.575294087399,82.46560067135508,"[0.328906,0.0,0.324802,0.142281,0.204011]",0.204011,-0.12489499999999998,0,0,0,0,False,False
candidate_popart_critic_target,ppo,43,6,dev_01_state_04,7358d67bd36c9a85cc6e8138adeb39b8726469ca30f20c1f0942cc3f76de4651,dev_01,2,True,False,True,before_or_at,0.25,complete_fixed_behavior_discounted_return_not_vpi,99.35350480891441,16.540334728740348,-1.9161656981814352,-82.81317008017406,82.81317008017406,6858.021138727836,82.81317008017406,"[0.252117,0.23108,0.247995,0.11005,0.158758]",0.158758,-0.09335899999999997,0,0,0,0,False,False
candidate_popart_critic_target,ppo,43,6,dev_01_state_05,0763b046fa0b532b554b052e7a0878b9d194acdb61a7240efa1f797b157b13db,dev_01,2,True,True,True,before_or_at,0.25,complete_fixed_behavior_discounted_return_not_vpi,99.35350480891441,16.67061785091191,-1.9108017206944203,-82.6828869580025,82.6828869580025,6836.459795709819,82.6828869580025,"[0.327781,0.0,0.323611,0.14315,0.205457]",0.205457,-0.12232399999999999,0,0,0,0,False,False
candidate_popart_critic_target,ppo,43,6,dev_01_state_06,fd2e5861fe027bcb3635018576d2d5ce1b9b63d2b09ed94737c380749ee87049,dev_01,3,False,True,True,before_or_at,0.375,complete_fixed_behavior_discounted_return_not_vpi,99.53944465087416,16.476516655074207,-1.9187931966993097,-83.06292799579995,83.06292799579995,6899.450007235448,83.06292799579995,"[0.32788,0.0,0.322195,0.143449,0.206477]",0.206477,-0.12140300000000001,0,0,0,0,False,False
candidate_popart_critic_target,ppo,43,6,dev_01_state_07,183ebb194b29cf885e5c212fd6e18171c5539439db50572f3120f6c0133c5049,dev_01,3,False,True,True,before_or_at,0.375,complete_fixed_behavior_discounted_return_not_vpi,99.53944465087416,16.481269181075383,-1.9185975271294387,-83.05817546979878,83.05817546979878,6898.660512371885,83.05817546979878,"[0.327946,0.0,0.322232,0.143394,0.206428]",0.206428,-0.12151800000000001,0,0,0,0,False,False
candidate_popart_critic_target,ppo,43,6,dev_01_state_08,d2bf64fb9b88e145885e5ed0f74f9f639967dd914d669e6f6d9e93f684a95a73,dev_01,4,True,True,True,before_or_at,0.5,complete_fixed_behavior_discounted_return_not_vpi,99.72721960667732,16.982992165288394,-1.897940739456722,-82.74422744138893,82.74422744138893,6846.607174872301,82.74422744138893,"[0.331082,0.0,0.328124,0.138867,0.201927]",0.201927,-0.129155,0,0,0,0,False,False
candidate_popart_critic_target,ppo,43,6,dev_01_state_09,13fb32efb5dd998abdd32f46158b290acced91d28620d9d15377f2694497b912,dev_01,4,True,True,True,before_or_at,0.5,complete_fixed_behavior_discounted_return_not_vpi,99.72721960667732,16.982992165288394,-1.897940739456722,-82.74422744138893,82.74422744138893,6846.607174872301,82.74422744138893,"[0.331082,0.0,0.328124,0.138867,0.201927]",0.201927,-0.129155,0,0,0,0,False,False
candidate_popart_critic_target,ppo,43,6,dev_01_state_10,501e02f271270613a795072dd11d6876f63160ede7c17cfbe7ee893e5b1aa82c,dev_01,4,True,True,True,before_or_at,0.375,complete_fixed_behavior_discounted_return_not_vpi,99.53944465087416,16.83869564098346,-1.903881672517928,-82.7007490098907,82.7007490098907,6839.413886796938,82.7007490098907,"[0.330431,0.0,0.325816,0.140237,0.203516]",0.203516,-0.12691499999999997,0,0,0,0,False,False
candidate_popart_critic_target,ppo,43,6,dev_01_state_11,e0c6c2402de2864424b773d58c1fc72a6bc09419a54d0cbe2f5f07d795a22db3,dev_01,4,True,True,True,before_or_at,0.5,complete_fixed_behavior_discounted_return_not_vpi,99.72721960667732,16.985399984131313,-1.8978416054641452,-82.74181962254602,82.74181962254602,6846.208714449941,82.74181962254602,"[0.331129,0.0,0.328111,0.138856,0.201905]",0.201905,-0.129224,0,0,0,0,False,False
candidate_popart_critic_target,ppo,43,6,dev_01_state_12,87eae5e2295dff0be0c0317d62480330e70116056ccb6207b9f0f698ac011e38,dev_01,4,True,True,True,before_or_at,0.5,complete_fixed_behavior_discounted_return_not_vpi,99.72721960667732,16.985399984131313,-1.8978416054641452,-82.74181962254602,82.74181962254602,6846.208714449941,82.74181962254602,"[0.331129,0.0,0.328111,0.138856,0.201905]",0.201905,-0.129224,0,0,0,0,False,False
candidate_popart_critic_target,ppo,43,6,dev_02_state_01,aacd1cc47660f831ce532b266ce3478bb22e2c78d466e47472c937aafefcacfb,dev_02,0,True,False,True,before_or_at,0.0,complete_fixed_behavior_discounted_return_not_vpi,75.58016750117106,16.273204268958636,-1.9271639130574818,-59.306963232212425,59.306963232212425,3517.3158878269965,59.306963232212425,"[0.250874,0.228682,0.247506,0.111225,0.161713]",0.161713,-0.08916099999999999,0,0,0,0,False,False
candidate_popart_critic_target,ppo,43,6,dev_02_state_02,65837e8c4e1042b18b8987e46d37b1081f660135fc906dde8659dd34bcb25e18,dev_02,1,True,False,True,before_or_at,0.2,complete_fixed_behavior_discounted_return_not_vpi,75.81651346531233,16.05887556050981,-1.935988190122523,-59.757637904802515,59.757637904802515,3570.9752879614903,59.757637904802515,"[0.249517,0.227633,0.246018,0.113254,0.163579]",0.163579,-0.08593799999999999,0,0,0,0,False,False
candidate_popart_critic_target,ppo,43,6,dev_02_state_03,788bd1c71ab6c0f94f77fdf24a1874af9e74d3c3e59586a4d8fd42a2d4a722a2,dev_02,1,True,True,True,before_or_at,0.2,complete_fixed_behavior_discounted_return_not_vpi,75.57148846531233,16.155926203645095,-1.931992450258441,-59.41556226166723,59.41556226166723,3530.2090388700553,59.41556226166723,"[0.32196,0.0,0.319117,0.147598,0.211325]",0.211325,-0.11063500000000001,0,0,0,0,False,False
candidate_popart_critic_target,ppo,43,6,dev_02_state_04,73424c66a5e9ad4241b9fb8e38cb02b30333c2e9611126a6c2f2661d805079c5,dev_02,2,True,True,True,before_or_at,0.4,complete_fixed_behavior_discounted_return_not_vpi,75.76470591996298,16.558794373182877,-1.9154056832573405,-59.2059115467801,59.2059115467801,3505.339962085149,59.2059115467801,"[0.32633,0.0,0.322908,0.143238,0.207524]",0.207524,-0.11880600000000002,0,0,0,0,False,False
candidate_popart_critic_target,ppo,43,6,dev_02_state_05,07a0c6f5a831ee8a70a2e4f82ae69cc5df3eb3540cdda40dc84dfab435b8d8ac,dev_02,2,False,True,True,before_or_at,0.4,complete_fixed_behavior_discounted_return_not_vpi,75.76470591996298,16.340673008768405,-1.9243861104120992,-59.42403291119457,59.42403291119457,3531.2156874307357,59.42403291119457,"[0.32655,0.0,0.321907,0.143689,0.207854]",0.207854,-0.118696,0,0,0,0,False,False
candidate_popart_critic_target,ppo,43,6,dev_02_state_06,cd47e258d721757c11ea4050f051bb017e502287edeba848b9bb4aed7aa04c14,dev_02,3,True,True,True,before_or_at,0.6,complete_fixed_behavior_discounted_return_not_vpi,75.75848028252462,16.46819957207883,-1.91913562513671,-59.290280710445785,59.290280710445785,3515.3373867234595,59.290280710445785,"[0.32498,0.0,0.322475,0.144169,0.208376]",0.208376,-0.11660399999999999,0,0,0,0,False,False
candidate_popart_critic_target,ppo,43,6,dev_02_state_07,446e55a68c01f9b6b3d75b3584e53818ff209784976039bdb016348e222bb7bc,dev_02,3,False,True,True,before_or_at,0.6,complete_fixed_behavior_discounted_return_not_vpi,75.75848028252462,16.26338225846792,-1.9275683019166927,-59.495098024056695,59.495098024056695,3539.666688892115,59.495098024056695,"[0.325424,0.0,0.321497,0.144358,0.208721]",0.208721,-0.116703,0,0,0,0,False,False
candidate_popart_critic_target,ppo,43,6,dev_02_state_08,da66deba85e976a12ee91266832b3fe4996e44cc0333ff92fe0fb0072b304773,dev_02,3,False,True,True,before_or_at,0.4,complete_fixed_behavior_discounted_return_not_vpi,75.76470591996298,16.262657614937794,-1.9275981367219763,-59.502048305025184,59.502048305025184,3540.4937524935503,59.502048305025184,"[0.325481,0.0,0.320688,0.144853,0.208978]",0.208978,-0.11650300000000002,0,0,0,0,False,False
candidate_popart_critic_target,ppo,43,6,dev_02_state_09,9b17e313c9c022b073c532cab790a8e4bbbfb88e37c386bc4de0316793e72b69,dev_02,4,True,False,True,before_or_at,0.8,complete_fixed_behavior_discounted_return_not_vpi,100.75270180026362,16.374360387578044,-1.9229991437926357,-84.37834141268559,84.37834141268559,7119.704499555732,84.37834141268559,"[0.250655,0.227593,0.248489,0.111974,0.161288]",0.161288,-0.08936700000000003,0,0,0,0,False,False
candidate_popart_critic_target,ppo,43,6,dev_02_state_10,e6a58b6c7a7e16fa45b8c640dbd4b125a27da61dec2113082cdfa830027b3bfb,dev_02,4,True,False,True,before_or_at,0.8,complete_fixed_behavior_discounted_return_not_vpi,75.75270180026362,16.374360387578044,-1.9229991437926357,-59.37834141268558,59.37834141268558,3525.787428921451,59.37834141268558,"[0.250655,0.227593,0.248489,0.111974,0.161288]",0.161288,-0.08936700000000003,0,0,0,0,False,False
candidate_popart_critic_target,ppo,43,6,dev_02_state_11,5fbcd355ad6ef625fe912c4a3485f5db6bcdb20e7b2dcdd955d3fe332063d473,dev_02,4,True,False,True,before_or_at,0.6,complete_fixed_behavior_discounted_return_not_vpi,75.75848028252462,16.28189112569767,-1.9268062604068203,-59.47658915682695,59.47658915682695,3537.4646577299845,59.47658915682695,"[0.250761,0.228362,0.248464,0.111039,0.161374]",0.161374,-0.08938700000000002,0,0,0,0,False,False
candidate_popart_critic_target,ppo,43,6,dev_02_state_12,fdd3f8ff3f38604c74d277ed795fde0f3d9fa09eb963e4d8820de9b76534d356,dev_02,4,True,False,True,after,0.6,complete_fixed_behavior_discounted_return_not_vpi,100.50848028252462,16.28189112569767,-1.9268062604068203,-84.22658915682695,84.22658915682695,7094.118320992919,84.22658915682695,"[0.250761,0.228362,0.248464,0.111039,0.161374]",0.161374,-0.08938700000000002,0,0,0,0,False,False
candidate_popart_critic_target,ppo,43,6,dev_03_state_01,62750fc5f603af0e58fc56236599571502c69cfa558f3283ab10e1bc858471ae,dev_03,0,True,False,True,before_or_at,0.0,complete_fixed_behavior_discounted_return_not_vpi,75.32227037485364,16.067236724349208,-1.9356439468018825,-59.25503365050444,59.25503365050444,3511.1590129224132,59.25503365050444,"[0.247105,0.228353,0.248669,0.114312,0.161561]",0.161561,-0.08710799999999999,2,2,2,2,False,False
candidate_popart_critic_target,ppo,43,6,dev_03_state_02,49dc0c665e7c8d1673bc0818a98dec317568afa99b48ce13b276daf91fdf1003,dev_03,1,True,False,True,before_or_at,0.1,complete_fixed_behavior_discounted_return_not_vpi,75.2654274086768,16.087100377433885,-1.9348261264566209,-59.178327031242915,59.178327031242915,3502.074390216736,59.178327031242915,"[0.246473,0.228207,0.248677,0.115021,0.161622]",0.161622,-0.08705500000000002,2,2,2,2,False,False
candidate_popart_critic_target,ppo,43,6,dev_03_state_03,5c249417d557afb821d09652c2ced9028d3dd95a2292007d63fec0a2af97227d,dev_03,1,True,True,True,before_or_at,0.1,complete_fixed_behavior_discounted_return_not_vpi,75.2654274086768,16.525351015358652,-1.9167826031182502,-58.74007639331815,58.74007639331815,3450.396574692852,58.74007639331815,"[0.323762,0.0,0.325424,0.145407,0.205407]",0.205407,-0.12001699999999998,2,2,2,2,False,False
candidate_popart_critic_target,ppo,43,6,dev_03_state_04,f5f32654c6274248e0d209cab36df9f70fd51f283f1cd0807581b37e93a74a25,dev_03,2,False,False,True,before_or_at,0.2,complete_fixed_behavior_discounted_return_not_vpi,75.46738204163074,16.005561712952556,-1.938183211805122,-59.461820328678186,59.461820328678186,3535.7080768000064,59.461820328678186,"[0.248632,0.226833,0.248907,0.114379,0.16125]",0.16125,-0.08765699999999998,2,2,2,2,False,False
candidate_popart_critic_target,ppo,43,6,dev_03_state_05,6cc42ee25dea2b20e7ddf5c4193dae1de54521b21ce67836be05490494a0b931,dev_03,2,True,False,True,before_or_at,0.2,complete_fixed_behavior_discounted_return_not_vpi,75.22963452915576,16.437551729652597,-1.9203974488791853,-58.79208279950316,58.79208279950316,3456.508999903636,58.79208279950316,"[0.250744,0.22748,0.249103,0.113072,0.159602]",0.159602,-0.09114200000000003,0,0,0,0,False,False
candidate_popart_critic_target,ppo,43,6,dev_03_state_06,1217155fad78690dd6f9e30d323674dca8a13a10b95a50b6354593aed403e43d,dev_03,3,True,True,True,before_or_at,0.3,complete_fixed_behavior_discounted_return_not_vpi,75.17185584736579,16.58755180716865,-1.9142216908421075,-58.58430404019714,58.58430404019714,3432.1206798742587,58.58430404019714,"[0.324163,0.0,0.324792,0.145367,0.205678]",0.205678,-0.11911400000000003,2,2,2,2,False,False
candidate_popart_critic_target,ppo,43,6,dev_03_state_07,c9b593dfc8699de434ab870b13435c9305897d412b8dedc394c04fd20511d413,dev_03,3,False,True,True,before_or_at,0.2,complete_fixed_behavior_discounted_return_not_vpi,75.22963452915576,16.385869556804394,-1.922525291741845,-58.843764972351366,58.843764972351366,3462.5886761213255,58.843764972351366,"[0.324386,0.0,0.32436,0.1457,0.205554]",0.205554,-0.11883200000000002,0,0,0,0,False,False
candidate_popart_critic_target,ppo,43,6,dev_03_state_08,6b17f75e0e3f5de80f49678d788da5519dddc9cc9bd584c0ee650b8d7219e7b6,dev_03,3,True,True,True,before_or_at,0.3,complete_fixed_behavior_discounted_return_not_vpi,75.4120048498658,16.36812206752235,-1.9232559860280516,-59.043882782343445,59.043882782343445,3486.180094015113,59.043882782343445,"[0.320511,0.0,0.325366,0.146673,0.207451]",0.207451,-0.11791499999999999,2,2,2,2,False,False
candidate_popart_critic_target,ppo,43,6,dev_03_state_09,0ccde0ef6c389b7341f4f1ea7beb149b259aad13dd1630dab7db376142e1073a,dev_03,3,False,False,True,before_or_at,0.2,complete_fixed_behavior_discounted_return_not_vpi,75.46738204163074,15.91029727916051,-1.9421054103958257,-59.55708476247023,59.55708476247023,3547.046345404064,59.55708476247023,"[0.24788,0.226249,0.248156,0.115459,0.162256]",0.162256,-0.08589999999999998,2,2,2,2,False,False
candidate_popart_critic_target,ppo,43,6,dev_03_state_10,ebe2739e96e527d82f495d7e680acc3138491d2e16ff51c3923b53550c15ae25,dev_03,3,True,True,True,before_or_at,0.3,complete_fixed_behavior_discounted_return_not_vpi,74.92928109736579,16.859001874266426,-1.9030456303939722,-58.07027922309936,58.07027922309936,3372.1573290487254,58.07027922309936,"[0.328217,0.0,0.32678,0.14201,0.202993]",0.202993,-0.12522399999999997,0,0,0,0,False,False
candidate_popart_critic_target,ppo,43,6,dev_03_state_11,6f4069e08051d555eb68fe1fc24e55e73bd96f49eec834dcd284e6fcc78d573c,dev_03,4,True,False,True,before_or_at,0.4,complete_fixed_behavior_discounted_return_not_vpi,75.39606346424462,16.300315962003893,-1.9260476785928353,-59.09574750224073,59.09574750224073,3492.307372848591,59.09574750224073,"[0.247661,0.22828,0.250487,0.113331,0.160241]",0.160241,-0.09024600000000002,2,2,2,2,False,False
candidate_popart_critic_target,ppo,43,6,dev_03_state_12,3280b55b15e26af81785ba01c8673bf4d36b50b213800bb4ae9d9639e7519111,dev_03,4,True,False,True,before_or_at,0.3,complete_fixed_behavior_discounted_return_not_vpi,74.92928109736579,16.509668985402755,-1.9174282589348444,-58.41961211196303,58.41961211196303,3412.8510793122177,58.41961211196303,"[0.250967,0.228105,0.250595,0.111442,0.15889]",0.15889,-0.09207699999999999,0,0,0,0,False,False
candidate_popart_critic_target,ppo,61,12,dev_00_state_01,2cb31cda5fedadef13eb6ef29f9fb864a9636c64a8a0b599c358ab8e79aa2f2e,dev_00,0,True,False,True,before_or_at,0.0,complete_fixed_behavior_discounted_return_not_vpi,99.16542974483956,46.73357397843663,-0.814821272410164,-52.431855766402926,52.431855766402926,2749.0994991088796,52.431855766402926,"[0.324059,0.211301,0.066573,0.169361,0.228707]",0.228707,-0.09535199999999999,0,0,0,0,False,False
candidate_popart_critic_target,ppo,61,12,dev_00_state_02,4fe79a7d2f5b835a26cde6caefb444f6301c270d44971bde40489a612dd2b391,dev_00,1,True,False,True,before_or_at,0.14285714285714285,complete_fixed_behavior_discounted_return_not_vpi,99.43405463063405,46.711410766053746,-0.8157711175238309,-52.722643864580306,52.722643864580306,2779.6771760713673,52.722643864580306,"[0.323718,0.210976,0.066892,0.16888,0.229534]",0.229534,-0.09418400000000002,0,0,0,0,False,False
candidate_popart_critic_target,ppo,61,12,dev_00_state_03,c47e6b288039285428aafce3d49684ca2d11b023896665b0b3daac8a9dcaa176,dev_00,1,True,True,True,before_or_at,0.14285714285714285,complete_fixed_behavior_discounted_return_not_vpi,99.43405463063405,46.80788483557971,-0.8116365443423015,-52.62616979505434,52.62616979505434,2769.5137472978895,52.62616979505434,"[0.414844,0.0,0.08232,0.209362,0.293474]",0.293474,-0.12136999999999998,0,0,0,0,False,False
candidate_popart_critic_target,ppo,61,12,dev_00_state_04,db2399dc4a1846b64b81f411e0237050b1ffd324fd9a4bd78478baf6f2a1e9df,dev_00,2,False,True,True,before_or_at,0.2857142857142857,complete_fixed_behavior_discounted_return_not_vpi,99.63275207083052,46.70248519547039,-0.8161536392205431,-52.93026687536013,52.93026687536013,2801.613151496846,52.93026687536013,"[0.414747,0.0,0.084031,0.208959,0.292264]",0.292264,-0.12248299999999995,0,0,0,0,False,False
candidate_popart_critic_target,ppo,61,12,dev_00_state_05,b439a8ded6b7704f73b9af3aad6b5a11f4e642b89173768c49bca3fb2b8e11e1,dev_00,2,False,False,True,before_or_at,0.2857142857142857,complete_fixed_behavior_discounted_return_not_vpi,99.63275207083052,46.560810408385684,-0.8222253720504891,-53.071941662444836,53.071941662444836,2816.630991821948,53.071941662444836,"[0.322925,0.210109,0.069006,0.169978,0.227981]",0.227981,-0.09494400000000003,0,0,0,0,False,False
candidate_popart_critic_target,ppo,61,12,dev_00_state_06,05d5cb2b4cdc84a07f67d30b6d40026f1ae9404889525cd1fd230abd3ad151ac,dev_00,3,True,True,True,before_or_at,0.42857142857142855,complete_fixed_behavior_discounted_return_not_vpi,99.98305426895568,46.88071199698841,-0.8085154027762123,-53.102342271967274,53.102342271967274,2819.8587547691623,53.102342271967274,"[0.41624,0.0,0.081148,0.207812,0.2948]",0.2948,-0.12143999999999999,0,0,0,0,False,False
candidate_popart_critic_target,ppo,61,12,dev_00_state_07,be44ebe79f69d66fa111d2fd9181f41a47efe8ab066cbd91663de162f21bfdca,dev_00,3,True,True,True,before_or_at,0.42857142857142855,complete_fixed_behavior_discounted_return_not_vpi,99.98305426895568,46.88071199698841,-0.8085154027762123,-53.102342271967274,53.102342271967274,2819.8587547691623,53.102342271967274,"[0.41624,0.0,0.081148,0.207812,0.2948]",0.2948,-0.12143999999999999,0,0,0,0,False,False
candidate_popart_critic_target,ppo,61,12,dev_00_state_08,54b81637eaa22690c2f9140cabc601d934d118af96613f57981add5ac63c1553,dev_00,3,True,True,True,before_or_at,0.2857142857142857,complete_fixed_behavior_discounted_return_not_vpi,99.63275207083052,46.86879768856763,-0.8090260123142472,-52.76395438226289,52.76395438226289,2784.034882053519,52.76395438226289,"[0.415694,0.0,0.081404,0.209551,0.29335]",0.29335,-0.12234400000000001,0,0,0,0,False,False
candidate_popart_critic_target,ppo,61,12,dev_00_state_09,4c5424ef8068127f88abfde3c8019231c91f8960d17e43927afbffc74d0ef8a3,dev_00,3,False,True,True,before_or_at,0.42857142857142855,complete_fixed_behavior_discounted_return_not_vpi,99.98305426895568,46.788498072475164,-0.8124673996301792,-53.19455619648052,53.19455619648052,2829.660808940524,53.19455619648052,"[0.416637,0.0,0.082641,0.206119,0.294603]",0.294603,-0.12203399999999998,0,0,0,0,False,False
candidate_popart_critic_target,ppo,61,12,dev_00_state_10,56cb3633f940a0aa4754de669549dee3763dc62aa8d33e8feb481d858f69cc45,dev_00,3,False,True,True,before_or_at,0.42857142857142855,complete_fixed_behavior_discounted_return_not_vpi,99.98305426895568,46.788498072475164,-0.8124673996301792,-53.19455619648052,53.19455619648052,2829.660808940524,53.19455619648052,"[0.416637,0.0,0.082641,0.206119,0.294603]",0.294603,-0.12203399999999998,0,0,0,0,False,False
candidate_popart_critic_target,ppo,61,12,dev_00_state_11,616869b075de6c2da36a5545c9128137f476e5cb4f0ae4851e0c1b46d0deef42,dev_00,3,False,True,True,before_or_at,0.2857142857142857,complete_fixed_behavior_discounted_return_not_vpi,99.63275207083052,46.778982320253306,-0.8128752146433937,-52.853769750577214,52.853769750577214,2793.520976847031,52.853769750577214,"[0.416192,0.0,0.082815,0.207988,0.293004]",0.293004,-0.12318800000000002,0,0,0,0,False,False
candidate_popart_critic_target,ppo,61,12,dev_00_state_12,50772a9d479dd040bdfcd26f5a4e632848da15cc67dcf85fb3ae790c04749004,dev_00,4,True,True,True,before_or_at,0.5714285714285714,complete_fixed_behavior_discounted_return_not_vpi,100.22152414584981,46.85703482969248,-0.8095301312042484,-53.36448931615733,53.36448931615733,2847.76871997427,53.36448931615733,"[0.414682,0.0,0.081657,0.209438,0.294223]",0.294223,-0.12045899999999998,0,0,0,0,False,False
candidate_popart_critic_target,ppo,61,12,dev_01_state_01,a4bbd832c514e8ecb281380734580807ec9ec04ce04b6be662dd729667c979e5,dev_01,0,True,False,True,before_or_at,0.0,complete_fixed_behavior_discounted_return_not_vpi,75.65614047157035,46.799197647110105,-0.81200884973634,-28.856942824460248,28.856942824460248,832.7231491741678,28.856942824460248,"[0.325954,0.208912,0.066366,0.168254,0.230515]",0.230515,-0.09543900000000002,0,0,0,0,False,False
candidate_popart_critic_target,ppo,61,12,dev_01_state_02,63fee8a32f4b1c8d4d78562135b7b123d9efca8ef1fd10c52757463ac3a4c28b,dev_01,1,True,False,True,before_or_at,0.125,complete_fixed_behavior_discounted_return_not_vpi,99.13967366563787,46.77357022423213,-0.8131071599440838,-52.36610344140574,52.36610344140574,2742.2087896360063,52.36610344140574,"[0.324666,0.20988,0.066762,0.168643,0.230049]",0.230049,-0.094617,0,0,0,0,False,False
candidate_popart_critic_target,ppo,61,12,dev_01_state_03,c559429297df4987fbb22dd07eedba631d6c671c0ff9130cbe932ee596739c54,dev_01,1,True,True,True,before_or_at,0.125,complete_fixed_behavior_discounted_return_not_vpi,99.13967366563787,46.868203236097074,-0.8090514886650899,-52.2714704295408,52.2714704295408,2732.306620866358,52.2714704295408,"[0.415842,0.0,0.081924,0.20835,0.293884]",0.293884,-0.12195800000000001,0,0,0,0,False,False
candidate_popart_critic_target,ppo,61,12,dev_01_state_04,7358d67bd36c9a85cc6e8138adeb39b8726469ca30f20c1f0942cc3f76de4651,dev_01,2,True,False,True,before_or_at,0.25,complete_fixed_behavior_discounted_return_not_vpi,99.35350480891441,46.75664411640608,-0.8138325593371969,-52.59686069250833,52.59686069250833,2766.429754707128,52.59686069250833,"[0.324204,0.21036,0.066945,0.168432,0.23006]",0.23006,-0.094144,0,0,0,0,False,False
candidate_popart_critic_target,ppo,61,12,dev_01_state_05,0763b046fa0b532b554b052e7a0878b9d194acdb61a7240efa1f797b157b13db,dev_01,2,True,True,True,before_or_at,0.25,complete_fixed_behavior_discounted_return_not_vpi,99.35350480891441,46.85272597535521,-0.8097147950592458,-52.500778833559195,52.500778833559195,2756.331778130297,52.500778833559195,"[0.41557,0.0,0.082184,0.208184,0.294062]",0.294062,-0.121508,0,0,0,0,False,False
candidate_popart_critic_target,ppo,61,12,dev_01_state_06,fd2e5861fe027bcb3635018576d2d5ce1b9b63d2b09ed94737c380749ee87049,dev_01,3,False,True,True,before_or_at,0.375,complete_fixed_behavior_discounted_return_not_vpi,99.53944465087416,46.743071865426174,-0.814414223044245,-52.796372785447986,52.796372785447986,2787.456979299993,52.796372785447986,"[0.415252,0.0,0.08417,0.206325,0.294253]",0.294253,-0.12099900000000002,0,0,0,0,False,False
candidate_popart_critic_target,ppo,61,12,dev_01_state_07,183ebb194b29cf885e5c212fd6e18171c5539439db50572f3120f6c0133c5049,dev_01,3,False,True,True,before_or_at,0.375,complete_fixed_behavior_discounted_return_not_vpi,99.53944465087416,46.74358588123046,-0.8143921939542551,-52.7958587696437,52.7958587696437,2787.402703224164,52.7958587696437,"[0.415281,0.0,0.084156,0.206296,0.294267]",0.294267,-0.12101400000000001,0,0,0,0,False,False
candidate_popart_critic_target,ppo,61,12,dev_01_state_08,d2bf64fb9b88e145885e5ed0f74f9f639967dd914d669e6f6d9e93f684a95a73,dev_01,4,True,True,True,before_or_at,0.5,complete_fixed_behavior_discounted_return_not_vpi,99.72721960667732,46.93110349037738,-0.8063557829097858,-52.79611611629994,52.79611611629994,2787.429876965826,52.79611611629994,"[0.416816,0.0,0.080778,0.207185,0.29522]",0.29522,-0.12159600000000004,0,0,0,0,False,False
candidate_popart_critic_target,ppo,61,12,dev_01_state_09,13fb32efb5dd998abdd32f46158b290acced91d28620d9d15377f2694497b912,dev_01,4,True,True,True,before_or_at,0.5,complete_fixed_behavior_discounted_return_not_vpi,99.72721960667732,46.93110349037738,-0.8063557829097858,-52.79611611629994,52.79611611629994,2787.429876965826,52.79611611629994,"[0.416816,0.0,0.080778,0.207185,0.29522]",0.29522,-0.12159600000000004,0,0,0,0,False,False
candidate_popart_critic_target,ppo,61,12,dev_01_state_10,501e02f271270613a795072dd11d6876f63160ede7c17cfbe7ee893e5b1aa82c,dev_01,4,True,True,True,before_or_at,0.375,complete_fixed_behavior_discounted_return_not_vpi,99.53944465087416,46.92045277917508,-0.806812238671605,-52.61899187169908,52.61899187169908,2768.758305593934,52.61899187169908,"[0.416852,0.0,0.081031,0.206876,0.295241]",0.295241,-0.12161100000000002,0,0,0,0,False,False
candidate_popart_critic_target,ppo,61,12,dev_01_state_11,e0c6c2402de2864424b773d58c1fc72a6bc09419a54d0cbe2f5f07d795a22db3,dev_01,4,True,True,True,before_or_at,0.5,complete_fixed_behavior_discounted_return_not_vpi,99.72721960667732,46.93144214080669,-0.8063412694245582,-52.795777465870636,52.795777465870636,2787.3941182257336,52.795777465870636,"[0.416827,0.0,0.080775,0.20718,0.295218]",0.295218,-0.12160900000000002,0,0,0,0,False,False
candidate_popart_critic_target,ppo,61,12,dev_01_state_12,87eae5e2295dff0be0c0317d62480330e70116056ccb6207b9f0f698ac011e38,dev_01,4,True,True,True,before_or_at,0.5,complete_fixed_behavior_discounted_return_not_vpi,99.72721960667732,46.93144214080669,-0.8063412694245582,-52.795777465870636,52.795777465870636,2787.3941182257336,52.795777465870636,"[0.416827,0.0,0.080775,0.20718,0.295218]",0.295218,-0.12160900000000002,0,0,0,0,False,False
candidate_popart_critic_target,ppo,61,12,dev_02_state_01,aacd1cc47660f831ce532b266ce3478bb22e2c78d466e47472c937aafefcacfb,dev_02,0,True,False,True,before_or_at,0.0,complete_fixed_behavior_discounted_return_not_vpi,75.58016750117106,46.54760923521033,-0.822791132537672,-29.03255826596073,29.03255826596073,842.8894394664047,29.03255826596073,"[0.31345,0.213791,0.070741,0.173415,0.228604]",0.228604,-0.084846,0,0,0,0,False,False
candidate_popart_critic_target,ppo,61,12,dev_02_state_02,65837e8c4e1042b18b8987e46d37b1081f660135fc906dde8659dd34bcb25e18,dev_02,1,True,False,True,before_or_at,0.2,complete_fixed_behavior_discounted_return_not_vpi,75.81651346531233,46.51146105398986,-0.8243403291390967,-29.305052411322464,29.305052411322464,858.7860968303565,29.305052411322464,"[0.312266,0.214154,0.071261,0.173128,0.229191]",0.229191,-0.08307499999999998,0,0,0,0,False,False
candidate_popart_critic_target,ppo,61,12,dev_02_state_03,788bd1c71ab6c0f94f77fdf24a1874af9e74d3c3e59586a4d8fd42a2d4a722a2,dev_02,1,True,True,True,before_or_at,0.2,complete_fixed_behavior_discounted_return_not_vpi,75.57148846531233,46.66549687876867,-0.8177388413688123,-28.905991586543657,28.905991586543657,835.5563496013326,28.905991586543657,"[0.404074,0.0,0.087077,0.214008,0.29484]",0.29484,-0.109234,0,0,0,0,False,False
candidate_popart_critic_target,ppo,61,12,dev_02_state_04,73424c66a5e9ad4241b9fb8e38cb02b30333c2e9611126a6c2f2661d805079c5,dev_02,2,True,True,True,before_or_at,0.4,complete_fixed_behavior_discounted_return_not_vpi,75.76470591996298,46.755534089641046,-0.8138801315699848,-29.009171830321932,29.009171830321932,841.5320502811435,29.009171830321932,"[0.405814,0.0,0.085582,0.212428,0.296175]",0.296175,-0.10963899999999999,0,0,0,0,False,False
candidate_popart_critic_target,ppo,61,12,dev_02_state_05,07a0c6f5a831ee8a70a2e4f82ae69cc5df3eb3540cdda40dc84dfab435b8d8ac,dev_02,2,False,True,True,before_or_at,0.4,complete_fixed_behavior_discounted_return_not_vpi,75.76470591996298,46.61800423819841,-0.8197742255812401,-29.14670168176457,29.14670168176457,849.5302189257775,29.14670168176457,"[0.405465,0.0,0.087951,0.210898,0.295686]",0.295686,-0.10977900000000002,0,0,0,0,False,False
candidate_popart_critic_target,ppo,61,12,dev_02_state_06,cd47e258d721757c11ea4050f051bb017e502287edeba848b9bb4aed7aa04c14,dev_02,3,True,True,True,before_or_at,0.6,complete_fixed_behavior_discounted_return_not_vpi,75.75848028252462,46.732564872073425,-0.8148645195140451,-29.02591541045119,29.02591541045119,842.5037654146679,29.02591541045119,"[0.404494,0.0,0.086012,0.212747,0.296747]",0.296747,-0.10774700000000004,0,0,0,0,False,False
candidate_popart_critic_target,ppo,61,12,dev_02_state_07,446e55a68c01f9b6b3d75b3584e53818ff209784976039bdb016348e222bb7bc,dev_02,3,False,True,True,before_or_at,0.6,complete_fixed_behavior_discounted_return_not_vpi,75.75848028252462,46.596877869375604,-0.8206796348625844,-29.161602413149012,29.161602413149012,850.3990553025783,29.161602413149012,"[0.404403,0.0,0.08827,0.211015,0.296313]",0.296313,-0.10809000000000002,0,0,0,0,False,False
candidate_popart_critic_target,ppo,61,12,dev_02_state_08,da66deba85e976a12ee91266832b3fe4996e44cc0333ff92fe0fb0072b304773,dev_02,3,False,True,True,before_or_at,0.4,complete_fixed_behavior_discounted_return_not_vpi,75.76470591996298,46.56864193914265,-0.8218897374369896,-29.196063980820327,29.196063980820327,852.410151972154,29.196063980820327,"[0.404486,0.0,0.088743,0.211489,0.295282]",0.295282,-0.10920400000000002,0,0,0,0,False,False
candidate_popart_critic_target,ppo,61,12,dev_02_state_09,9b17e313c9c022b073c532cab790a8e4bbbfb88e37c386bc4de0316793e72b69,dev_02,4,True,False,True,before_or_at,0.8,complete_fixed_behavior_discounted_return_not_vpi,100.75270180026362,46.62142002473753,-0.8196278357846047,-54.13128177552609,54.13128177552609,2930.1956666614033,54.13128177552609,"[0.312017,0.214895,0.070117,0.171684,0.231286]",0.231286,-0.080731,0,0,0,0,False,False
candidate_popart_critic_target,ppo,61,12,dev_02_state_10,e6a58b6c7a7e16fa45b8c640dbd4b125a27da61dec2113082cdfa830027b3bfb,dev_02,4,True,False,True,before_or_at,0.8,complete_fixed_behavior_discounted_return_not_vpi,75.75270180026362,46.62142002473753,-0.8196278357846047,-29.13128177552609,29.13128177552609,848.6315778850985,29.13128177552609,"[0.312017,0.214895,0.070117,0.171684,0.231286]",0.231286,-0.080731,0,0,0,0,False,False
candidate_popart_critic_target,ppo,61,12,dev_02_state_11,5fbcd355ad6ef625fe912c4a3485f5db6bcdb20e7b2dcdd955d3fe332063d473,dev_02,4,True,False,True,before_or_at,0.6,complete_fixed_behavior_discounted_return_not_vpi,75.75848028252462,46.6293620234271,-0.8192874668652572,-29.129118259097517,29.129118259097517,848.5055305524884,29.129118259097517,"[0.312775,0.214213,0.069914,0.172048,0.23105]",0.23105,-0.08172500000000002,0,0,0,0,False,False
candidate_popart_critic_target,ppo,61,12,dev_02_state_12,fdd3f8ff3f38604c74d277ed795fde0f3d9fa09eb963e4d8820de9b76534d356,dev_02,4,True,False,True,after,0.6,complete_fixed_behavior_discounted_return_not_vpi,100.50848028252462,46.6293620234271,-0.8192874668652572,-53.87911825909752,53.87911825909752,2902.9593843778152,53.87911825909752,"[0.312775,0.214213,0.069914,0.172048,0.23105]",0.23105,-0.08172500000000002,0,0,0,0,False,False
candidate_popart_critic_target,ppo,61,12,dev_03_state_01,62750fc5f603af0e58fc56236599571502c69cfa558f3283ab10e1bc858471ae,dev_03,0,True,False,True,before_or_at,0.0,complete_fixed_behavior_discounted_return_not_vpi,75.32227037485364,46.53847446336927,-0.823182619937955,-28.783795911484376,28.783795911484376,828.5069070739846,28.783795911484376,"[0.318632,0.212014,0.068948,0.172513,0.227892]",0.227892,-0.09074000000000002,0,0,0,0,False,False
candidate_popart_critic_target,ppo,61,12,dev_03_state_02,49dc0c665e7c8d1673bc0818a98dec317568afa99b48ce13b276daf91fdf1003,dev_03,1,True,False,True,before_or_at,0.1,complete_fixed_behavior_discounted_return_not_vpi,75.2654274086768,46.50622702509872,-0.8245646430463569,-28.759200383578083,28.759200383578083,827.0916067027978,28.759200383578083,"[0.317505,0.213381,0.069235,0.172848,0.22703]",0.22703,-0.09047499999999997,0,0,0,0,False,False
candidate_popart_critic_target,ppo,61,12,dev_03_state_03,5c249417d557afb821d09652c2ced9028d3dd95a2292007d63fec0a2af97227d,dev_03,1,True,True,True,before_or_at,0.1,complete_fixed_behavior_discounted_return_not_vpi,75.2654274086768,46.70852254599136,-0.8158948974915567,-28.556904862685442,28.556904862685442,815.4968153364674,28.556904862685442,"[0.412728,0.0,0.083539,0.210955,0.292778]",0.292778,-0.11995,0,0,0,0,False,False
candidate_popart_critic_target,ppo,61,12,dev_03_state_04,f5f32654c6274248e0d209cab36df9f70fd51f283f1cd0807581b37e93a74a25,dev_03,2,False,False,True,before_or_at,0.2,complete_fixed_behavior_discounted_return_not_vpi,75.46738204163074,46.404621573244576,-0.8289191310284383,-29.062760468386166,29.062760468386166,844.6440460427897,29.062760468386166,"[0.320916,0.207704,0.070751,0.171223,0.229406]",0.229406,-0.09150999999999998,0,0,0,0,False,False
candidate_popart_critic_target,ppo,61,12,dev_03_state_05,6cc42ee25dea2b20e7ddf5c4193dae1de54521b21ce67836be05490494a0b931,dev_03,2,True,False,True,before_or_at,0.2,complete_fixed_behavior_discounted_return_not_vpi,75.22963452915576,46.628904808183194,-0.8193070616630607,-28.600729720972566,28.600729720972566,818.0017405721235,28.600729720972566,"[0.319976,0.212479,0.068004,0.17099,0.22855]",0.22855,-0.09142599999999998,0,0,0,0,False,False
candidate_popart_critic_target,ppo,61,12,dev_03_state_06,1217155fad78690dd6f9e30d323674dca8a13a10b95a50b6354593aed403e43d,dev_03,3,True,True,True,before_or_at,0.3,complete_fixed_behavior_discounted_return_not_vpi,75.17185584736579,46.749389642455256,-0.8141434631229554,-28.422466204910535,28.422466204910535,807.8365851692814,28.422466204910535,"[0.411579,0.0,0.083342,0.212045,0.293033]",0.293033,-0.11854599999999998,0,0,0,0,False,False
candidate_popart_critic_target,ppo,61,12,dev_03_state_07,c9b593dfc8699de434ab870b13435c9305897d412b8dedc394c04fd20511d413,dev_03,3,False,True,True,before_or_at,0.2,complete_fixed_behavior_discounted_return_not_vpi,75.22963452915576,46.58046497149675,-0.8213830397021908,-28.649169557659008,28.649169557659008,820.7749163434956,28.649169557659008,"[0.413155,0.0,0.085323,0.208272,0.29325]",0.29325,-0.11990499999999998,0,0,0,0,False,False
candidate_popart_critic_target,ppo,61,12,dev_03_state_08,6b17f75e0e3f5de80f49678d788da5519dddc9cc9bd584c0ee650b8d7219e7b6,dev_03,3,True,True,True,before_or_at,0.3,complete_fixed_behavior_discounted_return_not_vpi,75.4120048498658,46.71218221805491,-0.8157380555334897,-28.699822631810882,28.699822631810882,823.6798190974041,28.699822631810882,"[0.410668,0.0,0.083745,0.212628,0.292958]",0.292958,-0.11770999999999998,0,0,0,0,False,False
candidate_popart_critic_target,ppo,61,12,dev_03_state_09,0ccde0ef6c389b7341f4f1ea7beb149b259aad13dd1630dab7db376142e1073a,dev_03,3,False,False,True,before_or_at,0.2,complete_fixed_behavior_discounted_return_not_vpi,75.46738204163074,46.33240544919378,-0.8320140854679217,-29.134976592436963,29.134976592436963,848.8468610418498,29.134976592436963,"[0.319789,0.208418,0.071428,0.171746,0.228619]",0.228619,-0.09117,0,0,0,0,False,False
candidate_popart_critic_target,ppo,61,12,dev_03_state_10,ebe2739e96e527d82f495d7e680acc3138491d2e16ff51c3923b53550c15ae25,dev_03,3,True,True,True,before_or_at,0.3,complete_fixed_behavior_discounted_return_not_vpi,74.92928109736579,46.78503827933168,-0.812615675410552,-28.144242818034108,28.144242818034108,792.0984038004644,28.144242818034108,"[0.413881,0.0,0.082457,0.20999,0.293672]",0.293672,-0.12020900000000001,0,0,0,0,False,False
candidate_popart_critic_target,ppo,61,12,dev_03_state_11,6f4069e08051d555eb68fe1fc24e55e73bd96f49eec834dcd284e6fcc78d573c,dev_03,4,True,False,True,before_or_at,0.4,complete_fixed_behavior_discounted_return_not_vpi,75.39606346424462,46.609129599165094,-0.8201545645129675,-28.786933865079526,28.786933865079526,828.6875613524625,28.786933865079526,"[0.318263,0.213168,0.068184,0.171707,0.228678]",0.228678,-0.08958500000000003,0,0,0,0,False,False
candidate_popart_critic_target,ppo,61,12,dev_03_state_12,3280b55b15e26af81785ba01c8673bf4d36b50b213800bb4ae9d9639e7519111,dev_03,4,True,False,True,before_or_at,0.3,complete_fixed_behavior_discounted_return_not_vpi,74.92928109736579,46.6623264806788,-0.8178747145934162,-28.266954616686988,28.266954616686988,799.0207233018418,28.266954616686988,"[0.319861,0.212979,0.067502,0.17113,0.228528]",0.228528,-0.091333,0,0,0,0,False,False
candidate_popart_critic_target,sa_ghmappo,7,24,dev_00_state_01,2cb31cda5fedadef13eb6ef29f9fb864a9636c64a8a0b599c358ab8e79aa2f2e,dev_00,0,True,False,True,before_or_at,0.0,complete_fixed_behavior_discounted_return_not_vpi,99.16542974483956,81.27889067428247,0.48569501190471387,-17.88653907055709,17.88653907055709,319.92827992256537,17.88653907055709,"[0.574372,0.040857,0.058459,0.312174,0.014138]",0.014138,-0.560234,0,0,0,0,False,False
candidate_popart_critic_target,sa_ghmappo,7,24,dev_00_state_02,4fe79a7d2f5b835a26cde6caefb444f6301c270d44971bde40489a612dd2b391,dev_00,1,True,False,True,before_or_at,0.14285714285714285,complete_fixed_behavior_discounted_return_not_vpi,99.43405463063405,81.27852804272857,0.48567725724459,-18.155526587905484,18.155526587905484,329.62314568414297,18.155526587905484,"[0.570494,0.041454,0.058963,0.311898,0.017191]",0.017191,-0.553303,0,0,0,0,False,False
candidate_popart_critic_target,sa_ghmappo,7,24,dev_00_state_03,c47e6b288039285428aafce3d49684ca2d11b023896665b0b3daac8a9dcaa176,dev_00,1,True,True,True,before_or_at,0.14285714285714285,complete_fixed_behavior_discounted_return_not_vpi,99.43405463063405,81.27556427231075,0.48553214925305177,-18.158490358323306,18.158490358323306,329.73077209332047,18.158490358323306,"[0.347724,0.0,0.039039,0.205475,0.407763]",0.407763,0.06003900000000001,4,0,0,0,False,False
candidate_popart_critic_target,sa_ghmappo,7,24,dev_00_state_04,db2399dc4a1846b64b81f411e0237050b1ffd324fd9a4bd78478baf6f2a1e9df,dev_00,2,False,True,True,before_or_at,0.2857142857142857,complete_fixed_behavior_discounted_return_not_vpi,99.63275207083052,81.24652050700121,0.48411014894377846,-18.386231563829313,18.386231563829313,338.0535111187533,18.386231563829313,"[0.012131,0.0,0.002514,0.008713,0.976642]",0.976642,0.964511,4,4,4,4,False,False
candidate_popart_critic_target,sa_ghmappo,7,24,dev_00_state_05,b439a8ded6b7704f73b9af3aad6b5a11f4e642b89173768c49bca3fb2b8e11e1,dev_00,2,False,False,True,before_or_at,0.2857142857142857,complete_fixed_behavior_discounted_return_not_vpi,99.63275207083052,81.27397940260252,0.4854545530739327,-18.358772668228,18.358772668228,337.0445338836754,18.358772668228,"[0.49221,0.043321,0.064565,0.274057,0.125847]",0.125847,-0.366363,0,0,0,0,False,False
candidate_popart_critic_target,sa_ghmappo,7,24,dev_00_state_06,05d5cb2b4cdc84a07f67d30b6d40026f1ae9404889525cd1fd230abd3ad151ac,dev_00,3,True,True,True,before_or_at,0.42857142857142855,complete_fixed_behavior_discounted_return_not_vpi,99.98305426895568,81.23702230554316,0.48364511125782617,-18.74603196341252,18.74603196341252,351.4137143732839,18.74603196341252,"[0.028495,0.0,0.005415,0.019734,0.946355]",0.946355,0.9178599999999999,4,4,4,4,False,False
candidate_popart_critic_target,sa_ghmappo,7,24,dev_00_state_07,be44ebe79f69d66fa111d2fd9181f41a47efe8ab066cbd91663de162f21bfdca,dev_00,3,True,True,True,before_or_at,0.42857142857142855,complete_fixed_behavior_discounted_return_not_vpi,99.98305426895568,81.23582381327431,0.4835864323517405,-18.747230455681375,18.747230455681375,351.4586497584273,18.747230455681375,"[0.029043,0.0,0.005506,0.02009,0.945361]",0.945361,0.916318,4,4,4,4,False,False
candidate_popart_critic_target,sa_ghmappo,7,24,dev_00_state_08,54b81637eaa22690c2f9140cabc601d934d118af96613f57981add5ac63c1553,dev_00,3,True,True,True,before_or_at,0.2857142857142857,complete_fixed_behavior_discounted_return_not_vpi,99.63275207083052,81.22969506546762,0.48328636515371404,-18.403057005362896,18.403057005362896,338.6725071426364,18.403057005362896,"[0.027286,0.0,0.005305,0.019082,0.948326]",0.948326,0.92104,4,4,4,4,False,False
candidate_popart_critic_target,sa_ghmappo,7,24,dev_00_state_09,4c5424ef8068127f88abfde3c8019231c91f8960d17e43927afbffc74d0ef8a3,dev_00,3,False,True,True,before_or_at,0.42857142857142855,complete_fixed_behavior_discounted_return_not_vpi,99.98305426895568,81.27555313263505,0.48553160384779526,-18.70750113632063,18.70750113632063,349.97059876543767,18.70750113632063,"[0.298966,0.0,0.037651,0.169589,0.493794]",0.493794,0.194828,4,0,0,0,False,False
candidate_popart_critic_target,sa_ghmappo,7,24,dev_00_state_10,56cb3633f940a0aa4754de669549dee3763dc62aa8d33e8feb481d858f69cc45,dev_00,3,False,True,True,before_or_at,0.42857142857142855,complete_fixed_behavior_discounted_return_not_vpi,99.98305426895568,81.2753039360519,0.4855194030324208,-18.707750332903785,18.707750332903785,349.9799225182617,18.707750332903785,"[0.305245,0.0,0.038381,0.173176,0.483199]",0.483199,0.177954,4,0,0,0,False,False
candidate_popart_critic_target,sa_ghmappo,7,24,dev_00_state_11,616869b075de6c2da36a5545c9128137f476e5cb4f0ae4851e0c1b46d0deef42,dev_00,3,False,True,True,before_or_at,0.2857142857142857,complete_fixed_behavior_discounted_return_not_vpi,99.63275207083052,81.2748364164845,0.48549651299174146,-18.357915654346016,18.357915654346016,337.0130671720825,18.357915654346016,"[0.288166,0.0,0.036594,0.163795,0.511445]",0.511445,0.22327900000000006,4,0,0,0,False,False
candidate_popart_critic_target,sa_ghmappo,7,24,dev_00_state_12,50772a9d479dd040bdfcd26f5a4e632848da15cc67dcf85fb3ae790c04749004,dev_00,4,True,True,True,before_or_at,0.5714285714285714,complete_fixed_behavior_discounted_return_not_vpi,100.22152414584981,81.23300532890603,0.4834484376530277,-18.98851881694378,18.98851881694378,360.56384686142803,18.98851881694378,"[0.020302,0.0,0.004328,0.014549,0.960821]",0.960821,0.940519,4,4,4,4,False,False
candidate_popart_critic_target,sa_ghmappo,7,24,dev_01_state_01,a4bbd832c514e8ecb281380734580807ec9ec04ce04b6be662dd729667c979e5,dev_01,0,True,False,True,before_or_at,0.0,complete_fixed_behavior_discounted_return_not_vpi,75.65614047157035,81.27789661607613,0.4856463422139292,5.621756144505781,5.621756144505781,31.604142148288506,-5.621756144505781,"[0.581068,0.041239,0.05867,0.307336,0.011687]",0.011687,-0.569381,0,0,0,0,False,False
candidate_popart_critic_target,sa_ghmappo,7,24,dev_01_state_02,63fee8a32f4b1c8d4d78562135b7b123d9efca8ef1fd10c52757463ac3a4c28b,dev_01,1,True,False,True,before_or_at,0.125,complete_fixed_behavior_discounted_return_not_vpi,99.13967366563787,81.27754121938007,0.4856289417768185,-17.862132446257803,17.862132446257803,319.0557755276558,17.862132446257803,"[0.578392,0.042031,0.061028,0.305517,0.013031]",0.013031,-0.565361,0,0,0,0,False,False
candidate_popart_critic_target,sa_ghmappo,7,24,dev_01_state_03,c559429297df4987fbb22dd07eedba631d6c671c0ff9130cbe932ee596739c54,dev_01,1,True,True,True,before_or_at,0.125,complete_fixed_behavior_discounted_return_not_vpi,99.13967366563787,81.2719366276794,0.4853545375786448,-17.867737037958477,17.867737037958477,319.2560268576332,17.867737037958477,"[0.446984,0.0,0.053996,0.25631,0.242711]",0.242711,-0.20427299999999998,0,0,0,0,False,False
candidate_popart_critic_target,sa_ghmappo,7,24,dev_01_state_04,7358d67bd36c9a85cc6e8138adeb39b8726469ca30f20c1f0942cc3f76de4651,dev_01,2,True,False,True,before_or_at,0.25,complete_fixed_behavior_discounted_return_not_vpi,99.35350480891441,81.27811839915911,0.48565720084776043,-18.075386409755296,18.075386409755296,326.7195938619665,18.075386409755296,"[0.579902,0.041468,0.059838,0.306055,0.012738]",0.012738,-0.567164,0,0,0,0,False,False
candidate_popart_critic_target,sa_ghmappo,7,24,dev_01_state_05,0763b046fa0b532b554b052e7a0878b9d194acdb61a7240efa1f797b157b13db,dev_01,2,True,True,True,before_or_at,0.25,complete_fixed_behavior_discounted_return_not_vpi,99.35350480891441,81.27272299208504,0.48539303845537685,-18.080781816829372,18.080781816829372,326.9146711077876,18.080781816829372,"[0.433988,0.0,0.050993,0.249613,0.265406]",0.265406,-0.168582,0,0,0,0,False,False
candidate_popart_critic_target,sa_ghmappo,7,24,dev_01_state_06,fd2e5861fe027bcb3635018576d2d5ce1b9b63d2b09ed94737c380749ee87049,dev_01,3,False,True,True,before_or_at,0.375,complete_fixed_behavior_discounted_return_not_vpi,99.53944465087416,81.2459514386255,0.4840822870120478,-18.293493212248663,18.293493212248663,334.65189390658793,18.293493212248663,"[0.024238,0.0,0.004752,0.016254,0.954755]",0.954755,0.930517,4,4,4,4,False,False
candidate_popart_critic_target,sa_ghmappo,7,24,dev_01_state_07,183ebb194b29cf885e5c212fd6e18171c5539439db50572f3120f6c0133c5049,dev_01,3,False,True,True,before_or_at,0.375,complete_fixed_behavior_discounted_return_not_vpi,99.53944465087416,81.24159618213777,0.48386905102124134,-18.29784846873639,18.29784846873639,334.81125858483864,18.29784846873639,"[0.021786,0.0,0.004591,0.014814,0.958809]",0.958809,0.937023,4,4,4,4,False,False
candidate_popart_critic_target,sa_ghmappo,7,24,dev_01_state_08,d2bf64fb9b88e145885e5ed0f74f9f639967dd914d669e6f6d9e93f684a95a73,dev_01,4,True,True,True,before_or_at,0.5,complete_fixed_behavior_discounted_return_not_vpi,99.72721960667732,81.24135361174193,0.48385717462800404,-18.485865994935395,18.485865994935395,341.72724158270876,18.485865994935395,"[0.083007,0.0,0.014403,0.053143,0.849447]",0.849447,0.76644,4,4,4,4,False,False
candidate_popart_critic_target,sa_ghmappo,7,24,dev_01_state_09,13fb32efb5dd998abdd32f46158b290acced91d28620d9d15377f2694497b912,dev_01,4,True,True,True,before_or_at,0.5,complete_fixed_behavior_discounted_return_not_vpi,99.72721960667732,81.24034019979591,0.48380755736642334,-18.486879406881414,18.486879406881414,341.7647102045761,18.486879406881414,"[0.085628,0.0,0.014816,0.054763,0.844792]",0.844792,0.759164,4,4,4,4,False,False
candidate_popart_critic_target,sa_ghmappo,7,24,dev_01_state_10,501e02f271270613a795072dd11d6876f63160ede7c17cfbe7ee893e5b1aa82c,dev_01,4,True,True,True,before_or_at,0.375,complete_fixed_behavior_discounted_return_not_vpi,99.53944465087416,81.23599514136896,0.48359482067883874,-18.3034495095052,18.3034495095052,335.0162639470061,18.3034495095052,"[0.083934,0.0,0.014874,0.053925,0.847267]",0.847267,0.763333,4,4,4,4,False,False
candidate_popart_critic_target,sa_ghmappo,7,24,dev_01_state_11,e0c6c2402de2864424b773d58c1fc72a6bc09419a54d0cbe2f5f07d795a22db3,dev_01,4,True,True,True,before_or_at,0.5,complete_fixed_behavior_discounted_return_not_vpi,99.72721960667732,81.23813345428566,0.4836995137720539,-18.489086152391664,18.489086152391664,341.8463067505612,18.489086152391664,"[0.07633,0.0,0.013607,0.049376,0.860687]",0.860687,0.784357,4,4,4,4,False,False
candidate_popart_critic_target,sa_ghmappo,7,24,dev_01_state_12,87eae5e2295dff0be0c0317d62480330e70116056ccb6207b9f0f698ac011e38,dev_01,4,True,True,True,before_or_at,0.5,complete_fixed_behavior_discounted_return_not_vpi,99.72721960667732,81.23698177757156,0.48364312698383305,-18.490237829105766,18.490237829105766,341.8888949768939,18.490237829105766,"[0.078199,0.0,0.013908,0.05053,0.857363]",0.857363,0.779164,4,4,4,4,False,False
candidate_popart_critic_target,sa_ghmappo,7,24,dev_02_state_01,aacd1cc47660f831ce532b266ce3478bb22e2c78d466e47472c937aafefcacfb,dev_02,0,True,False,True,before_or_at,0.0,complete_fixed_behavior_discounted_return_not_vpi,75.58016750117106,81.2782336978047,0.485662845939157,5.698066196633633,5.698066196633633,32.46795838121887,-5.698066196633633,"[0.584515,0.040829,0.058081,0.30621,0.010365]",0.010365,-0.57415,0,0,0,0,False,False
candidate_popart_critic_target,sa_ghmappo,7,24,dev_02_state_02,65837e8c4e1042b18b8987e46d37b1081f660135fc906dde8659dd34bcb25e18,dev_02,1,True,False,True,before_or_at,0.2,complete_fixed_behavior_discounted_return_not_vpi,75.81651346531233,81.26857014542091,0.4851897125719109,5.4520566801085835,5.4520566801085835,29.724922043116628,-5.4520566801085835,"[0.539382,0.050106,0.069366,0.298298,0.042848]",0.042848,-0.49653400000000003,0,0,0,0,False,False
candidate_popart_critic_target,sa_ghmappo,7,24,dev_02_state_03,788bd1c71ab6c0f94f77fdf24a1874af9e74d3c3e59586a4d8fd42a2d4a722a2,dev_02,1,True,True,True,before_or_at,0.2,complete_fixed_behavior_discounted_return_not_vpi,75.57148846531233,81.2730636516761,0.48540971735491656,5.701575186363769,5.701575186363769,32.50795960575905,-5.701575186363769,"[0.197508,0.0,0.023622,0.118328,0.660542]",0.660542,0.46303399999999995,4,4,4,4,False,False
candidate_popart_critic_target,sa_ghmappo,7,24,dev_02_state_04,73424c66a5e9ad4241b9fb8e38cb02b30333c2e9611126a6c2f2661d805079c5,dev_02,2,True,True,True,before_or_at,0.4,complete_fixed_behavior_discounted_return_not_vpi,75.76470591996298,81.23407394730523,0.4835007578559338,5.469368027342256,5.469368027342256,29.913986618513718,-5.469368027342256,"[0.074339,0.0,0.013328,0.048208,0.864125]",0.864125,0.789786,4,4,4,4,False,False
candidate_popart_critic_target,sa_ghmappo,7,24,dev_02_state_05,07a0c6f5a831ee8a70a2e4f82ae69cc5df3eb3540cdda40dc84dfab435b8d8ac,dev_02,2,False,True,True,before_or_at,0.4,complete_fixed_behavior_discounted_return_not_vpi,75.76470591996298,81.27486642675953,0.4854979823129506,5.510160506796552,5.510160506796552,30.361868810660436,-5.510160506796552,"[0.468544,0.0,0.057327,0.255651,0.218478]",0.218478,-0.250066,0,0,0,0,False,False
candidate_popart_critic_target,sa_ghmappo,7,24,dev_02_state_06,cd47e258d721757c11ea4050f051bb017e502287edeba848b9bb4aed7aa04c14,dev_02,3,True,True,True,before_or_at,0.6,complete_fixed_behavior_discounted_return_not_vpi,75.75848028252462,81.23216224154042,0.4834071595858811,5.473681959015806,5.473681959015806,29.961194188455117,-5.473681959015806,"[0.017661,0.0,0.003796,0.012741,0.965802]",0.965802,0.948141,4,4,4,4,False,False
candidate_popart_critic_target,sa_ghmappo,7,24,dev_02_state_07,446e55a68c01f9b6b3d75b3584e53818ff209784976039bdb016348e222bb7bc,dev_02,3,False,True,True,before_or_at,0.6,complete_fixed_behavior_discounted_return_not_vpi,75.75848028252462,81.25799253162242,0.4846718262051626,5.499512249097805,5.499512249097805,30.244634977976794,-5.499512249097805,"[0.037183,0.0,0.006107,0.023958,0.932752]",0.932752,0.8955690000000001,4,4,4,4,False,False
candidate_popart_critic_target,sa_ghmappo,7,24,dev_02_state_08,da66deba85e976a12ee91266832b3fe4996e44cc0333ff92fe0fb0072b304773,dev_02,3,False,True,True,before_or_at,0.4,complete_fixed_behavior_discounted_return_not_vpi,75.76470591996298,81.24654188478547,0.4841111956130204,5.481835964822494,5.481835964822494,30.050525545221365,-5.481835964822494,"[0.026332,0.0,0.00501,0.017569,0.95109]",0.95109,0.924758,4,4,4,4,False,False
candidate_popart_critic_target,sa_ghmappo,7,24,dev_02_state_09,9b17e313c9c022b073c532cab790a8e4bbbfb88e37c386bc4de0316793e72b69,dev_02,4,True,False,True,before_or_at,0.8,complete_fixed_behavior_discounted_return_not_vpi,100.75270180026362,81.27891229246393,0.48569607034394835,-19.473789507799694,19.473789507799694,379.22847779408943,19.473789507799694,"[0.585188,0.040564,0.058521,0.305139,0.010589]",0.010589,-0.5745990000000001,0,0,0,0,False,False
candidate_popart_critic_target,sa_ghmappo,7,24,dev_02_state_10,e6a58b6c7a7e16fa45b8c640dbd4b125a27da61dec2113082cdfa830027b3bfb,dev_02,4,True,False,True,before_or_at,0.8,complete_fixed_behavior_discounted_return_not_vpi,75.75270180026362,81.27875546827588,0.4856883921368862,5.526053668012253,5.526053668012253,30.537269141751672,-5.526053668012253,"[0.585353,0.040515,0.05847,0.305189,0.010473]",0.010473,-0.5748800000000001,0,0,0,0,False,False
candidate_popart_critic_target,sa_ghmappo,7,24,dev_02_state_11,5fbcd355ad6ef625fe912c4a3485f5db6bcdb20e7b2dcdd955d3fe332063d473,dev_02,4,True,False,True,before_or_at,0.6,complete_fixed_behavior_discounted_return_not_vpi,75.75848028252462,81.27150947702823,0.48533362402451097,5.513029194503616,5.513029194503616,30.39349089944919,-5.513029194503616,"[0.555753,0.049441,0.06614,0.301248,0.027419]",0.027419,-0.5283340000000001,0,0,0,0,False,False
candidate_popart_critic_target,sa_ghmappo,7,24,dev_02_state_12,fdd3f8ff3f38604c74d277ed795fde0f3d9fa09eb963e4d8820de9b76534d356,dev_02,4,True,False,True,after,0.6,complete_fixed_behavior_discounted_return_not_vpi,100.50848028252462,81.27181520311554,0.4853485925585854,-19.23666507940908,19.23666507940908,370.0492833773567,19.23666507940908,"[0.55488,0.049598,0.066237,0.300957,0.028329]",0.028329,-0.526551,0,0,0,0,False,False
candidate_popart_critic_target,sa_ghmappo,7,24,dev_03_state_01,62750fc5f603af0e58fc56236599571502c69cfa558f3283ab10e1bc858471ae,dev_03,0,True,False,True,before_or_at,0.0,complete_fixed_behavior_discounted_return_not_vpi,75.32227037485364,81.27728232727932,0.4856162662630412,5.955011952425679,5.955011952425679,35.46216735353269,-5.955011952425679,"[0.57108,0.042361,0.061487,0.309517,0.015556]",0.015556,-0.555524,0,0,0,0,False,False
candidate_popart_critic_target,sa_ghmappo,7,24,dev_03_state_02,49dc0c665e7c8d1673bc0818a98dec317568afa99b48ce13b276daf91fdf1003,dev_03,1,True,False,True,before_or_at,0.1,complete_fixed_behavior_discounted_return_not_vpi,75.2654274086768,81.26894521274143,0.4852080760946871,6.003517804064629,6.003517804064629,36.04222602372098,-6.003517804064629,"[0.521019,0.047724,0.067554,0.297913,0.065791]",0.065791,-0.455228,0,0,0,0,False,False
candidate_popart_critic_target,sa_ghmappo,7,24,dev_03_state_03,5c249417d557afb821d09652c2ced9028d3dd95a2292007d63fec0a2af97227d,dev_03,1,True,True,True,before_or_at,0.1,complete_fixed_behavior_discounted_return_not_vpi,75.2654274086768,81.24499260587032,0.4840353419806487,5.979565197193523,5.979565197193523,35.755199947488016,-5.979565197193523,"[0.016594,0.0,0.002964,0.012049,0.968393]",0.968393,0.951799,4,4,4,4,False,False
candidate_popart_critic_target,sa_ghmappo,7,24,dev_03_state_04,f5f32654c6274248e0d209cab36df9f70fd51f283f1cd0807581b37e93a74a25,dev_03,2,False,False,True,before_or_at,0.2,complete_fixed_behavior_discounted_return_not_vpi,75.46738204163074,81.2568486637641,0.4846158217432426,5.789466622133361,5.789466622133361,33.517923768796265,-5.789466622133361,"[0.511346,0.05409,0.073381,0.290763,0.07042]",0.07042,-0.440926,0,0,0,0,False,False
candidate_popart_critic_target,sa_ghmappo,7,24,dev_03_state_05,6cc42ee25dea2b20e7ddf5c4193dae1de54521b21ce67836be05490494a0b931,dev_03,2,True,False,True,before_or_at,0.2,complete_fixed_behavior_discounted_return_not_vpi,75.22963452915576,81.25322906210101,0.48443860385742443,6.023594532945253,6.023594532945253,36.283691097327946,-6.023594532945253,"[0.487411,0.056413,0.069984,0.29323,0.092962]",0.092962,-0.394449,0,0,0,0,False,False
candidate_popart_critic_target,sa_ghmappo,7,24,dev_03_state_06,1217155fad78690dd6f9e30d323674dca8a13a10b95a50b6354593aed403e43d,dev_03,3,True,True,True,before_or_at,0.3,complete_fixed_behavior_discounted_return_not_vpi,75.17185584736579,81.20653334094703,0.4821523531177201,6.034677493581242,6.034677493581242,36.417332451535984,-6.034677493581242,"[0.008059,0.0,0.002008,0.006512,0.983422]",0.983422,0.975363,4,4,4,4,False,False
candidate_popart_critic_target,sa_ghmappo,7,24,dev_03_state_07,c9b593dfc8699de434ab870b13435c9305897d412b8dedc394c04fd20511d413,dev_03,3,False,True,True,before_or_at,0.2,complete_fixed_behavior_discounted_return_not_vpi,75.22963452915576,81.22056713065646,0.48283945594665445,5.9909326015007025,5.9909326015007025,35.891273435723974,-5.9909326015007025,"[0.01094,0.0,0.002333,0.008263,0.978464]",0.978464,0.967524,4,4,4,4,False,False
candidate_popart_critic_target,sa_ghmappo,7,24,dev_03_state_08,6b17f75e0e3f5de80f49678d788da5519dddc9cc9bd584c0ee650b8d7219e7b6,dev_03,3,True,True,True,before_or_at,0.3,complete_fixed_behavior_discounted_return_not_vpi,75.4120048498658,81.21706468956624,0.48266797431331865,5.805059839700448,5.805059839700448,33.69871974250299,-5.805059839700448,"[0.008807,0.0,0.002001,0.006979,0.982212]",0.982212,0.973405,4,4,4,4,False,False
candidate_popart_critic_target,sa_ghmappo,7,24,dev_03_state_09,0ccde0ef6c389b7341f4f1ea7beb149b259aad13dd1630dab7db376142e1073a,dev_03,3,False,False,True,before_or_at,0.2,complete_fixed_behavior_discounted_return_not_vpi,75.46738204163074,81.2514834342837,0.48435313686409076,5.784101392652957,5.784101392652957,33.45582892048988,-5.784101392652957,"[0.400467,0.048544,0.062789,0.238924,0.249276]",0.249276,-0.15119100000000002,0,0,0,0,False,False
candidate_popart_critic_target,sa_ghmappo,7,24,dev_03_state_10,ebe2739e96e527d82f495d7e680acc3138491d2e16ff51c3923b53550c15ae25,dev_03,3,True,True,True,before_or_at,0.3,complete_fixed_behavior_discounted_return_not_vpi,74.92928109736579,81.19566244084386,0.4816201072761759,6.2663813434780735,6.2663813434780735,39.267535141890065,-6.2663813434780735,"[0.007484,0.0,0.001994,0.006121,0.9844]",0.9844,0.976916,4,4,4,4,False,False
candidate_popart_critic_target,sa_ghmappo,7,24,dev_03_state_11,6f4069e08051d555eb68fe1fc24e55e73bd96f49eec834dcd284e6fcc78d573c,dev_03,4,True,False,True,before_or_at,0.4,complete_fixed_behavior_discounted_return_not_vpi,75.39606346424462,81.26523371833512,0.48502635908460334,5.8691702540905055,5.8691702540905055,34.44715947150081,-5.8691702540905055,"[0.491721,0.05289,0.069492,0.284757,0.10114]",0.10114,-0.390581,0,0,0,0,False,False
candidate_popart_critic_target,sa_ghmappo,7,24,dev_03_state_12,3280b55b15e26af81785ba01c8673bf4d36b50b213800bb4ae9d9639e7519111,dev_03,4,True,False,True,before_or_at,0.3,complete_fixed_behavior_discounted_return_not_vpi,74.92928109736579,81.26043740985037,0.48479152892136446,6.33115631248458,6.33115631248458,40.08354025311335,-6.33115631248458,"[0.462037,0.05467,0.068837,0.274938,0.139519]",0.139519,-0.32251799999999997,0,0,0,0,False,False
candidate_popart_critic_target,sa_ghmappo,17,24,dev_00_state_01,2cb31cda5fedadef13eb6ef29f9fb864a9636c64a8a0b599c358ab8e79aa2f2e,dev_00,0,True,False,True,before_or_at,0.0,complete_fixed_behavior_discounted_return_not_vpi,99.16542974483956,78.17114319486116,0.22420940723295724,-20.994286549978398,20.994286549978398,440.76006774260384,20.994286549978398,"[0.391888,0.169679,0.002726,0.243025,0.192681]",0.192681,-0.19920700000000002,0,0,0,0,False,False
candidate_popart_critic_target,sa_ghmappo,17,24,dev_00_state_02,4fe79a7d2f5b835a26cde6caefb444f6301c270d44971bde40489a612dd2b391,dev_00,1,True,False,True,before_or_at,0.14285714285714285,complete_fixed_behavior_discounted_return_not_vpi,99.43405463063405,78.2341686308832,0.22687740634801656,-21.199885999750848,21.199885999750848,449.435166402432,21.199885999750848,"[0.391932,0.170922,0.002716,0.239803,0.194627]",0.194627,-0.197305,0,0,0,0,False,False
candidate_popart_critic_target,sa_ghmappo,17,24,dev_00_state_03,c47e6b288039285428aafce3d49684ca2d11b023896665b0b3daac8a9dcaa176,dev_00,1,True,True,True,before_or_at,0.14285714285714285,complete_fixed_behavior_discounted_return_not_vpi,99.43405463063405,74.75364308327697,0.07953944778622102,-24.68041154735708,24.68041154735708,609.1227141469168,24.68041154735708,"[0.108021,0.0,0.002144,0.20228,0.687555]",0.687555,0.485275,4,4,4,4,False,False
candidate_popart_critic_target,sa_ghmappo,17,24,dev_00_state_04,db2399dc4a1846b64b81f411e0237050b1ffd324fd9a4bd78478baf6f2a1e9df,dev_00,2,False,True,True,before_or_at,0.2857142857142857,complete_fixed_behavior_discounted_return_not_vpi,99.63275207083052,84.79145350988725,0.5044610512791845,-14.841298560943272,14.841298560943272,220.26414297505684,14.841298560943272,"[0.029888,0.0,0.001131,0.109679,0.859302]",0.859302,0.749623,4,4,4,4,False,False
candidate_popart_critic_target,sa_ghmappo,17,24,dev_00_state_05,b439a8ded6b7704f73b9af3aad6b5a11f4e642b89173768c49bca3fb2b8e11e1,dev_00,2,False,False,True,before_or_at,0.2857142857142857,complete_fixed_behavior_discounted_return_not_vpi,99.63275207083052,70.95277050789555,-0.08135947346875039,-28.67998156293497,28.67998156293497,822.5413424502898,28.67998156293497,"[0.388767,0.190935,0.002511,0.157666,0.260121]",0.260121,-0.12864599999999998,0,0,0,0,False,False
candidate_popart_critic_target,sa_ghmappo,17,24,dev_00_state_06,05d5cb2b4cdc84a07f67d30b6d40026f1ae9404889525cd1fd230abd3ad151ac,dev_00,3,True,True,True,before_or_at,0.42857142857142855,complete_fixed_behavior_discounted_return_not_vpi,99.98305426895568,86.0009045706418,0.555659655580345,-13.98214969831389,13.98214969831389,195.50051018605922,13.98214969831389,"[0.023266,0.0,0.00128,0.142792,0.832662]",0.832662,0.68987,4,4,4,4,False,False
candidate_popart_critic_target,sa_ghmappo,17,24,dev_00_state_07,be44ebe79f69d66fa111d2fd9181f41a47efe8ab066cbd91663de162f21bfdca,dev_00,3,True,True,True,before_or_at,0.42857142857142855,complete_fixed_behavior_discounted_return_not_vpi,99.98305426895568,85.9096045622957,0.5517947344176086,-14.073449706659986,14.073449706659986,198.06198664588803,14.073449706659986,"[0.025433,0.0,0.001334,0.148186,0.825046]",0.825046,0.6768599999999999,4,4,4,4,False,False
candidate_popart_critic_target,sa_ghmappo,17,24,dev_00_state_08,54b81637eaa22690c2f9140cabc601d934d118af96613f57981add5ac63c1553,dev_00,3,True,True,True,before_or_at,0.2857142857142857,complete_fixed_behavior_discounted_return_not_vpi,99.63275207083052,85.88410483925045,0.550715277569501,-13.748647231580065,13.748647231580065,189.0253006984342,13.748647231580065,"[0.025495,0.0,0.001331,0.147735,0.825439]",0.825439,0.6777040000000001,4,4,4,4,False,False
candidate_popart_critic_target,sa_ghmappo,17,24,dev_00_state_09,4c5424ef8068127f88abfde3c8019231c91f8960d17e43927afbffc74d0ef8a3,dev_00,3,False,True,True,before_or_at,0.42857142857142855,complete_fixed_behavior_discounted_return_not_vpi,99.98305426895568,78.64425096152148,0.24423705293359088,-21.338803307434205,21.338803307434205,455.34452659336495,21.338803307434205,"[0.201704,0.0,0.002865,0.210949,0.584482]",0.584482,0.37353299999999995,4,4,4,4,False,False
candidate_popart_critic_target,sa_ghmappo,17,24,dev_00_state_10,56cb3633f940a0aa4754de669549dee3763dc62aa8d33e8feb481d858f69cc45,dev_00,3,False,True,True,before_or_at,0.42857142857142855,complete_fixed_behavior_discounted_return_not_vpi,99.98305426895568,77.9086794720511,0.21309876644425252,-22.07437479690458,22.07437479690458,487.27802267421606,22.07437479690458,"[0.207859,0.0,0.002872,0.209846,0.579423]",0.579423,0.36957700000000004,4,4,4,4,False,False
candidate_popart_critic_target,sa_ghmappo,17,24,dev_00_state_11,616869b075de6c2da36a5545c9128137f476e5cb4f0ae4851e0c1b46d0deef42,dev_00,3,False,True,True,before_or_at,0.2857142857142857,complete_fixed_behavior_discounted_return_not_vpi,99.63275207083052,77.28764907531473,0.18680924504628704,-22.345102995515788,22.345102995515788,499.30362788020864,22.345102995515788,"[0.20895,0.0,0.002851,0.207888,0.580311]",0.580311,0.37136100000000005,4,4,4,4,False,False
candidate_popart_critic_target,sa_ghmappo,17,24,dev_00_state_12,50772a9d479dd040bdfcd26f5a4e632848da15cc67dcf85fb3ae790c04749004,dev_00,4,True,True,True,before_or_at,0.5714285714285714,complete_fixed_behavior_discounted_return_not_vpi,100.22152414584981,86.38625024218699,0.5719721474180051,-13.835273903662824,13.835273903662824,191.41480398937355,13.835273903662824,"[0.010755,0.0,0.00085,0.097634,0.890761]",0.890761,0.793127,4,4,4,4,False,False
candidate_popart_critic_target,sa_ghmappo,17,24,dev_01_state_01,a4bbd832c514e8ecb281380734580807ec9ec04ce04b6be662dd729667c979e5,dev_01,0,True,False,True,before_or_at,0.0,complete_fixed_behavior_discounted_return_not_vpi,75.65614047157035,80.22758220331119,0.3112627907716172,4.571441731740833,4.571441731740833,20.89807950670163,-4.571441731740833,"[0.359751,0.165893,0.002741,0.255584,0.216032]",0.216032,-0.14371899999999999,0,0,0,0,False,False
candidate_popart_critic_target,sa_ghmappo,17,24,dev_01_state_02,63fee8a32f4b1c8d4d78562135b7b123d9efca8ef1fd10c52757463ac3a4c28b,dev_01,1,True,False,True,before_or_at,0.125,complete_fixed_behavior_discounted_return_not_vpi,99.13967366563787,79.96529790289712,0.3001597453098781,-19.174375762740752,19.174375762740752,367.65668589078,19.174375762740752,"[0.375421,0.170667,0.002623,0.240732,0.210557]",0.210557,-0.164864,0,0,0,0,False,False
candidate_popart_critic_target,sa_ghmappo,17,24,dev_01_state_03,c559429297df4987fbb22dd07eedba631d6c671c0ff9130cbe932ee596739c54,dev_01,1,True,True,True,before_or_at,0.125,complete_fixed_behavior_discounted_return_not_vpi,99.13967366563787,83.90808388991138,0.4670661594208938,-15.23158977572649,15.23158977572649,232.00132709601576,15.23158977572649,"[0.077255,0.0,0.002053,0.211666,0.709027]",0.709027,0.49736099999999994,4,4,4,4,False,False
candidate_popart_critic_target,sa_ghmappo,17,24,dev_01_state_04,7358d67bd36c9a85cc6e8138adeb39b8726469ca30f20c1f0942cc3f76de4651,dev_01,2,True,False,True,before_or_at,0.25,complete_fixed_behavior_discounted_return_not_vpi,99.35350480891441,80.27526329520614,0.31328123156330534,-19.078241513708264,19.078241513708264,363.97929925538136,19.078241513708264,"[0.374908,0.170826,0.002654,0.240048,0.211565]",0.211565,-0.16334300000000002,0,0,0,0,False,False
candidate_popart_critic_target,sa_ghmappo,17,24,dev_01_state_05,0763b046fa0b532b554b052e7a0878b9d194acdb61a7240efa1f797b157b13db,dev_01,2,True,True,True,before_or_at,0.25,complete_fixed_behavior_discounted_return_not_vpi,99.35350480891441,83.92182936206038,0.46764803413441003,-15.43167544685403,15.43167544685403,238.1366070970375,15.43167544685403,"[0.076549,0.0,0.002039,0.208954,0.712458]",0.712458,0.5035040000000001,4,4,4,4,False,False
candidate_popart_critic_target,sa_ghmappo,17,24,dev_01_state_06,fd2e5861fe027bcb3635018576d2d5ce1b9b63d2b09ed94737c380749ee87049,dev_01,3,False,True,True,before_or_at,0.375,complete_fixed_behavior_discounted_return_not_vpi,99.53944465087416,85.43324762596362,0.5316295445386863,-14.106197024910543,14.106197024910543,198.98479450559506,14.106197024910543,"[0.018608,0.0,0.000921,0.093339,0.887131]",0.887131,0.793792,4,4,4,4,False,False
candidate_popart_critic_target,sa_ghmappo,17,24,dev_01_state_07,183ebb194b29cf885e5c212fd6e18171c5539439db50572f3120f6c0133c5049,dev_01,3,False,True,True,before_or_at,0.375,complete_fixed_behavior_discounted_return_not_vpi,99.53944465087416,86.35844091031635,0.5707949199761302,-13.181003740557813,13.181003740557813,173.73885960859906,13.181003740557813,"[0.008663,0.0,0.000664,0.070468,0.920205]",0.920205,0.8497370000000001,4,4,4,4,False,False
candidate_popart_critic_target,sa_ghmappo,17,24,dev_01_state_08,d2bf64fb9b88e145885e5ed0f74f9f639967dd914d669e6f6d9e93f684a95a73,dev_01,4,True,True,True,before_or_at,0.5,complete_fixed_behavior_discounted_return_not_vpi,99.72721960667732,86.16618763060465,0.5626564347467911,-13.56103197607267,13.56103197607267,183.90158825606542,13.56103197607267,"[0.019961,0.0,0.001197,0.135388,0.843454]",0.843454,0.7080660000000001,4,4,4,4,False,False
candidate_popart_critic_target,sa_ghmappo,17,24,dev_01_state_09,13fb32efb5dd998abdd32f46158b290acced91d28620d9d15377f2694497b912,dev_01,4,True,True,True,before_or_at,0.5,complete_fixed_behavior_discounted_return_not_vpi,99.72721960667732,86.09557981575283,0.5596674576062752,-13.631639790924496,13.631639790924496,185.821603389516,13.631639790924496,"[0.021693,0.0,0.001246,0.14043,0.83663]",0.83663,0.6961999999999999,4,4,4,4,False,False
candidate_popart_critic_target,sa_ghmappo,17,24,dev_01_state_10,501e02f271270613a795072dd11d6876f63160ede7c17cfbe7ee893e5b1aa82c,dev_01,4,True,True,True,before_or_at,0.375,complete_fixed_behavior_discounted_return_not_vpi,99.53944465087416,86.1816151608702,0.5633095145141667,-13.357829490003965,13.357829490003965,178.43160868401958,13.357829490003965,"[0.017838,0.0,0.001121,0.12758,0.853461]",0.853461,0.725881,4,4,4,4,False,False
candidate_popart_critic_target,sa_ghmappo,17,24,dev_01_state_11,e0c6c2402de2864424b773d58c1fc72a6bc09419a54d0cbe2f5f07d795a22db3,dev_01,4,True,True,True,before_or_at,0.5,complete_fixed_behavior_discounted_return_not_vpi,99.72721960667732,86.625085796393,0.58208255818999,-13.102133810284329,13.102133810284329,171.66591038259574,13.102133810284329,"[0.008758,0.0,0.000759,0.088063,0.90242]",0.90242,0.814357,4,4,4,4,False,False
candidate_popart_critic_target,sa_ghmappo,17,24,dev_01_state_12,87eae5e2295dff0be0c0317d62480330e70116056ccb6207b9f0f698ac011e38,dev_01,4,True,True,True,before_or_at,0.5,complete_fixed_behavior_discounted_return_not_vpi,99.72721960667732,86.60348737912614,0.5811682518116177,-13.123732227551187,13.123732227551187,172.23234758046564,13.123732227551187,"[0.009208,0.0,0.000782,0.09049,0.89952]",0.89952,0.80903,4,4,4,4,False,False
candidate_popart_critic_target,sa_ghmappo,17,24,dev_02_state_01,aacd1cc47660f831ce532b266ce3478bb22e2c78d466e47472c937aafefcacfb,dev_02,0,True,False,True,before_or_at,0.0,complete_fixed_behavior_discounted_return_not_vpi,75.58016750117106,78.80918209393968,0.2512189342677176,3.229014592768621,3.229014592768621,10.426535240312704,-3.229014592768621,"[0.420959,0.172241,0.002633,0.235339,0.168827]",0.168827,-0.252132,0,0,0,0,False,False
candidate_popart_critic_target,sa_ghmappo,17,24,dev_02_state_02,65837e8c4e1042b18b8987e46d37b1081f660135fc906dde8659dd34bcb25e18,dev_02,1,True,False,True,before_or_at,0.2,complete_fixed_behavior_discounted_return_not_vpi,75.81651346531233,81.83037106009624,0.3791122103303155,6.013857594783914,6.013857594783914,36.166483170340165,-6.013857594783914,"[0.319736,0.166386,0.002364,0.192575,0.318938]",0.318938,-0.0007980000000000209,0,0,0,0,False,False
candidate_popart_critic_target,sa_ghmappo,17,24,dev_02_state_03,788bd1c71ab6c0f94f77fdf24a1874af9e74d3c3e59586a4d8fd42a2d4a722a2,dev_02,1,True,True,True,before_or_at,0.2,complete_fixed_behavior_discounted_return_not_vpi,75.57148846531233,74.52474548790089,0.06984973168986608,-1.0467429774114407,1.0467429774114407,1.095670860760168,1.0467429774114407,"[0.069706,0.0,0.001293,0.114099,0.814902]",0.814902,0.7008030000000001,4,4,4,4,False,False
candidate_popart_critic_target,sa_ghmappo,17,24,dev_02_state_04,73424c66a5e9ad4241b9fb8e38cb02b30333c2e9611126a6c2f2661d805079c5,dev_02,2,True,True,True,before_or_at,0.4,complete_fixed_behavior_discounted_return_not_vpi,75.76470591996298,86.02162541217938,0.5565368123344245,10.256919492216397,10.256919492216397,105.20439746980868,-10.256919492216397,"[0.024105,0.0,0.00131,0.147345,0.82724]",0.82724,0.6798949999999999,4,4,4,4,False,False
candidate_popart_critic_target,sa_ghmappo,17,24,dev_02_state_05,07a0c6f5a831ee8a70a2e4f82ae69cc5df3eb3540cdda40dc84dfab435b8d8ac,dev_02,2,False,True,True,before_or_at,0.4,complete_fixed_behavior_discounted_return_not_vpi,75.76470591996298,78.3529149502898,0.23190418751907504,2.588209030326823,2.588209030326823,6.698825984665312,-2.588209030326823,"[0.216188,0.0,0.00283,0.207058,0.573924]",0.573924,0.357736,4,4,4,4,False,False
candidate_popart_critic_target,sa_ghmappo,17,24,dev_02_state_06,cd47e258d721757c11ea4050f051bb017e502287edeba848b9bb4aed7aa04c14,dev_02,3,True,True,True,before_or_at,0.6,complete_fixed_behavior_discounted_return_not_vpi,75.75848028252462,86.28605066173006,0.5677304886709731,10.527570379205443,10.527570379205443,110.82973808912384,-10.527570379205443,"[0.007429,0.0,0.000592,0.06655,0.925429]",0.925429,0.858879,4,4,4,4,False,False
candidate_popart_critic_target,sa_ghmappo,17,24,dev_02_state_07,446e55a68c01f9b6b3d75b3584e53818ff209784976039bdb016348e222bb7bc,dev_02,3,False,True,True,before_or_at,0.6,complete_fixed_behavior_discounted_return_not_vpi,75.75848028252462,85.52046900738645,0.5353218088550964,9.761988724861837,9.761988724861837,95.29642386432963,-9.761988724861837,"[0.018325,0.0,0.000946,0.094568,0.886162]",0.886162,0.791594,4,4,4,4,False,False
candidate_popart_critic_target,sa_ghmappo,17,24,dev_02_state_08,da66deba85e976a12ee91266832b3fe4996e44cc0333ff92fe0fb0072b304773,dev_02,3,False,True,True,before_or_at,0.4,complete_fixed_behavior_discounted_return_not_vpi,75.76470591996298,84.80108248608909,0.5048686660710349,9.036376566126108,9.036376566126108,81.65610144483308,-9.036376566126108,"[0.028305,0.0,0.001096,0.105827,0.864772]",0.864772,0.758945,4,4,4,4,False,False
candidate_popart_critic_target,sa_ghmappo,17,24,dev_02_state_09,9b17e313c9c022b073c532cab790a8e4bbbfb88e37c386bc4de0316793e72b69,dev_02,4,True,False,True,before_or_at,0.8,complete_fixed_behavior_discounted_return_not_vpi,100.75270180026362,86.46061062745629,0.5751199787479555,-14.292091172807332,14.292091172807332,204.26387009183725,14.292091172807332,"[0.052182,0.043933,0.003153,0.328215,0.572518]",0.572518,0.244303,4,4,4,4,False,False
candidate_popart_critic_target,sa_ghmappo,17,24,dev_02_state_10,e6a58b6c7a7e16fa45b8c640dbd4b125a27da61dec2113082cdfa830027b3bfb,dev_02,4,True,False,True,before_or_at,0.8,complete_fixed_behavior_discounted_return_not_vpi,75.75270180026362,86.4159137225281,0.5732278648599598,10.66321192226448,10.66321192226448,113.70408849912336,-10.66321192226448,"[0.056278,0.046357,0.003271,0.33808,0.556013]",0.556013,0.217933,4,4,4,4,False,False
candidate_popart_critic_target,sa_ghmappo,17,24,dev_02_state_11,5fbcd355ad6ef625fe912c4a3485f5db6bcdb20e7b2dcdd955d3fe332063d473,dev_02,4,True,False,True,before_or_at,0.6,complete_fixed_behavior_discounted_return_not_vpi,75.75848028252462,85.59439758190031,0.5384513607285903,9.835917299375694,9.835917299375694,96.74526912015806,-9.835917299375694,"[0.163381,0.095598,0.003852,0.414751,0.322418]",0.322418,-0.092333,3,3,3,3,False,False
candidate_popart_critic_target,sa_ghmappo,17,24,dev_02_state_12,fdd3f8ff3f38604c74d277ed795fde0f3d9fa09eb963e4d8820de9b76534d356,dev_02,4,True,False,True,after,0.6,complete_fixed_behavior_discounted_return_not_vpi,100.50848028252462,85.74915047167136,0.5450023756682985,-14.75932981085326,14.75932981085326,217.83781646554172,14.75932981085326,"[0.149922,0.090535,0.003847,0.417262,0.338434]",0.338434,-0.07882800000000001,3,3,3,3,False,False
candidate_popart_critic_target,sa_ghmappo,17,24,dev_03_state_01,62750fc5f603af0e58fc56236599571502c69cfa558f3283ab10e1bc858471ae,dev_03,0,True,False,True,before_or_at,0.0,complete_fixed_behavior_discounted_return_not_vpi,75.32227037485364,79.94653003511405,0.2993652620377709,4.624259660260407,4.624259660260407,21.38377740551169,-4.624259660260407,"[0.362546,0.158321,0.002994,0.281635,0.194505]",0.194505,-0.16804099999999997,0,0,0,0,False,False
candidate_popart_critic_target,sa_ghmappo,17,24,dev_03_state_02,49dc0c665e7c8d1673bc0818a98dec317568afa99b48ce13b276daf91fdf1003,dev_03,1,True,False,True,before_or_at,0.1,complete_fixed_behavior_discounted_return_not_vpi,75.2654274086768,81.94192603106048,0.38383456661372106,6.676498622383676,6.676498622383676,44.57563385469112,-6.676498622383676,"[0.331228,0.169799,0.002393,0.193762,0.302817]",0.302817,-0.02841100000000002,0,0,0,0,False,False
candidate_popart_critic_target,sa_ghmappo,17,24,dev_03_state_03,5c249417d557afb821d09652c2ced9028d3dd95a2292007d63fec0a2af97227d,dev_03,1,True,True,True,before_or_at,0.1,complete_fixed_behavior_discounted_return_not_vpi,75.2654274086768,86.1767167659229,0.5631021551651569,10.911289357246105,10.911289357246105,119.05623543755212,-10.911289357246105,"[0.010529,0.0,0.000704,0.077261,0.911506]",0.911506,0.834245,4,4,4,4,False,False
candidate_popart_critic_target,sa_ghmappo,17,24,dev_03_state_04,f5f32654c6274248e0d209cab36df9f70fd51f283f1cd0807581b37e93a74a25,dev_03,2,False,False,True,before_or_at,0.2,complete_fixed_behavior_discounted_return_not_vpi,75.46738204163074,83.84916093871162,0.4645718271071484,8.381778897080878,8.381778897080878,70.25421747955033,-8.381778897080878,"[0.42771,0.16857,0.002897,0.234298,0.166525]",0.166525,-0.261185,0,0,0,0,False,False
candidate_popart_critic_target,sa_ghmappo,17,24,dev_03_state_05,6cc42ee25dea2b20e7ddf5c4193dae1de54521b21ce67836be05490494a0b931,dev_03,2,True,False,True,before_or_at,0.2,complete_fixed_behavior_discounted_return_not_vpi,75.22963452915576,86.3791221009131,0.571670398222583,11.149487571757334,11.149487571757334,124.31107311277124,-11.149487571757334,"[0.092811,0.065447,0.003491,0.392768,0.445483]",0.445483,0.05271500000000001,4,3,3,3,False,False
candidate_popart_critic_target,sa_ghmappo,17,24,dev_03_state_06,1217155fad78690dd6f9e30d323674dca8a13a10b95a50b6354593aed403e43d,dev_03,3,True,True,True,before_or_at,0.3,complete_fixed_behavior_discounted_return_not_vpi,75.17185584736579,86.49386460807699,0.576527689609919,11.3220087607112,11.3220087607112,128.18788237762115,-11.3220087607112,"[0.00563,0.0,0.000507,0.057764,0.936098]",0.936098,0.878334,4,4,4,4,False,False
candidate_popart_critic_target,sa_ghmappo,17,24,dev_03_state_07,c9b593dfc8699de434ab870b13435c9305897d412b8dedc394c04fd20511d413,dev_03,3,False,True,True,before_or_at,0.2,complete_fixed_behavior_discounted_return_not_vpi,75.22963452915576,86.3500094941574,0.5704380004168135,11.120374965001645,11.120374965001645,123.66273936223533,-11.120374965001645,"[0.011819,0.0,0.000761,0.081776,0.905644]",0.905644,0.823868,4,4,4,4,False,False
candidate_popart_critic_target,sa_ghmappo,17,24,dev_03_state_08,6b17f75e0e3f5de80f49678d788da5519dddc9cc9bd584c0ee650b8d7219e7b6,dev_03,3,True,True,True,before_or_at,0.3,complete_fixed_behavior_discounted_return_not_vpi,75.4120048498658,86.32380783984325,0.5693288293434264,10.91180298997746,10.91180298997746,119.06744449208104,-10.91180298997746,"[0.007309,0.0,0.000584,0.065741,0.926366]",0.926366,0.860625,4,4,4,4,False,False
candidate_popart_critic_target,sa_ghmappo,17,24,dev_03_state_09,0ccde0ef6c389b7341f4f1ea7beb149b259aad13dd1630dab7db376142e1073a,dev_03,3,False,False,True,before_or_at,0.2,complete_fixed_behavior_discounted_return_not_vpi,75.46738204163074,83.46286360604304,0.4482190494548197,7.995481564412302,7.995481564412302,63.92772544685699,-7.995481564412302,"[0.354688,0.1736,0.002551,0.186985,0.282177]",0.282177,-0.07251099999999999,0,0,0,0,False,False
candidate_popart_critic_target,sa_ghmappo,17,24,dev_03_state_10,ebe2739e96e527d82f495d7e680acc3138491d2e16ff51c3923b53550c15ae25,dev_03,3,True,True,True,before_or_at,0.3,complete_fixed_behavior_discounted_return_not_vpi,74.92928109736579,86.68548638667627,0.5846394420704684,11.756205289310486,11.756205289310486,138.20836280441185,-11.756205289310486,"[0.00416,0.0,0.000432,0.049811,0.945597]",0.945597,0.895786,4,4,4,4,False,False
candidate_popart_critic_target,sa_ghmappo,17,24,dev_03_state_11,6f4069e08051d555eb68fe1fc24e55e73bd96f49eec834dcd284e6fcc78d573c,dev_03,4,True,False,True,before_or_at,0.4,complete_fixed_behavior_discounted_return_not_vpi,75.39606346424462,85.89317031514253,0.5510990382093981,10.497106850897907,10.497106850897907,110.18925223916779,-10.497106850897907,"[0.114831,0.076554,0.003754,0.411965,0.392896]",0.392896,-0.019069000000000003,3,3,3,3,False,False
candidate_popart_critic_target,sa_ghmappo,17,24,dev_03_state_12,3280b55b15e26af81785ba01c8673bf4d36b50b213800bb4ae9d9639e7519111,dev_03,4,True,False,True,before_or_at,0.3,complete_fixed_behavior_discounted_return_not_vpi,74.92928109736579,86.35759515393285,0.5707591173315927,11.42831405656706,11.42831405656706,130.60636217552826,-11.42831405656706,"[0.072511,0.055355,0.00331,0.371467,0.497357]",0.497357,0.12589,4,3,3,3,False,False
candidate_popart_critic_target,sa_ghmappo,29,18,dev_00_state_01,2cb31cda5fedadef13eb6ef29f9fb864a9636c64a8a0b599c358ab8e79aa2f2e,dev_00,0,True,False,True,before_or_at,0.0,complete_fixed_behavior_discounted_return_not_vpi,99.16542974483956,63.90342931232779,-0.2722002221694195,-35.26200043251177,35.26200043251177,1243.4086745024601,35.26200043251177,"[0.307105,0.051712,0.064308,0.240016,0.336858]",0.336858,0.029752999999999974,4,0,0,0,False,False
candidate_popart_critic_target,sa_ghmappo,29,18,dev_00_state_02,4fe79a7d2f5b835a26cde6caefb444f6301c270d44971bde40489a612dd2b391,dev_00,1,True,False,True,before_or_at,0.14285714285714285,complete_fixed_behavior_discounted_return_not_vpi,99.43405463063405,63.90183639783184,-0.27227686570370135,-35.53221823280221,35.53221823280221,1262.5385325434818,35.53221823280221,"[0.30299,0.051583,0.063742,0.235356,0.346329]",0.346329,0.043339000000000016,4,0,0,0,False,False
candidate_popart_critic_target,sa_ghmappo,29,18,dev_00_state_03,c47e6b288039285428aafce3d49684ca2d11b023896665b0b3daac8a9dcaa176,dev_00,1,True,True,True,before_or_at,0.14285714285714285,complete_fixed_behavior_discounted_return_not_vpi,99.43405463063405,63.90090022587095,-0.27232190988401417,-35.5331544047631,35.5331544047631,1262.6050619527355,35.5331544047631,"[0.249086,0.0,0.05592,0.196588,0.498407]",0.498407,0.249321,4,3,3,3,False,False
candidate_popart_critic_target,sa_ghmappo,29,18,dev_00_state_04,db2399dc4a1846b64b81f411e0237050b1ffd324fd9a4bd78478baf6f2a1e9df,dev_00,2,False,True,True,before_or_at,0.2857142857142857,complete_fixed_behavior_discounted_return_not_vpi,99.63275207083052,63.88994082615832,-0.2728492245199967,-35.7428112446722,35.7428112446722,1277.5485556722651,35.7428112446722,"[0.232611,0.0,0.053674,0.178148,0.535567]",0.535567,0.302956,4,4,4,4,False,False
candidate_popart_critic_target,sa_ghmappo,29,18,dev_00_state_05,b439a8ded6b7704f73b9af3aad6b5a11f4e642b89173768c49bca3fb2b8e11e1,dev_00,2,False,False,True,before_or_at,0.2857142857142857,complete_fixed_behavior_discounted_return_not_vpi,99.63275207083052,63.89740785448229,-0.2724899463272332,-35.73534421634823,35.73534421634823,1277.014826260893,35.73534421634823,"[0.306142,0.053797,0.069403,0.226232,0.344426]",0.344426,0.038283999999999985,4,0,0,0,False,False
candidate_popart_critic_target,sa_ghmappo,29,18,dev_00_state_06,05d5cb2b4cdc84a07f67d30b6d40026f1ae9404889525cd1fd230abd3ad151ac,dev_00,3,True,True,True,before_or_at,0.42857142857142855,complete_fixed_behavior_discounted_return_not_vpi,99.98305426895568,63.88766808334818,-0.27295857818708047,-36.0953861856075,36.0953861856075,1302.8769038881449,36.0953861856075,"[0.217333,0.0,0.051652,0.167083,0.563932]",0.563932,0.346599,4,4,4,4,False,False
candidate_popart_critic_target,sa_ghmappo,29,18,dev_00_state_07,be44ebe79f69d66fa111d2fd9181f41a47efe8ab066cbd91663de162f21bfdca,dev_00,3,True,True,True,before_or_at,0.42857142857142855,complete_fixed_behavior_discounted_return_not_vpi,99.98305426895568,63.88703373211479,-0.272989100177198,-36.096020536840896,36.096020536840896,1302.9226985960397,36.096020536840896,"[0.217992,0.0,0.051761,0.167683,0.562563]",0.562563,0.34457100000000007,4,4,4,4,False,False
candidate_popart_critic_target,sa_ghmappo,29,18,dev_00_state_08,54b81637eaa22690c2f9140cabc601d934d118af96613f57981add5ac63c1553,dev_00,3,True,True,True,before_or_at,0.2857142857142857,complete_fixed_behavior_discounted_return_not_vpi,99.63275207083052,63.8866115076212,-0.27300941562886294,-35.74614056320932,35.74614056320932,1277.786565164719,35.74614056320932,"[0.217472,0.0,0.051727,0.167396,0.563405]",0.563405,0.34593300000000005,4,4,4,4,False,False
candidate_popart_critic_target,sa_ghmappo,29,18,dev_00_state_09,4c5424ef8068127f88abfde3c8019231c91f8960d17e43927afbffc74d0ef8a3,dev_00,3,False,True,True,before_or_at,0.42857142857142855,complete_fixed_behavior_discounted_return_not_vpi,99.98305426895568,63.8957094988993,-0.2725716631894244,-36.08734477005638,36.08734477005638,1302.2964525529158,36.08734477005638,"[0.24218,0.0,0.055046,0.18541,0.517364]",0.517364,0.27518400000000004,4,0,0,0,False,False
candidate_popart_critic_target,sa_ghmappo,29,18,dev_00_state_10,56cb3633f940a0aa4754de669549dee3763dc62aa8d33e8feb481d858f69cc45,dev_00,3,False,True,True,before_or_at,0.42857142857142855,complete_fixed_behavior_discounted_return_not_vpi,99.98305426895568,63.895187498423134,-0.2725967793908852,-36.08786677053255,36.08786677053255,1302.3341280477075,36.08786677053255,"[0.24294,0.0,0.055177,0.186098,0.515784]",0.515784,0.27284400000000003,4,0,0,0,False,False
candidate_popart_critic_target,sa_ghmappo,29,18,dev_00_state_11,616869b075de6c2da36a5545c9128137f476e5cb4f0ae4851e0c1b46d0deef42,dev_00,3,False,True,True,before_or_at,0.2857142857142857,complete_fixed_behavior_discounted_return_not_vpi,99.63275207083052,63.895078736900125,-0.2726020124825159,-35.737673333930395,35.737673333930395,1277.1812953227197,35.737673333930395,"[0.242136,0.0,0.055046,0.18571,0.517108]",0.517108,0.274972,4,0,0,0,False,False
candidate_popart_critic_target,sa_ghmappo,29,18,dev_00_state_12,50772a9d479dd040bdfcd26f5a4e632848da15cc67dcf85fb3ae790c04749004,dev_00,4,True,True,True,before_or_at,0.5714285714285714,complete_fixed_behavior_discounted_return_not_vpi,100.22152414584981,63.88590627505107,-0.27304334809466857,-36.33561787079874,36.33561787079874,1320.277126052709,36.33561787079874,"[0.215896,0.0,0.050962,0.165861,0.567281]",0.567281,0.35138500000000006,4,4,4,4,False,False
candidate_popart_critic_target,sa_ghmappo,29,18,dev_01_state_01,a4bbd832c514e8ecb281380734580807ec9ec04ce04b6be662dd729667c979e5,dev_01,0,True,False,True,before_or_at,0.0,complete_fixed_behavior_discounted_return_not_vpi,75.65614047157035,63.9027712475817,-0.27223188514194874,-11.753369223988656,11.753369223988656,138.1416881154037,11.753369223988656,"[0.300769,0.052092,0.063603,0.23439,0.349147]",0.349147,0.04837799999999998,4,0,0,0,False,False
candidate_popart_critic_target,sa_ghmappo,29,18,dev_01_state_02,63fee8a32f4b1c8d4d78562135b7b123d9efca8ef1fd10c52757463ac3a4c28b,dev_01,1,True,False,True,before_or_at,0.125,complete_fixed_behavior_discounted_return_not_vpi,99.13967366563787,63.90129309773017,-0.272303006742705,-35.238380567907704,35.238380567907704,1241.7434650486953,35.238380567907704,"[0.299321,0.052301,0.06394,0.231303,0.353134]",0.353134,0.053813,4,0,0,0,False,False
candidate_popart_critic_target,sa_ghmappo,29,18,dev_01_state_03,c559429297df4987fbb22dd07eedba631d6c671c0ff9130cbe932ee596739c54,dev_01,1,True,True,True,before_or_at,0.125,complete_fixed_behavior_discounted_return_not_vpi,99.13967366563787,63.89954146416372,-0.27238728709023174,-35.240132201474154,35.240132201474154,1241.8669175773755,35.240132201474154,"[0.24131,0.0,0.053988,0.190129,0.514572]",0.514572,0.273262,4,3,3,3,False,False
candidate_popart_critic_target,sa_ghmappo,29,18,dev_01_state_04,7358d67bd36c9a85cc6e8138adeb39b8726469ca30f20c1f0942cc3f76de4651,dev_01,2,True,False,True,before_or_at,0.25,complete_fixed_behavior_discounted_return_not_vpi,99.35350480891441,63.90104624453277,-0.27231488415454663,-35.45245856438164,35.45245856438164,1256.8768182591969,35.45245856438164,"[0.29705,0.05217,0.06335,0.229473,0.357957]",0.357957,0.060907000000000044,4,0,0,0,False,False
candidate_popart_critic_target,sa_ghmappo,29,18,dev_01_state_05,0763b046fa0b532b554b052e7a0878b9d194acdb61a7240efa1f797b157b13db,dev_01,2,True,True,True,before_or_at,0.25,complete_fixed_behavior_discounted_return_not_vpi,99.35350480891441,63.89895645731861,-0.27241543486106456,-35.4545483515958,35.4545483515958,1257.0249988156443,35.4545483515958,"[0.238793,0.0,0.053529,0.187943,0.519734]",0.519734,0.280941,4,3,3,3,False,False
candidate_popart_critic_target,sa_ghmappo,29,18,dev_01_state_06,fd2e5861fe027bcb3635018576d2d5ce1b9b63d2b09ed94737c380749ee87049,dev_01,3,False,True,True,before_or_at,0.375,complete_fixed_behavior_discounted_return_not_vpi,99.53944465087416,63.88829479037844,-0.2729284239999723,-35.65114986049572,35.65114986049572,1271.004486375524,35.65114986049572,"[0.222592,0.0,0.051394,0.170904,0.55511]",0.55511,0.332518,4,4,4,4,False,False
candidate_popart_critic_target,sa_ghmappo,29,18,dev_01_state_07,183ebb194b29cf885e5c212fd6e18171c5539439db50572f3120f6c0133c5049,dev_01,3,False,True,True,before_or_at,0.375,complete_fixed_behavior_discounted_return_not_vpi,99.53944465087416,63.8847576063204,-0.2730986166175313,-35.65468704455376,35.65468704455376,1271.2567082450698,35.65468704455376,"[0.218792,0.0,0.05192,0.166591,0.562697]",0.562697,0.343905,4,4,4,4,False,False
candidate_popart_critic_target,sa_ghmappo,29,18,dev_01_state_08,d2bf64fb9b88e145885e5ed0f74f9f639967dd914d669e6f6d9e93f684a95a73,dev_01,4,True,True,True,before_or_at,0.5,complete_fixed_behavior_discounted_return_not_vpi,99.72721960667732,63.885514391131636,-0.2730622037009738,-35.84170521554569,35.84170521554569,1284.6278327580749,35.84170521554569,"[0.212328,0.0,0.051636,0.161377,0.574659]",0.574659,0.36233100000000007,4,4,4,4,False,False
candidate_popart_critic_target,sa_ghmappo,29,18,dev_01_state_09,13fb32efb5dd998abdd32f46158b290acced91d28620d9d15377f2694497b912,dev_01,4,True,True,True,before_or_at,0.5,complete_fixed_behavior_discounted_return_not_vpi,99.72721960667732,63.88482906262947,-0.27309517847688536,-35.84239054404785,35.84239054404785,1284.676959912051,35.84239054404785,"[0.212997,0.0,0.051747,0.161984,0.573272]",0.573272,0.360275,4,4,4,4,False,False
candidate_popart_critic_target,sa_ghmappo,29,18,dev_01_state_10,501e02f271270613a795072dd11d6876f63160ede7c17cfbe7ee893e5b1aa82c,dev_01,4,True,True,True,before_or_at,0.375,complete_fixed_behavior_discounted_return_not_vpi,99.53944465087416,63.885113014493925,-0.2730815160521205,-35.654331636380235,35.654331636380235,1271.2313644369844,35.654331636380235,"[0.213858,0.0,0.050846,0.163847,0.571449]",0.571449,0.357591,4,4,4,4,False,False
candidate_popart_critic_target,sa_ghmappo,29,18,dev_01_state_11,e0c6c2402de2864424b773d58c1fc72a6bc09419a54d0cbe2f5f07d795a22db3,dev_01,4,True,True,True,before_or_at,0.5,complete_fixed_behavior_discounted_return_not_vpi,99.72721960667732,63.88518759988578,-0.2730779273547661,-35.84203200679154,35.84203200679154,1284.6512583758692,35.84203200679154,"[0.213813,0.0,0.050356,0.163655,0.572176]",0.572176,0.358363,4,4,4,4,False,False
candidate_popart_critic_target,sa_ghmappo,29,18,dev_01_state_12,87eae5e2295dff0be0c0317d62480330e70116056ccb6207b9f0f698ac011e38,dev_01,4,True,True,True,before_or_at,0.5,complete_fixed_behavior_discounted_return_not_vpi,99.72721960667732,63.88448951760002,-0.27311151578260473,-35.84273008907731,35.84273008907731,1284.7013002384476,35.84273008907731,"[0.214439,0.0,0.05046,0.164225,0.570877]",0.570877,0.356438,4,4,4,4,False,False
candidate_popart_critic_target,sa_ghmappo,29,18,dev_02_state_01,aacd1cc47660f831ce532b266ce3478bb22e2c78d466e47472c937aafefcacfb,dev_02,0,True,False,True,before_or_at,0.0,complete_fixed_behavior_discounted_return_not_vpi,75.58016750117106,63.900609981914435,-0.272335875054579,-11.679557519256626,11.679557519256626,136.412063845624,11.679557519256626,"[0.306306,0.054427,0.065235,0.237278,0.336754]",0.336754,0.030447999999999975,4,0,0,0,False,False
candidate_popart_critic_target,sa_ghmappo,29,18,dev_02_state_02,65837e8c4e1042b18b8987e46d37b1081f660135fc906dde8659dd34bcb25e18,dev_02,1,True,False,True,before_or_at,0.2,complete_fixed_behavior_discounted_return_not_vpi,75.81651346531233,63.89390180554572,-0.2726586408695626,-11.92261165976661,11.92261165976661,142.1486687896027,11.92261165976661,"[0.296881,0.055266,0.064155,0.225767,0.357931]",0.357931,0.06104999999999999,4,0,0,0,False,False
candidate_popart_critic_target,sa_ghmappo,29,18,dev_02_state_03,788bd1c71ab6c0f94f77fdf24a1874af9e74d3c3e59586a4d8fd42a2d4a722a2,dev_02,1,True,True,True,before_or_at,0.2,complete_fixed_behavior_discounted_return_not_vpi,75.57148846531233,63.897747024108824,-0.27247362708413236,-11.673741441203504,11.673741441203504,136.27623923607206,11.673741441203504,"[0.240424,0.0,0.055672,0.188569,0.515334]",0.515334,0.27491,4,3,3,3,False,False
candidate_popart_critic_target,sa_ghmappo,29,18,dev_02_state_04,73424c66a5e9ad4241b9fb8e38cb02b30333c2e9611126a6c2f2661d805079c5,dev_02,2,True,True,True,before_or_at,0.4,complete_fixed_behavior_discounted_return_not_vpi,75.76470591996298,63.883987316846905,-0.27313567931475635,-11.880718603116073,11.880718603116073,141.15147452642833,11.880718603116073,"[0.213609,0.0,0.051319,0.163098,0.571973]",0.571973,0.35836399999999996,4,4,4,4,False,False
candidate_popart_critic_target,sa_ghmappo,29,18,dev_02_state_05,07a0c6f5a831ee8a70a2e4f82ae69cc5df3eb3540cdda40dc84dfab435b8d8ac,dev_02,2,False,True,True,before_or_at,0.4,complete_fixed_behavior_discounted_return_not_vpi,75.76470591996298,63.89146679191544,-0.272775802243336,-11.873239128047537,11.873239128047537,140.97380739179903,11.873239128047537,"[0.23421,0.0,0.054057,0.178798,0.532935]",0.532935,0.298725,4,4,4,4,False,False
candidate_popart_critic_target,sa_ghmappo,29,18,dev_02_state_06,cd47e258d721757c11ea4050f051bb017e502287edeba848b9bb4aed7aa04c14,dev_02,3,True,True,True,before_or_at,0.6,complete_fixed_behavior_discounted_return_not_vpi,75.75848028252462,63.880608787863025,-0.27329823819827226,-11.87787149466159,11.87787149466159,141.08383124369436,11.87787149466159,"[0.208151,0.0,0.049411,0.16025,0.582188]",0.582188,0.37403700000000006,4,4,4,4,False,False
candidate_popart_critic_target,sa_ghmappo,29,18,dev_02_state_07,446e55a68c01f9b6b3d75b3584e53818ff209784976039bdb016348e222bb7bc,dev_02,3,False,True,True,before_or_at,0.6,complete_fixed_behavior_discounted_return_not_vpi,75.75848028252462,63.88150994028422,-0.273254878993078,-11.876970342240398,11.876970342240398,141.062424510458,11.876970342240398,"[0.220461,0.0,0.051917,0.167645,0.559977]",0.559977,0.33951599999999993,4,4,4,4,False,False
candidate_popart_critic_target,sa_ghmappo,29,18,dev_02_state_08,da66deba85e976a12ee91266832b3fe4996e44cc0333ff92fe0fb0072b304773,dev_02,3,False,True,True,before_or_at,0.4,complete_fixed_behavior_discounted_return_not_vpi,75.76470591996298,63.88429374401237,-0.2731209354844877,-11.88041217595061,11.88041217595061,141.14419347047553,11.88041217595061,"[0.223223,0.0,0.05235,0.17031,0.554117]",0.554117,0.33089399999999997,4,4,4,4,False,False
candidate_popart_critic_target,sa_ghmappo,29,18,dev_02_state_09,9b17e313c9c022b073c532cab790a8e4bbbfb88e37c386bc4de0316793e72b69,dev_02,4,True,False,True,before_or_at,0.8,complete_fixed_behavior_discounted_return_not_vpi,100.75270180026362,63.891936819376845,-0.27275318673827087,-36.86076498088678,36.86076498088678,1358.715994976169,36.86076498088678,"[0.282189,0.054868,0.074311,0.202869,0.385764]",0.385764,0.10357499999999997,4,0,0,0,False,False
candidate_popart_critic_target,sa_ghmappo,29,18,dev_02_state_10,e6a58b6c7a7e16fa45b8c640dbd4b125a27da61dec2113082cdfa830027b3bfb,dev_02,4,True,False,True,before_or_at,0.8,complete_fixed_behavior_discounted_return_not_vpi,75.75270180026362,63.890240624702216,-0.27283479962774093,-11.862461175561407,11.862461175561407,140.71798514170172,11.862461175561407,"[0.282598,0.055014,0.074416,0.203184,0.384787]",0.384787,0.10218899999999997,4,0,0,0,False,False
candidate_popart_critic_target,sa_ghmappo,29,18,dev_02_state_11,5fbcd355ad6ef625fe912c4a3485f5db6bcdb20e7b2dcdd955d3fe332063d473,dev_02,4,True,False,True,before_or_at,0.6,complete_fixed_behavior_discounted_return_not_vpi,75.75848028252462,63.88418674930367,-0.27312608356534485,-11.874293533220943,11.874293533220943,140.9988469130927,11.874293533220943,"[0.278433,0.056134,0.063841,0.206559,0.395032]",0.395032,0.11659900000000001,4,0,0,0,False,False
candidate_popart_critic_target,sa_ghmappo,29,18,dev_02_state_12,fdd3f8ff3f38604c74d277ed795fde0f3d9fa09eb963e4d8820de9b76534d356,dev_02,4,True,False,True,after,0.6,complete_fixed_behavior_discounted_return_not_vpi,100.50848028252462,63.88623714727848,-0.27302742808328784,-36.62224313524614,36.62224313524614,1341.1886922570827,36.62224313524614,"[0.27801,0.055971,0.063748,0.206239,0.396032]",0.396032,0.11802200000000002,4,0,0,0,False,False
candidate_popart_critic_target,sa_ghmappo,29,18,dev_03_state_01,62750fc5f603af0e58fc56236599571502c69cfa558f3283ab10e1bc858471ae,dev_03,0,True,False,True,before_or_at,0.0,complete_fixed_behavior_discounted_return_not_vpi,75.32227037485364,63.899552619128215,-0.2723867503659405,-11.42271775572543,11.42271775572543,130.47848092696498,11.42271775572543,"[0.316366,0.055962,0.066221,0.244496,0.316955]",0.316955,0.0005890000000000062,4,0,0,0,False,False
candidate_popart_critic_target,sa_ghmappo,29,18,dev_03_state_02,49dc0c665e7c8d1673bc0818a98dec317568afa99b48ce13b276daf91fdf1003,dev_03,1,True,False,True,before_or_at,0.1,complete_fixed_behavior_discounted_return_not_vpi,75.2654274086768,63.89484405025951,-0.2726133044970158,-11.370583358417292,11.370583358417292,129.29016591071627,11.370583358417292,"[0.312779,0.056649,0.067218,0.237789,0.325564]",0.325564,0.012785000000000046,4,0,0,0,False,False
candidate_popart_critic_target,sa_ghmappo,29,18,dev_03_state_03,5c249417d557afb821d09652c2ced9028d3dd95a2292007d63fec0a2af97227d,dev_03,1,True,True,True,before_or_at,0.1,complete_fixed_behavior_discounted_return_not_vpi,75.2654274086768,63.89277609695782,-0.2727128046586218,-11.372651311718982,11.372651311718982,129.3371978579435,11.372651311718982,"[0.234657,0.0,0.053985,0.18488,0.526477]",0.526477,0.29181999999999997,4,4,4,4,False,False
candidate_popart_critic_target,sa_ghmappo,29,18,dev_03_state_04,f5f32654c6274248e0d209cab36df9f70fd51f283f1cd0807581b37e93a74a25,dev_03,2,False,False,True,before_or_at,0.2,complete_fixed_behavior_discounted_return_not_vpi,75.46738204163074,63.88605531062674,-0.2730361772055332,-11.581326731004005,11.581326731004005,134.1271288502679,11.581326731004005,"[0.314063,0.058351,0.069702,0.230897,0.326985]",0.326985,0.012922000000000045,4,0,0,0,False,False
candidate_popart_critic_target,sa_ghmappo,29,18,dev_03_state_05,6cc42ee25dea2b20e7ddf5c4193dae1de54521b21ce67836be05490494a0b931,dev_03,2,True,False,True,before_or_at,0.2,complete_fixed_behavior_discounted_return_not_vpi,75.22963452915576,63.8900644264055,-0.27284327745892956,-11.339570102750258,11.339570102750258,128.5858501151875,11.339570102750258,"[0.302475,0.056742,0.064474,0.229992,0.346317]",0.346317,0.04384199999999999,4,0,0,0,False,False
candidate_popart_critic_target,sa_ghmappo,29,18,dev_03_state_06,1217155fad78690dd6f9e30d323674dca8a13a10b95a50b6354593aed403e43d,dev_03,3,True,True,True,before_or_at,0.3,complete_fixed_behavior_discounted_return_not_vpi,75.17185584736579,63.88190221477909,-0.27323600459412445,-11.289953632586702,11.289953632586702,127.46305302595766,11.289953632586702,"[0.220633,0.0,0.052125,0.170251,0.556991]",0.556991,0.33635800000000005,4,4,4,4,False,False
candidate_popart_critic_target,sa_ghmappo,29,18,dev_03_state_07,c9b593dfc8699de434ab870b13435c9305897d412b8dedc394c04fd20511d413,dev_03,3,False,True,True,before_or_at,0.2,complete_fixed_behavior_discounted_return_not_vpi,75.22963452915576,63.88433845321721,-0.2731187842883731,-11.345296075938549,11.345296075938549,128.71574305070664,11.345296075938549,"[0.233465,0.0,0.054459,0.179438,0.532638]",0.532638,0.2991729999999999,4,4,4,4,False,False
candidate_popart_critic_target,sa_ghmappo,29,18,dev_03_state_08,6b17f75e0e3f5de80f49678d788da5519dddc9cc9bd584c0ee650b8d7219e7b6,dev_03,3,True,True,True,before_or_at,0.3,complete_fixed_behavior_discounted_return_not_vpi,75.4120048498658,63.878414169012586,-0.27340383290880244,-11.533590680853209,11.533590680853209,133.02371399346399,11.533590680853209,"[0.216451,0.0,0.053248,0.164865,0.565435]",0.565435,0.348984,4,4,4,4,False,False
candidate_popart_critic_target,sa_ghmappo,29,18,dev_03_state_09,0ccde0ef6c389b7341f4f1ea7beb149b259aad13dd1630dab7db376142e1073a,dev_03,3,False,False,True,before_or_at,0.2,complete_fixed_behavior_discounted_return_not_vpi,75.46738204163074,63.88481175980749,-0.2730960110070888,-11.582570281823251,11.582570281823251,134.15593433337514,11.582570281823251,"[0.311089,0.058585,0.06939,0.228237,0.332699]",0.332699,0.021610000000000018,4,0,0,0,False,False
candidate_popart_critic_target,sa_ghmappo,29,18,dev_03_state_10,ebe2739e96e527d82f495d7e680acc3138491d2e16ff51c3923b53550c15ae25,dev_03,3,True,True,True,before_or_at,0.3,complete_fixed_behavior_discounted_return_not_vpi,74.92928109736579,63.88069671540185,-0.2732940075397199,-11.048584381963941,11.048584381963941,122.07121684537752,11.048584381963941,"[0.210574,0.0,0.050734,0.162561,0.57613]",0.57613,0.365556,4,4,4,4,False,False
candidate_popart_critic_target,sa_ghmappo,29,18,dev_03_state_11,6f4069e08051d555eb68fe1fc24e55e73bd96f49eec834dcd284e6fcc78d573c,dev_03,4,True,False,True,before_or_at,0.4,complete_fixed_behavior_discounted_return_not_vpi,75.39606346424462,63.88415856874901,-0.2731274394807519,-11.511904895495611,11.511904895495611,132.52395432293582,11.511904895495611,"[0.289158,0.057575,0.068516,0.210661,0.374091]",0.374091,0.08493299999999998,4,0,0,0,False,False
candidate_popart_critic_target,sa_ghmappo,29,18,dev_03_state_12,3280b55b15e26af81785ba01c8673bf4d36b50b213800bb4ae9d9639e7519111,dev_03,4,True,False,True,before_or_at,0.3,complete_fixed_behavior_discounted_return_not_vpi,74.92928109736579,63.8837729073467,-0.2731459956888749,-11.045508190019085,11.045508190019085,122.00325117577867,11.045508190019085,"[0.289811,0.057692,0.066597,0.213592,0.372308]",0.372308,0.08249699999999999,4,0,0,0,False,False
candidate_popart_critic_target,sa_ghmappo,43,18,dev_00_state_01,2cb31cda5fedadef13eb6ef29f9fb864a9636c64a8a0b599c358ab8e79aa2f2e,dev_00,0,True,False,True,before_or_at,0.0,complete_fixed_behavior_discounted_return_not_vpi,99.16542974483956,77.49214448090926,0.36032496982170414,-21.673285263930296,21.673285263930296,469.7312941316981,21.673285263930296,"[0.241258,0.149686,0.003743,0.136093,0.46922]",0.46922,0.22796200000000003,4,0,0,0,False,False
candidate_popart_critic_target,sa_ghmappo,43,18,dev_00_state_02,4fe79a7d2f5b835a26cde6caefb444f6301c270d44971bde40489a612dd2b391,dev_00,1,True,False,True,before_or_at,0.14285714285714285,complete_fixed_behavior_discounted_return_not_vpi,99.43405463063405,77.48907092961971,0.36020948735724945,-21.944983701014337,21.944983701014337,481.58230963778493,21.944983701014337,"[0.238266,0.147959,0.003712,0.134293,0.47577]",0.47577,0.23750400000000002,4,0,0,0,False,False
candidate_popart_critic_target,sa_ghmappo,43,18,dev_00_state_03,c47e6b288039285428aafce3d49684ca2d11b023896665b0b3daac8a9dcaa176,dev_00,1,True,True,True,before_or_at,0.14285714285714285,complete_fixed_behavior_discounted_return_not_vpi,99.43405463063405,77.48331451827914,0.3599932018603118,-21.950740112354907,21.950740112354907,481.83499148014675,21.950740112354907,"[0.222671,0.0,0.003815,0.136032,0.637482]",0.637482,0.414811,4,4,4,4,False,False
candidate_popart_critic_target,sa_ghmappo,43,18,dev_00_state_04,db2399dc4a1846b64b81f411e0237050b1ffd324fd9a4bd78478baf6f2a1e9df,dev_00,2,False,True,True,before_or_at,0.2857142857142857,complete_fixed_behavior_discounted_return_not_vpi,99.63275207083052,77.4576124498179,0.35902749869551265,-22.17513962101262,22.17513962101262,491.73681721140366,22.17513962101262,"[0.197433,0.0,0.003639,0.12369,0.675238]",0.675238,0.47780500000000004,4,4,4,4,False,False
candidate_popart_critic_target,sa_ghmappo,43,18,dev_00_state_05,b439a8ded6b7704f73b9af3aad6b5a11f4e642b89173768c49bca3fb2b8e11e1,dev_00,2,False,False,True,before_or_at,0.2857142857142857,complete_fixed_behavior_discounted_return_not_vpi,99.63275207083052,77.47703171002027,0.35975713806534637,-22.15572036081025,22.15572036081025,490.8759447064219,22.15572036081025,"[0.234052,0.145211,0.003658,0.129196,0.487883]",0.487883,0.25383100000000003,4,0,0,0,False,False
candidate_popart_critic_target,sa_ghmappo,43,18,dev_00_state_06,05d5cb2b4cdc84a07f67d30b6d40026f1ae9404889525cd1fd230abd3ad151ac,dev_00,3,True,True,True,before_or_at,0.42857142857142855,complete_fixed_behavior_discounted_return_not_vpi,99.98305426895568,77.45716561819462,0.35901070990229256,-22.52588865076106,22.52588865076106,507.415659506486,22.52588865076106,"[0.203653,0.0,0.003831,0.13156,0.660955]",0.660955,0.457302,4,4,4,4,False,False
candidate_popart_critic_target,sa_ghmappo,43,18,dev_00_state_07,be44ebe79f69d66fa111d2fd9181f41a47efe8ab066cbd91663de162f21bfdca,dev_00,3,True,True,True,before_or_at,0.42857142857142855,complete_fixed_behavior_discounted_return_not_vpi,99.98305426895568,77.45296622665826,0.3588529262708695,-22.53008804229742,22.53008804229742,507.6048671936733,22.53008804229742,"[0.203302,0.0,0.003837,0.131624,0.661237]",0.661237,0.457935,4,4,4,4,False,False
candidate_popart_critic_target,sa_ghmappo,43,18,dev_00_state_08,54b81637eaa22690c2f9140cabc601d934d118af96613f57981add5ac63c1553,dev_00,3,True,True,True,before_or_at,0.2857142857142857,complete_fixed_behavior_discounted_return_not_vpi,99.63275207083052,77.45211027503997,0.3588207656224789,-22.18064179579055,22.18064179579055,491.9808704731706,22.18064179579055,"[0.202185,0.0,0.003845,0.13166,0.66231]",0.66231,0.46012499999999995,4,4,4,4,False,False
candidate_popart_critic_target,sa_ghmappo,43,18,dev_00_state_09,4c5424ef8068127f88abfde3c8019231c91f8960d17e43927afbffc74d0ef8a3,dev_00,3,False,True,True,before_or_at,0.42857142857142855,complete_fixed_behavior_discounted_return_not_vpi,99.98305426895568,77.47924828260531,0.359840421290726,-22.503805986350372,22.503805986350372,506.42128387129884,22.503805986350372,"[0.233698,0.0,0.003968,0.139063,0.623272]",0.623272,0.3895740000000001,4,4,4,4,False,False
candidate_popart_critic_target,sa_ghmappo,43,18,dev_00_state_10,56cb3633f940a0aa4754de669549dee3763dc62aa8d33e8feb481d858f69cc45,dev_00,3,False,True,True,before_or_at,0.42857142857142855,complete_fixed_behavior_discounted_return_not_vpi,99.98305426895568,77.47619317676477,0.35972563187665774,-22.506861092190917,22.506861092190917,506.5587962231773,22.506861092190917,"[0.233366,0.0,0.003973,0.139131,0.623529]",0.623529,0.39016300000000004,4,4,4,4,False,False
candidate_popart_critic_target,sa_ghmappo,43,18,dev_00_state_11,616869b075de6c2da36a5545c9128137f476e5cb4f0ae4851e0c1b46d0deef42,dev_00,3,False,True,True,before_or_at,0.2857142857142857,complete_fixed_behavior_discounted_return_not_vpi,99.63275207083052,77.47537625559198,0.35969493771820327,-22.157375815238538,22.157375815238538,490.9493030177177,22.157375815238538,"[0.231546,0.0,0.003977,0.13902,0.625458]",0.625458,0.39391199999999993,4,4,4,4,False,False
candidate_popart_critic_target,sa_ghmappo,43,18,dev_00_state_12,50772a9d479dd040bdfcd26f5a4e632848da15cc67dcf85fb3ae790c04749004,dev_00,4,True,True,True,before_or_at,0.5714285714285714,complete_fixed_behavior_discounted_return_not_vpi,100.22152414584981,77.45481540255777,0.3589224053099249,-22.766708743292043,22.766708743292043,518.3230270018903,22.766708743292043,"[0.198038,0.0,0.003799,0.128576,0.669587]",0.669587,0.47154900000000005,4,4,4,4,False,False
candidate_popart_critic_target,sa_ghmappo,43,18,dev_01_state_01,a4bbd832c514e8ecb281380734580807ec9ec04ce04b6be662dd729667c979e5,dev_01,0,True,False,True,before_or_at,0.0,complete_fixed_behavior_discounted_return_not_vpi,75.65614047157035,77.49086896663047,0.3602770449561383,1.8347284950601193,1.8347284950601193,3.36622865058557,-1.8347284950601193,"[0.248357,0.156008,0.004057,0.146879,0.444698]",0.444698,0.196341,4,0,0,0,False,False
candidate_popart_critic_target,sa_ghmappo,43,18,dev_01_state_02,63fee8a32f4b1c8d4d78562135b7b123d9efca8ef1fd10c52757463ac3a4c28b,dev_01,1,True,False,True,before_or_at,0.125,complete_fixed_behavior_discounted_return_not_vpi,99.13967366563787,77.4883503145627,0.3601824117060346,-21.651323351075177,21.651323351075177,468.77980285281325,21.651323351075177,"[0.246498,0.154824,0.004044,0.146301,0.448332]",0.448332,0.201834,4,0,0,0,False,False
candidate_popart_critic_target,sa_ghmappo,43,18,dev_01_state_03,c559429297df4987fbb22dd07eedba631d6c671c0ff9130cbe932ee596739c54,dev_01,1,True,True,True,before_or_at,0.125,complete_fixed_behavior_discounted_return_not_vpi,99.13967366563787,77.48114021137107,0.35991150668213834,-21.658533454266802,21.658533454266802,469.09207138959425,21.658533454266802,"[0.242908,0.0,0.004382,0.156027,0.596683]",0.596683,0.35377499999999995,4,4,4,4,False,False
candidate_popart_critic_target,sa_ghmappo,43,18,dev_01_state_04,7358d67bd36c9a85cc6e8138adeb39b8726469ca30f20c1f0942cc3f76de4651,dev_01,2,True,False,True,before_or_at,0.25,complete_fixed_behavior_discounted_return_not_vpi,99.35350480891441,77.48851633836807,0.3601886497142526,-21.864988470546336,21.864988470546336,478.0777208171242,21.864988470546336,"[0.246234,0.154632,0.004027,0.145568,0.449538]",0.449538,0.20330399999999998,4,0,0,0,False,False
candidate_popart_critic_target,sa_ghmappo,43,18,dev_01_state_05,0763b046fa0b532b554b052e7a0878b9d194acdb61a7240efa1f797b157b13db,dev_01,2,True,True,True,before_or_at,0.25,complete_fixed_behavior_discounted_return_not_vpi,99.35350480891441,77.4814476822874,0.35992305927905965,-21.872057126627013,21.872057126627013,478.3868829504355,21.872057126627013,"[0.24154,0.0,0.004344,0.154755,0.599361]",0.599361,0.35782100000000006,4,4,4,4,False,False
candidate_popart_critic_target,sa_ghmappo,43,18,dev_01_state_06,fd2e5861fe027bcb3635018576d2d5ce1b9b63d2b09ed94737c380749ee87049,dev_01,3,False,True,True,before_or_at,0.375,complete_fixed_behavior_discounted_return_not_vpi,99.53944465087416,77.45642496462203,0.3589828813444411,-22.08301968625213,22.08301968625213,487.6597584633991,22.08301968625213,"[0.215644,0.0,0.004192,0.142399,0.637764]",0.637764,0.42212,4,4,4,4,False,False
candidate_popart_critic_target,sa_ghmappo,43,18,dev_01_state_07,183ebb194b29cf885e5c212fd6e18171c5539439db50572f3120f6c0133c5049,dev_01,3,False,True,True,before_or_at,0.375,complete_fixed_behavior_discounted_return_not_vpi,99.53944465087416,77.44398216976089,0.3585153685294915,-22.095462481113273,22.095462481113273,488.20946225428435,22.095462481113273,"[0.210543,0.0,0.004195,0.141787,0.643474]",0.643474,0.43293099999999995,4,4,4,4,False,False
candidate_popart_critic_target,sa_ghmappo,43,18,dev_01_state_08,d2bf64fb9b88e145885e5ed0f74f9f639967dd914d669e6f6d9e93f684a95a73,dev_01,4,True,True,True,before_or_at,0.5,complete_fixed_behavior_discounted_return_not_vpi,99.72721960667732,77.45972048757127,0.359106703944422,-22.26749911910605,22.26749911910605,495.8415170193886,22.26749911910605,"[0.224284,0.0,0.004443,0.152468,0.618806]",0.618806,0.39452199999999993,4,4,4,4,False,False
candidate_popart_critic_target,sa_ghmappo,43,18,dev_01_state_09,13fb32efb5dd998abdd32f46158b290acced91d28620d9d15377f2694497b912,dev_01,4,True,True,True,before_or_at,0.5,complete_fixed_behavior_discounted_return_not_vpi,99.72721960667732,77.45565878284386,0.3589540936159703,-22.271560823833468,22.271560823833468,496.0224215297137,22.271560823833468,"[0.223901,0.0,0.00445,0.152566,0.619083]",0.619083,0.39518200000000003,4,4,4,4,False,False
candidate_popart_critic_target,sa_ghmappo,43,18,dev_01_state_10,501e02f271270613a795072dd11d6876f63160ede7c17cfbe7ee893e5b1aa82c,dev_01,4,True,True,True,before_or_at,0.375,complete_fixed_behavior_discounted_return_not_vpi,99.53944465087416,77.4539160705152,0.35888861472995615,-22.085528580358954,22.085528580358954,487.7705726738522,22.085528580358954,"[0.222017,0.0,0.004445,0.152558,0.620981]",0.620981,0.398964,4,4,4,4,False,False
candidate_popart_critic_target,sa_ghmappo,43,18,dev_01_state_11,e0c6c2402de2864424b773d58c1fc72a6bc09419a54d0cbe2f5f07d795a22db3,dev_01,4,True,True,True,before_or_at,0.5,complete_fixed_behavior_discounted_return_not_vpi,99.72721960667732,77.44730554800245,0.35864023773566167,-22.279914058674876,22.279914058674876,496.3945704619384,22.279914058674876,"[0.217528,0.0,0.004513,0.151778,0.626181]",0.626181,0.408653,4,4,4,4,False,False
candidate_popart_critic_target,sa_ghmappo,43,18,dev_01_state_12,87eae5e2295dff0be0c0317d62480330e70116056ccb6207b9f0f698ac011e38,dev_01,4,True,True,True,before_or_at,0.5,complete_fixed_behavior_discounted_return_not_vpi,99.72721960667732,77.44254874645841,0.35846151055219355,-22.28467086021891,22.28467086021891,496.6065553482898,22.28467086021891,"[0.217144,0.0,0.004521,0.151876,0.626459]",0.626459,0.409315,4,4,4,4,False,False
candidate_popart_critic_target,sa_ghmappo,43,18,dev_02_state_01,aacd1cc47660f831ce532b266ce3478bb22e2c78d466e47472c937aafefcacfb,dev_02,0,True,False,True,before_or_at,0.0,complete_fixed_behavior_discounted_return_not_vpi,75.58016750117106,77.48493891746591,0.3600542353696543,1.9047714162948495,1.9047714162948495,3.628154148333887,-1.9047714162948495,"[0.246349,0.160259,0.003983,0.143474,0.445935]",0.445935,0.199586,4,0,0,0,False,False
candidate_popart_critic_target,sa_ghmappo,43,18,dev_02_state_02,65837e8c4e1042b18b8987e46d37b1081f660135fc906dde8659dd34bcb25e18,dev_02,1,True,False,True,before_or_at,0.2,complete_fixed_behavior_discounted_return_not_vpi,75.81651346531233,77.4656497781098,0.35932948502706896,1.6491363127974807,1.6491363127974807,2.71965057818727,-1.6491363127974807,"[0.226281,0.14906,0.003795,0.135925,0.484939]",0.484939,0.258658,4,0,0,0,False,False
candidate_popart_critic_target,sa_ghmappo,43,18,dev_02_state_03,788bd1c71ab6c0f94f77fdf24a1874af9e74d3c3e59586a4d8fd42a2d4a722a2,dev_02,1,True,True,True,before_or_at,0.2,complete_fixed_behavior_discounted_return_not_vpi,75.57148846531233,77.47835683082211,0.3598069267955415,1.90686836550978,1.90686836550978,3.63614696338194,-1.90686836550978,"[0.227734,0.0,0.00406,0.145007,0.623199]",0.623199,0.39546499999999996,4,4,4,4,False,False
candidate_popart_critic_target,sa_ghmappo,43,18,dev_02_state_04,73424c66a5e9ad4241b9fb8e38cb02b30333c2e9611126a6c2f2661d805079c5,dev_02,2,True,True,True,before_or_at,0.4,complete_fixed_behavior_discounted_return_not_vpi,75.76470591996298,77.45055244667846,0.3587622333770608,1.6858465267154799,1.6858465267154799,2.8420785116386473,-1.6858465267154799,"[0.218841,0.0,0.004421,0.150681,0.626057]",0.626057,0.40721599999999997,4,4,4,4,False,False
candidate_popart_critic_target,sa_ghmappo,43,18,dev_02_state_05,07a0c6f5a831ee8a70a2e4f82ae69cc5df3eb3540cdda40dc84dfab435b8d8ac,dev_02,2,False,True,True,before_or_at,0.4,complete_fixed_behavior_discounted_return_not_vpi,75.76470591996298,77.46905679061854,0.35945749662143367,1.70435087065556,1.70435087065556,2.904811890304365,-1.70435087065556,"[0.245893,0.0,0.004527,0.15611,0.59347]",0.59347,0.347577,4,4,4,4,False,False
candidate_popart_critic_target,sa_ghmappo,43,18,dev_02_state_06,cd47e258d721757c11ea4050f051bb017e502287edeba848b9bb4aed7aa04c14,dev_02,3,True,True,True,before_or_at,0.6,complete_fixed_behavior_discounted_return_not_vpi,75.75848028252462,77.44258378051721,0.35846282688599374,1.684103497992595,1.684103497992595,2.8362045919508945,-1.684103497992595,"[0.20004,0.0,0.004131,0.138817,0.657012]",0.657012,0.45697200000000004,4,4,4,4,False,False
candidate_popart_critic_target,sa_ghmappo,43,18,dev_02_state_07,446e55a68c01f9b6b3d75b3584e53818ff209784976039bdb016348e222bb7bc,dev_02,3,False,True,True,before_or_at,0.6,complete_fixed_behavior_discounted_return_not_vpi,75.75848028252462,77.44643331320759,0.35860746527989207,1.6879530306829764,1.6879530306829764,2.849185433791845,-1.6879530306829764,"[0.213362,0.0,0.004287,0.142282,0.640069]",0.640069,0.426707,4,4,4,4,False,False
candidate_popart_critic_target,sa_ghmappo,43,18,dev_02_state_08,da66deba85e976a12ee91266832b3fe4996e44cc0333ff92fe0fb0072b304773,dev_02,3,False,True,True,before_or_at,0.4,complete_fixed_behavior_discounted_return_not_vpi,75.76470591996298,77.44434089046845,0.3585288467335159,1.6796349705054752,1.6796349705054752,2.8211736341449285,-1.6796349705054752,"[0.213829,0.0,0.00428,0.142627,0.639264]",0.639264,0.42543500000000006,4,4,4,4,False,False
candidate_popart_critic_target,sa_ghmappo,43,18,dev_02_state_09,9b17e313c9c022b073c532cab790a8e4bbbfb88e37c386bc4de0316793e72b69,dev_02,4,True,False,True,before_or_at,0.8,complete_fixed_behavior_discounted_return_not_vpi,100.75270180026362,77.47360159394285,0.35962825840118295,-23.279100206320777,23.279100206320777,541.916506415924,23.279100206320777,"[0.240371,0.156601,0.004035,0.140326,0.458667]",0.458667,0.218296,4,0,0,0,False,False
candidate_popart_critic_target,sa_ghmappo,43,18,dev_02_state_10,e6a58b6c7a7e16fa45b8c640dbd4b125a27da61dec2113082cdfa830027b3bfb,dev_02,4,True,False,True,before_or_at,0.8,complete_fixed_behavior_discounted_return_not_vpi,75.75270180026362,77.46718144430103,0.3593870342819283,1.7144796440374108,1.7144796440374108,2.939440449818647,-1.7144796440374108,"[0.239959,0.156619,0.004048,0.140503,0.458871]",0.458871,0.21891199999999997,4,0,0,0,False,False
candidate_popart_critic_target,sa_ghmappo,43,18,dev_02_state_11,5fbcd355ad6ef625fe912c4a3485f5db6bcdb20e7b2dcdd955d3fe332063d473,dev_02,4,True,False,True,before_or_at,0.6,complete_fixed_behavior_discounted_return_not_vpi,75.75848028252462,77.44010474716765,0.35836968222898236,1.6816244646430363,1.6816244646430363,2.8278608400859784,-1.6816244646430363,"[0.221038,0.149929,0.004183,0.141132,0.483717]",0.483717,0.262679,4,0,0,0,False,False
candidate_popart_critic_target,sa_ghmappo,43,18,dev_02_state_12,fdd3f8ff3f38604c74d277ed795fde0f3d9fa09eb963e4d8820de9b76534d356,dev_02,4,True,False,True,after,0.6,complete_fixed_behavior_discounted_return_not_vpi,100.50848028252462,77.44892650436677,0.35870114188792446,-23.05955377815785,23.05955377815785,531.7430204477539,23.05955377815785,"[0.221527,0.14995,0.004169,0.140946,0.483408]",0.483408,0.26188100000000003,4,0,0,0,False,False
candidate_popart_critic_target,sa_ghmappo,43,18,dev_03_state_01,62750fc5f603af0e58fc56236599571502c69cfa558f3283ab10e1bc858471ae,dev_03,0,True,False,True,before_or_at,0.0,complete_fixed_behavior_discounted_return_not_vpi,75.32227037485364,77.48106673839033,0.3599087460837005,2.1587963635366805,2.1587963635366805,4.660401739219195,-2.1587963635366805,"[0.238741,0.155288,0.003682,0.132754,0.469535]",0.469535,0.23079399999999997,4,0,0,0,False,False
candidate_popart_critic_target,sa_ghmappo,43,18,dev_03_state_02,49dc0c665e7c8d1673bc0818a98dec317568afa99b48ce13b276daf91fdf1003,dev_03,1,True,False,True,before_or_at,0.1,complete_fixed_behavior_discounted_return_not_vpi,75.2654274086768,77.46040767289581,0.35913252354114844,2.194980264219012,2.194980264219012,4.817938360310964,-2.194980264219012,"[0.223541,0.146051,0.003492,0.125023,0.501893]",0.501893,0.27835200000000004,4,4,4,4,False,False
candidate_popart_critic_target,sa_ghmappo,43,18,dev_03_state_03,5c249417d557afb821d09652c2ced9028d3dd95a2292007d63fec0a2af97227d,dev_03,1,True,True,True,before_or_at,0.1,complete_fixed_behavior_discounted_return_not_vpi,75.2654274086768,77.45192252512935,0.35881371129986084,2.186495116452548,2.186495116452548,4.780760894270841,-2.186495116452548,"[0.194618,0.0,0.003526,0.122853,0.679003]",0.679003,0.484385,4,4,4,4,False,False
candidate_popart_critic_target,sa_ghmappo,43,18,dev_03_state_04,f5f32654c6274248e0d209cab36df9f70fd51f283f1cd0807581b37e93a74a25,dev_03,2,False,False,True,before_or_at,0.2,complete_fixed_behavior_discounted_return_not_vpi,75.46738204163074,77.43586821579437,0.3582105031434111,1.9684861741636297,1.9684861741636297,3.8749378178733638,-1.9684861741636297,"[0.230834,0.151563,0.003905,0.132538,0.48116]",0.48116,0.25032599999999994,4,0,0,0,False,False
candidate_popart_critic_target,sa_ghmappo,43,18,dev_03_state_05,6cc42ee25dea2b20e7ddf5c4193dae1de54521b21ce67836be05490494a0b931,dev_03,2,True,False,True,before_or_at,0.2,complete_fixed_behavior_discounted_return_not_vpi,75.22963452915576,77.4453341325672,0.3585661657936381,2.215699603411437,2.215699603411437,4.9093247325576,-2.215699603411437,"[0.21439,0.143529,0.003655,0.127248,0.511179]",0.511179,0.2967890000000001,4,4,4,4,False,False
candidate_popart_critic_target,sa_ghmappo,43,18,dev_03_state_06,1217155fad78690dd6f9e30d323674dca8a13a10b95a50b6354593aed403e43d,dev_03,3,True,True,True,before_or_at,0.3,complete_fixed_behavior_discounted_return_not_vpi,75.17185584736579,77.43089417096567,0.3580236134835313,2.2590383235998814,2.2590383235998814,5.1032541474929625,-2.2590383235998814,"[0.178399,0.0,0.00346,0.116654,0.701487]",0.701487,0.523088,4,4,4,4,False,False
candidate_popart_critic_target,sa_ghmappo,43,18,dev_03_state_07,c9b593dfc8699de434ab870b13435c9305897d412b8dedc394c04fd20511d413,dev_03,3,False,True,True,before_or_at,0.2,complete_fixed_behavior_discounted_return_not_vpi,75.22963452915576,77.42403566862296,0.3577659191493918,2.194401139467203,2.194401139467203,4.81539636089496,-2.194401139467203,"[0.190469,0.0,0.003703,0.122989,0.682839]",0.682839,0.49237,4,4,4,4,False,False
candidate_popart_critic_target,sa_ghmappo,43,18,dev_03_state_08,6b17f75e0e3f5de80f49678d788da5519dddc9cc9bd584c0ee650b8d7219e7b6,dev_03,3,True,True,True,before_or_at,0.3,complete_fixed_behavior_discounted_return_not_vpi,75.4120048498658,77.4350508897077,0.3581797937711375,2.0230460398419012,2.0230460398419012,4.092715279319999,-2.0230460398419012,"[0.183575,0.0,0.003509,0.11894,0.693977]",0.693977,0.510402,4,4,4,4,False,False
candidate_popart_critic_target,sa_ghmappo,43,18,dev_03_state_09,0ccde0ef6c389b7341f4f1ea7beb149b259aad13dd1630dab7db376142e1073a,dev_03,3,False,False,True,before_or_at,0.2,complete_fixed_behavior_discounted_return_not_vpi,75.46738204163074,77.43291809928762,0.35809965849091174,1.9655360576568768,1.9655360576568768,3.863331993949337,-1.9655360576568768,"[0.219845,0.144554,0.003684,0.125452,0.506465]",0.506465,0.28662000000000004,4,4,4,4,False,False
candidate_popart_critic_target,sa_ghmappo,43,18,dev_03_state_10,ebe2739e96e527d82f495d7e680acc3138491d2e16ff51c3923b53550c15ae25,dev_03,3,True,True,True,before_or_at,0.3,complete_fixed_behavior_discounted_return_not_vpi,74.92928109736579,77.42186853044537,0.357684493321746,2.492587433079578,2.492587433079578,6.212992111546239,-2.492587433079578,"[0.176268,0.0,0.003443,0.116082,0.704207]",0.704207,0.527939,4,4,4,4,False,False
candidate_popart_critic_target,sa_ghmappo,43,18,dev_03_state_11,6f4069e08051d555eb68fe1fc24e55e73bd96f49eec834dcd284e6fcc78d573c,dev_03,4,True,False,True,before_or_at,0.4,complete_fixed_behavior_discounted_return_not_vpi,75.39606346424462,77.44663219692812,0.3586149379328667,2.0505687326835016,2.0505687326835016,4.2048321274592215,-2.0505687326835016,"[0.217589,0.146363,0.00373,0.128533,0.503785]",0.503785,0.286196,4,4,4,4,False,False
candidate_popart_critic_target,sa_ghmappo,43,18,dev_03_state_12,3280b55b15e26af81785ba01c8673bf4d36b50b213800bb4ae9d9639e7519111,dev_03,4,True,False,True,before_or_at,0.3,complete_fixed_behavior_discounted_return_not_vpi,74.92928109736579,77.43417555802208,0.3581469049559698,2.5048944606562884,2.5048944606562884,6.274496259026558,-2.5048944606562884,"[0.21072,0.14165,0.003746,0.126314,0.517571]",0.517571,0.306851,4,4,4,4,False,False
candidate_popart_critic_target,sa_ghmappo,61,18,dev_00_state_01,2cb31cda5fedadef13eb6ef29f9fb864a9636c64a8a0b599c358ab8e79aa2f2e,dev_00,0,True,False,True,before_or_at,0.0,complete_fixed_behavior_discounted_return_not_vpi,99.16542974483956,77.87551127588071,0.38697091608322154,-21.289918468958845,21.289918468958845,453.26062841491495,21.289918468958845,"[0.231831,0.073824,0.020303,0.184056,0.489986]",0.489986,0.25815499999999997,4,0,0,0,False,False
candidate_popart_critic_target,sa_ghmappo,61,18,dev_00_state_02,4fe79a7d2f5b835a26cde6caefb444f6301c270d44971bde40489a612dd2b391,dev_00,1,True,False,True,before_or_at,0.14285714285714285,complete_fixed_behavior_discounted_return_not_vpi,99.43405463063405,77.8746757807098,0.3869363343487029,-21.559378849924258,21.559378849924258,464.8068163945614,21.559378849924258,"[0.232276,0.073837,0.020313,0.183542,0.490032]",0.490032,0.257756,4,0,0,0,False,False
candidate_popart_critic_target,sa_ghmappo,61,18,dev_00_state_03,c47e6b288039285428aafce3d49684ca2d11b023896665b0b3daac8a9dcaa176,dev_00,1,True,True,True,before_or_at,0.14285714285714285,complete_fixed_behavior_discounted_return_not_vpi,99.43405463063405,77.87713122176781,0.38703796678626823,-21.55692340886624,21.55692340886624,464.70094685572525,21.55692340886624,"[0.238231,0.0,0.020143,0.186404,0.555222]",0.555222,0.316991,4,4,4,4,False,False
candidate_popart_critic_target,sa_ghmappo,61,18,dev_00_state_04,db2399dc4a1846b64b81f411e0237050b1ffd324fd9a4bd78478baf6f2a1e9df,dev_00,2,False,True,True,before_or_at,0.2857142857142857,complete_fixed_behavior_discounted_return_not_vpi,99.63275207083052,77.8767972249931,0.38702414242414696,-21.755954845837422,21.755954845837422,473.3215712541168,21.755954845837422,"[0.240828,0.0,0.022051,0.184128,0.552993]",0.552993,0.31216499999999997,4,4,4,4,False,False
candidate_popart_critic_target,sa_ghmappo,61,18,dev_00_state_05,b439a8ded6b7704f73b9af3aad6b5a11f4e642b89173768c49bca3fb2b8e11e1,dev_00,2,False,False,True,before_or_at,0.2857142857142857,complete_fixed_behavior_discounted_return_not_vpi,99.63275207083052,77.86322872651988,0.3864625327005373,-21.76952334431064,21.76952334431064,473.912146638486,21.76952334431064,"[0.251228,0.081225,0.024366,0.179583,0.463598]",0.463598,0.21237,4,0,0,0,False,False
candidate_popart_critic_target,sa_ghmappo,61,18,dev_00_state_06,05d5cb2b4cdc84a07f67d30b6d40026f1ae9404889525cd1fd230abd3ad151ac,dev_00,3,True,True,True,before_or_at,0.42857142857142855,complete_fixed_behavior_discounted_return_not_vpi,99.98305426895568,77.88423964403331,0.3873321893984243,-22.09881462492237,22.09881462492237,488.3576078266828,22.09881462492237,"[0.235296,0.0,0.019713,0.181679,0.563312]",0.563312,0.32801600000000003,4,4,4,4,False,False
candidate_popart_critic_target,sa_ghmappo,61,18,dev_00_state_07,be44ebe79f69d66fa111d2fd9181f41a47efe8ab066cbd91663de162f21bfdca,dev_00,3,True,True,True,before_or_at,0.42857142857142855,complete_fixed_behavior_discounted_return_not_vpi,99.98305426895568,77.88265795558536,0.3872667221977726,-22.100396313370325,22.100396313370325,488.42751720803267,22.100396313370325,"[0.235331,0.0,0.019747,0.181802,0.563121]",0.563121,0.32778999999999997,4,4,4,4,False,False
candidate_popart_critic_target,sa_ghmappo,61,18,dev_00_state_08,54b81637eaa22690c2f9140cabc601d934d118af96613f57981add5ac63c1553,dev_00,3,True,True,True,before_or_at,0.2857142857142857,complete_fixed_behavior_discounted_return_not_vpi,99.63275207083052,77.88301223940955,0.3872813862551827,-21.749739831420968,21.749739831420968,473.0511827344998,21.749739831420968,"[0.235048,0.0,0.01975,0.181923,0.56328]",0.56328,0.32823199999999997,4,4,4,4,False,False
candidate_popart_critic_target,sa_ghmappo,61,18,dev_00_state_09,4c5424ef8068127f88abfde3c8019231c91f8960d17e43927afbffc74d0ef8a3,dev_00,3,False,True,True,before_or_at,0.42857142857142855,complete_fixed_behavior_discounted_return_not_vpi,99.98305426895568,77.87565534775328,0.38697687931966174,-22.107398921202403,22.107398921202403,488.73708706118117,22.107398921202403,"[0.249994,0.0,0.022455,0.184008,0.543543]",0.543543,0.293549,4,4,4,4,False,False
candidate_popart_critic_target,sa_ghmappo,61,18,dev_00_state_10,56cb3633f940a0aa4754de669549dee3763dc62aa8d33e8feb481d858f69cc45,dev_00,3,False,True,True,before_or_at,0.42857142857142855,complete_fixed_behavior_discounted_return_not_vpi,99.98305426895568,77.8732806067696,0.3868785871151026,-22.109773662186086,22.109773662186086,488.8420913930975,22.109773662186086,"[0.250089,0.0,0.022507,0.184119,0.543286]",0.543286,0.29319700000000004,4,4,4,4,False,False
candidate_popart_critic_target,sa_ghmappo,61,18,dev_00_state_11,616869b075de6c2da36a5545c9128137f476e5cb4f0ae4851e0c1b46d0deef42,dev_00,3,False,True,True,before_or_at,0.2857142857142857,complete_fixed_behavior_discounted_return_not_vpi,99.63275207083052,77.87389738689009,0.3869041160793927,-21.758854683940427,21.758854683940427,473.44775715683625,21.758854683940427,"[0.249497,0.0,0.022482,0.184289,0.543733]",0.543733,0.29423600000000005,4,4,4,4,False,False
candidate_popart_critic_target,sa_ghmappo,61,18,dev_00_state_12,50772a9d479dd040bdfcd26f5a4e632848da15cc67dcf85fb3ae790c04749004,dev_00,4,True,True,True,before_or_at,0.5714285714285714,complete_fixed_behavior_discounted_return_not_vpi,100.22152414584981,77.88444520208452,0.3873406975911733,-22.33707894376529,22.33707894376529,498.9450957400028,22.33707894376529,"[0.235731,0.0,0.019857,0.180913,0.5635]",0.5635,0.327769,4,4,4,4,False,False
candidate_popart_critic_target,sa_ghmappo,61,18,dev_01_state_01,a4bbd832c514e8ecb281380734580807ec9ec04ce04b6be662dd729667c979e5,dev_01,0,True,False,True,before_or_at,0.0,complete_fixed_behavior_discounted_return_not_vpi,75.65614047157035,77.87556220517563,0.3869730240826659,2.219421733605273,2.219421733605273,4.925832831599435,-2.219421733605273,"[0.2352,0.074743,0.020201,0.183085,0.486771]",0.486771,0.251571,4,0,0,0,False,False
candidate_popart_critic_target,sa_ghmappo,61,18,dev_01_state_02,63fee8a32f4b1c8d4d78562135b7b123d9efca8ef1fd10c52757463ac3a4c28b,dev_01,1,True,False,True,before_or_at,0.125,complete_fixed_behavior_discounted_return_not_vpi,99.13967366563787,77.87418770925375,0.3869161327268307,-21.265485956384126,21.265485956384126,452.2208929611705,21.265485956384126,"[0.234467,0.075134,0.020482,0.182485,0.487432]",0.487432,0.252965,4,0,0,0,False,False
candidate_popart_critic_target,sa_ghmappo,61,18,dev_01_state_03,c559429297df4987fbb22dd07eedba631d6c671c0ff9130cbe932ee596739c54,dev_01,1,True,True,True,before_or_at,0.125,complete_fixed_behavior_discounted_return_not_vpi,99.13967366563787,77.8785076617946,0.3870949386099771,-21.26116600384327,21.26116600384327,452.0371798429809,21.26116600384327,"[0.24192,0.0,0.020377,0.185334,0.552369]",0.552369,0.310449,4,4,4,4,False,False
candidate_popart_critic_target,sa_ghmappo,61,18,dev_01_state_04,7358d67bd36c9a85cc6e8138adeb39b8726469ca30f20c1f0942cc3f76de4651,dev_01,2,True,False,True,before_or_at,0.25,complete_fixed_behavior_discounted_return_not_vpi,99.35350480891441,77.87389911410834,0.38690418757017486,-21.479605694806068,21.479605694806068,461.37346080434526,21.479605694806068,"[0.235377,0.074958,0.020259,0.182599,0.486807]",0.486807,0.25143,4,0,0,0,False,False
candidate_popart_critic_target,sa_ghmappo,61,18,dev_01_state_05,0763b046fa0b532b554b052e7a0878b9d194acdb61a7240efa1f797b157b13db,dev_01,2,True,True,True,before_or_at,0.25,complete_fixed_behavior_discounted_return_not_vpi,99.35350480891441,77.87835754258691,0.3870887250700701,-21.475147266327497,21.475147266327497,461.18195011045333,21.475147266327497,"[0.242311,0.0,0.020199,0.185212,0.552279]",0.552279,0.30996799999999997,4,4,4,4,False,False
candidate_popart_critic_target,sa_ghmappo,61,18,dev_01_state_06,fd2e5861fe027bcb3635018576d2d5ce1b9b63d2b09ed94737c380749ee87049,dev_01,3,False,True,True,before_or_at,0.375,complete_fixed_behavior_discounted_return_not_vpi,99.53944465087416,77.87691081673766,0.3870288440665872,-21.662533834136497,21.662533834136497,469.26537211510845,21.662533834136497,"[0.247077,0.0,0.022035,0.183517,0.54737]",0.54737,0.30029300000000003,4,4,4,4,False,False
candidate_popart_critic_target,sa_ghmappo,61,18,dev_01_state_07,183ebb194b29cf885e5c212fd6e18171c5539439db50572f3120f6c0133c5049,dev_01,3,False,True,True,before_or_at,0.375,complete_fixed_behavior_discounted_return_not_vpi,99.53944465087416,77.87384720074985,0.3869020388396449,-21.66559745012431,21.66559745012431,469.39811287083296,21.66559745012431,"[0.246054,0.0,0.0222,0.18316,0.548586]",0.548586,0.302532,4,4,4,4,False,False
candidate_popart_critic_target,sa_ghmappo,61,18,dev_01_state_08,d2bf64fb9b88e145885e5ed0f74f9f639967dd914d669e6f6d9e93f684a95a73,dev_01,4,True,True,True,before_or_at,0.5,complete_fixed_behavior_discounted_return_not_vpi,99.72721960667732,77.88447497293721,0.38734192982776783,-21.84274463374011,21.84274463374011,477.1054931347824,21.84274463374011,"[0.242849,0.0,0.019732,0.182091,0.555328]",0.555328,0.31247900000000006,4,4,4,4,False,False
candidate_popart_critic_target,sa_ghmappo,61,18,dev_01_state_09,13fb32efb5dd998abdd32f46158b290acced91d28620d9d15377f2694497b912,dev_01,4,True,True,True,before_or_at,0.5,complete_fixed_behavior_discounted_return_not_vpi,99.72721960667732,77.88291060545058,0.3872771795539238,-21.844309001226748,21.844309001226748,477.1738357410759,21.844309001226748,"[0.242902,0.0,0.019767,0.182213,0.555117]",0.555117,0.31221499999999996,4,4,4,4,False,False
candidate_popart_critic_target,sa_ghmappo,61,18,dev_01_state_10,501e02f271270613a795072dd11d6876f63160ede7c17cfbe7ee893e5b1aa82c,dev_01,4,True,True,True,before_or_at,0.375,complete_fixed_behavior_discounted_return_not_vpi,99.53944465087416,77.88294166443758,0.3872784651073067,-21.65650298643658,21.65650298643658,469.00412160153644,21.65650298643658,"[0.242503,0.0,0.01984,0.18239,0.555267]",0.555267,0.31276399999999993,4,4,4,4,False,False
candidate_popart_critic_target,sa_ghmappo,61,18,dev_01_state_11,e0c6c2402de2864424b773d58c1fc72a6bc09419a54d0cbe2f5f07d795a22db3,dev_01,4,True,True,True,before_or_at,0.5,complete_fixed_behavior_discounted_return_not_vpi,99.72721960667732,77.88291123249768,0.3872772055078455,-21.844308374179647,21.844308374179647,477.17380834625504,21.844308374179647,"[0.242214,0.0,0.019749,0.18143,0.556607]",0.556607,0.3143929999999999,4,4,4,4,False,False
candidate_popart_critic_target,sa_ghmappo,61,18,dev_01_state_12,87eae5e2295dff0be0c0317d62480330e70116056ccb6207b9f0f698ac011e38,dev_01,4,True,True,True,before_or_at,0.5,complete_fixed_behavior_discounted_return_not_vpi,99.72721960667732,77.88120896467781,0.38720674744192873,-21.846010641999513,21.846010641999513,477.248180970356,21.846010641999513,"[0.242265,0.0,0.019783,0.181551,0.556402]",0.556402,0.31413699999999994,4,4,4,4,False,False
candidate_popart_critic_target,sa_ghmappo,61,18,dev_02_state_01,aacd1cc47660f831ce532b266ce3478bb22e2c78d466e47472c937aafefcacfb,dev_02,0,True,False,True,before_or_at,0.0,complete_fixed_behavior_discounted_return_not_vpi,75.58016750117106,77.87167369020878,0.38681207570506215,2.291506189037719,2.291506189037719,5.25100061439817,-2.291506189037719,"[0.242352,0.080262,0.020427,0.18334,0.473619]",0.473619,0.231267,4,0,0,0,False,False
candidate_popart_critic_target,sa_ghmappo,61,18,dev_02_state_02,65837e8c4e1042b18b8987e46d37b1081f660135fc906dde8659dd34bcb25e18,dev_02,1,True,False,True,before_or_at,0.2,complete_fixed_behavior_discounted_return_not_vpi,75.81651346531233,77.87175202484633,0.3868153180309708,2.055238559534004,2.055238559534004,4.224005536595408,-2.055238559534004,"[0.249557,0.081303,0.02122,0.182215,0.465706]",0.465706,0.216149,4,0,0,0,False,False
candidate_popart_critic_target,sa_ghmappo,61,18,dev_02_state_03,788bd1c71ab6c0f94f77fdf24a1874af9e74d3c3e59586a4d8fd42a2d4a722a2,dev_02,1,True,True,True,before_or_at,0.2,complete_fixed_behavior_discounted_return_not_vpi,75.57148846531233,77.87471257401418,0.386937857249527,2.303224108701855,2.303224108701855,5.3048412949054535,-2.303224108701855,"[0.242927,0.0,0.02065,0.186234,0.550189]",0.550189,0.30726200000000004,4,4,4,4,False,False
candidate_popart_critic_target,sa_ghmappo,61,18,dev_02_state_04,73424c66a5e9ad4241b9fb8e38cb02b30333c2e9611126a6c2f2661d805079c5,dev_02,2,True,True,True,before_or_at,0.4,complete_fixed_behavior_discounted_return_not_vpi,75.76470591996298,77.88184996015717,0.3872332786970052,2.117144040194191,2.117144040194191,4.482298886929781,-2.117144040194191,"[0.240801,0.0,0.019831,0.18196,0.557409]",0.557409,0.31660800000000006,4,4,4,4,False,False
candidate_popart_critic_target,sa_ghmappo,61,18,dev_02_state_05,07a0c6f5a831ee8a70a2e4f82ae69cc5df3eb3540cdda40dc84dfab435b8d8ac,dev_02,2,False,True,True,before_or_at,0.4,complete_fixed_behavior_discounted_return_not_vpi,75.76470591996298,77.86963368449253,0.38672763842935876,2.104927764529549,2.104927764529549,4.430720893887364,-2.104927764529549,"[0.254642,0.0,0.02265,0.182948,0.53976]",0.53976,0.28511800000000004,4,4,4,4,False,False
candidate_popart_critic_target,sa_ghmappo,61,18,dev_02_state_06,cd47e258d721757c11ea4050f051bb017e502287edeba848b9bb4aed7aa04c14,dev_02,3,True,True,True,before_or_at,0.6,complete_fixed_behavior_discounted_return_not_vpi,75.75848028252462,77.88126600320001,0.3872091083065996,2.1227857206753953,2.1227857206753953,4.506219215903357,-2.1227857206753953,"[0.240982,0.0,0.020114,0.181694,0.55721]",0.55721,0.31622799999999995,4,4,4,4,False,False
candidate_popart_critic_target,sa_ghmappo,61,18,dev_02_state_07,446e55a68c01f9b6b3d75b3584e53818ff209784976039bdb016348e222bb7bc,dev_02,3,False,True,True,before_or_at,0.6,complete_fixed_behavior_discounted_return_not_vpi,75.75848028252462,77.87138158108245,0.38679998510225655,2.11290129855783,2.11290129855783,4.464351897447364,-2.11290129855783,"[0.24789,0.0,0.022115,0.182984,0.547011]",0.547011,0.299121,4,4,4,4,False,False
candidate_popart_critic_target,sa_ghmappo,61,18,dev_02_state_08,da66deba85e976a12ee91266832b3fe4996e44cc0333ff92fe0fb0072b304773,dev_02,3,False,True,True,before_or_at,0.4,complete_fixed_behavior_discounted_return_not_vpi,75.76470591996298,77.87156256652256,0.3868074762172977,2.106856646559578,2.106856646559578,4.43884492915227,-2.106856646559578,"[0.247055,0.0,0.022132,0.18346,0.547353]",0.547353,0.30029799999999995,4,4,4,4,False,False
candidate_popart_critic_target,sa_ghmappo,61,18,dev_02_state_09,9b17e313c9c022b073c532cab790a8e4bbbfb88e37c386bc4de0316793e72b69,dev_02,4,True,False,True,before_or_at,0.8,complete_fixed_behavior_discounted_return_not_vpi,100.75270180026362,77.87587536621172,0.3869859860388667,-22.876826434051907,22.876826434051907,523.3491876937361,22.876826434051907,"[0.248435,0.077623,0.019669,0.179717,0.474556]",0.474556,0.226121,4,0,0,0,False,False
candidate_popart_critic_target,sa_ghmappo,61,18,dev_02_state_10,e6a58b6c7a7e16fa45b8c640dbd4b125a27da61dec2113082cdfa830027b3bfb,dev_02,4,True,False,True,before_or_at,0.8,complete_fixed_behavior_discounted_return_not_vpi,75.75270180026362,77.87209721946647,0.3868296058798135,2.1193954192028457,2.1193954192028457,4.491836942938006,-2.1193954192028457,"[0.248474,0.078221,0.01972,0.179785,0.4738]",0.4738,0.225326,4,0,0,0,False,False
candidate_popart_critic_target,sa_ghmappo,61,18,dev_02_state_11,5fbcd355ad6ef625fe912c4a3485f5db6bcdb20e7b2dcdd955d3fe332063d473,dev_02,4,True,False,True,before_or_at,0.6,complete_fixed_behavior_discounted_return_not_vpi,75.75848028252462,77.87279283745248,0.3868583979989735,2.1143125549278636,2.1143125549278636,4.470317579925591,-2.1143125549278636,"[0.246288,0.078593,0.020005,0.180266,0.474848]",0.474848,0.22855999999999999,4,0,0,0,False,False
candidate_popart_critic_target,sa_ghmappo,61,18,dev_02_state_12,fdd3f8ff3f38604c74d277ed795fde0f3d9fa09eb963e4d8820de9b76534d356,dev_02,4,True,False,True,after,0.6,complete_fixed_behavior_discounted_return_not_vpi,100.50848028252462,77.8764627000586,0.3870102962011197,-22.63201758246602,22.63201758246602,512.2082198530511,22.63201758246602,"[0.246259,0.077993,0.019949,0.180199,0.475601]",0.475601,0.229342,4,0,0,0,False,False
candidate_popart_critic_target,sa_ghmappo,61,18,dev_03_state_01,62750fc5f603af0e58fc56236599571502c69cfa558f3283ab10e1bc858471ae,dev_03,0,True,False,True,before_or_at,0.0,complete_fixed_behavior_discounted_return_not_vpi,75.32227037485364,77.8702102148963,0.38675150142948,2.547939840042659,2.547939840042659,6.49199742847661,-2.547939840042659,"[0.244231,0.081661,0.020803,0.185636,0.467669]",0.467669,0.223438,4,0,0,0,False,False
candidate_popart_critic_target,sa_ghmappo,61,18,dev_03_state_02,49dc0c665e7c8d1673bc0818a98dec317568afa99b48ce13b276daf91fdf1003,dev_03,1,True,False,True,before_or_at,0.1,complete_fixed_behavior_discounted_return_not_vpi,75.2654274086768,77.8704014245546,0.38675941573212436,2.6049740158778008,2.6049740158778008,6.785889623398517,-2.6049740158778008,"[0.250008,0.082459,0.021604,0.184588,0.461341]",0.461341,0.211333,4,0,0,0,False,False
candidate_popart_critic_target,sa_ghmappo,61,18,dev_03_state_03,5c249417d557afb821d09652c2ced9028d3dd95a2292007d63fec0a2af97227d,dev_03,1,True,True,True,before_or_at,0.1,complete_fixed_behavior_discounted_return_not_vpi,75.2654274086768,77.8771165289823,0.38703735864151056,2.611689120305499,2.611689120305499,6.820920061122112,-2.611689120305499,"[0.231507,0.0,0.020717,0.184736,0.56304]",0.56304,0.33153299999999997,4,4,4,4,False,False
candidate_popart_critic_target,sa_ghmappo,61,18,dev_03_state_04,f5f32654c6274248e0d209cab36df9f70fd51f283f1cd0807581b37e93a74a25,dev_03,2,False,False,True,before_or_at,0.2,complete_fixed_behavior_discounted_return_not_vpi,75.46738204163074,77.86928517946744,0.3867132135605198,2.4019031378366975,2.4019031378366975,5.769138683549773,-2.4019031378366975,"[0.253711,0.084048,0.02291,0.181928,0.457402]",0.457402,0.20369099999999996,4,0,0,0,False,False
candidate_popart_critic_target,sa_ghmappo,61,18,dev_03_state_05,6cc42ee25dea2b20e7ddf5c4193dae1de54521b21ce67836be05490494a0b931,dev_03,2,True,False,True,before_or_at,0.2,complete_fixed_behavior_discounted_return_not_vpi,75.22963452915576,77.87754403604922,0.38705505346059255,2.6479095068934555,2.6479095068934555,7.0114247566967425,-2.6479095068934555,"[0.241145,0.077798,0.020245,0.182514,0.478298]",0.478298,0.237153,4,0,0,0,False,False
candidate_popart_critic_target,sa_ghmappo,61,18,dev_03_state_06,1217155fad78690dd6f9e30d323674dca8a13a10b95a50b6354593aed403e43d,dev_03,3,True,True,True,before_or_at,0.3,complete_fixed_behavior_discounted_return_not_vpi,75.17185584736579,77.88157830852238,0.38722203484420614,2.7097224611565878,2.7097224611565878,7.342595816496515,-2.7097224611565878,"[0.237704,0.0,0.020272,0.182931,0.559092]",0.559092,0.321388,4,4,4,4,False,False
candidate_popart_critic_target,sa_ghmappo,61,18,dev_03_state_07,c9b593dfc8699de434ab870b13435c9305897d412b8dedc394c04fd20511d413,dev_03,3,False,True,True,before_or_at,0.2,complete_fixed_behavior_discounted_return_not_vpi,75.22963452915576,77.87643967359477,0.38700934311953805,2.646805144439014,2.646805144439014,7.005577472628831,-2.646805144439014,"[0.236743,0.0,0.021991,0.184759,0.556507]",0.556507,0.31976399999999994,4,4,4,4,False,False
candidate_popart_critic_target,sa_ghmappo,61,18,dev_03_state_08,6b17f75e0e3f5de80f49678d788da5519dddc9cc9bd584c0ee650b8d7219e7b6,dev_03,3,True,True,True,before_or_at,0.3,complete_fixed_behavior_discounted_return_not_vpi,75.4120048498658,77.88104027254045,0.38719976515536025,2.4690354226746507,2.4690354226746507,6.096135918422191,-2.4690354226746507,"[0.237345,0.0,0.020433,0.183577,0.558646]",0.558646,0.32130099999999995,4,4,4,4,False,False
candidate_popart_critic_target,sa_ghmappo,61,18,dev_03_state_09,0ccde0ef6c389b7341f4f1ea7beb149b259aad13dd1630dab7db376142e1073a,dev_03,3,False,False,True,before_or_at,0.2,complete_fixed_behavior_discounted_return_not_vpi,75.46738204163074,77.86842218482205,0.38667749360335346,2.4010401431913095,2.4010401431913095,5.764993769216145,-2.4010401431913095,"[0.255973,0.085582,0.023329,0.181893,0.453223]",0.453223,0.19724999999999998,4,0,0,0,False,False
candidate_popart_critic_target,sa_ghmappo,61,18,dev_03_state_10,ebe2739e96e527d82f495d7e680acc3138491d2e16ff51c3923b53550c15ae25,dev_03,3,True,True,True,before_or_at,0.3,complete_fixed_behavior_discounted_return_not_vpi,74.92928109736579,77.88035726065706,0.38717149481168134,2.951076163291276,2.951076163291276,8.708850521545958,-2.951076163291276,"[0.234818,0.0,0.020222,0.181895,0.563065]",0.563065,0.32824700000000007,4,4,4,4,False,False
candidate_popart_critic_target,sa_ghmappo,61,18,dev_03_state_11,6f4069e08051d555eb68fe1fc24e55e73bd96f49eec834dcd284e6fcc78d573c,dev_03,4,True,False,True,before_or_at,0.4,complete_fixed_behavior_discounted_return_not_vpi,75.39606346424462,77.87644230840259,0.3870094521760925,2.4803788441579684,2.4803788441579684,6.1522792105464195,-2.4803788441579684,"[0.245347,0.0789,0.020335,0.182113,0.473306]",0.473306,0.227959,4,0,0,0,False,False
candidate_popart_critic_target,sa_ghmappo,61,18,dev_03_state_12,3280b55b15e26af81785ba01c8673bf4d36b50b213800bb4ae9d9639e7519111,dev_03,4,True,False,True,before_or_at,0.3,complete_fixed_behavior_discounted_return_not_vpi,74.92928109736579,77.87576002776179,0.3869812120990592,2.9464789303959975,2.9464789303959975,8.681738087267542,-2.9464789303959975,"[0.24642,0.078397,0.020261,0.181699,0.473223]",0.473223,0.226803,4,0,0,0,False,False
control_raw_critic_target,mappo,7,6,dev_00_state_01,2cb31cda5fedadef13eb6ef29f9fb864a9636c64a8a0b599c358ab8e79aa2f2e,dev_00,0,True,False,True,before_or_at,0.0,complete_fixed_behavior_discounted_return_not_vpi,99.16542974483956,2.437793254852295,2.437793254852295,-96.72763648998726,96.72763648998726,9356.235660939115,96.72763648998726,"[0.224908,0.145339,0.053237,0.052439,0.524077]",0.524077,0.299169,4,4,4,4,False,False
control_raw_critic_target,mappo,7,6,dev_00_state_02,4fe79a7d2f5b835a26cde6caefb444f6301c270d44971bde40489a612dd2b391,dev_00,1,True,False,True,before_or_at,0.14285714285714285,complete_fixed_behavior_discounted_return_not_vpi,99.43405463063405,2.3952982425689697,2.3952982425689697,-97.03875638806508,97.03875638806508,9416.520241342241,97.03875638806508,"[0.222882,0.146878,0.054131,0.052912,0.523197]",0.523197,0.300315,4,4,4,4,False,False
control_raw_critic_target,mappo,7,6,dev_00_state_03,c47e6b288039285428aafce3d49684ca2d11b023896665b0b3daac8a9dcaa176,dev_00,1,True,True,True,before_or_at,0.14285714285714285,complete_fixed_behavior_discounted_return_not_vpi,99.43405463063405,2.3944079875946045,2.3944079875946045,-97.03964664303945,97.03964664303945,9416.693020605957,97.03964664303945,"[0.264373,0.0,0.060938,0.060238,0.614451]",0.614451,0.35007799999999994,4,4,4,4,False,False
control_raw_critic_target,mappo,7,6,dev_00_state_04,db2399dc4a1846b64b81f411e0237050b1ffd324fd9a4bd78478baf6f2a1e9df,dev_00,2,False,True,True,before_or_at,0.2857142857142857,complete_fixed_behavior_discounted_return_not_vpi,99.63275207083052,2.41587233543396,2.41587233543396,-97.21687973539656,97.21687973539656,9451.12170548656,97.21687973539656,"[0.26454,0.0,0.058975,0.058637,0.617849]",0.617849,0.353309,4,4,4,4,False,False
control_raw_critic_target,mappo,7,6,dev_00_state_05,b439a8ded6b7704f73b9af3aad6b5a11f4e642b89173768c49bca3fb2b8e11e1,dev_00,2,False,False,True,before_or_at,0.2857142857142857,complete_fixed_behavior_discounted_return_not_vpi,99.63275207083052,2.3908607959747314,2.3908607959747314,-97.24189127485579,97.24189127485579,9455.985418710874,97.24189127485579,"[0.221839,0.141222,0.052936,0.051564,0.532439]",0.532439,0.3106,4,4,4,4,False,False
control_raw_critic_target,mappo,7,6,dev_00_state_06,05d5cb2b4cdc84a07f67d30b6d40026f1ae9404889525cd1fd230abd3ad151ac,dev_00,3,True,True,True,before_or_at,0.42857142857142855,complete_fixed_behavior_discounted_return_not_vpi,99.98305426895568,2.468580722808838,2.468580722808838,-97.51447354614685,97.51447354614685,9509.072550982173,97.51447354614685,"[0.268267,0.0,0.05974,0.059988,0.612005]",0.612005,0.34373800000000004,4,4,4,4,False,False
control_raw_critic_target,mappo,7,6,dev_00_state_07,be44ebe79f69d66fa111d2fd9181f41a47efe8ab066cbd91663de162f21bfdca,dev_00,3,True,True,True,before_or_at,0.42857142857142855,complete_fixed_behavior_discounted_return_not_vpi,99.98305426895568,2.468580722808838,2.468580722808838,-97.51447354614685,97.51447354614685,9509.072550982173,97.51447354614685,"[0.268267,0.0,0.05974,0.059988,0.612005]",0.612005,0.34373800000000004,4,4,4,4,False,False
control_raw_critic_target,mappo,7,6,dev_00_state_08,54b81637eaa22690c2f9140cabc601d934d118af96613f57981add5ac63c1553,dev_00,3,True,True,True,before_or_at,0.2857142857142857,complete_fixed_behavior_discounted_return_not_vpi,99.63275207083052,2.5039403438568115,2.5039403438568115,-97.12881172697371,97.12881172697371,9434.006067493905,97.12881172697371,"[0.270259,0.0,0.058476,0.059319,0.611947]",0.611947,0.341688,4,4,4,4,False,False
control_raw_critic_target,mappo,7,6,dev_00_state_09,4c5424ef8068127f88abfde3c8019231c91f8960d17e43927afbffc74d0ef8a3,dev_00,3,False,True,True,before_or_at,0.42857142857142855,complete_fixed_behavior_discounted_return_not_vpi,99.98305426895568,2.40665340423584,2.40665340423584,-97.57640086471984,97.57640086471984,9521.1540057125,97.57640086471984,"[0.263493,0.0,0.060102,0.059301,0.617104]",0.617104,0.353611,4,4,4,4,False,False
control_raw_critic_target,mappo,7,6,dev_00_state_10,56cb3633f940a0aa4754de669549dee3763dc62aa8d33e8feb481d858f69cc45,dev_00,3,False,True,True,before_or_at,0.42857142857142855,complete_fixed_behavior_discounted_return_not_vpi,99.98305426895568,2.40665340423584,2.40665340423584,-97.57640086471984,97.57640086471984,9521.1540057125,97.57640086471984,"[0.263493,0.0,0.060102,0.059301,0.617104]",0.617104,0.353611,4,4,4,4,False,False
control_raw_critic_target,mappo,7,6,dev_00_state_11,616869b075de6c2da36a5545c9128137f476e5cb4f0ae4851e0c1b46d0deef42,dev_00,3,False,True,True,before_or_at,0.2857142857142857,complete_fixed_behavior_discounted_return_not_vpi,99.63275207083052,2.441138744354248,2.441138744354248,-97.19161332647627,97.19161332647627,9446.20970100328,97.19161332647627,"[0.265493,0.0,0.058901,0.058665,0.616941]",0.616941,0.351448,4,4,4,4,False,False
control_raw_critic_target,mappo,7,6,dev_00_state_12,50772a9d479dd040bdfcd26f5a4e632848da15cc67dcf85fb3ae790c04749004,dev_00,4,True,True,True,before_or_at,0.5714285714285714,complete_fixed_behavior_discounted_return_not_vpi,100.22152414584981,2.4975078105926514,2.4975078105926514,-97.72401633525716,97.72401633525716,9549.983368693609,97.72401633525716,"[0.270302,0.0,0.058648,0.05954,0.61151]",0.61151,0.341208,4,4,4,4,False,False
control_raw_critic_target,mappo,7,6,dev_01_state_01,a4bbd832c514e8ecb281380734580807ec9ec04ce04b6be662dd729667c979e5,dev_01,0,True,False,True,before_or_at,0.0,complete_fixed_behavior_discounted_return_not_vpi,75.65614047157035,2.421926259994507,2.421926259994507,-73.23421421157585,73.23421421157585,5363.250131186977,73.23421421157585,"[0.22203,0.148262,0.053433,0.052511,0.523765]",0.523765,0.30173500000000003,4,4,4,4,False,False
control_raw_critic_target,mappo,7,6,dev_01_state_02,63fee8a32f4b1c8d4d78562135b7b123d9efca8ef1fd10c52757463ac3a4c28b,dev_01,1,True,False,True,before_or_at,0.125,complete_fixed_behavior_discounted_return_not_vpi,99.13967366563787,2.4453752040863037,2.4453752040863037,-96.69429846155157,96.69429846155157,9349.787354971613,96.69429846155157,"[0.222682,0.147987,0.052942,0.052537,0.523853]",0.523853,0.301171,4,4,4,4,False,False
control_raw_critic_target,mappo,7,6,dev_01_state_03,c559429297df4987fbb22dd07eedba631d6c671c0ff9130cbe932ee596739c54,dev_01,1,True,True,True,before_or_at,0.125,complete_fixed_behavior_discounted_return_not_vpi,99.13967366563787,2.457948923110962,2.457948923110962,-96.68172474252691,96.68172474252691,9347.35589918974,96.68172474252691,"[0.265771,0.0,0.059717,0.060168,0.614345]",0.614345,0.34857400000000005,4,4,4,4,False,False
control_raw_critic_target,mappo,7,6,dev_01_state_04,7358d67bd36c9a85cc6e8138adeb39b8726469ca30f20c1f0942cc3f76de4651,dev_01,2,True,False,True,before_or_at,0.25,complete_fixed_behavior_discounted_return_not_vpi,99.35350480891441,2.4133424758911133,2.4133424758911133,-96.9401623330233,96.9401623330233,9397.395073152908,96.9401623330233,"[0.222649,0.147717,0.05369,0.052797,0.523147]",0.523147,0.30049800000000004,4,4,4,4,False,False
control_raw_critic_target,mappo,7,6,dev_01_state_05,0763b046fa0b532b554b052e7a0878b9d194acdb61a7240efa1f797b157b13db,dev_01,2,True,True,True,before_or_at,0.25,complete_fixed_behavior_discounted_return_not_vpi,99.35350480891441,2.427569627761841,2.427569627761841,-96.92593518115257,96.92593518115257,9394.636910740988,96.92593518115257,"[0.266,0.0,0.060435,0.060372,0.613192]",0.613192,0.34719199999999995,4,4,4,4,False,False
control_raw_critic_target,mappo,7,6,dev_01_state_06,fd2e5861fe027bcb3635018576d2d5ce1b9b63d2b09ed94737c380749ee87049,dev_01,3,False,True,True,before_or_at,0.375,complete_fixed_behavior_discounted_return_not_vpi,99.53944465087416,2.367314338684082,2.367314338684082,-97.17213031219008,97.17213031219008,9442.42290940925,97.17213031219008,"[0.260065,0.0,0.060258,0.059436,0.620241]",0.620241,0.36017600000000005,4,4,4,4,False,False
control_raw_critic_target,mappo,7,6,dev_01_state_07,183ebb194b29cf885e5c212fd6e18171c5539439db50572f3120f6c0133c5049,dev_01,3,False,True,True,before_or_at,0.375,complete_fixed_behavior_discounted_return_not_vpi,99.53944465087416,2.3683388233184814,2.3683388233184814,-97.17110582755568,97.17110582755568,9442.223807750024,97.17110582755568,"[0.260168,0.0,0.06025,0.059442,0.62014]",0.62014,0.359972,4,4,4,4,False,False
control_raw_critic_target,mappo,7,6,dev_01_state_08,d2bf64fb9b88e145885e5ed0f74f9f639967dd914d669e6f6d9e93f684a95a73,dev_01,4,True,True,True,before_or_at,0.5,complete_fixed_behavior_discounted_return_not_vpi,99.72721960667732,2.5013883113861084,2.5013883113861084,-97.22583129529121,97.22583129529121,9452.862271060429,97.22583129529121,"[0.268221,0.0,0.059014,0.059752,0.613013]",0.613013,0.34479200000000004,4,4,4,4,False,False
control_raw_critic_target,mappo,7,6,dev_01_state_09,13fb32efb5dd998abdd32f46158b290acced91d28620d9d15377f2694497b912,dev_01,4,True,True,True,before_or_at,0.5,complete_fixed_behavior_discounted_return_not_vpi,99.72721960667732,2.5013883113861084,2.5013883113861084,-97.22583129529121,97.22583129529121,9452.862271060429,97.22583129529121,"[0.268221,0.0,0.059014,0.059752,0.613013]",0.613013,0.34479200000000004,4,4,4,4,False,False
control_raw_critic_target,mappo,7,6,dev_01_state_10,501e02f271270613a795072dd11d6876f63160ede7c17cfbe7ee893e5b1aa82c,dev_01,4,True,True,True,before_or_at,0.375,complete_fixed_behavior_discounted_return_not_vpi,99.53944465087416,2.470526933670044,2.470526933670044,-97.06891771720412,97.06891771720412,9422.374786789343,97.06891771720412,"[0.266655,0.0,0.059737,0.060017,0.613591]",0.613591,0.346936,4,4,4,4,False,False
control_raw_critic_target,mappo,7,6,dev_01_state_11,e0c6c2402de2864424b773d58c1fc72a6bc09419a54d0cbe2f5f07d795a22db3,dev_01,4,True,True,True,before_or_at,0.5,complete_fixed_behavior_discounted_return_not_vpi,99.72721960667732,2.5019052028656006,2.5019052028656006,-97.22531440381172,97.22531440381172,9452.761760920039,97.22531440381172,"[0.268246,0.0,0.059003,0.059745,0.613006]",0.613006,0.34476000000000007,4,4,4,4,False,False
control_raw_critic_target,mappo,7,6,dev_01_state_12,87eae5e2295dff0be0c0317d62480330e70116056ccb6207b9f0f698ac011e38,dev_01,4,True,True,True,before_or_at,0.5,complete_fixed_behavior_discounted_return_not_vpi,99.72721960667732,2.5019052028656006,2.5019052028656006,-97.22531440381172,97.22531440381172,9452.761760920039,97.22531440381172,"[0.268246,0.0,0.059003,0.059745,0.613006]",0.613006,0.34476000000000007,4,4,4,4,False,False
control_raw_critic_target,mappo,7,6,dev_02_state_01,aacd1cc47660f831ce532b266ce3478bb22e2c78d466e47472c937aafefcacfb,dev_02,0,True,False,True,before_or_at,0.0,complete_fixed_behavior_discounted_return_not_vpi,75.58016750117106,2.3252851963043213,2.3252851963043213,-73.25488230486674,73.25488230486674,5366.277781499878,73.25488230486674,"[0.221311,0.143557,0.055341,0.052498,0.527294]",0.527294,0.305983,4,4,4,4,False,False
control_raw_critic_target,mappo,7,6,dev_02_state_02,65837e8c4e1042b18b8987e46d37b1081f660135fc906dde8659dd34bcb25e18,dev_02,1,True,False,True,before_or_at,0.2,complete_fixed_behavior_discounted_return_not_vpi,75.81651346531233,2.2914764881134033,2.2914764881134033,-73.52503697719892,73.52503697719892,5405.931062498469,73.52503697719892,"[0.22036,0.144383,0.056048,0.05294,0.52627]",0.52627,0.30591,4,4,4,4,False,False
control_raw_critic_target,mappo,7,6,dev_02_state_03,788bd1c71ab6c0f94f77fdf24a1874af9e74d3c3e59586a4d8fd42a2d4a722a2,dev_02,1,True,True,True,before_or_at,0.2,complete_fixed_behavior_discounted_return_not_vpi,75.57148846531233,2.281578302383423,2.281578302383423,-73.2899101629289,73.2899101629289,5371.4109316901895,73.2899101629289,"[0.260549,0.0,0.062937,0.060205,0.61631]",0.61631,0.35576100000000005,4,4,4,4,False,False
control_raw_critic_target,mappo,7,6,dev_02_state_04,73424c66a5e9ad4241b9fb8e38cb02b30333c2e9611126a6c2f2661d805079c5,dev_02,2,True,True,True,before_or_at,0.4,complete_fixed_behavior_discounted_return_not_vpi,75.76470591996298,2.370241165161133,2.370241165161133,-73.39446475480185,73.39446475480185,5386.7474566438505,73.39446475480185,"[0.264674,0.0,0.06135,0.059787,0.614189]",0.614189,0.34951499999999996,4,4,4,4,False,False
control_raw_critic_target,mappo,7,6,dev_02_state_05,07a0c6f5a831ee8a70a2e4f82ae69cc5df3eb3540cdda40dc84dfab435b8d8ac,dev_02,2,False,True,True,before_or_at,0.4,complete_fixed_behavior_discounted_return_not_vpi,75.76470591996298,2.2904412746429443,2.2904412746429443,-73.47426464532003,73.47426464532003,5398.467565170526,73.47426464532003,"[0.258858,0.0,0.06199,0.059102,0.620051]",0.620051,0.36119300000000004,4,4,4,4,False,False
control_raw_critic_target,mappo,7,6,dev_02_state_06,cd47e258d721757c11ea4050f051bb017e502287edeba848b9bb4aed7aa04c14,dev_02,3,True,True,True,before_or_at,0.6,complete_fixed_behavior_discounted_return_not_vpi,75.75848028252462,2.3608970642089844,2.3608970642089844,-73.39758321831563,73.39758321831563,5387.205222289568,73.39758321831563,"[0.264358,0.0,0.061384,0.059897,0.614361]",0.614361,0.35000300000000006,4,4,4,4,False,False
control_raw_critic_target,mappo,7,6,dev_02_state_07,446e55a68c01f9b6b3d75b3584e53818ff209784976039bdb016348e222bb7bc,dev_02,3,False,True,True,before_or_at,0.6,complete_fixed_behavior_discounted_return_not_vpi,75.75848028252462,2.2866058349609375,2.2866058349609375,-73.47187444756368,73.47187444756368,5398.116334838561,73.47187444756368,"[0.258961,0.0,0.061939,0.059222,0.619878]",0.619878,0.36091700000000004,4,4,4,4,False,False
control_raw_critic_target,mappo,7,6,dev_02_state_08,da66deba85e976a12ee91266832b3fe4996e44cc0333ff92fe0fb0072b304773,dev_02,3,False,True,True,before_or_at,0.4,complete_fixed_behavior_discounted_return_not_vpi,75.76470591996298,2.2725703716278076,2.2725703716278076,-73.49213554833517,73.49213554833517,5401.09398745487,73.49213554833517,"[0.25823,0.0,0.062029,0.059091,0.62065]",0.62065,0.36242,4,4,4,4,False,False
control_raw_critic_target,mappo,7,6,dev_02_state_09,9b17e313c9c022b073c532cab790a8e4bbbfb88e37c386bc4de0316793e72b69,dev_02,4,True,False,True,before_or_at,0.8,complete_fixed_behavior_discounted_return_not_vpi,100.75270180026362,2.3427586555480957,2.3427586555480957,-98.40994314471553,98.40994314471553,9684.516909746142,98.40994314471553,"[0.223948,0.14143,0.055286,0.052995,0.526341]",0.526341,0.3023929999999999,4,4,4,4,False,False
control_raw_critic_target,mappo,7,6,dev_02_state_10,e6a58b6c7a7e16fa45b8c640dbd4b125a27da61dec2113082cdfa830027b3bfb,dev_02,4,True,False,True,before_or_at,0.8,complete_fixed_behavior_discounted_return_not_vpi,75.75270180026362,2.3427586555480957,2.3427586555480957,-73.40994314471553,73.40994314471553,5389.019752510366,73.40994314471553,"[0.223948,0.14143,0.055286,0.052995,0.526341]",0.526341,0.3023929999999999,4,4,4,4,False,False
control_raw_critic_target,mappo,7,6,dev_02_state_11,5fbcd355ad6ef625fe912c4a3485f5db6bcdb20e7b2dcdd955d3fe332063d473,dev_02,4,True,False,True,before_or_at,0.6,complete_fixed_behavior_discounted_return_not_vpi,75.75848028252462,2.358961343765259,2.358961343765259,-73.39951893875936,73.39951893875936,5387.489380441293,73.39951893875936,"[0.222416,0.141491,0.054869,0.05259,0.528634]",0.528634,0.30621800000000005,4,4,4,4,False,False
control_raw_critic_target,mappo,7,6,dev_02_state_12,fdd3f8ff3f38604c74d277ed795fde0f3d9fa09eb963e4d8820de9b76534d356,dev_02,4,True,False,True,after,0.6,complete_fixed_behavior_discounted_return_not_vpi,100.50848028252462,2.358961343765259,2.358961343765259,-98.14951893875936,98.14951893875936,9633.328067909883,98.14951893875936,"[0.222416,0.141491,0.054869,0.05259,0.528634]",0.528634,0.30621800000000005,4,4,4,4,False,False
control_raw_critic_target,mappo,7,6,dev_03_state_01,62750fc5f603af0e58fc56236599571502c69cfa558f3283ab10e1bc858471ae,dev_03,0,True,False,True,before_or_at,0.0,complete_fixed_behavior_discounted_return_not_vpi,75.32227037485364,2.244908094406128,2.244908094406128,-73.07736228044752,73.07736228044752,5340.300877867773,73.07736228044752,"[0.213478,0.151499,0.056627,0.053787,0.524609]",0.524609,0.311131,4,4,4,4,False,False
control_raw_critic_target,mappo,7,6,dev_03_state_02,49dc0c665e7c8d1673bc0818a98dec317568afa99b48ce13b276daf91fdf1003,dev_03,1,True,False,True,before_or_at,0.1,complete_fixed_behavior_discounted_return_not_vpi,75.2654274086768,2.252548933029175,2.252548933029175,-73.01287847564763,73.01287847564763,5330.880423299688,73.01287847564763,"[0.214529,0.15074,0.056477,0.05381,0.524444]",0.524444,0.30991500000000005,4,4,4,4,False,False
control_raw_critic_target,mappo,7,6,dev_03_state_03,5c249417d557afb821d09652c2ced9028d3dd95a2292007d63fec0a2af97227d,dev_03,1,True,True,True,before_or_at,0.1,complete_fixed_behavior_discounted_return_not_vpi,75.2654274086768,2.34098744392395,2.34098744392395,-72.92443996475285,72.92443996475285,5317.9739441728425,72.92443996475285,"[0.264057,0.0,0.062775,0.061704,0.611465]",0.611465,0.34740800000000005,4,4,4,4,False,False
control_raw_critic_target,mappo,7,6,dev_03_state_04,f5f32654c6274248e0d209cab36df9f70fd51f283f1cd0807581b37e93a74a25,dev_03,2,False,False,True,before_or_at,0.2,complete_fixed_behavior_discounted_return_not_vpi,75.46738204163074,2.160726308822632,2.160726308822632,-73.30665573280811,73.30665573280811,5373.865774728448,73.30665573280811,"[0.210044,0.149315,0.057402,0.053561,0.529678]",0.529678,0.319634,4,4,4,4,False,False
control_raw_critic_target,mappo,7,6,dev_03_state_05,6cc42ee25dea2b20e7ddf5c4193dae1de54521b21ce67836be05490494a0b931,dev_03,2,True,False,True,before_or_at,0.2,complete_fixed_behavior_discounted_return_not_vpi,75.22963452915576,2.2998783588409424,2.2998783588409424,-72.92975617031482,72.92975617031482,5318.749335061572,72.92975617031482,"[0.217665,0.148706,0.055965,0.053633,0.524031]",0.524031,0.306366,4,4,4,4,False,False
control_raw_critic_target,mappo,7,6,dev_03_state_06,1217155fad78690dd6f9e30d323674dca8a13a10b95a50b6354593aed403e43d,dev_03,3,True,True,True,before_or_at,0.3,complete_fixed_behavior_discounted_return_not_vpi,75.17185584736579,2.349759101867676,2.349759101867676,-72.82209674549811,72.82209674549811,5303.057774410687,72.82209674549811,"[0.260553,0.0,0.061867,0.060497,0.617082]",0.617082,0.35652900000000004,4,4,4,4,False,False
control_raw_critic_target,mappo,7,6,dev_03_state_07,c9b593dfc8699de434ab870b13435c9305897d412b8dedc394c04fd20511d413,dev_03,3,False,True,True,before_or_at,0.2,complete_fixed_behavior_discounted_return_not_vpi,75.22963452915576,2.2485079765319824,2.2485079765319824,-72.98112655262378,72.98112655262378,5326.244832890087,72.98112655262378,"[0.258444,0.0,0.063589,0.061148,0.61682]",0.61682,0.35837600000000003,4,4,4,4,False,False
control_raw_critic_target,mappo,7,6,dev_03_state_08,6b17f75e0e3f5de80f49678d788da5519dddc9cc9bd584c0ee650b8d7219e7b6,dev_03,3,True,True,True,before_or_at,0.3,complete_fixed_behavior_discounted_return_not_vpi,75.4120048498658,2.308309316635132,2.308309316635132,-73.10369553323066,73.10369553323066,5344.150300615289,73.10369553323066,"[0.258739,0.0,0.062679,0.060954,0.617627]",0.617627,0.35888800000000004,4,4,4,4,False,False
control_raw_critic_target,mappo,7,6,dev_03_state_09,0ccde0ef6c389b7341f4f1ea7beb149b259aad13dd1630dab7db376142e1073a,dev_03,3,False,False,True,before_or_at,0.2,complete_fixed_behavior_discounted_return_not_vpi,75.46738204163074,2.1378321647644043,2.1378321647644043,-73.32954987686634,73.32954987686634,5377.222885143828,73.32954987686634,"[0.209253,0.149223,0.057545,0.053599,0.530381]",0.530381,0.32112799999999997,4,4,4,4,False,False
control_raw_critic_target,mappo,7,6,dev_03_state_10,ebe2739e96e527d82f495d7e680acc3138491d2e16ff51c3923b53550c15ae25,dev_03,3,True,True,True,before_or_at,0.3,complete_fixed_behavior_discounted_return_not_vpi,74.92928109736579,2.4062297344207764,2.4062297344207764,-72.52305136294501,72.52305136294501,5259.59297899236,72.52305136294501,"[0.266239,0.0,0.061294,0.060805,0.611662]",0.611662,0.34542300000000004,4,4,4,4,False,False
control_raw_critic_target,mappo,7,6,dev_03_state_11,6f4069e08051d555eb68fe1fc24e55e73bd96f49eec834dcd284e6fcc78d573c,dev_03,4,True,False,True,before_or_at,0.4,complete_fixed_behavior_discounted_return_not_vpi,75.39606346424462,2.286309003829956,2.286309003829956,-73.10975446041466,73.10975446041466,5345.036197262122,73.10975446041466,"[0.216567,0.14895,0.056086,0.053766,0.524631]",0.524631,0.30806399999999995,4,4,4,4,False,False
control_raw_critic_target,mappo,7,6,dev_03_state_12,3280b55b15e26af81785ba01c8673bf4d36b50b213800bb4ae9d9639e7519111,dev_03,4,True,False,True,before_or_at,0.3,complete_fixed_behavior_discounted_return_not_vpi,74.92928109736579,2.3393023014068604,2.3393023014068604,-72.58997879595893,72.58997879595893,5269.305021597766,72.58997879595893,"[0.218124,0.146326,0.055058,0.053102,0.52739]",0.52739,0.30926600000000004,4,4,4,4,False,False
control_raw_critic_target,mappo,17,6,dev_00_state_01,2cb31cda5fedadef13eb6ef29f9fb864a9636c64a8a0b599c358ab8e79aa2f2e,dev_00,0,True,False,True,before_or_at,0.0,complete_fixed_behavior_discounted_return_not_vpi,99.16542974483956,2.668281078338623,2.668281078338623,-96.49714866650093,96.49714866650093,9311.699700764782,96.49714866650093,"[0.180794,0.182653,0.048773,0.068802,0.518978]",0.518978,0.33632500000000004,4,4,4,4,False,False
control_raw_critic_target,mappo,17,6,dev_00_state_02,4fe79a7d2f5b835a26cde6caefb444f6301c270d44971bde40489a612dd2b391,dev_00,1,True,False,True,before_or_at,0.14285714285714285,complete_fixed_behavior_discounted_return_not_vpi,99.43405463063405,2.6346240043640137,2.6346240043640137,-96.79943062627004,96.79943062627004,9370.129769570065,96.79943062627004,"[0.180164,0.182434,0.048964,0.068691,0.519748]",0.519748,0.337314,4,4,4,4,False,False
control_raw_critic_target,mappo,17,6,dev_00_state_03,c47e6b288039285428aafce3d49684ca2d11b023896665b0b3daac8a9dcaa176,dev_00,1,True,True,True,before_or_at,0.14285714285714285,complete_fixed_behavior_discounted_return_not_vpi,99.43405463063405,2.703535556793213,2.703535556793213,-96.73051907384084,96.73051907384084,9356.793320294686,96.73051907384084,"[0.21842,0.0,0.059814,0.082414,0.639353]",0.639353,0.42093299999999995,4,4,4,4,False,False
control_raw_critic_target,mappo,17,6,dev_00_state_04,db2399dc4a1846b64b81f411e0237050b1ffd324fd9a4bd78478baf6f2a1e9df,dev_00,2,False,True,True,before_or_at,0.2857142857142857,complete_fixed_behavior_discounted_return_not_vpi,99.63275207083052,2.7043745517730713,2.7043745517730713,-96.92837751905745,96.92837751905745,9395.110368476922,96.92837751905745,"[0.217798,0.0,0.060749,0.082808,0.638645]",0.638645,0.420847,4,4,4,4,False,False
control_raw_critic_target,mappo,17,6,dev_00_state_05,b439a8ded6b7704f73b9af3aad6b5a11f4e642b89173768c49bca3fb2b8e11e1,dev_00,2,False,False,True,before_or_at,0.2857142857142857,complete_fixed_behavior_discounted_return_not_vpi,99.63275207083052,2.627126693725586,2.627126693725586,-97.00562537710493,97.00562537710493,9410.091354803224,97.00562537710493,"[0.179231,0.18219,0.049923,0.069096,0.51956]",0.51956,0.33737000000000006,4,4,4,4,False,False
control_raw_critic_target,mappo,17,6,dev_00_state_06,05d5cb2b4cdc84a07f67d30b6d40026f1ae9404889525cd1fd230abd3ad151ac,dev_00,3,True,True,True,before_or_at,0.42857142857142855,complete_fixed_behavior_discounted_return_not_vpi,99.98305426895568,2.7381539344787598,2.7381539344787598,-97.24490033447692,97.24490033447692,9456.57064106235,97.24490033447692,"[0.219203,0.0,0.058918,0.081772,0.640107]",0.640107,0.42090399999999994,4,4,4,4,False,False
control_raw_critic_target,mappo,17,6,dev_00_state_07,be44ebe79f69d66fa111d2fd9181f41a47efe8ab066cbd91663de162f21bfdca,dev_00,3,True,True,True,before_or_at,0.42857142857142855,complete_fixed_behavior_discounted_return_not_vpi,99.98305426895568,2.7381539344787598,2.7381539344787598,-97.24490033447692,97.24490033447692,9456.57064106235,97.24490033447692,"[0.219203,0.0,0.058918,0.081772,0.640107]",0.640107,0.42090399999999994,4,4,4,4,False,False
control_raw_critic_target,mappo,17,6,dev_00_state_08,54b81637eaa22690c2f9140cabc601d934d118af96613f57981add5ac63c1553,dev_00,3,True,True,True,before_or_at,0.2857142857142857,complete_fixed_behavior_discounted_return_not_vpi,99.63275207083052,2.7700042724609375,2.7700042724609375,-96.86274779836958,96.86274779836958,9382.391911050552,96.86274779836958,"[0.219806,0.0,0.058837,0.081834,0.639523]",0.639523,0.41971699999999995,4,4,4,4,False,False
control_raw_critic_target,mappo,17,6,dev_00_state_09,4c5424ef8068127f88abfde3c8019231c91f8960d17e43927afbffc74d0ef8a3,dev_00,3,False,True,True,before_or_at,0.42857142857142855,complete_fixed_behavior_discounted_return_not_vpi,99.98305426895568,2.6795878410339355,2.6795878410339355,-97.30346642792175,97.30346642792175,9467.964578889694,97.30346642792175,"[0.217819,0.0,0.060403,0.082852,0.638926]",0.638926,0.421107,4,4,4,4,False,False
control_raw_critic_target,mappo,17,6,dev_00_state_10,56cb3633f940a0aa4754de669549dee3763dc62aa8d33e8feb481d858f69cc45,dev_00,3,False,True,True,before_or_at,0.42857142857142855,complete_fixed_behavior_discounted_return_not_vpi,99.98305426895568,2.6795878410339355,2.6795878410339355,-97.30346642792175,97.30346642792175,9467.964578889694,97.30346642792175,"[0.217819,0.0,0.060403,0.082852,0.638926]",0.638926,0.421107,4,4,4,4,False,False
control_raw_critic_target,mappo,17,6,dev_00_state_11,616869b075de6c2da36a5545c9128137f476e5cb4f0ae4851e0c1b46d0deef42,dev_00,3,False,True,True,before_or_at,0.2857142857142857,complete_fixed_behavior_discounted_return_not_vpi,99.63275207083052,2.7181196212768555,2.7181196212768555,-96.91463244955366,96.91463244955366,9392.44598283208,96.91463244955366,"[0.218479,0.0,0.060239,0.082911,0.63837]",0.63837,0.419891,4,4,4,4,False,False
control_raw_critic_target,mappo,17,6,dev_00_state_12,50772a9d479dd040bdfcd26f5a4e632848da15cc67dcf85fb3ae790c04749004,dev_00,4,True,True,True,before_or_at,0.5714285714285714,complete_fixed_behavior_discounted_return_not_vpi,100.22152414584981,2.7652173042297363,2.7652173042297363,-97.45630684162008,97.45630684162008,9497.731743208004,97.45630684162008,"[0.218848,0.0,0.058621,0.081295,0.641237]",0.641237,0.42238899999999996,4,4,4,4,False,False
control_raw_critic_target,mappo,17,6,dev_01_state_01,a4bbd832c514e8ecb281380734580807ec9ec04ce04b6be662dd729667c979e5,dev_01,0,True,False,True,before_or_at,0.0,complete_fixed_behavior_discounted_return_not_vpi,75.65614047157035,2.631681203842163,2.631681203842163,-73.02445926772819,73.02445926772819,5332.571651344094,73.02445926772819,"[0.180367,0.183815,0.048701,0.069077,0.51804]",0.51804,0.33422499999999994,4,4,4,4,False,False
control_raw_critic_target,mappo,17,6,dev_01_state_02,63fee8a32f4b1c8d4d78562135b7b123d9efca8ef1fd10c52757463ac3a4c28b,dev_01,1,True,False,True,before_or_at,0.125,complete_fixed_behavior_discounted_return_not_vpi,99.13967366563787,2.6503262519836426,2.6503262519836426,-96.48934741365423,96.48934741365423,9310.194164312863,96.48934741365423,"[0.179943,0.183579,0.048206,0.068936,0.519336]",0.519336,0.335757,4,4,4,4,False,False
control_raw_critic_target,mappo,17,6,dev_01_state_03,c559429297df4987fbb22dd07eedba631d6c671c0ff9130cbe932ee596739c54,dev_01,1,True,True,True,before_or_at,0.125,complete_fixed_behavior_discounted_return_not_vpi,99.13967366563787,2.720334053039551,2.720334053039551,-96.41933961259832,96.41933961259832,9296.689051329571,96.41933961259832,"[0.218578,0.0,0.059011,0.082782,0.639629]",0.639629,0.421051,4,4,4,4,False,False
control_raw_critic_target,mappo,17,6,dev_01_state_04,7358d67bd36c9a85cc6e8138adeb39b8726469ca30f20c1f0942cc3f76de4651,dev_01,2,True,False,True,before_or_at,0.25,complete_fixed_behavior_discounted_return_not_vpi,99.35350480891441,2.6350362300872803,2.6350362300872803,-96.71846857882713,96.71846857882713,9354.46216423357,96.71846857882713,"[0.179741,0.183721,0.048404,0.068383,0.519751]",0.519751,0.33602999999999994,4,4,4,4,False,False
control_raw_critic_target,mappo,17,6,dev_01_state_05,0763b046fa0b532b554b052e7a0878b9d194acdb61a7240efa1f797b157b13db,dev_01,2,True,True,True,before_or_at,0.25,complete_fixed_behavior_discounted_return_not_vpi,99.35350480891441,2.710477828979492,2.710477828979492,-96.64302697993492,96.64302697993492,9339.874663844428,96.64302697993492,"[0.218414,0.0,0.059187,0.082111,0.640287]",0.640287,0.42187300000000005,4,4,4,4,False,False
control_raw_critic_target,mappo,17,6,dev_01_state_06,fd2e5861fe027bcb3635018576d2d5ce1b9b63d2b09ed94737c380749ee87049,dev_01,3,False,True,True,before_or_at,0.375,complete_fixed_behavior_discounted_return_not_vpi,99.53944465087416,2.643979072570801,2.643979072570801,-96.89546557830336,96.89546557830336,9388.731249636172,96.89546557830336,"[0.216042,0.0,0.061064,0.082768,0.640125]",0.640125,0.42408300000000004,4,4,4,4,False,False
control_raw_critic_target,mappo,17,6,dev_01_state_07,183ebb194b29cf885e5c212fd6e18171c5539439db50572f3120f6c0133c5049,dev_01,3,False,True,True,before_or_at,0.375,complete_fixed_behavior_discounted_return_not_vpi,99.53944465087416,2.644404172897339,2.644404172897339,-96.89504047797682,96.89504047797682,9388.648869228766,96.89504047797682,"[0.216055,0.0,0.061057,0.082761,0.640127]",0.640127,0.424072,4,4,4,4,False,False
control_raw_critic_target,mappo,17,6,dev_01_state_08,d2bf64fb9b88e145885e5ed0f74f9f639967dd914d669e6f6d9e93f684a95a73,dev_01,4,True,True,True,before_or_at,0.5,complete_fixed_behavior_discounted_return_not_vpi,99.72721960667732,2.744842290878296,2.744842290878296,-96.98237731579903,96.98237731579903,9405.58150982401,96.98237731579903,"[0.218996,0.0,0.058532,0.081692,0.640781]",0.640781,0.4217850000000001,4,4,4,4,False,False
control_raw_critic_target,mappo,17,6,dev_01_state_09,13fb32efb5dd998abdd32f46158b290acced91d28620d9d15377f2694497b912,dev_01,4,True,True,True,before_or_at,0.5,complete_fixed_behavior_discounted_return_not_vpi,99.72721960667732,2.744842290878296,2.744842290878296,-96.98237731579903,96.98237731579903,9405.58150982401,96.98237731579903,"[0.218996,0.0,0.058532,0.081692,0.640781]",0.640781,0.4217850000000001,4,4,4,4,False,False
control_raw_critic_target,mappo,17,6,dev_01_state_10,501e02f271270613a795072dd11d6876f63160ede7c17cfbe7ee893e5b1aa82c,dev_01,4,True,True,True,before_or_at,0.375,complete_fixed_behavior_discounted_return_not_vpi,99.53944465087416,2.723601818084717,2.723601818084717,-96.81584283278944,96.81584283278944,9373.307423423386,96.81584283278944,"[0.219212,0.0,0.058871,0.082102,0.639815]",0.639815,0.42060300000000006,4,4,4,4,False,False
control_raw_critic_target,mappo,17,6,dev_01_state_11,e0c6c2402de2864424b773d58c1fc72a6bc09419a54d0cbe2f5f07d795a22db3,dev_01,4,True,True,True,before_or_at,0.5,complete_fixed_behavior_discounted_return_not_vpi,99.72721960667732,2.745173931121826,2.745173931121826,-96.9820456755555,96.9820456755555,9405.517183415534,96.9820456755555,"[0.219006,0.0,0.05853,0.081683,0.64078]",0.64078,0.421774,4,4,4,4,False,False
control_raw_critic_target,mappo,17,6,dev_01_state_12,87eae5e2295dff0be0c0317d62480330e70116056ccb6207b9f0f698ac011e38,dev_01,4,True,True,True,before_or_at,0.5,complete_fixed_behavior_discounted_return_not_vpi,99.72721960667732,2.745173931121826,2.745173931121826,-96.9820456755555,96.9820456755555,9405.517183415534,96.9820456755555,"[0.219006,0.0,0.05853,0.081683,0.64078]",0.64078,0.421774,4,4,4,4,False,False
control_raw_critic_target,mappo,17,6,dev_02_state_01,aacd1cc47660f831ce532b266ce3478bb22e2c78d466e47472c937aafefcacfb,dev_02,0,True,False,True,before_or_at,0.0,complete_fixed_behavior_discounted_return_not_vpi,75.58016750117106,2.550502300262451,2.550502300262451,-73.02966520090861,73.02966520090861,5333.331999356802,73.02966520090861,"[0.177747,0.181167,0.049691,0.070057,0.521339]",0.521339,0.34017200000000003,4,4,4,4,False,False
control_raw_critic_target,mappo,17,6,dev_02_state_02,65837e8c4e1042b18b8987e46d37b1081f660135fc906dde8659dd34bcb25e18,dev_02,1,True,False,True,before_or_at,0.2,complete_fixed_behavior_discounted_return_not_vpi,75.81651346531233,2.527015447616577,2.527015447616577,-73.28949801769575,73.28949801769575,5371.350519685829,73.28949801769575,"[0.177287,0.180911,0.049605,0.069757,0.52244]",0.52244,0.341529,4,4,4,4,False,False
control_raw_critic_target,mappo,17,6,dev_02_state_03,788bd1c71ab6c0f94f77fdf24a1874af9e74d3c3e59586a4d8fd42a2d4a722a2,dev_02,1,True,True,True,before_or_at,0.2,complete_fixed_behavior_discounted_return_not_vpi,75.57148846531233,2.6200242042541504,2.6200242042541504,-72.95146426105818,72.95146426105818,5321.916137832449,72.95146426105818,"[0.214568,0.0,0.060444,0.083219,0.641768]",0.641768,0.4272,4,4,4,4,False,False
control_raw_critic_target,mappo,17,6,dev_02_state_04,73424c66a5e9ad4241b9fb8e38cb02b30333c2e9611126a6c2f2661d805079c5,dev_02,2,True,True,True,before_or_at,0.4,complete_fixed_behavior_discounted_return_not_vpi,75.76470591996298,2.6632630825042725,2.6632630825042725,-73.1014428374587,73.1014428374587,5343.820944918242,73.1014428374587,"[0.215465,0.0,0.059718,0.082616,0.642202]",0.642202,0.42673700000000003,4,4,4,4,False,False
control_raw_critic_target,mappo,17,6,dev_02_state_05,07a0c6f5a831ee8a70a2e4f82ae69cc5df3eb3540cdda40dc84dfab435b8d8ac,dev_02,2,False,True,True,before_or_at,0.4,complete_fixed_behavior_discounted_return_not_vpi,75.76470591996298,2.5925347805023193,2.5925347805023193,-73.17217113946066,73.17217113946066,5354.16662926252,73.17217113946066,"[0.213931,0.0,0.06146,0.083852,0.640757]",0.640757,0.42682600000000004,4,4,4,4,False,False
control_raw_critic_target,mappo,17,6,dev_02_state_06,cd47e258d721757c11ea4050f051bb017e502287edeba848b9bb4aed7aa04c14,dev_02,3,True,True,True,before_or_at,0.6,complete_fixed_behavior_discounted_return_not_vpi,75.75848028252462,2.6558547019958496,2.6558547019958496,-73.10262558052877,73.10262558052877,5343.9938667669785,73.10262558052877,"[0.214271,0.0,0.059677,0.081995,0.644056]",0.644056,0.429785,4,4,4,4,False,False
control_raw_critic_target,mappo,17,6,dev_02_state_07,446e55a68c01f9b6b3d75b3584e53818ff209784976039bdb016348e222bb7bc,dev_02,3,False,True,True,before_or_at,0.6,complete_fixed_behavior_discounted_return_not_vpi,75.75848028252462,2.581557035446167,2.581557035446167,-73.17692324707845,73.17692324707845,5354.86209590881,73.17692324707845,"[0.21273,0.0,0.06148,0.083282,0.642509]",0.642509,0.429779,4,4,4,4,False,False
control_raw_critic_target,mappo,17,6,dev_02_state_08,da66deba85e976a12ee91266832b3fe4996e44cc0333ff92fe0fb0072b304773,dev_02,3,False,True,True,before_or_at,0.4,complete_fixed_behavior_discounted_return_not_vpi,75.76470591996298,2.583242893218994,2.583242893218994,-73.18146302674398,73.18146302674398,5355.526530734696,73.18146302674398,"[0.213421,0.0,0.061741,0.083719,0.641119]",0.641119,0.427698,4,4,4,4,False,False
control_raw_critic_target,mappo,17,6,dev_02_state_09,9b17e313c9c022b073c532cab790a8e4bbbfb88e37c386bc4de0316793e72b69,dev_02,4,True,False,True,before_or_at,0.8,complete_fixed_behavior_discounted_return_not_vpi,100.75270180026362,2.5884199142456055,2.5884199142456055,-98.16428188601802,98.16428188601802,9636.226238197605,98.16428188601802,"[0.178751,0.179184,0.048292,0.068701,0.525072]",0.525072,0.345888,4,4,4,4,False,False
control_raw_critic_target,mappo,17,6,dev_02_state_10,e6a58b6c7a7e16fa45b8c640dbd4b125a27da61dec2113082cdfa830027b3bfb,dev_02,4,True,False,True,before_or_at,0.8,complete_fixed_behavior_discounted_return_not_vpi,75.75270180026362,2.5884199142456055,2.5884199142456055,-73.16428188601802,73.16428188601802,5353.012143896704,73.16428188601802,"[0.178751,0.179184,0.048292,0.068701,0.525072]",0.525072,0.345888,4,4,4,4,False,False
control_raw_critic_target,mappo,17,6,dev_02_state_11,5fbcd355ad6ef625fe912c4a3485f5db6bcdb20e7b2dcdd955d3fe332063d473,dev_02,4,True,False,True,before_or_at,0.6,complete_fixed_behavior_discounted_return_not_vpi,75.75848028252462,2.573225975036621,2.573225975036621,-73.185254307488,73.185254307488,5356.08144805169,73.185254307488,"[0.177697,0.178823,0.048954,0.069031,0.525495]",0.525495,0.34667200000000004,4,4,4,4,False,False
control_raw_critic_target,mappo,17,6,dev_02_state_12,fdd3f8ff3f38604c74d277ed795fde0f3d9fa09eb963e4d8820de9b76534d356,dev_02,4,True,False,True,after,0.6,complete_fixed_behavior_discounted_return_not_vpi,100.50848028252462,2.573225975036621,2.573225975036621,-97.935254307488,97.935254307488,9591.314036272346,97.935254307488,"[0.177697,0.178823,0.048954,0.069031,0.525495]",0.525495,0.34667200000000004,4,4,4,4,False,False
control_raw_critic_target,mappo,17,6,dev_03_state_01,62750fc5f603af0e58fc56236599571502c69cfa558f3283ab10e1bc858471ae,dev_03,0,True,False,True,before_or_at,0.0,complete_fixed_behavior_discounted_return_not_vpi,75.32227037485364,2.5611519813537598,2.5611519813537598,-72.76111839349988,72.76111839349988,5294.180349872907,72.76111839349988,"[0.179274,0.183468,0.049551,0.070245,0.517462]",0.517462,0.333994,4,4,4,4,False,False
control_raw_critic_target,mappo,17,6,dev_03_state_02,49dc0c665e7c8d1673bc0818a98dec317568afa99b48ce13b276daf91fdf1003,dev_03,1,True,False,True,before_or_at,0.1,complete_fixed_behavior_discounted_return_not_vpi,75.2654274086768,2.5744194984436035,2.5744194984436035,-72.6910079102332,72.6910079102332,5283.982631005585,72.6910079102332,"[0.17914,0.183701,0.049293,0.06983,0.518036]",0.518036,0.33433500000000005,4,4,4,4,False,False
control_raw_critic_target,mappo,17,6,dev_03_state_03,5c249417d557afb821d09652c2ced9028d3dd95a2292007d63fec0a2af97227d,dev_03,1,True,True,True,before_or_at,0.1,complete_fixed_behavior_discounted_return_not_vpi,75.2654274086768,2.6813697814941406,2.6813697814941406,-72.58405762718266,72.58405762718266,5268.445421626173,72.58405762718266,"[0.218046,0.0,0.059652,0.08305,0.639252]",0.639252,0.4212060000000001,4,4,4,4,False,False
control_raw_critic_target,mappo,17,6,dev_03_state_04,f5f32654c6274248e0d209cab36df9f70fd51f283f1cd0807581b37e93a74a25,dev_03,2,False,False,True,before_or_at,0.2,complete_fixed_behavior_discounted_return_not_vpi,75.46738204163074,2.5020248889923096,2.5020248889923096,-72.96535715263843,72.96535715263843,5323.943344412084,72.96535715263843,"[0.179392,0.18372,0.050617,0.070904,0.515367]",0.515367,0.331647,4,4,4,4,False,False
control_raw_critic_target,mappo,17,6,dev_03_state_05,6cc42ee25dea2b20e7ddf5c4193dae1de54521b21ce67836be05490494a0b931,dev_03,2,True,False,True,before_or_at,0.2,complete_fixed_behavior_discounted_return_not_vpi,75.22963452915576,2.615276336669922,2.615276336669922,-72.61435819248584,72.61435819248584,5272.845015706635,72.61435819248584,"[0.180711,0.182135,0.049012,0.069409,0.518733]",0.518733,0.336598,4,4,4,4,False,False
control_raw_critic_target,mappo,17,6,dev_03_state_06,1217155fad78690dd6f9e30d323674dca8a13a10b95a50b6354593aed403e43d,dev_03,3,True,True,True,before_or_at,0.3,complete_fixed_behavior_discounted_return_not_vpi,75.17185584736579,2.6975369453430176,2.6975369453430176,-72.47431890202277,72.47431890202277,5252.526900312096,72.47431890202277,"[0.217409,0.0,0.060094,0.082318,0.640179]",0.640179,0.4227700000000001,4,4,4,4,False,False
control_raw_critic_target,mappo,17,6,dev_03_state_07,c9b593dfc8699de434ab870b13435c9305897d412b8dedc394c04fd20511d413,dev_03,3,False,True,True,before_or_at,0.2,complete_fixed_behavior_discounted_return_not_vpi,75.22963452915576,2.61796236038208,2.61796236038208,-72.61167216877368,72.61167216877368,5272.4549351454625,72.61167216877368,"[0.217637,0.0,0.061423,0.08399,0.63695]",0.63695,0.41931300000000005,4,4,4,4,False,False
control_raw_critic_target,mappo,17,6,dev_03_state_08,6b17f75e0e3f5de80f49678d788da5519dddc9cc9bd584c0ee650b8d7219e7b6,dev_03,3,True,True,True,before_or_at,0.3,complete_fixed_behavior_discounted_return_not_vpi,75.4120048498658,2.6705398559570312,2.6705398559570312,-72.74146499390876,72.74146499390876,5291.320729460054,72.74146499390876,"[0.216619,0.0,0.060272,0.082803,0.640306]",0.640306,0.42368700000000004,4,4,4,4,False,False
control_raw_critic_target,mappo,17,6,dev_03_state_09,0ccde0ef6c389b7341f4f1ea7beb149b259aad13dd1630dab7db376142e1073a,dev_03,3,False,False,True,before_or_at,0.2,complete_fixed_behavior_discounted_return_not_vpi,75.46738204163074,2.4876036643981934,2.4876036643981934,-72.97977837723255,72.97977837723255,5326.048051989979,72.97977837723255,"[0.17903,0.183797,0.050937,0.070866,0.515369]",0.515369,0.331572,4,4,4,4,False,False
control_raw_critic_target,mappo,17,6,dev_03_state_10,ebe2739e96e527d82f495d7e680acc3138491d2e16ff51c3923b53550c15ae25,dev_03,3,True,True,True,before_or_at,0.3,complete_fixed_behavior_discounted_return_not_vpi,74.92928109736579,2.717374324798584,2.717374324798584,-72.2119067725672,72.2119067725672,5214.559479729937,72.2119067725672,"[0.21817,0.0,0.059669,0.081899,0.640261]",0.640261,0.422091,4,4,4,4,False,False
control_raw_critic_target,mappo,17,6,dev_03_state_11,6f4069e08051d555eb68fe1fc24e55e73bd96f49eec834dcd284e6fcc78d573c,dev_03,4,True,False,True,before_or_at,0.4,complete_fixed_behavior_discounted_return_not_vpi,75.39606346424462,2.60317325592041,2.60317325592041,-72.79289020832421,72.79289020832421,5298.804864881143,72.79289020832421,"[0.179855,0.182401,0.048802,0.069401,0.51954]",0.51954,0.33713899999999997,4,4,4,4,False,False
control_raw_critic_target,mappo,17,6,dev_03_state_12,3280b55b15e26af81785ba01c8673bf4d36b50b213800bb4ae9d9639e7519111,dev_03,4,True,False,True,before_or_at,0.3,complete_fixed_behavior_discounted_return_not_vpi,74.92928109736579,2.6298091411590576,2.6298091411590576,-72.29947195620673,72.29947195620673,5227.213645146324,72.29947195620673,"[0.179942,0.180928,0.04923,0.06907,0.52083]",0.52083,0.33990200000000004,4,4,4,4,False,False
control_raw_critic_target,mappo,29,12,dev_00_state_01,2cb31cda5fedadef13eb6ef29f9fb864a9636c64a8a0b599c358ab8e79aa2f2e,dev_00,0,True,False,True,before_or_at,0.0,complete_fixed_behavior_discounted_return_not_vpi,99.16542974483956,5.457671642303467,5.457671642303467,-93.70775810253609,93.70775810253609,8781.143928603418,93.70775810253609,"[0.218052,0.174842,0.015377,0.033574,0.558155]",0.558155,0.34010299999999993,4,4,4,4,False,False
control_raw_critic_target,mappo,29,12,dev_00_state_02,4fe79a7d2f5b835a26cde6caefb444f6301c270d44971bde40489a612dd2b391,dev_00,1,True,False,True,before_or_at,0.14285714285714285,complete_fixed_behavior_discounted_return_not_vpi,99.43405463063405,5.4514055252075195,5.4514055252075195,-93.98264910542653,93.98264910542653,8832.73833287373,93.98264910542653,"[0.21885,0.175154,0.015553,0.033778,0.556665]",0.556665,0.337815,4,4,4,4,False,False
control_raw_critic_target,mappo,29,12,dev_00_state_03,c47e6b288039285428aafce3d49684ca2d11b023896665b0b3daac8a9dcaa176,dev_00,1,True,True,True,before_or_at,0.14285714285714285,complete_fixed_behavior_discounted_return_not_vpi,99.43405463063405,5.462069988250732,5.462069988250732,-93.97198464238332,93.97198464238332,8830.733897628326,93.97198464238332,"[0.264947,0.0,0.01826,0.040922,0.675871]",0.675871,0.410924,4,4,4,4,False,False
control_raw_critic_target,mappo,29,12,dev_00_state_04,db2399dc4a1846b64b81f411e0237050b1ffd324fd9a4bd78478baf6f2a1e9df,dev_00,2,False,True,True,before_or_at,0.2857142857142857,complete_fixed_behavior_discounted_return_not_vpi,99.63275207083052,5.4554972648620605,5.4554972648620605,-94.17725480596846,94.17725480596846,8869.35532278831,94.17725480596846,"[0.264746,0.0,0.018689,0.040656,0.67591]",0.67591,0.41116400000000003,4,4,4,4,False,False
control_raw_critic_target,mappo,29,12,dev_00_state_05,b439a8ded6b7704f73b9af3aad6b5a11f4e642b89173768c49bca3fb2b8e11e1,dev_00,2,False,False,True,before_or_at,0.2857142857142857,complete_fixed_behavior_discounted_return_not_vpi,99.63275207083052,5.437564373016357,5.437564373016357,-94.19518769781416,94.19518769781416,8872.73338542644,94.19518769781416,"[0.219124,0.172572,0.016136,0.033705,0.558462]",0.558462,0.33933800000000003,4,4,4,4,False,False
control_raw_critic_target,mappo,29,12,dev_00_state_06,05d5cb2b4cdc84a07f67d30b6d40026f1ae9404889525cd1fd230abd3ad151ac,dev_00,3,True,True,True,before_or_at,0.42857142857142855,complete_fixed_behavior_discounted_return_not_vpi,99.98305426895568,5.474328994750977,5.474328994750977,-94.5087252742047,94.5087252742047,8931.8991529551,94.5087252742047,"[0.264642,0.0,0.017998,0.040734,0.676627]",0.676627,0.411985,4,4,4,4,False,False
control_raw_critic_target,mappo,29,12,dev_00_state_07,be44ebe79f69d66fa111d2fd9181f41a47efe8ab066cbd91663de162f21bfdca,dev_00,3,True,True,True,before_or_at,0.42857142857142855,complete_fixed_behavior_discounted_return_not_vpi,99.98305426895568,5.474328994750977,5.474328994750977,-94.5087252742047,94.5087252742047,8931.8991529551,94.5087252742047,"[0.264642,0.0,0.017998,0.040734,0.676627]",0.676627,0.411985,4,4,4,4,False,False
control_raw_critic_target,mappo,29,12,dev_00_state_08,54b81637eaa22690c2f9140cabc601d934d118af96613f57981add5ac63c1553,dev_00,3,True,True,True,before_or_at,0.2857142857142857,complete_fixed_behavior_discounted_return_not_vpi,99.63275207083052,5.476471900939941,5.476471900939941,-94.15628016989058,94.15628016989058,8865.40509543093,94.15628016989058,"[0.263537,0.0,0.017868,0.040509,0.678086]",0.678086,0.41454899999999995,4,4,4,4,False,False
control_raw_critic_target,mappo,29,12,dev_00_state_09,4c5424ef8068127f88abfde3c8019231c91f8960d17e43927afbffc74d0ef8a3,dev_00,3,False,True,True,before_or_at,0.42857142857142855,complete_fixed_behavior_discounted_return_not_vpi,99.98305426895568,5.460451126098633,5.460451126098633,-94.52260314285705,94.52260314285705,8934.52250490205,94.52260314285705,"[0.265862,0.0,0.018644,0.040812,0.674682]",0.674682,0.40882,4,4,4,4,False,False
control_raw_critic_target,mappo,29,12,dev_00_state_10,56cb3633f940a0aa4754de669549dee3763dc62aa8d33e8feb481d858f69cc45,dev_00,3,False,True,True,before_or_at,0.42857142857142855,complete_fixed_behavior_discounted_return_not_vpi,99.98305426895568,5.460451126098633,5.460451126098633,-94.52260314285705,94.52260314285705,8934.52250490205,94.52260314285705,"[0.265862,0.0,0.018644,0.040812,0.674682]",0.674682,0.40882,4,4,4,4,False,False
control_raw_critic_target,mappo,29,12,dev_00_state_11,616869b075de6c2da36a5545c9128137f476e5cb4f0ae4851e0c1b46d0deef42,dev_00,3,False,True,True,before_or_at,0.2857142857142857,complete_fixed_behavior_discounted_return_not_vpi,99.63275207083052,5.462822914123535,5.462822914123535,-94.16992915670698,94.16992915670698,8867.975557379212,94.16992915670698,"[0.26467,0.0,0.018492,0.040585,0.676253]",0.676253,0.411583,4,4,4,4,False,False
control_raw_critic_target,mappo,29,12,dev_00_state_12,50772a9d479dd040bdfcd26f5a4e632848da15cc67dcf85fb3ae790c04749004,dev_00,4,True,True,True,before_or_at,0.5714285714285714,complete_fixed_behavior_discounted_return_not_vpi,100.22152414584981,5.474472522735596,5.474472522735596,-94.74705162311422,94.74705162311422,8977.00379127307,94.74705162311422,"[0.263626,0.0,0.018037,0.040736,0.677602]",0.677602,0.413976,4,4,4,4,False,False
control_raw_critic_target,mappo,29,12,dev_01_state_01,a4bbd832c514e8ecb281380734580807ec9ec04ce04b6be662dd729667c979e5,dev_01,0,True,False,True,before_or_at,0.0,complete_fixed_behavior_discounted_return_not_vpi,75.65614047157035,5.459069728851318,5.459069728851318,-70.19707074271903,70.19707074271903,4927.6287408583,70.19707074271903,"[0.219394,0.175001,0.015453,0.033515,0.556637]",0.556637,0.33724300000000007,4,4,4,4,False,False
control_raw_critic_target,mappo,29,12,dev_01_state_02,63fee8a32f4b1c8d4d78562135b7b123d9efca8ef1fd10c52757463ac3a4c28b,dev_01,1,True,False,True,before_or_at,0.125,complete_fixed_behavior_discounted_return_not_vpi,99.13967366563787,5.4565653800964355,5.4565653800964355,-93.68310828554144,93.68310828554144,8776.524778040482,93.68310828554144,"[0.218543,0.174859,0.015456,0.033309,0.557833]",0.557833,0.33929000000000004,4,4,4,4,False,False
control_raw_critic_target,mappo,29,12,dev_01_state_03,c559429297df4987fbb22dd07eedba631d6c671c0ff9130cbe932ee596739c54,dev_01,1,True,True,True,before_or_at,0.125,complete_fixed_behavior_discounted_return_not_vpi,99.13967366563787,5.469703197479248,5.469703197479248,-93.66997046815862,93.66997046815862,8774.063367505709,93.66997046815862,"[0.264747,0.0,0.018102,0.040356,0.676795]",0.676795,0.412048,4,4,4,4,False,False
control_raw_critic_target,mappo,29,12,dev_01_state_04,7358d67bd36c9a85cc6e8138adeb39b8726469ca30f20c1f0942cc3f76de4651,dev_01,2,True,False,True,before_or_at,0.25,complete_fixed_behavior_discounted_return_not_vpi,99.35350480891441,5.453038692474365,5.453038692474365,-93.90046611644004,93.90046611644004,8817.297536884704,93.90046611644004,"[0.219865,0.174819,0.015618,0.033665,0.556034]",0.556034,0.33616900000000005,4,4,4,4,False,False
control_raw_critic_target,mappo,29,12,dev_01_state_05,0763b046fa0b532b554b052e7a0878b9d194acdb61a7240efa1f797b157b13db,dev_01,2,True,True,True,before_or_at,0.25,complete_fixed_behavior_discounted_return_not_vpi,99.35350480891441,5.466836452484131,5.466836452484131,-93.88666835643028,93.88666835643028,8814.706495070326,93.88666835643028,"[0.265981,0.0,0.018276,0.040738,0.675006]",0.675006,0.40902499999999997,4,4,4,4,False,False
control_raw_critic_target,mappo,29,12,dev_01_state_06,fd2e5861fe027bcb3635018576d2d5ce1b9b63d2b09ed94737c380749ee87049,dev_01,3,False,True,True,before_or_at,0.375,complete_fixed_behavior_discounted_return_not_vpi,99.53944465087416,5.452071189880371,5.452071189880371,-94.08737346099379,94.08737346099379,8852.433844788518,94.08737346099379,"[0.267485,0.0,0.018957,0.040717,0.672841]",0.672841,0.40535600000000005,4,4,4,4,False,False
control_raw_critic_target,mappo,29,12,dev_01_state_07,183ebb194b29cf885e5c212fd6e18171c5539439db50572f3120f6c0133c5049,dev_01,3,False,True,True,before_or_at,0.375,complete_fixed_behavior_discounted_return_not_vpi,99.53944465087416,5.452249526977539,5.452249526977539,-94.08719512389662,94.08719512389662,8852.400286282196,94.08719512389662,"[0.267487,0.0,0.018954,0.040715,0.672844]",0.672844,0.405357,4,4,4,4,False,False
control_raw_critic_target,mappo,29,12,dev_01_state_08,d2bf64fb9b88e145885e5ed0f74f9f639967dd914d669e6f6d9e93f684a95a73,dev_01,4,True,True,True,before_or_at,0.5,complete_fixed_behavior_discounted_return_not_vpi,99.72721960667732,5.4797492027282715,5.4797492027282715,-94.24747040394905,94.24747040394905,8882.585677543253,94.24747040394905,"[0.265384,0.0,0.018002,0.04056,0.676055]",0.676055,0.41067099999999995,4,4,4,4,False,False
control_raw_critic_target,mappo,29,12,dev_01_state_09,13fb32efb5dd998abdd32f46158b290acced91d28620d9d15377f2694497b912,dev_01,4,True,True,True,before_or_at,0.5,complete_fixed_behavior_discounted_return_not_vpi,99.72721960667732,5.4797492027282715,5.4797492027282715,-94.24747040394905,94.24747040394905,8882.585677543253,94.24747040394905,"[0.265384,0.0,0.018002,0.04056,0.676055]",0.676055,0.41067099999999995,4,4,4,4,False,False
control_raw_critic_target,mappo,29,12,dev_01_state_10,501e02f271270613a795072dd11d6876f63160ede7c17cfbe7ee893e5b1aa82c,dev_01,4,True,True,True,before_or_at,0.375,complete_fixed_behavior_discounted_return_not_vpi,99.53944465087416,5.476334095001221,5.476334095001221,-94.06311055587294,94.06311055587294,8847.868767446374,94.06311055587294,"[0.26583,0.0,0.018049,0.040608,0.675514]",0.675514,0.40968399999999994,4,4,4,4,False,False
control_raw_critic_target,mappo,29,12,dev_01_state_11,e0c6c2402de2864424b773d58c1fc72a6bc09419a54d0cbe2f5f07d795a22db3,dev_01,4,True,True,True,before_or_at,0.5,complete_fixed_behavior_discounted_return_not_vpi,99.72721960667732,5.479804992675781,5.479804992675781,-94.24741461400154,94.24741461400154,8882.575161423512,94.24741461400154,"[0.265375,0.0,0.017998,0.040554,0.676073]",0.676073,0.410698,4,4,4,4,False,False
control_raw_critic_target,mappo,29,12,dev_01_state_12,87eae5e2295dff0be0c0317d62480330e70116056ccb6207b9f0f698ac011e38,dev_01,4,True,True,True,before_or_at,0.5,complete_fixed_behavior_discounted_return_not_vpi,99.72721960667732,5.479804992675781,5.479804992675781,-94.24741461400154,94.24741461400154,8882.575161423512,94.24741461400154,"[0.265375,0.0,0.017998,0.040554,0.676073]",0.676073,0.410698,4,4,4,4,False,False
control_raw_critic_target,mappo,29,12,dev_02_state_01,aacd1cc47660f831ce532b266ce3478bb22e2c78d466e47472c937aafefcacfb,dev_02,0,True,False,True,before_or_at,0.0,complete_fixed_behavior_discounted_return_not_vpi,75.58016750117106,5.428065776824951,5.428065776824951,-70.15210172434611,70.15210172434611,4921.317376343004,70.15210172434611,"[0.218446,0.173695,0.016086,0.034283,0.55749]",0.55749,0.339044,4,4,4,4,False,False
control_raw_critic_target,mappo,29,12,dev_02_state_02,65837e8c4e1042b18b8987e46d37b1081f660135fc906dde8659dd34bcb25e18,dev_02,1,True,False,True,before_or_at,0.2,complete_fixed_behavior_discounted_return_not_vpi,75.81651346531233,5.420614719390869,5.420614719390869,-70.39589874592146,70.39589874592146,4955.582560246026,70.39589874592146,"[0.219112,0.173798,0.016294,0.034518,0.556277]",0.556277,0.33716500000000005,4,4,4,4,False,False
control_raw_critic_target,mappo,29,12,dev_02_state_03,788bd1c71ab6c0f94f77fdf24a1874af9e74d3c3e59586a4d8fd42a2d4a722a2,dev_02,1,True,True,True,before_or_at,0.2,complete_fixed_behavior_discounted_return_not_vpi,75.57148846531233,5.437032222747803,5.437032222747803,-70.13445624256453,70.13445624256453,4918.841952440198,70.13445624256453,"[0.264471,0.0,0.018947,0.04164,0.674942]",0.674942,0.41047100000000003,4,4,4,4,False,False
control_raw_critic_target,mappo,29,12,dev_02_state_04,73424c66a5e9ad4241b9fb8e38cb02b30333c2e9611126a6c2f2661d805079c5,dev_02,2,True,True,True,before_or_at,0.4,complete_fixed_behavior_discounted_return_not_vpi,75.76470591996298,5.451718807220459,5.451718807220459,-70.31298711274252,70.31298711274252,4943.916156716696,70.31298711274252,"[0.264128,0.0,0.01862,0.041329,0.675923]",0.675923,0.4117950000000001,4,4,4,4,False,False
control_raw_critic_target,mappo,29,12,dev_02_state_05,07a0c6f5a831ee8a70a2e4f82ae69cc5df3eb3540cdda40dc84dfab435b8d8ac,dev_02,2,False,True,True,before_or_at,0.4,complete_fixed_behavior_discounted_return_not_vpi,75.76470591996298,5.432286262512207,5.432286262512207,-70.33241965745077,70.33241965745077,4946.649254871768,70.33241965745077,"[0.265144,0.0,0.019501,0.041526,0.673828]",0.673828,0.408684,4,4,4,4,False,False
control_raw_critic_target,mappo,29,12,dev_02_state_06,cd47e258d721757c11ea4050f051bb017e502287edeba848b9bb4aed7aa04c14,dev_02,3,True,True,True,before_or_at,0.6,complete_fixed_behavior_discounted_return_not_vpi,75.75848028252462,5.448568820953369,5.448568820953369,-70.30991146157125,70.30991146157125,4943.4836497339875,70.30991146157125,"[0.264313,0.0,0.018796,0.041504,0.675387]",0.675387,0.41107399999999994,4,4,4,4,False,False
control_raw_critic_target,mappo,29,12,dev_02_state_07,446e55a68c01f9b6b3d75b3584e53818ff209784976039bdb016348e222bb7bc,dev_02,3,False,True,True,before_or_at,0.6,complete_fixed_behavior_discounted_return_not_vpi,75.75848028252462,5.4276251792907715,5.4276251792907715,-70.33085510323384,70.33085510323384,4946.429179552074,70.33085510323384,"[0.265426,0.0,0.019731,0.041723,0.67312]",0.67312,0.40769400000000006,4,4,4,4,False,False
control_raw_critic_target,mappo,29,12,dev_02_state_08,da66deba85e976a12ee91266832b3fe4996e44cc0333ff92fe0fb0072b304773,dev_02,3,False,True,True,before_or_at,0.4,complete_fixed_behavior_discounted_return_not_vpi,75.76470591996298,5.427082538604736,5.427082538604736,-70.33762338135824,70.33762338135824,4947.3812629377935,70.33762338135824,"[0.265243,0.0,0.019628,0.041576,0.673553]",0.673553,0.40830999999999995,4,4,4,4,False,False
control_raw_critic_target,mappo,29,12,dev_02_state_09,9b17e313c9c022b073c532cab790a8e4bbbfb88e37c386bc4de0316793e72b69,dev_02,4,True,False,True,before_or_at,0.8,complete_fixed_behavior_discounted_return_not_vpi,100.75270180026362,5.427353858947754,5.427353858947754,-95.32534794131587,95.32534794131587,9086.921960132933,95.32534794131587,"[0.218972,0.173362,0.016348,0.03486,0.556458]",0.556458,0.337486,4,4,4,4,False,False
control_raw_critic_target,mappo,29,12,dev_02_state_10,e6a58b6c7a7e16fa45b8c640dbd4b125a27da61dec2113082cdfa830027b3bfb,dev_02,4,True,False,True,before_or_at,0.8,complete_fixed_behavior_discounted_return_not_vpi,75.75270180026362,5.427353858947754,5.427353858947754,-70.32534794131587,70.32534794131587,4945.65456306714,70.32534794131587,"[0.218972,0.173362,0.016348,0.03486,0.556458]",0.556458,0.337486,4,4,4,4,False,False
control_raw_critic_target,mappo,29,12,dev_02_state_11,5fbcd355ad6ef625fe912c4a3485f5db6bcdb20e7b2dcdd955d3fe332063d473,dev_02,4,True,False,True,before_or_at,0.6,complete_fixed_behavior_discounted_return_not_vpi,75.75848028252462,5.432228088378906,5.432228088378906,-70.32625219414571,70.32625219414571,4945.781747674584,70.32625219414571,"[0.218814,0.173734,0.016165,0.03446,0.556826]",0.556826,0.33801200000000003,4,4,4,4,False,False
control_raw_critic_target,mappo,29,12,dev_02_state_12,fdd3f8ff3f38604c74d277ed795fde0f3d9fa09eb963e4d8820de9b76534d356,dev_02,4,True,False,True,after,0.6,complete_fixed_behavior_discounted_return_not_vpi,100.50848028252462,5.432228088378906,5.432228088378906,-95.07625219414571,95.07625219414571,9039.493731284796,95.07625219414571,"[0.218814,0.173734,0.016165,0.03446,0.556826]",0.556826,0.33801200000000003,4,4,4,4,False,False
control_raw_critic_target,mappo,29,12,dev_03_state_01,62750fc5f603af0e58fc56236599571502c69cfa558f3283ab10e1bc858471ae,dev_03,0,True,False,True,before_or_at,0.0,complete_fixed_behavior_discounted_return_not_vpi,75.32227037485364,5.420444011688232,5.420444011688232,-69.90182636316541,69.90182636316541,4886.265328906127,69.90182636316541,"[0.21824,0.176762,0.016284,0.034367,0.554347]",0.554347,0.33610700000000004,4,4,4,4,False,False
control_raw_critic_target,mappo,29,12,dev_03_state_02,49dc0c665e7c8d1673bc0818a98dec317568afa99b48ce13b276daf91fdf1003,dev_03,1,True,False,True,before_or_at,0.1,complete_fixed_behavior_discounted_return_not_vpi,75.2654274086768,5.4184746742248535,5.4184746742248535,-69.84695273445195,69.84695273445195,4878.596806288764,69.84695273445195,"[0.218141,0.176565,0.016333,0.034373,0.554588]",0.554588,0.33644699999999994,4,4,4,4,False,False
control_raw_critic_target,mappo,29,12,dev_03_state_03,5c249417d557afb821d09652c2ced9028d3dd95a2292007d63fec0a2af97227d,dev_03,1,True,True,True,before_or_at,0.1,complete_fixed_behavior_discounted_return_not_vpi,75.2654274086768,5.449222564697266,5.449222564697266,-69.81620484397953,69.81620484397953,4874.302458816512,69.81620484397953,"[0.265131,0.0,0.018789,0.041376,0.674704]",0.674704,0.40957299999999996,4,4,4,4,False,False
control_raw_critic_target,mappo,29,12,dev_03_state_04,f5f32654c6274248e0d209cab36df9f70fd51f283f1cd0807581b37e93a74a25,dev_03,2,False,False,True,before_or_at,0.2,complete_fixed_behavior_discounted_return_not_vpi,75.46738204163074,5.3989386558532715,5.3989386558532715,-70.06844338577747,70.06844338577747,4909.586758505902,70.06844338577747,"[0.220076,0.174871,0.017161,0.03471,0.553182]",0.553182,0.33310599999999996,4,4,4,4,False,False
control_raw_critic_target,mappo,29,12,dev_03_state_05,6cc42ee25dea2b20e7ddf5c4193dae1de54521b21ce67836be05490494a0b931,dev_03,2,True,False,True,before_or_at,0.2,complete_fixed_behavior_discounted_return_not_vpi,75.22963452915576,5.429076671600342,5.429076671600342,-69.80055785755542,69.80055785755542,4872.117877225942,69.80055785755542,"[0.218438,0.175999,0.016071,0.034168,0.555324]",0.555324,0.336886,4,4,4,4,False,False
control_raw_critic_target,mappo,29,12,dev_03_state_06,1217155fad78690dd6f9e30d323674dca8a13a10b95a50b6354593aed403e43d,dev_03,3,True,True,True,before_or_at,0.3,complete_fixed_behavior_discounted_return_not_vpi,75.17185584736579,5.449224948883057,5.449224948883057,-69.72263089848273,69.72263089848273,4861.24525940606,69.72263089848273,"[0.264844,0.0,0.01873,0.041243,0.675183]",0.675183,0.41033899999999995,4,4,4,4,False,False
control_raw_critic_target,mappo,29,12,dev_03_state_07,c9b593dfc8699de434ab870b13435c9305897d412b8dedc394c04fd20511d413,dev_03,3,False,True,True,before_or_at,0.2,complete_fixed_behavior_discounted_return_not_vpi,75.22963452915576,5.429039001464844,5.429039001464844,-69.80059552769092,69.80059552769092,4872.1231360203055,69.80059552769092,"[0.266854,0.0,0.019708,0.04171,0.671728]",0.671728,0.404874,4,4,4,4,False,False
control_raw_critic_target,mappo,29,12,dev_03_state_08,6b17f75e0e3f5de80f49678d788da5519dddc9cc9bd584c0ee650b8d7219e7b6,dev_03,3,True,True,True,before_or_at,0.3,complete_fixed_behavior_discounted_return_not_vpi,75.4120048498658,5.443543910980225,5.443543910980225,-69.96846093888557,69.96846093888557,4895.585526156356,69.96846093888557,"[0.265403,0.0,0.019009,0.041702,0.673886]",0.673886,0.408483,4,4,4,4,False,False
control_raw_critic_target,mappo,29,12,dev_03_state_09,0ccde0ef6c389b7341f4f1ea7beb149b259aad13dd1630dab7db376142e1073a,dev_03,3,False,False,True,before_or_at,0.2,complete_fixed_behavior_discounted_return_not_vpi,75.46738204163074,5.391299724578857,5.391299724578857,-70.07608231705188,70.07608231705188,4910.657312906232,70.07608231705188,"[0.220307,0.174727,0.01731,0.034796,0.55286]",0.55286,0.332553,4,4,4,4,False,False
control_raw_critic_target,mappo,29,12,dev_03_state_10,ebe2739e96e527d82f495d7e680acc3138491d2e16ff51c3923b53550c15ae25,dev_03,3,True,True,True,before_or_at,0.3,complete_fixed_behavior_discounted_return_not_vpi,74.92928109736579,5.460615634918213,5.460615634918213,-69.46866546244758,69.46866546244758,4825.895481133457,69.46866546244758,"[0.265019,0.0,0.018511,0.041019,0.675451]",0.675451,0.410432,4,4,4,4,False,False
control_raw_critic_target,mappo,29,12,dev_03_state_11,6f4069e08051d555eb68fe1fc24e55e73bd96f49eec834dcd284e6fcc78d573c,dev_03,4,True,False,True,before_or_at,0.4,complete_fixed_behavior_discounted_return_not_vpi,75.39606346424462,5.426355838775635,5.426355838775635,-69.96970762546898,69.96970762546898,4895.759985193613,69.96970762546898,"[0.218508,0.176488,0.016316,0.034559,0.554129]",0.554129,0.33562099999999995,4,4,4,4,False,False
control_raw_critic_target,mappo,29,12,dev_03_state_12,3280b55b15e26af81785ba01c8673bf4d36b50b213800bb4ae9d9639e7519111,dev_03,4,True,False,True,before_or_at,0.3,complete_fixed_behavior_discounted_return_not_vpi,74.92928109736579,5.436768054962158,5.436768054962158,-69.49251304240363,69.49251304240363,4829.209368948638,69.49251304240363,"[0.218317,0.175982,0.015989,0.034016,0.555696]",0.555696,0.337379,4,4,4,4,False,False
control_raw_critic_target,mappo,43,6,dev_00_state_01,2cb31cda5fedadef13eb6ef29f9fb864a9636c64a8a0b599c358ab8e79aa2f2e,dev_00,0,True,False,True,before_or_at,0.0,complete_fixed_behavior_discounted_return_not_vpi,99.16542974483956,2.4757118225097656,2.4757118225097656,-96.68971792232979,96.68971792232979,9348.901551899702,96.68971792232979,"[0.142664,0.122871,0.079126,0.023121,0.632219]",0.632219,0.48955499999999996,4,4,4,4,False,False
control_raw_critic_target,mappo,43,6,dev_00_state_02,4fe79a7d2f5b835a26cde6caefb444f6301c270d44971bde40489a612dd2b391,dev_00,1,True,False,True,before_or_at,0.14285714285714285,complete_fixed_behavior_discounted_return_not_vpi,99.43405463063405,2.4495694637298584,2.4495694637298584,-96.9844851669042,96.9844851669042,9405.990363089459,96.9844851669042,"[0.143543,0.123087,0.079585,0.023814,0.62997]",0.62997,0.48642700000000005,4,4,4,4,False,False
control_raw_critic_target,mappo,43,6,dev_00_state_03,c47e6b288039285428aafce3d49684ca2d11b023896665b0b3daac8a9dcaa176,dev_00,1,True,True,True,before_or_at,0.14285714285714285,complete_fixed_behavior_discounted_return_not_vpi,99.43405463063405,2.4815025329589844,2.4815025329589844,-96.95255209767507,96.95255209767507,9399.797358252397,96.95255209767507,"[0.160336,0.0,0.088104,0.026277,0.725282]",0.725282,0.564946,4,4,4,4,False,False
control_raw_critic_target,mappo,43,6,dev_00_state_04,db2399dc4a1846b64b81f411e0237050b1ffd324fd9a4bd78478baf6f2a1e9df,dev_00,2,False,True,True,before_or_at,0.2857142857142857,complete_fixed_behavior_discounted_return_not_vpi,99.63275207083052,2.460448741912842,2.460448741912842,-97.17230332891768,97.17230332891768,9442.456534247185,97.17230332891768,"[0.165409,0.0,0.091035,0.026744,0.716811]",0.716811,0.551402,4,4,4,4,False,False
control_raw_critic_target,mappo,43,6,dev_00_state_05,b439a8ded6b7704f73b9af3aad6b5a11f4e642b89173768c49bca3fb2b8e11e1,dev_00,2,False,False,True,before_or_at,0.2857142857142857,complete_fixed_behavior_discounted_return_not_vpi,99.63275207083052,2.411248207092285,2.411248207092285,-97.22150386373823,97.22150386373823,9452.020813526868,97.22150386373823,"[0.147137,0.128032,0.082522,0.02465,0.61766]",0.61766,0.470523,4,4,4,4,False,False
control_raw_critic_target,mappo,43,6,dev_00_state_06,05d5cb2b4cdc84a07f67d30b6d40026f1ae9404889525cd1fd230abd3ad151ac,dev_00,3,True,True,True,before_or_at,0.42857142857142855,complete_fixed_behavior_discounted_return_not_vpi,99.98305426895568,2.532618761062622,2.532618761062622,-97.45043550789306,97.45043550789306,9496.587380678026,97.45043550789306,"[0.16034,0.0,0.08824,0.025147,0.726272]",0.726272,0.565932,4,4,4,4,False,False
control_raw_critic_target,mappo,43,6,dev_00_state_07,be44ebe79f69d66fa111d2fd9181f41a47efe8ab066cbd91663de162f21bfdca,dev_00,3,True,True,True,before_or_at,0.42857142857142855,complete_fixed_behavior_discounted_return_not_vpi,99.98305426895568,2.532618761062622,2.532618761062622,-97.45043550789306,97.45043550789306,9496.587380678026,97.45043550789306,"[0.16034,0.0,0.08824,0.025147,0.726272]",0.726272,0.565932,4,4,4,4,False,False
control_raw_critic_target,mappo,43,6,dev_00_state_08,54b81637eaa22690c2f9140cabc601d934d118af96613f57981add5ac63c1553,dev_00,3,True,True,True,before_or_at,0.2857142857142857,complete_fixed_behavior_discounted_return_not_vpi,99.63275207083052,2.5563161373138428,2.5563161373138428,-97.07643593351668,97.07643593351668,9423.834413554168,97.07643593351668,"[0.159943,0.0,0.087936,0.024497,0.727624]",0.727624,0.5676810000000001,4,4,4,4,False,False
control_raw_critic_target,mappo,43,6,dev_00_state_09,4c5424ef8068127f88abfde3c8019231c91f8960d17e43927afbffc74d0ef8a3,dev_00,3,False,True,True,before_or_at,0.42857142857142855,complete_fixed_behavior_discounted_return_not_vpi,99.98305426895568,2.448953866958618,2.448953866958618,-97.53410040199707,97.53410040199707,9512.900741226844,97.53410040199707,"[0.164651,0.0,0.091048,0.027029,0.717272]",0.717272,0.552621,4,4,4,4,False,False
control_raw_critic_target,mappo,43,6,dev_00_state_10,56cb3633f940a0aa4754de669549dee3763dc62aa8d33e8feb481d858f69cc45,dev_00,3,False,True,True,before_or_at,0.42857142857142855,complete_fixed_behavior_discounted_return_not_vpi,99.98305426895568,2.448953866958618,2.448953866958618,-97.53410040199707,97.53410040199707,9512.900741226844,97.53410040199707,"[0.164651,0.0,0.091048,0.027029,0.717272]",0.717272,0.552621,4,4,4,4,False,False
control_raw_critic_target,mappo,43,6,dev_00_state_11,616869b075de6c2da36a5545c9128137f476e5cb4f0ae4851e0c1b46d0deef42,dev_00,3,False,True,True,before_or_at,0.2857142857142857,complete_fixed_behavior_discounted_return_not_vpi,99.63275207083052,2.477573871612549,2.477573871612549,-97.15517819921797,97.15517819921797,9439.128650921799,97.15517819921797,"[0.164059,0.0,0.090672,0.026253,0.719016]",0.719016,0.5549569999999999,4,4,4,4,False,False
control_raw_critic_target,mappo,43,6,dev_00_state_12,50772a9d479dd040bdfcd26f5a4e632848da15cc67dcf85fb3ae790c04749004,dev_00,4,True,True,True,before_or_at,0.5714285714285714,complete_fixed_behavior_discounted_return_not_vpi,100.22152414584981,2.560445547103882,2.560445547103882,-97.66107859874593,97.66107859874593,9537.68627307043,97.66107859874593,"[0.16122,0.0,0.088466,0.024622,0.725692]",0.725692,0.564472,4,4,4,4,False,False
control_raw_critic_target,mappo,43,6,dev_01_state_01,a4bbd832c514e8ecb281380734580807ec9ec04ce04b6be662dd729667c979e5,dev_01,0,True,False,True,before_or_at,0.0,complete_fixed_behavior_discounted_return_not_vpi,75.65614047157035,2.417125701904297,2.417125701904297,-73.23901476966606,73.23901476966606,5363.953284431363,73.23901476966606,"[0.144111,0.123479,0.080005,0.024553,0.627852]",0.627852,0.483741,4,4,4,4,False,False
control_raw_critic_target,mappo,43,6,dev_01_state_02,63fee8a32f4b1c8d4d78562135b7b123d9efca8ef1fd10c52757463ac3a4c28b,dev_01,1,True,False,True,before_or_at,0.125,complete_fixed_behavior_discounted_return_not_vpi,99.13967366563787,2.4242117404937744,2.4242117404937744,-96.7154619251441,96.7154619251441,9353.880575393998,96.7154619251441,"[0.144404,0.12306,0.079659,0.024606,0.62827]",0.62827,0.483866,4,4,4,4,False,False
control_raw_critic_target,mappo,43,6,dev_01_state_03,c559429297df4987fbb22dd07eedba631d6c671c0ff9130cbe932ee596739c54,dev_01,1,True,True,True,before_or_at,0.125,complete_fixed_behavior_discounted_return_not_vpi,99.13967366563787,2.4638354778289795,2.4638354778289795,-96.67583818780889,96.67583818780889,9346.217689315408,96.67583818780889,"[0.161559,0.0,0.088036,0.026883,0.723522]",0.723522,0.561963,4,4,4,4,False,False
control_raw_critic_target,mappo,43,6,dev_01_state_04,7358d67bd36c9a85cc6e8138adeb39b8726469ca30f20c1f0942cc3f76de4651,dev_01,2,True,False,True,before_or_at,0.25,complete_fixed_behavior_discounted_return_not_vpi,99.35350480891441,2.4208805561065674,2.4208805561065674,-96.93262425280784,96.93262425280784,9395.933644536031,96.93262425280784,"[0.144879,0.123088,0.080315,0.024666,0.627052]",0.627052,0.4821730000000001,4,4,4,4,False,False
control_raw_critic_target,mappo,43,6,dev_01_state_05,0763b046fa0b532b554b052e7a0878b9d194acdb61a7240efa1f797b157b13db,dev_01,2,True,True,True,before_or_at,0.25,complete_fixed_behavior_discounted_return_not_vpi,99.35350480891441,2.459113359451294,2.459113359451294,-96.89439144946311,96.89439144946311,9388.52309436179,96.89439144946311,"[0.161946,0.0,0.088588,0.026951,0.722515]",0.722515,0.560569,4,4,4,4,False,False
control_raw_critic_target,mappo,43,6,dev_01_state_06,fd2e5861fe027bcb3635018576d2d5ce1b9b63d2b09ed94737c380749ee87049,dev_01,3,False,True,True,before_or_at,0.375,complete_fixed_behavior_discounted_return_not_vpi,99.53944465087416,2.370408773422241,2.370408773422241,-97.16903587745192,97.16903587745192,9441.821533353537,97.16903587745192,"[0.168024,0.0,0.09253,0.029323,0.710124]",0.710124,0.5421,4,4,4,4,False,False
control_raw_critic_target,mappo,43,6,dev_01_state_07,183ebb194b29cf885e5c212fd6e18171c5539439db50572f3120f6c0133c5049,dev_01,3,False,True,True,before_or_at,0.375,complete_fixed_behavior_discounted_return_not_vpi,99.53944465087416,2.370870590209961,2.370870590209961,-97.1685740606642,97.1685740606642,9441.731784982783,97.1685740606642,"[0.168038,0.0,0.092511,0.029302,0.710148]",0.710148,0.54211,4,4,4,4,False,False
control_raw_critic_target,mappo,43,6,dev_01_state_08,d2bf64fb9b88e145885e5ed0f74f9f639967dd914d669e6f6d9e93f684a95a73,dev_01,4,True,True,True,before_or_at,0.5,complete_fixed_behavior_discounted_return_not_vpi,99.72721960667732,2.519381523132324,2.519381523132324,-97.207838083545,97.207838083545,9449.363784876701,97.207838083545,"[0.161615,0.0,0.088986,0.025744,0.723655]",0.723655,0.5620400000000001,4,4,4,4,False,False
control_raw_critic_target,mappo,43,6,dev_01_state_09,13fb32efb5dd998abdd32f46158b290acced91d28620d9d15377f2694497b912,dev_01,4,True,True,True,before_or_at,0.5,complete_fixed_behavior_discounted_return_not_vpi,99.72721960667732,2.519381523132324,2.519381523132324,-97.207838083545,97.207838083545,9449.363784876701,97.207838083545,"[0.161615,0.0,0.088986,0.025744,0.723655]",0.723655,0.5620400000000001,4,4,4,4,False,False
control_raw_critic_target,mappo,43,6,dev_01_state_10,501e02f271270613a795072dd11d6876f63160ede7c17cfbe7ee893e5b1aa82c,dev_01,4,True,True,True,before_or_at,0.375,complete_fixed_behavior_discounted_return_not_vpi,99.53944465087416,2.490658760070801,2.490658760070801,-97.04878589080336,97.04878589080336,9418.466842878994,97.04878589080336,"[0.161593,0.0,0.089005,0.026359,0.723043]",0.723043,0.56145,4,4,4,4,False,False
control_raw_critic_target,mappo,43,6,dev_01_state_11,e0c6c2402de2864424b773d58c1fc72a6bc09419a54d0cbe2f5f07d795a22db3,dev_01,4,True,True,True,before_or_at,0.5,complete_fixed_behavior_discounted_return_not_vpi,99.72721960667732,2.5198676586151123,2.5198676586151123,-97.20735194806221,97.20735194806221,9449.269272754434,97.20735194806221,"[0.161608,0.0,0.089001,0.025737,0.723654]",0.723654,0.562046,4,4,4,4,False,False
control_raw_critic_target,mappo,43,6,dev_01_state_12,87eae5e2295dff0be0c0317d62480330e70116056ccb6207b9f0f698ac011e38,dev_01,4,True,True,True,before_or_at,0.5,complete_fixed_behavior_discounted_return_not_vpi,99.72721960667732,2.5198676586151123,2.5198676586151123,-97.20735194806221,97.20735194806221,9449.269272754434,97.20735194806221,"[0.161608,0.0,0.089001,0.025737,0.723654]",0.723654,0.562046,4,4,4,4,False,False
control_raw_critic_target,mappo,43,6,dev_02_state_01,aacd1cc47660f831ce532b266ce3478bb22e2c78d466e47472c937aafefcacfb,dev_02,0,True,False,True,before_or_at,0.0,complete_fixed_behavior_discounted_return_not_vpi,75.58016750117106,2.3346245288848877,2.3346245288848877,-73.24554297228617,73.24554297228617,5364.909565305021,73.24554297228617,"[0.147244,0.126727,0.082312,0.026609,0.617108]",0.617108,0.46986399999999995,4,4,4,4,False,False
control_raw_critic_target,mappo,43,6,dev_02_state_02,65837e8c4e1042b18b8987e46d37b1081f660135fc906dde8659dd34bcb25e18,dev_02,1,True,False,True,before_or_at,0.2,complete_fixed_behavior_discounted_return_not_vpi,75.81651346531233,2.31384015083313,2.31384015083313,-73.5026733144792,73.5026733144792,5402.642984375052,73.5026733144792,"[0.148133,0.126727,0.082781,0.027262,0.615096]",0.615096,0.466963,4,4,4,4,False,False
control_raw_critic_target,mappo,43,6,dev_02_state_03,788bd1c71ab6c0f94f77fdf24a1874af9e74d3c3e59586a4d8fd42a2d4a722a2,dev_02,1,True,True,True,before_or_at,0.2,complete_fixed_behavior_discounted_return_not_vpi,75.57148846531233,2.3601436614990234,2.3601436614990234,-73.2113448038133,73.2113448038133,5359.901007982841,73.2113448038133,"[0.165337,0.0,0.091488,0.029863,0.713311]",0.713311,0.547974,4,4,4,4,False,False
control_raw_critic_target,mappo,43,6,dev_02_state_04,73424c66a5e9ad4241b9fb8e38cb02b30333c2e9611126a6c2f2661d805079c5,dev_02,2,True,True,True,before_or_at,0.4,complete_fixed_behavior_discounted_return_not_vpi,75.76470591996298,2.4275906085968018,2.4275906085968018,-73.33711531136618,73.33711531136618,5378.332482192619,73.33711531136618,"[0.165074,0.0,0.091553,0.028265,0.715108]",0.715108,0.5500339999999999,4,4,4,4,False,False
control_raw_critic_target,mappo,43,6,dev_02_state_05,07a0c6f5a831ee8a70a2e4f82ae69cc5df3eb3540cdda40dc84dfab435b8d8ac,dev_02,2,False,True,True,before_or_at,0.4,complete_fixed_behavior_discounted_return_not_vpi,75.76470591996298,2.3206539154052734,2.3206539154052734,-73.4440520045577,73.4440520045577,5394.028774848177,73.4440520045577,"[0.170077,0.0,0.094961,0.030715,0.704246]",0.704246,0.534169,4,4,4,4,False,False
control_raw_critic_target,mappo,43,6,dev_02_state_06,cd47e258d721757c11ea4050f051bb017e502287edeba848b9bb4aed7aa04c14,dev_02,3,True,True,True,before_or_at,0.6,complete_fixed_behavior_discounted_return_not_vpi,75.75848028252462,2.4262332916259766,2.4262332916259766,-73.33224699089864,73.33224699089864,5377.6184487341625,73.33224699089864,"[0.166503,0.0,0.092206,0.028563,0.712728]",0.712728,0.546225,4,4,4,4,False,False
control_raw_critic_target,mappo,43,6,dev_02_state_07,446e55a68c01f9b6b3d75b3584e53818ff209784976039bdb016348e222bb7bc,dev_02,3,False,True,True,before_or_at,0.6,complete_fixed_behavior_discounted_return_not_vpi,75.75848028252462,2.322693109512329,2.322693109512329,-73.43578717301229,73.43578717301229,5392.814837719956,73.43578717301229,"[0.171523,0.0,0.095669,0.030976,0.701832]",0.701832,0.530309,4,4,4,4,False,False
control_raw_critic_target,mappo,43,6,dev_02_state_08,da66deba85e976a12ee91266832b3fe4996e44cc0333ff92fe0fb0072b304773,dev_02,3,False,True,True,before_or_at,0.4,complete_fixed_behavior_discounted_return_not_vpi,75.76470591996298,2.308021306991577,2.308021306991577,-73.4566846129714,73.4566846129714,5395.884514329549,73.4566846129714,"[0.170832,0.0,0.095232,0.031097,0.702839]",0.702839,0.532007,4,4,4,4,False,False
control_raw_critic_target,mappo,43,6,dev_02_state_09,9b17e313c9c022b073c532cab790a8e4bbbfb88e37c386bc4de0316793e72b69,dev_02,4,True,False,True,before_or_at,0.8,complete_fixed_behavior_discounted_return_not_vpi,100.75270180026362,2.397366523742676,2.397366523742676,-98.35533527652095,98.35533527652095,9673.771977356846,98.35533527652095,"[0.147424,0.125283,0.083808,0.025858,0.617627]",0.617627,0.47020300000000004,4,4,4,4,False,False
control_raw_critic_target,mappo,43,6,dev_02_state_10,e6a58b6c7a7e16fa45b8c640dbd4b125a27da61dec2113082cdfa830027b3bfb,dev_02,4,True,False,True,before_or_at,0.8,complete_fixed_behavior_discounted_return_not_vpi,75.75270180026362,2.397366523742676,2.397366523742676,-73.35533527652095,73.35533527652095,5381.005213530799,73.35533527652095,"[0.147424,0.125283,0.083808,0.025858,0.617627]",0.617627,0.47020300000000004,4,4,4,4,False,False
control_raw_critic_target,mappo,43,6,dev_02_state_11,5fbcd355ad6ef625fe912c4a3485f5db6bcdb20e7b2dcdd955d3fe332063d473,dev_02,4,True,False,True,before_or_at,0.6,complete_fixed_behavior_discounted_return_not_vpi,75.75848028252462,2.380770444869995,2.380770444869995,-73.37770983765462,73.37770983765462,5384.288301019035,73.37770983765462,"[0.148163,0.126599,0.083689,0.026279,0.615271]",0.615271,0.467108,4,4,4,4,False,False
control_raw_critic_target,mappo,43,6,dev_02_state_12,fdd3f8ff3f38604c74d277ed795fde0f3d9fa09eb963e4d8820de9b76534d356,dev_02,4,True,False,True,after,0.6,complete_fixed_behavior_discounted_return_not_vpi,100.50848028252462,2.380770444869995,2.380770444869995,-98.12770983765462,98.12770983765462,9629.04743798294,98.12770983765462,"[0.148163,0.126599,0.083689,0.026279,0.615271]",0.615271,0.467108,4,4,4,4,False,False
control_raw_critic_target,mappo,43,6,dev_03_state_01,62750fc5f603af0e58fc56236599571502c69cfa558f3283ab10e1bc858471ae,dev_03,0,True,False,True,before_or_at,0.0,complete_fixed_behavior_discounted_return_not_vpi,75.32227037485364,2.3615520000457764,2.3615520000457764,-72.96071837480787,72.96071837480787,5323.266425768026,72.96071837480787,"[0.142768,0.124628,0.078998,0.025696,0.62791]",0.62791,0.48514199999999996,4,4,4,4,False,False
control_raw_critic_target,mappo,43,6,dev_03_state_02,49dc0c665e7c8d1673bc0818a98dec317568afa99b48ce13b276daf91fdf1003,dev_03,1,True,False,True,before_or_at,0.1,complete_fixed_behavior_discounted_return_not_vpi,75.2654274086768,2.371375560760498,2.371375560760498,-72.8940518479163,72.8940518479163,5313.54279480671,72.8940518479163,"[0.143118,0.12441,0.079025,0.02556,0.627886]",0.627886,0.4847680000000001,4,4,4,4,False,False
control_raw_critic_target,mappo,43,6,dev_03_state_03,5c249417d557afb821d09652c2ced9028d3dd95a2292007d63fec0a2af97227d,dev_03,1,True,True,True,before_or_at,0.1,complete_fixed_behavior_discounted_return_not_vpi,75.2654274086768,2.4392263889312744,2.4392263889312744,-72.82620101974553,72.82620101974553,5303.655554968384,72.82620101974553,"[0.160748,0.0,0.086585,0.026875,0.725792]",0.725792,0.565044,4,4,4,4,False,False
control_raw_critic_target,mappo,43,6,dev_03_state_04,f5f32654c6274248e0d209cab36df9f70fd51f283f1cd0807581b37e93a74a25,dev_03,2,False,False,True,before_or_at,0.2,complete_fixed_behavior_discounted_return_not_vpi,75.46738204163074,2.2851414680480957,2.2851414680480957,-73.18224057358265,73.18224057358265,5355.640335369726,73.18224057358265,"[0.145698,0.128811,0.081766,0.027058,0.616667]",0.616667,0.47096899999999997,4,4,4,4,False,False
control_raw_critic_target,mappo,43,6,dev_03_state_05,6cc42ee25dea2b20e7ddf5c4193dae1de54521b21ce67836be05490494a0b931,dev_03,2,True,False,True,before_or_at,0.2,complete_fixed_behavior_discounted_return_not_vpi,75.22963452915576,2.4326298236846924,2.4326298236846924,-72.79700470547107,72.79700470547107,5299.403894088377,72.79700470547107,"[0.142172,0.122704,0.080034,0.024503,0.630587]",0.630587,0.48841500000000004,4,4,4,4,False,False
control_raw_critic_target,mappo,43,6,dev_03_state_06,1217155fad78690dd6f9e30d323674dca8a13a10b95a50b6354593aed403e43d,dev_03,3,True,True,True,before_or_at,0.3,complete_fixed_behavior_discounted_return_not_vpi,75.17185584736579,2.4798572063446045,2.4798572063446045,-72.69199864102119,72.69199864102119,5284.126666426226,72.69199864102119,"[0.160821,0.0,0.088992,0.026832,0.723354]",0.723354,0.5625330000000001,4,4,4,4,False,False
control_raw_critic_target,mappo,43,6,dev_03_state_07,c9b593dfc8699de434ab870b13435c9305897d412b8dedc394c04fd20511d413,dev_03,3,False,True,True,before_or_at,0.2,complete_fixed_behavior_discounted_return_not_vpi,75.22963452915576,2.355839490890503,2.355839490890503,-72.87379503826526,72.87379503826526,5310.590003279094,72.87379503826526,"[0.164938,0.0,0.089689,0.028648,0.716724]",0.716724,0.551786,4,4,4,4,False,False
control_raw_critic_target,mappo,43,6,dev_03_state_08,6b17f75e0e3f5de80f49678d788da5519dddc9cc9bd584c0ee650b8d7219e7b6,dev_03,3,True,True,True,before_or_at,0.3,complete_fixed_behavior_discounted_return_not_vpi,75.4120048498658,2.4407103061676025,2.4407103061676025,-72.97129454369819,72.97129454369819,5324.809827383157,72.97129454369819,"[0.161394,0.0,0.088352,0.027529,0.722725]",0.722725,0.5613309999999999,4,4,4,4,False,False
control_raw_critic_target,mappo,43,6,dev_03_state_09,0ccde0ef6c389b7341f4f1ea7beb149b259aad13dd1630dab7db376142e1073a,dev_03,3,False,False,True,before_or_at,0.2,complete_fixed_behavior_discounted_return_not_vpi,75.46738204163074,2.2707743644714355,2.2707743644714355,-73.1966076771593,73.1966076771593,5357.743375443977,73.1966076771593,"[0.146313,0.129181,0.081968,0.027421,0.615117]",0.615117,0.468804,4,4,4,4,False,False
control_raw_critic_target,mappo,43,6,dev_03_state_10,ebe2739e96e527d82f495d7e680acc3138491d2e16ff51c3923b53550c15ae25,dev_03,3,True,True,True,before_or_at,0.3,complete_fixed_behavior_discounted_return_not_vpi,74.92928109736579,2.503648519515991,2.503648519515991,-72.4256325778498,72.4256325778498,5245.472254301698,72.4256325778498,"[0.161387,0.0,0.088149,0.025839,0.724624]",0.724624,0.563237,4,4,4,4,False,False
control_raw_critic_target,mappo,43,6,dev_03_state_11,6f4069e08051d555eb68fe1fc24e55e73bd96f49eec834dcd284e6fcc78d573c,dev_03,4,True,False,True,before_or_at,0.4,complete_fixed_behavior_discounted_return_not_vpi,75.39606346424462,2.415292501449585,2.415292501449585,-72.98077096279503,72.98077096279503,5326.192930323947,72.98077096279503,"[0.142989,0.124083,0.079592,0.024796,0.62854]",0.62854,0.48555099999999995,4,4,4,4,False,False
control_raw_critic_target,mappo,43,6,dev_03_state_12,3280b55b15e26af81785ba01c8673bf4d36b50b213800bb4ae9d9639e7519111,dev_03,4,True,False,True,before_or_at,0.3,complete_fixed_behavior_discounted_return_not_vpi,74.92928109736579,2.4521501064300537,2.4521501064300537,-72.47713099093573,72.47713099093573,5252.934516677257,72.47713099093573,"[0.143095,0.123828,0.08043,0.024285,0.628363]",0.628363,0.48526800000000003,4,4,4,4,False,False
control_raw_critic_target,mappo,61,6,dev_00_state_01,2cb31cda5fedadef13eb6ef29f9fb864a9636c64a8a0b599c358ab8e79aa2f2e,dev_00,0,True,False,True,before_or_at,0.0,complete_fixed_behavior_discounted_return_not_vpi,99.16542974483956,2.5831639766693115,2.5831639766693115,-96.58226576817025,96.58226576817025,9328.13406091347,96.58226576817025,"[0.27271,0.179376,0.106898,0.084763,0.356254]",0.356254,0.08354400000000001,4,0,0,0,False,False
control_raw_critic_target,mappo,61,6,dev_00_state_02,4fe79a7d2f5b835a26cde6caefb444f6301c270d44971bde40489a612dd2b391,dev_00,1,True,False,True,before_or_at,0.14285714285714285,complete_fixed_behavior_discounted_return_not_vpi,99.43405463063405,2.5551345348358154,2.5551345348358154,-96.87892009579824,96.87892009579824,9385.52515892806,96.87892009579824,"[0.271854,0.178534,0.107716,0.084937,0.356959]",0.356959,0.08510500000000004,4,0,0,0,False,False
control_raw_critic_target,mappo,61,6,dev_00_state_03,c47e6b288039285428aafce3d49684ca2d11b023896665b0b3daac8a9dcaa176,dev_00,1,True,True,True,before_or_at,0.14285714285714285,complete_fixed_behavior_discounted_return_not_vpi,99.43405463063405,2.6438257694244385,2.6438257694244385,-96.79022886120961,96.79022886120961,9368.348403005335,96.79022886120961,"[0.338565,0.0,0.132625,0.103807,0.425003]",0.425003,0.08643800000000001,4,0,0,0,False,False
control_raw_critic_target,mappo,61,6,dev_00_state_04,db2399dc4a1846b64b81f411e0237050b1ffd324fd9a4bd78478baf6f2a1e9df,dev_00,2,False,True,True,before_or_at,0.2857142857142857,complete_fixed_behavior_discounted_return_not_vpi,99.63275207083052,2.5566282272338867,2.5566282272338867,-97.07612384359663,97.07612384359663,9423.77382049731,97.07612384359663,"[0.338183,0.0,0.130259,0.104586,0.426972]",0.426972,0.088789,4,0,0,0,False,False
control_raw_critic_target,mappo,61,6,dev_00_state_05,b439a8ded6b7704f73b9af3aad6b5a11f4e642b89173768c49bca3fb2b8e11e1,dev_00,2,False,False,True,before_or_at,0.2857142857142857,complete_fixed_behavior_discounted_return_not_vpi,99.63275207083052,2.442230701446533,2.442230701446533,-97.19052136938399,97.19052136938399,9445.997444052686,97.19052136938399,"[0.269177,0.179417,0.105905,0.085815,0.359686]",0.359686,0.090509,4,0,0,0,False,False
control_raw_critic_target,mappo,61,6,dev_00_state_06,05d5cb2b4cdc84a07f67d30b6d40026f1ae9404889525cd1fd230abd3ad151ac,dev_00,3,True,True,True,before_or_at,0.42857142857142855,complete_fixed_behavior_discounted_return_not_vpi,99.98305426895568,2.7022156715393066,2.7022156715393066,-97.28083859741638,97.28083859741638,9463.561558216576,97.28083859741638,"[0.340225,0.0,0.129419,0.101487,0.428869]",0.428869,0.088644,4,0,0,0,False,False
control_raw_critic_target,mappo,61,6,dev_00_state_07,be44ebe79f69d66fa111d2fd9181f41a47efe8ab066cbd91663de162f21bfdca,dev_00,3,True,True,True,before_or_at,0.42857142857142855,complete_fixed_behavior_discounted_return_not_vpi,99.98305426895568,2.7022156715393066,2.7022156715393066,-97.28083859741638,97.28083859741638,9463.561558216576,97.28083859741638,"[0.340225,0.0,0.129419,0.101487,0.428869]",0.428869,0.088644,4,0,0,0,False,False
control_raw_critic_target,mappo,61,6,dev_00_state_08,54b81637eaa22690c2f9140cabc601d934d118af96613f57981add5ac63c1553,dev_00,3,True,True,True,before_or_at,0.2857142857142857,complete_fixed_behavior_discounted_return_not_vpi,99.63275207083052,2.699596405029297,2.699596405029297,-96.93315566580122,96.93315566580122,9396.036667330452,96.93315566580122,"[0.34255,0.0,0.12802,0.100577,0.428853]",0.428853,0.08630299999999996,4,0,0,0,False,False
control_raw_critic_target,mappo,61,6,dev_00_state_09,4c5424ef8068127f88abfde3c8019231c91f8960d17e43927afbffc74d0ef8a3,dev_00,3,False,True,True,before_or_at,0.42857142857142855,complete_fixed_behavior_discounted_return_not_vpi,99.98305426895568,2.626206159591675,2.626206159591675,-97.35684810936401,97.35684810936401,9478.355873789775,97.35684810936401,"[0.335871,0.0,0.130894,0.106158,0.427077]",0.427077,0.09120600000000001,4,0,0,0,False,False
control_raw_critic_target,mappo,61,6,dev_00_state_10,56cb3633f940a0aa4754de669549dee3763dc62aa8d33e8feb481d858f69cc45,dev_00,3,False,True,True,before_or_at,0.42857142857142855,complete_fixed_behavior_discounted_return_not_vpi,99.98305426895568,2.626206159591675,2.626206159591675,-97.35684810936401,97.35684810936401,9478.355873789775,97.35684810936401,"[0.335871,0.0,0.130894,0.106158,0.427077]",0.427077,0.09120600000000001,4,0,0,0,False,False
control_raw_critic_target,mappo,61,6,dev_00_state_11,616869b075de6c2da36a5545c9128137f476e5cb4f0ae4851e0c1b46d0deef42,dev_00,3,False,True,True,before_or_at,0.2857142857142857,complete_fixed_behavior_discounted_return_not_vpi,99.63275207083052,2.628033399581909,2.628033399581909,-97.00471867124861,97.00471867124861,9409.91544448809,97.00471867124861,"[0.33857,0.0,0.129407,0.104836,0.427187]",0.427187,0.088617,4,0,0,0,False,False
control_raw_critic_target,mappo,61,6,dev_00_state_12,50772a9d479dd040bdfcd26f5a4e632848da15cc67dcf85fb3ae790c04749004,dev_00,4,True,True,True,before_or_at,0.5714285714285714,complete_fixed_behavior_discounted_return_not_vpi,100.22152414584981,2.6830966472625732,2.6830966472625732,-97.53842749858724,97.53842749858724,9513.744838897159,97.53842749858724,"[0.342745,0.0,0.126678,0.098493,0.432085]",0.432085,0.08933999999999997,4,0,0,0,False,False
control_raw_critic_target,mappo,61,6,dev_01_state_01,a4bbd832c514e8ecb281380734580807ec9ec04ce04b6be662dd729667c979e5,dev_01,0,True,False,True,before_or_at,0.0,complete_fixed_behavior_discounted_return_not_vpi,75.65614047157035,2.629020929336548,2.629020929336548,-73.0271195422338,73.0271195422338,5332.960188635707,73.0271195422338,"[0.270058,0.178898,0.107695,0.086876,0.356472]",0.356472,0.08641399999999999,4,0,0,0,False,False
control_raw_critic_target,mappo,61,6,dev_01_state_02,63fee8a32f4b1c8d4d78562135b7b123d9efca8ef1fd10c52757463ac3a4c28b,dev_01,1,True,False,True,before_or_at,0.125,complete_fixed_behavior_discounted_return_not_vpi,99.13967366563787,2.604668617248535,2.604668617248535,-96.53500504838934,96.53500504838934,9319.007199692554,96.53500504838934,"[0.269481,0.179758,0.105192,0.085777,0.359791]",0.359791,0.09031,4,0,0,0,False,False
control_raw_critic_target,mappo,61,6,dev_01_state_03,c559429297df4987fbb22dd07eedba631d6c671c0ff9130cbe932ee596739c54,dev_01,1,True,True,True,before_or_at,0.125,complete_fixed_behavior_discounted_return_not_vpi,99.13967366563787,2.694528579711914,2.694528579711914,-96.44514508592596,96.44514508592596,9301.666010645307,96.44514508592596,"[0.336094,0.0,0.129508,0.105067,0.429331]",0.429331,0.09323700000000001,4,0,0,0,False,False
control_raw_critic_target,mappo,61,6,dev_01_state_04,7358d67bd36c9a85cc6e8138adeb39b8726469ca30f20c1f0942cc3f76de4651,dev_01,2,True,False,True,before_or_at,0.25,complete_fixed_behavior_discounted_return_not_vpi,99.35350480891441,2.580042600631714,2.580042600631714,-96.7734622082827,96.7734622082827,9365.102987777918,96.7734622082827,"[0.270276,0.178288,0.107118,0.085512,0.358805]",0.358805,0.08852899999999997,4,0,0,0,False,False
control_raw_critic_target,mappo,61,6,dev_01_state_05,0763b046fa0b532b554b052e7a0878b9d194acdb61a7240efa1f797b157b13db,dev_01,2,True,True,True,before_or_at,0.25,complete_fixed_behavior_discounted_return_not_vpi,99.35350480891441,2.672294855117798,2.672294855117798,-96.68120995379661,96.68120995379661,9347.2563581301,96.68120995379661,"[0.336469,0.0,0.131625,0.104623,0.427283]",0.427283,0.090814,4,0,0,0,False,False
control_raw_critic_target,mappo,61,6,dev_01_state_06,fd2e5861fe027bcb3635018576d2d5ce1b9b63d2b09ed94737c380749ee87049,dev_01,3,False,True,True,before_or_at,0.375,complete_fixed_behavior_discounted_return_not_vpi,99.53944465087416,2.56965970993042,2.56965970993042,-96.96978494094374,96.96978494094374,9403.139191492879,96.96978494094374,"[0.330425,0.0,0.132487,0.108545,0.428543]",0.428543,0.09811799999999998,4,0,0,0,False,False
control_raw_critic_target,mappo,61,6,dev_01_state_07,183ebb194b29cf885e5c212fd6e18171c5539439db50572f3120f6c0133c5049,dev_01,3,False,True,True,before_or_at,0.375,complete_fixed_behavior_discounted_return_not_vpi,99.53944465087416,2.5700151920318604,2.5700151920318604,-96.9694294588423,96.9694294588423,9403.070249573393,96.9694294588423,"[0.33046,0.0,0.132466,0.108536,0.428538]",0.428538,0.098078,4,0,0,0,False,False
control_raw_critic_target,mappo,61,6,dev_01_state_08,d2bf64fb9b88e145885e5ed0f74f9f639967dd914d669e6f6d9e93f684a95a73,dev_01,4,True,True,True,before_or_at,0.5,complete_fixed_behavior_discounted_return_not_vpi,99.72721960667732,2.7457096576690674,2.7457096576690674,-96.98150994900826,96.98150994900826,9405.413271989588,96.98150994900826,"[0.337763,0.0,0.128094,0.101906,0.432238]",0.432238,0.09447500000000003,4,0,0,0,False,False
control_raw_critic_target,mappo,61,6,dev_01_state_09,13fb32efb5dd998abdd32f46158b290acced91d28620d9d15377f2694497b912,dev_01,4,True,True,True,before_or_at,0.5,complete_fixed_behavior_discounted_return_not_vpi,99.72721960667732,2.7457096576690674,2.7457096576690674,-96.98150994900826,96.98150994900826,9405.413271989588,96.98150994900826,"[0.337763,0.0,0.128094,0.101906,0.432238]",0.432238,0.09447500000000003,4,0,0,0,False,False
control_raw_critic_target,mappo,61,6,dev_01_state_10,501e02f271270613a795072dd11d6876f63160ede7c17cfbe7ee893e5b1aa82c,dev_01,4,True,True,True,before_or_at,0.375,complete_fixed_behavior_discounted_return_not_vpi,99.53944465087416,2.734485387802124,2.734485387802124,-96.80495926307204,96.80495926307204,9371.200137925036,96.80495926307204,"[0.336165,0.0,0.129805,0.103927,0.430104]",0.430104,0.093939,4,0,0,0,False,False
control_raw_critic_target,mappo,61,6,dev_01_state_11,e0c6c2402de2864424b773d58c1fc72a6bc09419a54d0cbe2f5f07d795a22db3,dev_01,4,True,True,True,before_or_at,0.5,complete_fixed_behavior_discounted_return_not_vpi,99.72721960667732,2.745774507522583,2.745774507522583,-96.98144509915474,96.98144509915474,9405.400693520365,96.98144509915474,"[0.337747,0.0,0.128096,0.101916,0.432242]",0.432242,0.094495,4,0,0,0,False,False
control_raw_critic_target,mappo,61,6,dev_01_state_12,87eae5e2295dff0be0c0317d62480330e70116056ccb6207b9f0f698ac011e38,dev_01,4,True,True,True,before_or_at,0.5,complete_fixed_behavior_discounted_return_not_vpi,99.72721960667732,2.745774507522583,2.745774507522583,-96.98144509915474,96.98144509915474,9405.400693520365,96.98144509915474,"[0.337747,0.0,0.128096,0.101916,0.432242]",0.432242,0.094495,4,0,0,0,False,False
control_raw_critic_target,mappo,61,6,dev_02_state_01,aacd1cc47660f831ce532b266ce3478bb22e2c78d466e47472c937aafefcacfb,dev_02,0,True,False,True,before_or_at,0.0,complete_fixed_behavior_discounted_return_not_vpi,75.58016750117106,2.448859930038452,2.448859930038452,-73.13130757113261,73.13130757113261,5348.188147063598,73.13130757113261,"[0.264739,0.179263,0.105511,0.085774,0.364713]",0.364713,0.09997400000000001,4,0,0,0,False,False
control_raw_critic_target,mappo,61,6,dev_02_state_02,65837e8c4e1042b18b8987e46d37b1081f660135fc906dde8659dd34bcb25e18,dev_02,1,True,False,True,before_or_at,0.2,complete_fixed_behavior_discounted_return_not_vpi,75.81651346531233,2.414828300476074,2.414828300476074,-73.40168516483625,73.40168516483625,5387.807385037742,73.40168516483625,"[0.264185,0.178493,0.105345,0.085278,0.366698]",0.366698,0.10251300000000002,4,0,0,0,False,False
control_raw_critic_target,mappo,61,6,dev_02_state_03,788bd1c71ab6c0f94f77fdf24a1874af9e74d3c3e59586a4d8fd42a2d4a722a2,dev_02,1,True,True,True,before_or_at,0.2,complete_fixed_behavior_discounted_return_not_vpi,75.57148846531233,2.529733180999756,2.529733180999756,-73.04175528431257,73.04175528431257,5335.098015013404,73.04175528431257,"[0.329369,0.0,0.130053,0.104557,0.43602]",0.43602,0.106651,4,0,0,0,False,False
control_raw_critic_target,mappo,61,6,dev_02_state_04,73424c66a5e9ad4241b9fb8e38cb02b30333c2e9611126a6c2f2661d805079c5,dev_02,2,True,True,True,before_or_at,0.4,complete_fixed_behavior_discounted_return_not_vpi,75.76470591996298,2.5976040363311768,2.5976040363311768,-73.1671018836318,73.1671018836318,5353.424798049757,73.1671018836318,"[0.331652,0.0,0.126922,0.102356,0.439069]",0.439069,0.10741699999999998,4,0,0,0,False,False
control_raw_critic_target,mappo,61,6,dev_02_state_05,07a0c6f5a831ee8a70a2e4f82ae69cc5df3eb3540cdda40dc84dfab435b8d8ac,dev_02,2,False,True,True,before_or_at,0.4,complete_fixed_behavior_discounted_return_not_vpi,75.76470591996298,2.5008480548858643,2.5008480548858643,-73.26385786507711,73.26385786507711,5367.592869274222,73.26385786507711,"[0.326095,0.0,0.128046,0.107438,0.438421]",0.438421,0.11232599999999998,4,0,0,0,False,False
control_raw_critic_target,mappo,61,6,dev_02_state_06,cd47e258d721757c11ea4050f051bb017e502287edeba848b9bb4aed7aa04c14,dev_02,3,True,True,True,before_or_at,0.6,complete_fixed_behavior_discounted_return_not_vpi,75.75848028252462,2.572833299636841,2.572833299636841,-73.18564698288777,73.18564698288777,5356.13892430387,73.18564698288777,"[0.331733,0.0,0.125928,0.100478,0.441862]",0.441862,0.11012899999999998,4,0,0,0,False,False
control_raw_critic_target,mappo,61,6,dev_02_state_07,446e55a68c01f9b6b3d75b3584e53818ff209784976039bdb016348e222bb7bc,dev_02,3,False,True,True,before_or_at,0.6,complete_fixed_behavior_discounted_return_not_vpi,75.75848028252462,2.477311134338379,2.477311134338379,-73.28116914818624,73.28116914818624,5370.129751725082,73.28116914818624,"[0.326713,0.0,0.127192,0.105466,0.440629]",0.440629,0.11391600000000002,4,0,0,0,False,False
control_raw_critic_target,mappo,61,6,dev_02_state_08,da66deba85e976a12ee91266832b3fe4996e44cc0333ff92fe0fb0072b304773,dev_02,3,False,True,True,before_or_at,0.4,complete_fixed_behavior_discounted_return_not_vpi,75.76470591996298,2.460343360900879,2.460343360900879,-73.3043625590621,73.3043625590621,5373.529570190425,73.3043625590621,"[0.325884,0.0,0.128524,0.107331,0.438261]",0.438261,0.112377,4,0,0,0,False,False
control_raw_critic_target,mappo,61,6,dev_02_state_09,9b17e313c9c022b073c532cab790a8e4bbbfb88e37c386bc4de0316793e72b69,dev_02,4,True,False,True,before_or_at,0.8,complete_fixed_behavior_discounted_return_not_vpi,100.75270180026362,2.4907100200653076,2.4907100200653076,-98.26199178019831,98.26199178019831,9655.419028611761,98.26199178019831,"[0.266524,0.178319,0.101333,0.081056,0.372767]",0.372767,0.10624300000000003,4,0,0,0,False,False
control_raw_critic_target,mappo,61,6,dev_02_state_10,e6a58b6c7a7e16fa45b8c640dbd4b125a27da61dec2113082cdfa830027b3bfb,dev_02,4,True,False,True,before_or_at,0.8,complete_fixed_behavior_discounted_return_not_vpi,75.75270180026362,2.4907100200653076,2.4907100200653076,-73.26199178019831,73.26199178019831,5367.319439601845,73.26199178019831,"[0.266524,0.178319,0.101333,0.081056,0.372767]",0.372767,0.10624300000000003,4,0,0,0,False,False
control_raw_critic_target,mappo,61,6,dev_02_state_11,5fbcd355ad6ef625fe912c4a3485f5db6bcdb20e7b2dcdd955d3fe332063d473,dev_02,4,True,False,True,before_or_at,0.6,complete_fixed_behavior_discounted_return_not_vpi,75.75848028252462,2.4925973415374756,2.4925973415374756,-73.26588294098714,73.26588294098714,5367.88960312243,73.26588294098714,"[0.265437,0.17823,0.101984,0.081975,0.372375]",0.372375,0.10693800000000003,4,0,0,0,False,False
control_raw_critic_target,mappo,61,6,dev_02_state_12,fdd3f8ff3f38604c74d277ed795fde0f3d9fa09eb963e4d8820de9b76534d356,dev_02,4,True,False,True,after,0.6,complete_fixed_behavior_discounted_return_not_vpi,100.50848028252462,2.4925973415374756,2.4925973415374756,-98.01588294098714,98.01588294098714,9607.113308701293,98.01588294098714,"[0.265437,0.17823,0.101984,0.081975,0.372375]",0.372375,0.10693800000000003,4,0,0,0,False,False
control_raw_critic_target,mappo,61,6,dev_03_state_01,62750fc5f603af0e58fc56236599571502c69cfa558f3283ab10e1bc858471ae,dev_03,0,True,False,True,before_or_at,0.0,complete_fixed_behavior_discounted_return_not_vpi,75.32227037485364,2.481635808944702,2.481635808944702,-72.84063456590894,72.84063456590894,5305.758043964289,72.84063456590894,"[0.268676,0.178758,0.108106,0.086237,0.358224]",0.358224,0.08954799999999996,4,0,0,0,False,False
control_raw_critic_target,mappo,61,6,dev_03_state_02,49dc0c665e7c8d1673bc0818a98dec317568afa99b48ce13b276daf91fdf1003,dev_03,1,True,False,True,before_or_at,0.1,complete_fixed_behavior_discounted_return_not_vpi,75.2654274086768,2.451158285140991,2.451158285140991,-72.81426912353581,72.81426912353581,5301.9177879947,72.81426912353581,"[0.269174,0.178414,0.107673,0.085375,0.359364]",0.359364,0.09018999999999999,4,0,0,0,False,False
control_raw_critic_target,mappo,61,6,dev_03_state_03,5c249417d557afb821d09652c2ced9028d3dd95a2292007d63fec0a2af97227d,dev_03,1,True,True,True,before_or_at,0.1,complete_fixed_behavior_discounted_return_not_vpi,75.2654274086768,2.5909082889556885,2.5909082889556885,-72.67451911972111,72.67451911972111,5281.5857292827095,72.67451911972111,"[0.338851,0.0,0.131607,0.103758,0.425783]",0.425783,0.08693200000000001,4,0,0,0,False,False
control_raw_critic_target,mappo,61,6,dev_03_state_04,f5f32654c6274248e0d209cab36df9f70fd51f283f1cd0807581b37e93a74a25,dev_03,2,False,False,True,before_or_at,0.2,complete_fixed_behavior_discounted_return_not_vpi,75.46738204163074,2.4010043144226074,2.4010043144226074,-73.06637772720813,73.06637772720813,5338.695554175057,73.06637772720813,"[0.265256,0.178404,0.108934,0.089745,0.357662]",0.357662,0.09240599999999999,4,0,0,0,False,False
control_raw_critic_target,mappo,61,6,dev_03_state_05,6cc42ee25dea2b20e7ddf5c4193dae1de54521b21ce67836be05490494a0b931,dev_03,2,True,False,True,before_or_at,0.2,complete_fixed_behavior_discounted_return_not_vpi,75.22963452915576,2.515366792678833,2.515366792678833,-72.71426773647693,72.71426773647693,5287.36473245205,72.71426773647693,"[0.270509,0.178066,0.107801,0.085413,0.358211]",0.358211,0.087702,4,0,0,0,False,False
control_raw_critic_target,mappo,61,6,dev_03_state_06,1217155fad78690dd6f9e30d323674dca8a13a10b95a50b6354593aed403e43d,dev_03,3,True,True,True,before_or_at,0.3,complete_fixed_behavior_discounted_return_not_vpi,75.17185584736579,2.6017494201660156,2.6017494201660156,-72.57010642719978,72.57010642719978,5266.420346855102,72.57010642719978,"[0.337801,0.0,0.131809,0.102316,0.428074]",0.428074,0.09027299999999999,4,0,0,0,False,False
control_raw_critic_target,mappo,61,6,dev_03_state_07,c9b593dfc8699de434ab870b13435c9305897d412b8dedc394c04fd20511d413,dev_03,3,False,True,True,before_or_at,0.2,complete_fixed_behavior_discounted_return_not_vpi,75.22963452915576,2.499641180038452,2.499641180038452,-72.72999334911731,72.72999334911731,5289.651932562648,72.72999334911731,"[0.334202,0.0,0.133507,0.10864,0.423651]",0.423651,0.089449,4,0,0,0,False,False
control_raw_critic_target,mappo,61,6,dev_03_state_08,6b17f75e0e3f5de80f49678d788da5519dddc9cc9bd584c0ee650b8d7219e7b6,dev_03,3,True,True,True,before_or_at,0.3,complete_fixed_behavior_discounted_return_not_vpi,75.4120048498658,2.590543031692505,2.590543031692505,-72.82146181817329,72.82146181817329,5302.96530133567,72.82146181817329,"[0.338072,0.0,0.131909,0.101879,0.42814]",0.42814,0.09006800000000004,4,0,0,0,False,False
control_raw_critic_target,mappo,61,6,dev_03_state_09,0ccde0ef6c389b7341f4f1ea7beb149b259aad13dd1630dab7db376142e1073a,dev_03,3,False,False,True,before_or_at,0.2,complete_fixed_behavior_discounted_return_not_vpi,75.46738204163074,2.3513729572296143,2.3513729572296143,-73.11600908440113,73.11600908440113,5345.950784430228,73.11600908440113,"[0.264733,0.178202,0.109363,0.089803,0.357899]",0.357899,0.09316600000000003,4,0,0,0,False,False
control_raw_critic_target,mappo,61,6,dev_03_state_10,ebe2739e96e527d82f495d7e680acc3138491d2e16ff51c3923b53550c15ae25,dev_03,3,True,True,True,before_or_at,0.3,complete_fixed_behavior_discounted_return_not_vpi,74.92928109736579,2.6262218952178955,2.6262218952178955,-72.30305920214789,72.30305920214789,5227.732369989303,72.30305920214789,"[0.339774,0.0,0.130801,0.101999,0.427427]",0.427427,0.08765299999999998,4,0,0,0,False,False
control_raw_critic_target,mappo,61,6,dev_03_state_11,6f4069e08051d555eb68fe1fc24e55e73bd96f49eec834dcd284e6fcc78d573c,dev_03,4,True,False,True,before_or_at,0.4,complete_fixed_behavior_discounted_return_not_vpi,75.39606346424462,2.5187060832977295,2.5187060832977295,-72.87735738094689,72.87735738094689,5311.109218830255,72.87735738094689,"[0.271378,0.177928,0.106179,0.083252,0.361264]",0.361264,0.08988599999999997,4,0,0,0,False,False
control_raw_critic_target,mappo,61,6,dev_03_state_12,3280b55b15e26af81785ba01c8673bf4d36b50b213800bb4ae9d9639e7519111,dev_03,4,True,False,True,before_or_at,0.3,complete_fixed_behavior_discounted_return_not_vpi,74.92928109736579,2.5304596424102783,2.5304596424102783,-72.39882145495551,72.39882145495551,5241.589348066526,72.39882145495551,"[0.270786,0.177412,0.106831,0.083863,0.361108]",0.361108,0.09032199999999996,4,0,0,0,False,False
control_raw_critic_target,ppo,7,6,dev_00_state_01,2cb31cda5fedadef13eb6ef29f9fb864a9636c64a8a0b599c358ab8e79aa2f2e,dev_00,0,True,False,True,before_or_at,0.0,complete_fixed_behavior_discounted_return_not_vpi,99.16542974483956,2.4842827320098877,2.4842827320098877,-96.68114701282967,96.68114701282967,9347.244187716384,96.68114701282967,"[0.188084,0.150176,0.258329,0.134506,0.268905]",0.268905,0.01057600000000003,4,4,4,4,False,False
control_raw_critic_target,ppo,7,6,dev_00_state_02,4fe79a7d2f5b835a26cde6caefb444f6301c270d44971bde40489a612dd2b391,dev_00,1,True,False,True,before_or_at,0.14285714285714285,complete_fixed_behavior_discounted_return_not_vpi,99.43405463063405,2.471998453140259,2.471998453140259,-96.96205617749379,96.96205617749379,9401.640338167463,96.96205617749379,"[0.187518,0.150618,0.256157,0.134891,0.270816]",0.270816,0.014658999999999978,4,4,4,4,False,False
control_raw_critic_target,ppo,7,6,dev_00_state_03,c47e6b288039285428aafce3d49684ca2d11b023896665b0b3daac8a9dcaa176,dev_00,1,True,True,True,before_or_at,0.14285714285714285,complete_fixed_behavior_discounted_return_not_vpi,99.43405463063405,2.47908616065979,2.47908616065979,-96.95496846997426,96.95496846997426,9400.265911013703,96.95496846997426,"[0.216311,0.0,0.299715,0.157327,0.326647]",0.326647,0.02693200000000001,4,4,4,4,False,False
control_raw_critic_target,ppo,7,6,dev_00_state_04,db2399dc4a1846b64b81f411e0237050b1ffd324fd9a4bd78478baf6f2a1e9df,dev_00,2,False,True,True,before_or_at,0.2857142857142857,complete_fixed_behavior_discounted_return_not_vpi,99.63275207083052,2.5009372234344482,2.5009372234344482,-97.13181484739607,97.13181484739607,9434.589455548832,97.13181484739607,"[0.218713,0.0,0.302519,0.158755,0.320013]",0.320013,0.01749400000000001,4,4,4,4,False,False
control_raw_critic_target,ppo,7,6,dev_00_state_05,b439a8ded6b7704f73b9af3aad6b5a11f4e642b89173768c49bca3fb2b8e11e1,dev_00,2,False,False,True,before_or_at,0.2857142857142857,complete_fixed_behavior_discounted_return_not_vpi,99.63275207083052,2.475081205368042,2.475081205368042,-97.15767086546248,97.15767086546248,9439.613008001537,97.15767086546248,"[0.189644,0.152835,0.256861,0.136303,0.264358]",0.264358,0.007496999999999976,4,4,4,4,False,False
control_raw_critic_target,ppo,7,6,dev_00_state_06,05d5cb2b4cdc84a07f67d30b6d40026f1ae9404889525cd1fd230abd3ad151ac,dev_00,3,True,True,True,before_or_at,0.42857142857142855,complete_fixed_behavior_discounted_return_not_vpi,99.98305426895568,2.5434961318969727,2.5434961318969727,-97.43955813705871,97.43955813705871,9494.467489945244,97.43955813705871,"[0.216049,0.0,0.30082,0.155052,0.328079]",0.328079,0.027259000000000033,4,4,4,4,False,False
control_raw_critic_target,ppo,7,6,dev_00_state_07,be44ebe79f69d66fa111d2fd9181f41a47efe8ab066cbd91663de162f21bfdca,dev_00,3,True,True,True,before_or_at,0.42857142857142855,complete_fixed_behavior_discounted_return_not_vpi,99.98305426895568,2.5434961318969727,2.5434961318969727,-97.43955813705871,97.43955813705871,9494.467489945244,97.43955813705871,"[0.216049,0.0,0.30082,0.155052,0.328079]",0.328079,0.027259000000000033,4,4,4,4,False,False
control_raw_critic_target,ppo,7,6,dev_00_state_08,54b81637eaa22690c2f9140cabc601d934d118af96613f57981add5ac63c1553,dev_00,3,True,True,True,before_or_at,0.2857142857142857,complete_fixed_behavior_discounted_return_not_vpi,99.63275207083052,2.5562984943389893,2.5562984943389893,-97.07645357649153,97.07645357649153,9423.837838988715,97.07645357649153,"[0.216455,0.0,0.302539,0.154827,0.326179]",0.326179,0.023639999999999994,4,4,4,4,False,False
control_raw_critic_target,ppo,7,6,dev_00_state_09,4c5424ef8068127f88abfde3c8019231c91f8960d17e43927afbffc74d0ef8a3,dev_00,3,False,True,True,before_or_at,0.42857142857142855,complete_fixed_behavior_discounted_return_not_vpi,99.98305426895568,2.4957668781280518,2.4957668781280518,-97.48728739082763,97.48728739082763,9503.77120282182,97.48728739082763,"[0.218785,0.0,0.302872,0.158498,0.319844]",0.319844,0.016972000000000043,4,4,4,4,False,False
control_raw_critic_target,ppo,7,6,dev_00_state_10,56cb3633f940a0aa4754de669549dee3763dc62aa8d33e8feb481d858f69cc45,dev_00,3,False,True,True,before_or_at,0.42857142857142855,complete_fixed_behavior_discounted_return_not_vpi,99.98305426895568,2.4957668781280518,2.4957668781280518,-97.48728739082763,97.48728739082763,9503.77120282182,97.48728739082763,"[0.218785,0.0,0.302872,0.158498,0.319844]",0.319844,0.016972000000000043,4,4,4,4,False,False
control_raw_critic_target,ppo,7,6,dev_00_state_11,616869b075de6c2da36a5545c9128137f476e5cb4f0ae4851e0c1b46d0deef42,dev_00,3,False,True,True,before_or_at,0.2857142857142857,complete_fixed_behavior_discounted_return_not_vpi,99.63275207083052,2.5063252449035645,2.5063252449035645,-97.12642682592696,97.12642682592696,9433.542787972143,97.12642682592696,"[0.21908,0.0,0.30414,0.158627,0.318153]",0.318153,0.014012999999999998,4,4,4,4,False,False
control_raw_critic_target,ppo,7,6,dev_00_state_12,50772a9d479dd040bdfcd26f5a4e632848da15cc67dcf85fb3ae790c04749004,dev_00,4,True,True,True,before_or_at,0.5714285714285714,complete_fixed_behavior_discounted_return_not_vpi,100.22152414584981,2.5743191242218018,2.5743191242218018,-97.64720502162801,97.64720502162801,9534.976648535854,97.64720502162801,"[0.215954,0.0,0.300511,0.15488,0.328655]",0.328655,0.028144000000000002,4,4,4,4,False,False
control_raw_critic_target,ppo,7,6,dev_01_state_01,a4bbd832c514e8ecb281380734580807ec9ec04ce04b6be662dd729667c979e5,dev_01,0,True,False,True,before_or_at,0.0,complete_fixed_behavior_discounted_return_not_vpi,75.65614047157035,2.4397263526916504,2.4397263526916504,-73.2164141188787,73.2164141188787,5360.643296427141,73.2164141188787,"[0.188124,0.149587,0.259969,0.135562,0.266758]",0.266758,0.0067889999999999895,4,4,4,4,False,False
control_raw_critic_target,ppo,7,6,dev_01_state_02,63fee8a32f4b1c8d4d78562135b7b123d9efca8ef1fd10c52757463ac3a4c28b,dev_01,1,True,False,True,before_or_at,0.125,complete_fixed_behavior_discounted_return_not_vpi,99.13967366563787,2.4704689979553223,2.4704689979553223,-96.66920466768255,96.66920466768255,9344.935131082299,96.66920466768255,"[0.188726,0.148522,0.260309,0.135206,0.267236]",0.267236,0.006926999999999961,4,4,4,4,False,False
control_raw_critic_target,ppo,7,6,dev_01_state_03,c559429297df4987fbb22dd07eedba631d6c671c0ff9130cbe932ee596739c54,dev_01,1,True,True,True,before_or_at,0.125,complete_fixed_behavior_discounted_return_not_vpi,99.13967366563787,2.4819562435150146,2.4819562435150146,-96.65771742212286,96.65771742212286,9342.714337254953,96.65771742212286,"[0.216949,0.0,0.304478,0.157003,0.321571]",0.321571,0.01709299999999997,4,4,4,4,False,False
control_raw_critic_target,ppo,7,6,dev_01_state_04,7358d67bd36c9a85cc6e8138adeb39b8726469ca30f20c1f0942cc3f76de4651,dev_01,2,True,False,True,before_or_at,0.25,complete_fixed_behavior_discounted_return_not_vpi,99.35350480891441,2.463972806930542,2.463972806930542,-96.88953200198387,96.88953200198387,9387.581411563457,96.88953200198387,"[0.187432,0.149718,0.257438,0.135265,0.270147]",0.270147,0.012709000000000026,4,4,4,4,False,False
control_raw_critic_target,ppo,7,6,dev_01_state_05,0763b046fa0b532b554b052e7a0878b9d194acdb61a7240efa1f797b157b13db,dev_01,2,True,True,True,before_or_at,0.25,complete_fixed_behavior_discounted_return_not_vpi,99.35350480891441,2.4768617153167725,2.4768617153167725,-96.87664309359764,96.87664309359764,9385.083977084298,96.87664309359764,"[0.215573,0.0,0.301292,0.15743,0.325705]",0.325705,0.024413000000000018,4,4,4,4,False,False
control_raw_critic_target,ppo,7,6,dev_01_state_06,fd2e5861fe027bcb3635018576d2d5ce1b9b63d2b09ed94737c380749ee87049,dev_01,3,False,True,True,before_or_at,0.375,complete_fixed_behavior_discounted_return_not_vpi,99.53944465087416,2.4462244510650635,2.4462244510650635,-97.0932201998091,97.0932201998091,9427.093408768616,97.0932201998091,"[0.218545,0.0,0.302283,0.159618,0.319555]",0.319555,0.017271999999999954,4,4,4,4,False,False
control_raw_critic_target,ppo,7,6,dev_01_state_07,183ebb194b29cf885e5c212fd6e18171c5539439db50572f3120f6c0133c5049,dev_01,3,False,True,True,before_or_at,0.375,complete_fixed_behavior_discounted_return_not_vpi,99.53944465087416,2.446869134902954,2.446869134902954,-97.0925755159712,97.0925755159712,9426.968220324572,97.0925755159712,"[0.218525,0.0,0.302298,0.1596,0.319577]",0.319577,0.01727899999999999,4,4,4,4,False,False
control_raw_critic_target,ppo,7,6,dev_01_state_08,d2bf64fb9b88e145885e5ed0f74f9f639967dd914d669e6f6d9e93f684a95a73,dev_01,4,True,True,True,before_or_at,0.5,complete_fixed_behavior_discounted_return_not_vpi,99.72721960667732,2.536215305328369,2.536215305328369,-97.19100430134895,97.19100430134895,9446.09131710483,97.19100430134895,"[0.21629,0.0,0.303525,0.15523,0.324956]",0.324956,0.021431000000000033,4,4,4,4,False,False
control_raw_critic_target,ppo,7,6,dev_01_state_09,13fb32efb5dd998abdd32f46158b290acced91d28620d9d15377f2694497b912,dev_01,4,True,True,True,before_or_at,0.5,complete_fixed_behavior_discounted_return_not_vpi,99.72721960667732,2.536215305328369,2.536215305328369,-97.19100430134895,97.19100430134895,9446.09131710483,97.19100430134895,"[0.21629,0.0,0.303525,0.15523,0.324956]",0.324956,0.021431000000000033,4,4,4,4,False,False
control_raw_critic_target,ppo,7,6,dev_01_state_10,501e02f271270613a795072dd11d6876f63160ede7c17cfbe7ee893e5b1aa82c,dev_01,4,True,True,True,before_or_at,0.375,complete_fixed_behavior_discounted_return_not_vpi,99.53944465087416,2.5070788860321045,2.5070788860321045,-97.03236576484206,97.03236576484206,9415.280005922092,97.03236576484206,"[0.216171,0.0,0.303347,0.155776,0.324706]",0.324706,0.021359000000000017,4,4,4,4,False,False
control_raw_critic_target,ppo,7,6,dev_01_state_11,e0c6c2402de2864424b773d58c1fc72a6bc09419a54d0cbe2f5f07d795a22db3,dev_01,4,True,True,True,before_or_at,0.5,complete_fixed_behavior_discounted_return_not_vpi,99.72721960667732,2.5365588665008545,2.5365588665008545,-97.19066074017647,97.19066074017647,9446.02453511208,97.19066074017647,"[0.216299,0.0,0.303518,0.155209,0.324974]",0.324974,0.021455999999999975,4,4,4,4,False,False
control_raw_critic_target,ppo,7,6,dev_01_state_12,87eae5e2295dff0be0c0317d62480330e70116056ccb6207b9f0f698ac011e38,dev_01,4,True,True,True,before_or_at,0.5,complete_fixed_behavior_discounted_return_not_vpi,99.72721960667732,2.5365588665008545,2.5365588665008545,-97.19066074017647,97.19066074017647,9446.02453511208,97.19066074017647,"[0.216299,0.0,0.303518,0.155209,0.324974]",0.324974,0.021455999999999975,4,4,4,4,False,False
control_raw_critic_target,ppo,7,6,dev_02_state_01,aacd1cc47660f831ce532b266ce3478bb22e2c78d466e47472c937aafefcacfb,dev_02,0,True,False,True,before_or_at,0.0,complete_fixed_behavior_discounted_return_not_vpi,75.58016750117106,2.3476760387420654,2.3476760387420654,-73.232491462429,73.232491462429,5362.9978057947355,73.232491462429,"[0.18744,0.155497,0.251445,0.140591,0.265027]",0.265027,0.013582000000000038,4,4,4,4,False,False
control_raw_critic_target,ppo,7,6,dev_02_state_02,65837e8c4e1042b18b8987e46d37b1081f660135fc906dde8659dd34bcb25e18,dev_02,1,True,False,True,before_or_at,0.2,complete_fixed_behavior_discounted_return_not_vpi,75.81651346531233,2.3506624698638916,2.3506624698638916,-73.46585099544843,73.46585099544843,5397.231262485432,73.46585099544843,"[0.186654,0.155696,0.249249,0.140743,0.267658]",0.267658,0.01840900000000001,4,4,4,4,False,False
control_raw_critic_target,ppo,7,6,dev_02_state_03,788bd1c71ab6c0f94f77fdf24a1874af9e74d3c3e59586a4d8fd42a2d4a722a2,dev_02,1,True,True,True,before_or_at,0.2,complete_fixed_behavior_discounted_return_not_vpi,75.57148846531233,2.3498971462249756,2.3498971462249756,-73.22159131908735,73.22159131908735,5361.401435299448,73.22159131908735,"[0.216027,0.0,0.293496,0.165377,0.325099]",0.325099,0.03160300000000005,4,4,4,4,False,False
control_raw_critic_target,ppo,7,6,dev_02_state_04,73424c66a5e9ad4241b9fb8e38cb02b30333c2e9611126a6c2f2661d805079c5,dev_02,2,True,True,True,before_or_at,0.4,complete_fixed_behavior_discounted_return_not_vpi,75.76470591996298,2.426182985305786,2.426182985305786,-73.33852293465719,73.33852293465719,5378.538946237239,73.33852293465719,"[0.216143,0.0,0.295978,0.16253,0.325349]",0.325349,0.02937099999999998,4,4,4,4,False,False
control_raw_critic_target,ppo,7,6,dev_02_state_05,07a0c6f5a831ee8a70a2e4f82ae69cc5df3eb3540cdda40dc84dfab435b8d8ac,dev_02,2,False,True,True,before_or_at,0.4,complete_fixed_behavior_discounted_return_not_vpi,75.76470591996298,2.3593907356262207,2.3593907356262207,-73.40531518433676,73.40531518433676,5388.340297311821,73.40531518433676,"[0.219427,0.0,0.297611,0.166945,0.316016]",0.316016,0.018405000000000005,4,4,4,4,False,False
control_raw_critic_target,ppo,7,6,dev_02_state_06,cd47e258d721757c11ea4050f051bb017e502287edeba848b9bb4aed7aa04c14,dev_02,3,True,True,True,before_or_at,0.6,complete_fixed_behavior_discounted_return_not_vpi,75.75848028252462,2.4436018466949463,2.4436018466949463,-73.31487843582967,73.31487843582967,5375.071400060482,73.31487843582967,"[0.215768,0.0,0.294311,0.162395,0.327526]",0.327526,0.033214999999999995,4,4,4,4,False,False
control_raw_critic_target,ppo,7,6,dev_02_state_07,446e55a68c01f9b6b3d75b3584e53818ff209784976039bdb016348e222bb7bc,dev_02,3,False,True,True,before_or_at,0.6,complete_fixed_behavior_discounted_return_not_vpi,75.75848028252462,2.3840785026550293,2.3840785026550293,-73.37440177986959,73.37440177986959,5383.802836553729,73.37440177986959,"[0.219043,0.0,0.296161,0.166486,0.318311]",0.318311,0.022150000000000003,4,4,4,4,False,False
control_raw_critic_target,ppo,7,6,dev_02_state_08,da66deba85e976a12ee91266832b3fe4996e44cc0333ff92fe0fb0072b304773,dev_02,3,False,True,True,before_or_at,0.4,complete_fixed_behavior_discounted_return_not_vpi,75.76470591996298,2.354384660720825,2.354384660720825,-73.41032125924215,73.41032125924215,5389.07526738514,73.41032125924215,"[0.219212,0.0,0.296577,0.16709,0.317122]",0.317122,0.020545000000000035,4,4,4,4,False,False
control_raw_critic_target,ppo,7,6,dev_02_state_09,9b17e313c9c022b073c532cab790a8e4bbbfb88e37c386bc4de0316793e72b69,dev_02,4,True,False,True,before_or_at,0.8,complete_fixed_behavior_discounted_return_not_vpi,100.75270180026362,2.441715955734253,2.441715955734253,-98.31098584452937,98.31098584452937,9665.049937723254,98.31098584452937,"[0.186121,0.153963,0.249636,0.138959,0.271321]",0.271321,0.021684999999999982,4,4,4,4,False,False
control_raw_critic_target,ppo,7,6,dev_02_state_10,e6a58b6c7a7e16fa45b8c640dbd4b125a27da61dec2113082cdfa830027b3bfb,dev_02,4,True,False,True,before_or_at,0.8,complete_fixed_behavior_discounted_return_not_vpi,75.75270180026362,2.441715955734253,2.441715955734253,-73.31098584452937,73.31098584452937,5374.500645496785,73.31098584452937,"[0.186121,0.153963,0.249636,0.138959,0.271321]",0.271321,0.021684999999999982,4,4,4,4,False,False
control_raw_critic_target,ppo,7,6,dev_02_state_11,5fbcd355ad6ef625fe912c4a3485f5db6bcdb20e7b2dcdd955d3fe332063d473,dev_02,4,True,False,True,before_or_at,0.6,complete_fixed_behavior_discounted_return_not_vpi,75.75848028252462,2.434857130050659,2.434857130050659,-73.32362315247396,73.32362315247396,5376.353712206015,73.32362315247396,"[0.187356,0.153349,0.251167,0.138539,0.26959]",0.26959,0.018423000000000023,4,4,4,4,False,False
control_raw_critic_target,ppo,7,6,dev_02_state_12,fdd3f8ff3f38604c74d277ed795fde0f3d9fa09eb963e4d8820de9b76534d356,dev_02,4,True,False,True,after,0.6,complete_fixed_behavior_discounted_return_not_vpi,100.50848028252462,2.434857130050659,2.434857130050659,-98.07362315247396,98.07362315247396,9618.435558253475,98.07362315247396,"[0.187356,0.153349,0.251167,0.138539,0.26959]",0.26959,0.018423000000000023,4,4,4,4,False,False
control_raw_critic_target,ppo,7,6,dev_03_state_01,62750fc5f603af0e58fc56236599571502c69cfa558f3283ab10e1bc858471ae,dev_03,0,True,False,True,before_or_at,0.0,complete_fixed_behavior_discounted_return_not_vpi,75.32227037485364,2.3504834175109863,2.3504834175109863,-72.97178695734266,72.97178695734266,5324.881691747804,72.97178695734266,"[0.188675,0.153633,0.253593,0.140044,0.264054]",0.264054,0.010460999999999998,4,4,4,4,False,False
control_raw_critic_target,ppo,7,6,dev_03_state_02,49dc0c665e7c8d1673bc0818a98dec317568afa99b48ce13b276daf91fdf1003,dev_03,1,True,False,True,before_or_at,0.1,complete_fixed_behavior_discounted_return_not_vpi,75.2654274086768,2.371478796005249,2.371478796005249,-72.89394861267155,72.89394861267155,5313.5277443468,72.89394861267155,"[0.188234,0.153518,0.252695,0.139659,0.265894]",0.265894,0.013199000000000016,4,4,4,4,False,False
control_raw_critic_target,ppo,7,6,dev_03_state_03,5c249417d557afb821d09652c2ced9028d3dd95a2292007d63fec0a2af97227d,dev_03,1,True,True,True,before_or_at,0.1,complete_fixed_behavior_discounted_return_not_vpi,75.2654274086768,2.4347798824310303,2.4347798824310303,-72.83064752624577,72.83064752624577,5304.303219092249,72.83064752624577,"[0.216186,0.0,0.298185,0.161653,0.323976]",0.323976,0.02579100000000001,4,4,4,4,False,False
control_raw_critic_target,ppo,7,6,dev_03_state_04,f5f32654c6274248e0d209cab36df9f70fd51f283f1cd0807581b37e93a74a25,dev_03,2,False,False,True,before_or_at,0.2,complete_fixed_behavior_discounted_return_not_vpi,75.46738204163074,2.295372247695923,2.295372247695923,-73.17200979393482,73.17200979393482,5354.143017283694,73.17200979393482,"[0.189972,0.157198,0.251798,0.143382,0.257649]",0.257649,0.005850999999999995,4,4,4,4,False,False
control_raw_critic_target,ppo,7,6,dev_03_state_05,6cc42ee25dea2b20e7ddf5c4193dae1de54521b21ce67836be05490494a0b931,dev_03,2,True,False,True,before_or_at,0.2,complete_fixed_behavior_discounted_return_not_vpi,75.22963452915576,2.404219150543213,2.404219150543213,-72.82541537861255,72.82541537861255,5303.541125067457,72.82541537861255,"[0.188122,0.152757,0.252678,0.138009,0.268434]",0.268434,0.015755999999999992,4,4,4,4,False,False
control_raw_critic_target,ppo,7,6,dev_03_state_06,1217155fad78690dd6f9e30d323674dca8a13a10b95a50b6354593aed403e43d,dev_03,3,True,True,True,before_or_at,0.3,complete_fixed_behavior_discounted_return_not_vpi,75.17185584736579,2.458944797515869,2.458944797515869,-72.71291104984992,72.71291104984992,5287.167433343387,72.71291104984992,"[0.217634,0.0,0.296233,0.159718,0.326415]",0.326415,0.030181999999999987,4,4,4,4,False,False
control_raw_critic_target,ppo,7,6,dev_03_state_07,c9b593dfc8699de434ab870b13435c9305897d412b8dedc394c04fd20511d413,dev_03,3,False,True,True,before_or_at,0.2,complete_fixed_behavior_discounted_return_not_vpi,75.22963452915576,2.3697378635406494,2.3697378635406494,-72.85989666561511,72.85989666561511,5308.5645421241115,72.85989666561511,"[0.218762,0.0,0.297919,0.166117,0.317202]",0.317202,0.019282999999999995,4,4,4,4,False,False
control_raw_critic_target,ppo,7,6,dev_03_state_08,6b17f75e0e3f5de80f49678d788da5519dddc9cc9bd584c0ee650b8d7219e7b6,dev_03,3,True,True,True,before_or_at,0.3,complete_fixed_behavior_discounted_return_not_vpi,75.4120048498658,2.4354097843170166,2.4354097843170166,-72.97659506554878,72.97659506554878,5325.583427361078,72.97659506554878,"[0.217177,0.0,0.296482,0.161301,0.32504]",0.32504,0.028557999999999972,4,4,4,4,False,False
control_raw_critic_target,ppo,7,6,dev_03_state_09,0ccde0ef6c389b7341f4f1ea7beb149b259aad13dd1630dab7db376142e1073a,dev_03,3,False,False,True,before_or_at,0.2,complete_fixed_behavior_discounted_return_not_vpi,75.46738204163074,2.2869207859039307,2.2869207859039307,-73.18046125572681,73.18046125572681,5355.379909600933,73.18046125572681,"[0.189809,0.157792,0.25056,0.143541,0.258298]",0.258298,0.007738000000000023,4,4,4,4,False,False
control_raw_critic_target,ppo,7,6,dev_03_state_10,ebe2739e96e527d82f495d7e680acc3138491d2e16ff51c3923b53550c15ae25,dev_03,3,True,True,True,before_or_at,0.3,complete_fixed_behavior_discounted_return_not_vpi,74.92928109736579,2.493253707885742,2.493253707885742,-72.43602738948005,72.43602738948005,5246.978063969504,72.43602738948005,"[0.216586,0.0,0.297188,0.158759,0.327467]",0.327467,0.030279,4,4,4,4,False,False
control_raw_critic_target,ppo,7,6,dev_03_state_11,6f4069e08051d555eb68fe1fc24e55e73bd96f49eec834dcd284e6fcc78d573c,dev_03,4,True,False,True,before_or_at,0.4,complete_fixed_behavior_discounted_return_not_vpi,75.39606346424462,2.4191267490386963,2.4191267490386963,-72.97693671520592,72.97693671520592,5325.63329233517,72.97693671520592,"[0.187876,0.152602,0.253059,0.13848,0.267983]",0.267983,0.014924000000000048,4,4,4,4,False,False
control_raw_critic_target,ppo,7,6,dev_03_state_12,3280b55b15e26af81785ba01c8673bf4d36b50b213800bb4ae9d9639e7519111,dev_03,4,True,False,True,before_or_at,0.3,complete_fixed_behavior_discounted_return_not_vpi,74.92928109736579,2.44303822517395,2.44303822517395,-72.48624287219184,72.48624287219184,5254.255405726382,72.48624287219184,"[0.188714,0.151676,0.253612,0.136691,0.269307]",0.269307,0.015695000000000014,4,4,4,4,False,False
control_raw_critic_target,ppo,17,12,dev_00_state_01,2cb31cda5fedadef13eb6ef29f9fb864a9636c64a8a0b599c358ab8e79aa2f2e,dev_00,0,True,False,True,before_or_at,0.0,complete_fixed_behavior_discounted_return_not_vpi,99.16542974483956,5.872099876403809,5.872099876403809,-93.29332986843575,93.29332986843575,8703.645397940765,93.29332986843575,"[0.270789,0.159238,0.160463,0.132643,0.276867]",0.276867,0.006077999999999972,4,4,4,4,False,False
control_raw_critic_target,ppo,17,12,dev_00_state_02,4fe79a7d2f5b835a26cde6caefb444f6301c270d44971bde40489a612dd2b391,dev_00,1,True,False,True,before_or_at,0.14285714285714285,complete_fixed_behavior_discounted_return_not_vpi,99.43405463063405,5.860939025878906,5.860939025878906,-93.57311560475515,93.57311560475515,8755.92796398087,93.57311560475515,"[0.27033,0.15971,0.161041,0.133743,0.275176]",0.275176,0.0048459999999999614,4,4,4,4,False,False
control_raw_critic_target,ppo,17,12,dev_00_state_03,c47e6b288039285428aafce3d49684ca2d11b023896665b0b3daac8a9dcaa176,dev_00,1,True,True,True,before_or_at,0.14285714285714285,complete_fixed_behavior_discounted_return_not_vpi,99.43405463063405,5.888350486755371,5.888350486755371,-93.54570414387868,93.54570414387868,8750.79876377408,93.54570414387868,"[0.325899,0.0,0.190747,0.153984,0.32937]",0.32937,0.003471000000000002,4,4,4,4,False,False
control_raw_critic_target,ppo,17,12,dev_00_state_04,db2399dc4a1846b64b81f411e0237050b1ffd324fd9a4bd78478baf6f2a1e9df,dev_00,2,False,True,True,before_or_at,0.2857142857142857,complete_fixed_behavior_discounted_return_not_vpi,99.63275207083052,5.890682220458984,5.890682220458984,-93.74206985037154,93.74206985037154,8787.575659831937,93.74206985037154,"[0.328432,0.0,0.192569,0.153413,0.325586]",0.325586,-0.002846000000000015,0,0,0,0,False,False
control_raw_critic_target,ppo,17,12,dev_00_state_05,b439a8ded6b7704f73b9af3aad6b5a11f4e642b89173768c49bca3fb2b8e11e1,dev_00,2,False,False,True,before_or_at,0.2857142857142857,complete_fixed_behavior_discounted_return_not_vpi,99.63275207083052,5.860864162445068,5.860864162445068,-93.77188790838545,93.77188790838545,8793.166961902805,93.77188790838545,"[0.273997,0.158532,0.162948,0.133184,0.271339]",0.271339,-0.0026579999999999937,0,0,0,0,False,False
control_raw_critic_target,ppo,17,12,dev_00_state_06,05d5cb2b4cdc84a07f67d30b6d40026f1ae9404889525cd1fd230abd3ad151ac,dev_00,3,True,True,True,before_or_at,0.42857142857142855,complete_fixed_behavior_discounted_return_not_vpi,99.98305426895568,5.902054786682129,5.902054786682129,-94.08099948227355,94.08099948227355,8851.234463583556,94.08099948227355,"[0.326266,0.0,0.190336,0.152691,0.330707]",0.330707,0.004440999999999973,4,4,4,4,False,False
control_raw_critic_target,ppo,17,12,dev_00_state_07,be44ebe79f69d66fa111d2fd9181f41a47efe8ab066cbd91663de162f21bfdca,dev_00,3,True,True,True,before_or_at,0.42857142857142855,complete_fixed_behavior_discounted_return_not_vpi,99.98305426895568,5.902054786682129,5.902054786682129,-94.08099948227355,94.08099948227355,8851.234463583556,94.08099948227355,"[0.326266,0.0,0.190336,0.152691,0.330707]",0.330707,0.004440999999999973,4,4,4,4,False,False
control_raw_critic_target,ppo,17,12,dev_00_state_08,54b81637eaa22690c2f9140cabc601d934d118af96613f57981add5ac63c1553,dev_00,3,True,True,True,before_or_at,0.2857142857142857,complete_fixed_behavior_discounted_return_not_vpi,99.63275207083052,5.910313606262207,5.910313606262207,-93.72243846456831,93.72243846456831,8783.895471744794,93.72243846456831,"[0.325862,0.0,0.190132,0.151445,0.332561]",0.332561,0.0066990000000000105,4,4,4,4,False,False
control_raw_critic_target,ppo,17,12,dev_00_state_09,4c5424ef8068127f88abfde3c8019231c91f8960d17e43927afbffc74d0ef8a3,dev_00,3,False,True,True,before_or_at,0.42857142857142855,complete_fixed_behavior_discounted_return_not_vpi,99.98305426895568,5.884795665740967,5.884795665740967,-94.09825860321472,94.09825860321472,8854.482272157473,94.09825860321472,"[0.329577,0.0,0.192156,0.15454,0.323727]",0.323727,-0.005850000000000022,0,0,0,0,False,False
control_raw_critic_target,ppo,17,12,dev_00_state_10,56cb3633f940a0aa4754de669549dee3763dc62aa8d33e8feb481d858f69cc45,dev_00,3,False,True,True,before_or_at,0.42857142857142855,complete_fixed_behavior_discounted_return_not_vpi,99.98305426895568,5.884795665740967,5.884795665740967,-94.09825860321472,94.09825860321472,8854.482272157473,94.09825860321472,"[0.329577,0.0,0.192156,0.15454,0.323727]",0.323727,-0.005850000000000022,0,0,0,0,False,False
control_raw_critic_target,ppo,17,12,dev_00_state_11,616869b075de6c2da36a5545c9128137f476e5cb4f0ae4851e0c1b46d0deef42,dev_00,3,False,True,True,before_or_at,0.2857142857142857,complete_fixed_behavior_discounted_return_not_vpi,99.63275207083052,5.895427703857422,5.895427703857422,-93.7373243669731,93.7373243669731,8786.685979479129,93.7373243669731,"[0.32896,0.0,0.191889,0.153085,0.326065]",0.326065,-0.002894999999999981,0,0,0,0,False,False
control_raw_critic_target,ppo,17,12,dev_00_state_12,50772a9d479dd040bdfcd26f5a4e632848da15cc67dcf85fb3ae790c04749004,dev_00,4,True,True,True,before_or_at,0.5714285714285714,complete_fixed_behavior_discounted_return_not_vpi,100.22152414584981,5.90999698638916,5.90999698638916,-94.31152715946065,94.31152715946065,8894.664155149685,94.31152715946065,"[0.326052,0.0,0.190567,0.151326,0.332055]",0.332055,0.006002999999999981,4,4,4,4,False,False
control_raw_critic_target,ppo,17,12,dev_01_state_01,a4bbd832c514e8ecb281380734580807ec9ec04ce04b6be662dd729667c979e5,dev_01,0,True,False,True,before_or_at,0.0,complete_fixed_behavior_discounted_return_not_vpi,75.65614047157035,5.861656665802002,5.861656665802002,-69.79448380576835,69.79448380576835,4871.26996971366,69.79448380576835,"[0.268839,0.159849,0.160487,0.133728,0.277098]",0.277098,0.008259000000000016,4,4,4,4,False,False
control_raw_critic_target,ppo,17,12,dev_01_state_02,63fee8a32f4b1c8d4d78562135b7b123d9efca8ef1fd10c52757463ac3a4c28b,dev_01,1,True,False,True,before_or_at,0.125,complete_fixed_behavior_discounted_return_not_vpi,99.13967366563787,5.8669328689575195,5.8669328689575195,-93.27274079668035,93.27274079668035,8699.80417572472,93.27274079668035,"[0.271049,0.158986,0.160988,0.13295,0.276027]",0.276027,0.004978000000000038,4,4,4,4,False,False
control_raw_critic_target,ppo,17,12,dev_01_state_03,c559429297df4987fbb22dd07eedba631d6c671c0ff9130cbe932ee596739c54,dev_01,1,True,True,True,before_or_at,0.125,complete_fixed_behavior_discounted_return_not_vpi,99.13967366563787,5.894208908081055,5.894208908081055,-93.24546475755682,93.24546475755682,8694.716697852771,93.24546475755682,"[0.325729,0.0,0.190693,0.153172,0.330406]",0.330406,0.004676999999999987,4,4,4,4,False,False
control_raw_critic_target,ppo,17,12,dev_01_state_04,7358d67bd36c9a85cc6e8138adeb39b8726469ca30f20c1f0942cc3f76de4651,dev_01,2,True,False,True,before_or_at,0.25,complete_fixed_behavior_discounted_return_not_vpi,99.35350480891441,5.862734794616699,5.862734794616699,-93.49077001429771,93.49077001429771,8740.524077866308,93.49077001429771,"[0.268821,0.159753,0.161482,0.133352,0.276592]",0.276592,0.007771000000000028,4,4,4,4,False,False
control_raw_critic_target,ppo,17,12,dev_01_state_05,0763b046fa0b532b554b052e7a0878b9d194acdb61a7240efa1f797b157b13db,dev_01,2,True,True,True,before_or_at,0.25,complete_fixed_behavior_discounted_return_not_vpi,99.35350480891441,5.892158508300781,5.892158508300781,-93.46134630061363,93.46134630061363,8735.023252323224,93.46134630061363,"[0.323837,0.0,0.191329,0.153522,0.331311]",0.331311,0.007474000000000036,4,4,4,4,False,False
control_raw_critic_target,ppo,17,12,dev_01_state_06,fd2e5861fe027bcb3635018576d2d5ce1b9b63d2b09ed94737c380749ee87049,dev_01,3,False,True,True,before_or_at,0.375,complete_fixed_behavior_discounted_return_not_vpi,99.53944465087416,5.875447750091553,5.875447750091553,-93.6639969007826,93.6639969007826,8772.944315429813,93.6639969007826,"[0.327269,0.0,0.193315,0.155305,0.324112]",0.324112,-0.0031569999999999654,0,0,0,0,False,False
control_raw_critic_target,ppo,17,12,dev_01_state_07,183ebb194b29cf885e5c212fd6e18171c5539439db50572f3120f6c0133c5049,dev_01,3,False,True,True,before_or_at,0.375,complete_fixed_behavior_discounted_return_not_vpi,99.53944465087416,5.875622272491455,5.875622272491455,-93.6638223783827,93.6638223783827,8772.911622529225,93.6638223783827,"[0.327248,0.0,0.193313,0.155298,0.324141]",0.324141,-0.003106999999999971,0,0,0,0,False,False
control_raw_critic_target,ppo,17,12,dev_01_state_08,d2bf64fb9b88e145885e5ed0f74f9f639967dd914d669e6f6d9e93f684a95a73,dev_01,4,True,True,True,before_or_at,0.5,complete_fixed_behavior_discounted_return_not_vpi,99.72721960667732,5.905579090118408,5.905579090118408,-93.82164051655892,93.82164051655892,8802.500229218409,93.82164051655892,"[0.324665,0.0,0.190302,0.15219,0.332843]",0.332843,0.008178000000000019,4,4,4,4,False,False
control_raw_critic_target,ppo,17,12,dev_01_state_09,13fb32efb5dd998abdd32f46158b290acced91d28620d9d15377f2694497b912,dev_01,4,True,True,True,before_or_at,0.5,complete_fixed_behavior_discounted_return_not_vpi,99.72721960667732,5.905579090118408,5.905579090118408,-93.82164051655892,93.82164051655892,8802.500229218409,93.82164051655892,"[0.324665,0.0,0.190302,0.15219,0.332843]",0.332843,0.008178000000000019,4,4,4,4,False,False
control_raw_critic_target,ppo,17,12,dev_01_state_10,501e02f271270613a795072dd11d6876f63160ede7c17cfbe7ee893e5b1aa82c,dev_01,4,True,True,True,before_or_at,0.375,complete_fixed_behavior_discounted_return_not_vpi,99.53944465087416,5.898903846740723,5.898903846740723,-93.64054080413344,93.64054080413344,8768.55088209058,93.64054080413344,"[0.324612,0.0,0.190389,0.153219,0.33178]",0.33178,0.007168000000000008,4,4,4,4,False,False
control_raw_critic_target,ppo,17,12,dev_01_state_11,e0c6c2402de2864424b773d58c1fc72a6bc09419a54d0cbe2f5f07d795a22db3,dev_01,4,True,True,True,before_or_at,0.5,complete_fixed_behavior_discounted_return_not_vpi,99.72721960667732,5.905693054199219,5.905693054199219,-93.8215265524781,93.8215265524781,8802.478844637353,93.8215265524781,"[0.324668,0.0,0.190296,0.152184,0.332852]",0.332852,0.008183999999999969,4,4,4,4,False,False
control_raw_critic_target,ppo,17,12,dev_01_state_12,87eae5e2295dff0be0c0317d62480330e70116056ccb6207b9f0f698ac011e38,dev_01,4,True,True,True,before_or_at,0.5,complete_fixed_behavior_discounted_return_not_vpi,99.72721960667732,5.905693054199219,5.905693054199219,-93.8215265524781,93.8215265524781,8802.478844637353,93.8215265524781,"[0.324668,0.0,0.190296,0.152184,0.332852]",0.332852,0.008183999999999969,4,4,4,4,False,False
control_raw_critic_target,ppo,17,12,dev_02_state_01,aacd1cc47660f831ce532b266ce3478bb22e2c78d466e47472c937aafefcacfb,dev_02,0,True,False,True,before_or_at,0.0,complete_fixed_behavior_discounted_return_not_vpi,75.58016750117106,5.833160877227783,5.833160877227783,-69.74700662394328,69.74700662394328,4864.644933000388,69.74700662394328,"[0.265329,0.161905,0.161191,0.136983,0.274591]",0.274591,0.009261999999999992,4,4,4,4,False,False
control_raw_critic_target,ppo,17,12,dev_02_state_02,65837e8c4e1042b18b8987e46d37b1081f660135fc906dde8659dd34bcb25e18,dev_02,1,True,False,True,before_or_at,0.2,complete_fixed_behavior_discounted_return_not_vpi,75.81651346531233,5.824560642242432,5.824560642242432,-69.9919528230699,69.9919528230699,4898.873459986842,69.9919528230699,"[0.264885,0.162272,0.161897,0.137713,0.273232]",0.273232,0.008346999999999993,4,4,4,4,False,False
control_raw_critic_target,ppo,17,12,dev_02_state_03,788bd1c71ab6c0f94f77fdf24a1874af9e74d3c3e59586a4d8fd42a2d4a722a2,dev_02,1,True,True,True,before_or_at,0.2,complete_fixed_behavior_discounted_return_not_vpi,75.57148846531233,5.863922119140625,5.863922119140625,-69.7075663461717,69.7075663461717,4859.144805905929,69.7075663461717,"[0.321494,0.0,0.192139,0.157869,0.328499]",0.328499,0.0070049999999999835,4,4,4,4,False,False
control_raw_critic_target,ppo,17,12,dev_02_state_04,73424c66a5e9ad4241b9fb8e38cb02b30333c2e9611126a6c2f2661d805079c5,dev_02,2,True,True,True,before_or_at,0.4,complete_fixed_behavior_discounted_return_not_vpi,75.76470591996298,5.882110595703125,5.882110595703125,-69.88259532425985,69.88259532425985,4883.577129254265,69.88259532425985,"[0.32253,0.0,0.191322,0.156127,0.33002]",0.33002,0.007489999999999997,4,4,4,4,False,False
control_raw_critic_target,ppo,17,12,dev_02_state_05,07a0c6f5a831ee8a70a2e4f82ae69cc5df3eb3540cdda40dc84dfab435b8d8ac,dev_02,2,False,True,True,before_or_at,0.4,complete_fixed_behavior_discounted_return_not_vpi,75.76470591996298,5.8607707023620605,5.8607707023620605,-69.90393521760092,69.90393521760092,4886.560158906545,69.90393521760092,"[0.326046,0.0,0.193495,0.158331,0.322128]",0.322128,-0.003917999999999977,0,0,0,0,False,False
control_raw_critic_target,ppo,17,12,dev_02_state_06,cd47e258d721757c11ea4050f051bb017e502287edeba848b9bb4aed7aa04c14,dev_02,3,True,True,True,before_or_at,0.6,complete_fixed_behavior_discounted_return_not_vpi,75.75848028252462,5.881321907043457,5.881321907043457,-69.87715837548116,69.87715837548116,4882.817262632077,69.87715837548116,"[0.322678,0.0,0.191649,0.155975,0.329698]",0.329698,0.007019999999999971,4,4,4,4,False,False
control_raw_critic_target,ppo,17,12,dev_02_state_07,446e55a68c01f9b6b3d75b3584e53818ff209784976039bdb016348e222bb7bc,dev_02,3,False,True,True,before_or_at,0.6,complete_fixed_behavior_discounted_return_not_vpi,75.75848028252462,5.858473777770996,5.858473777770996,-69.90000650475362,69.90000650475362,4886.010909364599,69.90000650475362,"[0.326199,0.0,0.193795,0.158315,0.321691]",0.321691,-0.004508000000000012,0,0,0,0,False,False
control_raw_critic_target,ppo,17,12,dev_02_state_08,da66deba85e976a12ee91266832b3fe4996e44cc0333ff92fe0fb0072b304773,dev_02,3,False,True,True,before_or_at,0.4,complete_fixed_behavior_discounted_return_not_vpi,75.76470591996298,5.857291221618652,5.857291221618652,-69.90741469834433,69.90741469834433,4887.046629806288,69.90741469834433,"[0.325632,0.0,0.193916,0.158629,0.321823]",0.321823,-0.0038089999999999513,0,0,0,0,False,False
control_raw_critic_target,ppo,17,12,dev_02_state_09,9b17e313c9c022b073c532cab790a8e4bbbfb88e37c386bc4de0316793e72b69,dev_02,4,True,False,True,before_or_at,0.8,complete_fixed_behavior_discounted_return_not_vpi,100.75270180026362,5.851872444152832,5.851872444152832,-94.90082935611079,94.90082935611079,9006.16741247766,94.90082935611079,"[0.26694,0.161203,0.161671,0.13539,0.274797]",0.274797,0.007857000000000003,4,4,4,4,False,False
control_raw_critic_target,ppo,17,12,dev_02_state_10,e6a58b6c7a7e16fa45b8c640dbd4b125a27da61dec2113082cdfa830027b3bfb,dev_02,4,True,False,True,before_or_at,0.8,complete_fixed_behavior_discounted_return_not_vpi,75.75270180026362,5.851872444152832,5.851872444152832,-69.90082935611079,69.90082935611079,4886.12594467212,69.90082935611079,"[0.26694,0.161203,0.161671,0.13539,0.274797]",0.274797,0.007857000000000003,4,4,4,4,False,False
control_raw_critic_target,ppo,17,12,dev_02_state_11,5fbcd355ad6ef625fe912c4a3485f5db6bcdb20e7b2dcdd955d3fe332063d473,dev_02,4,True,False,True,before_or_at,0.6,complete_fixed_behavior_discounted_return_not_vpi,75.75848028252462,5.848677635192871,5.848677635192871,-69.90980264733174,69.90980264733174,4887.3805061888725,69.90980264733174,"[0.267889,0.161054,0.161163,0.135464,0.27443]",0.27443,0.006541000000000019,4,4,4,4,False,False
control_raw_critic_target,ppo,17,12,dev_02_state_12,fdd3f8ff3f38604c74d277ed795fde0f3d9fa09eb963e4d8820de9b76534d356,dev_02,4,True,False,True,after,0.6,complete_fixed_behavior_discounted_return_not_vpi,100.50848028252462,5.848677635192871,5.848677635192871,-94.65980264733174,94.65980264733174,8960.478237231793,94.65980264733174,"[0.267889,0.161054,0.161163,0.135464,0.27443]",0.27443,0.006541000000000019,4,4,4,4,False,False
control_raw_critic_target,ppo,17,12,dev_03_state_01,62750fc5f603af0e58fc56236599571502c69cfa558f3283ab10e1bc858471ae,dev_03,0,True,False,True,before_or_at,0.0,complete_fixed_behavior_discounted_return_not_vpi,75.32227037485364,5.8196516036987305,5.8196516036987305,-69.50261877115491,69.50261877115491,4830.614016048496,69.50261877115491,"[0.269435,0.160071,0.162081,0.135919,0.272494]",0.272494,0.003059000000000034,4,4,4,4,False,False
control_raw_critic_target,ppo,17,12,dev_03_state_02,49dc0c665e7c8d1673bc0818a98dec317568afa99b48ce13b276daf91fdf1003,dev_03,1,True,False,True,before_or_at,0.1,complete_fixed_behavior_discounted_return_not_vpi,75.2654274086768,5.824115753173828,5.824115753173828,-69.44131165550297,69.44131165550297,4822.095764436693,69.44131165550297,"[0.269328,0.159843,0.162579,0.135317,0.272933]",0.272933,0.0036049999999999693,4,4,4,4,False,False
control_raw_critic_target,ppo,17,12,dev_03_state_03,5c249417d557afb821d09652c2ced9028d3dd95a2292007d63fec0a2af97227d,dev_03,1,True,True,True,before_or_at,0.1,complete_fixed_behavior_discounted_return_not_vpi,75.2654274086768,5.875716209411621,5.875716209411621,-69.38971119926518,69.38971119926518,4814.9320203174275,69.38971119926518,"[0.324235,0.0,0.191997,0.154628,0.32914]",0.32914,0.004904999999999993,4,4,4,4,False,False
control_raw_critic_target,ppo,17,12,dev_03_state_04,f5f32654c6274248e0d209cab36df9f70fd51f283f1cd0807581b37e93a74a25,dev_03,2,False,False,True,before_or_at,0.2,complete_fixed_behavior_discounted_return_not_vpi,75.46738204163074,5.797615051269531,5.797615051269531,-69.66976699036121,69.66976699036121,4853.8764324912245,69.66976699036121,"[0.271441,0.160076,0.164651,0.137759,0.266073]",0.266073,-0.005367999999999984,0,0,0,0,False,False
control_raw_critic_target,ppo,17,12,dev_03_state_05,6cc42ee25dea2b20e7ddf5c4193dae1de54521b21ce67836be05490494a0b931,dev_03,2,True,False,True,before_or_at,0.2,complete_fixed_behavior_discounted_return_not_vpi,75.22963452915576,5.84553337097168,5.84553337097168,-69.38410115818408,69.38410115818408,4814.153493529121,69.38410115818408,"[0.270519,0.159494,0.161452,0.134357,0.274177]",0.274177,0.0036579999999999946,4,4,4,4,False,False
control_raw_critic_target,ppo,17,12,dev_03_state_06,1217155fad78690dd6f9e30d323674dca8a13a10b95a50b6354593aed403e43d,dev_03,3,True,True,True,before_or_at,0.3,complete_fixed_behavior_discounted_return_not_vpi,75.17185584736579,5.884745121002197,5.884745121002197,-69.2871107263636,69.2871107263636,4800.703712807369,69.2871107263636,"[0.326424,0.0,0.190815,0.153268,0.329493]",0.329493,0.0030689999999999884,4,4,4,4,False,False
control_raw_critic_target,ppo,17,12,dev_03_state_07,c9b593dfc8699de434ab870b13435c9305897d412b8dedc394c04fd20511d413,dev_03,3,False,True,True,before_or_at,0.2,complete_fixed_behavior_discounted_return_not_vpi,75.22963452915576,5.855472087860107,5.855472087860107,-69.37416244129565,69.37416244129565,4812.774414431276,69.37416244129565,"[0.32656,0.0,0.19441,0.15713,0.321901]",0.321901,-0.004659000000000024,0,0,0,0,False,False
control_raw_critic_target,ppo,17,12,dev_03_state_08,6b17f75e0e3f5de80f49678d788da5519dddc9cc9bd584c0ee650b8d7219e7b6,dev_03,3,True,True,True,before_or_at,0.3,complete_fixed_behavior_discounted_return_not_vpi,75.4120048498658,5.873966217041016,5.873966217041016,-69.53803863282478,69.53803863282478,4835.538816900232,69.53803863282478,"[0.325741,0.0,0.191451,0.153995,0.328813]",0.328813,0.003072000000000019,4,4,4,4,False,False
control_raw_critic_target,ppo,17,12,dev_03_state_09,0ccde0ef6c389b7341f4f1ea7beb149b259aad13dd1630dab7db376142e1073a,dev_03,3,False,False,True,before_or_at,0.2,complete_fixed_behavior_discounted_return_not_vpi,75.46738204163074,5.790284156799316,5.790284156799316,-69.67709788483143,69.67709788483143,4854.89796965238,69.67709788483143,"[0.270605,0.160479,0.165152,0.138163,0.265601]",0.265601,-0.0050040000000000084,0,0,0,0,False,False
control_raw_critic_target,ppo,17,12,dev_03_state_10,ebe2739e96e527d82f495d7e680acc3138491d2e16ff51c3923b53550c15ae25,dev_03,3,True,True,True,before_or_at,0.3,complete_fixed_behavior_discounted_return_not_vpi,74.92928109736579,5.893767833709717,5.893767833709717,-69.03551326365607,69.03551326365607,4765.902091576433,69.03551326365607,"[0.325003,0.0,0.190899,0.152898,0.3312]",0.3312,0.006197000000000008,4,4,4,4,False,False
control_raw_critic_target,ppo,17,12,dev_03_state_11,6f4069e08051d555eb68fe1fc24e55e73bd96f49eec834dcd284e6fcc78d573c,dev_03,4,True,False,True,before_or_at,0.4,complete_fixed_behavior_discounted_return_not_vpi,75.39606346424462,5.840790748596191,5.840790748596191,-69.55527271564843,69.55527271564843,4837.935962548227,69.55527271564843,"[0.270525,0.159441,0.161906,0.13405,0.274078]",0.274078,0.003552999999999973,4,4,4,4,False,False
control_raw_critic_target,ppo,17,12,dev_03_state_12,3280b55b15e26af81785ba01c8673bf4d36b50b213800bb4ae9d9639e7519111,dev_03,4,True,False,True,before_or_at,0.3,complete_fixed_behavior_discounted_return_not_vpi,74.92928109736579,5.855950355529785,5.855950355529785,-69.073330741836,69.073330741836,4771.125019771067,69.073330741836,"[0.271775,0.159011,0.160883,0.133002,0.275329]",0.275329,0.0035540000000000016,4,4,4,4,False,False
control_raw_critic_target,ppo,29,6,dev_00_state_01,2cb31cda5fedadef13eb6ef29f9fb864a9636c64a8a0b599c358ab8e79aa2f2e,dev_00,0,True,False,True,before_or_at,0.0,complete_fixed_behavior_discounted_return_not_vpi,99.16542974483956,2.5522656440734863,2.5522656440734863,-96.61316410076607,96.61316410076607,9334.103477561554,96.61316410076607,"[0.273646,0.218383,0.15161,0.126219,0.230142]",0.230142,-0.04350399999999999,0,0,0,0,False,False
control_raw_critic_target,ppo,29,6,dev_00_state_02,4fe79a7d2f5b835a26cde6caefb444f6301c270d44971bde40489a612dd2b391,dev_00,1,True,False,True,before_or_at,0.14285714285714285,complete_fixed_behavior_discounted_return_not_vpi,99.43405463063405,2.5299229621887207,2.5299229621887207,-96.90413166844533,96.90413166844533,9390.410734415389,96.90413166844533,"[0.273486,0.218884,0.153211,0.125789,0.228631]",0.228631,-0.044855000000000006,0,0,0,0,False,False
control_raw_critic_target,ppo,29,6,dev_00_state_03,c47e6b288039285428aafce3d49684ca2d11b023896665b0b3daac8a9dcaa176,dev_00,1,True,True,True,before_or_at,0.14285714285714285,complete_fixed_behavior_discounted_return_not_vpi,99.43405463063405,2.5503852367401123,2.5503852367401123,-96.88366939389394,96.88366939389394,9386.44539522534,96.88366939389394,"[0.35198,0.0,0.193805,0.161442,0.292773]",0.292773,-0.05920700000000001,0,0,0,0,False,False
control_raw_critic_target,ppo,29,6,dev_00_state_04,db2399dc4a1846b64b81f411e0237050b1ffd324fd9a4bd78478baf6f2a1e9df,dev_00,2,False,True,True,before_or_at,0.2857142857142857,complete_fixed_behavior_discounted_return_not_vpi,99.63275207083052,2.5328333377838135,2.5328333377838135,-97.0999187330467,97.0999187330467,9428.394217964275,97.0999187330467,"[0.356935,0.0,0.191531,0.16459,0.286944]",0.286944,-0.06999100000000003,0,0,0,0,False,False
control_raw_critic_target,ppo,29,6,dev_00_state_05,b439a8ded6b7704f73b9af3aad6b5a11f4e642b89173768c49bca3fb2b8e11e1,dev_00,2,False,False,True,before_or_at,0.2857142857142857,complete_fixed_behavior_discounted_return_not_vpi,99.63275207083052,2.5000758171081543,2.5000758171081543,-97.13267625372237,97.13267625372237,9434.75679621044,97.13267625372237,"[0.277285,0.218777,0.151606,0.128236,0.224097]",0.224097,-0.05318800000000001,0,0,0,0,False,False
control_raw_critic_target,ppo,29,6,dev_00_state_06,05d5cb2b4cdc84a07f67d30b6d40026f1ae9404889525cd1fd230abd3ad151ac,dev_00,3,True,True,True,before_or_at,0.42857142857142855,complete_fixed_behavior_discounted_return_not_vpi,99.98305426895568,2.5745842456817627,2.5745842456817627,-97.40847002327392,97.40847002327392,9488.410032275055,97.40847002327392,"[0.354036,0.0,0.191927,0.160522,0.293515]",0.293515,-0.06052099999999999,0,0,0,0,False,False
control_raw_critic_target,ppo,29,6,dev_00_state_07,be44ebe79f69d66fa111d2fd9181f41a47efe8ab066cbd91663de162f21bfdca,dev_00,3,True,True,True,before_or_at,0.42857142857142855,complete_fixed_behavior_discounted_return_not_vpi,99.98305426895568,2.5745842456817627,2.5745842456817627,-97.40847002327392,97.40847002327392,9488.410032275055,97.40847002327392,"[0.354036,0.0,0.191927,0.160522,0.293515]",0.293515,-0.06052099999999999,0,0,0,0,False,False
control_raw_critic_target,ppo,29,6,dev_00_state_08,54b81637eaa22690c2f9140cabc601d934d118af96613f57981add5ac63c1553,dev_00,3,True,True,True,before_or_at,0.2857142857142857,complete_fixed_behavior_discounted_return_not_vpi,99.63275207083052,2.5809781551361084,2.5809781551361084,-97.05177391569441,97.05177391569441,9419.046820183063,97.05177391569441,"[0.353799,0.0,0.189626,0.162577,0.293998]",0.293998,-0.05980099999999999,0,0,0,0,False,False
control_raw_critic_target,ppo,29,6,dev_00_state_09,4c5424ef8068127f88abfde3c8019231c91f8960d17e43927afbffc74d0ef8a3,dev_00,3,False,True,True,before_or_at,0.42857142857142855,complete_fixed_behavior_discounted_return_not_vpi,99.98305426895568,2.550903081893921,2.550903081893921,-97.43215118706176,97.43215118706176,9493.02408493846,97.43215118706176,"[0.356916,0.0,0.192891,0.16154,0.288652]",0.288652,-0.06826399999999999,0,0,0,0,False,False
control_raw_critic_target,ppo,29,6,dev_00_state_10,56cb3633f940a0aa4754de669549dee3763dc62aa8d33e8feb481d858f69cc45,dev_00,3,False,True,True,before_or_at,0.42857142857142855,complete_fixed_behavior_discounted_return_not_vpi,99.98305426895568,2.550903081893921,2.550903081893921,-97.43215118706176,97.43215118706176,9493.02408493846,97.43215118706176,"[0.356916,0.0,0.192891,0.16154,0.288652]",0.288652,-0.06826399999999999,0,0,0,0,False,False
control_raw_critic_target,ppo,29,6,dev_00_state_11,616869b075de6c2da36a5545c9128137f476e5cb4f0ae4851e0c1b46d0deef42,dev_00,3,False,True,True,before_or_at,0.2857142857142857,complete_fixed_behavior_discounted_return_not_vpi,99.63275207083052,2.5582518577575684,2.5582518577575684,-97.07450021307295,97.07450021307295,9423.4585916179,97.07450021307295,"[0.356629,0.0,0.190534,0.163692,0.289145]",0.289145,-0.06748399999999999,0,0,0,0,False,False
control_raw_critic_target,ppo,29,6,dev_00_state_12,50772a9d479dd040bdfcd26f5a4e632848da15cc67dcf85fb3ae790c04749004,dev_00,4,True,True,True,before_or_at,0.5714285714285714,complete_fixed_behavior_discounted_return_not_vpi,100.22152414584981,2.5561647415161133,2.5561647415161133,-97.6653594043337,97.6653594043337,9538.522427577673,97.6653594043337,"[0.354942,0.0,0.190076,0.162554,0.292428]",0.292428,-0.06251399999999996,0,0,0,0,False,False
control_raw_critic_target,ppo,29,6,dev_01_state_01,a4bbd832c514e8ecb281380734580807ec9ec04ce04b6be662dd729667c979e5,dev_01,0,True,False,True,before_or_at,0.0,complete_fixed_behavior_discounted_return_not_vpi,75.65614047157035,2.553264617919922,2.553264617919922,-73.10287585365043,73.10287585365043,5344.030458074228,73.10287585365043,"[0.272403,0.219954,0.15277,0.1251,0.229773]",0.229773,-0.04263,0,0,0,0,False,False
control_raw_critic_target,ppo,29,6,dev_01_state_02,63fee8a32f4b1c8d4d78562135b7b123d9efca8ef1fd10c52757463ac3a4c28b,dev_01,1,True,False,True,before_or_at,0.125,complete_fixed_behavior_discounted_return_not_vpi,99.13967366563787,2.5334970951080322,2.5334970951080322,-96.60617657052984,96.60617657052984,9332.753351576388,96.60617657052984,"[0.272128,0.220114,0.153029,0.125281,0.229448]",0.229448,-0.04267999999999997,0,0,0,0,False,False
control_raw_critic_target,ppo,29,6,dev_01_state_03,c559429297df4987fbb22dd07eedba631d6c671c0ff9130cbe932ee596739c54,dev_01,1,True,True,True,before_or_at,0.125,complete_fixed_behavior_discounted_return_not_vpi,99.13967366563787,2.5622198581695557,2.5622198581695557,-96.57745380746832,96.57745380746832,9327.204583933677,96.57745380746832,"[0.351322,0.0,0.193568,0.161203,0.293907]",0.293907,-0.05741500000000005,0,0,0,0,False,False
control_raw_critic_target,ppo,29,6,dev_01_state_04,7358d67bd36c9a85cc6e8138adeb39b8726469ca30f20c1f0942cc3f76de4651,dev_01,2,True,False,True,before_or_at,0.25,complete_fixed_behavior_discounted_return_not_vpi,99.35350480891441,2.5166499614715576,2.5166499614715576,-96.83685484744285,96.83685484744285,9377.376456744716,96.83685484744285,"[0.27298,0.220366,0.153693,0.125752,0.227209]",0.227209,-0.045771000000000006,0,0,0,0,False,False
control_raw_critic_target,ppo,29,6,dev_01_state_05,0763b046fa0b532b554b052e7a0878b9d194acdb61a7240efa1f797b157b13db,dev_01,2,True,True,True,before_or_at,0.25,complete_fixed_behavior_discounted_return_not_vpi,99.35350480891441,2.5469295978546143,2.5469295978546143,-96.8065752110598,96.8065752110598,9371.513004094577,96.8065752110598,"[0.352625,0.0,0.19469,0.161343,0.291342]",0.291342,-0.06128300000000003,0,0,0,0,False,False
control_raw_critic_target,ppo,29,6,dev_01_state_06,fd2e5861fe027bcb3635018576d2d5ce1b9b63d2b09ed94737c380749ee87049,dev_01,3,False,True,True,before_or_at,0.375,complete_fixed_behavior_discounted_return_not_vpi,99.53944465087416,2.5177464485168457,2.5177464485168457,-97.02169820235731,97.02169820235731,9413.209922069305,97.02169820235731,"[0.35655,0.0,0.195269,0.16278,0.285401]",0.285401,-0.07114899999999996,0,0,0,0,False,False
control_raw_critic_target,ppo,29,6,dev_01_state_07,183ebb194b29cf885e5c212fd6e18171c5539439db50572f3120f6c0133c5049,dev_01,3,False,True,True,before_or_at,0.375,complete_fixed_behavior_discounted_return_not_vpi,99.53944465087416,2.518139123916626,2.518139123916626,-97.02130552695753,97.02130552695753,9413.13372615524,97.02130552695753,"[0.356586,0.0,0.195266,0.162772,0.285376]",0.285376,-0.07121,0,0,0,0,False,False
control_raw_critic_target,ppo,29,6,dev_01_state_08,d2bf64fb9b88e145885e5ed0f74f9f639967dd914d669e6f6d9e93f684a95a73,dev_01,4,True,True,True,before_or_at,0.5,complete_fixed_behavior_discounted_return_not_vpi,99.72721960667732,2.579988479614258,2.579988479614258,-97.14723112706307,97.14723112706307,9437.584515655011,97.14723112706307,"[0.354234,0.0,0.191217,0.160605,0.293943]",0.293943,-0.060290999999999983,0,0,0,0,False,False
control_raw_critic_target,ppo,29,6,dev_01_state_09,13fb32efb5dd998abdd32f46158b290acced91d28620d9d15377f2694497b912,dev_01,4,True,True,True,before_or_at,0.5,complete_fixed_behavior_discounted_return_not_vpi,99.72721960667732,2.579988479614258,2.579988479614258,-97.14723112706307,97.14723112706307,9437.584515655011,97.14723112706307,"[0.354234,0.0,0.191217,0.160605,0.293943]",0.293943,-0.060290999999999983,0,0,0,0,False,False
control_raw_critic_target,ppo,29,6,dev_01_state_10,501e02f271270613a795072dd11d6876f63160ede7c17cfbe7ee893e5b1aa82c,dev_01,4,True,True,True,before_or_at,0.375,complete_fixed_behavior_discounted_return_not_vpi,99.53944465087416,2.5805277824401855,2.5805277824401855,-96.95891686843397,96.95891686843397,9401.03156029989,96.95891686843397,"[0.353296,0.0,0.192708,0.160159,0.293837]",0.293837,-0.059458999999999984,0,0,0,0,False,False
control_raw_critic_target,ppo,29,6,dev_01_state_11,e0c6c2402de2864424b773d58c1fc72a6bc09419a54d0cbe2f5f07d795a22db3,dev_01,4,True,True,True,before_or_at,0.5,complete_fixed_behavior_discounted_return_not_vpi,99.72721960667732,2.5804896354675293,2.5804896354675293,-97.1467299712098,97.1467299712098,9437.487144099152,97.1467299712098,"[0.354245,0.0,0.191197,0.160604,0.293955]",0.293955,-0.060289999999999955,0,0,0,0,False,False
control_raw_critic_target,ppo,29,6,dev_01_state_12,87eae5e2295dff0be0c0317d62480330e70116056ccb6207b9f0f698ac011e38,dev_01,4,True,True,True,before_or_at,0.5,complete_fixed_behavior_discounted_return_not_vpi,99.72721960667732,2.5804896354675293,2.5804896354675293,-97.1467299712098,97.1467299712098,9437.487144099152,97.1467299712098,"[0.354245,0.0,0.191197,0.160604,0.293955]",0.293955,-0.060289999999999955,0,0,0,0,False,False
control_raw_critic_target,ppo,29,6,dev_02_state_01,aacd1cc47660f831ce532b266ce3478bb22e2c78d466e47472c937aafefcacfb,dev_02,0,True,False,True,before_or_at,0.0,complete_fixed_behavior_discounted_return_not_vpi,75.58016750117106,2.482412815093994,2.482412815093994,-73.09775468607707,73.09775468607707,5343.2817401459015,73.09775468607707,"[0.269587,0.219799,0.153775,0.130359,0.22648]",0.22648,-0.043107000000000034,0,0,0,0,False,False
control_raw_critic_target,ppo,29,6,dev_02_state_02,65837e8c4e1042b18b8987e46d37b1081f660135fc906dde8659dd34bcb25e18,dev_02,1,True,False,True,before_or_at,0.2,complete_fixed_behavior_discounted_return_not_vpi,75.81651346531233,2.4513025283813477,2.4513025283813477,-73.36521093693098,73.36521093693098,5382.454175820377,73.36521093693098,"[0.269673,0.220296,0.155149,0.130342,0.224541]",0.224541,-0.045132000000000005,0,0,0,0,False,False
control_raw_critic_target,ppo,29,6,dev_02_state_03,788bd1c71ab6c0f94f77fdf24a1874af9e74d3c3e59586a4d8fd42a2d4a722a2,dev_02,1,True,True,True,before_or_at,0.2,complete_fixed_behavior_discounted_return_not_vpi,75.57148846531233,2.4811971187591553,2.4811971187591553,-73.09029134655317,73.09029134655317,5342.190689124026,73.09029134655317,"[0.348153,0.0,0.196397,0.167107,0.288343]",0.288343,-0.059809999999999974,0,0,0,0,False,False
control_raw_critic_target,ppo,29,6,dev_02_state_04,73424c66a5e9ad4241b9fb8e38cb02b30333c2e9611126a6c2f2661d805079c5,dev_02,2,True,True,True,before_or_at,0.4,complete_fixed_behavior_discounted_return_not_vpi,75.76470591996298,2.5132620334625244,2.5132620334625244,-73.25144388650045,73.25144388650045,5365.774031457125,73.25144388650045,"[0.350113,0.0,0.193768,0.166571,0.289548]",0.289548,-0.06056499999999998,0,0,0,0,False,False
control_raw_critic_target,ppo,29,6,dev_02_state_05,07a0c6f5a831ee8a70a2e4f82ae69cc5df3eb3540cdda40dc84dfab435b8d8ac,dev_02,2,False,True,True,before_or_at,0.4,complete_fixed_behavior_discounted_return_not_vpi,75.76470591996298,2.479928493499756,2.479928493499756,-73.28477742646322,73.28477742646322,5370.658602446253,73.28477742646322,"[0.353254,0.0,0.194813,0.168161,0.283773]",0.283773,-0.06948100000000001,0,0,0,0,False,False
control_raw_critic_target,ppo,29,6,dev_02_state_06,cd47e258d721757c11ea4050f051bb017e502287edeba848b9bb4aed7aa04c14,dev_02,3,True,True,True,before_or_at,0.6,complete_fixed_behavior_discounted_return_not_vpi,75.75848028252462,2.488429307937622,2.488429307937622,-73.270050974587,73.270050974587,5368.5003698185765,73.270050974587,"[0.351193,0.0,0.194044,0.166817,0.287945]",0.287945,-0.06324799999999997,0,0,0,0,False,False
control_raw_critic_target,ppo,29,6,dev_02_state_07,446e55a68c01f9b6b3d75b3584e53818ff209784976039bdb016348e222bb7bc,dev_02,3,False,True,True,before_or_at,0.6,complete_fixed_behavior_discounted_return_not_vpi,75.75848028252462,2.45133900642395,2.45133900642395,-73.30714127610067,73.30714127610067,5373.936962074182,73.30714127610067,"[0.354364,0.0,0.195105,0.168489,0.282042]",0.282042,-0.072322,0,0,0,0,False,False
control_raw_critic_target,ppo,29,6,dev_02_state_08,da66deba85e976a12ee91266832b3fe4996e44cc0333ff92fe0fb0072b304773,dev_02,3,False,True,True,before_or_at,0.4,complete_fixed_behavior_discounted_return_not_vpi,75.76470591996298,2.4638655185699463,2.4638655185699463,-73.30084040139303,73.30084040139303,5373.013203550493,73.30084040139303,"[0.3533,0.0,0.195377,0.168895,0.282427]",0.282427,-0.07087300000000002,0,0,0,0,False,False
control_raw_critic_target,ppo,29,6,dev_02_state_09,9b17e313c9c022b073c532cab790a8e4bbbfb88e37c386bc4de0316793e72b69,dev_02,4,True,False,True,before_or_at,0.8,complete_fixed_behavior_discounted_return_not_vpi,100.75270180026362,2.430802583694458,2.430802583694458,-98.32189921656916,98.32189921656916,9667.195865553183,98.32189921656916,"[0.271928,0.219474,0.153672,0.13089,0.224034]",0.224034,-0.04789399999999999,0,0,0,0,False,False
control_raw_critic_target,ppo,29,6,dev_02_state_10,e6a58b6c7a7e16fa45b8c640dbd4b125a27da61dec2113082cdfa830027b3bfb,dev_02,4,True,False,True,before_or_at,0.8,complete_fixed_behavior_discounted_return_not_vpi,75.75270180026362,2.430802583694458,2.430802583694458,-73.32189921656916,73.32189921656916,5376.100904724726,73.32189921656916,"[0.271928,0.219474,0.153672,0.13089,0.224034]",0.224034,-0.04789399999999999,0,0,0,0,False,False
control_raw_critic_target,ppo,29,6,dev_02_state_11,5fbcd355ad6ef625fe912c4a3485f5db6bcdb20e7b2dcdd955d3fe332063d473,dev_02,4,True,False,True,before_or_at,0.6,complete_fixed_behavior_discounted_return_not_vpi,75.75848028252462,2.4579033851623535,2.4579033851623535,-73.30057689736226,73.30057689736226,5372.974573486118,73.30057689736226,"[0.2718,0.21954,0.153044,0.129914,0.225701]",0.225701,-0.04609899999999997,0,0,0,0,False,False
control_raw_critic_target,ppo,29,6,dev_02_state_12,fdd3f8ff3f38604c74d277ed795fde0f3d9fa09eb963e4d8820de9b76534d356,dev_02,4,True,False,True,after,0.6,complete_fixed_behavior_discounted_return_not_vpi,100.50848028252462,2.4579033851623535,2.4579033851623535,-98.05057689736226,98.05057689736226,9613.91562990555,98.05057689736226,"[0.2718,0.21954,0.153044,0.129914,0.225701]",0.225701,-0.04609899999999997,0,0,0,0,False,False
control_raw_critic_target,ppo,29,6,dev_03_state_01,62750fc5f603af0e58fc56236599571502c69cfa558f3283ab10e1bc858471ae,dev_03,0,True,False,True,before_or_at,0.0,complete_fixed_behavior_discounted_return_not_vpi,75.32227037485364,2.444650173187256,2.444650173187256,-72.87762020166639,72.87762020166639,5311.147526258333,72.87762020166639,"[0.269882,0.219195,0.155923,0.126054,0.228946]",0.228946,-0.040936,0,0,0,0,False,False
control_raw_critic_target,ppo,29,6,dev_03_state_02,49dc0c665e7c8d1673bc0818a98dec317568afa99b48ce13b276daf91fdf1003,dev_03,1,True,False,True,before_or_at,0.1,complete_fixed_behavior_discounted_return_not_vpi,75.2654274086768,2.425520896911621,2.425520896911621,-72.83990651176518,72.83990651176518,5305.651980642691,72.83990651176518,"[0.270445,0.219163,0.156115,0.126515,0.227762]",0.227762,-0.042683,0,0,0,0,False,False
control_raw_critic_target,ppo,29,6,dev_03_state_03,5c249417d557afb821d09652c2ced9028d3dd95a2292007d63fec0a2af97227d,dev_03,1,True,True,True,before_or_at,0.1,complete_fixed_behavior_discounted_return_not_vpi,75.2654274086768,2.491938352584839,2.491938352584839,-72.77348905609196,72.77348905609196,5295.980709397137,72.77348905609196,"[0.351593,0.0,0.196831,0.161533,0.290044]",0.290044,-0.061548999999999965,0,0,0,0,False,False
control_raw_critic_target,ppo,29,6,dev_03_state_04,f5f32654c6274248e0d209cab36df9f70fd51f283f1cd0807581b37e93a74a25,dev_03,2,False,False,True,before_or_at,0.2,complete_fixed_behavior_discounted_return_not_vpi,75.46738204163074,2.4194648265838623,2.4194648265838623,-73.04791721504688,73.04791721504688,5335.998209456342,73.04791721504688,"[0.273894,0.219676,0.156881,0.126529,0.223021]",0.223021,-0.05087300000000003,0,0,0,0,False,False
control_raw_critic_target,ppo,29,6,dev_03_state_05,6cc42ee25dea2b20e7ddf5c4193dae1de54521b21ce67836be05490494a0b931,dev_03,2,True,False,True,before_or_at,0.2,complete_fixed_behavior_discounted_return_not_vpi,75.22963452915576,2.4811196327209473,2.4811196327209473,-72.74851489643481,72.74851489643481,5292.346419636798,72.74851489643481,"[0.271815,0.21987,0.154362,0.125769,0.228183]",0.228183,-0.043631999999999976,0,0,0,0,False,False
control_raw_critic_target,ppo,29,6,dev_03_state_06,1217155fad78690dd6f9e30d323674dca8a13a10b95a50b6354593aed403e43d,dev_03,3,True,True,True,before_or_at,0.3,complete_fixed_behavior_discounted_return_not_vpi,75.17185584736579,2.5112600326538086,2.5112600326538086,-72.66059581471198,72.66059581471198,5279.56218414894,72.66059581471198,"[0.352559,0.0,0.193678,0.161769,0.291993]",0.291993,-0.06056600000000001,0,0,0,0,False,False
control_raw_critic_target,ppo,29,6,dev_03_state_07,c9b593dfc8699de434ab870b13435c9305897d412b8dedc394c04fd20511d413,dev_03,3,False,True,True,before_or_at,0.2,complete_fixed_behavior_discounted_return_not_vpi,75.22963452915576,2.4663054943084717,2.4663054943084717,-72.76332903484729,72.76332903484729,5294.502052233451,72.76332903484729,"[0.355746,0.0,0.19821,0.162716,0.283328]",0.283328,-0.07241799999999998,0,0,0,0,False,False
control_raw_critic_target,ppo,29,6,dev_03_state_08,6b17f75e0e3f5de80f49678d788da5519dddc9cc9bd584c0ee650b8d7219e7b6,dev_03,3,True,True,True,before_or_at,0.3,complete_fixed_behavior_discounted_return_not_vpi,75.4120048498658,2.4732489585876465,2.4732489585876465,-72.93875589127815,72.93875589127815,5320.062110967463,72.93875589127815,"[0.351674,0.0,0.195202,0.162011,0.291112]",0.291112,-0.060562000000000005,0,0,0,0,False,False
control_raw_critic_target,ppo,29,6,dev_03_state_09,0ccde0ef6c389b7341f4f1ea7beb149b259aad13dd1630dab7db376142e1073a,dev_03,3,False,False,True,before_or_at,0.2,complete_fixed_behavior_discounted_return_not_vpi,75.46738204163074,2.3986048698425293,2.3986048698425293,-73.06877717178821,73.06877717178821,5339.046197380439,73.06877717178821,"[0.273715,0.220065,0.157267,0.127187,0.221766]",0.221766,-0.051948999999999995,0,0,0,0,False,False
control_raw_critic_target,ppo,29,6,dev_03_state_10,ebe2739e96e527d82f495d7e680acc3138491d2e16ff51c3923b53550c15ae25,dev_03,3,True,True,True,before_or_at,0.3,complete_fixed_behavior_discounted_return_not_vpi,74.92928109736579,2.5388379096984863,2.5388379096984863,-72.3904431876673,72.3904431876673,5240.376264906888,72.3904431876673,"[0.354762,0.0,0.193452,0.160959,0.290827]",0.290827,-0.06393500000000002,0,0,0,0,False,False
control_raw_critic_target,ppo,29,6,dev_03_state_11,6f4069e08051d555eb68fe1fc24e55e73bd96f49eec834dcd284e6fcc78d573c,dev_03,4,True,False,True,before_or_at,0.4,complete_fixed_behavior_discounted_return_not_vpi,75.39606346424462,2.433225631713867,2.433225631713867,-72.96283783253075,72.96283783253075,5323.575704576181,72.96283783253075,"[0.272195,0.218602,0.154867,0.126268,0.228068]",0.228068,-0.04412700000000003,0,0,0,0,False,False
control_raw_critic_target,ppo,29,6,dev_03_state_12,3280b55b15e26af81785ba01c8673bf4d36b50b213800bb4ae9d9639e7519111,dev_03,4,True,False,True,before_or_at,0.3,complete_fixed_behavior_discounted_return_not_vpi,74.92928109736579,2.4908738136291504,2.4908738136291504,-72.43840728373664,72.43840728373664,5247.322849804509,72.43840728373664,"[0.273277,0.219225,0.152734,0.12552,0.229244]",0.229244,-0.04403299999999999,0,0,0,0,False,False
control_raw_critic_target,ppo,43,18,dev_00_state_01,2cb31cda5fedadef13eb6ef29f9fb864a9636c64a8a0b599c358ab8e79aa2f2e,dev_00,0,True,False,True,before_or_at,0.0,complete_fixed_behavior_discounted_return_not_vpi,99.16542974483956,6.339361667633057,6.339361667633057,-92.8260680772065,92.8260680772065,8616.678914674176,92.8260680772065,"[0.32642,0.243,0.307318,0.042555,0.080707]",0.080707,-0.245713,0,0,0,0,False,False
control_raw_critic_target,ppo,43,18,dev_00_state_02,4fe79a7d2f5b835a26cde6caefb444f6301c270d44971bde40489a612dd2b391,dev_00,1,True,False,True,before_or_at,0.14285714285714285,complete_fixed_behavior_discounted_return_not_vpi,99.43405463063405,6.333189487457275,6.333189487457275,-93.10086514317678,93.10086514317678,8667.771090407989,93.10086514317678,"[0.32577,0.242605,0.306093,0.043427,0.082105]",0.082105,-0.24366500000000002,0,0,0,0,False,False
control_raw_critic_target,ppo,43,18,dev_00_state_03,c47e6b288039285428aafce3d49684ca2d11b023896665b0b3daac8a9dcaa176,dev_00,1,True,True,True,before_or_at,0.14285714285714285,complete_fixed_behavior_discounted_return_not_vpi,99.43405463063405,6.336658000946045,6.336658000946045,-93.097396629688,93.097396629688,8667.125259225444,93.097396629688,"[0.430107,0.0,0.404908,0.056986,0.107998]",0.107998,-0.32210900000000003,0,0,0,0,False,False
control_raw_critic_target,ppo,43,18,dev_00_state_04,db2399dc4a1846b64b81f411e0237050b1ffd324fd9a4bd78478baf6f2a1e9df,dev_00,2,False,True,True,before_or_at,0.2857142857142857,complete_fixed_behavior_discounted_return_not_vpi,99.63275207083052,6.337509632110596,6.337509632110596,-93.29524243871992,93.29524243871992,8704.002261699527,93.29524243871992,"[0.430824,0.0,0.4059,0.056576,0.106701]",0.106701,-0.324123,0,0,0,0,False,False
control_raw_critic_target,ppo,43,18,dev_00_state_05,b439a8ded6b7704f73b9af3aad6b5a11f4e642b89173768c49bca3fb2b8e11e1,dev_00,2,False,False,True,before_or_at,0.2857142857142857,complete_fixed_behavior_discounted_return_not_vpi,99.63275207083052,6.332056522369385,6.332056522369385,-93.30069554846114,93.30069554846114,8705.019789826636,93.30069554846114,"[0.326201,0.241641,0.307046,0.043502,0.08161]",0.08161,-0.244591,0,0,0,0,False,False
control_raw_critic_target,ppo,43,18,dev_00_state_06,05d5cb2b4cdc84a07f67d30b6d40026f1ae9404889525cd1fd230abd3ad151ac,dev_00,3,True,True,True,before_or_at,0.42857142857142855,complete_fixed_behavior_discounted_return_not_vpi,99.98305426895568,6.343252658843994,6.343252658843994,-93.63980161011169,93.63980161011169,8768.412445581076,93.63980161011169,"[0.432091,0.0,0.406472,0.055464,0.105973]",0.105973,-0.326118,0,0,0,0,False,False
control_raw_critic_target,ppo,43,18,dev_00_state_07,be44ebe79f69d66fa111d2fd9181f41a47efe8ab066cbd91663de162f21bfdca,dev_00,3,True,True,True,before_or_at,0.42857142857142855,complete_fixed_behavior_discounted_return_not_vpi,99.98305426895568,6.343252658843994,6.343252658843994,-93.63980161011169,93.63980161011169,8768.412445581076,93.63980161011169,"[0.432091,0.0,0.406472,0.055464,0.105973]",0.105973,-0.326118,0,0,0,0,False,False
control_raw_critic_target,ppo,43,18,dev_00_state_08,54b81637eaa22690c2f9140cabc601d934d118af96613f57981add5ac63c1553,dev_00,3,True,True,True,before_or_at,0.2857142857142857,complete_fixed_behavior_discounted_return_not_vpi,99.63275207083052,6.347509860992432,6.347509860992432,-93.28524220983809,93.28524220983809,8702.136414148157,93.28524220983809,"[0.432403,0.0,0.408204,0.054748,0.104645]",0.104645,-0.327758,0,0,0,0,False,False
control_raw_critic_target,ppo,43,18,dev_00_state_09,4c5424ef8068127f88abfde3c8019231c91f8960d17e43927afbffc74d0ef8a3,dev_00,3,False,True,True,before_or_at,0.42857142857142855,complete_fixed_behavior_discounted_return_not_vpi,99.98305426895568,6.336588382720947,6.336588382720947,-93.64646588623474,93.64646588623474,8769.660572981726,93.64646588623474,"[0.43157,0.0,0.404987,0.056437,0.107007]",0.107007,-0.324563,0,0,0,0,False,False
control_raw_critic_target,ppo,43,18,dev_00_state_10,56cb3633f940a0aa4754de669549dee3763dc62aa8d33e8feb481d858f69cc45,dev_00,3,False,True,True,before_or_at,0.42857142857142855,complete_fixed_behavior_discounted_return_not_vpi,99.98305426895568,6.336588382720947,6.336588382720947,-93.64646588623474,93.64646588623474,8769.660572981726,93.64646588623474,"[0.43157,0.0,0.404987,0.056437,0.107007]",0.107007,-0.324563,0,0,0,0,False,False
control_raw_critic_target,ppo,43,18,dev_00_state_11,616869b075de6c2da36a5545c9128137f476e5cb4f0ae4851e0c1b46d0deef42,dev_00,3,False,True,True,before_or_at,0.2857142857142857,complete_fixed_behavior_discounted_return_not_vpi,99.63275207083052,6.341905117034912,6.341905117034912,-93.29084695379561,93.29084695379561,8703.182125356516,93.29084695379561,"[0.43208,0.0,0.406884,0.055577,0.105459]",0.105459,-0.32662100000000005,0,0,0,0,False,False
control_raw_critic_target,ppo,43,18,dev_00_state_12,50772a9d479dd040bdfcd26f5a4e632848da15cc67dcf85fb3ae790c04749004,dev_00,4,True,True,True,before_or_at,0.5714285714285714,complete_fixed_behavior_discounted_return_not_vpi,100.22152414584981,6.345884799957275,6.345884799957275,-93.87563934589254,93.87563934589254,8812.635662600087,93.87563934589254,"[0.431791,0.0,0.408032,0.055059,0.105118]",0.105118,-0.326673,0,0,0,0,False,False
control_raw_critic_target,ppo,43,18,dev_01_state_01,a4bbd832c514e8ecb281380734580807ec9ec04ce04b6be662dd729667c979e5,dev_01,0,True,False,True,before_or_at,0.0,complete_fixed_behavior_discounted_return_not_vpi,75.65614047157035,6.333675384521484,6.333675384521484,-69.32246508704887,69.32246508704887,4805.60416574511,69.32246508704887,"[0.32533,0.243411,0.305968,0.043238,0.082052]",0.082052,-0.243278,0,0,0,0,False,False
control_raw_critic_target,ppo,43,18,dev_01_state_02,63fee8a32f4b1c8d4d78562135b7b123d9efca8ef1fd10c52757463ac3a4c28b,dev_01,1,True,False,True,before_or_at,0.125,complete_fixed_behavior_discounted_return_not_vpi,99.13967366563787,6.333373546600342,6.333373546600342,-92.80630011903753,92.80630011903753,8613.009341784866,92.80630011903753,"[0.324323,0.243966,0.30586,0.043631,0.082221]",0.082221,-0.24210199999999998,0,0,0,0,False,False
control_raw_critic_target,ppo,43,18,dev_01_state_03,c559429297df4987fbb22dd07eedba631d6c671c0ff9130cbe932ee596739c54,dev_01,1,True,True,True,before_or_at,0.125,complete_fixed_behavior_discounted_return_not_vpi,99.13967366563787,6.337857723236084,6.337857723236084,-92.80181594240179,92.80181594240179,8612.177042207419,92.80181594240179,"[0.429445,0.0,0.40544,0.057082,0.108033]",0.108033,-0.32141200000000003,0,0,0,0,False,False
control_raw_critic_target,ppo,43,18,dev_01_state_04,7358d67bd36c9a85cc6e8138adeb39b8726469ca30f20c1f0942cc3f76de4651,dev_01,2,True,False,True,before_or_at,0.25,complete_fixed_behavior_discounted_return_not_vpi,99.35350480891441,6.329665184020996,6.329665184020996,-93.02383962489341,93.02383962489341,8653.43473855789,93.02383962489341,"[0.324435,0.243302,0.305375,0.043906,0.082982]",0.082982,-0.24145299999999997,0,0,0,0,False,False
control_raw_critic_target,ppo,43,18,dev_01_state_05,0763b046fa0b532b554b052e7a0878b9d194acdb61a7240efa1f797b157b13db,dev_01,2,True,True,True,before_or_at,0.25,complete_fixed_behavior_discounted_return_not_vpi,99.35350480891441,6.334283351898193,6.334283351898193,-93.01922145701622,93.01922145701622,8652.575560469426,93.01922145701622,"[0.429063,0.0,0.404556,0.057453,0.108928]",0.108928,-0.32013500000000006,0,0,0,0,False,False
control_raw_critic_target,ppo,43,18,dev_01_state_06,fd2e5861fe027bcb3635018576d2d5ce1b9b63d2b09ed94737c380749ee87049,dev_01,3,False,True,True,before_or_at,0.375,complete_fixed_behavior_discounted_return_not_vpi,99.53944465087416,6.324055194854736,6.324055194854736,-93.21538945601942,93.21538945601942,8689.108831437377,93.21538945601942,"[0.428129,0.0,0.402306,0.058869,0.110696]",0.110696,-0.31743299999999997,0,0,0,0,False,False
control_raw_critic_target,ppo,43,18,dev_01_state_07,183ebb194b29cf885e5c212fd6e18171c5539439db50572f3120f6c0133c5049,dev_01,3,False,True,True,before_or_at,0.375,complete_fixed_behavior_discounted_return_not_vpi,99.53944465087416,6.324132442474365,6.324132442474365,-93.2153122083998,93.2153122083998,8689.094430109448,93.2153122083998,"[0.428158,0.0,0.40232,0.058851,0.110671]",0.110671,-0.31748699999999996,0,0,0,0,False,False
control_raw_critic_target,ppo,43,18,dev_01_state_08,d2bf64fb9b88e145885e5ed0f74f9f639967dd914d669e6f6d9e93f684a95a73,dev_01,4,True,True,True,before_or_at,0.5,complete_fixed_behavior_discounted_return_not_vpi,99.72721960667732,6.343448638916016,6.343448638916016,-93.38377096776131,93.38377096776131,8720.5286801593,93.38377096776131,"[0.431392,0.0,0.407113,0.055342,0.106153]",0.106153,-0.325239,0,0,0,0,False,False
control_raw_critic_target,ppo,43,18,dev_01_state_09,13fb32efb5dd998abdd32f46158b290acced91d28620d9d15377f2694497b912,dev_01,4,True,True,True,before_or_at,0.5,complete_fixed_behavior_discounted_return_not_vpi,99.72721960667732,6.343448638916016,6.343448638916016,-93.38377096776131,93.38377096776131,8720.5286801593,93.38377096776131,"[0.431392,0.0,0.407113,0.055342,0.106153]",0.106153,-0.325239,0,0,0,0,False,False
control_raw_critic_target,ppo,43,18,dev_01_state_10,501e02f271270613a795072dd11d6876f63160ede7c17cfbe7ee893e5b1aa82c,dev_01,4,True,True,True,before_or_at,0.375,complete_fixed_behavior_discounted_return_not_vpi,99.53944465087416,6.34027624130249,6.34027624130249,-93.19916840957167,93.19916840957167,8686.084992235701,93.19916840957167,"[0.431089,0.0,0.405775,0.055999,0.107137]",0.107137,-0.323952,0,0,0,0,False,False
control_raw_critic_target,ppo,43,18,dev_01_state_11,e0c6c2402de2864424b773d58c1fc72a6bc09419a54d0cbe2f5f07d795a22db3,dev_01,4,True,True,True,before_or_at,0.5,complete_fixed_behavior_discounted_return_not_vpi,99.72721960667732,6.343496799468994,6.343496799468994,-93.38372280720833,93.38372280720833,8720.519685333522,93.38372280720833,"[0.43142,0.0,0.407112,0.055332,0.106135]",0.106135,-0.32528500000000005,0,0,0,0,False,False
control_raw_critic_target,ppo,43,18,dev_01_state_12,87eae5e2295dff0be0c0317d62480330e70116056ccb6207b9f0f698ac011e38,dev_01,4,True,True,True,before_or_at,0.5,complete_fixed_behavior_discounted_return_not_vpi,99.72721960667732,6.343496799468994,6.343496799468994,-93.38372280720833,93.38372280720833,8720.519685333522,93.38372280720833,"[0.43142,0.0,0.407112,0.055332,0.106135]",0.106135,-0.32528500000000005,0,0,0,0,False,False
control_raw_critic_target,ppo,43,18,dev_02_state_01,aacd1cc47660f831ce532b266ce3478bb22e2c78d466e47472c937aafefcacfb,dev_02,0,True,False,True,before_or_at,0.0,complete_fixed_behavior_discounted_return_not_vpi,75.58016750117106,6.321077823638916,6.321077823638916,-69.25908967753215,69.25908967753215,4796.82150296044,69.25908967753215,"[0.322786,0.242883,0.304796,0.045048,0.084487]",0.084487,-0.238299,0,0,0,0,False,False
control_raw_critic_target,ppo,43,18,dev_02_state_02,65837e8c4e1042b18b8987e46d37b1081f660135fc906dde8659dd34bcb25e18,dev_02,1,True,False,True,before_or_at,0.2,complete_fixed_behavior_discounted_return_not_vpi,75.81651346531233,6.313086986541748,6.313086986541748,-69.50342647877058,69.50342647877058,4830.726292289867,69.50342647877058,"[0.321685,0.242567,0.303553,0.046081,0.086114]",0.086114,-0.235571,0,0,0,0,False,False
control_raw_critic_target,ppo,43,18,dev_02_state_03,788bd1c71ab6c0f94f77fdf24a1874af9e74d3c3e59586a4d8fd42a2d4a722a2,dev_02,1,True,True,True,before_or_at,0.2,complete_fixed_behavior_discounted_return_not_vpi,75.57148846531233,6.319041728973389,6.319041728973389,-69.25244673633894,69.25244673633894,4795.901378969462,69.25244673633894,"[0.424882,0.0,0.401837,0.060276,0.113005]",0.113005,-0.31187699999999996,0,0,0,0,False,False
control_raw_critic_target,ppo,43,18,dev_02_state_04,73424c66a5e9ad4241b9fb8e38cb02b30333c2e9611126a6c2f2661d805079c5,dev_02,2,True,True,True,before_or_at,0.4,complete_fixed_behavior_discounted_return_not_vpi,75.76470591996298,6.330367565155029,6.330367565155029,-69.43433835480795,69.43433835480795,4821.127342769954,69.43433835480795,"[0.428009,0.0,0.404237,0.057954,0.1098]",0.1098,-0.31820899999999996,0,0,0,0,False,False
control_raw_critic_target,ppo,43,18,dev_02_state_05,07a0c6f5a831ee8a70a2e4f82ae69cc5df3eb3540cdda40dc84dfab435b8d8ac,dev_02,2,False,True,True,before_or_at,0.4,complete_fixed_behavior_discounted_return_not_vpi,75.76470591996298,6.319693088531494,6.319693088531494,-69.44501283143148,69.44501283143148,4822.6098071576835,69.44501283143148,"[0.427148,0.0,0.402103,0.059418,0.111331]",0.111331,-0.315817,0,0,0,0,False,False
control_raw_critic_target,ppo,43,18,dev_02_state_06,cd47e258d721757c11ea4050f051bb017e502287edeba848b9bb4aed7aa04c14,dev_02,3,True,True,True,before_or_at,0.6,complete_fixed_behavior_discounted_return_not_vpi,75.75848028252462,6.327234268188477,6.327234268188477,-69.43124601433614,69.43124601433614,4820.697923103268,69.43124601433614,"[0.426994,0.0,0.403854,0.058462,0.11069]",0.11069,-0.316304,0,0,0,0,False,False
control_raw_critic_target,ppo,43,18,dev_02_state_07,446e55a68c01f9b6b3d75b3584e53818ff209784976039bdb016348e222bb7bc,dev_02,3,False,True,True,before_or_at,0.6,complete_fixed_behavior_discounted_return_not_vpi,75.75848028252462,6.316239356994629,6.316239356994629,-69.44224092552999,69.44224092552999,4822.224824759352,69.44224092552999,"[0.42623,0.0,0.401657,0.059869,0.112244]",0.112244,-0.313986,0,0,0,0,False,False
control_raw_critic_target,ppo,43,18,dev_02_state_08,da66deba85e976a12ee91266832b3fe4996e44cc0333ff92fe0fb0072b304773,dev_02,3,False,True,True,before_or_at,0.4,complete_fixed_behavior_discounted_return_not_vpi,75.76470591996298,6.315618515014648,6.315618515014648,-69.44908740494833,69.44908740494833,4823.175741380152,69.44908740494833,"[0.426178,0.0,0.401265,0.060171,0.112386]",0.112386,-0.313792,0,0,0,0,False,False
control_raw_critic_target,ppo,43,18,dev_02_state_09,9b17e313c9c022b073c532cab790a8e4bbbfb88e37c386bc4de0316793e72b69,dev_02,4,True,False,True,before_or_at,0.8,complete_fixed_behavior_discounted_return_not_vpi,100.75270180026362,6.3227033615112305,6.3227033615112305,-94.42999843875239,94.42999843875239,8917.024605142778,94.42999843875239,"[0.323451,0.242716,0.305288,0.044553,0.083993]",0.083993,-0.239458,0,0,0,0,False,False
control_raw_critic_target,ppo,43,18,dev_02_state_10,e6a58b6c7a7e16fa45b8c640dbd4b125a27da61dec2113082cdfa830027b3bfb,dev_02,4,True,False,True,before_or_at,0.8,complete_fixed_behavior_discounted_return_not_vpi,75.75270180026362,6.3227033615112305,6.3227033615112305,-69.42999843875239,69.42999843875239,4820.52468320516,69.42999843875239,"[0.323451,0.242716,0.305288,0.044553,0.083993]",0.083993,-0.239458,0,0,0,0,False,False
control_raw_critic_target,ppo,43,18,dev_02_state_11,5fbcd355ad6ef625fe912c4a3485f5db6bcdb20e7b2dcdd955d3fe332063d473,dev_02,4,True,False,True,before_or_at,0.6,complete_fixed_behavior_discounted_return_not_vpi,75.75848028252462,6.322749614715576,6.322749614715576,-69.43573066780904,69.43573066780904,4821.320693372517,69.43573066780904,"[0.323146,0.242939,0.305278,0.044547,0.08409]",0.08409,-0.239056,0,0,0,0,False,False
control_raw_critic_target,ppo,43,18,dev_02_state_12,fdd3f8ff3f38604c74d277ed795fde0f3d9fa09eb963e4d8820de9b76534d356,dev_02,4,True,False,True,after,0.6,complete_fixed_behavior_discounted_return_not_vpi,100.50848028252462,6.322749614715576,6.322749614715576,-94.18573066780904,94.18573066780904,8870.951861429065,94.18573066780904,"[0.323146,0.242939,0.305278,0.044547,0.08409]",0.08409,-0.239056,0,0,0,0,False,False
control_raw_critic_target,ppo,43,18,dev_03_state_01,62750fc5f603af0e58fc56236599571502c69cfa558f3283ab10e1bc858471ae,dev_03,0,True,False,True,before_or_at,0.0,complete_fixed_behavior_discounted_return_not_vpi,75.32227037485364,6.321545124053955,6.321545124053955,-69.00072525079969,69.00072525079969,4761.100085136346,69.00072525079969,"[0.322047,0.242454,0.305357,0.045331,0.084811]",0.084811,-0.23723600000000003,0,0,0,0,False,False
control_raw_critic_target,ppo,43,18,dev_03_state_02,49dc0c665e7c8d1673bc0818a98dec317568afa99b48ce13b276daf91fdf1003,dev_03,1,True,False,True,before_or_at,0.1,complete_fixed_behavior_discounted_return_not_vpi,75.2654274086768,6.320418834686279,6.320418834686279,-68.94500857399052,68.94500857399052,4753.414207267627,68.94500857399052,"[0.321413,0.242536,0.305406,0.045607,0.085038]",0.085038,-0.236375,0,0,0,0,False,False
control_raw_critic_target,ppo,43,18,dev_03_state_03,5c249417d557afb821d09652c2ced9028d3dd95a2292007d63fec0a2af97227d,dev_03,1,True,True,True,before_or_at,0.1,complete_fixed_behavior_discounted_return_not_vpi,75.2654274086768,6.330626010894775,6.330626010894775,-68.93480139778202,68.93480139778202,4752.00684375165,68.93480139778202,"[0.426858,0.0,0.405011,0.058335,0.109796]",0.109796,-0.317062,0,0,0,0,False,False
control_raw_critic_target,ppo,43,18,dev_03_state_04,f5f32654c6274248e0d209cab36df9f70fd51f283f1cd0807581b37e93a74a25,dev_03,2,False,False,True,before_or_at,0.2,complete_fixed_behavior_discounted_return_not_vpi,75.46738204163074,6.312436580657959,6.312436580657959,-69.15494546097278,69.15494546097278,4782.40648171012,69.15494546097278,"[0.322977,0.240274,0.30507,0.046114,0.085565]",0.085565,-0.237412,0,0,0,0,False,False
control_raw_critic_target,ppo,43,18,dev_03_state_05,6cc42ee25dea2b20e7ddf5c4193dae1de54521b21ce67836be05490494a0b931,dev_03,2,True,False,True,before_or_at,0.2,complete_fixed_behavior_discounted_return_not_vpi,75.22963452915576,6.328768253326416,6.328768253326416,-68.90086627582934,68.90086627582934,4747.329373559717,68.90086627582934,"[0.324606,0.242188,0.305926,0.04421,0.083071]",0.083071,-0.241535,0,0,0,0,False,False
control_raw_critic_target,ppo,43,18,dev_03_state_06,1217155fad78690dd6f9e30d323674dca8a13a10b95a50b6354593aed403e43d,dev_03,3,True,True,True,before_or_at,0.3,complete_fixed_behavior_discounted_return_not_vpi,75.17185584736579,6.333654880523682,6.333654880523682,-68.83820096684211,68.83820096684211,4738.697912351342,68.83820096684211,"[0.428247,0.0,0.405319,0.057553,0.108881]",0.108881,-0.319366,0,0,0,0,False,False
control_raw_critic_target,ppo,43,18,dev_03_state_07,c9b593dfc8699de434ab870b13435c9305897d412b8dedc394c04fd20511d413,dev_03,3,False,True,True,before_or_at,0.2,complete_fixed_behavior_discounted_return_not_vpi,75.22963452915576,6.320906639099121,6.320906639099121,-68.90872789005664,68.90872789005664,4748.412779425869,68.90872789005664,"[0.426638,0.0,0.402931,0.059429,0.111002]",0.111002,-0.315636,0,0,0,0,False,False
control_raw_critic_target,ppo,43,18,dev_03_state_08,6b17f75e0e3f5de80f49678d788da5519dddc9cc9bd584c0ee650b8d7219e7b6,dev_03,3,True,True,True,before_or_at,0.3,complete_fixed_behavior_discounted_return_not_vpi,75.4120048498658,6.328583717346191,6.328583717346191,-69.0834211325196,69.0834211325196,4772.519075373056,69.0834211325196,"[0.425798,0.0,0.40523,0.058483,0.110488]",0.110488,-0.31531,0,0,0,0,False,False
control_raw_critic_target,ppo,43,18,dev_03_state_09,0ccde0ef6c389b7341f4f1ea7beb149b259aad13dd1630dab7db376142e1073a,dev_03,3,False,False,True,before_or_at,0.2,complete_fixed_behavior_discounted_return_not_vpi,75.46738204163074,6.307529926300049,6.307529926300049,-69.1598521153307,69.1598521153307,4783.085144614412,69.1598521153307,"[0.322177,0.240026,0.304523,0.046795,0.086479]",0.086479,-0.235698,0,0,0,0,False,False
control_raw_critic_target,ppo,43,18,dev_03_state_10,ebe2739e96e527d82f495d7e680acc3138491d2e16ff51c3923b53550c15ae25,dev_03,3,True,True,True,before_or_at,0.3,complete_fixed_behavior_discounted_return_not_vpi,74.92928109736579,6.337769031524658,6.337769031524658,-68.59151206584113,68.59151206584113,4704.795527478429,68.59151206584113,"[0.429933,0.0,0.405998,0.05655,0.10752]",0.10752,-0.322413,0,0,0,0,False,False
control_raw_critic_target,ppo,43,18,dev_03_state_11,6f4069e08051d555eb68fe1fc24e55e73bd96f49eec834dcd284e6fcc78d573c,dev_03,4,True,False,True,before_or_at,0.4,complete_fixed_behavior_discounted_return_not_vpi,75.39606346424462,6.326076030731201,6.326076030731201,-69.06998743351342,69.06998743351342,4770.6631640657015,69.06998743351342,"[0.322738,0.242572,0.306436,0.044499,0.083756]",0.083756,-0.23898200000000003,0,0,0,0,False,False
control_raw_critic_target,ppo,43,18,dev_03_state_12,3280b55b15e26af81785ba01c8673bf4d36b50b213800bb4ae9d9639e7519111,dev_03,4,True,False,True,before_or_at,0.3,complete_fixed_behavior_discounted_return_not_vpi,74.92928109736579,6.3316121101379395,6.3316121101379395,-68.59766898722785,68.59766898722785,4705.640190481281,68.59766898722785,"[0.324757,0.242408,0.306752,0.043609,0.082474]",0.082474,-0.24228300000000003,0,0,0,0,False,False
control_raw_critic_target,ppo,61,6,dev_00_state_01,2cb31cda5fedadef13eb6ef29f9fb864a9636c64a8a0b599c358ab8e79aa2f2e,dev_00,0,True,False,True,before_or_at,0.0,complete_fixed_behavior_discounted_return_not_vpi,99.16542974483956,2.644232749938965,2.644232749938965,-96.52119699490059,96.52119699490059,9316.341469328407,96.52119699490059,"[0.191787,0.291815,0.116234,0.199039,0.201124]",0.201124,-0.090691,1,1,1,1,False,False
control_raw_critic_target,ppo,61,6,dev_00_state_02,4fe79a7d2f5b835a26cde6caefb444f6301c270d44971bde40489a612dd2b391,dev_00,1,True,False,True,before_or_at,0.14285714285714285,complete_fixed_behavior_discounted_return_not_vpi,99.43405463063405,2.634334087371826,2.634334087371826,-96.79972054326223,96.79972054326223,9370.185897253663,96.79972054326223,"[0.192535,0.291365,0.11635,0.19756,0.20219]",0.20219,-0.08917499999999998,1,1,1,1,False,False
control_raw_critic_target,ppo,61,6,dev_00_state_03,c47e6b288039285428aafce3d49684ca2d11b023896665b0b3daac8a9dcaa176,dev_00,1,True,True,True,before_or_at,0.14285714285714285,complete_fixed_behavior_discounted_return_not_vpi,99.43405463063405,2.695058584213257,2.695058584213257,-96.7389960464208,96.7389960464208,9358.433356069418,96.7389960464208,"[0.273424,0.0,0.161929,0.275907,0.288741]",0.288741,0.012834000000000012,4,4,4,4,False,False
control_raw_critic_target,ppo,61,6,dev_00_state_04,db2399dc4a1846b64b81f411e0237050b1ffd324fd9a4bd78478baf6f2a1e9df,dev_00,2,False,True,True,before_or_at,0.2857142857142857,complete_fixed_behavior_discounted_return_not_vpi,99.63275207083052,2.619473934173584,2.619473934173584,-97.01327813665694,97.01327813665694,9411.57613482036,97.01327813665694,"[0.274125,0.0,0.165532,0.275491,0.284852]",0.284852,0.009361000000000008,4,4,4,4,False,False
control_raw_critic_target,ppo,61,6,dev_00_state_05,b439a8ded6b7704f73b9af3aad6b5a11f4e642b89173768c49bca3fb2b8e11e1,dev_00,2,False,False,True,before_or_at,0.2857142857142857,complete_fixed_behavior_discounted_return_not_vpi,99.63275207083052,2.5478761196136475,2.5478761196136475,-97.08487595121687,97.08487595121687,9425.473138463169,97.08487595121687,"[0.193873,0.286418,0.120114,0.199481,0.200114]",0.200114,-0.08630400000000002,1,1,1,1,False,False
control_raw_critic_target,ppo,61,6,dev_00_state_06,05d5cb2b4cdc84a07f67d30b6d40026f1ae9404889525cd1fd230abd3ad151ac,dev_00,3,True,True,True,before_or_at,0.42857142857142855,complete_fixed_behavior_discounted_return_not_vpi,99.98305426895568,2.737290382385254,2.737290382385254,-97.24576388657043,97.24576388657043,9456.738593882606,97.24576388657043,"[0.271368,0.0,0.1624,0.276657,0.289575]",0.289575,0.01291800000000004,4,4,4,4,False,False
control_raw_critic_target,ppo,61,6,dev_00_state_07,be44ebe79f69d66fa111d2fd9181f41a47efe8ab066cbd91663de162f21bfdca,dev_00,3,True,True,True,before_or_at,0.42857142857142855,complete_fixed_behavior_discounted_return_not_vpi,99.98305426895568,2.737290382385254,2.737290382385254,-97.24576388657043,97.24576388657043,9456.738593882606,97.24576388657043,"[0.271368,0.0,0.1624,0.276657,0.289575]",0.289575,0.01291800000000004,4,4,4,4,False,False
control_raw_critic_target,ppo,61,6,dev_00_state_08,54b81637eaa22690c2f9140cabc601d934d118af96613f57981add5ac63c1553,dev_00,3,True,True,True,before_or_at,0.2857142857142857,complete_fixed_behavior_discounted_return_not_vpi,99.63275207083052,2.731485605239868,2.731485605239868,-96.90126646559065,96.90126646559065,9389.855442635404,96.90126646559065,"[0.269611,0.0,0.163346,0.280382,0.28666]",0.28666,0.006278000000000006,4,4,4,4,False,False
control_raw_critic_target,ppo,61,6,dev_00_state_09,4c5424ef8068127f88abfde3c8019231c91f8960d17e43927afbffc74d0ef8a3,dev_00,3,False,True,True,before_or_at,0.42857142857142855,complete_fixed_behavior_discounted_return_not_vpi,99.98305426895568,2.6609485149383545,2.6609485149383545,-97.32210575401733,97.32210575401733,9471.592268396133,97.32210575401733,"[0.275331,0.0,0.163604,0.271521,0.289544]",0.289544,0.014213000000000031,4,4,4,4,False,False
control_raw_critic_target,ppo,61,6,dev_00_state_10,56cb3633f940a0aa4754de669549dee3763dc62aa8d33e8feb481d858f69cc45,dev_00,3,False,True,True,before_or_at,0.42857142857142855,complete_fixed_behavior_discounted_return_not_vpi,99.98305426895568,2.6609485149383545,2.6609485149383545,-97.32210575401733,97.32210575401733,9471.592268396133,97.32210575401733,"[0.275331,0.0,0.163604,0.271521,0.289544]",0.289544,0.014213000000000031,4,4,4,4,False,False
control_raw_critic_target,ppo,61,6,dev_00_state_11,616869b075de6c2da36a5545c9128137f476e5cb4f0ae4851e0c1b46d0deef42,dev_00,3,False,True,True,before_or_at,0.2857142857142857,complete_fixed_behavior_discounted_return_not_vpi,99.63275207083052,2.658287286758423,2.658287286758423,-96.9744647840721,96.9744647840721,9404.046820157238,96.9744647840721,"[0.273555,0.0,0.16448,0.275548,0.286417]",0.286417,0.010868999999999962,4,4,4,4,False,False
control_raw_critic_target,ppo,61,6,dev_00_state_12,50772a9d479dd040bdfcd26f5a4e632848da15cc67dcf85fb3ae790c04749004,dev_00,4,True,True,True,before_or_at,0.5714285714285714,complete_fixed_behavior_discounted_return_not_vpi,100.22152414584981,2.7274043560028076,2.7274043560028076,-97.494119789847,97.494119789847,9505.103393597037,97.494119789847,"[0.26858,0.0,0.164363,0.280432,0.286625]",0.286625,0.006193000000000004,4,4,4,4,False,False
control_raw_critic_target,ppo,61,6,dev_01_state_01,a4bbd832c514e8ecb281380734580807ec9ec04ce04b6be662dd729667c979e5,dev_01,0,True,False,True,before_or_at,0.0,complete_fixed_behavior_discounted_return_not_vpi,75.65614047157035,2.6720542907714844,2.6720542907714844,-72.98408618079887,72.98408618079887,5326.676835646276,72.98408618079887,"[0.192916,0.289254,0.116865,0.197819,0.203145]",0.203145,-0.08610900000000002,1,1,1,1,False,False
control_raw_critic_target,ppo,61,6,dev_01_state_02,63fee8a32f4b1c8d4d78562135b7b123d9efca8ef1fd10c52757463ac3a4c28b,dev_01,1,True,False,True,before_or_at,0.125,complete_fixed_behavior_discounted_return_not_vpi,99.13967366563787,2.64890456199646,2.64890456199646,-96.49076910364141,96.49076910364141,9310.46852221224,96.49076910364141,"[0.191209,0.289924,0.118168,0.198809,0.20189]",0.20189,-0.08803400000000003,1,1,1,1,False,False
control_raw_critic_target,ppo,61,6,dev_01_state_03,c559429297df4987fbb22dd07eedba631d6c671c0ff9130cbe932ee596739c54,dev_01,1,True,True,True,before_or_at,0.125,complete_fixed_behavior_discounted_return_not_vpi,99.13967366563787,2.7100021839141846,2.7100021839141846,-96.42967148172369,96.42967148172369,9298.681542073155,96.42967148172369,"[0.271499,0.0,0.163968,0.276447,0.288087]",0.288087,0.011639999999999984,4,4,4,4,False,False
control_raw_critic_target,ppo,61,6,dev_01_state_04,7358d67bd36c9a85cc6e8138adeb39b8726469ca30f20c1f0942cc3f76de4651,dev_01,2,True,False,True,before_or_at,0.25,complete_fixed_behavior_discounted_return_not_vpi,99.35350480891441,2.656071901321411,2.656071901321411,-96.697432907593,96.697432907593,9350.393530918449,96.697432907593,"[0.191967,0.291203,0.11763,0.197479,0.20172]",0.20172,-0.08948299999999998,1,1,1,1,False,False
control_raw_critic_target,ppo,61,6,dev_01_state_05,0763b046fa0b532b554b052e7a0878b9d194acdb61a7240efa1f797b157b13db,dev_01,2,True,True,True,before_or_at,0.25,complete_fixed_behavior_discounted_return_not_vpi,99.35350480891441,2.714684009552002,2.714684009552002,-96.6388207993624,96.6388207993624,9339.06168549128,96.6388207993624,"[0.273102,0.0,0.163552,0.275105,0.28824]",0.28824,0.013135000000000008,4,4,4,4,False,False
control_raw_critic_target,ppo,61,6,dev_01_state_06,fd2e5861fe027bcb3635018576d2d5ce1b9b63d2b09ed94737c380749ee87049,dev_01,3,False,True,True,before_or_at,0.375,complete_fixed_behavior_discounted_return_not_vpi,99.53944465087416,2.6326167583465576,2.6326167583465576,-96.9068278925276,96.9068278925276,9390.933292191965,96.9068278925276,"[0.276131,0.0,0.165996,0.269977,0.287897]",0.287897,0.011765999999999999,4,4,4,4,False,False
control_raw_critic_target,ppo,61,6,dev_01_state_07,183ebb194b29cf885e5c212fd6e18171c5539439db50572f3120f6c0133c5049,dev_01,3,False,True,True,before_or_at,0.375,complete_fixed_behavior_discounted_return_not_vpi,99.53944465087416,2.6326539516448975,2.6326539516448975,-96.90679069922926,96.90679069922926,9390.926083624227,96.90679069922926,"[0.276155,0.0,0.165988,0.269945,0.287912]",0.287912,0.011757000000000017,4,4,4,4,False,False
control_raw_critic_target,ppo,61,6,dev_01_state_08,d2bf64fb9b88e145885e5ed0f74f9f639967dd914d669e6f6d9e93f684a95a73,dev_01,4,True,True,True,before_or_at,0.5,complete_fixed_behavior_discounted_return_not_vpi,99.72721960667732,2.7638516426086426,2.7638516426086426,-96.96336796406868,96.96336796406868,9401.894726935381,96.96336796406868,"[0.270183,0.0,0.163674,0.277151,0.288992]",0.288992,0.011841000000000046,4,4,4,4,False,False
control_raw_critic_target,ppo,61,6,dev_01_state_09,13fb32efb5dd998abdd32f46158b290acced91d28620d9d15377f2694497b912,dev_01,4,True,True,True,before_or_at,0.5,complete_fixed_behavior_discounted_return_not_vpi,99.72721960667732,2.7638516426086426,2.7638516426086426,-96.96336796406868,96.96336796406868,9401.894726935381,96.96336796406868,"[0.270183,0.0,0.163674,0.277151,0.288992]",0.288992,0.011841000000000046,4,4,4,4,False,False
control_raw_critic_target,ppo,61,6,dev_01_state_10,501e02f271270613a795072dd11d6876f63160ede7c17cfbe7ee893e5b1aa82c,dev_01,4,True,True,True,before_or_at,0.375,complete_fixed_behavior_discounted_return_not_vpi,99.53944465087416,2.75382924079895,2.75382924079895,-96.78561541007521,96.78561541007521,9367.455350306987,96.78561541007521,"[0.271676,0.0,0.163093,0.27518,0.290052]",0.290052,0.014871999999999996,4,4,4,4,False,False
control_raw_critic_target,ppo,61,6,dev_01_state_11,e0c6c2402de2864424b773d58c1fc72a6bc09419a54d0cbe2f5f07d795a22db3,dev_01,4,True,True,True,before_or_at,0.5,complete_fixed_behavior_discounted_return_not_vpi,99.72721960667732,2.764106273651123,2.764106273651123,-96.9631133330262,96.9631133330262,9401.845347233284,96.9631133330262,"[0.270173,0.0,0.163679,0.27715,0.288998]",0.288998,0.01184799999999997,4,4,4,4,False,False
control_raw_critic_target,ppo,61,6,dev_01_state_12,87eae5e2295dff0be0c0317d62480330e70116056ccb6207b9f0f698ac011e38,dev_01,4,True,True,True,before_or_at,0.5,complete_fixed_behavior_discounted_return_not_vpi,99.72721960667732,2.764106273651123,2.764106273651123,-96.9631133330262,96.9631133330262,9401.845347233284,96.9631133330262,"[0.270173,0.0,0.163679,0.27715,0.288998]",0.288998,0.01184799999999997,4,4,4,4,False,False
control_raw_critic_target,ppo,61,6,dev_02_state_01,aacd1cc47660f831ce532b266ce3478bb22e2c78d466e47472c937aafefcacfb,dev_02,0,True,False,True,before_or_at,0.0,complete_fixed_behavior_discounted_return_not_vpi,75.58016750117106,2.524099111557007,2.524099111557007,-73.05606838961405,73.05606838961405,5337.189128547966,73.05606838961405,"[0.189352,0.285374,0.121519,0.201999,0.201757]",0.201757,-0.08361700000000002,1,1,1,1,False,False
control_raw_critic_target,ppo,61,6,dev_02_state_02,65837e8c4e1042b18b8987e46d37b1081f660135fc906dde8659dd34bcb25e18,dev_02,1,True,False,True,before_or_at,0.2,complete_fixed_behavior_discounted_return_not_vpi,75.81651346531233,2.5111019611358643,2.5111019611358643,-73.30541150417646,73.30541150417646,5373.6833557966465,73.30541150417646,"[0.189288,0.285739,0.121987,0.200852,0.202134]",0.202134,-0.08360500000000001,1,1,1,1,False,False
control_raw_critic_target,ppo,61,6,dev_02_state_03,788bd1c71ab6c0f94f77fdf24a1874af9e74d3c3e59586a4d8fd42a2d4a722a2,dev_02,1,True,True,True,before_or_at,0.2,complete_fixed_behavior_discounted_return_not_vpi,75.57148846531233,2.5948116779327393,2.5948116779327393,-72.97667678737959,72.97667678737959,5325.595354929666,72.97667678737959,"[0.267482,0.0,0.167764,0.277426,0.287327]",0.287327,0.009900999999999993,4,4,4,4,False,False
control_raw_critic_target,ppo,61,6,dev_02_state_04,73424c66a5e9ad4241b9fb8e38cb02b30333c2e9611126a6c2f2661d805079c5,dev_02,2,True,True,True,before_or_at,0.4,complete_fixed_behavior_discounted_return_not_vpi,75.76470591996298,2.6403064727783203,2.6403064727783203,-73.12439944718466,73.12439944718466,5347.17779451142,73.12439944718466,"[0.265405,0.0,0.167968,0.278461,0.288166]",0.288166,0.009704999999999964,4,4,4,4,False,False
control_raw_critic_target,ppo,61,6,dev_02_state_05,07a0c6f5a831ee8a70a2e4f82ae69cc5df3eb3540cdda40dc84dfab435b8d8ac,dev_02,2,False,True,True,before_or_at,0.4,complete_fixed_behavior_discounted_return_not_vpi,75.76470591996298,2.5385704040527344,2.5385704040527344,-73.22613551591024,73.22613551591024,5362.066922594451,73.22613551591024,"[0.269274,0.0,0.169986,0.27299,0.28775]",0.28775,0.014759999999999995,4,4,4,4,False,False
control_raw_critic_target,ppo,61,6,dev_02_state_06,cd47e258d721757c11ea4050f051bb017e502287edeba848b9bb4aed7aa04c14,dev_02,3,True,True,True,before_or_at,0.6,complete_fixed_behavior_discounted_return_not_vpi,75.75848028252462,2.631887197494507,2.631887197494507,-73.12659308503011,73.12659308503011,5347.498616223574,73.12659308503011,"[0.264662,0.0,0.168774,0.278724,0.28784]",0.28784,0.009115999999999957,4,4,4,4,False,False
control_raw_critic_target,ppo,61,6,dev_02_state_07,446e55a68c01f9b6b3d75b3584e53818ff209784976039bdb016348e222bb7bc,dev_02,3,False,True,True,before_or_at,0.6,complete_fixed_behavior_discounted_return_not_vpi,75.75848028252462,2.5332024097442627,2.5332024097442627,-73.22527787278035,73.22527787278035,5361.941319545896,73.22527787278035,"[0.268684,0.0,0.170633,0.273159,0.287524]",0.287524,0.014365000000000017,4,4,4,4,False,False
control_raw_critic_target,ppo,61,6,dev_02_state_08,da66deba85e976a12ee91266832b3fe4996e44cc0333ff92fe0fb0072b304773,dev_02,3,False,True,True,before_or_at,0.4,complete_fixed_behavior_discounted_return_not_vpi,75.76470591996298,2.51678466796875,2.51678466796875,-73.24792125199423,73.24792125199423,5365.257967738347,73.24792125199423,"[0.269575,0.0,0.170574,0.272982,0.286869]",0.286869,0.013886999999999983,4,4,4,4,False,False
control_raw_critic_target,ppo,61,6,dev_02_state_09,9b17e313c9c022b073c532cab790a8e4bbbfb88e37c386bc4de0316793e72b69,dev_02,4,True,False,True,before_or_at,0.8,complete_fixed_behavior_discounted_return_not_vpi,100.75270180026362,2.5784270763397217,2.5784270763397217,-98.1742747239239,98.1742747239239,9638.188217568484,98.1742747239239,"[0.184827,0.291199,0.121916,0.200349,0.201709]",0.201709,-0.08948999999999999,1,1,1,1,False,False
control_raw_critic_target,ppo,61,6,dev_02_state_10,e6a58b6c7a7e16fa45b8c640dbd4b125a27da61dec2113082cdfa830027b3bfb,dev_02,4,True,False,True,before_or_at,0.8,complete_fixed_behavior_discounted_return_not_vpi,75.75270180026362,2.5784270763397217,2.5784270763397217,-73.1742747239239,73.1742747239239,5354.474481372288,73.1742747239239,"[0.184827,0.291199,0.121916,0.200349,0.201709]",0.201709,-0.08948999999999999,1,1,1,1,False,False
control_raw_critic_target,ppo,61,6,dev_02_state_11,5fbcd355ad6ef625fe912c4a3485f5db6bcdb20e7b2dcdd955d3fe332063d473,dev_02,4,True,False,True,before_or_at,0.6,complete_fixed_behavior_discounted_return_not_vpi,75.75848028252462,2.573295831680298,2.573295831680298,-73.18518445084432,73.18518445084432,5356.071223104105,73.18518445084432,"[0.185403,0.290194,0.121545,0.201039,0.201818]",0.201818,-0.08837600000000001,1,1,1,1,False,False
control_raw_critic_target,ppo,61,6,dev_02_state_12,fdd3f8ff3f38604c74d277ed795fde0f3d9fa09eb963e4d8820de9b76534d356,dev_02,4,True,False,True,after,0.6,complete_fixed_behavior_discounted_return_not_vpi,100.50848028252462,2.573295831680298,2.573295831680298,-97.93518445084432,97.93518445084432,9591.300353420898,97.93518445084432,"[0.185403,0.290194,0.121545,0.201039,0.201818]",0.201818,-0.08837600000000001,1,1,1,1,False,False
control_raw_critic_target,ppo,61,6,dev_03_state_01,62750fc5f603af0e58fc56236599571502c69cfa558f3283ab10e1bc858471ae,dev_03,0,True,False,True,before_or_at,0.0,complete_fixed_behavior_discounted_return_not_vpi,75.32227037485364,2.5427896976470947,2.5427896976470947,-72.77948067720655,72.77948067720655,5296.8528076438815,72.77948067720655,"[0.193563,0.286764,0.11755,0.200247,0.201875]",0.201875,-0.08488900000000002,1,1,1,1,False,False
control_raw_critic_target,ppo,61,6,dev_03_state_02,49dc0c665e7c8d1673bc0818a98dec317568afa99b48ce13b276daf91fdf1003,dev_03,1,True,False,True,before_or_at,0.1,complete_fixed_behavior_discounted_return_not_vpi,75.2654274086768,2.534254312515259,2.534254312515259,-72.73117309616154,72.73117309616154,5289.823539943813,72.73117309616154,"[0.192841,0.288415,0.117883,0.200435,0.200426]",0.200426,-0.08798899999999998,1,1,1,1,False,False
control_raw_critic_target,ppo,61,6,dev_03_state_03,5c249417d557afb821d09652c2ced9028d3dd95a2292007d63fec0a2af97227d,dev_03,1,True,True,True,before_or_at,0.1,complete_fixed_behavior_discounted_return_not_vpi,75.2654274086768,2.6251089572906494,2.6251089572906494,-72.64031845138615,72.64031845138615,5276.615864718791,72.64031845138615,"[0.275174,0.0,0.162248,0.275692,0.286886]",0.286886,0.011193999999999982,4,4,4,4,False,False
control_raw_critic_target,ppo,61,6,dev_03_state_04,f5f32654c6274248e0d209cab36df9f70fd51f283f1cd0807581b37e93a74a25,dev_03,2,False,False,True,before_or_at,0.2,complete_fixed_behavior_discounted_return_not_vpi,75.46738204163074,2.4676578044891357,2.4676578044891357,-72.9997242371416,72.9997242371416,5328.95973869872,72.9997242371416,"[0.198485,0.278792,0.120046,0.197996,0.204681]",0.204681,-0.07411099999999998,1,1,1,1,False,False
control_raw_critic_target,ppo,61,6,dev_03_state_05,6cc42ee25dea2b20e7ddf5c4193dae1de54521b21ce67836be05490494a0b931,dev_03,2,True,False,True,before_or_at,0.2,complete_fixed_behavior_discounted_return_not_vpi,75.22963452915576,2.598728895187378,2.598728895187378,-72.63090563396838,72.63090563396838,5275.24845321042,72.63090563396838,"[0.192065,0.290418,0.116919,0.1987,0.201898]",0.201898,-0.08852000000000002,1,1,1,1,False,False
control_raw_critic_target,ppo,61,6,dev_03_state_06,1217155fad78690dd6f9e30d323674dca8a13a10b95a50b6354593aed403e43d,dev_03,3,True,True,True,before_or_at,0.3,complete_fixed_behavior_discounted_return_not_vpi,75.17185584736579,2.6698155403137207,2.6698155403137207,-72.50204030705207,72.50204030705207,5256.545848685403,72.50204030705207,"[0.271985,0.0,0.162837,0.278216,0.286962]",0.286962,0.008745999999999976,4,4,4,4,False,False
control_raw_critic_target,ppo,61,6,dev_03_state_07,c9b593dfc8699de434ab870b13435c9305897d412b8dedc394c04fd20511d413,dev_03,3,False,True,True,before_or_at,0.2,complete_fixed_behavior_discounted_return_not_vpi,75.22963452915576,2.5373024940490723,2.5373024940490723,-72.69233203510669,72.69233203510669,5284.175136702198,72.69233203510669,"[0.279711,0.0,0.163469,0.268831,0.287989]",0.287989,0.008278000000000008,4,4,4,4,False,False
control_raw_critic_target,ppo,61,6,dev_03_state_08,6b17f75e0e3f5de80f49678d788da5519dddc9cc9bd584c0ee650b8d7219e7b6,dev_03,3,True,True,True,before_or_at,0.3,complete_fixed_behavior_discounted_return_not_vpi,75.4120048498658,2.648477792739868,2.648477792739868,-72.76352705712593,72.76352705712593,5294.530869793097,72.76352705712593,"[0.272686,0.0,0.162586,0.278389,0.286339]",0.286339,0.007950000000000013,4,4,4,4,False,False
control_raw_critic_target,ppo,61,6,dev_03_state_09,0ccde0ef6c389b7341f4f1ea7beb149b259aad13dd1630dab7db376142e1073a,dev_03,3,False,False,True,before_or_at,0.2,complete_fixed_behavior_discounted_return_not_vpi,75.46738204163074,2.4406909942626953,2.4406909942626953,-73.02669104736805,73.02669104736805,5332.897605327745,73.02669104736805,"[0.198882,0.278543,0.120506,0.198084,0.203985]",0.203985,-0.07455799999999999,1,1,1,1,False,False
control_raw_critic_target,ppo,61,6,dev_03_state_10,ebe2739e96e527d82f495d7e680acc3138491d2e16ff51c3923b53550c15ae25,dev_03,3,True,True,True,before_or_at,0.3,complete_fixed_behavior_discounted_return_not_vpi,74.92928109736579,2.6778275966644287,2.6778275966644287,-72.25145350070136,72.25145350070136,5220.272532964011,72.25145350070136,"[0.273615,0.0,0.162274,0.276339,0.287772]",0.287772,0.011432999999999971,4,4,4,4,False,False
control_raw_critic_target,ppo,61,6,dev_03_state_11,6f4069e08051d555eb68fe1fc24e55e73bd96f49eec834dcd284e6fcc78d573c,dev_03,4,True,False,True,before_or_at,0.4,complete_fixed_behavior_discounted_return_not_vpi,75.39606346424462,2.5913379192352295,2.5913379192352295,-72.80472554500939,72.80472554500939,5300.528061684143,72.80472554500939,"[0.190504,0.291842,0.117144,0.199883,0.200627]",0.200627,-0.09121499999999999,1,1,1,1,False,False
control_raw_critic_target,ppo,61,6,dev_03_state_12,3280b55b15e26af81785ba01c8673bf4d36b50b213800bb4ae9d9639e7519111,dev_03,4,True,False,True,before_or_at,0.3,complete_fixed_behavior_discounted_return_not_vpi,74.92928109736579,2.61808705329895,2.61808705329895,-72.31119404406684,72.31119404406684,5228.908784078687,72.31119404406684,"[0.190432,0.2929,0.116543,0.19947,0.200655]",0.200655,-0.092245,1,1,1,1,False,False
control_raw_critic_target,sa_ghmappo,7,6,dev_00_state_01,2cb31cda5fedadef13eb6ef29f9fb864a9636c64a8a0b599c358ab8e79aa2f2e,dev_00,0,True,False,True,before_or_at,0.0,complete_fixed_behavior_discounted_return_not_vpi,99.16542974483956,3.6651713848114014,3.6651713848114014,-95.50025836002816,95.50025836002816,9120.299346832127,95.50025836002816,"[0.244749,0.248311,0.067504,0.15478,0.284657]",0.284657,0.03634599999999999,4,1,1,1,False,False
control_raw_critic_target,sa_ghmappo,7,6,dev_00_state_02,4fe79a7d2f5b835a26cde6caefb444f6301c270d44971bde40489a612dd2b391,dev_00,1,True,False,True,before_or_at,0.14285714285714285,complete_fixed_behavior_discounted_return_not_vpi,99.43405463063405,3.6651835441589355,3.6651835441589355,-95.76887108647512,95.76887108647512,9171.67666917789,95.76887108647512,"[0.244224,0.247523,0.067516,0.15453,0.286207]",0.286207,0.038683999999999996,4,1,1,1,False,False
control_raw_critic_target,sa_ghmappo,7,6,dev_00_state_03,c47e6b288039285428aafce3d49684ca2d11b023896665b0b3daac8a9dcaa176,dev_00,1,True,True,True,before_or_at,0.14285714285714285,complete_fixed_behavior_discounted_return_not_vpi,99.43405463063405,3.666261672973633,3.666261672973633,-95.76779295766042,95.76779295766042,9171.470167981313,95.76779295766042,"[0.316238,0.0,0.088609,0.200593,0.39456]",0.39456,0.078322,4,1,4,4,True,False
control_raw_critic_target,sa_ghmappo,7,6,dev_00_state_04,db2399dc4a1846b64b81f411e0237050b1ffd324fd9a4bd78478baf6f2a1e9df,dev_00,2,False,True,True,before_or_at,0.2857142857142857,complete_fixed_behavior_discounted_return_not_vpi,99.63275207083052,3.6663107872009277,3.6663107872009277,-95.96644128362959,95.96644128362959,9209.557852644326,95.96644128362959,"[0.308839,0.0,0.08707,0.201276,0.402814]",0.402814,0.09397500000000003,4,1,4,4,True,False
control_raw_critic_target,sa_ghmappo,7,6,dev_00_state_05,b439a8ded6b7704f73b9af3aad6b5a11f4e642b89173768c49bca3fb2b8e11e1,dev_00,2,False,False,True,before_or_at,0.2857142857142857,complete_fixed_behavior_discounted_return_not_vpi,99.63275207083052,3.6630711555480957,3.6630711555480957,-95.96968091528242,95.96968091528242,9210.179654981124,95.96968091528242,"[0.239574,0.244452,0.06666,0.155328,0.293986]",0.293986,0.04953400000000002,4,1,1,1,False,False
control_raw_critic_target,sa_ghmappo,7,6,dev_00_state_06,05d5cb2b4cdc84a07f67d30b6d40026f1ae9404889525cd1fd230abd3ad151ac,dev_00,3,True,True,True,before_or_at,0.42857142857142855,complete_fixed_behavior_discounted_return_not_vpi,99.98305426895568,3.6678757667541504,3.6678757667541504,-96.31517850220153,96.31517850220153,9276.613609910944,96.31517850220153,"[0.317817,0.0,0.08616,0.203494,0.392529]",0.392529,0.074712,4,1,4,4,True,False
control_raw_critic_target,sa_ghmappo,7,6,dev_00_state_07,be44ebe79f69d66fa111d2fd9181f41a47efe8ab066cbd91663de162f21bfdca,dev_00,3,True,True,True,before_or_at,0.42857142857142855,complete_fixed_behavior_discounted_return_not_vpi,99.98305426895568,3.6673474311828613,3.6673474311828613,-96.31570683777282,96.31570683777282,9276.715383659799,96.31570683777282,"[0.317443,0.0,0.086182,0.203375,0.393001]",0.393001,0.07555800000000001,4,1,4,4,True,False
control_raw_critic_target,sa_ghmappo,7,6,dev_00_state_08,54b81637eaa22690c2f9140cabc601d934d118af96613f57981add5ac63c1553,dev_00,3,True,True,True,before_or_at,0.2857142857142857,complete_fixed_behavior_discounted_return_not_vpi,99.63275207083052,3.6667962074279785,3.6667962074279785,-95.96595586340254,95.96595586340254,9209.464684776525,95.96595586340254,"[0.317199,0.0,0.086206,0.203115,0.39348]",0.39348,0.07628099999999999,4,1,4,4,True,False
control_raw_critic_target,sa_ghmappo,7,6,dev_00_state_09,4c5424ef8068127f88abfde3c8019231c91f8960d17e43927afbffc74d0ef8a3,dev_00,3,False,True,True,before_or_at,0.42857142857142855,complete_fixed_behavior_discounted_return_not_vpi,99.98305426895568,3.665567398071289,3.665567398071289,-96.3174868708844,96.3174868708844,9277.058277122987,96.3174868708844,"[0.315131,0.0,0.088166,0.200245,0.396457]",0.396457,0.08132600000000001,4,1,4,4,True,False
control_raw_critic_target,sa_ghmappo,7,6,dev_00_state_10,56cb3633f940a0aa4754de669549dee3763dc62aa8d33e8feb481d858f69cc45,dev_00,3,False,True,True,before_or_at,0.42857142857142855,complete_fixed_behavior_discounted_return_not_vpi,99.98305426895568,3.6649365425109863,3.6649365425109863,-96.3181177264447,96.3181177264447,9277.179802365261,96.3181177264447,"[0.314734,0.0,0.088203,0.200101,0.396963]",0.396963,0.082229,4,1,4,4,True,False
control_raw_critic_target,sa_ghmappo,7,6,dev_00_state_11,616869b075de6c2da36a5545c9128137f476e5cb4f0ae4851e0c1b46d0deef42,dev_00,3,False,True,True,before_or_at,0.2857142857142857,complete_fixed_behavior_discounted_return_not_vpi,99.63275207083052,3.6644840240478516,3.6644840240478516,-95.96826804678267,95.96826804678267,9209.908471899127,95.96826804678267,"[0.314456,0.0,0.088319,0.19977,0.397455]",0.397455,0.08299899999999999,4,1,4,4,True,False
control_raw_critic_target,sa_ghmappo,7,6,dev_00_state_12,50772a9d479dd040bdfcd26f5a4e632848da15cc67dcf85fb3ae790c04749004,dev_00,4,True,True,True,before_or_at,0.5714285714285714,complete_fixed_behavior_discounted_return_not_vpi,100.22152414584981,3.6676297187805176,3.6676297187805176,-96.5538944270693,96.5538944270693,9322.654529033643,96.5538944270693,"[0.316554,0.0,0.086133,0.202778,0.394535]",0.394535,0.07798100000000002,4,1,4,4,True,False
control_raw_critic_target,sa_ghmappo,7,6,dev_01_state_01,a4bbd832c514e8ecb281380734580807ec9ec04ce04b6be662dd729667c979e5,dev_01,0,True,False,True,before_or_at,0.0,complete_fixed_behavior_discounted_return_not_vpi,75.65614047157035,3.663422107696533,3.663422107696533,-71.99271836387382,71.99271836387382,5182.951497420055,71.99271836387382,"[0.245363,0.249329,0.068525,0.153958,0.282824]",0.282824,0.033495000000000025,4,1,1,1,False,False
control_raw_critic_target,sa_ghmappo,7,6,dev_01_state_02,63fee8a32f4b1c8d4d78562135b7b123d9efca8ef1fd10c52757463ac3a4c28b,dev_01,1,True,False,True,before_or_at,0.125,complete_fixed_behavior_discounted_return_not_vpi,99.13967366563787,3.6633083820343018,3.6633083820343018,-95.47636528360357,95.47636528360357,9115.736327768102,95.47636528360357,"[0.245221,0.248574,0.066555,0.155473,0.284177]",0.284177,0.035603000000000024,4,1,1,1,False,False
control_raw_critic_target,sa_ghmappo,7,6,dev_01_state_03,c559429297df4987fbb22dd07eedba631d6c671c0ff9130cbe932ee596739c54,dev_01,1,True,True,True,before_or_at,0.125,complete_fixed_behavior_discounted_return_not_vpi,99.13967366563787,3.665052890777588,3.665052890777588,-95.47462077486028,95.47462077486028,9115.403212103383,95.47462077486028,"[0.319411,0.0,0.087495,0.202818,0.390276]",0.390276,0.07086500000000001,4,1,4,4,True,False
control_raw_critic_target,sa_ghmappo,7,6,dev_01_state_04,7358d67bd36c9a85cc6e8138adeb39b8726469ca30f20c1f0942cc3f76de4651,dev_01,2,True,False,True,before_or_at,0.25,complete_fixed_behavior_discounted_return_not_vpi,99.35350480891441,3.6637773513793945,3.6637773513793945,-95.68972745753501,95.68972745753501,9156.52394089733,95.68972745753501,"[0.245108,0.248771,0.067168,0.154898,0.284055]",0.284055,0.03528400000000001,4,1,1,1,False,False
control_raw_critic_target,sa_ghmappo,7,6,dev_01_state_05,0763b046fa0b532b554b052e7a0878b9d194acdb61a7240efa1f797b157b13db,dev_01,2,True,True,True,before_or_at,0.25,complete_fixed_behavior_discounted_return_not_vpi,99.35350480891441,3.665578603744507,3.665578603744507,-95.6879262051699,95.6879262051699,9156.17922144604,95.6879262051699,"[0.319383,0.0,0.088319,0.201985,0.390312]",0.390312,0.07092900000000002,4,1,4,4,True,False
control_raw_critic_target,sa_ghmappo,7,6,dev_01_state_06,fd2e5861fe027bcb3635018576d2d5ce1b9b63d2b09ed94737c380749ee87049,dev_01,3,False,True,True,before_or_at,0.375,complete_fixed_behavior_discounted_return_not_vpi,99.53944465087416,3.6649856567382812,3.6649856567382812,-95.87445899413588,95.87445899413588,9191.911887418242,95.87445899413588,"[0.311954,0.0,0.088973,0.20084,0.398233]",0.398233,0.086279,4,1,4,4,True,False
control_raw_critic_target,sa_ghmappo,7,6,dev_01_state_07,183ebb194b29cf885e5c212fd6e18171c5539439db50572f3120f6c0133c5049,dev_01,3,False,True,True,before_or_at,0.375,complete_fixed_behavior_discounted_return_not_vpi,99.53944465087416,3.6646502017974854,3.6646502017974854,-95.87479444907667,95.87479444907667,9191.976210652703,95.87479444907667,"[0.311392,0.0,0.08856,0.201218,0.398829]",0.398829,0.08743699999999999,4,1,4,4,True,False
control_raw_critic_target,sa_ghmappo,7,6,dev_01_state_08,d2bf64fb9b88e145885e5ed0f74f9f639967dd914d669e6f6d9e93f684a95a73,dev_01,4,True,True,True,before_or_at,0.5,complete_fixed_behavior_discounted_return_not_vpi,99.72721960667732,3.666592597961426,3.666592597961426,-96.0606270087159,96.0606270087159,9227.644061307637,96.0606270087159,"[0.320397,0.0,0.087139,0.203559,0.388904]",0.388904,0.06850700000000004,4,1,4,4,True,False
control_raw_critic_target,sa_ghmappo,7,6,dev_01_state_09,13fb32efb5dd998abdd32f46158b290acced91d28620d9d15377f2694497b912,dev_01,4,True,True,True,before_or_at,0.5,complete_fixed_behavior_discounted_return_not_vpi,99.72721960667732,3.6660208702087402,3.6660208702087402,-96.06119873646858,96.06119873646858,9227.753902687313,96.06119873646858,"[0.320027,0.0,0.087168,0.203431,0.389373]",0.389373,0.06934600000000002,4,1,4,4,True,False
control_raw_critic_target,sa_ghmappo,7,6,dev_01_state_10,501e02f271270613a795072dd11d6876f63160ede7c17cfbe7ee893e5b1aa82c,dev_01,4,True,True,True,before_or_at,0.375,complete_fixed_behavior_discounted_return_not_vpi,99.53944465087416,3.6655683517456055,3.6655683517456055,-95.87387629912855,95.87387629912855,9191.800156620604,95.87387629912855,"[0.319797,0.0,0.087332,0.203366,0.389506]",0.389506,0.06970900000000002,4,1,4,4,True,False
control_raw_critic_target,sa_ghmappo,7,6,dev_01_state_11,e0c6c2402de2864424b773d58c1fc72a6bc09419a54d0cbe2f5f07d795a22db3,dev_01,4,True,True,True,before_or_at,0.5,complete_fixed_behavior_discounted_return_not_vpi,99.72721960667732,3.6660053730010986,3.6660053730010986,-96.06121423367622,96.06121423367622,9227.75688004824,96.06121423367622,"[0.319616,0.0,0.087635,0.202813,0.389937]",0.389937,0.07032099999999997,4,1,4,4,True,False
control_raw_critic_target,sa_ghmappo,7,6,dev_01_state_12,87eae5e2295dff0be0c0317d62480330e70116056ccb6207b9f0f698ac011e38,dev_01,4,True,True,True,before_or_at,0.5,complete_fixed_behavior_discounted_return_not_vpi,99.72721960667732,3.6654298305511475,3.6654298305511475,-96.06178977612618,96.06178977612618,9227.86745499266,96.06178977612618,"[0.31924,0.0,0.087666,0.202678,0.390416]",0.390416,0.07117599999999996,4,1,4,4,True,False
control_raw_critic_target,sa_ghmappo,7,6,dev_02_state_01,aacd1cc47660f831ce532b266ce3478bb22e2c78d466e47472c937aafefcacfb,dev_02,0,True,False,True,before_or_at,0.0,complete_fixed_behavior_discounted_return_not_vpi,75.58016750117106,3.662679672241211,3.662679672241211,-71.91748782892985,71.91748782892985,5172.125055624273,71.91748782892985,"[0.243987,0.249471,0.067315,0.155008,0.284218]",0.284218,0.03474700000000003,4,1,1,1,False,False
control_raw_critic_target,sa_ghmappo,7,6,dev_02_state_02,65837e8c4e1042b18b8987e46d37b1081f660135fc906dde8659dd34bcb25e18,dev_02,1,True,False,True,before_or_at,0.2,complete_fixed_behavior_discounted_return_not_vpi,75.81651346531233,3.6637754440307617,3.6637754440307617,-72.15273802128156,72.15273802128156,5206.01760396769,72.15273802128156,"[0.240873,0.248876,0.068068,0.154293,0.287891]",0.287891,0.03901500000000002,4,1,1,1,False,False
control_raw_critic_target,sa_ghmappo,7,6,dev_02_state_03,788bd1c71ab6c0f94f77fdf24a1874af9e74d3c3e59586a4d8fd42a2d4a722a2,dev_02,1,True,True,True,before_or_at,0.2,complete_fixed_behavior_discounted_return_not_vpi,75.57148846531233,3.6645898818969727,3.6645898818969727,-71.90689858341536,71.90689858341536,5170.602063885582,71.90689858341536,"[0.311407,0.0,0.088406,0.201871,0.398317]",0.398317,0.08690999999999999,4,1,4,4,True,False
control_raw_critic_target,sa_ghmappo,7,6,dev_02_state_04,73424c66a5e9ad4241b9fb8e38cb02b30333c2e9611126a6c2f2661d805079c5,dev_02,2,True,True,True,before_or_at,0.4,complete_fixed_behavior_discounted_return_not_vpi,75.76470591996298,3.6650514602661133,3.6650514602661133,-72.09965445969686,72.09965445969686,5198.360173207686,72.09965445969686,"[0.319027,0.0,0.087203,0.202971,0.3908]",0.3908,0.07177299999999998,4,1,4,4,True,False
control_raw_critic_target,sa_ghmappo,7,6,dev_02_state_05,07a0c6f5a831ee8a70a2e4f82ae69cc5df3eb3540cdda40dc84dfab435b8d8ac,dev_02,2,False,True,True,before_or_at,0.4,complete_fixed_behavior_discounted_return_not_vpi,75.76470591996298,3.6621251106262207,3.6621251106262207,-72.10258080933676,72.10258080933676,5198.782159366937,72.10258080933676,"[0.315994,0.0,0.089617,0.199503,0.394886]",0.394886,0.07889200000000002,4,1,4,4,True,False
control_raw_critic_target,sa_ghmappo,7,6,dev_02_state_06,cd47e258d721757c11ea4050f051bb017e502287edeba848b9bb4aed7aa04c14,dev_02,3,True,True,True,before_or_at,0.6,complete_fixed_behavior_discounted_return_not_vpi,75.75848028252462,3.665192127227783,3.665192127227783,-72.09328815529683,72.09328815529683,5197.442197042663,72.09328815529683,"[0.312457,0.0,0.087654,0.20253,0.397359]",0.397359,0.08490200000000003,4,1,4,4,True,False
control_raw_critic_target,sa_ghmappo,7,6,dev_02_state_07,446e55a68c01f9b6b3d75b3584e53818ff209784976039bdb016348e222bb7bc,dev_02,3,False,True,True,before_or_at,0.6,complete_fixed_behavior_discounted_return_not_vpi,75.75848028252462,3.663411855697632,3.663411855697632,-72.09506842682698,72.09506842682698,5197.698891468865,72.09506842682698,"[0.310484,0.0,0.088145,0.201213,0.400158]",0.400158,0.08967400000000003,4,1,4,4,True,False
control_raw_critic_target,sa_ghmappo,7,6,dev_02_state_08,da66deba85e976a12ee91266832b3fe4996e44cc0333ff92fe0fb0072b304773,dev_02,3,False,True,True,before_or_at,0.4,complete_fixed_behavior_discounted_return_not_vpi,75.76470591996298,3.6635377407073975,3.6635377407073975,-72.10116817925558,72.10116817925558,5198.578452813297,72.10116817925558,"[0.31042,0.0,0.088479,0.200882,0.400219]",0.400219,0.08979900000000002,4,1,4,4,True,False
control_raw_critic_target,sa_ghmappo,7,6,dev_02_state_09,9b17e313c9c022b073c532cab790a8e4bbbfb88e37c386bc4de0316793e72b69,dev_02,4,True,False,True,before_or_at,0.8,complete_fixed_behavior_discounted_return_not_vpi,100.75270180026362,3.6634716987609863,3.6634716987609863,-97.08923010150264,97.08923010150264,9426.318601702525,97.08923010150264,"[0.242933,0.249165,0.068704,0.153839,0.28536]",0.28536,0.036195000000000005,4,1,1,1,False,False
control_raw_critic_target,sa_ghmappo,7,6,dev_02_state_10,e6a58b6c7a7e16fa45b8c640dbd4b125a27da61dec2113082cdfa830027b3bfb,dev_02,4,True,False,True,before_or_at,0.8,complete_fixed_behavior_discounted_return_not_vpi,75.75270180026362,3.6626992225646973,3.6626992225646973,-72.09000257769893,72.09000257769893,5196.968471652638,72.09000257769893,"[0.242751,0.248867,0.06879,0.153788,0.285804]",0.285804,0.036937,4,1,1,1,False,False
control_raw_critic_target,sa_ghmappo,7,6,dev_02_state_11,5fbcd355ad6ef625fe912c4a3485f5db6bcdb20e7b2dcdd955d3fe332063d473,dev_02,4,True,False,True,before_or_at,0.6,complete_fixed_behavior_discounted_return_not_vpi,75.75848028252462,3.6639628410339355,3.6639628410339355,-72.09451744149068,72.09451744149068,5197.619445121404,72.09451744149068,"[0.243911,0.249426,0.066686,0.155437,0.284539]",0.284539,0.03511299999999998,4,1,1,1,False,False
control_raw_critic_target,sa_ghmappo,7,6,dev_02_state_12,fdd3f8ff3f38604c74d277ed795fde0f3d9fa09eb963e4d8820de9b76534d356,dev_02,4,True,False,True,after,0.6,complete_fixed_behavior_discounted_return_not_vpi,100.50848028252462,3.664686679840088,3.664686679840088,-96.84379360268453,96.84379360268453,9378.72035935936,96.84379360268453,"[0.244089,0.249717,0.066618,0.155473,0.284104]",0.284104,0.03438700000000003,4,1,1,1,False,False
control_raw_critic_target,sa_ghmappo,7,6,dev_03_state_01,62750fc5f603af0e58fc56236599571502c69cfa558f3283ab10e1bc858471ae,dev_03,0,True,False,True,before_or_at,0.0,complete_fixed_behavior_discounted_return_not_vpi,75.32227037485364,3.6649575233459473,3.6649575233459473,-71.6573128515077,71.6573128515077,5134.77048509885,71.6573128515077,"[0.242859,0.24963,0.067737,0.154159,0.285615]",0.285615,0.03598500000000002,4,1,1,1,False,False
control_raw_critic_target,sa_ghmappo,7,6,dev_03_state_02,49dc0c665e7c8d1673bc0818a98dec317568afa99b48ce13b276daf91fdf1003,dev_03,1,True,False,True,before_or_at,0.1,complete_fixed_behavior_discounted_return_not_vpi,75.2654274086768,3.666081428527832,3.666081428527832,-71.59934598014897,71.59934598014897,5126.466344785074,71.59934598014897,"[0.239606,0.24853,0.067261,0.154696,0.289907]",0.289907,0.041377000000000025,4,1,1,1,False,False
control_raw_critic_target,sa_ghmappo,7,6,dev_03_state_03,5c249417d557afb821d09652c2ced9028d3dd95a2292007d63fec0a2af97227d,dev_03,1,True,True,True,before_or_at,0.1,complete_fixed_behavior_discounted_return_not_vpi,75.2654274086768,3.66729736328125,3.66729736328125,-71.59813004539555,71.59813004539555,5126.292225997373,71.59813004539555,"[0.310401,0.0,0.086645,0.202135,0.400818]",0.400818,0.09041700000000003,4,1,4,4,True,False
control_raw_critic_target,sa_ghmappo,7,6,dev_03_state_04,f5f32654c6274248e0d209cab36df9f70fd51f283f1cd0807581b37e93a74a25,dev_03,2,False,False,True,before_or_at,0.2,complete_fixed_behavior_discounted_return_not_vpi,75.46738204163074,3.663395643234253,3.663395643234253,-71.80398639839649,71.80398639839649,5155.812462701108,71.80398639839649,"[0.242229,0.246825,0.06956,0.15185,0.289536]",0.289536,0.04271100000000003,4,1,1,1,False,False
control_raw_critic_target,sa_ghmappo,7,6,dev_03_state_05,6cc42ee25dea2b20e7ddf5c4193dae1de54521b21ce67836be05490494a0b931,dev_03,2,True,False,True,before_or_at,0.2,complete_fixed_behavior_discounted_return_not_vpi,75.22963452915576,3.6660542488098145,3.6660542488098145,-71.56358028034595,71.56358028034595,5121.346022541519,71.56358028034595,"[0.242541,0.249229,0.067822,0.153945,0.286462]",0.286462,0.03723299999999999,4,1,1,1,False,False
control_raw_critic_target,sa_ghmappo,7,6,dev_03_state_06,1217155fad78690dd6f9e30d323674dca8a13a10b95a50b6354593aed403e43d,dev_03,3,True,True,True,before_or_at,0.3,complete_fixed_behavior_discounted_return_not_vpi,75.17185584736579,3.667778491973877,3.667778491973877,-71.50407735539191,71.50407735539191,5112.83307844587,71.50407735539191,"[0.30985,0.0,0.087803,0.201316,0.401031]",0.401031,0.09118100000000001,4,1,4,4,True,False
control_raw_critic_target,sa_ghmappo,7,6,dev_03_state_07,c9b593dfc8699de434ab870b13435c9305897d412b8dedc394c04fd20511d413,dev_03,3,False,True,True,before_or_at,0.2,complete_fixed_behavior_discounted_return_not_vpi,75.22963452915576,3.6651244163513184,3.6651244163513184,-71.56451011280444,71.56451011280444,5121.479107685689,71.56451011280444,"[0.30783,0.0,0.090469,0.197449,0.404253]",0.404253,0.09642299999999998,4,1,4,4,True,False
control_raw_critic_target,sa_ghmappo,7,6,dev_03_state_08,6b17f75e0e3f5de80f49678d788da5519dddc9cc9bd584c0ee650b8d7219e7b6,dev_03,3,True,True,True,before_or_at,0.3,complete_fixed_behavior_discounted_return_not_vpi,75.4120048498658,3.667569160461426,3.667569160461426,-71.74443568940437,71.74443568940437,5147.2640523910795,71.74443568940437,"[0.309796,0.0,0.087308,0.201654,0.401242]",0.401242,0.09144599999999997,4,1,4,4,True,False
control_raw_critic_target,sa_ghmappo,7,6,dev_03_state_09,0ccde0ef6c389b7341f4f1ea7beb149b259aad13dd1630dab7db376142e1073a,dev_03,3,False,False,True,before_or_at,0.2,complete_fixed_behavior_discounted_return_not_vpi,75.46738204163074,3.6634440422058105,3.6634440422058105,-71.80393799942493,71.80393799942493,5155.80551222526,71.80393799942493,"[0.238868,0.246159,0.069649,0.15192,0.293405]",0.293405,0.04724600000000004,4,1,1,1,False,False
control_raw_critic_target,sa_ghmappo,7,6,dev_03_state_10,ebe2739e96e527d82f495d7e680acc3138491d2e16ff51c3923b53550c15ae25,dev_03,3,True,True,True,before_or_at,0.3,complete_fixed_behavior_discounted_return_not_vpi,74.92928109736579,3.6672792434692383,3.6672792434692383,-71.26200185389655,71.26200185389655,5078.272908224755,71.26200185389655,"[0.309199,0.0,0.087322,0.201365,0.402114]",0.402114,0.09291500000000003,4,1,4,4,True,False
control_raw_critic_target,sa_ghmappo,7,6,dev_03_state_11,6f4069e08051d555eb68fe1fc24e55e73bd96f49eec834dcd284e6fcc78d573c,dev_03,4,True,False,True,before_or_at,0.4,complete_fixed_behavior_discounted_return_not_vpi,75.39606346424462,3.6669223308563232,3.6669223308563232,-71.7291411333883,71.7291411333883,5145.069687733537,71.7291411333883,"[0.24274,0.249496,0.066172,0.155593,0.285999]",0.285999,0.03650300000000001,4,1,1,1,False,False
control_raw_critic_target,sa_ghmappo,7,6,dev_03_state_12,3280b55b15e26af81785ba01c8673bf4d36b50b213800bb4ae9d9639e7519111,dev_03,4,True,False,True,before_or_at,0.3,complete_fixed_behavior_discounted_return_not_vpi,74.92928109736579,3.666775703430176,3.666775703430176,-71.26250539393561,71.26250539393561,5078.344675020702,71.26250539393561,"[0.242594,0.249259,0.066659,0.155198,0.286291]",0.286291,0.03703200000000001,4,1,1,1,False,False
control_raw_critic_target,sa_ghmappo,17,18,dev_00_state_01,2cb31cda5fedadef13eb6ef29f9fb864a9636c64a8a0b599c358ab8e79aa2f2e,dev_00,0,True,False,True,before_or_at,0.0,complete_fixed_behavior_discounted_return_not_vpi,99.16542974483956,6.691187381744385,6.691187381744385,-92.47424236309517,92.47424236309517,8551.485500628465,92.47424236309517,"[0.302085,0.136709,0.070706,0.090097,0.400403]",0.400403,0.09831800000000002,4,0,0,0,False,False
control_raw_critic_target,sa_ghmappo,17,18,dev_00_state_02,4fe79a7d2f5b835a26cde6caefb444f6301c270d44971bde40489a612dd2b391,dev_00,1,True,False,True,before_or_at,0.14285714285714285,complete_fixed_behavior_discounted_return_not_vpi,99.43405463063405,6.691196918487549,6.691196918487549,-92.7428577121465,92.7428577121465,8601.237656615453,92.7428577121465,"[0.301778,0.136413,0.070816,0.090316,0.400677]",0.400677,0.09889900000000001,4,0,0,0,False,False
control_raw_critic_target,sa_ghmappo,17,18,dev_00_state_03,c47e6b288039285428aafce3d49684ca2d11b023896665b0b3daac8a9dcaa176,dev_00,1,True,True,True,before_or_at,0.14285714285714285,complete_fixed_behavior_discounted_return_not_vpi,99.43405463063405,6.691219329833984,6.691219329833984,-92.74283530080007,92.74283530080007,8601.233499631328,92.74283530080007,"[0.346727,0.0,0.08047,0.104013,0.468789]",0.468789,0.122062,4,0,0,0,False,False
control_raw_critic_target,sa_ghmappo,17,18,dev_00_state_04,db2399dc4a1846b64b81f411e0237050b1ffd324fd9a4bd78478baf6f2a1e9df,dev_00,2,False,True,True,before_or_at,0.2857142857142857,complete_fixed_behavior_discounted_return_not_vpi,99.63275207083052,6.691224575042725,6.691224575042725,-92.9415274957878,92.9415274957878,8638.12753325028,92.9415274957878,"[0.349447,0.0,0.080982,0.103153,0.466417]",0.466417,0.11697000000000002,4,0,0,0,False,False
control_raw_critic_target,sa_ghmappo,17,18,dev_00_state_05,b439a8ded6b7704f73b9af3aad6b5a11f4e642b89173768c49bca3fb2b8e11e1,dev_00,2,False,False,True,before_or_at,0.2857142857142857,complete_fixed_behavior_discounted_return_not_vpi,99.63275207083052,6.691129684448242,6.691129684448242,-92.94162238638228,92.94162238638228,8638.145171812876,92.94162238638228,"[0.302853,0.136997,0.071393,0.089433,0.399323]",0.399323,0.09647,4,0,0,0,False,False
control_raw_critic_target,sa_ghmappo,17,18,dev_00_state_06,05d5cb2b4cdc84a07f67d30b6d40026f1ae9404889525cd1fd230abd3ad151ac,dev_00,3,True,True,True,before_or_at,0.42857142857142855,complete_fixed_behavior_discounted_return_not_vpi,99.98305426895568,6.691318511962891,6.691318511962891,-93.2917357569928,93.2917357569928,8703.347960552568,93.2917357569928,"[0.347176,0.0,0.079634,0.103519,0.469671]",0.469671,0.12249500000000002,4,0,0,0,False,False
control_raw_critic_target,sa_ghmappo,17,18,dev_00_state_07,be44ebe79f69d66fa111d2fd9181f41a47efe8ab066cbd91663de162f21bfdca,dev_00,3,True,True,True,before_or_at,0.42857142857142855,complete_fixed_behavior_discounted_return_not_vpi,99.98305426895568,6.6913018226623535,6.6913018226623535,-93.29175244629333,93.29175244629333,8703.351074500477,93.29175244629333,"[0.347116,0.0,0.079769,0.103563,0.469552]",0.469552,0.12243600000000004,4,0,0,0,False,False
control_raw_critic_target,sa_ghmappo,17,18,dev_00_state_08,54b81637eaa22690c2f9140cabc601d934d118af96613f57981add5ac63c1553,dev_00,3,True,True,True,before_or_at,0.2857142857142857,complete_fixed_behavior_discounted_return_not_vpi,99.63275207083052,6.691300868988037,6.691300868988037,-92.94145120184248,92.94145120184248,8638.113351504468,92.94145120184248,"[0.347262,0.0,0.079706,0.103532,0.469499]",0.469499,0.12223699999999998,4,0,0,0,False,False
control_raw_critic_target,sa_ghmappo,17,18,dev_00_state_09,4c5424ef8068127f88abfde3c8019231c91f8960d17e43927afbffc74d0ef8a3,dev_00,3,False,True,True,before_or_at,0.42857142857142855,complete_fixed_behavior_discounted_return_not_vpi,99.98305426895568,6.691262245178223,6.691262245178223,-93.29179202377746,93.29179202377746,8703.358459007748,93.29179202377746,"[0.348183,0.0,0.080126,0.103533,0.468159]",0.468159,0.11997599999999997,4,0,0,0,False,False
control_raw_critic_target,sa_ghmappo,17,18,dev_00_state_10,56cb3633f940a0aa4754de669549dee3763dc62aa8d33e8feb481d858f69cc45,dev_00,3,False,True,True,before_or_at,0.42857142857142855,complete_fixed_behavior_discounted_return_not_vpi,99.98305426895568,6.691242694854736,6.691242694854736,-93.29181157410095,93.29181157410095,8703.362106777555,93.29181157410095,"[0.34812,0.0,0.080267,0.103577,0.468036]",0.468036,0.11991600000000002,4,0,0,0,False,False
control_raw_critic_target,sa_ghmappo,17,18,dev_00_state_11,616869b075de6c2da36a5545c9128137f476e5cb4f0ae4851e0c1b46d0deef42,dev_00,3,False,True,True,before_or_at,0.2857142857142857,complete_fixed_behavior_discounted_return_not_vpi,99.63275207083052,6.691245079040527,6.691245079040527,-92.94150699178999,92.94150699178999,8638.123721904949,92.94150699178999,"[0.348318,0.0,0.080199,0.103547,0.467936]",0.467936,0.119618,4,0,0,0,False,False
control_raw_critic_target,sa_ghmappo,17,18,dev_00_state_12,50772a9d479dd040bdfcd26f5a4e632848da15cc67dcf85fb3ae790c04749004,dev_00,4,True,True,True,before_or_at,0.5714285714285714,complete_fixed_behavior_discounted_return_not_vpi,100.22152414584981,6.691330432891846,6.691330432891846,-93.53019371295797,93.53019371295797,8747.897135983441,93.53019371295797,"[0.347046,0.0,0.079564,0.103564,0.469826]",0.469826,0.12278,4,0,0,0,False,False
control_raw_critic_target,sa_ghmappo,17,18,dev_01_state_01,a4bbd832c514e8ecb281380734580807ec9ec04ce04b6be662dd729667c979e5,dev_01,0,True,False,True,before_or_at,0.0,complete_fixed_behavior_discounted_return_not_vpi,75.65614047157035,6.69110631942749,6.69110631942749,-68.96503415214286,68.96503415214286,4756.175935606231,68.96503415214286,"[0.302659,0.137648,0.070673,0.088812,0.400208]",0.400208,0.097549,4,0,0,0,False,False
control_raw_critic_target,sa_ghmappo,17,18,dev_01_state_02,63fee8a32f4b1c8d4d78562135b7b123d9efca8ef1fd10c52757463ac3a4c28b,dev_01,1,True,False,True,before_or_at,0.125,complete_fixed_behavior_discounted_return_not_vpi,99.13967366563787,6.691112995147705,6.691112995147705,-92.44856067049017,92.44856067049017,8546.7363700453,92.44856067049017,"[0.302516,0.137459,0.070582,0.089029,0.400415]",0.400415,0.09789900000000001,4,0,0,0,False,False
control_raw_critic_target,sa_ghmappo,17,18,dev_01_state_03,c559429297df4987fbb22dd07eedba631d6c671c0ff9130cbe932ee596739c54,dev_01,1,True,True,True,before_or_at,0.125,complete_fixed_behavior_discounted_return_not_vpi,99.13967366563787,6.691181659698486,6.691181659698486,-92.44849200593939,92.44849200593939,8546.723674172239,92.44849200593939,"[0.348915,0.0,0.080055,0.102525,0.468505]",0.468505,0.11959000000000003,4,0,0,0,False,False
control_raw_critic_target,sa_ghmappo,17,18,dev_01_state_04,7358d67bd36c9a85cc6e8138adeb39b8726469ca30f20c1f0942cc3f76de4651,dev_01,2,True,False,True,before_or_at,0.25,complete_fixed_behavior_discounted_return_not_vpi,99.35350480891441,6.691127300262451,6.691127300262451,-92.66237750865196,92.66237750865196,8586.316205555928,92.66237750865196,"[0.302322,0.137488,0.070574,0.089056,0.400561]",0.400561,0.09823900000000002,4,0,0,0,False,False
control_raw_critic_target,sa_ghmappo,17,18,dev_01_state_05,0763b046fa0b532b554b052e7a0878b9d194acdb61a7240efa1f797b157b13db,dev_01,2,True,True,True,before_or_at,0.25,complete_fixed_behavior_discounted_return_not_vpi,99.35350480891441,6.691190242767334,6.691190242767334,-92.66231456614707,92.66231456614707,8586.304540755593,92.66231456614707,"[0.348709,0.0,0.080013,0.10262,0.468657]",0.468657,0.119948,4,0,0,0,False,False
control_raw_critic_target,sa_ghmappo,17,18,dev_01_state_06,fd2e5861fe027bcb3635018576d2d5ce1b9b63d2b09ed94737c380749ee87049,dev_01,3,False,True,True,before_or_at,0.375,complete_fixed_behavior_discounted_return_not_vpi,99.53944465087416,6.691131114959717,6.691131114959717,-92.84831353591444,92.84831353591444,8620.809326463474,92.84831353591444,"[0.350133,0.0,0.08089,0.101909,0.467068]",0.467068,0.11693499999999996,4,0,0,0,False,False
control_raw_critic_target,sa_ghmappo,17,18,dev_01_state_07,183ebb194b29cf885e5c212fd6e18171c5539439db50572f3120f6c0133c5049,dev_01,3,False,True,True,before_or_at,0.375,complete_fixed_behavior_discounted_return_not_vpi,99.53944465087416,6.6911211013793945,6.6911211013793945,-92.84832354949476,92.84832354949476,8620.811185951665,92.84832354949476,"[0.350226,0.0,0.080886,0.101959,0.466929]",0.466929,0.116703,4,0,0,0,False,False
control_raw_critic_target,sa_ghmappo,17,18,dev_01_state_08,d2bf64fb9b88e145885e5ed0f74f9f639967dd914d669e6f6d9e93f684a95a73,dev_01,4,True,True,True,before_or_at,0.5,complete_fixed_behavior_discounted_return_not_vpi,99.72721960667732,6.691258430480957,6.691258430480957,-93.03596117619637,93.03596117619637,8655.690071978717,93.03596117619637,"[0.348939,0.0,0.079346,0.102314,0.469402]",0.469402,0.12046299999999999,4,0,0,0,False,False
control_raw_critic_target,sa_ghmappo,17,18,dev_01_state_09,13fb32efb5dd998abdd32f46158b290acced91d28620d9d15377f2694497b912,dev_01,4,True,True,True,before_or_at,0.5,complete_fixed_behavior_discounted_return_not_vpi,99.72721960667732,6.691238880157471,6.691238880157471,-93.03598072651985,93.03598072651985,8655.693709745374,93.03598072651985,"[0.348884,0.0,0.079484,0.102352,0.46928]",0.46928,0.12039599999999995,4,0,0,0,False,False
control_raw_critic_target,sa_ghmappo,17,18,dev_01_state_10,501e02f271270613a795072dd11d6876f63160ede7c17cfbe7ee893e5b1aa82c,dev_01,4,True,True,True,before_or_at,0.375,complete_fixed_behavior_discounted_return_not_vpi,99.53944465087416,6.691226005554199,6.691226005554199,-92.84821864531996,92.84821864531996,8620.791705609141,92.84821864531996,"[0.348891,0.0,0.079449,0.102565,0.469095]",0.469095,0.12020399999999998,4,0,0,0,False,False
control_raw_critic_target,sa_ghmappo,17,18,dev_01_state_11,e0c6c2402de2864424b773d58c1fc72a6bc09419a54d0cbe2f5f07d795a22db3,dev_01,4,True,True,True,before_or_at,0.5,complete_fixed_behavior_discounted_return_not_vpi,99.72721960667732,6.691273212432861,6.691273212432861,-93.03594639424446,93.03594639424446,8655.68732147273,93.03594639424446,"[0.348971,0.0,0.079081,0.102425,0.469522]",0.469522,0.12055100000000002,4,0,0,0,False,False
control_raw_critic_target,sa_ghmappo,17,18,dev_01_state_12,87eae5e2295dff0be0c0317d62480330e70116056ccb6207b9f0f698ac011e38,dev_01,4,True,True,True,before_or_at,0.5,complete_fixed_behavior_discounted_return_not_vpi,99.72721960667732,6.691254138946533,6.691254138946533,-93.03596546773079,93.03596546773079,8655.690870512795,93.03596546773079,"[0.348919,0.0,0.079218,0.102464,0.469399]",0.469399,0.12048000000000003,4,0,0,0,False,False
control_raw_critic_target,sa_ghmappo,17,18,dev_02_state_01,aacd1cc47660f831ce532b266ce3478bb22e2c78d466e47472c937aafefcacfb,dev_02,0,True,False,True,before_or_at,0.0,complete_fixed_behavior_discounted_return_not_vpi,75.58016750117106,6.691098690032959,6.691098690032959,-68.8890688111381,68.8890688111381,4745.703801665721,68.8890688111381,"[0.303353,0.136715,0.070504,0.08884,0.400587]",0.400587,0.09723400000000004,4,0,0,0,False,False
control_raw_critic_target,sa_ghmappo,17,18,dev_02_state_02,65837e8c4e1042b18b8987e46d37b1081f660135fc906dde8659dd34bcb25e18,dev_02,1,True,False,True,before_or_at,0.2,complete_fixed_behavior_discounted_return_not_vpi,75.81651346531233,6.691030502319336,6.691030502319336,-69.12548296299299,69.12548296299299,4778.332394867034,69.12548296299299,"[0.30337,0.137094,0.070382,0.088803,0.400351]",0.400351,0.09698100000000004,4,0,0,0,False,False
control_raw_critic_target,sa_ghmappo,17,18,dev_02_state_03,788bd1c71ab6c0f94f77fdf24a1874af9e74d3c3e59586a4d8fd42a2d4a722a2,dev_02,1,True,True,True,before_or_at,0.2,complete_fixed_behavior_discounted_return_not_vpi,75.57148846531233,6.691112041473389,6.691112041473389,-68.88037642383894,68.88037642383894,4744.506256289747,68.88037642383894,"[0.349631,0.0,0.080553,0.102562,0.467254]",0.467254,0.11762299999999998,4,0,0,0,False,False
control_raw_critic_target,sa_ghmappo,17,18,dev_02_state_04,73424c66a5e9ad4241b9fb8e38cb02b30333c2e9611126a6c2f2661d805079c5,dev_02,2,True,True,True,before_or_at,0.4,complete_fixed_behavior_discounted_return_not_vpi,75.76470591996298,6.691213130950928,6.691213130950928,-69.07349278901205,69.07349278901205,4771.1474060737,69.07349278901205,"[0.348792,0.0,0.079884,0.102627,0.468697]",0.468697,0.11990499999999998,4,0,0,0,False,False
control_raw_critic_target,sa_ghmappo,17,18,dev_02_state_05,07a0c6f5a831ee8a70a2e4f82ae69cc5df3eb3540cdda40dc84dfab435b8d8ac,dev_02,2,False,True,True,before_or_at,0.4,complete_fixed_behavior_discounted_return_not_vpi,75.76470591996298,6.691136837005615,6.691136837005615,-69.07356908295736,69.07356908295736,4771.157945858084,69.07356908295736,"[0.348929,0.0,0.080637,0.102642,0.467792]",0.467792,0.118863,4,0,0,0,False,False
control_raw_critic_target,sa_ghmappo,17,18,dev_02_state_06,cd47e258d721757c11ea4050f051bb017e502287edeba848b9bb4aed7aa04c14,dev_02,3,True,True,True,before_or_at,0.6,complete_fixed_behavior_discounted_return_not_vpi,75.75848028252462,6.691207408905029,6.691207408905029,-69.06727287361959,69.06727287361959,4770.288182199028,69.06727287361959,"[0.349901,0.0,0.079805,0.102406,0.467887]",0.467887,0.11798599999999998,4,0,0,0,False,False
control_raw_critic_target,sa_ghmappo,17,18,dev_02_state_07,446e55a68c01f9b6b3d75b3584e53818ff209784976039bdb016348e222bb7bc,dev_02,3,False,True,True,before_or_at,0.6,complete_fixed_behavior_discounted_return_not_vpi,75.75848028252462,6.691085338592529,6.691085338592529,-69.06739494393209,69.06739494393209,4770.305044341096,69.06739494393209,"[0.350337,0.0,0.081398,0.101889,0.466375]",0.466375,0.11603799999999997,4,0,0,0,False,False
control_raw_critic_target,sa_ghmappo,17,18,dev_02_state_08,da66deba85e976a12ee91266832b3fe4996e44cc0333ff92fe0fb0072b304773,dev_02,3,False,True,True,before_or_at,0.4,complete_fixed_behavior_discounted_return_not_vpi,75.76470591996298,6.6910786628723145,6.6910786628723145,-69.07362725709066,69.07362725709066,4771.165982451498,69.07362725709066,"[0.350174,0.0,0.08156,0.10186,0.466407]",0.466407,0.11623300000000003,4,0,0,0,False,False
control_raw_critic_target,sa_ghmappo,17,18,dev_02_state_09,9b17e313c9c022b073c532cab790a8e4bbbfb88e37c386bc4de0316793e72b69,dev_02,4,True,False,True,before_or_at,0.8,complete_fixed_behavior_discounted_return_not_vpi,100.75270180026362,6.69115686416626,6.69115686416626,-94.06154493609736,94.06154493609736,8847.574235765464,94.06154493609736,"[0.302879,0.136717,0.070416,0.088574,0.401414]",0.401414,0.09853499999999998,4,0,0,0,False,False
control_raw_critic_target,sa_ghmappo,17,18,dev_02_state_10,e6a58b6c7a7e16fa45b8c640dbd4b125a27da61dec2113082cdfa830027b3bfb,dev_02,4,True,False,True,before_or_at,0.8,complete_fixed_behavior_discounted_return_not_vpi,75.75270180026362,6.691130638122559,6.691130638122559,-69.06157116214106,69.06157116214106,4769.500611383474,69.06157116214106,"[0.302835,0.136626,0.070584,0.088622,0.401332]",0.401332,0.098497,4,0,0,0,False,False
control_raw_critic_target,sa_ghmappo,17,18,dev_02_state_11,5fbcd355ad6ef625fe912c4a3485f5db6bcdb20e7b2dcdd955d3fe332063d473,dev_02,4,True,False,True,before_or_at,0.6,complete_fixed_behavior_discounted_return_not_vpi,75.75848028252462,6.691112995147705,6.691112995147705,-69.06736728737691,69.06736728737691,4770.301224009422,69.06736728737691,"[0.302627,0.13659,0.070587,0.088771,0.401425]",0.401425,0.098798,4,0,0,0,False,False
control_raw_critic_target,sa_ghmappo,17,18,dev_02_state_12,fdd3f8ff3f38604c74d277ed795fde0f3d9fa09eb963e4d8820de9b76534d356,dev_02,4,True,False,True,after,0.6,complete_fixed_behavior_discounted_return_not_vpi,100.50848028252462,6.691139221191406,6.691139221191406,-93.81734106133321,93.81734106133321,8801.693483818519,93.81734106133321,"[0.302678,0.136682,0.070417,0.088725,0.401496]",0.401496,0.09881800000000002,4,0,0,0,False,False
control_raw_critic_target,sa_ghmappo,17,18,dev_03_state_01,62750fc5f603af0e58fc56236599571502c69cfa558f3283ab10e1bc858471ae,dev_03,0,True,False,True,before_or_at,0.0,complete_fixed_behavior_discounted_return_not_vpi,75.32227037485364,6.691124439239502,6.691124439239502,-68.63114593561414,68.63114593561414,4710.234192435566,68.63114593561414,"[0.301956,0.135346,0.071085,0.089932,0.401681]",0.401681,0.09972500000000001,4,0,0,0,False,False
control_raw_critic_target,sa_ghmappo,17,18,dev_03_state_02,49dc0c665e7c8d1673bc0818a98dec317568afa99b48ce13b276daf91fdf1003,dev_03,1,True,False,True,before_or_at,0.1,complete_fixed_behavior_discounted_return_not_vpi,75.2654274086768,6.6910834312438965,6.6910834312438965,-68.5743439774329,68.5743439774329,4702.440651935288,68.5743439774329,"[0.301986,0.135958,0.070908,0.090075,0.401073]",0.401073,0.09908700000000004,4,0,0,0,False,False
control_raw_critic_target,sa_ghmappo,17,18,dev_03_state_03,5c249417d557afb821d09652c2ced9028d3dd95a2292007d63fec0a2af97227d,dev_03,1,True,True,True,before_or_at,0.1,complete_fixed_behavior_discounted_return_not_vpi,75.2654274086768,6.691185474395752,6.691185474395752,-68.57424193428105,68.57424193428105,4702.426656861309,68.57424193428105,"[0.348311,0.0,0.080635,0.103782,0.467271]",0.467271,0.11896000000000001,4,0,0,0,False,False
control_raw_critic_target,sa_ghmappo,17,18,dev_03_state_04,f5f32654c6274248e0d209cab36df9f70fd51f283f1cd0807581b37e93a74a25,dev_03,2,False,False,True,before_or_at,0.2,complete_fixed_behavior_discounted_return_not_vpi,75.46738204163074,6.691083908081055,6.691083908081055,-68.77629813354969,68.77629813354969,4730.17918495491,68.77629813354969,"[0.302243,0.135053,0.071766,0.090061,0.400877]",0.400877,0.098634,4,0,0,0,False,False
control_raw_critic_target,sa_ghmappo,17,18,dev_03_state_05,6cc42ee25dea2b20e7ddf5c4193dae1de54521b21ce67836be05490494a0b931,dev_03,2,True,False,True,before_or_at,0.2,complete_fixed_behavior_discounted_return_not_vpi,75.22963452915576,6.691203594207764,6.691203594207764,-68.538430934948,68.538430934948,4697.516515024637,68.538430934948,"[0.301063,0.135216,0.07102,0.09016,0.402541]",0.402541,0.10147799999999996,4,0,0,0,False,False
control_raw_critic_target,sa_ghmappo,17,18,dev_03_state_06,1217155fad78690dd6f9e30d323674dca8a13a10b95a50b6354593aed403e43d,dev_03,3,True,True,True,before_or_at,0.3,complete_fixed_behavior_discounted_return_not_vpi,75.17185584736579,6.691269397735596,6.691269397735596,-68.4805864496302,68.4805864496302,4689.590720485275,68.4805864496302,"[0.346456,0.0,0.080273,0.104161,0.469111]",0.469111,0.12265500000000001,4,0,0,0,False,False
control_raw_critic_target,sa_ghmappo,17,18,dev_03_state_07,c9b593dfc8699de434ab870b13435c9305897d412b8dedc394c04fd20511d413,dev_03,3,False,True,True,before_or_at,0.2,complete_fixed_behavior_discounted_return_not_vpi,75.22963452915576,6.691152572631836,6.691152572631836,-68.53848195652392,68.53848195652392,4697.5235089047555,68.53848195652392,"[0.348844,0.0,0.08206,0.103746,0.465349]",0.465349,0.11650500000000003,4,0,0,0,False,False
control_raw_critic_target,sa_ghmappo,17,18,dev_03_state_08,6b17f75e0e3f5de80f49678d788da5519dddc9cc9bd584c0ee650b8d7219e7b6,dev_03,3,True,True,True,before_or_at,0.3,complete_fixed_behavior_discounted_return_not_vpi,75.4120048498658,6.691236972808838,6.691236972808838,-68.72076787705696,68.72076787705696,4722.543937612343,68.72076787705696,"[0.346939,0.0,0.080375,0.10416,0.468526]",0.468526,0.121587,4,0,0,0,False,False
control_raw_critic_target,sa_ghmappo,17,18,dev_03_state_09,0ccde0ef6c389b7341f4f1ea7beb149b259aad13dd1630dab7db376142e1073a,dev_03,3,False,False,True,before_or_at,0.2,complete_fixed_behavior_discounted_return_not_vpi,75.46738204163074,6.691051959991455,6.691051959991455,-68.77633008163929,68.77633008163929,4730.183579498601,68.77633008163929,"[0.302478,0.135724,0.071974,0.08992,0.399905]",0.399905,0.09742699999999999,4,0,0,0,False,False
control_raw_critic_target,sa_ghmappo,17,18,dev_03_state_10,ebe2739e96e527d82f495d7e680acc3138491d2e16ff51c3923b53550c15ae25,dev_03,3,True,True,True,before_or_at,0.3,complete_fixed_behavior_discounted_return_not_vpi,74.92928109736579,6.691281795501709,6.691281795501709,-68.23799930186408,68.23799930186408,4656.424548721203,68.23799930186408,"[0.347353,0.0,0.080088,0.104011,0.468549]",0.468549,0.12119599999999997,4,0,0,0,False,False
control_raw_critic_target,sa_ghmappo,17,18,dev_03_state_11,6f4069e08051d555eb68fe1fc24e55e73bd96f49eec834dcd284e6fcc78d573c,dev_03,4,True,False,True,before_or_at,0.4,complete_fixed_behavior_discounted_return_not_vpi,75.39606346424462,6.691178321838379,6.691178321838379,-68.70488514240624,68.70488514240624,4720.361242431234,68.70488514240624,"[0.301229,0.13517,0.07098,0.090132,0.402488]",0.402488,0.10125899999999999,4,0,0,0,False,False
control_raw_critic_target,sa_ghmappo,17,18,dev_03_state_12,3280b55b15e26af81785ba01c8673bf4d36b50b213800bb4ae9d9639e7519111,dev_03,4,True,False,True,before_or_at,0.3,complete_fixed_behavior_discounted_return_not_vpi,74.92928109736579,6.691219329833984,6.691219329833984,-68.2380617675318,68.2380617675318,4656.433073789485,68.2380617675318,"[0.30083,0.135359,0.070837,0.089953,0.403021]",0.403021,0.10219100000000003,4,0,0,0,False,False
control_raw_critic_target,sa_ghmappo,29,12,dev_00_state_01,2cb31cda5fedadef13eb6ef29f9fb864a9636c64a8a0b599c358ab8e79aa2f2e,dev_00,0,True,False,True,before_or_at,0.0,complete_fixed_behavior_discounted_return_not_vpi,99.16542974483956,5.257999420166016,5.257999420166016,-93.90743032467354,93.90743032467354,8818.605470183416,93.90743032467354,"[0.112461,0.056699,0.019419,0.225128,0.586293]",0.586293,0.36116499999999996,4,4,4,4,False,False
control_raw_critic_target,sa_ghmappo,29,12,dev_00_state_02,4fe79a7d2f5b835a26cde6caefb444f6301c270d44971bde40489a612dd2b391,dev_00,1,True,False,True,before_or_at,0.14285714285714285,complete_fixed_behavior_discounted_return_not_vpi,99.43405463063405,5.257983207702637,5.257983207702637,-94.17607142293141,94.17607142293141,8869.13242865708,94.17607142293141,"[0.112958,0.056628,0.019467,0.225617,0.58533]",0.58533,0.359713,4,4,4,4,False,False
control_raw_critic_target,sa_ghmappo,29,12,dev_00_state_03,c47e6b288039285428aafce3d49684ca2d11b023896665b0b3daac8a9dcaa176,dev_00,1,True,True,True,before_or_at,0.14285714285714285,complete_fixed_behavior_discounted_return_not_vpi,99.43405463063405,5.258088111877441,5.258088111877441,-94.17596651875661,94.17596651875661,8869.112669741966,94.17596651875661,"[0.114706,0.0,0.020146,0.232421,0.632727]",0.632727,0.40030600000000005,4,4,4,4,False,False
control_raw_critic_target,sa_ghmappo,29,12,dev_00_state_04,db2399dc4a1846b64b81f411e0237050b1ffd324fd9a4bd78478baf6f2a1e9df,dev_00,2,False,True,True,before_or_at,0.2857142857142857,complete_fixed_behavior_discounted_return_not_vpi,99.63275207083052,5.258065223693848,5.258065223693848,-94.37468684713667,94.37468684713667,8906.581517495111,94.37468684713667,"[0.11532,0.0,0.019969,0.232263,0.632448]",0.632448,0.400185,4,4,4,4,False,False
control_raw_critic_target,sa_ghmappo,29,12,dev_00_state_05,b439a8ded6b7704f73b9af3aad6b5a11f4e642b89173768c49bca3fb2b8e11e1,dev_00,2,False,False,True,before_or_at,0.2857142857142857,complete_fixed_behavior_discounted_return_not_vpi,99.63275207083052,5.257840156555176,5.257840156555176,-94.37491191427534,94.37491191427534,8906.62399882723,94.37491191427534,"[0.114363,0.056772,0.019446,0.226319,0.5831]",0.5831,0.35678099999999996,4,4,4,4,False,False
control_raw_critic_target,sa_ghmappo,29,12,dev_00_state_06,05d5cb2b4cdc84a07f67d30b6d40026f1ae9404889525cd1fd230abd3ad151ac,dev_00,3,True,True,True,before_or_at,0.42857142857142855,complete_fixed_behavior_discounted_return_not_vpi,99.98305426895568,5.2581610679626465,5.2581610679626465,-94.72489320099304,94.72489320099304,8972.805391939537,94.72489320099304,"[0.114478,0.0,0.020128,0.231485,0.633909]",0.633909,0.40242399999999995,4,4,4,4,False,False
control_raw_critic_target,sa_ghmappo,29,12,dev_00_state_07,be44ebe79f69d66fa111d2fd9181f41a47efe8ab066cbd91663de162f21bfdca,dev_00,3,True,True,True,before_or_at,0.42857142857142855,complete_fixed_behavior_discounted_return_not_vpi,99.98305426895568,5.258115291595459,5.258115291595459,-94.72493897736022,94.72493897736022,8972.814064264618,94.72493897736022,"[0.114601,0.0,0.020146,0.231563,0.63369]",0.63369,0.402127,4,4,4,4,False,False
control_raw_critic_target,sa_ghmappo,29,12,dev_00_state_08,54b81637eaa22690c2f9140cabc601d934d118af96613f57981add5ac63c1553,dev_00,3,True,True,True,before_or_at,0.2857142857142857,complete_fixed_behavior_discounted_return_not_vpi,99.63275207083052,5.2581281661987305,5.2581281661987305,-94.37462390463179,94.37462390463179,8906.569637140698,94.37462390463179,"[0.11439,0.0,0.020117,0.231352,0.634142]",0.634142,0.40279,4,4,4,4,False,False
control_raw_critic_target,sa_ghmappo,29,12,dev_00_state_09,4c5424ef8068127f88abfde3c8019231c91f8960d17e43927afbffc74d0ef8a3,dev_00,3,False,True,True,before_or_at,0.42857142857142855,complete_fixed_behavior_discounted_return_not_vpi,99.98305426895568,5.2581024169921875,5.2581024169921875,-94.7249518519635,94.7249518519635,8972.816503356802,94.7249518519635,"[0.115134,0.0,0.019889,0.231915,0.633063]",0.633063,0.40114800000000006,4,4,4,4,False,False
control_raw_critic_target,sa_ghmappo,29,12,dev_00_state_10,56cb3633f940a0aa4754de669549dee3763dc62aa8d33e8feb481d858f69cc45,dev_00,3,False,True,True,before_or_at,0.42857142857142855,complete_fixed_behavior_discounted_return_not_vpi,99.98305426895568,5.258052825927734,5.258052825927734,-94.72500144302795,94.72500144302795,8972.825898381647,94.72500144302795,"[0.115264,0.0,0.019906,0.231996,0.632834]",0.632834,0.400838,4,4,4,4,False,False
control_raw_critic_target,sa_ghmappo,29,12,dev_00_state_11,616869b075de6c2da36a5545c9128137f476e5cb4f0ae4851e0c1b46d0deef42,dev_00,3,False,True,True,before_or_at,0.2857142857142857,complete_fixed_behavior_discounted_return_not_vpi,99.63275207083052,5.258057117462158,5.258057117462158,-94.37469495336836,94.37469495336836,8906.583047541331,94.37469495336836,"[0.115087,0.0,0.019888,0.231832,0.633193]",0.633193,0.40136099999999997,4,4,4,4,False,False
control_raw_critic_target,sa_ghmappo,29,12,dev_00_state_12,50772a9d479dd040bdfcd26f5a4e632848da15cc67dcf85fb3ae790c04749004,dev_00,4,True,True,True,before_or_at,0.5714285714285714,complete_fixed_behavior_discounted_return_not_vpi,100.22152414584981,5.258196830749512,5.258196830749512,-94.9633273151003,94.9633273151003,9018.033534754875,94.9633273151003,"[0.114453,0.0,0.020002,0.231885,0.633661]",0.633661,0.401776,4,4,4,4,False,False
control_raw_critic_target,sa_ghmappo,29,12,dev_01_state_01,a4bbd832c514e8ecb281380734580807ec9ec04ce04b6be662dd729667c979e5,dev_01,0,True,False,True,before_or_at,0.0,complete_fixed_behavior_discounted_return_not_vpi,75.65614047157035,5.25779914855957,5.25779914855957,-70.39834132301078,70.39834132301078,4955.9264610311275,70.39834132301078,"[0.112296,0.057321,0.019481,0.223581,0.587321]",0.587321,0.36373999999999995,4,4,4,4,False,False
control_raw_critic_target,sa_ghmappo,29,12,dev_01_state_02,63fee8a32f4b1c8d4d78562135b7b123d9efca8ef1fd10c52757463ac3a4c28b,dev_01,1,True,False,True,before_or_at,0.125,complete_fixed_behavior_discounted_return_not_vpi,99.13967366563787,5.257781028747559,5.257781028747559,-93.88189263689031,93.88189263689031,8813.8097650846,93.88189263689031,"[0.112654,0.057318,0.019444,0.223901,0.586684]",0.586684,0.36278299999999997,4,4,4,4,False,False
control_raw_critic_target,sa_ghmappo,29,12,dev_01_state_03,c559429297df4987fbb22dd07eedba631d6c671c0ff9130cbe932ee596739c54,dev_01,1,True,True,True,before_or_at,0.125,complete_fixed_behavior_discounted_return_not_vpi,99.13967366563787,5.257979393005371,5.257979393005371,-93.8816942726325,93.8816942726325,8813.772519500038,93.8816942726325,"[0.114111,0.0,0.020034,0.230335,0.63552]",0.63552,0.40518499999999996,4,4,4,4,False,False
control_raw_critic_target,sa_ghmappo,29,12,dev_01_state_04,7358d67bd36c9a85cc6e8138adeb39b8726469ca30f20c1f0942cc3f76de4651,dev_01,2,True,False,True,before_or_at,0.25,complete_fixed_behavior_discounted_return_not_vpi,99.35350480891441,5.257786750793457,5.257786750793457,-94.09571805812095,94.09571805812095,8854.004156873389,94.09571805812095,"[0.112769,0.057312,0.019455,0.224105,0.586358]",0.586358,0.36225300000000005,4,4,4,4,False,False
control_raw_critic_target,sa_ghmappo,29,12,dev_01_state_05,0763b046fa0b532b554b052e7a0878b9d194acdb61a7240efa1f797b157b13db,dev_01,2,True,True,True,before_or_at,0.25,complete_fixed_behavior_discounted_return_not_vpi,99.35350480891441,5.257974147796631,5.257974147796631,-94.09553066111778,94.09553066111778,8853.968890397357,94.09553066111778,"[0.114282,0.0,0.020052,0.230529,0.635137]",0.635137,0.40460799999999997,4,4,4,4,False,False
control_raw_critic_target,sa_ghmappo,29,12,dev_01_state_06,fd2e5861fe027bcb3635018576d2d5ce1b9b63d2b09ed94737c380749ee87049,dev_01,3,False,True,True,before_or_at,0.375,complete_fixed_behavior_discounted_return_not_vpi,99.53944465087416,5.257855415344238,5.257855415344238,-94.28158923552992,94.28158923552992,8889.018068777192,94.28158923552992,"[0.11515,0.0,0.019966,0.230897,0.633988]",0.633988,0.403091,4,4,4,4,False,False
control_raw_critic_target,sa_ghmappo,29,12,dev_01_state_07,183ebb194b29cf885e5c212fd6e18171c5539439db50572f3120f6c0133c5049,dev_01,3,False,True,True,before_or_at,0.375,complete_fixed_behavior_discounted_return_not_vpi,99.53944465087416,5.257881164550781,5.257881164550781,-94.28156348632338,94.28156348632338,8889.013213425626,94.28156348632338,"[0.115092,0.0,0.020002,0.23092,0.633986]",0.633986,0.40306600000000004,4,4,4,4,False,False
control_raw_critic_target,sa_ghmappo,29,12,dev_01_state_08,d2bf64fb9b88e145885e5ed0f74f9f639967dd914d669e6f6d9e93f684a95a73,dev_01,4,True,True,True,before_or_at,0.5,complete_fixed_behavior_discounted_return_not_vpi,99.72721960667732,5.258011817932129,5.258011817932129,-94.4692077887452,94.4692077887452,8924.431220233115,94.4692077887452,"[0.113965,0.0,0.020161,0.229464,0.63641]",0.63641,0.40694600000000003,4,4,4,4,False,False
control_raw_critic_target,sa_ghmappo,29,12,dev_01_state_09,13fb32efb5dd998abdd32f46158b290acced91d28620d9d15377f2694497b912,dev_01,4,True,True,True,before_or_at,0.5,complete_fixed_behavior_discounted_return_not_vpi,99.72721960667732,5.257959842681885,5.257959842681885,-94.46925976399544,94.46925976399544,8924.441040357247,94.46925976399544,"[0.114097,0.0,0.02018,0.229539,0.636183]",0.636183,0.40664400000000006,4,4,4,4,False,False
control_raw_critic_target,sa_ghmappo,29,12,dev_01_state_10,501e02f271270613a795072dd11d6876f63160ede7c17cfbe7ee893e5b1aa82c,dev_01,4,True,True,True,before_or_at,0.375,complete_fixed_behavior_discounted_return_not_vpi,99.53944465087416,5.257932662963867,5.257932662963867,-94.28151198791029,94.28151198791029,8889.003502726473,94.28151198791029,"[0.114179,0.0,0.020142,0.229585,0.636094]",0.636094,0.406509,4,4,4,4,False,False
control_raw_critic_target,sa_ghmappo,29,12,dev_01_state_11,e0c6c2402de2864424b773d58c1fc72a6bc09419a54d0cbe2f5f07d795a22db3,dev_01,4,True,True,True,before_or_at,0.5,complete_fixed_behavior_discounted_return_not_vpi,99.72721960667732,5.258066654205322,5.258066654205322,-94.469152952472,94.469152952472,8924.42085955755,94.469152952472,"[0.11373,0.0,0.019912,0.229551,0.636808]",0.636808,0.40725700000000004,4,4,4,4,False,False
control_raw_critic_target,sa_ghmappo,29,12,dev_01_state_12,87eae5e2295dff0be0c0317d62480330e70116056ccb6207b9f0f698ac011e38,dev_01,4,True,True,True,before_or_at,0.5,complete_fixed_behavior_discounted_return_not_vpi,99.72721960667732,5.258016109466553,5.258016109466553,-94.46920349721077,94.46920349721077,8924.43040939742,94.46920349721077,"[0.11386,0.0,0.01993,0.229627,0.636583]",0.636583,0.406956,4,4,4,4,False,False
control_raw_critic_target,sa_ghmappo,29,12,dev_02_state_01,aacd1cc47660f831ce532b266ce3478bb22e2c78d466e47472c937aafefcacfb,dev_02,0,True,False,True,before_or_at,0.0,complete_fixed_behavior_discounted_return_not_vpi,75.58016750117106,5.25755500793457,5.25755500793457,-70.32261249323649,70.32261249323649,4945.269827873901,70.32261249323649,"[0.11333,0.057995,0.019607,0.224783,0.584286]",0.584286,0.35950299999999996,4,4,4,4,False,False
control_raw_critic_target,sa_ghmappo,29,12,dev_02_state_02,65837e8c4e1042b18b8987e46d37b1081f660135fc906dde8659dd34bcb25e18,dev_02,1,True,False,True,before_or_at,0.2,complete_fixed_behavior_discounted_return_not_vpi,75.81651346531233,5.257506370544434,5.257506370544434,-70.55900709476789,70.55900709476789,4978.573482199506,70.55900709476789,"[0.113642,0.05791,0.01953,0.224792,0.584127]",0.584127,0.35933499999999996,4,4,4,4,False,False
control_raw_critic_target,sa_ghmappo,29,12,dev_02_state_03,788bd1c71ab6c0f94f77fdf24a1874af9e74d3c3e59586a4d8fd42a2d4a722a2,dev_02,1,True,True,True,before_or_at,0.2,complete_fixed_behavior_discounted_return_not_vpi,75.57148846531233,5.257843017578125,5.257843017578125,-70.3136454477342,70.3136454477342,4944.008736149673,70.3136454477342,"[0.114713,0.0,0.020214,0.231403,0.63367]",0.63367,0.40226699999999993,4,4,4,4,False,False
control_raw_critic_target,sa_ghmappo,29,12,dev_02_state_04,73424c66a5e9ad4241b9fb8e38cb02b30333c2e9611126a6c2f2661d805079c5,dev_02,2,True,True,True,before_or_at,0.4,complete_fixed_behavior_discounted_return_not_vpi,75.76470591996298,5.257853984832764,5.257853984832764,-70.50685193513021,70.50685193513021,4971.216169802376,70.50685193513021,"[0.114716,0.0,0.020253,0.230148,0.634883]",0.634883,0.40473499999999996,4,4,4,4,False,False
control_raw_critic_target,sa_ghmappo,29,12,dev_02_state_05,07a0c6f5a831ee8a70a2e4f82ae69cc5df3eb3540cdda40dc84dfab435b8d8ac,dev_02,2,False,True,True,before_or_at,0.4,complete_fixed_behavior_discounted_return_not_vpi,75.76470591996298,5.257687091827393,5.257687091827393,-70.50701882813559,70.50701882813559,4971.239704031066,70.50701882813559,"[0.11587,0.0,0.020084,0.231105,0.632941]",0.632941,0.40183599999999997,4,4,4,4,False,False
control_raw_critic_target,sa_ghmappo,29,12,dev_02_state_06,cd47e258d721757c11ea4050f051bb017e502287edeba848b9bb4aed7aa04c14,dev_02,3,True,True,True,before_or_at,0.6,complete_fixed_behavior_discounted_return_not_vpi,75.75848028252462,5.257858753204346,5.257858753204346,-70.50062152932027,70.50062152932027,4970.337636020457,70.50062152932027,"[0.114475,0.0,0.020128,0.23052,0.634878]",0.634878,0.40435800000000005,4,4,4,4,False,False
control_raw_critic_target,sa_ghmappo,29,12,dev_02_state_07,446e55a68c01f9b6b3d75b3584e53818ff209784976039bdb016348e222bb7bc,dev_02,3,False,True,True,before_or_at,0.6,complete_fixed_behavior_discounted_return_not_vpi,75.75848028252462,5.257627487182617,5.257627487182617,-70.500852795342,70.500852795342,4970.370244870482,70.500852795342,"[0.115926,0.0,0.020147,0.231531,0.632396]",0.632396,0.40086499999999997,4,4,4,4,False,False
control_raw_critic_target,sa_ghmappo,29,12,dev_02_state_08,da66deba85e976a12ee91266832b3fe4996e44cc0333ff92fe0fb0072b304773,dev_02,3,False,True,True,before_or_at,0.4,complete_fixed_behavior_discounted_return_not_vpi,75.76470591996298,5.2576212882995605,5.2576212882995605,-70.50708463166342,70.50708463166342,4971.248983256548,70.50708463166342,"[0.116017,0.0,0.020177,0.231489,0.632317]",0.632317,0.400828,4,4,4,4,False,False
control_raw_critic_target,sa_ghmappo,29,12,dev_02_state_09,9b17e313c9c022b073c532cab790a8e4bbbfb88e37c386bc4de0316793e72b69,dev_02,4,True,False,True,before_or_at,0.8,complete_fixed_behavior_discounted_return_not_vpi,100.75270180026362,5.257630348205566,5.257630348205566,-95.49507145205806,95.49507145205806,9119.308671633673,95.49507145205806,"[0.113687,0.058024,0.020066,0.22507,0.583154]",0.583154,0.35808399999999996,4,4,4,4,False,False
control_raw_critic_target,sa_ghmappo,29,12,dev_02_state_10,e6a58b6c7a7e16fa45b8c640dbd4b125a27da61dec2113082cdfa830027b3bfb,dev_02,4,True,False,True,before_or_at,0.8,complete_fixed_behavior_discounted_return_not_vpi,75.75270180026362,5.257505416870117,5.257505416870117,-70.4951963833935,70.4951963833935,4969.572713133217,70.4951963833935,"[0.113961,0.058113,0.020107,0.2252,0.582619]",0.582619,0.357419,4,4,4,4,False,False
control_raw_critic_target,sa_ghmappo,29,12,dev_02_state_11,5fbcd355ad6ef625fe912c4a3485f5db6bcdb20e7b2dcdd955d3fe332063d473,dev_02,4,True,False,True,before_or_at,0.6,complete_fixed_behavior_discounted_return_not_vpi,75.75848028252462,5.257458686828613,5.257458686828613,-70.501021595696,70.501021595696,4970.394046036794,70.501021595696,"[0.113876,0.0581,0.019779,0.224865,0.583381]",0.583381,0.35851600000000006,4,4,4,4,False,False
control_raw_critic_target,sa_ghmappo,29,12,dev_02_state_12,fdd3f8ff3f38604c74d277ed795fde0f3d9fa09eb963e4d8820de9b76534d356,dev_02,4,True,False,True,after,0.6,complete_fixed_behavior_discounted_return_not_vpi,100.50848028252462,5.257586479187012,5.257586479187012,-95.2508938033376,95.2508938033376,9072.732770334698,95.2508938033376,"[0.1136,0.058009,0.01974,0.224739,0.583912]",0.583912,0.35917299999999996,4,4,4,4,False,False
control_raw_critic_target,sa_ghmappo,29,12,dev_03_state_01,62750fc5f603af0e58fc56236599571502c69cfa558f3283ab10e1bc858471ae,dev_03,0,True,False,True,before_or_at,0.0,complete_fixed_behavior_discounted_return_not_vpi,75.32227037485364,5.2575531005859375,5.2575531005859375,-70.06471727426771,70.06471727426771,4909.064606723067,70.06471727426771,"[0.114959,0.058037,0.019874,0.227399,0.579731]",0.579731,0.352332,4,4,4,4,False,False
control_raw_critic_target,sa_ghmappo,29,12,dev_03_state_02,49dc0c665e7c8d1673bc0818a98dec317568afa99b48ce13b276daf91fdf1003,dev_03,1,True,False,True,before_or_at,0.1,complete_fixed_behavior_discounted_return_not_vpi,75.2654274086768,5.257562637329102,5.257562637329102,-70.0078647713477,70.0078647713477,4901.101129843306,70.0078647713477,"[0.11493,0.057846,0.019713,0.227438,0.580074]",0.580074,0.35263599999999995,4,4,4,4,False,False
control_raw_critic_target,sa_ghmappo,29,12,dev_03_state_03,5c249417d557afb821d09652c2ced9028d3dd95a2292007d63fec0a2af97227d,dev_03,1,True,True,True,before_or_at,0.1,complete_fixed_behavior_discounted_return_not_vpi,75.2654274086768,5.257965087890625,5.257965087890625,-70.00746232078617,70.00746232078617,4901.044780596296,70.00746232078617,"[0.115288,0.0,0.020166,0.232859,0.631688]",0.631688,0.398829,4,4,4,4,False,False
control_raw_critic_target,sa_ghmappo,29,12,dev_03_state_04,f5f32654c6274248e0d209cab36df9f70fd51f283f1cd0807581b37e93a74a25,dev_03,2,False,False,True,before_or_at,0.2,complete_fixed_behavior_discounted_return_not_vpi,75.46738204163074,5.257218360900879,5.257218360900879,-70.21016368072986,70.21016368072986,4929.467084074879,70.21016368072986,"[0.117011,0.058288,0.019786,0.22881,0.576105]",0.576105,0.34729499999999996,4,4,4,4,False,False
control_raw_critic_target,sa_ghmappo,29,12,dev_03_state_05,6cc42ee25dea2b20e7ddf5c4193dae1de54521b21ce67836be05490494a0b931,dev_03,2,True,False,True,before_or_at,0.2,complete_fixed_behavior_discounted_return_not_vpi,75.22963452915576,5.257702350616455,5.257702350616455,-69.9719321785393,69.9719321785393,4896.071292798104,69.9719321785393,"[0.114694,0.057784,0.019712,0.227948,0.579862]",0.579862,0.35191399999999995,4,4,4,4,False,False
control_raw_critic_target,sa_ghmappo,29,12,dev_03_state_06,1217155fad78690dd6f9e30d323674dca8a13a10b95a50b6354593aed403e43d,dev_03,3,True,True,True,before_or_at,0.3,complete_fixed_behavior_discounted_return_not_vpi,75.17185584736579,5.257938385009766,5.257938385009766,-69.91391746235603,69.91391746235603,4887.9558549331305,69.91391746235603,"[0.116234,0.0,0.020391,0.23399,0.629386]",0.629386,0.39539599999999997,4,4,4,4,False,False
control_raw_critic_target,sa_ghmappo,29,12,dev_03_state_07,c9b593dfc8699de434ab870b13435c9305897d412b8dedc394c04fd20511d413,dev_03,3,False,True,True,before_or_at,0.2,complete_fixed_behavior_discounted_return_not_vpi,75.22963452915576,5.257753372192383,5.257753372192383,-69.97188115696338,69.97188115696338,4896.064152644207,69.97188115696338,"[0.116464,0.0,0.020189,0.233439,0.629909]",0.629909,0.39647000000000004,4,4,4,4,False,False
control_raw_critic_target,sa_ghmappo,29,12,dev_03_state_08,6b17f75e0e3f5de80f49678d788da5519dddc9cc9bd584c0ee650b8d7219e7b6,dev_03,3,True,True,True,before_or_at,0.3,complete_fixed_behavior_discounted_return_not_vpi,75.4120048498658,5.25784158706665,5.25784158706665,-70.15416326279914,70.15416326279914,4921.606623103477,70.15416326279914,"[0.116598,0.0,0.020622,0.233738,0.629042]",0.629042,0.395304,4,4,4,4,False,False
control_raw_critic_target,sa_ghmappo,29,12,dev_03_state_09,0ccde0ef6c389b7341f4f1ea7beb149b259aad13dd1630dab7db376142e1073a,dev_03,3,False,False,True,before_or_at,0.2,complete_fixed_behavior_discounted_return_not_vpi,75.46738204163074,5.257230758666992,5.257230758666992,-70.21015128296375,70.21015128296375,4929.4653431766565,70.21015128296375,"[0.116902,0.058184,0.019808,0.228736,0.57637]",0.57637,0.34763400000000005,4,4,4,4,False,False
control_raw_critic_target,sa_ghmappo,29,12,dev_03_state_10,ebe2739e96e527d82f495d7e680acc3138491d2e16ff51c3923b53550c15ae25,dev_03,3,True,True,True,before_or_at,0.3,complete_fixed_behavior_discounted_return_not_vpi,74.92928109736579,5.2580156326293945,5.2580156326293945,-69.6712654647364,69.6712654647364,4854.08523145777,69.6712654647364,"[0.115063,0.0,0.020258,0.232517,0.632162]",0.632162,0.39964500000000003,4,4,4,4,False,False
control_raw_critic_target,sa_ghmappo,29,12,dev_03_state_11,6f4069e08051d555eb68fe1fc24e55e73bd96f49eec834dcd284e6fcc78d573c,dev_03,4,True,False,True,before_or_at,0.4,complete_fixed_behavior_discounted_return_not_vpi,75.39606346424462,5.257640838623047,5.257640838623047,-70.13842262562157,70.13842262562157,4919.398328410304,70.13842262562157,"[0.115259,0.057808,0.020149,0.227254,0.57953]",0.57953,0.352276,4,4,4,4,False,False
control_raw_critic_target,sa_ghmappo,29,12,dev_03_state_12,3280b55b15e26af81785ba01c8673bf4d36b50b213800bb4ae9d9639e7519111,dev_03,4,True,False,True,before_or_at,0.3,complete_fixed_behavior_discounted_return_not_vpi,74.92928109736579,5.257692337036133,5.257692337036133,-69.67158876032966,69.67158876032966,4854.130280388494,69.67158876032966,"[0.11476,0.057721,0.019925,0.227389,0.580204]",0.580204,0.35281500000000005,4,4,4,4,False,False
control_raw_critic_target,sa_ghmappo,43,12,dev_00_state_01,2cb31cda5fedadef13eb6ef29f9fb864a9636c64a8a0b599c358ab8e79aa2f2e,dev_00,0,True,False,True,before_or_at,0.0,complete_fixed_behavior_discounted_return_not_vpi,99.16542974483956,5.123296737670898,5.123296737670898,-94.04213300716866,94.04213300716866,8843.922780538001,94.04213300716866,"[0.141638,0.105207,0.026095,0.22328,0.50378]",0.50378,0.28049999999999997,4,4,4,4,False,False
control_raw_critic_target,sa_ghmappo,43,12,dev_00_state_02,4fe79a7d2f5b835a26cde6caefb444f6301c270d44971bde40489a612dd2b391,dev_00,1,True,False,True,before_or_at,0.14285714285714285,complete_fixed_behavior_discounted_return_not_vpi,99.43405463063405,5.123289108276367,5.123289108276367,-94.31076552235768,94.31076552235768,8894.52049341313,94.31076552235768,"[0.141092,0.104915,0.026059,0.222928,0.505006]",0.505006,0.28207799999999994,4,4,4,4,False,False
control_raw_critic_target,sa_ghmappo,43,12,dev_00_state_03,c47e6b288039285428aafce3d49684ca2d11b023896665b0b3daac8a9dcaa176,dev_00,1,True,True,True,before_or_at,0.14285714285714285,complete_fixed_behavior_discounted_return_not_vpi,99.43405463063405,5.123476028442383,5.123476028442383,-94.31057860219167,94.31057860219167,8894.485236280174,94.31057860219167,"[0.155671,0.0,0.028794,0.24917,0.566364]",0.566364,0.317194,4,4,4,4,False,False
control_raw_critic_target,sa_ghmappo,43,12,dev_00_state_04,db2399dc4a1846b64b81f411e0237050b1ffd324fd9a4bd78478baf6f2a1e9df,dev_00,2,False,True,True,before_or_at,0.2857142857142857,complete_fixed_behavior_discounted_return_not_vpi,99.63275207083052,5.123456001281738,5.123456001281738,-94.50929606954878,94.50929606954878,8932.007043561629,94.50929606954878,"[0.155668,0.0,0.028908,0.249805,0.565619]",0.565619,0.315814,4,4,4,4,False,False
control_raw_critic_target,sa_ghmappo,43,12,dev_00_state_05,b439a8ded6b7704f73b9af3aad6b5a11f4e642b89173768c49bca3fb2b8e11e1,dev_00,2,False,False,True,before_or_at,0.2857142857142857,complete_fixed_behavior_discounted_return_not_vpi,99.63275207083052,5.123284339904785,5.123284339904785,-94.50946773092573,94.50946773092573,8932.039490782892,94.50946773092573,"[0.140698,0.10561,0.026413,0.223501,0.503778]",0.503778,0.28027699999999994,4,4,4,4,False,False
control_raw_critic_target,sa_ghmappo,43,12,dev_00_state_06,05d5cb2b4cdc84a07f67d30b6d40026f1ae9404889525cd1fd230abd3ad151ac,dev_00,3,True,True,True,before_or_at,0.42857142857142855,complete_fixed_behavior_discounted_return_not_vpi,99.98305426895568,5.123687744140625,5.123687744140625,-94.85936652481506,94.85936652481506,8998.299417489203,94.85936652481506,"[0.156218,0.0,0.028687,0.250167,0.564929]",0.564929,0.31476200000000004,4,4,4,4,False,False
control_raw_critic_target,sa_ghmappo,43,12,dev_00_state_07,be44ebe79f69d66fa111d2fd9181f41a47efe8ab066cbd91663de162f21bfdca,dev_00,3,True,True,True,before_or_at,0.42857142857142855,complete_fixed_behavior_discounted_return_not_vpi,99.98305426895568,5.123647212982178,5.123647212982178,-94.8594070559735,94.8594070559735,8998.307107010876,94.8594070559735,"[0.156125,0.0,0.028683,0.250046,0.565146]",0.565146,0.31510000000000005,4,4,4,4,False,False
control_raw_critic_target,sa_ghmappo,43,12,dev_00_state_08,54b81637eaa22690c2f9140cabc601d934d118af96613f57981add5ac63c1553,dev_00,3,True,True,True,before_or_at,0.2857142857142857,complete_fixed_behavior_discounted_return_not_vpi,99.63275207083052,5.123640537261963,5.123640537261963,-94.50911153356856,94.50911153356856,8931.972162864502,94.50911153356856,"[0.156069,0.0,0.02871,0.250074,0.565147]",0.565147,0.31507299999999994,4,4,4,4,False,False
control_raw_critic_target,sa_ghmappo,43,12,dev_00_state_09,4c5424ef8068127f88abfde3c8019231c91f8960d17e43927afbffc74d0ef8a3,dev_00,3,False,True,True,before_or_at,0.42857142857142855,complete_fixed_behavior_discounted_return_not_vpi,99.98305426895568,5.123393535614014,5.123393535614014,-94.85966073334167,94.85966073334167,8998.355234444683,94.85966073334167,"[0.156001,0.0,0.029269,0.248952,0.565778]",0.565778,0.316826,4,4,4,4,False,False
control_raw_critic_target,sa_ghmappo,43,12,dev_00_state_10,56cb3633f940a0aa4754de669549dee3763dc62aa8d33e8feb481d858f69cc45,dev_00,3,False,True,True,before_or_at,0.42857142857142855,complete_fixed_behavior_discounted_return_not_vpi,99.98305426895568,5.123347282409668,5.123347282409668,-94.85970698654602,94.85970698654602,8998.364009573366,94.85970698654602,"[0.155909,0.0,0.029266,0.248821,0.566004]",0.566004,0.317183,4,4,4,4,False,False
control_raw_critic_target,sa_ghmappo,43,12,dev_00_state_11,616869b075de6c2da36a5545c9128137f476e5cb4f0ae4851e0c1b46d0deef42,dev_00,3,False,True,True,before_or_at,0.2857142857142857,complete_fixed_behavior_discounted_return_not_vpi,99.63275207083052,5.123345375061035,5.123345375061035,-94.50940669576948,94.50940669576948,8932.027953986359,94.50940669576948,"[0.155865,0.0,0.02928,0.248893,0.565962]",0.565962,0.31706899999999993,4,4,4,4,False,False
control_raw_critic_target,sa_ghmappo,43,12,dev_00_state_12,50772a9d479dd040bdfcd26f5a4e632848da15cc67dcf85fb3ae790c04749004,dev_00,4,True,True,True,before_or_at,0.5714285714285714,complete_fixed_behavior_discounted_return_not_vpi,100.22152414584981,5.123724937438965,5.123724937438965,-95.09779920841085,95.09779920841085,9043.591414283226,95.09779920841085,"[0.155885,0.0,0.028833,0.249926,0.565356]",0.565356,0.31543,4,4,4,4,False,False
control_raw_critic_target,sa_ghmappo,43,12,dev_01_state_01,a4bbd832c514e8ecb281380734580807ec9ec04ce04b6be662dd729667c979e5,dev_01,0,True,False,True,before_or_at,0.0,complete_fixed_behavior_discounted_return_not_vpi,75.65614047157035,5.1231184005737305,5.1231184005737305,-70.53302207099662,70.53302207099662,4974.907202467697,70.53302207099662,"[0.144518,0.106309,0.026444,0.225271,0.497458]",0.497458,0.272187,4,3,3,3,False,False
control_raw_critic_target,sa_ghmappo,43,12,dev_01_state_02,63fee8a32f4b1c8d4d78562135b7b123d9efca8ef1fd10c52757463ac3a4c28b,dev_01,1,True,False,True,before_or_at,0.125,complete_fixed_behavior_discounted_return_not_vpi,99.13967366563787,5.1231279373168945,5.1231279373168945,-94.01654572832098,94.01654572832098,8839.11087068547,94.01654572832098,"[0.144393,0.106153,0.026485,0.225168,0.497801]",0.497801,0.272633,4,3,3,3,False,False
control_raw_critic_target,sa_ghmappo,43,12,dev_01_state_03,c559429297df4987fbb22dd07eedba631d6c671c0ff9130cbe932ee596739c54,dev_01,1,True,True,True,before_or_at,0.125,complete_fixed_behavior_discounted_return_not_vpi,99.13967366563787,5.123207092285156,5.123207092285156,-94.01646657335272,94.01646657335272,8839.095986938348,94.01646657335272,"[0.16014,0.0,0.029431,0.252267,0.558162]",0.558162,0.30589500000000003,4,3,3,3,False,False
control_raw_critic_target,sa_ghmappo,43,12,dev_01_state_04,7358d67bd36c9a85cc6e8138adeb39b8726469ca30f20c1f0942cc3f76de4651,dev_01,2,True,False,True,before_or_at,0.25,complete_fixed_behavior_discounted_return_not_vpi,99.35350480891441,5.123100280761719,5.123100280761719,-94.23040452815269,94.23040452815269,8879.3691375393,94.23040452815269,"[0.144059,0.106079,0.026438,0.224858,0.498565]",0.498565,0.273707,4,3,3,3,False,False
control_raw_critic_target,sa_ghmappo,43,12,dev_01_state_05,0763b046fa0b532b554b052e7a0878b9d194acdb61a7240efa1f797b157b13db,dev_01,2,True,True,True,before_or_at,0.25,complete_fixed_behavior_discounted_return_not_vpi,99.35350480891441,5.12318754196167,5.12318754196167,-94.23031726695274,94.23031726695274,8879.352692230572,94.23031726695274,"[0.159796,0.0,0.029321,0.251993,0.55889]",0.55889,0.306897,4,4,4,4,False,False
control_raw_critic_target,sa_ghmappo,43,12,dev_01_state_06,fd2e5861fe027bcb3635018576d2d5ce1b9b63d2b09ed94737c380749ee87049,dev_01,3,False,True,True,before_or_at,0.375,complete_fixed_behavior_discounted_return_not_vpi,99.53944465087416,5.123171806335449,5.123171806335449,-94.41627284453871,94.41627284453871,8914.432577854377,94.41627284453871,"[0.159488,0.0,0.029248,0.252414,0.55885]",0.55885,0.30643599999999993,4,3,3,3,False,False
control_raw_critic_target,sa_ghmappo,43,12,dev_01_state_07,183ebb194b29cf885e5c212fd6e18171c5539439db50572f3120f6c0133c5049,dev_01,3,False,True,True,before_or_at,0.375,complete_fixed_behavior_discounted_return_not_vpi,99.53944465087416,5.123183250427246,5.123183250427246,-94.41626140044691,94.41626140044691,8914.430416837522,94.41626140044691,"[0.159475,0.0,0.029285,0.252541,0.5587]",0.5587,0.30615899999999996,4,3,3,3,False,False
control_raw_critic_target,sa_ghmappo,43,12,dev_01_state_08,d2bf64fb9b88e145885e5ed0f74f9f639967dd914d669e6f6d9e93f684a95a73,dev_01,4,True,True,True,before_or_at,0.5,complete_fixed_behavior_discounted_return_not_vpi,99.72721960667732,5.123501777648926,5.123501777648926,-94.6037178290284,94.6037178290284,8949.863427074426,94.6037178290284,"[0.160604,0.0,0.029177,0.253203,0.557016]",0.557016,0.30381299999999994,4,3,3,3,False,False
control_raw_critic_target,sa_ghmappo,43,12,dev_01_state_09,13fb32efb5dd998abdd32f46158b290acced91d28620d9d15377f2694497b912,dev_01,4,True,True,True,before_or_at,0.5,complete_fixed_behavior_discounted_return_not_vpi,99.72721960667732,5.1234540939331055,5.1234540939331055,-94.60376551274422,94.60376551274422,8949.872449190292,94.60376551274422,"[0.160518,0.0,0.029177,0.253086,0.557218]",0.557218,0.304132,4,3,3,3,False,False
control_raw_critic_target,sa_ghmappo,43,12,dev_01_state_10,501e02f271270613a795072dd11d6876f63160ede7c17cfbe7ee893e5b1aa82c,dev_01,4,True,True,True,before_or_at,0.375,complete_fixed_behavior_discounted_return_not_vpi,99.53944465087416,5.1234235763549805,5.1234235763549805,-94.41602107451918,94.41602107451918,8914.38503554405,94.41602107451918,"[0.160373,0.0,0.029114,0.253122,0.557391]",0.557391,0.30426899999999996,4,3,3,3,False,False
control_raw_critic_target,sa_ghmappo,43,12,dev_01_state_11,e0c6c2402de2864424b773d58c1fc72a6bc09419a54d0cbe2f5f07d795a22db3,dev_01,4,True,True,True,before_or_at,0.5,complete_fixed_behavior_discounted_return_not_vpi,99.72721960667732,5.12352991104126,5.12352991104126,-94.60368969563606,94.60368969563606,8949.858104028197,94.60368969563606,"[0.160659,0.0,0.029275,0.253393,0.556674]",0.556674,0.303281,4,3,3,3,False,False
control_raw_critic_target,sa_ghmappo,43,12,dev_01_state_12,87eae5e2295dff0be0c0317d62480330e70116056ccb6207b9f0f698ac011e38,dev_01,4,True,True,True,before_or_at,0.5,complete_fixed_behavior_discounted_return_not_vpi,99.72721960667732,5.1234822273254395,5.1234822273254395,-94.60373737935188,94.60373737935188,8949.86712614138,94.60373737935188,"[0.160572,0.0,0.029275,0.253277,0.556876]",0.556876,0.30359900000000006,4,3,3,3,False,False
control_raw_critic_target,sa_ghmappo,43,12,dev_02_state_01,aacd1cc47660f831ce532b266ce3478bb22e2c78d466e47472c937aafefcacfb,dev_02,0,True,False,True,before_or_at,0.0,complete_fixed_behavior_discounted_return_not_vpi,75.58016750117106,5.122802734375,5.122802734375,-70.45736476679606,70.45736476679606,4964.240249881355,70.45736476679606,"[0.143087,0.108003,0.026465,0.223423,0.499021]",0.499021,0.275598,4,3,3,3,False,False
control_raw_critic_target,sa_ghmappo,43,12,dev_02_state_02,65837e8c4e1042b18b8987e46d37b1081f660135fc906dde8659dd34bcb25e18,dev_02,1,True,False,True,before_or_at,0.2,complete_fixed_behavior_discounted_return_not_vpi,75.81651346531233,5.122770309448242,5.122770309448242,-70.69374315586408,70.69374315586408,4997.60532138728,70.69374315586408,"[0.142371,0.108949,0.026432,0.2234,0.498849]",0.498849,0.275449,4,3,3,3,False,False
control_raw_critic_target,sa_ghmappo,43,12,dev_02_state_03,788bd1c71ab6c0f94f77fdf24a1874af9e74d3c3e59586a4d8fd42a2d4a722a2,dev_02,1,True,True,True,before_or_at,0.2,complete_fixed_behavior_discounted_return_not_vpi,75.57148846531233,5.1230597496032715,5.1230597496032715,-70.44842871570906,70.44842871570906,4962.98110851234,70.44842871570906,"[0.15904,0.0,0.029354,0.251306,0.5603]",0.5603,0.30899400000000005,4,4,4,4,False,False
control_raw_critic_target,sa_ghmappo,43,12,dev_02_state_04,73424c66a5e9ad4241b9fb8e38cb02b30333c2e9611126a6c2f2661d805079c5,dev_02,2,True,True,True,before_or_at,0.4,complete_fixed_behavior_discounted_return_not_vpi,75.76470591996298,5.123285293579102,5.123285293579102,-70.64142062638388,70.64142062638388,4990.210308113694,70.64142062638388,"[0.159342,0.0,0.029078,0.25178,0.5598]",0.5598,0.30801999999999996,4,4,4,4,False,False
control_raw_critic_target,sa_ghmappo,43,12,dev_02_state_05,07a0c6f5a831ee8a70a2e4f82ae69cc5df3eb3540cdda40dc84dfab435b8d8ac,dev_02,2,False,True,True,before_or_at,0.4,complete_fixed_behavior_discounted_return_not_vpi,75.76470591996298,5.122929573059082,5.122929573059082,-70.6417763469039,70.6417763469039,4990.26056544599,70.6417763469039,"[0.158729,0.0,0.029687,0.250171,0.561413]",0.561413,0.3112420000000001,4,4,4,4,False,False
control_raw_critic_target,sa_ghmappo,43,12,dev_02_state_06,cd47e258d721757c11ea4050f051bb017e502287edeba848b9bb4aed7aa04c14,dev_02,3,True,True,True,before_or_at,0.6,complete_fixed_behavior_discounted_return_not_vpi,75.75848028252462,5.123303413391113,5.123303413391113,-70.6351768691335,70.6351768691335,4989.328211333773,70.6351768691335,"[0.159273,0.0,0.029207,0.252234,0.559286]",0.559286,0.30705199999999994,4,4,4,4,False,False
control_raw_critic_target,sa_ghmappo,43,12,dev_02_state_07,446e55a68c01f9b6b3d75b3584e53818ff209784976039bdb016348e222bb7bc,dev_02,3,False,True,True,before_or_at,0.6,complete_fixed_behavior_discounted_return_not_vpi,75.75848028252462,5.1229777336120605,5.1229777336120605,-70.63550254891256,70.63550254891256,4989.374220337432,70.63550254891256,"[0.158736,0.0,0.029453,0.251252,0.56056]",0.56056,0.30930799999999997,4,4,4,4,False,False
control_raw_critic_target,sa_ghmappo,43,12,dev_02_state_08,da66deba85e976a12ee91266832b3fe4996e44cc0333ff92fe0fb0072b304773,dev_02,3,False,True,True,before_or_at,0.4,complete_fixed_behavior_discounted_return_not_vpi,75.76470591996298,5.122937202453613,5.122937202453613,-70.64176871750936,70.64176871750936,4990.259487538085,70.64176871750936,"[0.158645,0.0,0.02937,0.251179,0.560806]",0.560806,0.30962700000000004,4,4,4,4,False,False
control_raw_critic_target,sa_ghmappo,43,12,dev_02_state_09,9b17e313c9c022b073c532cab790a8e4bbbfb88e37c386bc4de0316793e72b69,dev_02,4,True,False,True,before_or_at,0.8,complete_fixed_behavior_discounted_return_not_vpi,100.75270180026362,5.123101711273193,5.123101711273193,-95.62960008899043,95.62960008899043,9145.020413180238,95.62960008899043,"[0.143162,0.108467,0.026498,0.223743,0.498131]",0.498131,0.27438799999999997,4,3,3,3,False,False
control_raw_critic_target,sa_ghmappo,43,12,dev_02_state_10,e6a58b6c7a7e16fa45b8c640dbd4b125a27da61dec2113082cdfa830027b3bfb,dev_02,4,True,False,True,before_or_at,0.8,complete_fixed_behavior_discounted_return_not_vpi,75.75270180026362,5.123008728027344,5.123008728027344,-70.62969307223628,70.62969307223628,4988.553543478301,70.62969307223628,"[0.143017,0.108359,0.026508,0.223566,0.49855]",0.49855,0.274984,4,3,3,3,False,False
control_raw_critic_target,sa_ghmappo,43,12,dev_02_state_11,5fbcd355ad6ef625fe912c4a3485f5db6bcdb20e7b2dcdd955d3fe332063d473,dev_02,4,True,False,True,before_or_at,0.6,complete_fixed_behavior_discounted_return_not_vpi,75.75848028252462,5.1229753494262695,5.1229753494262695,-70.63550493309835,70.63550493309835,4989.374557153761,70.63550493309835,"[0.14299,0.107889,0.026417,0.223695,0.499008]",0.499008,0.27531300000000003,4,3,3,3,False,False
control_raw_critic_target,sa_ghmappo,43,12,dev_02_state_12,fdd3f8ff3f38604c74d277ed795fde0f3d9fa09eb963e4d8820de9b76534d356,dev_02,4,True,False,True,after,0.6,complete_fixed_behavior_discounted_return_not_vpi,100.50848028252462,5.123072624206543,5.123072624206543,-95.38540765831807,95.38540765831807,9098.375994143524,95.38540765831807,"[0.143136,0.107996,0.02641,0.223871,0.498588]",0.498588,0.274717,4,3,3,3,False,False
control_raw_critic_target,sa_ghmappo,43,12,dev_03_state_01,62750fc5f603af0e58fc56236599571502c69cfa558f3283ab10e1bc858471ae,dev_03,0,True,False,True,before_or_at,0.0,complete_fixed_behavior_discounted_return_not_vpi,75.32227037485364,5.123088836669922,5.123088836669922,-70.19918153818372,70.19918153818372,4927.925088630875,70.19918153818372,"[0.140474,0.107444,0.025972,0.22216,0.50395]",0.50395,0.28179,4,4,4,4,False,False
control_raw_critic_target,sa_ghmappo,43,12,dev_03_state_02,49dc0c665e7c8d1673bc0818a98dec317568afa99b48ce13b276daf91fdf1003,dev_03,1,True,False,True,before_or_at,0.1,complete_fixed_behavior_discounted_return_not_vpi,75.2654274086768,5.123051643371582,5.123051643371582,-70.14237576530522,70.14237576530522,4919.952878001277,70.14237576530522,"[0.139285,0.108158,0.025998,0.221406,0.505153]",0.505153,0.28374699999999997,4,4,4,4,False,False
control_raw_critic_target,sa_ghmappo,43,12,dev_03_state_03,5c249417d557afb821d09652c2ced9028d3dd95a2292007d63fec0a2af97227d,dev_03,1,True,True,True,before_or_at,0.1,complete_fixed_behavior_discounted_return_not_vpi,75.2654274086768,5.123356819152832,5.123356819152832,-70.14207058952397,70.14207058952397,4919.910066585763,70.14207058952397,"[0.154948,0.0,0.028769,0.248912,0.567371]",0.567371,0.31845899999999994,4,4,4,4,False,False
control_raw_critic_target,sa_ghmappo,43,12,dev_03_state_04,f5f32654c6274248e0d209cab36df9f70fd51f283f1cd0807581b37e93a74a25,dev_03,2,False,False,True,before_or_at,0.2,complete_fixed_behavior_discounted_return_not_vpi,75.46738204163074,5.122990131378174,5.122990131378174,-70.34439191025257,70.34439191025257,4948.333473223207,70.34439191025257,"[0.139682,0.106808,0.026174,0.220828,0.506508]",0.506508,0.28567999999999993,4,4,4,4,False,False
control_raw_critic_target,sa_ghmappo,43,12,dev_03_state_05,6cc42ee25dea2b20e7ddf5c4193dae1de54521b21ce67836be05490494a0b931,dev_03,2,True,False,True,before_or_at,0.2,complete_fixed_behavior_discounted_return_not_vpi,75.22963452915576,5.123353958129883,5.123353958129883,-70.10628057102588,70.10628057102588,4914.8905755034,70.10628057102588,"[0.139726,0.107785,0.025728,0.22158,0.505181]",0.505181,0.283601,4,4,4,4,False,False
control_raw_critic_target,sa_ghmappo,43,12,dev_03_state_06,1217155fad78690dd6f9e30d323674dca8a13a10b95a50b6354593aed403e43d,dev_03,3,True,True,True,before_or_at,0.3,complete_fixed_behavior_discounted_return_not_vpi,75.17185584736579,5.1235671043396,5.1235671043396,-70.04828874302619,70.04828874302619,4906.762755826369,70.04828874302619,"[0.154514,0.0,0.028621,0.249117,0.567749]",0.567749,0.3186319999999999,4,4,4,4,False,False
control_raw_critic_target,sa_ghmappo,43,12,dev_03_state_07,c9b593dfc8699de434ab870b13435c9305897d412b8dedc394c04fd20511d413,dev_03,3,False,True,True,before_or_at,0.2,complete_fixed_behavior_discounted_return_not_vpi,75.22963452915576,5.123284339904785,5.123284339904785,-70.10635018925097,70.10635018925097,4914.900336857891,70.10635018925097,"[0.154466,0.0,0.028724,0.248458,0.568353]",0.568353,0.319895,4,4,4,4,False,False
control_raw_critic_target,sa_ghmappo,43,12,dev_03_state_08,6b17f75e0e3f5de80f49678d788da5519dddc9cc9bd584c0ee650b8d7219e7b6,dev_03,3,True,True,True,before_or_at,0.3,complete_fixed_behavior_discounted_return_not_vpi,75.4120048498658,5.123485565185547,5.123485565185547,-70.28851928468025,70.28851928468025,4940.475943232867,70.28851928468025,"[0.154624,0.0,0.028515,0.249242,0.567619]",0.567619,0.318377,4,4,4,4,False,False
control_raw_critic_target,sa_ghmappo,43,12,dev_03_state_09,0ccde0ef6c389b7341f4f1ea7beb149b259aad13dd1630dab7db376142e1073a,dev_03,3,False,False,True,before_or_at,0.2,complete_fixed_behavior_discounted_return_not_vpi,75.46738204163074,5.1229658126831055,5.1229658126831055,-70.34441622894764,70.34441622894764,4948.336894591432,70.34441622894764,"[0.139038,0.108009,0.026162,0.221011,0.50578]",0.50578,0.284769,4,4,4,4,False,False
control_raw_critic_target,sa_ghmappo,43,12,dev_03_state_10,ebe2739e96e527d82f495d7e680acc3138491d2e16ff51c3923b53550c15ae25,dev_03,3,True,True,True,before_or_at,0.3,complete_fixed_behavior_discounted_return_not_vpi,74.92928109736579,5.123587131500244,5.123587131500244,-69.80569396586554,69.80569396586554,4872.834910056077,69.80569396586554,"[0.154603,0.0,0.02861,0.249277,0.56751]",0.56751,0.318233,4,4,4,4,False,False
control_raw_critic_target,sa_ghmappo,43,12,dev_03_state_11,6f4069e08051d555eb68fe1fc24e55e73bd96f49eec834dcd284e6fcc78d573c,dev_03,4,True,False,True,before_or_at,0.4,complete_fixed_behavior_discounted_return_not_vpi,75.39606346424462,5.123338222503662,5.123338222503662,-70.27272524174096,70.27272524174096,4938.255912901217,70.27272524174096,"[0.139906,0.107466,0.02588,0.221999,0.504749]",0.504749,0.28275,4,4,4,4,False,False
control_raw_critic_target,sa_ghmappo,43,12,dev_03_state_12,3280b55b15e26af81785ba01c8673bf4d36b50b213800bb4ae9d9639e7519111,dev_03,4,True,False,True,before_or_at,0.3,complete_fixed_behavior_discounted_return_not_vpi,74.92928109736579,5.123401165008545,5.123401165008545,-69.80587993235724,69.80587993235724,4872.860873130676,69.80587993235724,"[0.139736,0.107424,0.025905,0.221686,0.505248]",0.505248,0.28356200000000004,4,4,4,4,False,False
control_raw_critic_target,sa_ghmappo,61,18,dev_00_state_01,2cb31cda5fedadef13eb6ef29f9fb864a9636c64a8a0b599c358ab8e79aa2f2e,dev_00,0,True,False,True,before_or_at,0.0,complete_fixed_behavior_discounted_return_not_vpi,99.16542974483956,6.184656143188477,6.184656143188477,-92.98077360165108,92.98077360165108,8645.424259561494,92.98077360165108,"[0.165804,0.152571,0.020652,0.149801,0.511171]",0.511171,0.34536700000000004,4,4,4,4,False,False
control_raw_critic_target,sa_ghmappo,61,18,dev_00_state_02,4fe79a7d2f5b835a26cde6caefb444f6301c270d44971bde40489a612dd2b391,dev_00,1,True,False,True,before_or_at,0.14285714285714285,complete_fixed_behavior_discounted_return_not_vpi,99.43405463063405,6.184650421142578,6.184650421142578,-93.24940420949147,93.24940420949147,8695.451385425125,93.24940420949147,"[0.165792,0.152564,0.020661,0.149831,0.511152]",0.511152,0.34536000000000006,4,4,4,4,False,False
control_raw_critic_target,sa_ghmappo,61,18,dev_00_state_03,c47e6b288039285428aafce3d49684ca2d11b023896665b0b3daac8a9dcaa176,dev_00,1,True,True,True,before_or_at,0.14285714285714285,complete_fixed_behavior_discounted_return_not_vpi,99.43405463063405,6.18474006652832,6.18474006652832,-93.24931456410573,93.24931456410573,8695.434666675541,93.24931456410573,"[0.191862,0.0,0.024039,0.175865,0.608235]",0.608235,0.416373,4,4,4,4,False,False
control_raw_critic_target,sa_ghmappo,61,18,dev_00_state_04,db2399dc4a1846b64b81f411e0237050b1ffd324fd9a4bd78478baf6f2a1e9df,dev_00,2,False,True,True,before_or_at,0.2857142857142857,complete_fixed_behavior_discounted_return_not_vpi,99.63275207083052,6.184725761413574,6.184725761413574,-93.44802630941695,93.44802630941695,8732.533621125482,93.44802630941695,"[0.190685,0.0,0.024042,0.174337,0.610936]",0.610936,0.42025100000000004,4,4,4,4,False,False
control_raw_critic_target,sa_ghmappo,61,18,dev_00_state_05,b439a8ded6b7704f73b9af3aad6b5a11f4e642b89173768c49bca3fb2b8e11e1,dev_00,2,False,False,True,before_or_at,0.2857142857142857,complete_fixed_behavior_discounted_return_not_vpi,99.63275207083052,6.1846160888671875,6.1846160888671875,-93.44813598196333,93.44813598196333,8732.55411850351,93.44813598196333,"[0.165507,0.151479,0.020611,0.148474,0.513929]",0.513929,0.348422,4,4,4,4,False,False
control_raw_critic_target,sa_ghmappo,61,18,dev_00_state_06,05d5cb2b4cdc84a07f67d30b6d40026f1ae9404889525cd1fd230abd3ad151ac,dev_00,3,True,True,True,before_or_at,0.42857142857142855,complete_fixed_behavior_discounted_return_not_vpi,99.98305426895568,6.184781074523926,6.184781074523926,-93.79827319443176,93.79827319443176,8798.116054257256,93.79827319443176,"[0.191441,0.0,0.02369,0.175963,0.608906]",0.608906,0.417465,4,4,4,4,False,False
control_raw_critic_target,sa_ghmappo,61,18,dev_00_state_07,be44ebe79f69d66fa111d2fd9181f41a47efe8ab066cbd91663de162f21bfdca,dev_00,3,True,True,True,before_or_at,0.42857142857142855,complete_fixed_behavior_discounted_return_not_vpi,99.98305426895568,6.18475866317749,6.18475866317749,-93.7982956057782,93.7982956057782,8798.120258548948,93.7982956057782,"[0.191589,0.0,0.023712,0.17608,0.608619]",0.608619,0.41703,4,4,4,4,False,False
control_raw_critic_target,sa_ghmappo,61,18,dev_00_state_08,54b81637eaa22690c2f9140cabc601d934d118af96613f57981add5ac63c1553,dev_00,3,True,True,True,before_or_at,0.2857142857142857,complete_fixed_behavior_discounted_return_not_vpi,99.63275207083052,6.184765815734863,6.184765815734863,-93.44798625509566,93.44798625509566,8732.526135132546,93.44798625509566,"[0.191458,0.0,0.023703,0.175998,0.608841]",0.608841,0.41738299999999995,4,4,4,4,False,False
control_raw_critic_target,sa_ghmappo,61,18,dev_00_state_09,4c5424ef8068127f88abfde3c8019231c91f8960d17e43927afbffc74d0ef8a3,dev_00,3,False,True,True,before_or_at,0.42857142857142855,complete_fixed_behavior_discounted_return_not_vpi,99.98305426895568,6.184712886810303,6.184712886810303,-93.79834138214538,93.79834138214538,8798.128846041487,93.79834138214538,"[0.193074,0.0,0.02421,0.176433,0.606283]",0.606283,0.41320900000000005,4,4,4,4,False,False
control_raw_critic_target,sa_ghmappo,61,18,dev_00_state_10,56cb3633f940a0aa4754de669549dee3763dc62aa8d33e8feb481d858f69cc45,dev_00,3,False,True,True,before_or_at,0.42857142857142855,complete_fixed_behavior_discounted_return_not_vpi,99.98305426895568,6.184683799743652,6.184683799743652,-93.79837046921203,93.79837046921203,8798.134302679548,93.79837046921203,"[0.193238,0.0,0.024235,0.176556,0.605971]",0.605971,0.412733,4,4,4,4,False,False
control_raw_critic_target,sa_ghmappo,61,18,dev_00_state_11,616869b075de6c2da36a5545c9128137f476e5cb4f0ae4851e0c1b46d0deef42,dev_00,3,False,True,True,before_or_at,0.2857142857142857,complete_fixed_behavior_discounted_return_not_vpi,99.63275207083052,6.184694290161133,6.184694290161133,-93.44805778066939,93.44805778066939,8732.539502979324,93.44805778066939,"[0.193011,0.0,0.024218,0.176436,0.606335]",0.606335,0.41332399999999997,4,4,4,4,False,False
control_raw_critic_target,sa_ghmappo,61,18,dev_00_state_12,50772a9d479dd040bdfcd26f5a4e632848da15cc67dcf85fb3ae790c04749004,dev_00,4,True,True,True,before_or_at,0.5714285714285714,complete_fixed_behavior_discounted_return_not_vpi,100.22152414584981,6.184789180755615,6.184789180755615,-94.0367349650942,94.0367349650942,8842.90752289537,94.0367349650942,"[0.191139,0.0,0.023592,0.175756,0.609513]",0.609513,0.41837399999999997,4,4,4,4,False,False
control_raw_critic_target,sa_ghmappo,61,18,dev_01_state_01,a4bbd832c514e8ecb281380734580807ec9ec04ce04b6be662dd729667c979e5,dev_01,0,True,False,True,before_or_at,0.0,complete_fixed_behavior_discounted_return_not_vpi,75.65614047157035,6.184604167938232,6.184604167938232,-69.47153630363212,69.47153630363212,4826.294356386876,69.47153630363212,"[0.165918,0.152354,0.020595,0.148883,0.51225]",0.51225,0.346332,4,4,4,4,False,False
control_raw_critic_target,sa_ghmappo,61,18,dev_01_state_02,63fee8a32f4b1c8d4d78562135b7b123d9efca8ef1fd10c52757463ac3a4c28b,dev_01,1,True,False,True,before_or_at,0.125,complete_fixed_behavior_discounted_return_not_vpi,99.13967366563787,6.184593677520752,6.184593677520752,-92.95507998811712,92.95507998811712,8640.646895597252,92.95507998811712,"[0.165931,0.152351,0.020698,0.148812,0.512208]",0.512208,0.346277,4,4,4,4,False,False
control_raw_critic_target,sa_ghmappo,61,18,dev_01_state_03,c559429297df4987fbb22dd07eedba631d6c671c0ff9130cbe932ee596739c54,dev_01,1,True,True,True,before_or_at,0.125,complete_fixed_behavior_discounted_return_not_vpi,99.13967366563787,6.184689521789551,6.184689521789551,-92.95498414384832,92.95498414384832,8640.629077183094,92.95498414384832,"[0.192058,0.0,0.024015,0.1746,0.609326]",0.609326,0.41726800000000003,4,4,4,4,False,False
control_raw_critic_target,sa_ghmappo,61,18,dev_01_state_04,7358d67bd36c9a85cc6e8138adeb39b8726469ca30f20c1f0942cc3f76de4651,dev_01,2,True,False,True,before_or_at,0.25,complete_fixed_behavior_discounted_return_not_vpi,99.35350480891441,6.184595108032227,6.184595108032227,-93.16890970088218,93.16890970088218,8680.445734851139,93.16890970088218,"[0.165942,0.152388,0.02059,0.14896,0.51212]",0.51212,0.346178,4,4,4,4,False,False
control_raw_critic_target,sa_ghmappo,61,18,dev_01_state_05,0763b046fa0b532b554b052e7a0878b9d194acdb61a7240efa1f797b157b13db,dev_01,2,True,True,True,before_or_at,0.25,complete_fixed_behavior_discounted_return_not_vpi,99.35350480891441,6.184691429138184,6.184691429138184,-93.16881337977622,93.16881337977622,8680.42778659557,93.16881337977622,"[0.192024,0.0,0.023906,0.174714,0.609356]",0.609356,0.41733200000000004,4,4,4,4,False,False
control_raw_critic_target,sa_ghmappo,61,18,dev_01_state_06,fd2e5861fe027bcb3635018576d2d5ce1b9b63d2b09ed94737c380749ee87049,dev_01,3,False,True,True,before_or_at,0.375,complete_fixed_behavior_discounted_return_not_vpi,99.53944465087416,6.184663772583008,6.184663772583008,-93.35478087829115,93.35478087829115,8715.115112833755,93.35478087829115,"[0.191041,0.0,0.023887,0.172969,0.612103]",0.612103,0.42106199999999994,4,4,4,4,False,False
control_raw_critic_target,sa_ghmappo,61,18,dev_01_state_07,183ebb194b29cf885e5c212fd6e18171c5539439db50572f3120f6c0133c5049,dev_01,3,False,True,True,before_or_at,0.375,complete_fixed_behavior_discounted_return_not_vpi,99.53944465087416,6.184659004211426,6.184659004211426,-93.35478564666273,93.35478564666273,8715.116003134346,93.35478564666273,"[0.190968,0.0,0.023812,0.172983,0.612238]",0.612238,0.4212699999999999,4,4,4,4,False,False
control_raw_critic_target,sa_ghmappo,61,18,dev_01_state_08,d2bf64fb9b88e145885e5ed0f74f9f639967dd914d669e6f6d9e93f684a95a73,dev_01,4,True,True,True,before_or_at,0.5,complete_fixed_behavior_discounted_return_not_vpi,99.72721960667732,6.184746742248535,6.184746742248535,-93.54247286442879,93.54247286442879,8750.194229592396,93.54247286442879,"[0.19144,0.0,0.023504,0.174406,0.61065]",0.61065,0.41921,4,4,4,4,False,False
control_raw_critic_target,sa_ghmappo,61,18,dev_01_state_09,13fb32efb5dd998abdd32f46158b290acced91d28620d9d15377f2694497b912,dev_01,4,True,True,True,before_or_at,0.5,complete_fixed_behavior_discounted_return_not_vpi,99.72721960667732,6.184720993041992,6.184720993041992,-93.54249861363533,93.54249861363533,8750.199046881968,93.54249861363533,"[0.191594,0.0,0.023526,0.174511,0.610369]",0.610369,0.41877500000000006,4,4,4,4,False,False
control_raw_critic_target,sa_ghmappo,61,18,dev_01_state_10,501e02f271270613a795072dd11d6876f63160ede7c17cfbe7ee893e5b1aa82c,dev_01,4,True,True,True,before_or_at,0.375,complete_fixed_behavior_discounted_return_not_vpi,99.53944465087416,6.1847124099731445,6.1847124099731445,-93.35473224090101,93.35473224090101,8715.106031770323,93.35473224090101,"[0.191763,0.0,0.023594,0.174588,0.610055]",0.610055,0.418292,4,4,4,4,False,False
control_raw_critic_target,sa_ghmappo,61,18,dev_01_state_11,e0c6c2402de2864424b773d58c1fc72a6bc09419a54d0cbe2f5f07d795a22db3,dev_01,4,True,True,True,before_or_at,0.5,complete_fixed_behavior_discounted_return_not_vpi,99.72721960667732,6.1847381591796875,6.1847381591796875,-93.54248144749764,93.54248144749764,8750.19583535544,93.54248144749764,"[0.191429,0.0,0.023438,0.17444,0.610693]",0.610693,0.4192640000000001,4,4,4,4,False,False
control_raw_critic_target,sa_ghmappo,61,18,dev_01_state_12,87eae5e2295dff0be0c0317d62480330e70116056ccb6207b9f0f698ac011e38,dev_01,4,True,True,True,before_or_at,0.5,complete_fixed_behavior_discounted_return_not_vpi,99.72721960667732,6.18471097946167,6.18471097946167,-93.54250862721565,93.54250862721565,8750.200920272715,93.54250862721565,"[0.191583,0.0,0.02346,0.174546,0.610412]",0.610412,0.41882899999999995,4,4,4,4,False,False
control_raw_critic_target,sa_ghmappo,61,18,dev_02_state_01,aacd1cc47660f831ce532b266ce3478bb22e2c78d466e47472c937aafefcacfb,dev_02,0,True,False,True,before_or_at,0.0,complete_fixed_behavior_discounted_return_not_vpi,75.58016750117106,6.184518814086914,6.184518814086914,-69.39564868708415,69.39564868708415,4815.756056701203,69.39564868708415,"[0.167045,0.153572,0.020591,0.148457,0.510335]",0.510335,0.34329,4,4,4,4,False,False
control_raw_critic_target,sa_ghmappo,61,18,dev_02_state_02,65837e8c4e1042b18b8987e46d37b1081f660135fc906dde8659dd34bcb25e18,dev_02,1,True,False,True,before_or_at,0.2,complete_fixed_behavior_discounted_return_not_vpi,75.81651346531233,6.1845245361328125,6.1845245361328125,-69.63198892917951,69.63198892917951,4848.613882233379,69.63198892917951,"[0.16615,0.152368,0.020384,0.14704,0.514058]",0.514058,0.347908,4,4,4,4,False,False
control_raw_critic_target,sa_ghmappo,61,18,dev_02_state_03,788bd1c71ab6c0f94f77fdf24a1874af9e74d3c3e59586a4d8fd42a2d4a722a2,dev_02,1,True,True,True,before_or_at,0.2,complete_fixed_behavior_discounted_return_not_vpi,75.57148846531233,6.184660911560059,6.184660911560059,-69.38682755375227,69.38682755375227,4814.531837974155,69.38682755375227,"[0.190672,0.0,0.023892,0.172845,0.612591]",0.612591,0.421919,4,4,4,4,False,False
control_raw_critic_target,sa_ghmappo,61,18,dev_02_state_04,73424c66a5e9ad4241b9fb8e38cb02b30333c2e9611126a6c2f2661d805079c5,dev_02,2,True,True,True,before_or_at,0.4,complete_fixed_behavior_discounted_return_not_vpi,75.76470591996298,6.184685230255127,6.184685230255127,-69.58002068970785,69.58002068970785,4841.3792791801725,69.58002068970785,"[0.191783,0.0,0.023576,0.174769,0.609871]",0.609871,0.418088,4,4,4,4,False,False
control_raw_critic_target,sa_ghmappo,61,18,dev_02_state_05,07a0c6f5a831ee8a70a2e4f82ae69cc5df3eb3540cdda40dc84dfab435b8d8ac,dev_02,2,False,True,True,before_or_at,0.4,complete_fixed_behavior_discounted_return_not_vpi,75.76470591996298,6.184547424316406,6.184547424316406,-69.58015849564657,69.58015849564657,4841.3984562792975,69.58015849564657,"[0.193667,0.0,0.024128,0.175346,0.606859]",0.606859,0.413192,4,4,4,4,False,False
control_raw_critic_target,sa_ghmappo,61,18,dev_02_state_06,cd47e258d721757c11ea4050f051bb017e502287edeba848b9bb4aed7aa04c14,dev_02,3,True,True,True,before_or_at,0.6,complete_fixed_behavior_discounted_return_not_vpi,75.75848028252462,6.1846818923950195,6.1846818923950195,-69.5737983901296,69.5737983901296,4840.513422430399,69.5737983901296,"[0.190229,0.0,0.023387,0.173015,0.613369]",0.613369,0.42314000000000007,4,4,4,4,False,False
control_raw_critic_target,sa_ghmappo,61,18,dev_02_state_07,446e55a68c01f9b6b3d75b3584e53818ff209784976039bdb016348e222bb7bc,dev_02,3,False,True,True,before_or_at,0.6,complete_fixed_behavior_discounted_return_not_vpi,75.75848028252462,6.184564590454102,6.184564590454102,-69.57391569207051,69.57391569207051,4840.529744727336,69.57391569207051,"[0.191632,0.0,0.02389,0.17335,0.611129]",0.611129,0.419497,4,4,4,4,False,False
control_raw_critic_target,sa_ghmappo,61,18,dev_02_state_08,da66deba85e976a12ee91266832b3fe4996e44cc0333ff92fe0fb0072b304773,dev_02,3,False,True,True,before_or_at,0.4,complete_fixed_behavior_discounted_return_not_vpi,75.76470591996298,6.184567451477051,6.184567451477051,-69.58013846848593,69.58013846848593,4841.395669293675,69.58013846848593,"[0.191675,0.0,0.023952,0.173393,0.610981]",0.610981,0.41930599999999996,4,4,4,4,False,False
control_raw_critic_target,sa_ghmappo,61,18,dev_02_state_09,9b17e313c9c022b073c532cab790a8e4bbbfb88e37c386bc4de0316793e72b69,dev_02,4,True,False,True,before_or_at,0.8,complete_fixed_behavior_discounted_return_not_vpi,100.75270180026362,6.184595108032227,6.184595108032227,-94.5681066922314,94.5681066922314,8943.12680335326,94.5681066922314,"[0.166814,0.153769,0.020071,0.148556,0.51079]",0.51079,0.34397599999999995,4,4,4,4,False,False
control_raw_critic_target,sa_ghmappo,61,18,dev_02_state_10,e6a58b6c7a7e16fa45b8c640dbd4b125a27da61dec2113082cdfa830027b3bfb,dev_02,4,True,False,True,before_or_at,0.8,complete_fixed_behavior_discounted_return_not_vpi,75.75270180026362,6.18453311920166,6.18453311920166,-69.56816868106196,69.56816868106196,4839.73009363669,69.56816868106196,"[0.167066,0.153788,0.0201,0.148708,0.510337]",0.510337,0.34327100000000005,4,4,4,4,False,False
control_raw_critic_target,sa_ghmappo,61,18,dev_02_state_11,5fbcd355ad6ef625fe912c4a3485f5db6bcdb20e7b2dcdd955d3fe332063d473,dev_02,4,True,False,True,before_or_at,0.6,complete_fixed_behavior_discounted_return_not_vpi,75.75848028252462,6.184552192687988,6.184552192687988,-69.57392808983663,69.57392808983663,4840.531469849758,69.57392808983663,"[0.166621,0.153532,0.02007,0.148361,0.511416]",0.511416,0.34479499999999996,4,4,4,4,False,False
control_raw_critic_target,sa_ghmappo,61,18,dev_02_state_12,fdd3f8ff3f38604c74d277ed795fde0f3d9fa09eb963e4d8820de9b76534d356,dev_02,4,True,False,True,after,0.6,complete_fixed_behavior_discounted_return_not_vpi,100.50848028252462,6.1846113204956055,6.1846113204956055,-94.32386896202901,94.32386896202901,8896.992255966019,94.32386896202901,"[0.166374,0.153515,0.020039,0.148218,0.511854]",0.511854,0.34548,4,4,4,4,False,False
control_raw_critic_target,sa_ghmappo,61,18,dev_03_state_01,62750fc5f603af0e58fc56236599571502c69cfa558f3283ab10e1bc858471ae,dev_03,0,True,False,True,before_or_at,0.0,complete_fixed_behavior_discounted_return_not_vpi,75.32227037485364,6.184553146362305,6.184553146362305,-69.13771722849134,69.13771722849134,4780.023943566828,69.13771722849134,"[0.167277,0.15448,0.020662,0.148789,0.508792]",0.508792,0.341515,4,4,4,4,False,False
control_raw_critic_target,sa_ghmappo,61,18,dev_03_state_02,49dc0c665e7c8d1673bc0818a98dec317568afa99b48ce13b276daf91fdf1003,dev_03,1,True,False,True,before_or_at,0.1,complete_fixed_behavior_discounted_return_not_vpi,75.2654274086768,6.184567928314209,6.184567928314209,-69.08085948036259,69.08085948036259,4772.165146545602,69.08085948036259,"[0.166184,0.153087,0.020455,0.147365,0.51291]",0.51291,0.346726,4,4,4,4,False,False
control_raw_critic_target,sa_ghmappo,61,18,dev_03_state_03,5c249417d557afb821d09652c2ced9028d3dd95a2292007d63fec0a2af97227d,dev_03,1,True,True,True,before_or_at,0.1,complete_fixed_behavior_discounted_return_not_vpi,75.2654274086768,6.184711456298828,6.184711456298828,-69.08071595237797,69.08071595237797,4772.145316493128,69.08071595237797,"[0.190383,0.0,0.023952,0.174387,0.611278]",0.611278,0.420895,4,4,4,4,False,False
control_raw_critic_target,sa_ghmappo,61,18,dev_03_state_04,f5f32654c6274248e0d209cab36df9f70fd51f283f1cd0807581b37e93a74a25,dev_03,2,False,False,True,before_or_at,0.2,complete_fixed_behavior_discounted_return_not_vpi,75.46738204163074,6.184447288513184,6.184447288513184,-69.28293475311756,69.28293475311756,4800.125048004745,69.28293475311756,"[0.168673,0.155031,0.021283,0.149034,0.50598]",0.50598,0.337307,4,4,4,4,False,False
control_raw_critic_target,sa_ghmappo,61,18,dev_03_state_05,6cc42ee25dea2b20e7ddf5c4193dae1de54521b21ce67836be05490494a0b931,dev_03,2,True,False,True,before_or_at,0.2,complete_fixed_behavior_discounted_return_not_vpi,75.22963452915576,6.184627532958984,6.184627532958984,-69.04500699619678,69.04500699619678,4767.212991104861,69.04500699619678,"[0.166708,0.154352,0.020539,0.148858,0.509543]",0.509543,0.342835,4,4,4,4,False,False
control_raw_critic_target,sa_ghmappo,61,18,dev_03_state_06,1217155fad78690dd6f9e30d323674dca8a13a10b95a50b6354593aed403e43d,dev_03,3,True,True,True,before_or_at,0.3,complete_fixed_behavior_discounted_return_not_vpi,75.17185584736579,6.184720993041992,6.184720993041992,-68.9871348543238,68.9871348543238,4759.2247754086575,68.9871348543238,"[0.190305,0.0,0.023582,0.174263,0.611851]",0.611851,0.42154600000000003,4,4,4,4,False,False
control_raw_critic_target,sa_ghmappo,61,18,dev_03_state_07,c9b593dfc8699de434ab870b13435c9305897d412b8dedc394c04fd20511d413,dev_03,3,False,True,True,before_or_at,0.2,complete_fixed_behavior_discounted_return_not_vpi,75.22963452915576,6.184638500213623,6.184638500213623,-69.04499602894214,69.04499602894214,4767.211476636636,69.04499602894214,"[0.192012,0.0,0.024682,0.17483,0.608476]",0.608476,0.41646400000000006,4,4,4,4,False,False
control_raw_critic_target,sa_ghmappo,61,18,dev_03_state_08,6b17f75e0e3f5de80f49678d788da5519dddc9cc9bd584c0ee650b8d7219e7b6,dev_03,3,True,True,True,before_or_at,0.3,complete_fixed_behavior_discounted_return_not_vpi,75.4120048498658,6.184711456298828,6.184711456298828,-69.22729339356697,69.22729339356697,4792.418150599001,69.22729339356697,"[0.190564,0.0,0.023647,0.174163,0.611627]",0.611627,0.421063,4,4,4,4,False,False
control_raw_critic_target,sa_ghmappo,61,18,dev_03_state_09,0ccde0ef6c389b7341f4f1ea7beb149b259aad13dd1630dab7db376142e1073a,dev_03,3,False,False,True,before_or_at,0.2,complete_fixed_behavior_discounted_return_not_vpi,75.46738204163074,6.184442520141602,6.184442520141602,-69.28293952148914,69.28293952148914,4800.125708738322,69.28293952148914,"[0.167664,0.15357,0.021174,0.147476,0.510116]",0.510116,0.342452,4,4,4,4,False,False
control_raw_critic_target,sa_ghmappo,61,18,dev_03_state_10,ebe2739e96e527d82f495d7e680acc3138491d2e16ff51c3923b53550c15ae25,dev_03,3,True,True,True,before_or_at,0.3,complete_fixed_behavior_discounted_return_not_vpi,74.92928109736579,6.184726238250732,6.184726238250732,-68.74455485911506,68.74455485911506,4725.813822777879,68.74455485911506,"[0.190158,0.0,0.023575,0.174635,0.611631]",0.611631,0.42147300000000004,4,4,4,4,False,False
control_raw_critic_target,sa_ghmappo,61,18,dev_03_state_11,6f4069e08051d555eb68fe1fc24e55e73bd96f49eec834dcd284e6fcc78d573c,dev_03,4,True,False,True,before_or_at,0.4,complete_fixed_behavior_discounted_return_not_vpi,75.39606346424462,6.184654712677002,6.184654712677002,-69.21140875156762,69.21140875156762,4790.2191013765705,69.21140875156762,"[0.166494,0.154239,0.020148,0.148628,0.510491]",0.510491,0.343997,4,4,4,4,False,False
control_raw_critic_target,sa_ghmappo,61,18,dev_03_state_12,3280b55b15e26af81785ba01c8673bf4d36b50b213800bb4ae9d9639e7519111,dev_03,4,True,False,True,before_or_at,0.3,complete_fixed_behavior_discounted_return_not_vpi,74.92928109736579,6.184661865234375,6.184661865234375,-68.74461923213141,68.74461923213141,4725.822673370732,68.74461923213141,"[0.1664,0.154237,0.020061,0.148882,0.510419]",0.510419,0.34401899999999996,4,4,4,4,False,False
