method,seed,episode,design_id,steps,workflow_completed,node_coverage_rate,deadline_violation,modeled_completion_seconds,reward,result_provenance
sa_ghmappo_original,7,1,train_07,17,1,1.0,1,370.76924114,-36.75164768070053,historical_exact_match_reuse
sa_ghmappo_original,7,2,train_11,6,1,1.0,0,39.535433688000005,7.3595683221121,historical_exact_match_reuse
sa_ghmappo_original,7,3,train_03,6,1,1.0,0,47.373976735999996,11.25550761143519,historical_exact_match_reuse
sa_ghmappo_original,7,4,train_10,7,1,1.0,1,55.307550816,-0.9021481448147095,historical_exact_match_reuse
sa_ghmappo_original,7,5,train_08,5,1,1.0,1,77.19748450122475,3.7472717428351348,historical_exact_match_reuse
sa_ghmappo_original,7,6,train_04,5,1,1.0,1,81.2393964730221,3.428499446745819,historical_exact_match_reuse
sa_ghmappo_original,7,7,train_09,9,1,1.0,1,111.75474899907013,-5.941378223685455,historical_exact_match_reuse
sa_ghmappo_original,7,8,train_01,8,1,1.0,0,36.44229824,7.007988290267468,historical_exact_match_reuse
sa_ghmappo_original,7,9,train_00,10,1,1.0,0,74.86011517600001,-7.141919994367534,historical_exact_match_reuse
sa_ghmappo_original,7,10,train_06,6,1,1.0,1,83.19682478912051,4.866491049056599,historical_exact_match_reuse
sa_ghmappo_original,7,11,train_02,6,1,1.0,1,65.44263098660441,1.2872618864912133,historical_exact_match_reuse
sa_ghmappo_original,7,12,train_05,9,1,1.0,1,97.31955485600001,0.20043306857723664,historical_exact_match_reuse
sa_ghmappo_original,7,13,train_01,8,1,1.0,0,37.530460240000004,6.992836355052361,historical_exact_match_reuse
sa_ghmappo_original,7,14,train_08,7,1,1.0,0,33.40038665358233,5.179482295626942,historical_exact_match_reuse
sa_ghmappo_original,7,15,train_03,6,1,1.0,1,72.01771956120884,5.283953412475224,historical_exact_match_reuse
sa_ghmappo_original,7,16,train_04,5,1,1.0,1,81.2393964730221,3.428499446745819,historical_exact_match_reuse
sa_ghmappo_original,7,17,train_05,9,1,1.0,1,91.95065802799999,0.630116779339688,historical_exact_match_reuse
sa_ghmappo_original,7,18,train_06,8,1,1.0,1,138.69775939470284,-6.118420247057927,historical_exact_match_reuse
sa_ghmappo_original,7,19,train_02,6,1,1.0,1,80.17282304818676,-0.43581150974998506,historical_exact_match_reuse
sa_ghmappo_original,7,20,train_09,7,1,1.0,1,122.69442667907013,-0.8885960911973596,historical_exact_match_reuse
sa_ghmappo_original,7,21,train_11,6,1,1.0,0,31.511655648000005,8.001690476183338,historical_exact_match_reuse
sa_ghmappo_original,7,22,train_07,11,1,1.0,1,315.22936917999994,-14.384706199947937,historical_exact_match_reuse
sa_ghmappo_original,7,23,train_10,6,1,1.0,1,74.888158872,0.5313134512325322,historical_exact_match_reuse
sa_ghmappo_original,7,24,train_00,6,1,1.0,0,51.317163424,6.894315723244709,historical_exact_match_reuse
sa_ghmappo_original,7,25,train_10,7,1,1.0,1,125.040701508,-7.025502088866343,historical_exact_match_reuse
sa_ghmappo_original,7,26,train_03,6,1,1.0,1,64.02353635320883,5.923406299458835,historical_exact_match_reuse
sa_ghmappo_original,7,27,train_06,10,1,1.0,1,83.04019632028516,-6.643790165875934,historical_exact_match_reuse
sa_ghmappo_original,7,28,train_09,6,1,1.0,1,51.47123468,7.809788849477824,historical_exact_match_reuse
sa_ghmappo_original,7,29,train_11,6,1,1.0,0,28.11710114,8.750248457684659,historical_exact_match_reuse
sa_ghmappo_original,7,30,train_02,9,1,1.0,1,97.03296232520884,-10.784532892438996,historical_exact_match_reuse
sa_ghmappo_original,7,31,train_05,7,1,1.0,1,109.36623356800001,5.236566831613753,historical_exact_match_reuse
sa_ghmappo_original,7,32,train_00,8,1,1.0,1,129.401237692,-9.577472337504151,historical_exact_match_reuse
sa_ghmappo_original,7,33,train_04,6,1,1.0,1,73.14798039302207,1.0712779731214215,historical_exact_match_reuse
sa_ghmappo_original,7,34,train_08,7,1,1.0,0,33.40038665358234,5.179482295626941,historical_exact_match_reuse
sa_ghmappo_original,7,35,train_07,13,1,1.0,1,284.80590168000003,-17.40627752893402,historical_exact_match_reuse
sa_ghmappo_original,7,36,train_01,8,1,1.0,0,54.66007644,5.554663793059809,historical_exact_match_reuse
sa_ghmappo_original,7,37,train_03,10,1,1.0,1,67.49489900679116,-5.876941995341162,historical_exact_match_reuse
sa_ghmappo_original,7,38,train_02,5,1,1.0,0,27.776282725582334,11.777806089523697,historical_exact_match_reuse
sa_ghmappo_original,7,39,train_09,6,1,1.0,1,52.16830604,7.749500552573814,historical_exact_match_reuse
sa_ghmappo_original,7,40,train_00,10,1,1.0,1,144.989307284,-16.75260761295398,historical_exact_match_reuse
sa_ghmappo_original,7,41,train_01,8,1,1.0,0,47.229510319999996,6.144986980492352,historical_exact_match_reuse
sa_ghmappo_original,7,42,train_10,5,1,1.0,1,99.073005612,2.073499818891949,historical_exact_match_reuse
sa_ghmappo_original,7,43,train_08,7,1,1.0,1,75.13949789322474,-2.159733552285678,historical_exact_match_reuse
sa_ghmappo_original,7,44,train_07,17,1,1.0,1,272.95196588,-28.45345483317054,historical_exact_match_reuse
sa_ghmappo_original,7,45,train_05,10,1,1.0,0,69.216416572,3.453341488297052,historical_exact_match_reuse
sa_ghmappo_original,7,46,train_11,5,1,1.0,1,60.653223119070134,4.125561563886752,historical_exact_match_reuse
sa_ghmappo_original,7,47,train_06,6,1,1.0,1,75.1738177811205,5.508506640598627,historical_exact_match_reuse
sa_ghmappo_original,7,48,train_04,5,1,1.0,1,100.06781967302209,1.9220056798745833,historical_exact_match_reuse
sa_ghmappo_original,7,49,train_04,5,1,1.0,1,74.3312841930221,4.053057443281419,historical_exact_match_reuse
sa_ghmappo_original,7,50,train_05,12,1,1.0,1,89.40072046399999,-8.161403078710993,historical_exact_match_reuse
sa_ghmappo_original,7,51,train_09,6,1,1.0,0,40.70989787999999,12.670703102031728,historical_exact_match_reuse
sa_ghmappo_original,7,52,train_07,18,0,0.6666666666666666,0,69.81464707999999,-29.657350058488213,historical_exact_match_reuse
sa_ghmappo_original,7,53,train_08,7,1,1.0,1,73.19736938922475,-1.9324555356046522,historical_exact_match_reuse
sa_ghmappo_original,7,54,train_01,7,1,1.0,1,106.50689812,0.40718808772407744,historical_exact_match_reuse
sa_ghmappo_original,7,55,train_03,6,1,1.0,0,47.348440896,11.257615894732831,historical_exact_match_reuse
sa_ghmappo_original,7,56,train_10,9,1,1.0,1,121.042817988,-12.705537790416564,historical_exact_match_reuse
sa_ghmappo_original,7,57,train_00,7,1,1.0,0,60.812687384,2.982049771190588,historical_exact_match_reuse
sa_ghmappo_original,7,58,train_06,10,1,1.0,1,83.04019632028516,-6.643790165875934,historical_exact_match_reuse
sa_ghmappo_original,7,59,train_11,5,1,1.0,1,60.62740631907013,4.127708678008803,historical_exact_match_reuse
sa_ghmappo_original,7,60,train_02,7,1,1.0,1,93.03296232520884,-4.464532892438994,historical_exact_match_reuse
sa_ghmappo_original,7,61,train_02,9,1,1.0,1,52.585379213582335,-6.684158993793547,historical_exact_match_reuse
sa_ghmappo_original,7,62,train_04,5,1,1.0,1,89.2782866730221,2.785168319874582,historical_exact_match_reuse
sa_ghmappo_original,7,63,train_05,11,1,1.0,1,125.13900049200001,-8.020683091921136,historical_exact_match_reuse
sa_ghmappo_original,7,64,train_09,6,1,1.0,0,49.47308104,11.964873242207661,historical_exact_match_reuse
sa_ghmappo_original,7,65,train_06,7,1,1.0,1,144.34415960707634,-3.092849509436583,historical_exact_match_reuse
sa_ghmappo_original,7,66,train_08,6,1,1.0,1,56.66836048532898,2.3178706359597534,historical_exact_match_reuse
sa_ghmappo_original,7,67,train_07,14,1,1.0,1,340.02738350000004,-25.36864608110767,historical_exact_match_reuse
sa_ghmappo_original,7,68,train_01,6,1,1.0,0,62.01812720000001,10.961856932692825,historical_exact_match_reuse
sa_ghmappo_original,7,69,train_03,6,1,1.0,1,63.99684397720884,5.925674424891797,historical_exact_match_reuse
sa_ghmappo_original,7,70,train_00,10,1,1.0,1,104.93879466799999,-13.552612174874529,historical_exact_match_reuse
sa_ghmappo_original,7,71,train_11,5,1,1.0,1,101.220666492,1.3572578390601446,historical_exact_match_reuse
sa_ghmappo_original,7,72,train_10,9,1,1.0,1,129.016271948,-13.343546701939818,historical_exact_match_reuse
sa_ghmappo_original,7,73,train_00,7,1,1.0,1,117.802180964,-5.5009294541152896,historical_exact_match_reuse
sa_ghmappo_original,7,74,train_02,7,1,1.0,0,48.60980877358234,3.6338856192799285,historical_exact_match_reuse
sa_ghmappo_original,7,75,train_03,6,1,1.0,0,47.373976735999996,11.25550761143519,historical_exact_match_reuse
sa_ghmappo_original,7,76,train_07,13,1,1.0,1,282.12224212,-17.191964713942145,historical_exact_match_reuse
sa_ghmappo_original,7,77,train_11,6,1,1.0,1,74.72993356892988,1.0209939636139866,historical_exact_match_reuse
sa_ghmappo_original,7,78,train_08,5,1,1.0,1,71.11506833322474,4.162221834640848,historical_exact_match_reuse
sa_ghmappo_original,7,79,train_10,5,1,1.0,0,42.888506776,9.547200515359744,historical_exact_match_reuse
sa_ghmappo_original,7,80,train_01,8,1,1.0,0,46.59812056,6.199824501103438,historical_exact_match_reuse
sa_ghmappo_original,7,81,train_06,9,1,1.0,1,115.86333404270283,-6.814118673911917,historical_exact_match_reuse
sa_ghmappo_original,7,82,train_04,5,1,1.0,1,81.2393964730221,3.428499446745819,historical_exact_match_reuse
sa_ghmappo_original,7,83,train_09,7,1,1.0,0,32.637203639999996,10.312101485828084,historical_exact_match_reuse
sa_ghmappo_original,7,84,train_05,9,1,1.0,0,64.95305188,6.79014492640288,historical_exact_match_reuse
sa_ghmappo_original,7,85,train_04,5,1,1.0,1,74.3312841930221,4.053057443281419,historical_exact_match_reuse
sa_ghmappo_original,7,86,train_11,5,1,1.0,1,51.86594087107013,5.30567590533726,historical_exact_match_reuse
sa_ghmappo_original,7,87,train_09,6,1,1.0,0,42.49788236,12.595010753060592,historical_exact_match_reuse
sa_ghmappo_original,7,88,train_00,7,1,1.0,1,128.22632910000002,-6.411437274341158,historical_exact_match_reuse
sa_ghmappo_original,7,89,train_01,6,1,1.0,0,62.079594400000005,10.956792370473133,historical_exact_match_reuse
sa_ghmappo_original,7,90,train_07,12,1,1.0,1,299.35140896,-16.042658117035806,historical_exact_match_reuse
sa_ghmappo_original,7,91,train_05,10,1,1.0,0,69.216416572,3.453341488297052,historical_exact_match_reuse
sa_ghmappo_original,7,92,train_08,6,1,1.0,1,58.41040887174665,2.2504150122377995,historical_exact_match_reuse
sa_ghmappo_original,7,93,train_03,6,1,1.0,0,56.00122327320883,10.565325984835141,historical_exact_match_reuse
sa_ghmappo_original,7,94,train_10,5,1,1.0,0,34.496989375999995,11.240019406091804,historical_exact_match_reuse
sa_ghmappo_original,7,95,train_06,10,1,1.0,1,91.82775952828517,-7.823943338150851,historical_exact_match_reuse
sa_ghmappo_original,7,96,train_02,7,1,1.0,1,93.03296232520884,-4.464532892438994,historical_exact_match_reuse
sa_ghmappo_original,7,97,train_11,6,1,1.0,1,66.70762048892989,1.6629136489902925,historical_exact_match_reuse
sa_ghmappo_original,7,98,train_09,7,1,1.0,1,103.86587407907014,0.6179608965281327,historical_exact_match_reuse
sa_ghmappo_original,7,99,train_04,9,1,1.0,1,89.9336582330221,-9.27153137410937,historical_exact_match_reuse
sa_ghmappo_original,7,100,train_08,7,1,1.0,1,75.16393623722475,-2.1616901532282977,historical_exact_match_reuse
sa_ghmappo_original,7,101,train_05,7,1,1.0,0,60.92861792800001,13.112100920337452,historical_exact_match_reuse
sa_ghmappo_original,7,102,train_00,8,1,1.0,1,117.396936188,-8.47317325003555,historical_exact_match_reuse
sa_ghmappo_original,7,103,train_01,8,1,1.0,0,36.539415840000004,6.999940863852494,historical_exact_match_reuse
sa_ghmappo_original,7,104,train_02,6,1,1.0,1,65.49149010660442,1.2833511126381623,historical_exact_match_reuse
sa_ghmappo_original,7,105,train_06,9,1,1.0,1,130.32711729870283,-7.904071478264119,historical_exact_match_reuse
sa_ghmappo_original,7,106,train_07,13,1,1.0,1,364.93448884,-24.36100608809436,historical_exact_match_reuse
sa_ghmappo_original,7,107,train_10,5,1,1.0,1,142.622003492,-2.432136398984824,historical_exact_match_reuse
sa_ghmappo_original,7,108,train_03,6,1,1.0,0,38.560877688,12.43776906700775,historical_exact_match_reuse
sa_ghmappo_original,7,109,train_06,10,1,1.0,1,83.04019632028516,-6.643790165875934,historical_exact_match_reuse
sa_ghmappo_original,7,110,train_07,15,1,1.0,1,218.67378933999998,-18.115604095769925,historical_exact_match_reuse
sa_ghmappo_original,7,111,train_01,7,1,1.0,0,53.321497400000005,8.65735836035108,historical_exact_match_reuse
sa_ghmappo_original,7,112,train_04,5,1,1.0,1,89.2782866730221,2.785168319874582,historical_exact_match_reuse
sa_ghmappo_original,7,113,train_08,7,1,1.0,1,73.17293543722474,-1.9304995416700792,historical_exact_match_reuse
sa_ghmappo_original,7,114,train_10,5,1,1.0,0,34.496989375999995,11.240019406091804,historical_exact_match_reuse
sa_ghmappo_original,7,115,train_00,6,1,1.0,0,53.693874992000005,6.627778881487394,historical_exact_match_reuse
sa_ghmappo_original,7,116,train_03,6,1,1.0,0,55.395133279999996,10.613747768194205,historical_exact_match_reuse
sa_ghmappo_original,7,117,train_11,6,1,1.0,0,31.511655648000005,8.001690476183338,historical_exact_match_reuse
sa_ghmappo_original,7,118,train_09,6,1,1.0,0,41.43419083999999,12.608204369078898,historical_exact_match_reuse
sa_ghmappo_original,7,119,train_02,5,1,1.0,1,84.7200354956265,2.2005899912738247,historical_exact_match_reuse
sa_ghmappo_original,7,120,train_05,8,1,1.0,0,46.7198757,11.248802087182456,historical_exact_match_reuse
sa_ghmappo_original,7,121,train_00,10,1,1.0,0,45.260163039999995,-4.773615431383773,historical_exact_match_reuse
sa_ghmappo_original,7,122,train_01,7,1,1.0,1,99.2062904,0.9867384605951837,historical_exact_match_reuse
sa_ghmappo_original,7,123,train_11,6,1,1.0,0,31.485838848000004,8.00383759030539,historical_exact_match_reuse
sa_ghmappo_original,7,124,train_04,5,1,1.0,1,74.3312841930221,4.053057443281419,historical_exact_match_reuse
sa_ghmappo_original,7,125,train_09,7,1,1.0,0,43.43419084,9.448204369078898,historical_exact_match_reuse
sa_ghmappo_original,7,126,train_08,7,1,1.0,0,33.449250165582335,5.175570914765844,historical_exact_match_reuse
sa_ghmappo_original,7,127,train_07,12,1,1.0,1,288.71114042,-15.191261602933777,historical_exact_match_reuse
sa_ghmappo_original,7,128,train_05,9,1,1.0,0,43.398415439999994,8.514514819476354,historical_exact_match_reuse
sa_ghmappo_original,7,129,train_03,6,1,1.0,0,38.560877688,12.43776906700775,historical_exact_match_reuse
sa_ghmappo_original,7,130,train_06,6,1,1.0,1,75.1738177811205,5.508506640598627,historical_exact_match_reuse
sa_ghmappo_original,7,131,train_10,6,1,1.0,1,74.91258843199999,0.5293580643060061,historical_exact_match_reuse
sa_ghmappo_original,7,132,train_02,5,1,1.0,1,69.85256344520884,4.411615405437777,historical_exact_match_reuse
sa_ghmappo_original,7,133,train_02,5,1,1.0,0,27.800716677582336,11.775850095589124,historical_exact_match_reuse
sa_ghmappo_original,7,134,train_10,10,1,1.0,1,61.307550816,-10.38214814481471,historical_exact_match_reuse
sa_ghmappo_original,7,135,train_08,7,1,1.0,1,73.22179894922473,-1.9344109225311774,historical_exact_match_reuse
sa_ghmappo_original,7,136,train_01,8,1,1.0,0,36.47373424,7.005391640145417,historical_exact_match_reuse
sa_ghmappo_original,7,137,train_00,10,1,1.0,1,136.966994204,-16.110687927577672,historical_exact_match_reuse
sa_ghmappo_original,7,138,train_06,6,1,1.0,1,75.1738177811205,5.508506640598627,historical_exact_match_reuse
sa_ghmappo_original,7,139,train_05,9,1,1.0,1,97.31956363200001,0.20043185566680588,historical_exact_match_reuse
sa_ghmappo_original,7,140,train_03,6,1,1.0,0,38.535341848,12.439877350305391,historical_exact_match_reuse
sa_ghmappo_original,7,141,train_07,17,1,1.0,1,344.18747945999996,-34.15697528092883,historical_exact_match_reuse
sa_ghmappo_original,7,142,train_04,5,1,1.0,1,74.3312841930221,4.053057443281419,historical_exact_match_reuse
sa_ghmappo_original,7,143,train_11,6,1,1.0,0,28.11710114,8.750248457684659,historical_exact_match_reuse
sa_ghmappo_original,7,144,train_09,9,1,1.0,1,82.81895575907014,-3.6305411602198543,historical_exact_match_reuse
sa_ghmappo_original,7,145,train_10,6,1,1.0,1,109.88499838000001,-2.268608740309496,historical_exact_match_reuse
sa_ghmappo_original,7,146,train_03,6,1,1.0,0,56.00122327320883,10.565325984835141,historical_exact_match_reuse
sa_ghmappo_original,7,147,train_02,5,1,1.0,0,46.95668160558233,9.221657791646926,historical_exact_match_reuse
sa_ghmappo_original,7,148,train_09,9,1,1.0,1,55.801299639999996,-1.464797092193674,historical_exact_match_reuse
sa_ghmappo_original,7,149,train_04,5,1,1.0,1,74.3312841930221,4.053057443281419,historical_exact_match_reuse
sa_ghmappo_original,7,150,train_01,8,1,1.0,0,51.10952624,5.906511075052361,historical_exact_match_reuse
sa_ghmappo_original,7,151,train_06,9,1,1.0,1,115.86333404270283,-6.814118673911917,historical_exact_match_reuse
sa_ghmappo_original,7,152,train_11,5,1,1.0,1,58.28277824707013,4.859626262612894,historical_exact_match_reuse
sa_ghmappo_original,7,153,train_05,9,1,1.0,1,91.950653636,0.630117386347735,historical_exact_match_reuse
sa_ghmappo_original,7,154,train_08,7,1,1.0,0,39.45760223758233,4.766594152171303,historical_exact_match_reuse
sa_ghmappo_original,7,155,train_00,6,1,1.0,0,48.023839536,7.005117717935297,historical_exact_match_reuse
sa_ghmappo_original,7,156,train_07,17,1,1.0,1,234.55959854000002,-25.31471363114546,historical_exact_match_reuse
sa_ghmappo_original,7,157,train_06,6,1,1.0,1,74.40856765312051,6.046740127497241,historical_exact_match_reuse
sa_ghmappo_original,7,158,train_08,5,1,1.0,0,29.375957093582336,11.501437682553467,historical_exact_match_reuse
sa_ghmappo_original,7,159,train_01,8,1,1.0,0,59.16867252000001,5.261607843057552,historical_exact_match_reuse
sa_ghmappo_original,7,160,train_07,14,1,1.0,1,305.08049023999996,-22.572975403693455,historical_exact_match_reuse
sa_ghmappo_original,7,161,train_04,7,1,1.0,1,66.74191273651104,-1.3445026311241235,historical_exact_match_reuse
sa_ghmappo_original,7,162,train_11,6,1,1.0,1,66.68180368892989,1.6650607631123437,historical_exact_match_reuse
sa_ghmappo_original,7,163,train_10,5,1,1.0,1,93.837989548,2.4925658943867344,historical_exact_match_reuse
sa_ghmappo_original,7,164,train_05,11,1,1.0,1,117.47873526000001,-7.412260205338561,historical_exact_match_reuse
sa_ghmappo_original,7,165,train_09,9,1,1.0,1,82.78330535907014,-3.6275582960245725,historical_exact_match_reuse
sa_ghmappo_original,7,166,train_00,10,0,0.8,0,62.55938868,-15.086085455275192,historical_exact_match_reuse
sa_ghmappo_original,7,167,train_02,8,1,1.0,1,103.05450438120883,-8.26634601639175,historical_exact_match_reuse
sa_ghmappo_original,7,168,train_03,11,1,1.0,1,74.712571588,-8.977140366481969,historical_exact_match_reuse
sa_ghmappo_original,7,169,train_07,12,1,1.0,1,361.4950683,-21.014338372532023,historical_exact_match_reuse
sa_ghmappo_original,7,170,train_03,6,1,1.0,0,47.373976735999996,11.25550761143519,historical_exact_match_reuse
sa_ghmappo_original,7,171,train_05,11,1,1.0,1,117.11745843599999,-7.3788699679683765,historical_exact_match_reuse
sa_ghmappo_original,7,172,train_08,5,1,1.0,0,27.048109037582336,11.764063143449683,historical_exact_match_reuse
sa_ghmappo_original,7,173,train_02,6,1,1.0,1,65.46706054660442,1.2853064995646881,historical_exact_match_reuse
sa_ghmappo_original,7,174,train_00,7,1,1.0,1,107.374623108,-4.671253564659243,historical_exact_match_reuse
sa_ghmappo_original,7,175,train_04,5,1,1.0,1,81.2393964730221,3.428499446745819,historical_exact_match_reuse
sa_ghmappo_original,7,176,train_11,6,1,1.0,0,36.11359742,8.110475886430406,historical_exact_match_reuse
sa_ghmappo_original,7,177,train_09,6,1,1.0,1,52.5391406,7.796209019386287,historical_exact_match_reuse
sa_ghmappo_original,7,178,train_10,6,1,1.0,1,77.23278694400001,-0.20060413337155847,historical_exact_match_reuse
sa_ghmappo_original,7,179,train_01,8,1,1.0,0,46.569494160000005,6.202163675176669,historical_exact_match_reuse
sa_ghmappo_original,7,180,train_06,7,1,1.0,1,120.65089725070283,-1.6742718461868349,historical_exact_match_reuse
sa_ghmappo_original,7,181,train_02,5,1,1.0,0,27.776282725582334,11.777806089523697,historical_exact_match_reuse
sa_ghmappo_original,7,182,train_03,6,1,1.0,0,47.373976735999996,11.25550761143519,historical_exact_match_reuse
sa_ghmappo_original,7,183,train_05,9,1,1.0,1,97.34399758400001,0.1984758617322333,historical_exact_match_reuse
sa_ghmappo_original,7,184,train_00,7,1,1.0,1,109.365615124,-4.902442962201369,historical_exact_match_reuse
sa_ghmappo_original,7,185,train_07,10,1,1.0,1,100.47400719999999,6.889376039205706,historical_exact_match_reuse
sa_ghmappo_original,7,186,train_06,9,1,1.0,1,122.30480421870283,-7.262151792887813,historical_exact_match_reuse
sa_ghmappo_original,7,187,train_08,7,1,1.0,0,33.375952701582335,5.181438289561514,historical_exact_match_reuse
sa_ghmappo_original,7,188,train_10,5,1,1.0,0,34.496989375999995,11.240019406091804,historical_exact_match_reuse
sa_ghmappo_original,7,189,train_04,10,1,1.0,1,91.9336582330221,-12.43153137410937,historical_exact_match_reuse
sa_ghmappo_original,7,190,train_09,7,1,1.0,0,42.70989787999999,9.510703102031728,historical_exact_match_reuse
sa_ghmappo_original,7,191,train_01,6,1,1.0,0,31.74944128,13.387890373098248,historical_exact_match_reuse
sa_ghmappo_original,7,192,train_11,6,1,1.0,0,28.091284340000005,8.752395571806712,historical_exact_match_reuse
sa_ghmappo_original,17,1,train_10,7,1,1.0,1,117.042817988,-6.3855377904165636,historical_exact_match_reuse
sa_ghmappo_original,17,2,train_03,6,1,1.0,0,38.560877688,12.43776906700775,historical_exact_match_reuse
sa_ghmappo_original,17,3,train_00,6,1,1.0,0,53.693870608,6.62777948738978,historical_exact_match_reuse
sa_ghmappo_original,17,4,train_02,6,1,1.0,1,67.83835416260442,0.5511244979155916,historical_exact_match_reuse
sa_ghmappo_original,17,5,train_07,18,0,0.6666666666666666,0,61.783081679999995,-29.014690187511906,historical_exact_match_reuse
sa_ghmappo_original,17,6,train_11,5,1,1.0,1,68.67672019907013,3.483478240639924,historical_exact_match_reuse
sa_ghmappo_original,17,7,train_01,8,1,1.0,0,64.43456008000001,4.840157319312037,historical_exact_match_reuse
sa_ghmappo_original,17,8,train_09,7,1,1.0,1,96.55549123907014,1.19840707637331,historical_exact_match_reuse
sa_ghmappo_original,17,9,train_05,9,1,1.0,0,72.97469588,6.148060900808387,historical_exact_match_reuse
sa_ghmappo_original,17,10,train_04,5,1,1.0,1,74.3312841930221,4.053057443281419,historical_exact_match_reuse
sa_ghmappo_original,17,11,train_06,6,1,1.0,1,82.43157466112052,5.4047245359552125,historical_exact_match_reuse
sa_ghmappo_original,17,12,train_08,7,1,1.0,0,33.40038665358234,5.179482295626942,historical_exact_match_reuse
sa_ghmappo_original,17,13,train_05,9,1,1.0,1,118.920942712,-1.5278131097095005,historical_exact_match_reuse
sa_ghmappo_original,17,14,train_10,5,1,1.0,0,34.521423328,11.238063412157231,historical_exact_match_reuse
sa_ghmappo_original,17,15,train_00,7,1,1.0,0,60.83710816799999,2.9800955971744933,historical_exact_match_reuse
sa_ghmappo_original,17,16,train_03,6,1,1.0,1,72.64934539441767,5.233423345818517,historical_exact_match_reuse
sa_ghmappo_original,17,17,train_08,7,1,1.0,0,31.458253757582334,5.4067609193160155,historical_exact_match_reuse
sa_ghmappo_original,17,18,train_04,5,1,1.0,1,74.3312841930221,4.053057443281419,historical_exact_match_reuse
sa_ghmappo_original,17,19,train_09,7,1,1.0,1,96.55549123907014,1.19840707637331,historical_exact_match_reuse
sa_ghmappo_original,17,20,train_11,6,1,1.0,1,47.532623896000004,2.719699844692123,historical_exact_match_reuse
sa_ghmappo_original,17,21,train_07,17,1,1.0,1,152.75144398,-18.765477138774024,historical_exact_match_reuse
sa_ghmappo_original,17,22,train_06,6,1,1.0,1,75.1738177811205,5.508506640598627,historical_exact_match_reuse
sa_ghmappo_original,17,23,train_01,7,1,1.0,1,99.2377264,0.9841418104731328,historical_exact_match_reuse
sa_ghmappo_original,17,24,train_02,9,1,1.0,1,97.05739188520883,-10.786488279365521,historical_exact_match_reuse
sa_ghmappo_original,17,25,train_11,6,1,1.0,0,36.11359742,8.110475886430406,historical_exact_match_reuse
sa_ghmappo_original,17,26,train_09,7,1,1.0,1,96.52405523907014,1.2010037264953608,historical_exact_match_reuse
sa_ghmappo_original,17,27,train_10,5,1,1.0,1,64.10060444,4.871465410597018,historical_exact_match_reuse
sa_ghmappo_original,17,28,train_04,5,1,1.0,1,74.3312841930221,4.053057443281419,historical_exact_match_reuse
sa_ghmappo_original,17,29,train_05,9,1,1.0,1,105.36631505599999,-0.44344443065211925,historical_exact_match_reuse
sa_ghmappo_original,17,30,train_08,5,1,1.0,1,86.93811471964241,3.0397553085952924,historical_exact_match_reuse
sa_ghmappo_original,17,31,train_06,10,1,1.0,1,83.04019632028516,-6.643790165875934,historical_exact_match_reuse
sa_ghmappo_original,17,32,train_01,7,1,1.0,0,53.352933400000005,8.65476171022903,historical_exact_match_reuse
sa_ghmappo_original,17,33,train_07,17,1,1.0,1,363.4246127,-36.16834737468449,historical_exact_match_reuse
sa_ghmappo_original,17,34,train_02,5,1,1.0,0,27.800716677582336,11.775850095589124,historical_exact_match_reuse
sa_ghmappo_original,17,35,train_03,11,1,1.0,1,82.759544932,-9.621047323845003,historical_exact_match_reuse
sa_ghmappo_original,17,36,train_00,10,1,1.0,0,53.28394107999999,-5.415737585455011,historical_exact_match_reuse
sa_ghmappo_original,17,37,train_04,5,1,1.0,1,74.3312841930221,4.053057443281419,historical_exact_match_reuse
sa_ghmappo_original,17,38,train_08,6,1,1.0,1,66.40975735174665,1.6102482450930875,historical_exact_match_reuse
sa_ghmappo_original,17,39,train_00,8,1,1.0,0,49.671561919999995,0.9496985657580392,historical_exact_match_reuse
sa_ghmappo_original,17,40,train_11,6,1,1.0,1,78.12595303692989,0.27223351341773294,historical_exact_match_reuse
sa_ghmappo_original,17,41,train_03,6,1,1.0,1,64.62818885041766,5.875183189059501,historical_exact_match_reuse
sa_ghmappo_original,17,42,train_05,9,1,1.0,0,62.232493111999986,7.007524070989615,historical_exact_match_reuse
sa_ghmappo_original,17,43,train_02,7,1,1.0,1,101.05450438120883,-5.106346016391752,historical_exact_match_reuse
sa_ghmappo_original,17,44,train_06,7,1,1.0,1,144.34415960707634,-3.092849509436583,historical_exact_match_reuse
sa_ghmappo_original,17,45,train_10,5,1,1.0,0,34.521423328,11.238063412157231,historical_exact_match_reuse
sa_ghmappo_original,17,46,train_01,8,1,1.0,0,36.507979840000004,7.002537513974545,historical_exact_match_reuse
sa_ghmappo_original,17,47,train_07,13,1,1.0,1,330.9683196,-21.57221870718665,historical_exact_match_reuse
sa_ghmappo_original,17,48,train_09,6,1,1.0,0,48.68170168,12.032951489477824,historical_exact_match_reuse
sa_ghmappo_original,17,49,train_08,5,1,1.0,0,29.40038665358233,11.499482295626942,historical_exact_match_reuse
sa_ghmappo_original,17,50,train_02,6,1,1.0,1,67.83835416260442,0.5511244979155916,historical_exact_match_reuse
sa_ghmappo_original,17,51,train_09,8,1,1.0,1,98.45696883907013,-1.9534167591873066,historical_exact_match_reuse
sa_ghmappo_original,17,52,train_11,5,1,1.0,1,58.30831408707013,4.8575179793152525,historical_exact_match_reuse
sa_ghmappo_original,17,53,train_10,5,1,1.0,0,34.521423328,11.238063412157231,historical_exact_match_reuse
sa_ghmappo_original,17,54,train_03,6,1,1.0,1,85.93515069758234,4.647557947357228,historical_exact_match_reuse
sa_ghmappo_original,17,55,train_00,10,1,1.0,1,131.434675236,-15.66823832688855,historical_exact_match_reuse
sa_ghmappo_original,17,56,train_06,10,1,1.0,1,91.06250940028517,-7.285709851252241,historical_exact_match_reuse
sa_ghmappo_original,17,57,train_07,18,0,0.6666666666666666,0,69.81811672,-29.657668021613933,historical_exact_match_reuse
sa_ghmappo_original,17,58,train_05,9,1,1.0,1,80.973235312,1.5082627624952734,historical_exact_match_reuse
sa_ghmappo_original,17,59,train_04,5,1,1.0,1,82.36284959302209,3.410397572305113,historical_exact_match_reuse
sa_ghmappo_original,17,60,train_01,8,1,1.0,0,54.62583084,5.557517919230681,historical_exact_match_reuse
sa_ghmappo_original,17,61,train_02,9,1,1.0,1,97.03296232520884,-10.784532892438996,historical_exact_match_reuse
sa_ghmappo_original,17,62,train_05,7,1,1.0,1,101.344001976,5.878475254724186,historical_exact_match_reuse
sa_ghmappo_original,17,63,train_10,5,1,1.0,1,101.860302628,1.8506462090104279,historical_exact_match_reuse
sa_ghmappo_original,17,64,train_06,6,1,1.0,1,74.40856765312051,6.046740127497241,historical_exact_match_reuse
sa_ghmappo_original,17,65,train_00,7,1,1.0,0,68.85943002399999,2.338174698887756,historical_exact_match_reuse
sa_ghmappo_original,17,66,train_09,7,1,1.0,0,32.605767639999996,10.314698135950135,historical_exact_match_reuse
sa_ghmappo_original,17,67,train_08,5,1,1.0,0,27.048109037582336,11.764063143449683,historical_exact_match_reuse
sa_ghmappo_original,17,68,train_03,6,1,1.0,0,47.16258838520883,11.74969572370534,historical_exact_match_reuse
sa_ghmappo_original,17,69,train_01,8,1,1.0,0,58.01763852,5.2819530785167625,historical_exact_match_reuse
sa_ghmappo_original,17,70,train_04,5,1,1.0,1,74.3312841930221,4.053057443281419,historical_exact_match_reuse
sa_ghmappo_original,17,71,train_11,6,1,1.0,1,98.87301663600002,-1.3876697152570632,historical_exact_match_reuse
sa_ghmappo_original,17,72,train_07,18,0,0.7777777777777778,0,77.34776716,-25.2601746962559,historical_exact_match_reuse
sa_ghmappo_original,17,73,train_06,6,1,1.0,1,75.1738177811205,5.508506640598627,historical_exact_match_reuse
sa_ghmappo_original,17,74,train_04,5,1,1.0,1,74.3312841930221,4.053057443281419,historical_exact_match_reuse
sa_ghmappo_original,17,75,train_08,7,1,1.0,1,73.22179894922473,-1.9344109225311774,historical_exact_match_reuse
sa_ghmappo_original,17,76,train_03,6,1,1.0,0,47.16258838520883,11.74969572370534,historical_exact_match_reuse
sa_ghmappo_original,17,77,train_02,9,1,1.0,1,52.585379213582335,-6.684158993793547,historical_exact_match_reuse
sa_ghmappo_original,17,78,train_10,9,1,1.0,1,59.307550816,-7.222148144814709,historical_exact_match_reuse
sa_ghmappo_original,17,79,train_05,9,1,1.0,1,118.73443646800001,-1.5130209729829758,historical_exact_match_reuse
sa_ghmappo_original,17,80,train_01,8,1,1.0,0,37.59333224,6.9876430548082595,historical_exact_match_reuse
sa_ghmappo_original,17,81,train_09,9,1,1.0,1,119.76641759907014,-6.582498914507872,historical_exact_match_reuse
sa_ghmappo_original,17,82,train_07,16,1,1.0,1,279.69488014,-26.46578057082258,historical_exact_match_reuse
sa_ghmappo_original,17,83,train_11,5,1,1.0,1,106.873228628,1.449306946244259,historical_exact_match_reuse
sa_ghmappo_original,17,84,train_00,6,1,1.0,0,64.45896965600001,5.766572841324352,historical_exact_match_reuse
sa_ghmappo_original,17,85,train_09,9,1,1.0,1,82.78751975907014,-3.6279445100978025,historical_exact_match_reuse
sa_ghmappo_original,17,86,train_08,6,1,1.0,1,74.8815506636424,0.932810218089982,historical_exact_match_reuse
sa_ghmappo_original,17,87,train_05,10,1,1.0,0,74.58752453599999,3.0236089938000297,historical_exact_match_reuse
sa_ghmappo_original,17,88,train_04,5,1,1.0,1,89.27096187302209,2.7858395757695136,historical_exact_match_reuse
sa_ghmappo_original,17,89,train_07,14,1,1.0,1,108.48595815999998,-5.751719165079749,historical_exact_match_reuse
sa_ghmappo_original,17,90,train_11,6,1,1.0,1,74.73139852892989,1.0207914949190544,historical_exact_match_reuse
sa_ghmappo_original,17,91,train_03,9,1,1.0,1,69.17908467320882,-3.0116768486545755,historical_exact_match_reuse
sa_ghmappo_original,17,92,train_02,5,1,1.0,1,89.03296232520884,1.8554671075610059,historical_exact_match_reuse
sa_ghmappo_original,17,93,train_01,7,1,1.0,0,53.651120840000004,8.707559284259677,historical_exact_match_reuse
sa_ghmappo_original,17,94,train_00,5,1,1.0,0,62.869118768,8.889270010182639,historical_exact_match_reuse
sa_ghmappo_original,17,95,train_10,5,1,1.0,0,42.495558048,10.599960414386736,historical_exact_match_reuse
sa_ghmappo_original,17,96,train_06,10,1,1.0,1,83.04019632028516,-6.643790165875934,historical_exact_match_reuse
sa_ghmappo_original,17,97,train_06,6,1,1.0,1,115.67541153553816,2.268069470366881,historical_exact_match_reuse
sa_ghmappo_original,17,98,train_10,9,1,1.0,1,129.016271948,-13.343546701939818,historical_exact_match_reuse
sa_ghmappo_original,17,99,train_00,6,1,1.0,0,42.8813306,7.492957718931808,historical_exact_match_reuse
sa_ghmappo_original,17,100,train_11,6,1,1.0,0,28.11710114,8.750248457684659,historical_exact_match_reuse
sa_ghmappo_original,17,101,train_07,13,1,1.0,1,321.69494655999995,-20.352960606825867,historical_exact_match_reuse
sa_ghmappo_original,17,102,train_03,6,1,1.0,0,56.00122327320883,10.565325984835141,historical_exact_match_reuse
sa_ghmappo_original,17,103,train_04,5,1,1.0,1,74.3312841930221,4.053057443281419,historical_exact_match_reuse
sa_ghmappo_original,17,104,train_05,8,1,1.0,1,89.572723028,3.8198677572621764,historical_exact_match_reuse
sa_ghmappo_original,17,105,train_01,6,1,1.0,0,31.72081488,13.390229547171478,historical_exact_match_reuse
sa_ghmappo_original,17,106,train_09,6,1,1.0,0,48.71313768,12.030354839355772,historical_exact_match_reuse
sa_ghmappo_original,17,107,train_02,7,1,1.0,0,48.585379213582335,3.6358410062064537,historical_exact_match_reuse
sa_ghmappo_original,17,108,train_08,5,1,1.0,0,33.02978239758234,11.357352617818627,historical_exact_match_reuse
sa_ghmappo_original,17,109,train_01,7,1,1.0,1,99.59878584,1.0317460842596766,historical_exact_match_reuse
sa_ghmappo_original,17,110,train_05,9,1,1.0,1,126.532335656,-2.1323234025205435,historical_exact_match_reuse
sa_ghmappo_original,17,111,train_09,6,1,1.0,0,41.33566844,12.616380533518281,historical_exact_match_reuse
sa_ghmappo_original,17,112,train_03,9,1,1.0,1,65.52043484679116,-2.719050278638803,historical_exact_match_reuse
sa_ghmappo_original,17,113,train_02,5,1,1.0,0,35.82225873358234,11.134036971636366,historical_exact_match_reuse
sa_ghmappo_original,17,114,train_08,7,1,1.0,0,39.406493965582335,4.770815776061314,historical_exact_match_reuse
sa_ghmappo_original,17,115,train_04,5,1,1.0,1,82.36284959302209,3.410397572305113,historical_exact_match_reuse
sa_ghmappo_original,17,116,train_06,8,1,1.0,1,94.45388774112051,-1.5571951494210952,historical_exact_match_reuse
sa_ghmappo_original,17,117,train_11,6,1,1.0,1,70.10217499692989,0.9143556674889703,historical_exact_match_reuse
sa_ghmappo_original,17,118,train_10,5,1,1.0,1,93.837989548,2.4925658943867344,historical_exact_match_reuse
sa_ghmappo_original,17,119,train_00,6,1,1.0,0,51.704343552,6.858766416236973,historical_exact_match_reuse
sa_ghmappo_original,17,120,train_07,18,1,1.0,1,170.01438100000001,-23.079582155583125,historical_exact_match_reuse
sa_ghmappo_original,17,121,train_10,5,1,1.0,1,102.229506948,0.7997470036546734,historical_exact_match_reuse
sa_ghmappo_original,17,122,train_06,6,1,1.0,1,75.1738177811205,5.508506640598627,historical_exact_match_reuse
sa_ghmappo_original,17,123,train_07,11,1,1.0,1,360.27873176,-17.984271064466917,historical_exact_match_reuse
sa_ghmappo_original,17,124,train_01,8,1,1.0,0,58.049074520000005,5.279356428394711,historical_exact_match_reuse
sa_ghmappo_original,17,125,train_00,8,1,1.0,1,109.39905706,-7.833209558593816,historical_exact_match_reuse
sa_ghmappo_original,17,126,train_03,9,1,1.0,1,101.30326805879116,-6.058908724979116,historical_exact_match_reuse
sa_ghmappo_original,17,127,train_08,5,1,1.0,0,33.05645671758233,11.35508698786319,historical_exact_match_reuse
sa_ghmappo_original,17,128,train_11,6,1,1.0,1,75.4693668969299,0.4849075908374254,historical_exact_match_reuse
sa_ghmappo_original,17,129,train_02,5,1,1.0,0,43.79492850158233,10.496136441455139,historical_exact_match_reuse
sa_ghmappo_original,17,130,train_05,10,1,1.0,0,63.82168808,3.8846607431003255,historical_exact_match_reuse
sa_ghmappo_original,17,131,train_04,5,1,1.0,1,74.3312841930221,4.053057443281419,historical_exact_match_reuse
sa_ghmappo_original,17,132,train_09,9,1,1.0,1,103.72007319907013,-5.2984333108874475,historical_exact_match_reuse
sa_ghmappo_original,17,133,train_09,6,1,1.0,1,58.5403716,7.311298442209377,historical_exact_match_reuse
sa_ghmappo_original,17,134,train_03,6,1,1.0,1,63.83624634641767,6.415684801391077,historical_exact_match_reuse
sa_ghmappo_original,17,135,train_08,5,1,1.0,0,25.032678677582336,11.997209141934427,historical_exact_match_reuse
sa_ghmappo_original,17,136,train_10,7,1,1.0,1,55.307550816,-0.9021481448147095,historical_exact_match_reuse
sa_ghmappo_original,17,137,train_07,10,1,1.0,1,281.08977604,-8.577425111676835,historical_exact_match_reuse
sa_ghmappo_original,17,138,train_06,6,1,1.0,1,83.19613086112051,4.866586955222321,historical_exact_match_reuse
sa_ghmappo_original,17,139,train_11,6,1,1.0,0,28.091284340000005,8.752395571806712,historical_exact_match_reuse
sa_ghmappo_original,17,140,train_00,7,1,1.0,0,77.74684884,1.7749633540426277,historical_exact_match_reuse
sa_ghmappo_original,17,141,train_05,8,1,1.0,0,68.321961876,9.52045939572195,historical_exact_match_reuse
sa_ghmappo_original,17,142,train_01,7,1,1.0,0,61.28493088,8.020373816746837,historical_exact_match_reuse
sa_ghmappo_original,17,143,train_04,5,1,1.0,1,74.3312841930221,4.053057443281419,historical_exact_match_reuse
sa_ghmappo_original,17,144,train_02,6,1,1.0,1,67.83835416260442,0.5511244979155916,historical_exact_match_reuse
sa_ghmappo_original,17,145,train_08,7,1,1.0,0,31.409390245582337,5.410672300177112,historical_exact_match_reuse
sa_ghmappo_original,17,146,train_02,5,1,1.0,1,77.90000440520885,3.7676438199611777,historical_exact_match_reuse
sa_ghmappo_original,17,147,train_03,6,1,1.0,1,67.54159139079117,6.119189878120213,historical_exact_match_reuse
sa_ghmappo_original,17,148,train_09,6,1,1.0,1,52.13827484,7.751968464671455,historical_exact_match_reuse
sa_ghmappo_original,17,149,train_05,8,1,1.0,0,60.136222264,10.175145578032973,historical_exact_match_reuse
sa_ghmappo_original,17,150,train_06,9,1,1.0,1,114.28249113870282,-6.620232107511507,historical_exact_match_reuse
sa_ghmappo_original,17,151,train_07,10,1,1.0,1,291.61925270000006,-9.495819599469373,historical_exact_match_reuse
sa_ghmappo_original,17,152,train_04,5,1,1.0,1,82.3701743930221,3.4097263164101816,historical_exact_match_reuse
sa_ghmappo_original,17,153,train_10,5,1,1.0,0,42.543736408,10.596143726780927,historical_exact_match_reuse
sa_ghmappo_original,17,154,train_00,7,1,1.0,1,96.61094222,-3.8099861069702667,historical_exact_match_reuse
sa_ghmappo_original,17,155,train_11,6,1,1.0,1,85.49511472892988,0.15977596904110625,historical_exact_match_reuse
sa_ghmappo_original,17,156,train_01,6,1,1.0,0,53.32478156,11.66185516134754,historical_exact_match_reuse
sa_ghmappo_original,17,157,train_03,6,1,1.0,1,67.54159139079117,6.119189878120213,historical_exact_match_reuse
sa_ghmappo_original,17,158,train_02,5,1,1.0,0,35.797824781582335,11.13599296557094,historical_exact_match_reuse
sa_ghmappo_original,17,159,train_11,6,1,1.0,1,83.51896173692988,-0.15936167735586393,historical_exact_match_reuse
sa_ghmappo_original,17,160,train_10,5,1,1.0,1,53.677388256,4.683871108215032,historical_exact_match_reuse
sa_ghmappo_original,17,161,train_07,12,1,1.0,1,297.66545851999996,-15.836060575996425,historical_exact_match_reuse
sa_ghmappo_original,17,162,train_08,5,1,1.0,0,41.05278940558234,10.715337026276599,historical_exact_match_reuse
sa_ghmappo_original,17,163,train_05,8,1,1.0,1,79.05972630000001,4.661352826483341,historical_exact_match_reuse
sa_ghmappo_original,17,164,train_00,8,1,1.0,0,55.72877750399999,0.5368104223024002,historical_exact_match_reuse
sa_ghmappo_original,17,165,train_01,6,1,1.0,0,39.77996116,12.74532631517667,historical_exact_match_reuse
sa_ghmappo_original,17,166,train_06,6,1,1.0,1,83.19682478912051,4.866491049056599,historical_exact_match_reuse
sa_ghmappo_original,17,167,train_04,5,1,1.0,1,74.3312841930221,4.053057443281419,historical_exact_match_reuse
sa_ghmappo_original,17,168,train_09,7,1,1.0,1,103.83443807907014,0.6205575466501836,historical_exact_match_reuse
sa_ghmappo_original,17,169,train_03,9,1,1.0,1,93.25629471479117,-5.41500176761608,historical_exact_match_reuse
sa_ghmappo_original,17,170,train_09,9,1,1.0,1,101.65483315907014,-5.137769403840278,historical_exact_match_reuse
sa_ghmappo_original,17,171,train_07,12,1,1.0,1,333.23335374,-18.825122713571403,historical_exact_match_reuse
sa_ghmappo_original,17,172,train_05,9,1,1.0,1,110.27831574000001,-0.8319496309619778,historical_exact_match_reuse
sa_ghmappo_original,17,173,train_00,6,1,1.0,0,74.858769728,4.858009144653476,historical_exact_match_reuse
sa_ghmappo_original,17,174,train_02,5,1,1.0,1,69.87699739720884,4.409659411503204,historical_exact_match_reuse
sa_ghmappo_original,17,175,train_04,5,1,1.0,1,74.3312841930221,4.053057443281419,historical_exact_match_reuse
sa_ghmappo_original,17,176,train_08,5,1,1.0,0,27.384960685582335,11.732627687103639,historical_exact_match_reuse
sa_ghmappo_original,17,177,train_10,5,1,1.0,0,42.543736408,10.596143726780927,historical_exact_match_reuse
sa_ghmappo_original,17,178,train_01,6,1,1.0,1,70.07446388000001,6.317211176746836,historical_exact_match_reuse
sa_ghmappo_original,17,179,train_11,5,1,1.0,1,85.67922134092989,2.600480190365778,historical_exact_match_reuse
sa_ghmappo_original,17,180,train_06,6,1,1.0,1,83.19613086112051,4.866586955222321,historical_exact_match_reuse
sa_ghmappo_original,17,181,train_02,5,1,1.0,0,43.820831789582336,10.493977374028912,historical_exact_match_reuse
sa_ghmappo_original,17,182,train_07,18,1,1.0,1,249.29899347999998,-29.48959525716151,historical_exact_match_reuse
sa_ghmappo_original,17,183,train_05,10,1,1.0,1,82.72075378,-1.6271754086123473,historical_exact_match_reuse
sa_ghmappo_original,17,184,train_04,5,1,1.0,1,74.3312841930221,4.053057443281419,historical_exact_match_reuse
sa_ghmappo_original,17,185,train_06,7,1,1.0,1,60.738312304747005,3.6633021992049595,historical_exact_match_reuse
sa_ghmappo_original,17,186,train_03,10,1,1.0,0,56.717614489208835,-1.0820437285730184,historical_exact_match_reuse
sa_ghmappo_original,17,187,train_00,7,1,1.0,0,69.72453576,2.4168830394189333,historical_exact_match_reuse
sa_ghmappo_original,17,188,train_11,6,1,1.0,1,94.30849473692987,-1.0225243173558634,historical_exact_match_reuse
sa_ghmappo_original,17,189,train_10,6,1,1.0,1,88.021668424,-1.0639335405162704,historical_exact_match_reuse
sa_ghmappo_original,17,190,train_09,8,1,1.0,1,108.59253507907013,-2.7600084432277647,historical_exact_match_reuse
sa_ghmappo_original,17,191,train_01,6,1,1.0,0,61.28961984,11.024741879718885,historical_exact_match_reuse
sa_ghmappo_original,17,192,train_08,5,1,1.0,1,74.82077293322475,4.01380858459245,historical_exact_match_reuse
sa_ghmappo_original,29,1,train_07,13,1,1.0,1,398.09885568000004,-27.01907714727566,historical_exact_match_reuse
sa_ghmappo_original,29,2,train_09,7,1,1.0,1,103.87008847907013,0.6175746824549018,historical_exact_match_reuse
sa_ghmappo_original,29,3,train_00,6,1,1.0,0,53.66944104799999,6.629734874316306,historical_exact_match_reuse
sa_ghmappo_original,29,4,train_06,6,1,1.0,1,75.1738177811205,5.508506640598627,historical_exact_match_reuse
sa_ghmappo_original,29,5,train_03,6,1,1.0,1,72.62380955441768,5.235531629116158,historical_exact_match_reuse
sa_ghmappo_original,29,6,train_02,6,1,1.0,1,65.46706054660442,1.285306499564688,historical_exact_match_reuse
sa_ghmappo_original,29,7,train_11,6,1,1.0,0,31.485838848000004,8.00383759030539,historical_exact_match_reuse
sa_ghmappo_original,29,8,train_10,5,1,1.0,0,34.521423328,11.238063412157231,historical_exact_match_reuse
sa_ghmappo_original,29,9,train_04,5,1,1.0,1,81.93365823302209,3.368468625890631,historical_exact_match_reuse
sa_ghmappo_original,29,10,train_05,8,1,1.0,1,78.9466458,4.670003046935503,historical_exact_match_reuse
sa_ghmappo_original,29,11,train_01,7,1,1.0,0,46.37913952,9.284770483057553,historical_exact_match_reuse
sa_ghmappo_original,29,12,train_08,7,1,1.0,1,75.21279535722473,-2.165600927081349,historical_exact_match_reuse
sa_ghmappo_original,29,13,train_01,7,1,1.0,1,98.51343344,1.046640543425963,historical_exact_match_reuse
sa_ghmappo_original,29,14,train_07,16,1,1.0,1,277.78030936000005,-26.317011527697794,historical_exact_match_reuse
sa_ghmappo_original,29,15,train_04,5,1,1.0,1,81.2393964730221,3.428499446745819,historical_exact_match_reuse
sa_ghmappo_original,29,16,train_11,6,1,1.0,0,39.535433688000005,7.3595683221121,historical_exact_match_reuse
sa_ghmappo_original,29,17,train_03,10,1,1.0,1,63.86672340241767,-5.586849583612041,historical_exact_match_reuse
sa_ghmappo_original,29,18,train_00,9,1,1.0,0,61.66043745599999,-3.0814551302338646,historical_exact_match_reuse
sa_ghmappo_original,29,19,train_05,9,1,1.0,0,64.95091784,6.790183054879625,historical_exact_match_reuse
sa_ghmappo_original,29,20,train_08,6,1,1.0,1,62.69890174932898,1.9072481224595532,historical_exact_match_reuse
sa_ghmappo_original,29,21,train_02,5,1,1.0,1,84.6956059356265,2.20254537820035,historical_exact_match_reuse
sa_ghmappo_original,29,22,train_06,9,1,1.0,1,88.43157466112051,-4.075275464044789,historical_exact_match_reuse
sa_ghmappo_original,29,23,train_10,5,1,1.0,0,34.521423328,11.238063412157231,historical_exact_match_reuse
sa_ghmappo_original,29,24,train_09,7,1,1.0,1,93.79739423907014,1.418973066251258,historical_exact_match_reuse
sa_ghmappo_original,29,25,train_01,7,1,1.0,0,53.3186878,8.657615836399902,historical_exact_match_reuse
sa_ghmappo_original,29,26,train_06,8,1,1.0,1,106.21847872028518,-3.519902762202486,historical_exact_match_reuse
sa_ghmappo_original,29,27,train_10,10,0,0.8,0,52.565090808,-14.682576313272682,historical_exact_match_reuse
sa_ghmappo_original,29,28,train_07,18,0,0.8888888888888888,0,338.09302414,-42.137550320700534,historical_exact_match_reuse
sa_ghmappo_original,29,29,train_03,6,1,1.0,0,47.348440896,11.257615894732831,historical_exact_match_reuse
sa_ghmappo_original,29,30,train_09,6,1,1.0,0,41.36710444,12.61378388339623,historical_exact_match_reuse
sa_ghmappo_original,29,31,train_00,9,1,1.0,0,61.66043745599999,-3.0814551302338646,historical_exact_match_reuse
sa_ghmappo_original,29,32,train_02,6,1,1.0,1,72.15128099218674,0.2060016142027732,historical_exact_match_reuse
sa_ghmappo_original,29,33,train_05,7,1,1.0,1,117.45353028400001,4.589802350019558,historical_exact_match_reuse
sa_ghmappo_original,29,34,train_11,6,1,1.0,1,70.10217499692989,0.9143556674889703,historical_exact_match_reuse
sa_ghmappo_original,29,35,train_04,5,1,1.0,1,43.21922777651105,6.542021956602302,historical_exact_match_reuse
sa_ghmappo_original,29,36,train_08,7,1,1.0,0,31.433819805582335,5.408716913250587,historical_exact_match_reuse
sa_ghmappo_original,29,37,train_01,8,1,1.0,0,46.56668456,6.202421151225489,historical_exact_match_reuse
sa_ghmappo_original,29,38,train_10,5,1,1.0,0,34.496989375999995,11.240019406091804,historical_exact_match_reuse
sa_ghmappo_original,29,39,train_09,7,1,1.0,0,32.637203639999996,10.312101485828084,historical_exact_match_reuse
sa_ghmappo_original,29,40,train_06,6,1,1.0,1,75.1738177811205,5.508506640598627,historical_exact_match_reuse
sa_ghmappo_original,29,41,train_04,5,1,1.0,1,82.36284959302209,3.410397572305113,historical_exact_match_reuse
sa_ghmappo_original,29,42,train_11,6,1,1.0,1,70.10217499692989,0.9143556674889703,historical_exact_match_reuse
sa_ghmappo_original,29,43,train_02,7,1,1.0,1,93.00853276520883,-4.462577505512469,historical_exact_match_reuse
sa_ghmappo_original,29,44,train_00,10,1,1.0,0,45.260163039999995,-4.773615431383773,historical_exact_match_reuse
sa_ghmappo_original,29,45,train_07,18,0,0.8888888888888888,0,192.21840076,-29.99456766487326,historical_exact_match_reuse
sa_ghmappo_original,29,46,train_05,8,1,1.0,0,46.69544174799999,11.250758081117029,historical_exact_match_reuse
sa_ghmappo_original,29,47,train_08,5,1,1.0,0,25.03713136,11.848719027790128,historical_exact_match_reuse
sa_ghmappo_original,29,48,train_03,6,1,1.0,0,47.18784326520883,11.747626271232111,historical_exact_match_reuse
sa_ghmappo_original,29,49,train_06,6,1,1.0,1,75.1738177811205,5.508506640598627,historical_exact_match_reuse
sa_ghmappo_original,29,50,train_04,9,1,1.0,1,89.9336582330221,-9.27153137410937,historical_exact_match_reuse
sa_ghmappo_original,29,51,train_01,8,1,1.0,1,68.17627044,0.4735318133039108,historical_exact_match_reuse
sa_ghmappo_original,29,52,train_07,18,0,0.8888888888888888,0,145.40505126,-26.181770900448853,historical_exact_match_reuse
sa_ghmappo_original,29,53,train_03,10,1,1.0,1,63.84090660241767,-5.58470246948999,historical_exact_match_reuse
sa_ghmappo_original,29,54,train_09,6,1,1.0,0,49.47308104,11.964873242207661,historical_exact_match_reuse
sa_ghmappo_original,29,55,train_11,6,1,1.0,0,31.511655648000005,8.001690476183338,historical_exact_match_reuse
sa_ghmappo_original,29,56,train_10,9,1,1.0,1,121.042817988,-12.705537790416564,historical_exact_match_reuse
sa_ghmappo_original,29,57,train_02,5,1,1.0,0,46.95668160558233,9.221657791646926,historical_exact_match_reuse
sa_ghmappo_original,29,58,train_00,6,1,1.0,0,42.930198496,7.489045732168324,historical_exact_match_reuse
sa_ghmappo_original,29,59,train_08,7,1,1.0,1,83.18848090922475,-2.8039182617150367,historical_exact_match_reuse
sa_ghmappo_original,29,60,train_05,9,1,1.0,0,64.99979452,6.786269854100048,historical_exact_match_reuse
sa_ghmappo_original,29,61,train_08,5,1,1.0,0,25.061565312,11.846763033855556,historical_exact_match_reuse
sa_ghmappo_original,29,62,train_06,10,1,1.0,1,83.04019632028516,-6.643790165875934,historical_exact_match_reuse
sa_ghmappo_original,29,63,train_05,10,1,1.0,0,69.167544284,3.4572540820685824,historical_exact_match_reuse
sa_ghmappo_original,29,64,train_03,6,1,1.0,0,55.78955396241766,11.059552927929701,historical_exact_match_reuse
sa_ghmappo_original,29,65,train_07,12,1,1.0,1,284.8295903,-14.95259373861512,historical_exact_match_reuse
sa_ghmappo_original,29,66,train_10,8,1,1.0,1,119.042817988,-9.545537790416564,historical_exact_match_reuse
sa_ghmappo_original,29,67,train_09,6,1,1.0,0,41.43419083999999,12.608204369078898,historical_exact_match_reuse
sa_ghmappo_original,29,68,train_00,7,1,1.0,1,117.826610524,-5.502884841041816,historical_exact_match_reuse
sa_ghmappo_original,29,69,train_01,7,1,1.0,0,45.325223120000004,9.297068292101788,historical_exact_match_reuse
sa_ghmappo_original,29,70,train_11,5,1,1.0,1,60.652942159070136,4.125600394711162,historical_exact_match_reuse
sa_ghmappo_original,29,71,train_02,5,1,1.0,0,35.82225873358234,11.134036971636366,historical_exact_match_reuse
sa_ghmappo_original,29,72,train_04,9,1,1.0,1,89.93365823302209,-9.271531374109369,historical_exact_match_reuse
sa_ghmappo_original,29,73,train_06,9,1,1.0,1,115.86333404270283,-6.814118673911917,historical_exact_match_reuse
sa_ghmappo_original,29,74,train_04,5,1,1.0,1,82.36284959302209,3.410397572305113,historical_exact_match_reuse
sa_ghmappo_original,29,75,train_05,9,1,1.0,1,110.736647604,-0.8730697567175474,historical_exact_match_reuse
sa_ghmappo_original,29,76,train_01,6,1,1.0,0,54.01904332,11.601824340492351,historical_exact_match_reuse
sa_ghmappo_original,29,77,train_11,6,1,1.0,1,70.07635819692989,0.9165027816110216,historical_exact_match_reuse
sa_ghmappo_original,29,78,train_00,9,1,1.0,1,104.92978668399999,-10.623801572416655,historical_exact_match_reuse
sa_ghmappo_original,29,79,train_09,7,1,1.0,0,32.60155324,10.315084350023366,historical_exact_match_reuse
sa_ghmappo_original,29,80,train_08,7,1,1.0,0,31.384960685582335,5.4126276871036385,historical_exact_match_reuse
sa_ghmappo_original,29,81,train_07,17,1,1.0,1,207.55073099999998,-23.153829197043436,historical_exact_match_reuse
sa_ghmappo_original,29,82,train_03,6,1,1.0,1,72.760701468,6.178792834019676,historical_exact_match_reuse
sa_ghmappo_original,29,83,train_02,5,1,1.0,0,42.643754776,9.566780675359745,historical_exact_match_reuse
sa_ghmappo_original,29,84,train_10,7,1,1.0,1,117.01838842800001,-6.383582403490038,historical_exact_match_reuse
sa_ghmappo_original,29,85,train_04,5,1,1.0,1,81.93365823302209,3.368468625890631,historical_exact_match_reuse
sa_ghmappo_original,29,86,train_03,6,1,1.0,0,47.34844089599999,11.257615894732831,historical_exact_match_reuse
sa_ghmappo_original,29,87,train_01,7,1,1.0,0,53.3229022,8.657229622326671,historical_exact_match_reuse
sa_ghmappo_original,29,88,train_10,5,1,1.0,1,113.01838842800001,-0.06358240349003808,historical_exact_match_reuse
sa_ghmappo_original,29,89,train_02,5,1,1.0,1,50.665296832,4.924967551406986,historical_exact_match_reuse
sa_ghmappo_original,29,90,train_08,5,1,1.0,1,100.14052529538907,1.8400079468645765,historical_exact_match_reuse
sa_ghmappo_original,29,91,train_00,10,1,1.0,1,113.374623108,-14.151253564659243,historical_exact_match_reuse
sa_ghmappo_original,29,92,train_07,16,1,1.0,1,296.74257642,-27.83385825305583,historical_exact_match_reuse
sa_ghmappo_original,29,93,train_06,9,1,1.0,1,114.28249113870282,-6.620232107511507,historical_exact_match_reuse
sa_ghmappo_original,29,94,train_11,5,1,1.0,1,60.679039919070135,4.1234144497647005,historical_exact_match_reuse
sa_ghmappo_original,29,95,train_05,9,1,1.0,0,70.344270564,6.358540317353691,historical_exact_match_reuse
sa_ghmappo_original,29,96,train_09,7,1,1.0,1,104.52729503907014,0.5606554638194048,historical_exact_match_reuse
sa_ghmappo_original,29,97,train_00,9,1,1.0,1,104.905357124,-10.621846185490128,historical_exact_match_reuse
sa_ghmappo_original,29,98,train_02,6,1,1.0,1,67.83835416260442,0.5511244979155916,historical_exact_match_reuse
sa_ghmappo_original,29,99,train_11,5,1,1.0,1,107.66332066800001,0.9090610822137277,historical_exact_match_reuse
sa_ghmappo_original,29,100,train_03,6,1,1.0,1,82.20398885320883,4.946199984750143,historical_exact_match_reuse
sa_ghmappo_original,29,101,train_07,11,1,1.0,1,278.01689469999997,-11.412441764436213,historical_exact_match_reuse
sa_ghmappo_original,29,102,train_10,5,1,1.0,1,93.8624235,2.490609900452162,historical_exact_match_reuse
sa_ghmappo_original,29,103,train_08,6,1,1.0,1,52.32953475974665,2.665151980090754,historical_exact_match_reuse
sa_ghmappo_original,29,104,train_05,8,1,1.0,0,54.381597108,10.640177945921044,historical_exact_match_reuse
sa_ghmappo_original,29,105,train_01,8,1,1.0,0,54.59720444,5.559857093303911,historical_exact_match_reuse
sa_ghmappo_original,29,106,train_09,7,1,1.0,0,43.36850924,9.45365514537182,historical_exact_match_reuse
sa_ghmappo_original,29,107,train_06,10,1,1.0,1,91.82775952828517,-7.823943338150851,historical_exact_match_reuse
sa_ghmappo_original,29,108,train_04,6,1,1.0,1,64.73844309651103,1.8158153320015988,historical_exact_match_reuse
sa_ghmappo_original,29,109,train_11,6,1,1.0,0,31.511655648000005,8.001690476183338,historical_exact_match_reuse
sa_ghmappo_original,29,110,train_06,6,1,1.0,1,75.1738177811205,5.508506640598627,historical_exact_match_reuse
sa_ghmappo_original,29,111,train_09,9,1,1.0,1,101.65061875907014,-5.137383189767047,historical_exact_match_reuse
sa_ghmappo_original,29,112,train_10,5,1,1.0,0,34.496989375999995,11.240019406091804,historical_exact_match_reuse
sa_ghmappo_original,29,113,train_01,8,1,1.0,0,58.05188412000001,5.27909895234589,historical_exact_match_reuse
sa_ghmappo_original,29,114,train_08,7,1,1.0,0,41.44859864558233,4.535404147621131,historical_exact_match_reuse
sa_ghmappo_original,29,115,train_02,6,1,1.0,1,65.46706054660442,1.285306499564688,historical_exact_match_reuse
sa_ghmappo_original,29,116,train_00,8,1,1.0,0,47.317378624,1.1334964251605886,historical_exact_match_reuse
sa_ghmappo_original,29,117,train_05,10,1,1.0,1,101.56205097200001,-3.1343935134713536,historical_exact_match_reuse
sa_ghmappo_original,29,118,train_07,18,0,0.6666666666666666,0,122.33384622,-34.335899466346824,historical_exact_match_reuse
sa_ghmappo_original,29,119,train_03,6,1,1.0,0,47.34844089599999,11.257615894732831,historical_exact_match_reuse
sa_ghmappo_original,29,120,train_04,6,1,1.0,1,56.706877696511036,2.4584752029779047,historical_exact_match_reuse
sa_ghmappo_original,29,121,train_00,7,1,1.0,1,120.17889253199999,-5.7674662958726035,historical_exact_match_reuse
sa_ghmappo_original,29,122,train_08,5,1,1.0,0,25.061560919999998,11.846763640863603,historical_exact_match_reuse
sa_ghmappo_original,29,123,train_02,8,1,1.0,1,95.03296232520884,-7.624532892438995,historical_exact_match_reuse
sa_ghmappo_original,29,124,train_01,8,1,1.0,0,47.29519192000001,6.139536204199428,historical_exact_match_reuse
sa_ghmappo_original,29,125,train_11,6,1,1.0,1,75.49518369692989,0.48276047671537414,historical_exact_match_reuse
sa_ghmappo_original,29,126,train_06,6,1,1.0,1,75.1738177811205,5.508506640598627,historical_exact_match_reuse
sa_ghmappo_original,29,127,train_09,9,1,1.0,0,48.463996,3.117831957927442,historical_exact_match_reuse
sa_ghmappo_original,29,128,train_07,14,1,1.0,1,235.49130714,-16.4610984750761,historical_exact_match_reuse
sa_ghmappo_original,29,129,train_05,9,1,1.0,1,105.391434152,-0.4454951167363217,historical_exact_match_reuse
sa_ghmappo_original,29,130,train_03,8,1,1.0,1,73.88884095879116,-0.9330900173141319,historical_exact_match_reuse
sa_ghmappo_original,29,131,train_04,5,1,1.0,1,81.2393964730221,3.428499446745819,historical_exact_match_reuse
sa_ghmappo_original,29,132,train_10,5,1,1.0,1,142.646433052,-2.4340917859113502,historical_exact_match_reuse
sa_ghmappo_original,29,133,train_05,8,1,1.0,1,110.979117384,2.112107301070819,historical_exact_match_reuse
sa_ghmappo_original,29,134,train_07,12,1,1.0,1,288.74257642,-15.193858253055827,historical_exact_match_reuse
sa_ghmappo_original,29,135,train_03,6,1,1.0,0,38.560877688,12.43776906700775,historical_exact_match_reuse
sa_ghmappo_original,29,136,train_08,5,1,1.0,0,25.061565312,11.846763033855556,historical_exact_match_reuse
sa_ghmappo_original,29,137,train_11,6,1,1.0,1,60.28249728707013,1.6996650934373039,historical_exact_match_reuse
sa_ghmappo_original,29,138,train_02,5,1,1.0,0,42.643754776,9.566780675359745,historical_exact_match_reuse
sa_ghmappo_original,29,139,train_04,5,1,1.0,1,82.36284959302209,3.410397572305113,historical_exact_match_reuse
sa_ghmappo_original,29,140,train_10,5,1,1.0,1,121.042937492,-0.7058111189848235,historical_exact_match_reuse
sa_ghmappo_original,29,141,train_00,7,1,1.0,0,68.860123952,2.338078792722034,historical_exact_match_reuse
sa_ghmappo_original,29,142,train_09,7,1,1.0,1,93.76595823907013,1.4215697163733099,historical_exact_match_reuse
sa_ghmappo_original,29,143,train_01,6,1,1.0,0,53.32478156,11.66185516134754,historical_exact_match_reuse
sa_ghmappo_original,29,144,train_06,9,1,1.0,1,63.342975565582336,-2.068147144476013,historical_exact_match_reuse
sa_ghmappo_original,29,145,train_02,5,1,1.0,0,42.619325216,9.56873606228627,historical_exact_match_reuse
sa_ghmappo_original,29,146,train_11,6,1,1.0,0,31.511655648000005,8.001690476183338,historical_exact_match_reuse
sa_ghmappo_original,29,147,train_06,6,1,1.0,1,87.51194519470283,4.521321808535735,historical_exact_match_reuse
sa_ghmappo_original,29,148,train_03,6,1,1.0,0,38.535341848,12.439877350305391,historical_exact_match_reuse
sa_ghmappo_original,29,149,train_00,10,1,1.0,0,72.045496704,-6.9169681275776735,historical_exact_match_reuse
sa_ghmappo_original,29,150,train_10,8,1,1.0,1,127.018507932,-10.183855732058298,historical_exact_match_reuse
sa_ghmappo_original,29,151,train_08,6,1,1.0,1,56.64392654132898,2.319826628788665,historical_exact_match_reuse
sa_ghmappo_original,29,152,train_09,6,1,1.0,0,41.43419083999999,12.608204369078898,historical_exact_match_reuse
sa_ghmappo_original,29,153,train_05,9,1,1.0,1,91.95065802799999,0.630116779339688,historical_exact_match_reuse
sa_ghmappo_original,29,154,train_04,5,1,1.0,1,74.3312841930221,4.053057443281419,historical_exact_match_reuse
sa_ghmappo_original,29,155,train_07,17,1,1.0,1,336.32369941999997,-34.00042340212751,historical_exact_match_reuse
sa_ghmappo_original,29,156,train_01,8,1,1.0,0,36.539415840000004,6.999940863852494,historical_exact_match_reuse
sa_ghmappo_original,29,157,train_03,6,1,1.0,0,47.348440896,11.257615894732831,historical_exact_match_reuse
sa_ghmappo_original,29,158,train_11,5,1,1.0,1,60.65350407907013,4.125522733062342,historical_exact_match_reuse
sa_ghmappo_original,29,159,train_05,9,1,1.0,0,62.232493111999986,7.007524070989615,historical_exact_match_reuse
sa_ghmappo_original,29,160,train_07,12,1,1.0,1,288.71114042,-15.191261602933777,historical_exact_match_reuse
sa_ghmappo_original,29,161,train_02,5,1,1.0,1,69.85256344520884,4.411615405437777,historical_exact_match_reuse
sa_ghmappo_original,29,162,train_00,7,1,1.0,1,96.61094222,-3.8099861069702667,historical_exact_match_reuse
sa_ghmappo_original,29,163,train_04,5,1,1.0,1,74.3312841930221,4.053057443281419,historical_exact_match_reuse
sa_ghmappo_original,29,164,train_08,6,1,1.0,1,52.378402655746655,2.6612399933272703,historical_exact_match_reuse
sa_ghmappo_original,29,165,train_09,7,1,1.0,1,114.69118687907013,-0.2482478285214036,historical_exact_match_reuse
sa_ghmappo_original,29,166,train_10,8,1,1.0,1,148.622003492,-11.912136398984824,historical_exact_match_reuse
sa_ghmappo_original,29,167,train_01,8,1,1.0,0,36.539415840000004,6.999940863852494,historical_exact_match_reuse
sa_ghmappo_original,29,168,train_06,10,1,1.0,1,83.04019632028516,-6.643790165875934,historical_exact_match_reuse
sa_ghmappo_original,29,169,train_04,6,1,1.0,1,73.14798039302207,1.0712779731214215,historical_exact_match_reuse
sa_ghmappo_original,29,170,train_09,7,1,1.0,1,93.79739423907014,1.418973066251258,historical_exact_match_reuse
sa_ghmappo_original,29,171,train_06,8,1,1.0,1,122.65089725070283,-4.8342718461868355,historical_exact_match_reuse
sa_ghmappo_original,29,172,train_05,9,1,1.0,0,48.816184555999996,8.080918514942372,historical_exact_match_reuse
sa_ghmappo_original,29,173,train_02,5,1,1.0,1,84.7200354956265,2.2005899912738247,historical_exact_match_reuse
sa_ghmappo_original,29,174,train_00,5,1,1.0,0,56.812678608,9.302050984101019,historical_exact_match_reuse
sa_ghmappo_original,29,175,train_11,6,1,1.0,1,75.49518369692989,0.48276047671537414,historical_exact_match_reuse
sa_ghmappo_original,29,176,train_01,8,1,1.0,0,47.29519191999999,6.139536204199429,historical_exact_match_reuse
sa_ghmappo_original,29,177,train_10,9,1,1.0,1,121.042817988,-12.705537790416564,historical_exact_match_reuse
sa_ghmappo_original,29,178,train_07,11,1,1.0,1,317.83460268,-14.593124879947936,historical_exact_match_reuse
sa_ghmappo_original,29,179,train_08,6,1,1.0,1,52.353964319746645,2.6631965931642285,historical_exact_match_reuse
sa_ghmappo_original,29,180,train_03,8,1,1.0,1,78.20493341841767,-1.2783937681086615,historical_exact_match_reuse
sa_ghmappo_original,29,181,train_11,6,1,1.0,1,51.46939823907013,2.8819265490098633,historical_exact_match_reuse
sa_ghmappo_original,29,182,train_05,9,1,1.0,0,43.422844999999995,8.512559432549828,historical_exact_match_reuse
sa_ghmappo_original,29,183,train_09,7,1,1.0,0,32.637203639999996,10.312101485828084,historical_exact_match_reuse
sa_ghmappo_original,29,184,train_02,5,1,1.0,0,27.800716677582336,11.775850095589124,historical_exact_match_reuse
sa_ghmappo_original,29,185,train_10,5,1,1.0,1,53.677388256,4.683871108215032,historical_exact_match_reuse
sa_ghmappo_original,29,186,train_06,9,1,1.0,1,157.763351482241,-10.643532975084675,historical_exact_match_reuse
sa_ghmappo_original,29,187,train_00,7,1,1.0,1,98.60194740400001,-4.041177324430871,historical_exact_match_reuse
sa_ghmappo_original,29,188,train_07,11,1,1.0,1,266.68109684,-10.500898268338462,historical_exact_match_reuse
sa_ghmappo_original,29,189,train_03,6,1,1.0,0,47.348440896,11.257615894732831,historical_exact_match_reuse
sa_ghmappo_original,29,190,train_01,8,1,1.0,0,36.47654384,7.005134164096597,historical_exact_match_reuse
sa_ghmappo_original,29,191,train_08,7,1,1.0,0,33.42481621358233,5.177526908700416,historical_exact_match_reuse
sa_ghmappo_original,29,192,train_04,6,1,1.0,1,73.14798039302207,1.0712779731214215,historical_exact_match_reuse
sa_ghmappo_no_auxiliary,7,1,train_07,17,1,1.0,1,370.76924114,-36.75164768070053,new_bounded_training
sa_ghmappo_no_auxiliary,7,2,train_11,6,1,1.0,0,39.535433688000005,7.3595683221121,new_bounded_training
sa_ghmappo_no_auxiliary,7,3,train_03,6,1,1.0,0,47.373976735999996,11.25550761143519,new_bounded_training
sa_ghmappo_no_auxiliary,7,4,train_10,7,1,1.0,1,55.307550816,-0.9021481448147095,new_bounded_training
sa_ghmappo_no_auxiliary,7,5,train_08,5,1,1.0,1,77.19748450122474,3.7472717428351356,new_bounded_training
sa_ghmappo_no_auxiliary,7,6,train_04,5,1,1.0,1,81.2393964730221,3.428499446745819,new_bounded_training
sa_ghmappo_no_auxiliary,7,7,train_09,9,1,1.0,1,111.75474899907013,-5.941378223685455,new_bounded_training
sa_ghmappo_no_auxiliary,7,8,train_01,8,1,1.0,0,36.44229824,7.007988290267468,new_bounded_training
sa_ghmappo_no_auxiliary,7,9,train_00,10,1,1.0,0,74.86011517600001,-7.141919994367534,new_bounded_training
sa_ghmappo_no_auxiliary,7,10,train_06,6,1,1.0,1,83.19682478912051,4.866491049056599,new_bounded_training
sa_ghmappo_no_auxiliary,7,11,train_02,6,1,1.0,1,65.44263098660441,1.2872618864912133,new_bounded_training
sa_ghmappo_no_auxiliary,7,12,train_05,9,1,1.0,1,105.342561864,-0.4415825229647914,new_bounded_training
sa_ghmappo_no_auxiliary,7,13,train_01,7,1,1.0,0,45.22810552,9.305115718516763,new_bounded_training
sa_ghmappo_no_auxiliary,7,14,train_08,7,1,1.0,0,41.39973513358233,4.53931552848223,new_bounded_training
sa_ghmappo_no_auxiliary,7,15,train_03,6,1,1.0,0,56.00122327320883,10.565325984835141,new_bounded_training
sa_ghmappo_no_auxiliary,7,16,train_04,5,1,1.0,1,82.36284959302209,3.410397572305113,new_bounded_training
sa_ghmappo_no_auxiliary,7,17,train_05,9,1,1.0,1,113.503160428,-1.0942149852570404,new_bounded_training
sa_ghmappo_no_auxiliary,7,18,train_06,10,1,1.0,1,83.04019632028516,-6.6437901658759335,new_bounded_training
sa_ghmappo_no_auxiliary,7,19,train_02,6,1,1.0,1,65.44263098660441,1.2872618864912133,new_bounded_training
sa_ghmappo_no_auxiliary,7,20,train_09,6,1,1.0,0,49.44164504,11.967469892329712,new_bounded_training
sa_ghmappo_no_auxiliary,7,21,train_11,6,1,1.0,1,74.70558172892989,1.0229386090411068,new_bounded_training
sa_ghmappo_no_auxiliary,7,22,train_07,18,1,1.0,1,291.20633546,-32.9141544613746,new_bounded_training
sa_ghmappo_no_auxiliary,7,23,train_10,5,1,1.0,0,34.521423328,11.238063412157231,new_bounded_training
sa_ghmappo_no_auxiliary,7,24,train_00,7,1,1.0,1,104.198676628,-4.412647574278331,new_bounded_training
sa_ghmappo_no_auxiliary,7,25,train_10,5,1,1.0,1,64.10060444,4.871465410597018,new_bounded_training
sa_ghmappo_no_auxiliary,7,26,train_03,6,1,1.0,1,72.759544932,6.178952676154998,new_bounded_training
sa_ghmappo_no_auxiliary,7,27,train_06,9,1,1.0,1,114.28249113870285,-6.620232107511507,new_bounded_training
sa_ghmappo_no_auxiliary,7,28,train_09,6,1,1.0,1,60.60561164,7.150634535162208,new_bounded_training
sa_ghmappo_no_auxiliary,7,29,train_11,5,1,1.0,1,115.68632767600002,0.26704549067169836,new_bounded_training
sa_ghmappo_no_auxiliary,7,30,train_02,6,1,1.0,1,65.49149010660442,1.283351112638162,new_bounded_training
sa_ghmappo_no_auxiliary,7,31,train_05,9,1,1.0,1,91.73614956,0.6471012603274593,new_bounded_training
sa_ghmappo_no_auxiliary,7,32,train_00,8,1,1.0,1,140.552056292,-10.474026427784768,new_bounded_training
sa_ghmappo_no_auxiliary,7,33,train_04,9,1,1.0,1,59.95237973651104,-6.801339991124125,new_bounded_training
sa_ghmappo_no_auxiliary,7,34,train_08,5,1,1.0,1,66.79622386922473,4.656037300087235,new_bounded_training
sa_ghmappo_no_auxiliary,7,35,train_07,18,1,1.0,1,289.37610013999995,-32.77171837483199,new_bounded_training
sa_ghmappo_no_auxiliary,7,36,train_01,7,1,1.0,1,107.23259587999999,0.34456061674683625,new_bounded_training
sa_ghmappo_no_auxiliary,7,37,train_03,9,1,1.0,1,76.52046679200001,-4.143620083970839,new_bounded_training
sa_ghmappo_no_auxiliary,7,38,train_02,9,1,1.0,1,52.60980877358234,-6.686114380720072,new_bounded_training
sa_ghmappo_no_auxiliary,7,39,train_09,6,1,1.0,0,48.74146328,12.028043231055422,new_bounded_training
sa_ghmappo_no_auxiliary,7,40,train_00,10,1,1.0,1,112.59982214799999,-14.161140409970217,new_bounded_training
sa_ghmappo_no_auxiliary,7,41,train_01,6,1,1.0,0,62.048158400000005,10.959389020595184,new_bounded_training
sa_ghmappo_no_auxiliary,7,42,train_10,5,1,1.0,1,109.88485169200001,1.2084174935156424,new_bounded_training
sa_ghmappo_no_auxiliary,7,43,train_08,5,1,1.0,1,78.9135656556424,3.6819840240900796,new_bounded_training
sa_ghmappo_no_auxiliary,7,44,train_07,10,1,1.0,1,248.23867116000002,-5.476813124673413,new_bounded_training
sa_ghmappo_no_auxiliary,7,45,train_05,9,1,1.0,1,86.367268796,1.076525938722095,new_bounded_training
sa_ghmappo_no_auxiliary,7,46,train_11,6,1,1.0,1,74.70411676892988,1.0231410777360384,new_bounded_training
sa_ghmappo_no_auxiliary,7,47,train_06,8,1,1.0,1,96.79998077312051,-2.289315202720117,new_bounded_training
sa_ghmappo_no_auxiliary,7,48,train_04,5,1,1.0,1,81.2393964730221,3.428499446745819,new_bounded_training
sa_ghmappo_no_auxiliary,7,49,train_04,5,1,1.0,1,88.84177051302208,2.7439106293550313,new_bounded_training
sa_ghmappo_no_auxiliary,7,50,train_05,9,1,1.0,1,110.761081556,-0.87502575065212,new_bounded_training
sa_ghmappo_no_auxiliary,7,51,train_09,6,1,1.0,0,40.67846187999999,12.67329975215378,new_bounded_training
sa_ghmappo_no_auxiliary,7,52,train_07,12,1,1.0,1,237.29899348000004,-10.529595257161507,new_bounded_training
sa_ghmappo_no_auxiliary,7,53,train_08,5,1,1.0,0,29.37595270158233,11.501438289561515,new_bounded_training
sa_ghmappo_no_auxiliary,7,54,train_01,8,1,1.0,0,66.10822080000001,4.634453196399901,new_bounded_training
sa_ghmappo_no_auxiliary,7,55,train_03,6,1,1.0,0,59.68075151758233,10.270978175686327,new_bounded_training
sa_ghmappo_no_auxiliary,7,56,train_10,5,1,1.0,0,34.521423328,11.238063412157231,new_bounded_training
sa_ghmappo_no_auxiliary,7,57,train_00,10,1,1.0,0,77.625218616,-7.3631272474410085,new_bounded_training
sa_ghmappo_no_auxiliary,7,58,train_06,6,1,1.0,1,91.21913786912052,4.224571363680293,new_bounded_training
sa_ghmappo_no_auxiliary,7,59,train_11,5,1,1.0,1,58.256961447070125,4.861773376734946,new_bounded_training
sa_ghmappo_no_auxiliary,7,60,train_02,7,1,1.0,1,56.582491709582335,-1.0040167308197785,new_bounded_training
sa_ghmappo_no_auxiliary,7,61,train_02,6,1,1.0,1,65.46706054660442,1.285306499564688,new_bounded_training
sa_ghmappo_no_auxiliary,7,62,train_04,5,1,1.0,1,101.19127279302208,1.9039038054338766,new_bounded_training
sa_ghmappo_no_auxiliary,7,63,train_05,10,1,1.0,1,101.586480532,-3.1363489003978806,new_bounded_training
sa_ghmappo_no_auxiliary,7,64,train_09,6,1,1.0,0,41.43419083999999,12.608204369078898,new_bounded_training
sa_ghmappo_no_auxiliary,7,65,train_06,10,1,1.0,1,91.82775952828516,-7.823943338150851,new_bounded_training
sa_ghmappo_no_auxiliary,7,66,train_08,6,1,1.0,1,56.64392214932898,2.3198272357967116,new_bounded_training
sa_ghmappo_no_auxiliary,7,67,train_07,10,1,1.0,1,291.61925269999995,-9.495819599469373,new_bounded_training
sa_ghmappo_no_auxiliary,7,68,train_01,6,1,1.0,0,61.355301440000005,11.019291103425964,new_bounded_training
sa_ghmappo_no_auxiliary,7,69,train_03,6,1,1.0,1,64.62818885041766,5.875183189059501,new_bounded_training
sa_ghmappo_no_auxiliary,7,70,train_00,6,1,1.0,0,51.341597375999996,6.892359729310137,new_bounded_training
sa_ghmappo_no_auxiliary,7,71,train_11,6,1,1.0,0,36.904664348,7.570095285409742,new_bounded_training
sa_ghmappo_no_auxiliary,7,72,train_10,5,1,1.0,1,123.441604612,0.1240118988919483,new_bounded_training
sa_ghmappo_no_auxiliary,7,73,train_00,6,1,1.0,0,37.211295136,7.870296556485372,new_bounded_training
sa_ghmappo_no_auxiliary,7,74,train_02,5,1,1.0,1,85.92154646120883,3.1258306960084195,new_bounded_training
sa_ghmappo_no_auxiliary,7,75,train_03,6,1,1.0,1,63.83624634641767,6.415684801391077,new_bounded_training
sa_ghmappo_no_auxiliary,7,76,train_07,10,1,1.0,1,292.78570726,-9.517577998674101,new_bounded_training
sa_ghmappo_no_auxiliary,7,77,train_11,5,1,1.0,1,109.98241290000001,0.1792517809072769,new_bounded_training
sa_ghmappo_no_auxiliary,7,78,train_08,5,1,1.0,0,35.072658101582334,11.121834427954898,new_bounded_training
sa_ghmappo_no_auxiliary,7,79,train_10,5,1,1.0,1,72.12291752,4.229545725220712,new_bounded_training
sa_ghmappo_no_auxiliary,7,80,train_01,7,1,1.0,0,53.2257846,8.665277048741647,new_bounded_training
sa_ghmappo_no_auxiliary,7,81,train_06,6,1,1.0,1,75.1738177811205,5.508506640598628,new_bounded_training
sa_ghmappo_no_auxiliary,7,82,train_04,5,1,1.0,1,93.15970739302207,2.546563676410183,new_bounded_training
sa_ghmappo_no_auxiliary,7,83,train_09,7,1,1.0,1,103.82711327907013,0.6212288025451156,new_bounded_training
sa_ghmappo_no_auxiliary,7,84,train_05,8,1,1.0,0,62.92430347999999,9.952183585703764,new_bounded_training
sa_ghmappo_no_auxiliary,7,85,train_04,5,1,1.0,1,74.3312841930221,4.053057443281419,new_bounded_training
sa_ghmappo_no_auxiliary,7,86,train_11,5,1,1.0,1,101.22094745200002,1.357219008235734,new_bounded_training
sa_ghmappo_no_auxiliary,7,87,train_09,6,1,1.0,0,49.41020904,11.970066542451763,new_bounded_training
sa_ghmappo_no_auxiliary,7,88,train_00,7,1,1.0,1,128.152337716,-6.405473994485425,new_bounded_training
sa_ghmappo_no_auxiliary,7,89,train_01,7,1,1.0,1,107.62649612,0.38943950238691816,new_bounded_training
sa_ghmappo_no_auxiliary,7,90,train_07,10,1,1.0,1,299.68572373999996,-10.141394083693454,new_bounded_training
sa_ghmappo_no_auxiliary,7,91,train_05,10,1,1.0,1,77.189133124,-1.184822319991334,new_bounded_training
sa_ghmappo_no_auxiliary,7,92,train_08,7,1,1.0,0,39.43093230158234,4.768859176224355,new_bounded_training
sa_ghmappo_no_auxiliary,7,93,train_03,6,1,1.0,1,63.99684397720884,5.925674424891797,new_bounded_training
sa_ghmappo_no_auxiliary,7,94,train_10,5,1,1.0,1,113.01838842800001,-0.06358240349003808,new_bounded_training
sa_ghmappo_no_auxiliary,7,95,train_06,6,1,1.0,1,83.19682478912051,4.866491049056599,new_bounded_training
sa_ghmappo_no_auxiliary,7,96,train_02,5,1,1.0,1,77.87410550120885,3.7698022814850205,new_bounded_training
sa_ghmappo_no_auxiliary,7,97,train_11,5,1,1.0,1,57.518993079070135,5.397657280816574,new_bounded_training
sa_ghmappo_no_auxiliary,7,98,train_09,8,1,1.0,0,45.76973424,6.337862778782632,new_bounded_training
sa_ghmappo_no_auxiliary,7,99,train_04,5,1,1.0,1,97.30985207302209,2.1425084488982757,new_bounded_training
sa_ghmappo_no_auxiliary,7,100,train_08,5,1,1.0,0,33.02978239758234,11.357352617818627,new_bounded_training
sa_ghmappo_no_auxiliary,7,101,train_05,8,1,1.0,1,116.71000690800001,1.6489344139435493,new_bounded_training
sa_ghmappo_no_auxiliary,7,102,train_00,6,1,1.0,0,61.740622024000004,5.983903202176517,new_bounded_training
sa_ghmappo_no_auxiliary,7,103,train_01,8,1,1.0,1,76.20398072,-0.168774768568847,new_bounded_training
sa_ghmappo_no_auxiliary,7,104,train_02,7,1,1.0,1,56.60692126958233,-1.005972117746304,new_bounded_training
sa_ghmappo_no_auxiliary,7,105,train_06,9,1,1.0,1,108.54972091395584,-5.684592525295309,new_bounded_training
sa_ghmappo_no_auxiliary,7,106,train_07,15,1,1.0,1,362.02637655999996,-30.056448091558764,new_bounded_training
sa_ghmappo_no_auxiliary,7,107,train_10,5,1,1.0,1,93.837989548,2.4925658943867344,new_bounded_training
sa_ghmappo_no_auxiliary,7,108,train_03,6,1,1.0,0,47.373976735999996,11.25550761143519,new_bounded_training
sa_ghmappo_no_auxiliary,7,109,train_06,6,1,1.0,1,78.09275331953816,5.752005274183826,new_bounded_training
sa_ghmappo_no_auxiliary,7,110,train_07,10,1,1.0,1,246.40226764,-5.333811774831995,new_bounded_training
sa_ghmappo_no_auxiliary,7,111,train_01,7,1,1.0,0,62.403124080000005,8.002753969434089,new_bounded_training
sa_ghmappo_no_auxiliary,7,112,train_04,7,1,1.0,1,85.93365823302209,-2.9515313741093694,new_bounded_training
sa_ghmappo_no_auxiliary,7,113,train_08,6,1,1.0,1,76.8236835596424,0.7055315944009095,new_bounded_training
sa_ghmappo_no_auxiliary,7,114,train_10,6,1,1.0,1,123.018507932,-3.8638557320582985,new_bounded_training
sa_ghmappo_no_auxiliary,7,115,train_00,7,1,1.0,1,125.800749636,-6.140988445820361,new_bounded_training
sa_ghmappo_no_auxiliary,7,116,train_03,6,1,1.0,0,38.560877688,12.43776906700775,new_bounded_training
sa_ghmappo_no_auxiliary,7,117,train_11,6,1,1.0,0,36.11359742,8.110475886430406,new_bounded_training
sa_ghmappo_no_auxiliary,7,118,train_09,7,1,1.0,0,42.67846187999999,9.51329975215378,new_bounded_training
sa_ghmappo_no_auxiliary,7,119,train_02,6,1,1.0,1,65.49149010660442,1.283351112638162,new_bounded_training
sa_ghmappo_no_auxiliary,7,120,train_05,10,1,1.0,1,77.240185836,-1.1887794528637539,new_bounded_training
sa_ghmappo_no_auxiliary,7,121,train_00,5,1,1.0,0,62.483399215999995,8.924617454397826,new_bounded_training
sa_ghmappo_no_auxiliary,7,122,train_01,8,1,1.0,0,36.507979840000004,7.002537513974545,new_bounded_training
sa_ghmappo_no_auxiliary,7,123,train_11,6,1,1.0,1,60.256961447070125,1.701773376734945,new_bounded_training
sa_ghmappo_no_auxiliary,7,124,train_04,5,1,1.0,1,74.3312841930221,4.053057443281419,new_bounded_training
sa_ghmappo_no_auxiliary,7,125,train_09,6,1,1.0,1,52.20114684,7.746775164427353,new_bounded_training
sa_ghmappo_no_auxiliary,7,126,train_08,5,1,1.0,1,84.83400532522472,3.1407095499237987,new_bounded_training
sa_ghmappo_no_auxiliary,7,127,train_07,16,1,1.0,0,96.40393712,-6.78466829259024,new_bounded_training
sa_ghmappo_no_auxiliary,7,128,train_05,9,1,1.0,0,64.950922232,6.7901824478715795,new_bounded_training
sa_ghmappo_no_auxiliary,7,129,train_03,6,1,1.0,0,47.16258838520883,11.74969572370534,new_bounded_training
sa_ghmappo_no_auxiliary,7,130,train_06,6,1,1.0,1,87.51194519470283,4.521321808535735,new_bounded_training
sa_ghmappo_no_auxiliary,7,131,train_10,7,1,1.0,1,117.042817988,-6.3855377904165636,new_bounded_training
sa_ghmappo_no_auxiliary,7,132,train_02,6,1,1.0,1,65.46706054660442,1.2853064995646881,new_bounded_training
sa_ghmappo_no_auxiliary,7,133,train_02,6,1,1.0,1,67.81392460260442,0.5530798848421172,new_bounded_training
sa_ghmappo_no_auxiliary,7,134,train_10,5,1,1.0,0,34.521423328,11.238063412157231,new_bounded_training
sa_ghmappo_no_auxiliary,7,135,train_08,5,1,1.0,0,25.061560919999998,11.846763640863603,new_bounded_training
sa_ghmappo_no_auxiliary,7,136,train_01,8,1,1.0,0,46.600930160000004,6.199567025054617,new_bounded_training
sa_ghmappo_no_auxiliary,7,137,train_00,10,1,1.0,0,53.671561919999995,-5.370301434241961,new_bounded_training
sa_ghmappo_no_auxiliary,7,138,train_06,6,1,1.0,1,110.57203399395584,3.153487789328385,new_bounded_training
sa_ghmappo_no_auxiliary,7,139,train_05,10,1,1.0,0,63.797245352,3.8866179499453297,new_bounded_training
sa_ghmappo_no_auxiliary,7,140,train_03,6,1,1.0,1,63.81071050641767,6.417793084688718,new_bounded_training
sa_ghmappo_no_auxiliary,7,141,train_07,17,1,1.0,1,256.87958268,-27.167287187105565,new_bounded_training
sa_ghmappo_no_auxiliary,7,142,train_04,5,1,1.0,1,74.3312841930221,4.053057443281419,new_bounded_training
sa_ghmappo_no_auxiliary,7,143,train_11,6,1,1.0,0,31.511655648000005,8.001690476183338,new_bounded_training
sa_ghmappo_no_auxiliary,7,144,train_09,7,1,1.0,1,51.43743064,4.807856106402942,new_bounded_training
sa_ghmappo_no_auxiliary,7,145,train_10,5,1,1.0,1,53.677388256,4.683871108215032,new_bounded_training
sa_ghmappo_no_auxiliary,7,146,train_03,6,1,1.0,1,64.02209885720883,5.923604972418567,new_bounded_training
sa_ghmappo_no_auxiliary,7,147,train_02,5,1,1.0,1,115.93618571423093,-0.29688052303351853,new_bounded_training
sa_ghmappo_no_auxiliary,7,148,train_09,6,1,1.0,1,59.44725288000001,7.171651022850688,new_bounded_training
sa_ghmappo_no_auxiliary,7,149,train_04,5,1,1.0,1,74.3312841930221,4.053057443281419,new_bounded_training
sa_ghmappo_no_auxiliary,7,150,train_01,7,1,1.0,0,64.1110304,7.794195720351081,new_bounded_training
sa_ghmappo_no_auxiliary,7,151,train_06,9,1,1.0,1,148.34415960707634,-9.412849509436583,new_bounded_training
sa_ghmappo_no_auxiliary,7,152,train_11,6,1,1.0,1,70.10217499692988,0.9143556674889708,new_bounded_training
sa_ghmappo_no_auxiliary,7,153,train_05,9,1,1.0,0,64.9041752,6.794058127182457,new_bounded_training
sa_ghmappo_no_auxiliary,7,154,train_08,6,1,1.0,1,68.37485923974666,1.3812160961643736,new_bounded_training
sa_ghmappo_no_auxiliary,7,155,train_00,6,1,1.0,0,72.456853176,5.126608542874572,new_bounded_training
sa_ghmappo_no_auxiliary,7,156,train_07,18,1,1.0,1,125.64791595999999,-19.05311683674821,new_bounded_training
sa_ghmappo_no_auxiliary,7,157,train_06,9,1,1.0,1,64.73831230474701,-2.656697800795041,new_bounded_training
sa_ghmappo_no_auxiliary,7,158,train_08,5,1,1.0,1,100.14052529538905,1.8400079468645765,new_bounded_training
sa_ghmappo_no_auxiliary,7,159,train_01,8,1,1.0,0,61.23391256,5.100943936010382,new_bounded_training
sa_ghmappo_no_auxiliary,7,160,train_07,16,1,1.0,1,334.99519042,-30.961807667672495,new_bounded_training
sa_ghmappo_no_auxiliary,7,161,train_04,5,1,1.0,1,74.3312841930221,4.053057443281419,new_bounded_training
sa_ghmappo_no_auxiliary,7,162,train_11,6,1,1.0,0,28.11710114,8.750248457684659,new_bounded_training
sa_ghmappo_no_auxiliary,7,163,train_10,5,1,1.0,0,50.54230508,9.956084735075857,new_bounded_training
sa_ghmappo_no_auxiliary,7,164,train_05,8,1,1.0,0,46.768752379999995,11.24488888640288,new_bounded_training
sa_ghmappo_no_auxiliary,7,165,train_09,7,1,1.0,1,50.77289927999999,4.865446580933371,new_bounded_training
sa_ghmappo_no_auxiliary,7,166,train_00,7,1,1.0,1,125.82518797200001,-6.142945045657319,new_bounded_training
sa_ghmappo_no_auxiliary,7,167,train_02,5,1,1.0,1,97.05450438120883,1.213653983608248,new_bounded_training
sa_ghmappo_no_auxiliary,7,168,train_03,6,1,1.0,1,81.57264398,4.996691220582439,new_bounded_training
sa_ghmappo_no_auxiliary,7,169,train_07,12,1,1.0,1,419.59621821999997,-25.734461542315394,new_bounded_training
sa_ghmappo_no_auxiliary,7,170,train_03,6,1,1.0,0,55.395133279999996,10.613747768194205,new_bounded_training
sa_ghmappo_no_auxiliary,7,171,train_05,7,1,1.0,0,66.32194870800001,12.68046121564043,new_bounded_training
sa_ghmappo_no_auxiliary,7,172,train_08,7,1,1.0,1,83.23580236522474,-2.807616518623376,new_bounded_training
sa_ghmappo_no_auxiliary,7,173,train_02,6,1,1.0,1,81.48571509860442,0.003635638585697709,new_bounded_training
sa_ghmappo_no_auxiliary,7,174,train_00,6,1,1.0,0,60.80367062399999,5.9108615865588945,new_bounded_training
sa_ghmappo_no_auxiliary,7,175,train_04,5,1,1.0,1,100.76208143302208,1.8619748590193939,new_bounded_training
sa_ghmappo_no_auxiliary,7,176,train_11,5,1,1.0,1,66.30627532707013,4.217542939366067,new_bounded_training
sa_ghmappo_no_auxiliary,7,177,train_09,7,1,1.0,1,50.737248879999996,4.868429445128653,new_bounded_training
sa_ghmappo_no_auxiliary,7,178,train_10,5,1,1.0,0,42.543736408,10.596143726780927,new_bounded_training
sa_ghmappo_no_auxiliary,7,179,train_01,6,1,1.0,0,61.35249184,11.019548579474783,new_bounded_training
sa_ghmappo_no_auxiliary,7,180,train_06,6,1,1.0,1,74.4085676531205,6.046740127497241,new_bounded_training
sa_ghmappo_no_auxiliary,7,181,train_02,5,1,1.0,0,27.800716677582336,11.775850095589124,new_bounded_training
sa_ghmappo_no_auxiliary,7,182,train_03,8,1,1.0,1,99.32480724800001,-3.4451846594300832,new_bounded_training
sa_ghmappo_no_auxiliary,7,183,train_05,9,1,1.0,0,73.0221076,6.144350168723743,new_bounded_training
sa_ghmappo_no_auxiliary,7,184,train_00,5,1,1.0,0,56.812678608,9.302050984101019,new_bounded_training
sa_ghmappo_no_auxiliary,7,185,train_07,10,1,1.0,1,231.97967541999998,-4.175689548078832,new_bounded_training
sa_ghmappo_no_auxiliary,7,186,train_06,6,1,1.0,1,78.09275331953816,5.752005274183826,new_bounded_training
sa_ghmappo_no_auxiliary,7,187,train_08,7,1,1.0,0,33.42481621358233,5.177526908700416,new_bounded_training
sa_ghmappo_no_auxiliary,7,188,train_10,5,1,1.0,0,42.888506776,9.547200515359744,new_bounded_training
sa_ghmappo_no_auxiliary,7,189,train_04,5,1,1.0,1,74.3312841930221,4.053057443281419,new_bounded_training
sa_ghmappo_no_auxiliary,7,190,train_09,6,1,1.0,0,40.70989787999999,12.670703102031728,new_bounded_training
sa_ghmappo_no_auxiliary,7,191,train_01,7,1,1.0,0,44.569494160000005,9.362163675176669,new_bounded_training
sa_ghmappo_no_auxiliary,7,192,train_11,5,1,1.0,1,58.28249728707013,4.859665093437305,new_bounded_training
sa_ghmappo_no_auxiliary,17,1,train_10,7,1,1.0,1,117.042817988,-6.3855377904165636,new_bounded_training
sa_ghmappo_no_auxiliary,17,2,train_03,6,1,1.0,0,38.560877688,12.43776906700775,new_bounded_training
sa_ghmappo_no_auxiliary,17,3,train_00,6,1,1.0,0,53.693870608,6.62777948738978,new_bounded_training
sa_ghmappo_no_auxiliary,17,4,train_02,6,1,1.0,1,67.83835416260442,0.5511244979155916,new_bounded_training
sa_ghmappo_no_auxiliary,17,5,train_07,18,0,0.6666666666666666,0,61.783081679999995,-29.014690187511906,new_bounded_training
sa_ghmappo_no_auxiliary,17,6,train_11,5,1,1.0,1,68.67672019907013,3.483478240639924,new_bounded_training
sa_ghmappo_no_auxiliary,17,7,train_01,8,1,1.0,0,64.43456008000001,4.840157319312037,new_bounded_training
sa_ghmappo_no_auxiliary,17,8,train_09,7,1,1.0,1,96.55549123907014,1.19840707637331,new_bounded_training
sa_ghmappo_no_auxiliary,17,9,train_05,9,1,1.0,0,72.97469588,6.148060900808387,new_bounded_training
sa_ghmappo_no_auxiliary,17,10,train_04,5,1,1.0,1,74.3312841930221,4.053057443281419,new_bounded_training
sa_ghmappo_no_auxiliary,17,11,train_06,6,1,1.0,1,82.43157466112051,5.4047245359552125,new_bounded_training
sa_ghmappo_no_auxiliary,17,12,train_08,7,1,1.0,0,33.40038665358234,5.179482295626942,new_bounded_training
sa_ghmappo_no_auxiliary,17,13,train_05,9,1,1.0,1,118.920942712,-1.5278131097095005,new_bounded_training
sa_ghmappo_no_auxiliary,17,14,train_10,5,1,1.0,0,34.521423328,11.238063412157231,new_bounded_training
sa_ghmappo_no_auxiliary,17,15,train_00,7,1,1.0,0,60.83710816799999,2.9800955971744933,new_bounded_training
sa_ghmappo_no_auxiliary,17,16,train_03,6,1,1.0,1,72.64934539441767,5.233423345818517,new_bounded_training
sa_ghmappo_no_auxiliary,17,17,train_08,7,1,1.0,0,31.458253757582334,5.4067609193160155,new_bounded_training
sa_ghmappo_no_auxiliary,17,18,train_04,5,1,1.0,1,74.3312841930221,4.053057443281419,new_bounded_training
sa_ghmappo_no_auxiliary,17,19,train_09,7,1,1.0,1,96.55549123907014,1.19840707637331,new_bounded_training
sa_ghmappo_no_auxiliary,17,20,train_11,6,1,1.0,1,47.532623896000004,2.719699844692123,new_bounded_training
sa_ghmappo_no_auxiliary,17,21,train_07,16,1,1.0,1,150.75953977999995,-15.60621905029027,new_bounded_training
sa_ghmappo_no_auxiliary,17,22,train_06,9,1,1.0,1,122.30480421870286,-7.262151792887813,new_bounded_training
sa_ghmappo_no_auxiliary,17,23,train_01,7,1,1.0,0,44.569494160000005,9.362163675176669,new_bounded_training
sa_ghmappo_no_auxiliary,17,24,train_02,5,1,1.0,1,84.7200354956265,2.2005899912738247,new_bounded_training
sa_ghmappo_no_auxiliary,17,25,train_11,6,1,1.0,0,31.485838848000004,8.00383759030539,new_bounded_training
sa_ghmappo_no_auxiliary,17,26,train_09,6,1,1.0,0,41.43419083999999,12.608204369078898,new_bounded_training
sa_ghmappo_no_auxiliary,17,27,train_10,5,1,1.0,0,50.566743416,9.9541281352389,new_bounded_training
sa_ghmappo_no_auxiliary,17,28,train_04,5,1,1.0,1,81.93365823302209,3.368468625890631,new_bounded_training
sa_ghmappo_no_auxiliary,17,29,train_05,8,1,1.0,0,62.56301787999999,9.985575035984382,new_bounded_training
sa_ghmappo_no_auxiliary,17,30,train_08,7,1,1.0,0,33.375952701582335,5.181438289561513,new_bounded_training
sa_ghmappo_no_auxiliary,17,31,train_06,9,1,1.0,1,137.97575349507633,-8.038809770761254,new_bounded_training
sa_ghmappo_no_auxiliary,17,32,train_01,6,1,1.0,0,54.05188412000001,11.59909895234589,new_bounded_training
sa_ghmappo_no_auxiliary,17,33,train_07,14,1,1.0,1,305.11192624,-22.575572053815506,new_bounded_training
sa_ghmappo_no_auxiliary,17,34,train_02,5,1,1.0,0,42.643754776,9.566780675359745,new_bounded_training
sa_ghmappo_no_auxiliary,17,35,train_03,6,1,1.0,0,38.560877688,12.43776906700775,new_bounded_training
sa_ghmappo_no_auxiliary,17,36,train_00,6,1,1.0,0,37.235729088,7.8683405625508,new_bounded_training
sa_ghmappo_no_auxiliary,17,37,train_04,7,1,1.0,1,93.9725484330221,-3.594862500980608,new_bounded_training
sa_ghmappo_no_auxiliary,17,38,train_08,6,1,1.0,1,58.385979311746645,2.2523703991643247,new_bounded_training
sa_ghmappo_no_auxiliary,17,39,train_00,5,1,1.0,0,62.893552719999995,8.887314016248066,new_bounded_training
sa_ghmappo_no_auxiliary,17,40,train_11,5,1,1.0,1,118.03095574800003,-0.4648720939323925,new_bounded_training
sa_ghmappo_no_auxiliary,17,41,train_03,8,1,1.0,1,78.20465245841767,-1.2783549372842522,new_bounded_training
sa_ghmappo_no_auxiliary,17,42,train_05,9,1,1.0,1,110.736634436,-0.873067936799069,new_bounded_training
sa_ghmappo_no_auxiliary,17,43,train_02,5,1,1.0,0,42.643754776,9.566780675359745,new_bounded_training
sa_ghmappo_no_auxiliary,17,44,train_06,6,1,1.0,1,75.1738177811205,5.508506640598628,new_bounded_training
sa_ghmappo_no_auxiliary,17,45,train_10,5,1,1.0,0,34.521423328,11.238063412157231,new_bounded_training
sa_ghmappo_no_auxiliary,17,46,train_01,7,1,1.0,0,52.59439484,8.720114569352733,new_bounded_training
sa_ghmappo_no_auxiliary,17,47,train_07,18,0,0.8888888888888888,0,189.39383272000003,-29.768427190771234,new_bounded_training
sa_ghmappo_no_auxiliary,17,48,train_09,7,1,1.0,1,107.28679683907013,0.339960735917046,new_bounded_training
sa_ghmappo_no_auxiliary,17,49,train_08,5,1,1.0,0,35.433939309582335,11.088443584682327,new_bounded_training
sa_ghmappo_no_auxiliary,17,50,train_02,5,1,1.0,0,27.776282725582334,11.777806089523697,new_bounded_training
sa_ghmappo_no_auxiliary,17,51,train_09,7,1,1.0,1,106.59253507907013,0.3999915567722354,new_bounded_training
sa_ghmappo_no_auxiliary,17,52,train_11,6,1,1.0,0,36.878847548,7.572242399531794,new_bounded_training
sa_ghmappo_no_auxiliary,17,53,train_10,6,1,1.0,1,74.863729312,0.5332688381590578,new_bounded_training
sa_ghmappo_no_auxiliary,17,54,train_03,8,1,1.0,1,101.62470082679116,-3.6290415062914088,new_bounded_training
sa_ghmappo_no_auxiliary,17,55,train_00,10,1,1.0,1,85.600133144,-12.001338020651149,new_bounded_training
sa_ghmappo_no_auxiliary,17,56,train_06,6,1,1.0,1,83.19613086112051,4.8665869552223215,new_bounded_training
sa_ghmappo_no_auxiliary,17,57,train_07,14,1,1.0,1,265.03868102,-18.82485499616481,new_bounded_training
sa_ghmappo_no_auxiliary,17,58,train_05,10,1,1.0,0,66.403943812,3.6779968012503974,new_bounded_training
sa_ghmappo_no_auxiliary,17,59,train_04,5,1,1.0,1,43.21922777651105,6.542021956602302,new_bounded_training
sa_ghmappo_no_auxiliary,17,60,train_01,7,1,1.0,0,45.293787120000005,9.299664942223838,new_bounded_training
sa_ghmappo_no_auxiliary,17,61,train_02,5,1,1.0,1,77.87557045320884,3.7695998138957503,new_bounded_training
sa_ghmappo_no_auxiliary,17,62,train_05,9,1,1.0,1,113.50317359600001,-1.0942168051755194,new_bounded_training
sa_ghmappo_no_auxiliary,17,63,train_10,6,1,1.0,1,77.257216504,-0.20255952029808455,new_bounded_training
sa_ghmappo_no_auxiliary,17,64,train_06,8,1,1.0,1,122.65089725070285,-4.8342718461868355,new_bounded_training
sa_ghmappo_no_auxiliary,17,65,train_00,5,1,1.0,0,62.458969656,8.926572841324353,new_bounded_training
sa_ghmappo_no_auxiliary,17,66,train_09,6,1,1.0,1,60.19912668,7.106908932545016,new_bounded_training
sa_ghmappo_no_auxiliary,17,67,train_08,5,1,1.0,1,72.40686545574665,4.130391115074903,new_bounded_training
sa_ghmappo_no_auxiliary,17,68,train_03,6,1,1.0,1,81.57380051599999,4.996531378447117,new_bounded_training
sa_ghmappo_no_auxiliary,17,69,train_01,6,1,1.0,0,53.29334556,11.664451811469592,new_bounded_training
sa_ghmappo_no_auxiliary,17,70,train_04,5,1,1.0,1,74.3312841930221,4.053057443281419,new_bounded_training
sa_ghmappo_no_auxiliary,17,71,train_11,6,1,1.0,0,28.11710114,8.750248457684659,new_bounded_training
sa_ghmappo_no_auxiliary,17,72,train_07,10,1,1.0,1,247.56872220000002,-5.355570174036719,new_bounded_training
sa_ghmappo_no_auxiliary,17,73,train_06,10,1,1.0,1,83.04019632028516,-6.6437901658759335,new_bounded_training
sa_ghmappo_no_auxiliary,17,74,train_04,5,1,1.0,1,43.21922777651105,6.542021956602302,new_bounded_training
sa_ghmappo_no_auxiliary,17,75,train_08,7,1,1.0,0,31.409390245582337,5.410672300177113,new_bounded_training
sa_ghmappo_no_auxiliary,17,76,train_03,6,1,1.0,0,38.560877688,12.43776906700775,new_bounded_training
sa_ghmappo_no_auxiliary,17,77,train_02,9,1,1.0,1,97.05739188520883,-10.786488279365521,new_bounded_training
sa_ghmappo_no_auxiliary,17,78,train_10,7,1,1.0,1,117.01838842800001,-6.383582403490038,new_bounded_training
sa_ghmappo_no_auxiliary,17,79,train_05,9,1,1.0,0,43.373972712,8.51647202632136,new_bounded_training
sa_ghmappo_no_auxiliary,17,80,train_01,6,1,1.0,0,54.05188412000001,11.59909895234589,new_bounded_training
sa_ghmappo_no_auxiliary,17,81,train_09,6,1,1.0,0,48.71002728,12.030639881177475,new_bounded_training
sa_ghmappo_no_auxiliary,17,82,train_07,11,1,1.0,1,336.69304924,-16.102137202887192,new_bounded_training
sa_ghmappo_no_auxiliary,17,83,train_11,6,1,1.0,1,70.07635819692987,0.916502781611022,new_bounded_training
sa_ghmappo_no_auxiliary,17,84,train_00,5,1,1.0,0,56.83710816799999,9.300095597174494,new_bounded_training
sa_ghmappo_no_auxiliary,17,85,train_09,6,1,1.0,0,40.67424748,12.67368596622701,new_bounded_training
sa_ghmappo_no_auxiliary,17,86,train_08,5,1,1.0,0,25.085994872,11.84480764692903,new_bounded_training
sa_ghmappo_no_auxiliary,17,87,train_05,7,1,1.0,0,52.768006196,13.76473520254818,new_bounded_training
sa_ghmappo_no_auxiliary,17,88,train_04,5,1,1.0,1,74.3312841930221,4.053057443281419,new_bounded_training
sa_ghmappo_no_auxiliary,17,89,train_07,14,1,1.0,1,340.02738350000004,-25.36864608110767,new_bounded_training
sa_ghmappo_no_auxiliary,17,90,train_11,6,1,1.0,1,70.10217499692988,0.9143556674889708,new_bounded_training
sa_ghmappo_no_auxiliary,17,91,train_03,6,1,1.0,0,47.16258838520883,11.74969572370534,new_bounded_training
sa_ghmappo_no_auxiliary,17,92,train_02,6,1,1.0,1,72.15128099218674,0.2060016142027732,new_bounded_training
sa_ghmappo_no_auxiliary,17,93,train_01,6,1,1.0,0,31.74944128,13.387890373098248,new_bounded_training
sa_ghmappo_no_auxiliary,17,94,train_00,10,1,1.0,1,123.777742628,-14.978972854278332,new_bounded_training
sa_ghmappo_no_auxiliary,17,95,train_10,5,1,1.0,0,42.888506776,9.547200515359744,new_bounded_training
sa_ghmappo_no_auxiliary,17,96,train_06,10,1,1.0,1,91.82775952828516,-7.823943338150851,new_bounded_training
sa_ghmappo_no_auxiliary,17,97,train_06,6,1,1.0,1,75.1738177811205,5.508506640598628,new_bounded_training
sa_ghmappo_no_auxiliary,17,98,train_10,5,1,1.0,1,93.837989548,2.4925658943867344,new_bounded_training
sa_ghmappo_no_auxiliary,17,99,train_00,6,1,1.0,0,45.622694016,7.273610553627184,new_bounded_training
sa_ghmappo_no_auxiliary,17,100,train_11,6,1,1.0,1,88.94130283692989,-0.5930762407043193,new_bounded_training
sa_ghmappo_no_auxiliary,17,101,train_07,17,1,1.0,1,226.5245635,-24.671735797043432,new_bounded_training
sa_ghmappo_no_auxiliary,17,102,train_03,6,1,1.0,0,47.373976735999996,11.25550761143519,new_bounded_training
sa_ghmappo_no_auxiliary,17,103,train_04,5,1,1.0,1,74.3312841930221,4.053057443281419,new_bounded_training
sa_ghmappo_no_auxiliary,17,104,train_05,8,1,1.0,0,62.538583927999994,9.987531029918953,new_bounded_training
sa_ghmappo_no_auxiliary,17,105,train_01,7,1,1.0,0,45.25954152,9.302519068394712,new_bounded_training
sa_ghmappo_no_auxiliary,17,106,train_09,6,1,1.0,0,49.374558640000004,11.973049406647045,new_bounded_training
sa_ghmappo_no_auxiliary,17,107,train_02,7,1,1.0,0,48.585379213582335,3.6358410062064537,new_bounded_training
sa_ghmappo_no_auxiliary,17,108,train_08,5,1,1.0,1,66.79622386922473,4.656037300087235,new_bounded_training
sa_ghmappo_no_auxiliary,17,109,train_01,8,1,1.0,0,36.50517024,7.002794990023366,new_bounded_training
sa_ghmappo_no_auxiliary,17,110,train_05,8,1,1.0,0,57.12149117999999,10.42103385521374,new_bounded_training
sa_ghmappo_no_auxiliary,17,111,train_09,6,1,1.0,0,40.67846187999999,12.67329975215378,new_bounded_training
sa_ghmappo_no_auxiliary,17,112,train_03,6,1,1.0,0,47.18812422520883,11.747587440407699,new_bounded_training
sa_ghmappo_no_auxiliary,17,113,train_02,5,1,1.0,0,42.643754776,9.566780675359745,new_bounded_training
sa_ghmappo_no_auxiliary,17,114,train_08,5,1,1.0,0,29.40038665358233,11.499482295626942,new_bounded_training
sa_ghmappo_no_auxiliary,17,115,train_04,5,1,1.0,1,74.3312841930221,4.053057443281419,new_bounded_training
sa_ghmappo_no_auxiliary,17,116,train_06,6,1,1.0,1,75.1738177811205,5.508506640598628,new_bounded_training
sa_ghmappo_no_auxiliary,17,117,train_11,5,1,1.0,1,51.84012407107013,5.3078230194593115,new_bounded_training
sa_ghmappo_no_auxiliary,17,118,train_10,5,1,1.0,1,113.01838842800001,-0.06358240349003808,new_bounded_training
sa_ghmappo_no_auxiliary,17,119,train_00,8,1,1.0,0,62.812674216,-0.17794840889093333,new_bounded_training
sa_ghmappo_no_auxiliary,17,120,train_07,18,0,0.7777777777777778,0,77.34776715999999,-25.260174696255902,new_bounded_training
sa_ghmappo_no_auxiliary,17,121,train_10,9,1,1.0,1,121.042817988,-12.705537790416564,new_bounded_training
sa_ghmappo_no_auxiliary,17,122,train_06,10,1,1.0,0,49.296113421582334,0.05600125639507958,new_bounded_training
sa_ghmappo_no_auxiliary,17,123,train_07,17,1,1.0,1,249.47169044000003,-27.047705483951347,new_bounded_training
sa_ghmappo_no_auxiliary,17,124,train_01,7,1,1.0,0,53.352933400000005,8.65476171022903,new_bounded_training
sa_ghmappo_no_auxiliary,17,125,train_00,10,1,1.0,1,112.599817756,-14.161139802962172,new_bounded_training
sa_ghmappo_no_auxiliary,17,126,train_03,6,1,1.0,1,64.60265301041765,5.877291472357143,new_bounded_training
sa_ghmappo_no_auxiliary,17,127,train_08,5,1,1.0,1,66.8495400636424,4.503635805081839,new_bounded_training
sa_ghmappo_no_auxiliary,17,128,train_11,6,1,1.0,0,31.485838848000004,8.00383759030539,new_bounded_training
sa_ghmappo_no_auxiliary,17,129,train_02,6,1,1.0,1,65.46706054660442,1.285306499564688,new_bounded_training
sa_ghmappo_no_auxiliary,17,130,train_05,9,1,1.0,0,43.373968319999996,8.516472633329405,new_bounded_training
sa_ghmappo_no_auxiliary,17,131,train_04,5,1,1.0,1,74.3312841930221,4.053057443281419,new_bounded_training
sa_ghmappo_no_auxiliary,17,132,train_09,9,1,1.0,1,101.62339715907015,-5.135172753718226,new_bounded_training
sa_ghmappo_no_auxiliary,17,133,train_09,6,1,1.0,0,41.40275483999999,12.610801019200949,new_bounded_training
sa_ghmappo_no_auxiliary,17,134,train_03,10,1,1.0,1,71.83652730641765,-6.224354029433335,new_bounded_training
sa_ghmappo_no_auxiliary,17,135,train_08,6,1,1.0,1,62.67447218932898,1.9092035093860793,new_bounded_training
sa_ghmappo_no_auxiliary,17,136,train_10,5,1,1.0,0,42.519992,10.598004420452163,new_bounded_training
sa_ghmappo_no_auxiliary,17,137,train_07,15,1,1.0,1,177.97974062,-14.860401053698041,new_bounded_training
sa_ghmappo_no_auxiliary,17,138,train_06,6,1,1.0,1,75.1738177811205,5.508506640598627,new_bounded_training
sa_ghmappo_no_auxiliary,17,139,train_11,5,1,1.0,1,51.83984311107013,5.307861850283722,new_bounded_training
sa_ghmappo_no_auxiliary,17,140,train_00,8,1,1.0,0,47.292944672,1.1354524190951611,new_bounded_training
sa_ghmappo_no_auxiliary,17,141,train_05,8,1,1.0,0,70.536463056,9.347567338477221,new_bounded_training
sa_ghmappo_no_auxiliary,17,142,train_01,8,1,1.0,1,68.17346084,0.47378928935273157,new_bounded_training
sa_ghmappo_no_auxiliary,17,143,train_04,5,1,1.0,1,74.3312841930221,4.053057443281419,new_bounded_training
sa_ghmappo_no_auxiliary,17,144,train_02,6,1,1.0,1,94.7415775516265,-1.6012231326789335,new_bounded_training
sa_ghmappo_no_auxiliary,17,145,train_08,7,1,1.0,0,31.458253757582334,5.4067609193160155,new_bounded_training
sa_ghmappo_no_auxiliary,17,146,train_02,5,1,1.0,0,42.643754776,9.566780675359745,new_bounded_training
sa_ghmappo_no_auxiliary,17,147,train_03,8,1,1.0,1,101.62470082679116,-3.6290415062914088,new_bounded_training
sa_ghmappo_no_auxiliary,17,148,train_09,6,1,1.0,0,41.37272364,12.61326893129859,new_bounded_training
sa_ghmappo_no_auxiliary,17,149,train_05,9,1,1.0,0,43.422844999999995,8.512559432549828,new_bounded_training
sa_ghmappo_no_auxiliary,17,150,train_06,10,1,1.0,1,91.82775952828516,-7.823943338150851,new_bounded_training
sa_ghmappo_no_auxiliary,17,151,train_07,14,1,1.0,1,362.70206566,-27.11085776940631,new_bounded_training
sa_ghmappo_no_auxiliary,17,152,train_04,5,1,1.0,1,74.3312841930221,4.053057443281419,new_bounded_training
sa_ghmappo_no_auxiliary,17,153,train_10,6,1,1.0,1,88.046097984,-1.065888927442796,new_bounded_training
sa_ghmappo_no_auxiliary,17,154,train_00,7,1,1.0,1,117.851040084,-5.504840227968342,new_bounded_training
sa_ghmappo_no_auxiliary,17,155,train_11,6,1,1.0,0,36.115062380000005,8.110273417735474,new_bounded_training
sa_ghmappo_no_auxiliary,17,156,train_01,6,1,1.0,0,63.196382799999995,10.939301261184795,new_bounded_training
sa_ghmappo_no_auxiliary,17,157,train_03,6,1,1.0,0,47.16258838520883,11.74969572370534,new_bounded_training
sa_ghmappo_no_auxiliary,17,158,train_02,6,1,1.0,1,65.49149010660442,1.283351112638162,new_bounded_training
sa_ghmappo_no_auxiliary,17,159,train_11,5,1,1.0,1,110.00794874000002,0.17714349760963577,new_bounded_training
sa_ghmappo_no_auxiliary,17,160,train_10,6,1,1.0,1,74.91258843199999,0.5293580643060061,new_bounded_training
sa_ghmappo_no_auxiliary,17,161,train_07,12,1,1.0,1,327.86809568,-18.395961399141676,new_bounded_training
sa_ghmappo_no_auxiliary,17,162,train_08,6,1,1.0,1,52.35396870374665,2.663195987261843,new_bounded_training
sa_ghmappo_no_auxiliary,17,163,train_05,7,1,1.0,1,87.85503870800001,6.957905052422098,new_bounded_training
sa_ghmappo_no_auxiliary,17,164,train_00,7,1,1.0,1,126.186469188,-6.176335890035549,new_bounded_training
sa_ghmappo_no_auxiliary,17,165,train_01,6,1,1.0,0,40.47281812,12.68542423234589,new_bounded_training
sa_ghmappo_no_auxiliary,17,166,train_06,9,1,1.0,1,64.73831230474701,-2.656697800795041,new_bounded_training
sa_ghmappo_no_auxiliary,17,167,train_04,5,1,1.0,1,74.3312841930221,4.053057443281419,new_bounded_training
sa_ghmappo_no_auxiliary,17,168,train_09,8,1,1.0,1,98.48840483907014,-1.9560134093093575,new_bounded_training
sa_ghmappo_no_auxiliary,17,169,train_03,6,1,1.0,0,55.81508980241767,11.05744464463206,new_bounded_training
sa_ghmappo_no_auxiliary,17,170,train_09,7,1,1.0,0,32.60155324,10.315084350023366,new_bounded_training
sa_ghmappo_no_auxiliary,17,171,train_07,11,1,1.0,1,400.67465552,-21.216030236696188,new_bounded_training
sa_ghmappo_no_auxiliary,17,172,train_05,8,1,1.0,1,81.71313815999999,4.449117458877534,new_bounded_training
sa_ghmappo_no_auxiliary,17,173,train_00,7,1,1.0,0,68.884553512,2.336123405795508,new_bounded_training
sa_ghmappo_no_auxiliary,17,174,train_02,5,1,1.0,1,92.7415775516265,1.5587768673210665,new_bounded_training
sa_ghmappo_no_auxiliary,17,175,train_04,5,1,1.0,1,74.3312841930221,4.053057443281419,new_bounded_training
sa_ghmappo_no_auxiliary,17,176,train_08,5,1,1.0,1,88.9291111276424,2.8085653040451217,new_bounded_training
sa_ghmappo_no_auxiliary,17,177,train_10,5,1,1.0,1,142.646433052,-2.4340917859113502,new_bounded_training
sa_ghmappo_no_auxiliary,17,178,train_01,7,1,1.0,0,45.293787120000005,9.299664942223838,new_bounded_training
sa_ghmappo_no_auxiliary,17,179,train_11,6,1,1.0,0,31.485838848000004,8.00383759030539,new_bounded_training
sa_ghmappo_no_auxiliary,17,180,train_06,7,1,1.0,1,63.02785516,3.9570220960448514,new_bounded_training
sa_ghmappo_no_auxiliary,17,181,train_02,5,1,1.0,1,77.87410550120885,3.7698022814850196,new_bounded_training
sa_ghmappo_no_auxiliary,17,182,train_07,12,1,1.0,1,155.83047616000002,-4.0886349278000695,new_bounded_training
sa_ghmappo_no_auxiliary,17,183,train_05,9,1,1.0,0,64.99979452,6.786269854100048,new_bounded_training
sa_ghmappo_no_auxiliary,17,184,train_04,5,1,1.0,1,82.3701743930221,3.4097263164101816,new_bounded_training
sa_ghmappo_no_auxiliary,17,185,train_06,10,1,1.0,1,83.04019632028516,-6.6437901658759335,new_bounded_training
sa_ghmappo_no_auxiliary,17,186,train_03,10,1,1.0,1,63.81508980241767,-5.58255535536794,new_bounded_training
sa_ghmappo_no_auxiliary,17,187,train_00,9,1,1.0,1,112.566384604,-11.230374420585818,new_bounded_training
sa_ghmappo_no_auxiliary,17,188,train_11,6,1,1.0,1,94.30849473692989,-1.0225243173558642,new_bounded_training
sa_ghmappo_no_auxiliary,17,189,train_10,5,1,1.0,1,113.01838842800001,-0.06358240349003808,new_bounded_training
sa_ghmappo_no_auxiliary,17,190,train_09,6,1,1.0,0,48.70581288,12.031026095250704,new_bounded_training
sa_ghmappo_no_auxiliary,17,191,train_01,6,1,1.0,0,32.445107840000006,13.327730814218647,new_bounded_training
sa_ghmappo_no_auxiliary,17,192,train_08,8,1,1.0,1,77.13949789322473,-5.319733552285678,new_bounded_training
sa_ghmappo_no_auxiliary,29,1,train_07,13,1,1.0,1,398.09885568000004,-27.01907714727566,new_bounded_training
sa_ghmappo_no_auxiliary,29,2,train_09,7,1,1.0,1,103.87008847907013,0.6175746824549018,new_bounded_training
sa_ghmappo_no_auxiliary,29,3,train_00,6,1,1.0,0,53.66944104799999,6.629734874316306,new_bounded_training
sa_ghmappo_no_auxiliary,29,4,train_06,6,1,1.0,1,75.1738177811205,5.508506640598627,new_bounded_training
sa_ghmappo_no_auxiliary,29,5,train_03,6,1,1.0,1,72.62380955441768,5.235531629116158,new_bounded_training
sa_ghmappo_no_auxiliary,29,6,train_02,6,1,1.0,1,65.46706054660442,1.285306499564688,new_bounded_training
sa_ghmappo_no_auxiliary,29,7,train_11,6,1,1.0,0,31.485838848000004,8.00383759030539,new_bounded_training
sa_ghmappo_no_auxiliary,29,8,train_10,5,1,1.0,0,34.521423328,11.238063412157231,new_bounded_training
sa_ghmappo_no_auxiliary,29,9,train_04,5,1,1.0,1,81.93365823302209,3.368468625890631,new_bounded_training
sa_ghmappo_no_auxiliary,29,10,train_05,8,1,1.0,1,78.9466458,4.670003046935503,new_bounded_training
sa_ghmappo_no_auxiliary,29,11,train_01,7,1,1.0,0,46.37913952,9.284770483057553,new_bounded_training
sa_ghmappo_no_auxiliary,29,12,train_08,7,1,1.0,1,75.21279535722473,-2.165600927081348,new_bounded_training
sa_ghmappo_no_auxiliary,29,13,train_01,7,1,1.0,1,98.51343344,1.046640543425963,new_bounded_training
sa_ghmappo_no_auxiliary,29,14,train_07,16,1,1.0,1,277.78030936000005,-26.317011527697794,new_bounded_training
sa_ghmappo_no_auxiliary,29,15,train_04,5,1,1.0,1,81.2393964730221,3.428499446745819,new_bounded_training
sa_ghmappo_no_auxiliary,29,16,train_11,6,1,1.0,0,39.535433688000005,7.3595683221121,new_bounded_training
sa_ghmappo_no_auxiliary,29,17,train_03,10,1,1.0,1,63.86672340241767,-5.586849583612041,new_bounded_training
sa_ghmappo_no_auxiliary,29,18,train_00,9,1,1.0,0,61.66043745599999,-3.0814551302338646,new_bounded_training
sa_ghmappo_no_auxiliary,29,19,train_05,9,1,1.0,0,64.95091784,6.790183054879625,new_bounded_training
sa_ghmappo_no_auxiliary,29,20,train_08,6,1,1.0,1,62.69890174932898,1.9072481224595532,new_bounded_training
sa_ghmappo_no_auxiliary,29,21,train_02,5,1,1.0,1,84.6956059356265,2.20254537820035,new_bounded_training
sa_ghmappo_no_auxiliary,29,22,train_06,9,1,1.0,1,88.43157466112051,-4.075275464044788,new_bounded_training
sa_ghmappo_no_auxiliary,29,23,train_10,5,1,1.0,0,34.521423328,11.238063412157231,new_bounded_training
sa_ghmappo_no_auxiliary,29,24,train_09,7,1,1.0,1,93.79739423907014,1.418973066251258,new_bounded_training
sa_ghmappo_no_auxiliary,29,25,train_01,7,1,1.0,0,53.3186878,8.657615836399902,new_bounded_training
sa_ghmappo_no_auxiliary,29,26,train_06,8,1,1.0,1,106.21847872028516,-3.519902762202486,new_bounded_training
sa_ghmappo_no_auxiliary,29,27,train_10,5,1,1.0,0,42.864077216,9.54915590228627,new_bounded_training
sa_ghmappo_no_auxiliary,29,28,train_07,18,1,1.0,1,298.54615374,-33.433857958016695,new_bounded_training
sa_ghmappo_no_auxiliary,29,29,train_03,6,1,1.0,0,38.535341848,12.439877350305391,new_bounded_training
sa_ghmappo_no_auxiliary,29,30,train_09,7,1,1.0,0,32.570117239999995,10.317681000145416,new_bounded_training
sa_ghmappo_no_auxiliary,29,31,train_00,5,1,1.0,0,56.426954664,9.337399035324255,new_bounded_training
sa_ghmappo_no_auxiliary,29,32,train_02,5,1,1.0,0,35.82372368558234,11.133834504047098,new_bounded_training
sa_ghmappo_no_auxiliary,29,33,train_05,8,1,1.0,0,57.50652558,10.385781104253839,new_bounded_training
sa_ghmappo_no_auxiliary,29,34,train_11,5,1,1.0,1,118.05705350800002,-0.4670580388788539,new_bounded_training
sa_ghmappo_no_auxiliary,29,35,train_04,5,1,1.0,1,74.3312841930221,4.053057443281419,new_bounded_training
sa_ghmappo_no_auxiliary,29,36,train_08,5,1,1.0,0,25.061565312,11.846763033855556,new_bounded_training
sa_ghmappo_no_auxiliary,29,37,train_01,8,1,1.0,0,55.288656599999996,5.500083748497542,new_bounded_training
sa_ghmappo_no_auxiliary,29,38,train_10,5,1,1.0,1,110.254056012,0.15751828815988755,new_bounded_training
sa_ghmappo_no_auxiliary,29,39,train_09,7,1,1.0,1,50.709282519999995,4.870708132124982,new_bounded_training
sa_ghmappo_no_auxiliary,29,40,train_06,8,1,1.0,1,98.19616564028516,-2.8779830768261796,new_bounded_training
sa_ghmappo_no_auxiliary,29,41,train_04,5,1,1.0,1,43.21922777651105,6.542021956602302,new_bounded_training
sa_ghmappo_no_auxiliary,29,42,train_11,5,1,1.0,1,60.679039919070135,4.1234144497647005,new_bounded_training
sa_ghmappo_no_auxiliary,29,43,train_02,6,1,1.0,1,67.83835416260442,0.5511244979155916,new_bounded_training
sa_ghmappo_no_auxiliary,29,44,train_00,10,1,1.0,0,45.260163039999995,-4.773615431383773,new_bounded_training
sa_ghmappo_no_auxiliary,29,45,train_07,18,0,0.8888888888888888,0,224.40655542,-32.56966491764247,new_bounded_training
sa_ghmappo_no_auxiliary,29,46,train_05,8,1,1.0,0,46.768739212,11.244890706321359,new_bounded_training
sa_ghmappo_no_auxiliary,29,47,train_08,7,1,1.0,1,75.16393184522474,-2.1616895462202503,new_bounded_training
sa_ghmappo_no_auxiliary,29,48,train_03,6,1,1.0,0,47.34844089599999,11.257615894732831,new_bounded_training
sa_ghmappo_no_auxiliary,29,49,train_06,9,1,1.0,1,64.73831230474701,-2.656697800795041,new_bounded_training
sa_ghmappo_no_auxiliary,29,50,train_04,5,1,1.0,1,81.2393964730221,3.428499446745819,new_bounded_training
sa_ghmappo_no_auxiliary,29,51,train_01,8,1,1.0,0,36.47373424,7.005391640145417,new_bounded_training
sa_ghmappo_no_auxiliary,29,52,train_07,12,1,1.0,1,284.82959029999995,-14.95259373861512,new_bounded_training
sa_ghmappo_no_auxiliary,29,53,train_03,6,1,1.0,0,56.00122327320883,10.565325984835141,new_bounded_training
sa_ghmappo_no_auxiliary,29,54,train_09,9,1,1.0,1,93.61594295907014,-4.49443827696904,new_bounded_training
sa_ghmappo_no_auxiliary,29,55,train_11,5,1,1.0,1,86.49435914892987,2.0581937747424055,new_bounded_training
sa_ghmappo_no_auxiliary,29,56,train_10,5,1,1.0,0,42.543736408,10.596143726780927,new_bounded_training
sa_ghmappo_no_auxiliary,29,57,train_02,6,1,1.0,1,72.12685143218675,0.20795700112929882,new_bounded_training
sa_ghmappo_no_auxiliary,29,58,train_00,7,1,1.0,0,60.837116944,2.9800943842640617,new_bounded_training
sa_ghmappo_no_auxiliary,29,59,train_08,7,1,1.0,0,31.433819805582335,5.408716913250587,new_bounded_training
sa_ghmappo_no_auxiliary,29,60,train_05,9,1,1.0,0,51.39775075199999,7.87434987225012,new_bounded_training
sa_ghmappo_no_auxiliary,29,61,train_08,7,1,1.0,1,73.19736938922473,-1.9324555356046513,new_bounded_training
sa_ghmappo_no_auxiliary,29,62,train_06,10,1,1.0,1,83.04019632028516,-6.6437901658759335,new_bounded_training
sa_ghmappo_no_auxiliary,29,63,train_05,7,1,1.0,0,52.792448924,13.762777995703177,new_bounded_training
sa_ghmappo_no_auxiliary,29,64,train_03,6,1,1.0,0,38.535341848,12.439877350305391,new_bounded_training
sa_ghmappo_no_auxiliary,29,65,train_07,18,0,0.8888888888888888,0,137.2557868,-25.530004774550882,new_bounded_training
sa_ghmappo_no_auxiliary,29,66,train_10,7,1,1.0,1,55.331980376,-0.9041035317412356,new_bounded_training
sa_ghmappo_no_auxiliary,29,67,train_09,8,1,1.0,1,105.82711327907013,-2.538771197454884,new_bounded_training
sa_ghmappo_no_auxiliary,29,68,train_00,9,1,1.0,0,45.202295936,-1.8408940550728463,new_bounded_training
sa_ghmappo_no_auxiliary,29,69,train_01,7,1,1.0,0,45.293787120000005,9.299664942223838,new_bounded_training
sa_ghmappo_no_auxiliary,29,70,train_11,5,1,1.0,1,107.66332066800001,0.9090610822137268,new_bounded_training
sa_ghmappo_no_auxiliary,29,71,train_02,5,1,1.0,1,69.87699739720884,4.409659411503204,new_bounded_training
sa_ghmappo_no_auxiliary,29,72,train_04,5,1,1.0,1,81.2393964730221,3.428499446745819,new_bounded_training
sa_ghmappo_no_auxiliary,29,73,train_06,9,1,1.0,1,148.34415960707634,-9.412849509436583,new_bounded_training
sa_ghmappo_no_auxiliary,29,74,train_04,5,1,1.0,1,74.3312841930221,4.053057443281419,new_bounded_training
sa_ghmappo_no_auxiliary,29,75,train_05,7,1,1.0,0,44.744999188,14.406750794090208,new_bounded_training
sa_ghmappo_no_auxiliary,29,76,train_01,7,1,1.0,1,107.23540548,0.34430314069801593,new_bounded_training
sa_ghmappo_no_auxiliary,29,77,train_11,5,1,1.0,1,60.652942159070136,4.125600394711162,new_bounded_training
sa_ghmappo_no_auxiliary,29,78,train_00,7,1,1.0,1,98.601938628,-4.041176111520439,new_bounded_training
sa_ghmappo_no_auxiliary,29,79,train_09,7,1,1.0,1,50.77289927999999,4.865446580933371,new_bounded_training
sa_ghmappo_no_auxiliary,29,80,train_08,7,1,1.0,0,33.40038665358234,5.179482295626941,new_bounded_training
sa_ghmappo_no_auxiliary,29,81,train_07,17,1,1.0,1,376.19171787999994,-37.18553557890763,new_bounded_training
sa_ghmappo_no_auxiliary,29,82,train_03,6,1,1.0,0,55.97540647320883,10.56747309895719,new_bounded_training
sa_ghmappo_no_auxiliary,29,83,train_02,5,1,1.0,0,27.800716677582336,11.775850095589124,new_bounded_training
sa_ghmappo_no_auxiliary,29,84,train_10,6,1,1.0,1,74.888158872,0.5313134512325322,new_bounded_training
sa_ghmappo_no_auxiliary,29,85,train_04,7,1,1.0,1,47.913489536511044,0.1619911357471131,new_bounded_training
sa_ghmappo_no_auxiliary,29,86,train_03,6,1,1.0,0,55.395133279999996,10.613747768194205,new_bounded_training
sa_ghmappo_no_auxiliary,29,87,train_01,7,1,1.0,0,52.59720444,8.719857093303911,new_bounded_training
sa_ghmappo_no_auxiliary,29,88,train_10,6,1,1.0,1,74.91258843199999,0.5293580643060061,new_bounded_training
sa_ghmappo_no_auxiliary,29,89,train_02,5,1,1.0,0,35.82225873358234,11.13403697163637,new_bounded_training
sa_ghmappo_no_auxiliary,29,90,train_08,5,1,1.0,1,68.81165422922473,4.422891301602492,new_bounded_training
sa_ghmappo_no_auxiliary,29,91,train_00,10,1,1.0,1,115.390049076,-14.384398956135941,new_bounded_training
sa_ghmappo_no_auxiliary,29,92,train_07,18,1,1.0,1,108.44282731999999,-17.74799941946148,new_bounded_training
sa_ghmappo_no_auxiliary,29,93,train_06,9,1,1.0,1,113.51947699470284,-6.082307650731375,new_bounded_training
sa_ghmappo_no_auxiliary,29,94,train_11,6,1,1.0,1,88.94130283692989,-0.5930762407043193,new_bounded_training
sa_ghmappo_no_auxiliary,29,95,train_05,10,1,1.0,0,74.58533096,3.023655350608076,new_bounded_training
sa_ghmappo_no_auxiliary,29,96,train_09,7,1,1.0,0,43.40275484,9.450801019200949,new_bounded_training
sa_ghmappo_no_auxiliary,29,97,train_00,7,1,1.0,1,98.601943012,-4.041176717422824,new_bounded_training
sa_ghmappo_no_auxiliary,29,98,train_02,6,1,1.0,1,72.12685143218675,0.20795700112929882,new_bounded_training
sa_ghmappo_no_auxiliary,29,99,train_11,5,1,1.0,1,60.652942159070136,4.125600394711162,new_bounded_training
sa_ghmappo_no_auxiliary,29,100,train_03,6,1,1.0,0,47.16258838520883,11.74969572370534,new_bounded_training
sa_ghmappo_no_auxiliary,29,101,train_07,15,1,1.0,1,260.91808735999996,-21.490582984333315,new_bounded_training
sa_ghmappo_no_auxiliary,29,102,train_10,5,1,1.0,0,42.888506776,9.547200515359744,new_bounded_training
sa_ghmappo_no_auxiliary,29,103,train_08,7,1,1.0,0,33.449250165582335,5.175570914765844,new_bounded_training
sa_ghmappo_no_auxiliary,29,104,train_05,9,1,1.0,0,48.816184555999996,8.080918514942372,new_bounded_training
sa_ghmappo_no_auxiliary,29,105,train_01,6,1,1.0,1,69.38301172,6.376984521553204,new_bounded_training
sa_ghmappo_no_auxiliary,29,106,train_09,7,1,1.0,0,44.463996,9.437831957927443,new_bounded_training
sa_ghmappo_no_auxiliary,29,107,train_06,8,1,1.0,1,130.67321033070286,-5.476191531563142,new_bounded_training
sa_ghmappo_no_auxiliary,29,108,train_04,7,1,1.0,1,85.93365823302209,-2.9515313741093694,new_bounded_training
sa_ghmappo_no_auxiliary,29,109,train_11,6,1,1.0,1,66.70762048892988,1.662913648990293,new_bounded_training
sa_ghmappo_no_auxiliary,29,110,train_06,6,1,1.0,1,75.1738177811205,5.508506640598628,new_bounded_training
sa_ghmappo_no_auxiliary,29,111,train_09,6,1,1.0,1,49.773718800000005,8.017446265159169,new_bounded_training
sa_ghmappo_no_auxiliary,29,112,train_10,9,1,1.0,1,121.042817988,-12.705537790416564,new_bounded_training
sa_ghmappo_no_auxiliary,29,113,train_01,8,1,1.0,1,76.17254472,-0.16617811844679586,new_bounded_training
sa_ghmappo_no_auxiliary,29,114,train_08,6,1,1.0,1,66.43195531174666,1.6086012823826565,new_bounded_training
sa_ghmappo_no_auxiliary,29,115,train_02,9,1,1.0,1,52.60980877358234,-6.686114380720072,new_bounded_training
sa_ghmappo_no_auxiliary,29,116,train_00,9,1,1.0,1,134.55417277200002,-12.994062129334988,new_bounded_training
sa_ghmappo_no_auxiliary,29,117,train_05,8,1,1.0,0,40.941519295999996,11.715693329928948,new_bounded_training
sa_ghmappo_no_auxiliary,29,118,train_07,18,0,0.8888888888888888,0,198.74047554000003,-30.444604152083176,new_bounded_training
sa_ghmappo_no_auxiliary,29,119,train_03,6,1,1.0,1,73.57702327599999,5.636342780525782,new_bounded_training
sa_ghmappo_no_auxiliary,29,120,train_04,5,1,1.0,1,82.36284959302209,3.410397572305113,new_bounded_training
sa_ghmappo_no_auxiliary,29,121,train_00,10,1,1.0,1,134.587610316,-15.924828118719388,new_bounded_training
sa_ghmappo_no_auxiliary,29,122,train_08,6,1,1.0,1,68.37485923974666,1.3812160961643736,new_bounded_training
sa_ghmappo_no_auxiliary,29,123,train_02,6,1,1.0,1,65.49149010660442,1.2833511126381623,new_bounded_training
sa_ghmappo_no_auxiliary,29,124,train_01,8,1,1.0,0,66.1110304,4.634195720351081,new_bounded_training
sa_ghmappo_no_auxiliary,29,125,train_11,6,1,1.0,0,31.511655648000005,8.001690476183338,new_bounded_training
sa_ghmappo_no_auxiliary,29,126,train_06,7,1,1.0,1,96.13807340753817,1.3080699972654926,new_bounded_training
sa_ghmappo_no_auxiliary,29,127,train_09,7,1,1.0,0,42.70989787999999,9.510703102031728,new_bounded_training
sa_ghmappo_no_auxiliary,29,128,train_07,14,1,1.0,1,249.13517274,-17.55279370353764,new_bounded_training
sa_ghmappo_no_auxiliary,29,129,train_05,9,1,1.0,1,118.348040548,-1.4775800495285898,new_bounded_training
sa_ghmappo_no_auxiliary,29,130,train_03,6,1,1.0,1,90.20076609320883,4.306388582671477,new_bounded_training
sa_ghmappo_no_auxiliary,29,131,train_04,5,1,1.0,1,74.3312841930221,4.053057443281419,new_bounded_training
sa_ghmappo_no_auxiliary,29,132,train_10,6,1,1.0,1,77.257216504,-0.20255952029808455,new_bounded_training
sa_ghmappo_no_auxiliary,29,133,train_05,8,1,1.0,1,103.31810307200001,2.7206337162480283,new_bounded_training
sa_ghmappo_no_auxiliary,29,134,train_07,17,1,1.0,1,314.74232029999996,-32.2738861442666,new_bounded_training
sa_ghmappo_no_auxiliary,29,135,train_03,6,1,1.0,1,64.02209885720883,5.923604972418567,new_bounded_training
sa_ghmappo_no_auxiliary,29,136,train_08,7,1,1.0,0,41.424164693582334,4.537360141555704,new_bounded_training
sa_ghmappo_no_auxiliary,29,137,train_11,6,1,1.0,1,86.14973107692987,-0.3698886406535047,new_bounded_training
sa_ghmappo_no_auxiliary,29,138,train_02,6,1,1.0,1,65.49149010660442,1.2833511126381623,new_bounded_training
sa_ghmappo_no_auxiliary,29,139,train_04,6,1,1.0,1,73.14798039302207,1.0712779731214215,new_bounded_training
sa_ghmappo_no_auxiliary,29,140,train_10,6,1,1.0,1,96.068411064,-1.7078086128191017,new_bounded_training
sa_ghmappo_no_auxiliary,29,141,train_00,7,1,1.0,0,58.91268968,3.28196536479524,new_bounded_training
sa_ghmappo_no_auxiliary,29,142,train_09,7,1,1.0,0,32.60155324,10.315084350023366,new_bounded_training
sa_ghmappo_no_auxiliary,29,143,train_01,7,1,1.0,1,100.2916428,0.9718440014288974,new_bounded_training
sa_ghmappo_no_auxiliary,29,144,train_06,6,1,1.0,1,74.4085676531205,6.046740127497241,new_bounded_training
sa_ghmappo_no_auxiliary,29,145,train_02,9,1,1.0,1,97.03296232520884,-10.784532892438996,new_bounded_training
sa_ghmappo_no_auxiliary,29,146,train_11,5,1,1.0,1,58.30831408707013,4.8575179793152525,new_bounded_training
sa_ghmappo_no_auxiliary,29,147,train_06,10,1,1.0,1,91.82775952828516,-7.823943338150851,new_bounded_training
sa_ghmappo_no_auxiliary,29,148,train_03,6,1,1.0,0,47.373976735999996,11.25550761143519,new_bounded_training
sa_ghmappo_no_auxiliary,29,149,train_00,8,1,1.0,1,102.954220636,-7.465757566351227,new_bounded_training
sa_ghmappo_no_auxiliary,29,150,train_10,5,1,1.0,0,34.521423328,11.238063412157231,new_bounded_training
sa_ghmappo_no_auxiliary,29,151,train_08,6,1,1.0,1,56.692794437328985,2.315914642025181,new_bounded_training
sa_ghmappo_no_auxiliary,29,152,train_09,9,1,1.0,1,104.41433495907015,-5.358464131742637,new_bounded_training
sa_ghmappo_no_auxiliary,29,153,train_05,7,1,1.0,0,39.376102360000004,14.83643450485266,new_bounded_training
sa_ghmappo_no_auxiliary,29,154,train_04,5,1,1.0,1,105.34141747302209,1.49984857792197,new_bounded_training
sa_ghmappo_no_auxiliary,29,155,train_07,15,1,1.0,1,219.62465624000004,-18.120138158016697,new_bounded_training
sa_ghmappo_no_auxiliary,29,156,train_01,6,1,1.0,0,32.476543840000005,13.325134164096596,new_bounded_training
sa_ghmappo_no_auxiliary,29,157,train_03,8,1,1.0,1,102.96163692520882,-3.191496464170478,new_bounded_training
sa_ghmappo_no_auxiliary,29,158,train_11,6,1,1.0,0,31.511655648000005,8.001690476183338,new_bounded_training
sa_ghmappo_no_auxiliary,29,159,train_05,7,1,1.0,0,47.375437672000004,14.196269557626426,new_bounded_training
sa_ghmappo_no_auxiliary,29,160,train_07,17,1,1.0,1,204.25123573999997,-22.885379696188245,new_bounded_training
sa_ghmappo_no_auxiliary,29,161,train_02,5,1,1.0,1,77.89853945320884,3.767846287550447,new_bounded_training
sa_ghmappo_no_auxiliary,29,162,train_00,8,1,1.0,0,58.05662556,0.27418496140618487,new_bounded_training
sa_ghmappo_no_auxiliary,29,163,train_04,5,1,1.0,1,74.3312841930221,4.053057443281419,new_bounded_training
sa_ghmappo_no_auxiliary,29,164,train_08,7,1,1.0,0,31.433819805582335,5.408716913250587,new_bounded_training
sa_ghmappo_no_auxiliary,29,165,train_09,9,1,1.0,1,104.34724855907014,-5.352884617425304,new_bounded_training
sa_ghmappo_no_auxiliary,29,166,train_10,5,1,1.0,0,42.888506776,9.547200515359744,new_bounded_training
sa_ghmappo_no_auxiliary,29,167,train_01,8,1,1.0,0,36.507979840000004,7.002537513974545,new_bounded_training
sa_ghmappo_no_auxiliary,29,168,train_06,10,1,1.0,1,83.04019632028516,-6.6437901658759335,new_bounded_training
sa_ghmappo_no_auxiliary,29,169,train_04,5,1,1.0,1,74.3312841930221,4.053057443281419,new_bounded_training
sa_ghmappo_no_auxiliary,29,170,train_09,7,1,1.0,1,61.569886479999994,4.001549464184185,new_bounded_training
sa_ghmappo_no_auxiliary,29,171,train_06,8,1,1.0,1,74.44704703516467,-0.4336613696032401,new_bounded_training
sa_ghmappo_no_auxiliary,29,172,train_05,9,1,1.0,0,43.422844999999995,8.512559432549828,new_bounded_training
sa_ghmappo_no_auxiliary,29,173,train_02,6,1,1.0,1,67.83835416260442,0.5511244979155916,new_bounded_training
sa_ghmappo_no_auxiliary,29,174,train_00,10,1,1.0,0,56.048273488,-5.636838275999276,new_bounded_training
sa_ghmappo_no_auxiliary,29,175,train_11,6,1,1.0,1,88.91548603692989,-0.590929126582268,new_bounded_training
sa_ghmappo_no_auxiliary,29,176,train_01,8,1,1.0,0,46.632366160000004,6.196970374932566,new_bounded_training
sa_ghmappo_no_auxiliary,29,177,train_10,7,1,1.0,1,55.331980376,-0.9041035317412356,new_bounded_training
sa_ghmappo_no_auxiliary,29,178,train_07,17,1,1.0,1,254.0262759,-26.939727256822827,new_bounded_training
sa_ghmappo_no_auxiliary,29,179,train_08,7,1,1.0,1,62.376980103746654,-1.1388202112882326,new_bounded_training
sa_ghmappo_no_auxiliary,29,180,train_03,6,1,1.0,0,56.00094231320883,10.56536481565955,new_bounded_training
sa_ghmappo_no_auxiliary,29,181,train_11,6,1,1.0,1,66.70762048892988,1.662913648990293,new_bounded_training
sa_ghmappo_no_auxiliary,29,182,train_05,9,1,1.0,1,113.55203710800001,-1.0981281860366172,new_bounded_training
sa_ghmappo_no_auxiliary,29,183,train_09,7,1,1.0,0,32.57433164,10.317294786072187,new_bounded_training
sa_ghmappo_no_auxiliary,29,184,train_02,6,1,1.0,1,67.81392460260442,0.5530798848421172,new_bounded_training
sa_ghmappo_no_auxiliary,29,185,train_10,5,1,1.0,0,42.543736408,10.596143726780927,new_bounded_training
sa_ghmappo_no_auxiliary,29,186,train_06,9,1,1.0,1,154.02037965507634,-9.322649141513867,new_bounded_training
sa_ghmappo_no_auxiliary,29,187,train_00,9,1,1.0,0,45.22672549599999,-1.8428494419993715,new_bounded_training
sa_ghmappo_no_auxiliary,29,188,train_07,18,0,0.8888888888888888,0,100.93630775999999,-22.14761249410344,new_bounded_training
sa_ghmappo_no_auxiliary,29,189,train_03,6,1,1.0,0,47.34844089599999,11.257615894732831,new_bounded_training
sa_ghmappo_no_auxiliary,29,190,train_01,7,1,1.0,0,53.352933400000005,8.65476171022903,new_bounded_training
sa_ghmappo_no_auxiliary,29,191,train_08,7,1,1.0,0,33.449250165582335,5.175570914765844,new_bounded_training
sa_ghmappo_no_auxiliary,29,192,train_04,9,1,1.0,1,89.9336582330221,-9.27153137410937,new_bounded_training
