split,method,seed,design_id,step_index,node_id,current_rsu_id,target_rsu_id,current_bundle_ready,target_bundle_ready,raw_head_actions,raw_head_actions_source,raw_env_action,projected_env_action,executed_action,projection_applied,aggregation_reason,env_action_probs,policy_log_prob,executed_action_log_prob,service_completed,migration_success,state_ready,progressed,no_progress_streak,model_transfer_bytes,state_transfer_bytes,recompute_seconds
regression,sa_ghmappo,7,regression_00,0,1,rsu_0,rsu_1,True,False,"{""event"": 1, ""fast"": 0, ""slow"": 0}",independent_head_argmax,4,4,4,False,event_head_prepare,"[0.12509, 0.137244, 0.044363, 0.178077, 0.515225]",-0.663152,-0.663152,True,True,True,True,0,9641944,2195,0.0
regression,sa_ghmappo,7,regression_00,1,4,rsu_0,rsu_1,True,True,"{""event"": 1, ""fast"": 0, ""slow"": 0}",independent_head_argmax,4,4,4,False,event_head_prepare,"[0.173892, 0.0, 0.042014, 0.205724, 0.57837]",-0.547542,-0.547542,True,True,True,True,0,0,2195,0.0
regression,sa_ghmappo,7,regression_00,2,2,rsu_0,rsu_1,False,False,"{""event"": 0, ""fast"": 0, ""slow"": 1}",independent_head_argmax,0,0,0,False,slow_head_cache_fill,"[0.261746, 0.123555, 0.107995, 0.138658, 0.368047]",-1.340382,-1.340382,True,False,True,True,0,154423432,0,0.0
regression,sa_ghmappo,7,regression_00,3,3,rsu_1,rsu_2,True,False,"{""event"": 1, ""fast"": 0, ""slow"": 0}",independent_head_argmax,4,4,4,False,event_head_prepare,"[0.130231, 0.132778, 0.052765, 0.170346, 0.51388]",-0.665766,-0.665766,True,True,False,True,0,9641944,2744,8.631628667164668
regression,sa_ghmappo,7,regression_00,4,5,rsu_1,rsu_2,False,False,"{""event"": 0, ""fast"": 0, ""slow"": 0}",independent_head_argmax,3,3,3,False,fast_head_steady_offload,"[0.208268, 0.131113, 0.106958, 0.13644, 0.41722]",-1.991869,-1.991869,False,False,True,False,1,0,0,0.0
regression,sa_ghmappo,7,regression_00,5,5,rsu_1,rsu_2,False,False,"{""event"": 0, ""fast"": 0, ""slow"": 0}",independent_head_argmax,3,3,3,False,fast_head_steady_offload,"[0.201257, 0.131149, 0.107101, 0.136668, 0.423825]",-1.990199,-1.990199,False,False,True,False,2,0,0,0.0
regression,sa_ghmappo,7,regression_00,6,5,rsu_2,rsu_0,False,True,"{""event"": 0, ""fast"": 0, ""slow"": 0}",independent_head_argmax,3,3,3,False,fast_head_steady_offload,"[0.18219, 0.0, 0.081754, 0.169773, 0.566283]",-1.773292,-1.773292,False,False,True,False,3,0,0,0.0
regression,sa_ghmappo,7,regression_00,7,5,rsu_2,rsu_0,False,True,"{""event"": 1, ""fast"": 0, ""slow"": 0}",independent_head_argmax,4,4,4,False,event_head_prepare,"[0.179737, 0.0, 0.081285, 0.168874, 0.570104]",-0.561937,-0.561937,False,False,True,False,4,0,0,0.0
regression,sa_ghmappo,7,regression_00,8,5,rsu_2,rsu_0,False,True,"{""event"": 1, ""fast"": 0, ""slow"": 0}",independent_head_argmax,4,4,4,False,event_head_prepare,"[0.140535, 0.0, 0.070059, 0.164069, 0.625337]",-0.469464,-0.469464,False,False,True,False,5,0,0,0.0
regression,sa_ghmappo,7,regression_00,9,5,rsu_0,,True,False,"{""event"": 0, ""fast"": 0, ""slow"": 0}",independent_head_argmax,3,3,3,False,fast_head_steady_offload,"[0.42835, 0.0, 0.149849, 0.421801, 0.0]",-0.863222,-0.863222,True,False,False,True,0,0,0,43.784623280067905
regression,sa_ghmappo,7,regression_01,0,1,rsu_0,rsu_1,True,False,"{""event"": 0, ""fast"": 0, ""slow"": 0}",independent_head_argmax,3,3,3,False,fast_head_steady_offload,"[0.162871, 0.145365, 0.046005, 0.199679, 0.446081]",-1.611045,-1.611045,True,False,True,True,0,0,0,0.0
regression,sa_ghmappo,7,regression_01,1,2,rsu_0,rsu_1,True,False,"{""event"": 0, ""fast"": 0, ""slow"": 0}",independent_head_argmax,3,3,3,False,fast_head_steady_offload,"[0.16785, 0.144384, 0.046186, 0.201103, 0.440477]",-1.60394,-1.60394,True,False,True,True,0,0,0,0.0
regression,sa_ghmappo,7,regression_01,2,4,rsu_0,rsu_1,True,False,"{""event"": 0, ""fast"": 0, ""slow"": 0}",independent_head_argmax,3,3,3,False,fast_head_steady_offload,"[0.185637, 0.140462, 0.048671, 0.202074, 0.423156]",-1.599121,-1.599121,True,False,True,True,0,0,0,0.0
regression,sa_ghmappo,7,regression_01,3,5,rsu_0,rsu_1,True,False,"{""event"": 0, ""fast"": 0, ""slow"": 0}",independent_head_argmax,3,3,3,False,fast_head_steady_offload,"[0.18117, 0.139993, 0.057576, 0.188596, 0.432665]",-1.668149,-1.668149,True,False,True,True,0,0,0,0.0
regression,sa_ghmappo,7,regression_01,4,3,rsu_1,rsu_2,True,True,"{""event"": 1, ""fast"": 0, ""slow"": 0}",independent_head_argmax,4,4,4,False,event_head_prepare,"[0.121289, 0.0, 0.056812, 0.171379, 0.65052]",-0.429983,-0.429983,True,True,False,True,0,0,210720,13.358471452825595
regression,sa_ghmappo,7,regression_01,5,6,rsu_1,rsu_2,True,True,"{""event"": 1, ""fast"": 0, ""slow"": 0}",independent_head_argmax,4,4,4,False,event_head_prepare,"[0.123886, 0.0, 0.054573, 0.174596, 0.646944]",-0.435496,-0.435496,True,True,True,True,0,0,210720,0.0
regression,sa_ghmappo,7,regression_01,6,7,rsu_1,rsu_2,True,True,"{""event"": 1, ""fast"": 0, ""slow"": 0}",independent_head_argmax,4,4,4,False,event_head_prepare,"[0.1161, 0.0, 0.074709, 0.149326, 0.659866]",-0.415719,-0.415719,True,True,True,True,0,0,210720,0.0
regression,sa_ghmappo,7,regression_01,7,8,rsu_1,rsu_2,True,True,"{""event"": 1, ""fast"": 0, ""slow"": 0}",independent_head_argmax,4,4,4,False,event_head_prepare,"[0.10905, 0.0, 0.054012, 0.164279, 0.672658]",-0.396518,-0.396518,True,True,True,True,0,0,175600,0.0
regression,sa_ghmappo,7,regression_02,0,1,rsu_0,rsu_1,True,False,"{""event"": 0, ""fast"": 0, ""slow"": 0}",independent_head_argmax,3,3,3,False,fast_head_steady_offload,"[0.170559, 0.146143, 0.046433, 0.20302, 0.433845]",-1.594451,-1.594451,True,False,True,True,0,0,0,0.0
regression,sa_ghmappo,7,regression_02,1,2,rsu_0,rsu_1,False,True,"{""event"": 0, ""fast"": 0, ""slow"": 1}",independent_head_argmax,0,0,0,False,slow_head_cache_fill,"[0.308924, 0.0, 0.082346, 0.19445, 0.41428]",-1.17466,-1.17466,True,False,True,True,0,1169449264,0,0.0
regression,sa_ghmappo,7,regression_02,2,3,rsu_0,rsu_1,True,True,"{""event"": 1, ""fast"": 0, ""slow"": 0}",independent_head_argmax,4,4,4,False,event_head_prepare,"[0.104655, 0.0, 0.069148, 0.145301, 0.680896]",-0.384345,-0.384345,True,True,True,True,0,0,2744,0.0
regression,sa_ghmappo,7,regression_02,3,4,rsu_1,rsu_2,True,True,"{""event"": 1, ""fast"": 0, ""slow"": 0}",independent_head_argmax,4,4,4,False,event_head_prepare,"[0.137731, 0.0, 0.052982, 0.182983, 0.626304]",-0.467919,-0.467919,True,True,True,True,0,0,2744,0.0
regression,sa_ghmappo,7,regression_02,4,5,rsu_1,rsu_2,False,False,"{""event"": 0, ""fast"": 0, ""slow"": 1}",independent_head_argmax,0,0,0,False,slow_head_cache_fill,"[0.290119, 0.128708, 0.120858, 0.130507, 0.329808]",-1.237465,-1.237465,True,False,True,True,0,1024667776,0,0.0
regression,sa_ghmappo,7,regression_02,5,6,rsu_1,rsu_2,False,True,"{""event"": 0, ""fast"": 0, ""slow"": 0}",independent_head_argmax,3,3,3,False,fast_head_steady_offload,"[0.198232, 0.0, 0.071837, 0.190727, 0.539204]",-1.656914,-1.656914,False,False,True,False,1,0,0,0.0
regression,sa_ghmappo,7,regression_02,6,6,rsu_2,rsu_0,True,True,"{""event"": 1, ""fast"": 0, ""slow"": 0}",independent_head_argmax,4,4,4,False,event_head_prepare,"[0.114968, 0.0, 0.050196, 0.172901, 0.661935]",-0.412588,-0.412588,True,True,False,True,0,0,2744,66.89510800074702
regression,sa_ghmappo,7,regression_02,7,7,rsu_2,rsu_0,True,True,"{""event"": 1, ""fast"": 0, ""slow"": 0}",independent_head_argmax,4,4,4,False,event_head_prepare,"[0.108795, 0.0, 0.060964, 0.156939, 0.673302]",-0.395562,-0.395562,True,True,True,True,0,0,2744,0.0
regression,sa_ghmappo,7,regression_03,0,3,rsu_0,,True,False,"{""event"": 0, ""fast"": 0, ""slow"": 1}",independent_head_argmax,0,0,0,False,slow_head_cache_fill,"[0.504789, 0.0, 0.089932, 0.405279, 0.0]",-0.683614,-0.683614,True,False,True,True,0,0,0,0.0
regression,sa_ghmappo,7,regression_03,1,6,rsu_0,rsu_1,True,False,"{""event"": 0, ""fast"": 0, ""slow"": 0}",independent_head_argmax,3,3,3,False,fast_head_steady_offload,"[0.142407, 0.139088, 0.045048, 0.187174, 0.486283]",-1.675717,-1.675717,True,False,True,True,0,0,0,0.0
regression,sa_ghmappo,7,regression_03,2,7,rsu_0,rsu_1,True,False,"{""event"": 0, ""fast"": 0, ""slow"": 0}",independent_head_argmax,3,3,3,False,fast_head_steady_offload,"[0.149478, 0.136998, 0.045508, 0.188403, 0.479612]",-1.66917,-1.66917,True,False,True,True,0,0,0,0.0
regression,sa_ghmappo,7,regression_03,3,9,rsu_0,rsu_1,True,False,"{""event"": 0, ""fast"": 0, ""slow"": 0}",independent_head_argmax,3,3,3,False,fast_head_steady_offload,"[0.14692, 0.134641, 0.049981, 0.180218, 0.488239]",-1.713587,-1.713587,True,False,True,True,0,0,0,0.0
regression,sa_ghmappo,7,regression_03,4,1,rsu_0,rsu_1,False,True,"{""event"": 1, ""fast"": 0, ""slow"": 0}",independent_head_argmax,4,4,4,False,event_head_prepare,"[0.107356, 0.0, 0.05822, 0.15521, 0.679215]",-0.386818,-0.386818,False,False,True,False,1,0,0,0.0
regression,sa_ghmappo,7,regression_03,5,1,rsu_1,,True,False,"{""event"": 1, ""fast"": 0, ""slow"": 0}",independent_head_argmax,4,3,3,True,fast_head_steady_offload,"[0.402857, 0.0, 0.129199, 0.467944, 0.0]",-0.759406,-0.759406,True,False,False,True,0,0,0,7.193022
regression,sa_ghmappo,7,regression_03,6,4,rsu_1,rsu_2,True,True,"{""event"": 1, ""fast"": 0, ""slow"": 0}",independent_head_argmax,4,4,4,False,event_head_prepare,"[0.09795, 0.0, 0.048822, 0.15626, 0.696968]",-0.361016,-0.361016,True,True,True,True,0,0,175600,0.0
regression,sa_ghmappo,7,regression_03,7,8,rsu_1,rsu_2,True,True,"{""event"": 1, ""fast"": 0, ""slow"": 0}",independent_head_argmax,4,4,4,False,event_head_prepare,"[0.096796, 0.0, 0.049327, 0.153963, 0.699913]",-0.356799,-0.356799,True,True,True,True,0,0,210720,0.0
regression,sa_ghmappo,7,regression_03,8,2,rsu_1,rsu_2,True,True,"{""event"": 1, ""fast"": 0, ""slow"": 0}",independent_head_argmax,4,4,4,False,event_head_prepare,"[0.094959, 0.0, 0.064987, 0.136982, 0.703072]",-0.352296,-0.352296,True,True,True,True,0,0,175600,0.0
regression,sa_ghmappo,7,regression_03,9,5,rsu_1,rsu_2,True,True,"{""event"": 1, ""fast"": 0, ""slow"": 0}",independent_head_argmax,4,4,4,False,event_head_prepare,"[0.088283, 0.0, 0.064074, 0.131983, 0.71566]",-0.33455,-0.33455,True,True,True,True,0,0,175600,0.0
regression,sa_ghmappo,7,regression_03,10,10,rsu_2,,True,False,"{""event"": 1, ""fast"": 0, ""slow"": 0}",independent_head_argmax,4,3,3,True,fast_head_steady_offload,"[0.35491, 0.0, 0.170409, 0.474681, 0.0]",-0.745111,-0.745111,True,False,True,True,0,0,0,0.0
regression,sa_ghmappo,7,regression_04,0,1,rsu_0,rsu_1,True,False,"{""event"": 1, ""fast"": 0, ""slow"": 0}",independent_head_argmax,4,4,4,False,event_head_prepare,"[0.115531, 0.133109, 0.040857, 0.171508, 0.538994]",-0.618051,-0.618051,True,False,True,True,0,0,0,0.0
regression,sa_ghmappo,7,regression_04,1,3,rsu_0,rsu_1,True,False,"{""event"": 1, ""fast"": 0, ""slow"": 0}",independent_head_argmax,4,4,4,False,event_head_prepare,"[0.12982, 0.130682, 0.05122, 0.165528, 0.52275]",-0.648652,-0.648652,True,False,True,True,0,0,0,0.0
regression,sa_ghmappo,7,regression_04,2,2,rsu_1,rsu_2,True,True,"{""event"": 1, ""fast"": 0, ""slow"": 0}",independent_head_argmax,4,4,4,False,event_head_prepare,"[0.096371, 0.0, 0.048629, 0.149233, 0.705766]",-0.348471,-0.348471,True,False,False,True,0,0,0,4.315814333582334
regression,sa_ghmappo,7,regression_04,3,4,rsu_1,rsu_2,True,True,"{""event"": 1, ""fast"": 0, ""slow"": 0}",independent_head_argmax,4,4,4,False,event_head_prepare,"[0.085202, 0.0, 0.051661, 0.136215, 0.726922]",-0.318936,-0.318936,True,False,True,True,0,0,0,0.0
regression,sa_ghmappo,7,regression_04,4,5,rsu_2,rsu_0,True,False,"{""event"": 1, ""fast"": 0, ""slow"": 0}",independent_head_argmax,4,4,4,False,event_head_prepare,"[0.103809, 0.128287, 0.04165, 0.158451, 0.567803]",-0.56598,-0.56598,True,False,False,True,0,0,0,33.08790233358234
regression,sa_ghmappo,7,regression_05,0,1,rsu_0,rsu_1,False,False,"{""event"": 0, ""fast"": 0, ""slow"": 1}",independent_head_argmax,0,0,0,False,slow_head_cache_fill,"[0.280675, 0.124173, 0.08755, 0.161661, 0.345941]",-1.270557,-1.270557,True,False,True,True,0,9641944,0,0.0
regression,sa_ghmappo,7,regression_05,1,2,rsu_0,rsu_1,True,False,"{""event"": 1, ""fast"": 0, ""slow"": 0}",independent_head_argmax,4,4,4,False,event_head_prepare,"[0.121067, 0.1357, 0.052301, 0.162868, 0.528064]",-0.638538,-0.638538,True,True,True,True,0,9641944,2195,0.0
regression,sa_ghmappo,7,regression_05,2,3,rsu_1,rsu_2,True,False,"{""event"": 1, ""fast"": 0, ""slow"": 0}",independent_head_argmax,4,4,4,False,event_head_prepare,"[0.105092, 0.131507, 0.046164, 0.157685, 0.559552]",-0.580618,-0.580618,True,True,True,True,0,9641944,2195,0.0
regression,sa_ghmappo,7,regression_05,3,4,rsu_1,rsu_2,True,True,"{""event"": 1, ""fast"": 0, ""slow"": 0}",independent_head_argmax,4,4,4,False,event_head_prepare,"[0.083772, 0.0, 0.065716, 0.124681, 0.725831]",-0.320438,-0.320438,True,True,True,True,0,0,3841,0.0
regression,sa_ghmappo,7,regression_05,4,5,rsu_2,rsu_0,True,True,"{""event"": 1, ""fast"": 0, ""slow"": 0}",independent_head_argmax,4,4,4,False,event_head_prepare,"[0.08855, 0.0, 0.046686, 0.148091, 0.716673]",-0.333135,-0.333135,True,True,True,True,0,0,2744,0.0
regression,sa_ghmappo,7,regression_06,0,1,rsu_0,rsu_1,True,False,"{""event"": 0, ""fast"": 0, ""slow"": 0}",independent_head_argmax,3,3,3,False,fast_head_steady_offload,"[0.14183, 0.147929, 0.045674, 0.190054, 0.474513]",-1.660444,-1.660444,True,False,True,True,0,0,0,0.0
regression,sa_ghmappo,7,regression_06,1,2,rsu_0,rsu_1,True,False,"{""event"": 0, ""fast"": 0, ""slow"": 0}",independent_head_argmax,3,3,3,False,fast_head_steady_offload,"[0.185767, 0.144793, 0.056175, 0.196081, 0.417184]",-1.629228,-1.629228,True,False,True,True,0,0,0,0.0
regression,sa_ghmappo,7,regression_06,2,3,rsu_1,rsu_2,True,True,"{""event"": 1, ""fast"": 0, ""slow"": 0}",independent_head_argmax,4,4,4,False,event_head_prepare,"[0.129589, 0.0, 0.053449, 0.179301, 0.637661]",-0.449948,-0.449948,True,False,False,True,0,0,0,4.315814333582334
regression,sa_ghmappo,7,regression_06,3,4,rsu_1,rsu_2,True,True,"{""event"": 1, ""fast"": 0, ""slow"": 0}",independent_head_argmax,4,4,4,False,event_head_prepare,"[0.108777, 0.0, 0.062072, 0.156843, 0.672307]",-0.397041,-0.397041,True,False,True,True,0,0,0,0.0
regression,sa_ghmappo,7,regression_06,4,5,rsu_2,rsu_0,True,False,"{""event"": 1, ""fast"": 0, ""slow"": 0}",independent_head_argmax,4,4,4,False,event_head_prepare,"[0.128769, 0.144267, 0.046967, 0.17758, 0.502417]",-0.688324,-0.688324,True,False,False,True,0,0,0,33.08790233358234
regression,sa_ghmappo,7,regression_07,0,1,rsu_0,rsu_1,True,False,"{""event"": 0, ""fast"": 0, ""slow"": 0}",independent_head_argmax,3,3,3,False,fast_head_steady_offload,"[0.25694, 0.133649, 0.048152, 0.212273, 0.348986]",-1.549884,-1.549884,True,False,True,True,0,0,0,0.0
regression,sa_ghmappo,7,regression_07,1,4,rsu_0,rsu_1,True,False,"{""event"": 0, ""fast"": 0, ""slow"": 1}",independent_head_argmax,0,0,0,False,slow_head_cache_fill,"[0.308819, 0.125961, 0.058409, 0.199961, 0.30685]",-1.175,-1.175,True,False,True,True,0,0,0,0.0
regression,sa_ghmappo,7,regression_07,2,6,rsu_1,rsu_2,False,False,"{""event"": 0, ""fast"": 0, ""slow"": 1}",independent_head_argmax,0,0,0,False,slow_head_cache_fill,"[0.364697, 0.111635, 0.081681, 0.169216, 0.272772]",-1.008689,-1.008689,True,False,False,True,0,1024667776,0,7.441058316328074
regression,sa_ghmappo,7,regression_07,3,9,rsu_1,rsu_2,True,False,"{""event"": 0, ""fast"": 0, ""slow"": 1}",independent_head_argmax,0,0,0,False,slow_head_cache_fill,"[0.325268, 0.121483, 0.05952, 0.196633, 0.297095]",-1.123106,-1.123106,True,False,True,True,0,0,0,0.0
regression,sa_ghmappo,7,regression_07,4,7,rsu_2,rsu_0,False,False,"{""event"": 0, ""fast"": 0, ""slow"": 1}",independent_head_argmax,0,0,0,False,slow_head_cache_fill,"[0.365368, 0.107958, 0.089948, 0.158781, 0.277944]",-1.006849,-1.006849,True,False,False,True,0,1169449264,0,4.315814333582334
regression,sa_ghmappo,7,regression_07,5,8,rsu_2,rsu_0,True,False,"{""event"": 0, ""fast"": 0, ""slow"": 0}",independent_head_argmax,3,3,3,False,fast_head_steady_offload,"[0.234648, 0.129857, 0.060167, 0.192829, 0.382498]",-1.645952,-1.645952,True,False,True,True,0,0,0,0.0
regression,sa_ghmappo,7,regression_07,6,10,rsu_0,rsu_1,False,False,"{""event"": 0, ""fast"": 0, ""slow"": 1}",independent_head_argmax,0,0,0,False,slow_head_cache_fill,"[0.330081, 0.118892, 0.101413, 0.151321, 0.298293]",-1.108417,-1.108417,True,False,False,True,0,154423432,0,28.12719867866751
regression,sa_ghmappo,7,regression_07,7,2,rsu_0,rsu_1,True,False,"{""event"": 1, ""fast"": 0, ""slow"": 0}",independent_head_argmax,4,4,4,False,event_head_prepare,"[0.11252, 0.142168, 0.06382, 0.148905, 0.532587]",-0.630009,-0.630009,True,False,True,True,0,0,0,0.0
regression,sa_ghmappo,7,regression_07,8,3,rsu_1,rsu_2,False,True,"{""event"": 0, ""fast"": 0, ""slow"": 0}",independent_head_argmax,3,3,3,False,fast_head_steady_offload,"[0.218071, 0.0, 0.076632, 0.195007, 0.510291]",-1.634721,-1.634721,False,False,False,False,1,0,0,0.0
regression,sa_ghmappo,7,regression_07,9,3,rsu_1,rsu_2,False,True,"{""event"": 1, ""fast"": 0, ""slow"": 0}",independent_head_argmax,4,4,4,False,event_head_prepare,"[0.116178, 0.0, 0.06359, 0.162155, 0.658076]",-0.418435,-0.418435,False,False,False,False,2,0,0,0.0
regression,sa_ghmappo,7,regression_07,10,3,rsu_2,rsu_0,True,True,"{""event"": 1, ""fast"": 0, ""slow"": 0}",independent_head_argmax,4,4,4,False,event_head_prepare,"[0.106074, 0.0, 0.063013, 0.153722, 0.677191]",-0.389802,-0.389802,True,True,False,True,0,0,210720,28.12719867866751
regression,sa_ghmappo,7,regression_07,11,5,rsu_2,rsu_0,True,True,"{""event"": 1, ""fast"": 0, ""slow"": 0}",independent_head_argmax,4,4,4,False,event_head_prepare,"[0.099842, 0.0, 0.062159, 0.149856, 0.688144]",-0.373758,-0.373758,True,True,True,True,0,0,210720,0.0
regression,sa_ghmappo,7,regression_07,12,11,rsu_0,rsu_1,True,False,"{""event"": 1, ""fast"": 0, ""slow"": 0}",independent_head_argmax,4,4,4,False,event_head_prepare,"[0.119776, 0.14135, 0.05822, 0.157099, 0.523555]",-0.647113,-0.647113,True,True,True,True,0,154423432,280960,0.0
regression,sa_ghmappo,7,regression_07,13,12,rsu_0,rsu_1,True,True,"{""event"": 1, ""fast"": 0, ""slow"": 0}",independent_head_argmax,4,4,4,False,event_head_prepare,"[0.09971, 0.0, 0.055759, 0.15629, 0.688241]",-0.373616,-0.373616,True,True,True,True,0,0,210720,0.0
regression,sa_ghmappo,7,regression_08,0,1,rsu_0,rsu_1,True,False,"{""event"": 1, ""fast"": 0, ""slow"": 0}",independent_head_argmax,4,4,4,False,event_head_prepare,"[0.125718, 0.136798, 0.042327, 0.180316, 0.514842]",-0.663895,-0.663895,True,True,True,True,0,9641944,2195,0.0
regression,sa_ghmappo,7,regression_08,1,3,rsu_0,rsu_1,True,True,"{""event"": 1, ""fast"": 0, ""slow"": 0}",independent_head_argmax,4,4,4,False,event_head_prepare,"[0.176475, 0.0, 0.041057, 0.204532, 0.577936]",-0.548292,-0.548292,True,True,True,True,0,0,2195,0.0
regression,sa_ghmappo,7,regression_08,2,2,rsu_1,rsu_2,False,True,"{""event"": 0, ""fast"": 0, ""slow"": 1}",independent_head_argmax,0,0,0,False,slow_head_cache_fill,"[0.263985, 0.0, 0.082545, 0.177177, 0.476292]",-1.331863,-1.331863,True,False,True,True,0,154423432,0,0.0
regression,sa_ghmappo,7,regression_08,3,4,rsu_1,rsu_2,True,True,"{""event"": 0, ""fast"": 0, ""slow"": 0}",independent_head_argmax,3,3,3,False,fast_head_steady_offload,"[0.202469, 0.0, 0.049239, 0.203498, 0.544794]",-1.592101,-1.592101,True,False,True,True,0,0,0,0.0
regression,sa_ghmappo,7,regression_08,4,5,rsu_2,rsu_0,False,True,"{""event"": 0, ""fast"": 0, ""slow"": 1}",independent_head_argmax,0,0,0,False,slow_head_cache_fill,"[0.294419, 0.0, 0.088473, 0.174411, 0.442696]",-1.22275,-1.22275,True,False,False,True,0,9641944,0,30.21069466716467
regression,sa_ghmappo,7,regression_08,5,6,rsu_2,rsu_0,False,False,"{""event"": 0, ""fast"": 0, ""slow"": 0}",independent_head_argmax,3,3,3,False,fast_head_steady_offload,"[0.245067, 0.122752, 0.102754, 0.142911, 0.386516]",-1.945536,-1.945536,False,False,True,False,1,0,0,0.0
regression,sa_ghmappo,7,regression_08,6,6,rsu_0,rsu_1,False,True,"{""event"": 0, ""fast"": 0, ""slow"": 0}",independent_head_argmax,3,3,3,False,fast_head_steady_offload,"[0.230854, 0.0, 0.081624, 0.178931, 0.50859]",-1.720752,-1.720752,False,False,False,False,2,0,0,0.0
regression,sa_ghmappo,7,regression_08,7,6,rsu_0,rsu_1,False,True,"{""event"": 1, ""fast"": 0, ""slow"": 0}",independent_head_argmax,4,4,4,False,event_head_prepare,"[0.163694, 0.0, 0.064696, 0.178771, 0.592839]",-0.522833,-0.522833,False,False,False,False,3,0,0,0.0
regression,sa_ghmappo,7,regression_08,8,6,rsu_1,rsu_2,True,False,"{""event"": 1, ""fast"": 0, ""slow"": 0}",independent_head_argmax,4,4,4,False,event_head_prepare,"[0.119974, 0.131856, 0.048205, 0.168393, 0.531572]",-0.631917,-0.631917,True,True,False,True,0,154423432,2744,41.09494697295439
regression,sa_ghmappo,7,regression_09,0,1,rsu_0,rsu_1,True,False,"{""event"": 0, ""fast"": 0, ""slow"": 0}",independent_head_argmax,3,3,3,False,fast_head_steady_offload,"[0.13286, 0.144891, 0.044534, 0.186273, 0.491441]",-1.680541,-1.680541,True,False,True,True,0,0,0,0.0
regression,sa_ghmappo,7,regression_09,1,3,rsu_0,rsu_1,True,False,"{""event"": 0, ""fast"": 0, ""slow"": 0}",independent_head_argmax,3,3,3,False,fast_head_steady_offload,"[0.15411, 0.14435, 0.052519, 0.185562, 0.46346]",-1.684368,-1.684368,True,False,True,True,0,0,0,0.0
regression,sa_ghmappo,7,regression_09,2,5,rsu_1,rsu_2,False,False,"{""event"": 0, ""fast"": 0, ""slow"": 1}",independent_head_argmax,0,0,0,False,slow_head_cache_fill,"[0.255879, 0.133447, 0.085377, 0.165564, 0.359734]",-1.363053,-1.363053,True,False,False,True,0,9641944,0,8.631625833208835
regression,sa_ghmappo,7,regression_09,3,7,rsu_1,rsu_2,True,False,"{""event"": 1, ""fast"": 0, ""slow"": 0}",independent_head_argmax,4,4,4,False,event_head_prepare,"[0.120727, 0.142423, 0.052059, 0.163107, 0.521685]",-0.650692,-0.650692,True,True,True,True,0,9641944,140480,0.0
regression,sa_ghmappo,7,regression_09,4,2,rsu_2,rsu_0,True,False,"{""event"": 1, ""fast"": 0, ""slow"": 0}",independent_head_argmax,4,4,4,False,event_head_prepare,"[0.110237, 0.139853, 0.059942, 0.149246, 0.540722]",-0.614849,-0.614849,True,True,True,True,0,154423432,175600,0.0
regression,sa_ghmappo,7,regression_09,5,4,rsu_2,rsu_0,True,True,"{""event"": 1, ""fast"": 0, ""slow"": 0}",independent_head_argmax,4,4,4,False,event_head_prepare,"[0.100135, 0.0, 0.068978, 0.143253, 0.687634]",-0.374499,-0.374499,True,True,True,True,0,0,175600,0.0
regression,sa_ghmappo,7,regression_09,6,6,rsu_0,rsu_1,True,True,"{""event"": 1, ""fast"": 0, ""slow"": 0}",independent_head_argmax,4,4,4,False,event_head_prepare,"[0.105943, 0.0, 0.071349, 0.14558, 0.677128]",-0.389896,-0.389896,True,True,True,True,0,0,175600,0.0
regression,sa_ghmappo,7,regression_09,7,8,rsu_0,rsu_1,True,True,"{""event"": 1, ""fast"": 0, ""slow"": 0}",independent_head_argmax,4,4,4,False,event_head_prepare,"[0.099515, 0.0, 0.068269, 0.143699, 0.688517]",-0.373215,-0.373215,True,True,True,True,0,0,175600,0.0
regression,sa_ghmappo,7,regression_09,8,9,rsu_1,rsu_2,True,True,"{""event"": 1, ""fast"": 0, ""slow"": 0}",independent_head_argmax,4,4,4,False,event_head_prepare,"[0.107131, 0.0, 0.064587, 0.153109, 0.675174]",-0.392785,-0.392785,True,True,True,True,0,0,280960,0.0
regression,sa_ghmappo,7,regression_10,0,1,rsu_0,rsu_1,True,False,"{""event"": 0, ""fast"": 0, ""slow"": 0}",independent_head_argmax,3,3,3,False,fast_head_steady_offload,"[0.169855, 0.146031, 0.047552, 0.201446, 0.435116]",-1.602233,-1.602233,True,False,True,True,0,0,0,0.0
regression,sa_ghmappo,7,regression_10,1,2,rsu_0,rsu_1,True,False,"{""event"": 0, ""fast"": 0, ""slow"": 0}",independent_head_argmax,3,3,3,False,fast_head_steady_offload,"[0.201596, 0.140168, 0.05888, 0.194708, 0.404647]",-1.636254,-1.636254,True,False,True,True,0,0,0,0.0
regression,sa_ghmappo,7,regression_10,2,3,rsu_1,rsu_2,True,True,"{""event"": 1, ""fast"": 0, ""slow"": 0}",independent_head_argmax,4,4,4,False,event_head_prepare,"[0.121063, 0.0, 0.053605, 0.172664, 0.652667]",-0.426688,-0.426688,True,True,False,True,0,0,3292,24.815925333208835
regression,sa_ghmappo,7,regression_10,3,4,rsu_1,rsu_2,True,True,"{""event"": 1, ""fast"": 0, ""slow"": 0}",independent_head_argmax,4,4,4,False,event_head_prepare,"[0.10527, 0.0, 0.070506, 0.144588, 0.679636]",-0.386198,-0.386198,True,True,True,True,0,0,2744,0.0
regression,sa_ghmappo,7,regression_10,4,5,rsu_2,rsu_0,True,False,"{""event"": 1, ""fast"": 0, ""slow"": 0}",independent_head_argmax,4,4,4,False,event_head_prepare,"[0.117, 0.143075, 0.04735, 0.169595, 0.522979]",-0.648214,-0.648214,True,False,True,True,0,0,0,0.0
regression,sa_ghmappo,7,regression_11,0,3,rsu_0,rsu_1,True,False,"{""event"": 1, ""fast"": 0, ""slow"": 0}",independent_head_argmax,4,4,4,False,event_head_prepare,"[0.125433, 0.139427, 0.041518, 0.182427, 0.511194]",-0.671007,-0.671007,True,True,True,True,0,1024667776,140480,0.0
regression,sa_ghmappo,7,regression_11,1,1,rsu_0,rsu_1,False,True,"{""event"": 1, ""fast"": 0, ""slow"": 0}",independent_head_argmax,4,4,4,False,event_head_prepare,"[0.094768, 0.0, 0.064987, 0.135952, 0.704293]",-0.35056,-0.35056,False,False,True,False,1,0,0,0.0
regression,sa_ghmappo,7,regression_11,2,1,rsu_1,rsu_2,True,True,"{""event"": 1, ""fast"": 0, ""slow"": 0}",independent_head_argmax,4,4,4,False,event_head_prepare,"[0.0909, 0.0, 0.05525, 0.14144, 0.712409]",-0.339104,-0.339104,True,True,True,True,0,0,175600,0.0
regression,sa_ghmappo,7,regression_11,3,4,rsu_1,rsu_2,True,True,"{""event"": 1, ""fast"": 0, ""slow"": 0}",independent_head_argmax,4,4,4,False,event_head_prepare,"[0.084695, 0.0, 0.046753, 0.144101, 0.724451]",-0.322342,-0.322342,True,True,True,True,0,0,175600,0.0
regression,sa_ghmappo,7,regression_11,4,2,rsu_2,rsu_0,True,False,"{""event"": 1, ""fast"": 0, ""slow"": 0}",independent_head_argmax,4,4,4,False,event_head_prepare,"[0.099008, 0.131917, 0.044201, 0.156108, 0.568766]",-0.564286,-0.564286,True,False,True,True,0,0,0,0.0
regression,sa_ghmappo,7,regression_11,5,5,rsu_2,rsu_0,False,True,"{""event"": 1, ""fast"": 0, ""slow"": 0}",independent_head_argmax,4,4,4,False,event_head_prepare,"[0.121887, 0.0, 0.068923, 0.155867, 0.653323]",-0.425684,-0.425684,False,False,True,False,1,0,0,0.0
regression,sa_ghmappo,7,regression_11,6,5,rsu_0,rsu_1,True,True,"{""event"": 1, ""fast"": 0, ""slow"": 0}",independent_head_argmax,4,4,4,False,event_head_prepare,"[0.090612, 0.0, 0.050115, 0.147059, 0.712214]",-0.339376,-0.339376,True,True,False,True,0,0,210720,43.158132
frozen_check,sa_ghmappo,7,frozen_check_00,0,1,rsu_0,rsu_1,True,False,"{""event"": 0, ""fast"": 0, ""slow"": 0}",independent_head_argmax,3,3,3,False,fast_head_steady_offload,"[0.145305, 0.137025, 0.044439, 0.188875, 0.484356]",-1.666672,-1.666672,True,False,True,True,0,0,0,0.0
frozen_check,sa_ghmappo,7,frozen_check_00,1,2,rsu_0,rsu_1,True,False,"{""event"": 0, ""fast"": 0, ""slow"": 0}",independent_head_argmax,3,3,3,False,fast_head_steady_offload,"[0.171963, 0.131825, 0.055062, 0.184403, 0.456747]",-1.690631,-1.690631,True,False,True,True,0,0,0,0.0
frozen_check,sa_ghmappo,7,frozen_check_00,2,3,rsu_1,rsu_2,True,True,"{""event"": 1, ""fast"": 0, ""slow"": 0}",independent_head_argmax,4,4,4,False,event_head_prepare,"[0.099455, 0.0, 0.047568, 0.154981, 0.697996]",-0.359542,-0.359542,True,True,False,True,0,0,3292,21.579066
frozen_check,sa_ghmappo,7,frozen_check_00,3,4,rsu_1,rsu_2,True,True,"{""event"": 1, ""fast"": 0, ""slow"": 0}",independent_head_argmax,4,4,4,False,event_head_prepare,"[0.08721, 0.0, 0.061515, 0.130433, 0.720842]",-0.327335,-0.327335,True,True,True,True,0,0,2744,0.0
frozen_check,sa_ghmappo,7,frozen_check_00,4,5,rsu_2,rsu_0,True,False,"{""event"": 1, ""fast"": 0, ""slow"": 0}",independent_head_argmax,4,4,4,False,event_head_prepare,"[0.11229, 0.13164, 0.04272, 0.16815, 0.545199]",-0.606604,-0.606604,True,True,True,True,0,154423432,2744,0.0
frozen_check,sa_ghmappo,7,frozen_check_00,5,6,rsu_2,rsu_0,False,False,"{""event"": 0, ""fast"": 0, ""slow"": 1}",independent_head_argmax,0,0,0,False,slow_head_cache_fill,"[0.255557, 0.123091, 0.114474, 0.130867, 0.376011]",-1.364311,-1.364311,True,False,True,True,0,9641944,0,0.0
frozen_check,sa_ghmappo,7,frozen_check_00,6,7,rsu_0,rsu_1,True,True,"{""event"": 1, ""fast"": 0, ""slow"": 0}",independent_head_argmax,4,4,4,False,event_head_prepare,"[0.111661, 0.0, 0.043186, 0.171216, 0.673937]",-0.394618,-0.394618,True,True,False,True,0,0,2744,61.14068700000001
frozen_check,sa_ghmappo,7,frozen_check_01,0,1,rsu_0,rsu_1,True,False,"{""event"": 0, ""fast"": 0, ""slow"": 0}",independent_head_argmax,3,3,3,False,fast_head_steady_offload,"[0.1439, 0.14553, 0.047082, 0.190155, 0.473332]",-1.659914,-1.659914,True,False,True,True,0,0,0,0.0
frozen_check,sa_ghmappo,7,frozen_check_01,1,3,rsu_0,rsu_1,True,False,"{""event"": 0, ""fast"": 0, ""slow"": 0}",independent_head_argmax,3,3,3,False,fast_head_steady_offload,"[0.153564, 0.143791, 0.053538, 0.183775, 0.465332]",-1.694042,-1.694042,True,False,True,True,0,0,0,0.0
frozen_check,sa_ghmappo,7,frozen_check_01,2,4,rsu_1,rsu_2,False,False,"{""event"": 0, ""fast"": 0, ""slow"": 1}",independent_head_argmax,0,0,0,False,slow_head_cache_fill,"[0.265057, 0.131518, 0.085752, 0.165213, 0.35246]",-1.327812,-1.327812,True,False,False,True,0,9641944,0,5.476506288076857
frozen_check,sa_ghmappo,7,frozen_check_01,3,2,rsu_1,rsu_2,True,True,"{""event"": 1, ""fast"": 0, ""slow"": 0}",independent_head_argmax,4,4,4,False,event_head_prepare,"[0.103334, 0.0, 0.057865, 0.155769, 0.683032]",-0.381213,-0.381213,True,True,True,True,0,0,175600,0.0
frozen_check,sa_ghmappo,7,frozen_check_01,4,5,rsu_2,rsu_0,True,False,"{""event"": 0, ""fast"": 0, ""slow"": 0}",independent_head_argmax,3,3,3,False,fast_head_steady_offload,"[0.147897, 0.140337, 0.05362, 0.178085, 0.48006]",-1.725493,-1.725493,True,False,True,True,0,0,0,0.0
frozen_check,sa_ghmappo,7,frozen_check_01,5,6,rsu_2,rsu_0,True,False,"{""event"": 0, ""fast"": 0, ""slow"": 0}",independent_head_argmax,3,3,3,False,fast_head_steady_offload,"[0.192679, 0.134497, 0.061019, 0.188311, 0.423495]",-1.669662,-1.669662,True,False,True,True,0,0,0,0.0
frozen_check,sa_ghmappo,7,frozen_check_01,6,7,rsu_0,rsu_1,False,True,"{""event"": 0, ""fast"": 0, ""slow"": 0}",independent_head_argmax,3,3,3,False,fast_head_steady_offload,"[0.273912, 0.0, 0.083492, 0.195095, 0.447501]",-1.634271,-1.634271,False,False,False,False,1,0,0,0.0
frozen_check,sa_ghmappo,7,frozen_check_01,7,7,rsu_0,rsu_1,False,True,"{""event"": 0, ""fast"": 0, ""slow"": 0}",independent_head_argmax,3,3,3,False,fast_head_steady_offload,"[0.212229, 0.0, 0.063614, 0.204603, 0.519553]",-1.586683,-1.586683,False,False,False,False,2,0,0,0.0
frozen_check,sa_ghmappo,7,frozen_check_01,8,7,rsu_1,rsu_2,True,True,"{""event"": 1, ""fast"": 0, ""slow"": 0}",independent_head_argmax,4,4,4,False,event_head_prepare,"[0.107823, 0.0, 0.056756, 0.16172, 0.673701]",-0.394969,-0.394969,True,True,False,True,0,0,210720,73.61404319743941
frozen_check,sa_ghmappo,7,frozen_check_02,0,1,rsu_0,rsu_1,True,False,"{""event"": 0, ""fast"": 0, ""slow"": 0}",independent_head_argmax,3,3,3,False,fast_head_steady_offload,"[0.147905, 0.147309, 0.047865, 0.192132, 0.464789]",-1.649573,-1.649573,True,False,True,True,0,0,0,0.0
frozen_check,sa_ghmappo,7,frozen_check_02,1,2,rsu_0,rsu_1,True,False,"{""event"": 0, ""fast"": 0, ""slow"": 0}",independent_head_argmax,3,3,3,False,fast_head_steady_offload,"[0.192293, 0.141449, 0.055235, 0.196587, 0.414435]",-1.626651,-1.626651,True,False,True,True,0,0,0,0.0
frozen_check,sa_ghmappo,7,frozen_check_02,2,3,rsu_1,rsu_2,True,True,"{""event"": 0, ""fast"": 0, ""slow"": 0}",independent_head_argmax,3,3,3,False,fast_head_steady_offload,"[0.249788, 0.0, 0.048948, 0.224732, 0.476532]",-1.492847,-1.492847,True,False,False,True,0,0,0,4.315814333582334
frozen_check,sa_ghmappo,7,frozen_check_02,3,4,rsu_1,rsu_2,False,False,"{""event"": 0, ""fast"": 1, ""slow"": 1}",independent_head_argmax,0,0,0,False,slow_head_cache_fill,"[0.28497, 0.12748, 0.127225, 0.125611, 0.334714]",-1.255371,-1.255371,True,False,True,True,0,1024667776,0,0.0
frozen_check,sa_ghmappo,7,frozen_check_02,4,5,rsu_2,rsu_0,True,False,"{""event"": 0, ""fast"": 0, ""slow"": 0}",independent_head_argmax,3,3,3,False,fast_head_steady_offload,"[0.143084, 0.143379, 0.057409, 0.176127, 0.480001]",-1.73655,-1.73655,True,False,False,True,0,0,0,38.48266883358234
frozen_check,sa_ghmappo,7,frozen_check_03,0,3,rsu_0,rsu_1,True,False,"{""event"": 1, ""fast"": 0, ""slow"": 0}",independent_head_argmax,4,4,4,False,event_head_prepare,"[0.117679, 0.138802, 0.042806, 0.176135, 0.524577]",-0.645162,-0.645162,True,True,True,True,0,1024667776,140480,0.0
frozen_check,sa_ghmappo,7,frozen_check_03,1,1,rsu_0,rsu_1,False,True,"{""event"": 1, ""fast"": 0, ""slow"": 0}",independent_head_argmax,4,4,4,False,event_head_prepare,"[0.092793, 0.0, 0.061966, 0.137842, 0.707399]",-0.34616,-0.34616,False,False,True,False,1,0,0,0.0
frozen_check,sa_ghmappo,7,frozen_check_03,2,1,rsu_1,rsu_2,True,True,"{""event"": 1, ""fast"": 0, ""slow"": 0}",independent_head_argmax,4,4,4,False,event_head_prepare,"[0.090702, 0.0, 0.054404, 0.142677, 0.712216]",-0.339374,-0.339374,True,True,True,True,0,0,175600,0.0
frozen_check,sa_ghmappo,7,frozen_check_03,3,4,rsu_1,rsu_2,True,True,"{""event"": 1, ""fast"": 0, ""slow"": 0}",independent_head_argmax,4,4,4,False,event_head_prepare,"[0.084204, 0.0, 0.054555, 0.136666, 0.724575]",-0.32217,-0.32217,True,True,True,True,0,0,175600,0.0
frozen_check,sa_ghmappo,7,frozen_check_03,4,2,rsu_2,rsu_0,True,False,"{""event"": 1, ""fast"": 0, ""slow"": 0}",independent_head_argmax,4,4,4,False,event_head_prepare,"[0.100737, 0.131727, 0.044878, 0.153733, 0.568925]",-0.564007,-0.564007,True,False,True,True,0,0,0,0.0
frozen_check,sa_ghmappo,7,frozen_check_03,5,5,rsu_2,rsu_0,True,False,"{""event"": 0, ""fast"": 0, ""slow"": 0}",independent_head_argmax,3,3,3,False,fast_head_steady_offload,"[0.16998, 0.129756, 0.06003, 0.178397, 0.461836]",-1.723745,-1.723745,True,False,True,True,0,0,0,0.0
frozen_check,sa_ghmappo,7,frozen_check_03,6,6,rsu_0,rsu_1,False,True,"{""event"": 1, ""fast"": 0, ""slow"": 0}",independent_head_argmax,4,4,4,False,event_head_prepare,"[0.153459, 0.0, 0.080862, 0.160916, 0.604763]",-0.502918,-0.502918,False,False,False,False,1,0,0,0.0
frozen_check,sa_ghmappo,7,frozen_check_03,7,6,rsu_0,rsu_1,False,True,"{""event"": 1, ""fast"": 0, ""slow"": 0}",independent_head_argmax,4,4,4,False,event_head_prepare,"[0.104154, 0.0, 0.058382, 0.150285, 0.687179]",-0.375161,-0.375161,False,False,False,False,2,0,0,0.0
frozen_check,sa_ghmappo,7,frozen_check_03,8,6,rsu_1,rsu_2,True,True,"{""event"": 1, ""fast"": 0, ""slow"": 0}",independent_head_argmax,4,4,4,False,event_head_prepare,"[0.090791, 0.0, 0.055878, 0.142225, 0.711106]",-0.340934,-0.340934,True,True,False,True,0,0,245840,53.947665
frozen_check,sa_ghmappo,7,frozen_check_04,0,1,rsu_0,rsu_1,True,False,"{""event"": 0, ""fast"": 0, ""slow"": 0}",independent_head_argmax,3,3,3,False,fast_head_steady_offload,"[0.142447, 0.135288, 0.04269, 0.186803, 0.492773]",-1.677702,-1.677702,True,False,True,True,0,0,0,0.0
frozen_check,sa_ghmappo,7,frozen_check_04,1,2,rsu_0,rsu_1,False,True,"{""event"": 1, ""fast"": 0, ""slow"": 0}",independent_head_argmax,4,4,4,False,event_head_prepare,"[0.149244, 0.0, 0.062826, 0.168122, 0.619808]",-0.478346,-0.478346,False,False,True,False,1,0,0,0.0
frozen_check,sa_ghmappo,7,frozen_check_04,2,2,rsu_1,rsu_2,True,True,"{""event"": 1, ""fast"": 0, ""slow"": 0}",independent_head_argmax,4,4,4,False,event_head_prepare,"[0.093167, 0.0, 0.044912, 0.149151, 0.71277]",-0.338597,-0.338597,True,False,False,True,0,0,0,26.9738325
frozen_check,sa_ghmappo,7,frozen_check_04,3,3,rsu_1,rsu_2,True,True,"{""event"": 1, ""fast"": 0, ""slow"": 0}",independent_head_argmax,4,4,4,False,event_head_prepare,"[0.08394, 0.0, 0.060007, 0.126518, 0.729535]",-0.315348,-0.315348,True,False,True,True,0,0,0,0.0
frozen_check,sa_ghmappo,7,frozen_check_04,4,4,rsu_2,rsu_0,True,False,"{""event"": 1, ""fast"": 0, ""slow"": 0}",independent_head_argmax,4,4,4,False,event_head_prepare,"[0.115149, 0.129984, 0.042608, 0.166209, 0.54605]",-0.605044,-0.605044,True,False,False,True,0,0,0,35.60546116716467
frozen_check,sa_ghmappo,7,frozen_check_04,5,5,rsu_2,rsu_0,False,True,"{""event"": 0, ""fast"": 0, ""slow"": 1}",independent_head_argmax,0,0,0,False,slow_head_cache_fill,"[0.278693, 0.0, 0.067101, 0.193713, 0.460493]",-1.277646,-1.277646,True,False,True,True,0,9641944,0,0.0
frozen_check,sa_ghmappo,7,frozen_check_04,6,6,rsu_0,rsu_1,False,True,"{""event"": 0, ""fast"": 0, ""slow"": 1}",independent_head_argmax,0,0,0,False,slow_head_cache_fill,"[0.267309, 0.0, 0.081224, 0.182007, 0.46946]",-1.319349,-1.319349,True,False,False,True,0,154423432,0,62.196440403972815
frozen_check,sa_ghmappo,7,frozen_check_04,7,7,rsu_0,rsu_1,True,True,"{""event"": 1, ""fast"": 0, ""slow"": 0}",independent_head_argmax,4,4,4,False,event_head_prepare,"[0.083034, 0.0, 0.053134, 0.133476, 0.730356]",-0.314223,-0.314223,True,False,True,True,0,0,0,0.0
frozen_check,sa_ghmappo,7,frozen_check_05,0,1,rsu_0,rsu_1,False,False,"{""event"": 0, ""fast"": 0, ""slow"": 1}",independent_head_argmax,0,0,0,False,slow_head_cache_fill,"[0.285853, 0.123799, 0.086761, 0.163008, 0.340579]",-1.252279,-1.252279,True,False,True,True,0,9641944,0,0.0
frozen_check,sa_ghmappo,7,frozen_check_05,1,2,rsu_0,rsu_1,True,False,"{""event"": 1, ""fast"": 0, ""slow"": 0}",independent_head_argmax,4,4,4,False,event_head_prepare,"[0.1311, 0.136519, 0.054252, 0.166302, 0.511827]",-0.669769,-0.669769,True,True,True,True,0,9641944,2195,0.0
frozen_check,sa_ghmappo,7,frozen_check_05,2,3,rsu_1,rsu_2,True,False,"{""event"": 1, ""fast"": 0, ""slow"": 0}",independent_head_argmax,4,4,4,False,event_head_prepare,"[0.108159, 0.132974, 0.045984, 0.160129, 0.552754]",-0.592842,-0.592842,True,True,True,True,0,9641944,2195,0.0
frozen_check,sa_ghmappo,7,frozen_check_05,3,4,rsu_1,rsu_2,True,True,"{""event"": 1, ""fast"": 0, ""slow"": 0}",independent_head_argmax,4,4,4,False,event_head_prepare,"[0.084049, 0.0, 0.059338, 0.130588, 0.726025]",-0.320171,-0.320171,True,True,True,True,0,0,3292,0.0
frozen_check,sa_ghmappo,7,frozen_check_05,4,5,rsu_2,rsu_0,True,True,"{""event"": 1, ""fast"": 0, ""slow"": 0}",independent_head_argmax,4,4,4,False,event_head_prepare,"[0.090226, 0.0, 0.058921, 0.136212, 0.714641]",-0.335975,-0.335975,True,True,True,True,0,0,2744,0.0
frozen_check,sa_ghmappo,7,frozen_check_05,5,6,rsu_2,rsu_0,True,True,"{""event"": 1, ""fast"": 0, ""slow"": 0}",independent_head_argmax,4,4,4,False,event_head_prepare,"[0.082449, 0.0, 0.059153, 0.129044, 0.729354]",-0.315596,-0.315596,True,True,True,True,0,0,3292,0.0
frozen_check,sa_ghmappo,7,frozen_check_05,6,7,rsu_0,rsu_1,True,True,"{""event"": 1, ""fast"": 0, ""slow"": 0}",independent_head_argmax,4,4,4,False,event_head_prepare,"[0.089323, 0.0, 0.049443, 0.146231, 0.715002]",-0.33547,-0.33547,True,True,True,True,0,0,2744,0.0
frozen_check,sa_ghmappo,7,frozen_check_06,0,1,rsu_0,rsu_1,True,False,"{""event"": 0, ""fast"": 0, ""slow"": 0}",independent_head_argmax,3,3,3,False,fast_head_steady_offload,"[0.147438, 0.147861, 0.04559, 0.19322, 0.46589]",-1.643926,-1.643926,True,False,True,True,0,0,0,0.0
frozen_check,sa_ghmappo,7,frozen_check_06,1,2,rsu_0,rsu_1,True,False,"{""event"": 0, ""fast"": 0, ""slow"": 0}",independent_head_argmax,3,3,3,False,fast_head_steady_offload,"[0.194875, 0.143574, 0.054857, 0.198614, 0.40808]",-1.616391,-1.616391,True,False,True,True,0,0,0,0.0
frozen_check,sa_ghmappo,7,frozen_check_06,2,3,rsu_1,rsu_2,True,True,"{""event"": 0, ""fast"": 0, ""slow"": 0}",independent_head_argmax,3,3,3,False,fast_head_steady_offload,"[0.268026, 0.0, 0.049913, 0.226078, 0.455983]",-1.486876,-1.486876,True,False,False,True,0,0,0,4.315814333582334
frozen_check,sa_ghmappo,7,frozen_check_06,3,4,rsu_1,rsu_2,False,False,"{""event"": 0, ""fast"": 0, ""slow"": 1}",independent_head_argmax,0,0,0,False,slow_head_cache_fill,"[0.283298, 0.130964, 0.126781, 0.126899, 0.332057]",-1.261256,-1.261256,True,False,True,True,0,1024667776,0,0.0
frozen_check,sa_ghmappo,7,frozen_check_06,4,5,rsu_2,rsu_0,True,False,"{""event"": 0, ""fast"": 0, ""slow"": 0}",independent_head_argmax,3,3,3,False,fast_head_steady_offload,"[0.162143, 0.141247, 0.051603, 0.187733, 0.457274]",-1.672737,-1.672737,True,False,False,True,0,0,0,19.338798408804664
frozen_check,sa_ghmappo,7,frozen_check_06,5,6,rsu_2,rsu_0,True,False,"{""event"": 0, ""fast"": 0, ""slow"": 0}",independent_head_argmax,3,3,3,False,fast_head_steady_offload,"[0.14315, 0.147263, 0.07774, 0.15817, 0.473677]",-1.844082,-1.844082,True,False,True,True,0,0,0,0.0
frozen_check,sa_ghmappo,7,frozen_check_07,0,3,rsu_0,rsu_1,True,False,"{""event"": 0, ""fast"": 0, ""slow"": 0}",independent_head_argmax,3,3,3,False,fast_head_steady_offload,"[0.243151, 0.136377, 0.046101, 0.215383, 0.358988]",-1.535336,-1.535336,True,False,True,True,0,0,0,0.0
frozen_check,sa_ghmappo,7,frozen_check_07,1,5,rsu_0,rsu_1,True,False,"{""event"": 0, ""fast"": 0, ""slow"": 1}",independent_head_argmax,0,0,0,False,slow_head_cache_fill,"[0.312749, 0.124482, 0.057372, 0.201193, 0.304204]",-1.162354,-1.162354,True,False,True,True,0,0,0,0.0
frozen_check,sa_ghmappo,7,frozen_check_07,2,6,rsu_1,rsu_2,False,False,"{""event"": 0, ""fast"": 0, ""slow"": 1}",independent_head_argmax,0,0,0,False,slow_head_cache_fill,"[0.367471, 0.110811, 0.080298, 0.1707, 0.270721]",-1.001111,-1.001111,True,False,False,True,0,1024667776,0,10.481260952452097
frozen_check,sa_ghmappo,7,frozen_check_07,3,9,rsu_1,rsu_2,True,False,"{""event"": 0, ""fast"": 0, ""slow"": 1}",independent_head_argmax,0,0,0,False,slow_head_cache_fill,"[0.319518, 0.122455, 0.063279, 0.194201, 0.300548]",-1.140943,-1.140943,True,False,True,True,0,0,0,0.0
frozen_check,sa_ghmappo,7,frozen_check_07,4,1,rsu_2,rsu_0,False,False,"{""event"": 0, ""fast"": 0, ""slow"": 1}",independent_head_argmax,0,0,0,False,slow_head_cache_fill,"[0.365531, 0.10868, 0.093966, 0.155706, 0.276117]",-1.006403,-1.006403,True,False,False,True,0,1169449264,0,6.165446618869764
frozen_check,sa_ghmappo,7,frozen_check_07,5,4,rsu_2,rsu_0,True,False,"{""event"": 0, ""fast"": 0, ""slow"": 0}",independent_head_argmax,3,3,3,False,fast_head_steady_offload,"[0.250416, 0.126972, 0.058562, 0.19615, 0.3679]",-1.628874,-1.628874,True,False,True,True,0,0,0,0.0
frozen_check,sa_ghmappo,7,frozen_check_07,6,7,rsu_0,rsu_1,False,False,"{""event"": 0, ""fast"": 0, ""slow"": 1}",independent_head_argmax,0,0,0,False,slow_head_cache_fill,"[0.344382, 0.114562, 0.093264, 0.156384, 0.291407]",-1.066003,-1.066003,True,False,False,True,0,154423432,0,4.315814333582334
frozen_check,sa_ghmappo,7,frozen_check_07,7,2,rsu_0,rsu_1,True,False,"{""event"": 0, ""fast"": 0, ""slow"": 0}",independent_head_argmax,3,3,3,False,fast_head_steady_offload,"[0.141239, 0.143165, 0.068435, 0.163174, 0.483988]",-1.812941,-1.812941,True,False,True,True,0,0,0,0.0
frozen_check,sa_ghmappo,7,frozen_check_07,8,8,rsu_1,rsu_2,False,True,"{""event"": 0, ""fast"": 0, ""slow"": 1}",independent_head_argmax,0,0,0,False,slow_head_cache_fill,"[0.295471, 0.0, 0.091177, 0.188861, 0.424491]",-1.219185,-1.219185,True,False,False,True,0,154423432,0,34.52650616679117
frozen_check,sa_ghmappo,7,frozen_check_07,9,10,rsu_1,rsu_2,True,True,"{""event"": 1, ""fast"": 0, ""slow"": 0}",independent_head_argmax,4,4,4,False,event_head_prepare,"[0.101806, 0.0, 0.058157, 0.15577, 0.684267]",-0.379408,-0.379408,True,True,True,True,0,0,245840,0.0
regression,sa_ghmappo,17,regression_00,0,1,rsu_0,rsu_1,True,False,"{""event"": 1, ""fast"": 1, ""slow"": 0}",independent_head_argmax,4,4,4,False,event_head_prepare,"[0.166302, 0.10573, 0.115772, 0.110318, 0.501878]",-0.689397,-0.689397,True,True,True,True,0,9641944,2195,0.0
regression,sa_ghmappo,17,regression_00,1,4,rsu_0,rsu_1,True,True,"{""event"": 1, ""fast"": 1, ""slow"": 0}",independent_head_argmax,4,4,4,False,event_head_prepare,"[0.183908, 0.0, 0.131367, 0.117285, 0.567439]",-0.566622,-0.566622,True,True,True,True,0,0,2195,0.0
regression,sa_ghmappo,17,regression_00,2,2,rsu_0,rsu_1,False,False,"{""event"": 1, ""fast"": 1, ""slow"": 0}",independent_head_argmax,4,4,4,False,event_head_prepare,"[0.161585, 0.119333, 0.121936, 0.093198, 0.503949]",-0.68528,-0.68528,False,False,True,False,1,154423432,0,0.0
regression,sa_ghmappo,17,regression_00,3,2,rsu_1,rsu_2,True,True,"{""event"": 1, ""fast"": 1, ""slow"": 0}",independent_head_argmax,4,4,4,False,event_head_prepare,"[0.182165, 0.0, 0.127637, 0.124049, 0.566148]",-0.568899,-0.568899,True,True,True,True,0,0,2744,0.0
regression,sa_ghmappo,17,regression_00,4,3,rsu_1,rsu_2,False,False,"{""event"": 0, ""fast"": 1, ""slow"": 0}",independent_head_argmax,2,2,2,False,fast_head_vehicle_fallback,"[0.162355, 0.116678, 0.126272, 0.096426, 0.498269]",-2.069316,-2.069316,True,False,True,True,0,0,0,0.0
regression,sa_ghmappo,17,regression_00,5,5,rsu_1,rsu_2,True,True,"{""event"": 1, ""fast"": 0, ""slow"": 0}",independent_head_argmax,4,4,4,False,event_head_prepare,"[0.182976, 0.0, 0.109224, 0.142787, 0.565014]",-0.570906,-0.570906,True,True,True,True,0,0,3292,0.0
regression,sa_ghmappo,17,regression_01,0,1,rsu_0,rsu_1,True,False,"{""event"": 0, ""fast"": 1, ""slow"": 0}",independent_head_argmax,2,2,2,False,fast_head_vehicle_fallback,"[0.164363, 0.112591, 0.11772, 0.105471, 0.499855]",-2.139443,-2.139443,True,False,True,True,0,0,0,0.0
regression,sa_ghmappo,17,regression_01,1,2,rsu_0,rsu_1,True,False,"{""event"": 1, ""fast"": 1, ""slow"": 0}",independent_head_argmax,4,4,4,False,event_head_prepare,"[0.164155, 0.112549, 0.117949, 0.105233, 0.500115]",-0.692918,-0.692918,True,True,True,True,0,9641944,140480,0.0
regression,sa_ghmappo,17,regression_01,2,4,rsu_0,rsu_1,True,True,"{""event"": 1, ""fast"": 0, ""slow"": 0}",independent_head_argmax,4,4,4,False,event_head_prepare,"[0.184506, 0.0, 0.124402, 0.127165, 0.563927]",-0.572831,-0.572831,True,True,True,True,0,0,140480,0.0
regression,sa_ghmappo,17,regression_01,3,5,rsu_0,rsu_1,True,True,"{""event"": 1, ""fast"": 0, ""slow"": 0}",independent_head_argmax,4,4,4,False,event_head_prepare,"[0.185145, 0.0, 0.113091, 0.133819, 0.567945]",-0.565731,-0.565731,True,True,True,True,0,0,140480,0.0
regression,sa_ghmappo,17,regression_01,4,3,rsu_1,rsu_2,True,True,"{""event"": 1, ""fast"": 0, ""slow"": 0}",independent_head_argmax,4,4,4,False,event_head_prepare,"[0.185028, 0.0, 0.104155, 0.147076, 0.563741]",-0.573161,-0.573161,True,True,True,True,0,0,210720,0.0
regression,sa_ghmappo,17,regression_01,5,6,rsu_1,rsu_2,True,True,"{""event"": 1, ""fast"": 0, ""slow"": 0}",independent_head_argmax,4,4,4,False,event_head_prepare,"[0.184413, 0.0, 0.105363, 0.146732, 0.563492]",-0.573602,-0.573602,True,True,True,True,0,0,210720,0.0
regression,sa_ghmappo,17,regression_01,6,7,rsu_1,rsu_2,True,True,"{""event"": 1, ""fast"": 0, ""slow"": 0}",independent_head_argmax,4,4,4,False,event_head_prepare,"[0.184568, 0.0, 0.106336, 0.145554, 0.563542]",-0.573514,-0.573514,True,True,True,True,0,0,210720,0.0
regression,sa_ghmappo,17,regression_01,7,8,rsu_1,rsu_2,True,True,"{""event"": 1, ""fast"": 0, ""slow"": 0}",independent_head_argmax,4,4,4,False,event_head_prepare,"[0.180605, 0.0, 0.104741, 0.142698, 0.571957]",-0.558691,-0.558691,True,True,True,True,0,0,175600,0.0
regression,sa_ghmappo,17,regression_02,0,1,rsu_0,rsu_1,True,False,"{""event"": 1, ""fast"": 1, ""slow"": 0}",independent_head_argmax,4,4,4,False,event_head_prepare,"[0.162911, 0.112414, 0.120875, 0.102162, 0.501638]",-0.689877,-0.689877,True,True,True,True,0,1024667776,2195,0.0
regression,sa_ghmappo,17,regression_02,1,2,rsu_0,rsu_1,False,False,"{""event"": 1, ""fast"": 1, ""slow"": 0}",independent_head_argmax,4,4,4,False,event_head_prepare,"[0.153841, 0.121133, 0.129634, 0.088969, 0.506424]",-0.680382,-0.680382,False,False,True,False,1,0,0,0.0
regression,sa_ghmappo,17,regression_02,2,2,rsu_0,rsu_1,False,False,"{""event"": 1, ""fast"": 1, ""slow"": 0}",independent_head_argmax,4,4,4,False,event_head_prepare,"[0.153554, 0.122832, 0.126784, 0.087052, 0.509777]",-0.673782,-0.673782,False,False,True,False,2,0,0,0.0
regression,sa_ghmappo,17,regression_02,3,2,rsu_1,rsu_2,False,True,"{""event"": 1, ""fast"": 1, ""slow"": 0}",independent_head_argmax,4,4,4,False,event_head_prepare,"[0.182454, 0.0, 0.126241, 0.123327, 0.567977]",-0.565674,-0.565674,False,False,True,False,3,0,0,0.0
regression,sa_ghmappo,17,regression_02,4,2,rsu_1,rsu_2,False,True,"{""event"": 1, ""fast"": 1, ""slow"": 0}",independent_head_argmax,4,4,4,False,event_head_prepare,"[0.182577, 0.0, 0.126357, 0.123532, 0.567534]",-0.566454,-0.566454,False,False,True,False,4,0,0,0.0
regression,sa_ghmappo,17,regression_02,5,2,rsu_1,rsu_2,False,True,"{""event"": 1, ""fast"": 0, ""slow"": 0}",independent_head_argmax,4,4,4,False,event_head_prepare,"[0.18606, 0.0, 0.106353, 0.140946, 0.566641]",-0.56803,-0.56803,False,False,True,False,5,0,0,0.0
regression,sa_ghmappo,17,regression_02,6,2,rsu_2,rsu_0,True,False,"{""event"": 1, ""fast"": 1, ""slow"": 0}",independent_head_argmax,4,4,4,False,event_head_prepare,"[0.159767, 0.115539, 0.117408, 0.103257, 0.504029]",-0.685121,-0.685121,True,True,False,True,0,1169449264,2744,4.315814333582334
regression,sa_ghmappo,17,regression_02,7,3,rsu_2,rsu_0,True,True,"{""event"": 1, ""fast"": 0, ""slow"": 0}",independent_head_argmax,4,4,4,False,event_head_prepare,"[0.185327, 0.0, 0.109669, 0.143612, 0.561393]",-0.577335,-0.577335,True,True,True,True,0,0,2744,0.0
regression,sa_ghmappo,17,regression_02,8,4,rsu_2,rsu_0,True,True,"{""event"": 1, ""fast"": 0, ""slow"": 0}",independent_head_argmax,4,4,4,False,event_head_prepare,"[0.181989, 0.0, 0.119864, 0.131312, 0.566836]",-0.567686,-0.567686,True,True,True,True,0,0,2744,0.0
regression,sa_ghmappo,17,regression_02,9,5,rsu_0,rsu_1,False,True,"{""event"": 1, ""fast"": 1, ""slow"": 0}",independent_head_argmax,4,4,4,False,event_head_prepare,"[0.181591, 0.0, 0.137213, 0.107734, 0.573462]",-0.556063,-0.556063,False,False,True,False,1,0,0,0.0
regression,sa_ghmappo,17,regression_02,10,5,rsu_0,rsu_1,False,True,"{""event"": 1, ""fast"": 1, ""slow"": 0}",independent_head_argmax,4,4,4,False,event_head_prepare,"[0.181796, 0.0, 0.137395, 0.107925, 0.572884]",-0.557072,-0.557072,False,False,True,False,2,0,0,0.0
regression,sa_ghmappo,17,regression_02,11,5,rsu_0,rsu_1,False,True,"{""event"": 1, ""fast"": 1, ""slow"": 0}",independent_head_argmax,4,4,4,False,event_head_prepare,"[0.182056, 0.0, 0.131842, 0.109288, 0.576815]",-0.550234,-0.550234,False,False,True,False,3,0,0,0.0
regression,sa_ghmappo,17,regression_02,12,5,rsu_1,,True,False,"{""event"": 1, ""fast"": 1, ""slow"": 0}",independent_head_argmax,4,0,0,True,slow_head_cache_fill,"[0.436687, 0.0, 0.313262, 0.250051, 0.0]",-0.828539,-0.828539,True,False,False,True,0,0,0,39.92127550074701
regression,sa_ghmappo,17,regression_02,13,6,rsu_1,,False,False,"{""event"": 1, ""fast"": 1, ""slow"": 0}",independent_head_argmax,4,0,0,True,slow_head_cache_fill,"[0.427608, 0.0, 0.339136, 0.233257, 0.0]",-0.849549,-0.849549,True,False,True,True,0,1169449264,0,0.0
regression,sa_ghmappo,17,regression_03,0,3,rsu_0,,True,False,"{""event"": 1, ""fast"": 1, ""slow"": 0}",independent_head_argmax,4,0,0,True,slow_head_cache_fill,"[0.440385, 0.0, 0.312804, 0.246812, 0.0]",-0.820107,-0.820107,True,False,True,True,0,0,0,0.0
regression,sa_ghmappo,17,regression_03,1,6,rsu_0,rsu_1,True,False,"{""event"": 1, ""fast"": 1, ""slow"": 0}",independent_head_argmax,4,4,4,False,event_head_prepare,"[0.164862, 0.106351, 0.115074, 0.10579, 0.507922]",-0.677427,-0.677427,True,True,True,True,0,1024667776,140480,0.0
regression,sa_ghmappo,17,regression_03,2,7,rsu_0,rsu_1,True,True,"{""event"": 1, ""fast"": 0, ""slow"": 0}",independent_head_argmax,4,4,4,False,event_head_prepare,"[0.185203, 0.0, 0.120433, 0.130076, 0.564288]",-0.572191,-0.572191,True,True,True,True,0,0,140480,0.0
regression,sa_ghmappo,17,regression_03,3,9,rsu_0,rsu_1,True,True,"{""event"": 1, ""fast"": 0, ""slow"": 0}",independent_head_argmax,4,4,4,False,event_head_prepare,"[0.185176, 0.0, 0.119793, 0.129725, 0.565305]",-0.57039,-0.57039,True,True,True,True,0,0,140480,0.0
regression,sa_ghmappo,17,regression_03,4,1,rsu_0,rsu_1,False,True,"{""event"": 1, ""fast"": 0, ""slow"": 0}",independent_head_argmax,4,4,4,False,event_head_prepare,"[0.189791, 0.0, 0.098475, 0.147668, 0.564066]",-0.572585,-0.572585,False,False,True,False,1,0,0,0.0
regression,sa_ghmappo,17,regression_03,5,1,rsu_1,,True,False,"{""event"": 1, ""fast"": 0, ""slow"": 0}",independent_head_argmax,4,0,0,True,slow_head_cache_fill,"[0.433675, 0.0, 0.272005, 0.29432, 0.0]",-0.83546,-0.83546,True,False,True,True,0,0,0,0.0
regression,sa_ghmappo,17,regression_03,6,4,rsu_1,rsu_2,True,True,"{""event"": 1, ""fast"": 0, ""slow"": 0}",independent_head_argmax,4,4,4,False,event_head_prepare,"[0.186607, 0.0, 0.100852, 0.150298, 0.562243]",-0.575821,-0.575821,True,True,True,True,0,0,175600,0.0
regression,sa_ghmappo,17,regression_03,7,8,rsu_1,rsu_2,True,True,"{""event"": 1, ""fast"": 0, ""slow"": 0}",independent_head_argmax,4,4,4,False,event_head_prepare,"[0.18668, 0.0, 0.101101, 0.149001, 0.563218]",-0.574088,-0.574088,True,True,True,True,0,0,210720,0.0
regression,sa_ghmappo,17,regression_03,8,2,rsu_1,rsu_2,True,True,"{""event"": 1, ""fast"": 0, ""slow"": 0}",independent_head_argmax,4,4,4,False,event_head_prepare,"[0.186451, 0.0, 0.103083, 0.147701, 0.562766]",-0.574892,-0.574892,True,True,True,True,0,0,175600,0.0
regression,sa_ghmappo,17,regression_03,9,5,rsu_1,rsu_2,True,True,"{""event"": 1, ""fast"": 0, ""slow"": 0}",independent_head_argmax,4,4,4,False,event_head_prepare,"[0.185041, 0.0, 0.103601, 0.145512, 0.565846]",-0.569433,-0.569433,True,True,True,True,0,0,175600,0.0
regression,sa_ghmappo,17,regression_03,10,10,rsu_2,,True,False,"{""event"": 1, ""fast"": 0, ""slow"": 0}",independent_head_argmax,4,0,0,True,slow_head_cache_fill,"[0.430068, 0.0, 0.248218, 0.321713, 0.0]",-0.843811,-0.843811,True,False,True,True,0,0,0,0.0
regression,sa_ghmappo,17,regression_04,0,1,rsu_0,rsu_1,True,False,"{""event"": 0, ""fast"": 1, ""slow"": 0}",independent_head_argmax,2,2,2,False,fast_head_vehicle_fallback,"[0.168118, 0.10443, 0.117906, 0.113383, 0.496163]",-2.137867,-2.137867,True,False,True,True,0,0,0,0.0
regression,sa_ghmappo,17,regression_04,1,3,rsu_0,rsu_1,True,False,"{""event"": 1, ""fast"": 1, ""slow"": 0}",independent_head_argmax,4,4,4,False,event_head_prepare,"[0.166328, 0.109157, 0.122912, 0.0997, 0.501903]",-0.689348,-0.689348,True,False,True,True,0,0,0,0.0
regression,sa_ghmappo,17,regression_04,2,2,rsu_1,rsu_2,True,True,"{""event"": 0, ""fast"": 0, ""slow"": 0}",independent_head_argmax,3,3,3,False,fast_head_steady_offload,"[0.18885, 0.0, 0.113556, 0.143399, 0.554195]",-1.942125,-1.942125,True,False,False,True,0,0,0,4.315814333582334
regression,sa_ghmappo,17,regression_04,3,4,rsu_1,rsu_2,True,True,"{""event"": 1, ""fast"": 0, ""slow"": 0}",independent_head_argmax,4,4,4,False,event_head_prepare,"[0.188298, 0.0, 0.110285, 0.146257, 0.55516]",-0.5885,-0.5885,True,False,True,True,0,0,0,0.0
regression,sa_ghmappo,17,regression_04,4,5,rsu_2,rsu_0,True,False,"{""event"": 0, ""fast"": 0, ""slow"": 0}",independent_head_argmax,3,3,3,False,fast_head_steady_offload,"[0.167935, 0.1025, 0.100132, 0.132457, 0.496977]",-2.021498,-2.021498,True,False,False,True,0,0,0,33.08790233358234
regression,sa_ghmappo,17,regression_05,0,1,rsu_0,rsu_1,False,False,"{""event"": 1, ""fast"": 1, ""slow"": 0}",independent_head_argmax,4,4,4,False,event_head_prepare,"[0.162294, 0.114925, 0.129118, 0.091735, 0.501927]",-0.6893,-0.6893,False,False,True,False,1,9641944,0,0.0
regression,sa_ghmappo,17,regression_05,1,1,rsu_0,rsu_1,False,True,"{""event"": 1, ""fast"": 0, ""slow"": 0}",independent_head_argmax,4,4,4,False,event_head_prepare,"[0.190046, 0.0, 0.113118, 0.13434, 0.562496]",-0.575371,-0.575371,False,False,True,False,2,0,0,0.0
regression,sa_ghmappo,17,regression_05,2,1,rsu_1,rsu_2,True,False,"{""event"": 1, ""fast"": 0, ""slow"": 0}",independent_head_argmax,4,4,4,False,event_head_prepare,"[0.168898, 0.098908, 0.112898, 0.118148, 0.501148]",-0.690854,-0.690854,True,True,False,True,0,9641944,2195,0.0
regression,sa_ghmappo,17,regression_05,3,2,rsu_1,rsu_2,True,True,"{""event"": 1, ""fast"": 0, ""slow"": 0}",independent_head_argmax,4,4,4,False,event_head_prepare,"[0.186672, 0.0, 0.113794, 0.140822, 0.558713]",-0.58212,-0.58212,True,True,True,True,0,0,2195,0.0
regression,sa_ghmappo,17,regression_05,4,3,rsu_2,rsu_0,True,False,"{""event"": 1, ""fast"": 0, ""slow"": 0}",independent_head_argmax,4,4,4,False,event_head_prepare,"[0.167984, 0.099646, 0.114885, 0.116815, 0.50067]",-0.691808,-0.691808,True,True,True,True,0,9641944,2195,0.0
regression,sa_ghmappo,17,regression_05,5,4,rsu_2,rsu_0,True,True,"{""event"": 1, ""fast"": 0, ""slow"": 0}",independent_head_argmax,4,4,4,False,event_head_prepare,"[0.185698, 0.0, 0.10379, 0.151093, 0.55942]",-0.580855,-0.580855,True,True,True,True,0,0,3841,0.0
regression,sa_ghmappo,17,regression_05,6,5,rsu_0,rsu_1,True,True,"{""event"": 1, ""fast"": 0, ""slow"": 0}",independent_head_argmax,4,4,4,False,event_head_prepare,"[0.183431, 0.0, 0.105653, 0.149068, 0.561848]",-0.576523,-0.576523,True,True,True,True,0,0,2744,0.0
regression,sa_ghmappo,17,regression_06,0,1,rsu_0,rsu_1,True,False,"{""event"": 1, ""fast"": 1, ""slow"": 0}",independent_head_argmax,4,4,4,False,event_head_prepare,"[0.163842, 0.110946, 0.114476, 0.106201, 0.504536]",-0.684116,-0.684116,True,False,True,True,0,0,0,0.0
regression,sa_ghmappo,17,regression_06,1,2,rsu_0,rsu_1,True,False,"{""event"": 1, ""fast"": 1, ""slow"": 0}",independent_head_argmax,4,4,4,False,event_head_prepare,"[0.159244, 0.116583, 0.119092, 0.0927, 0.512382]",-0.668686,-0.668686,True,False,True,True,0,0,0,0.0
regression,sa_ghmappo,17,regression_06,2,3,rsu_1,rsu_2,True,True,"{""event"": 1, ""fast"": 0, ""slow"": 0}",independent_head_argmax,4,4,4,False,event_head_prepare,"[0.185828, 0.0, 0.111925, 0.138277, 0.56397]",-0.572755,-0.572755,True,False,False,True,0,0,0,4.315814333582334
regression,sa_ghmappo,17,regression_06,3,4,rsu_1,rsu_2,True,True,"{""event"": 1, ""fast"": 0, ""slow"": 0}",independent_head_argmax,4,4,4,False,event_head_prepare,"[0.185403, 0.0, 0.107014, 0.139991, 0.567592]",-0.566353,-0.566353,True,False,True,True,0,0,0,0.0
regression,sa_ghmappo,17,regression_06,4,5,rsu_2,rsu_0,True,False,"{""event"": 1, ""fast"": 0, ""slow"": 0}",independent_head_argmax,4,4,4,False,event_head_prepare,"[0.163295, 0.108476, 0.095715, 0.124722, 0.507792]",-0.677683,-0.677683,True,False,False,True,0,0,0,33.08790233358234
regression,sa_ghmappo,17,regression_07,0,1,rsu_0,rsu_1,True,False,"{""event"": 1, ""fast"": 1, ""slow"": 0}",independent_head_argmax,4,4,4,False,event_head_prepare,"[0.156999, 0.119606, 0.114425, 0.092682, 0.516288]",-0.661091,-0.661091,True,False,True,True,0,0,0,0.0
regression,sa_ghmappo,17,regression_07,1,4,rsu_0,rsu_1,True,False,"{""event"": 1, ""fast"": 1, ""slow"": 0}",independent_head_argmax,4,4,4,False,event_head_prepare,"[0.151245, 0.122809, 0.122509, 0.082876, 0.52056]",-0.65285,-0.65285,True,False,True,True,0,0,0,0.0
regression,sa_ghmappo,17,regression_07,2,6,rsu_1,rsu_2,False,False,"{""event"": 1, ""fast"": 1, ""slow"": 0}",independent_head_argmax,4,4,4,False,event_head_prepare,"[0.152269, 0.119749, 0.129739, 0.084361, 0.513881]",-0.665764,-0.665764,False,False,False,False,1,0,0,0.0
regression,sa_ghmappo,17,regression_07,3,6,rsu_1,rsu_2,False,False,"{""event"": 1, ""fast"": 1, ""slow"": 0}",independent_head_argmax,4,4,4,False,event_head_prepare,"[0.150945, 0.121695, 0.126151, 0.0821, 0.519109]",-0.655642,-0.655642,False,False,False,False,2,0,0,0.0
regression,sa_ghmappo,17,regression_07,4,6,rsu_2,rsu_0,False,True,"{""event"": 1, ""fast"": 1, ""slow"": 0}",independent_head_argmax,4,4,4,False,event_head_prepare,"[0.175315, 0.0, 0.144669, 0.100132, 0.579884]",-0.544927,-0.544927,False,False,False,False,3,0,0,0.0
regression,sa_ghmappo,17,regression_07,5,6,rsu_2,rsu_0,False,True,"{""event"": 1, ""fast"": 1, ""slow"": 0}",independent_head_argmax,4,4,4,False,event_head_prepare,"[0.178979, 0.0, 0.131321, 0.10526, 0.584439]",-0.537102,-0.537102,False,False,False,False,4,0,0,0.0
regression,sa_ghmappo,17,regression_07,6,6,rsu_0,rsu_1,True,False,"{""event"": 1, ""fast"": 1, ""slow"": 0}",independent_head_argmax,4,4,4,False,event_head_prepare,"[0.156309, 0.119592, 0.116393, 0.092099, 0.515608]",-0.662409,-0.662409,True,False,True,True,0,0,0,0.0
regression,sa_ghmappo,17,regression_07,7,9,rsu_0,rsu_1,True,False,"{""event"": 1, ""fast"": 1, ""slow"": 0}",independent_head_argmax,4,4,4,False,event_head_prepare,"[0.151351, 0.122319, 0.12286, 0.083173, 0.520298]",-0.653354,-0.653354,True,False,True,True,0,0,0,0.0
regression,sa_ghmappo,17,regression_07,8,7,rsu_1,rsu_2,False,False,"{""event"": 1, ""fast"": 1, ""slow"": 0}",independent_head_argmax,4,4,4,False,event_head_prepare,"[0.151072, 0.118967, 0.127259, 0.089925, 0.512777]",-0.667913,-0.667913,False,False,False,False,1,0,0,0.0
regression,sa_ghmappo,17,regression_07,9,7,rsu_1,rsu_2,False,False,"{""event"": 1, ""fast"": 1, ""slow"": 0}",independent_head_argmax,4,4,4,False,event_head_prepare,"[0.149744, 0.120918, 0.123776, 0.087496, 0.518065]",-0.657654,-0.657654,False,False,False,False,2,0,0,0.0
regression,sa_ghmappo,17,regression_07,10,7,rsu_2,rsu_0,False,False,"{""event"": 1, ""fast"": 1, ""slow"": 0}",independent_head_argmax,4,4,4,False,event_head_prepare,"[0.152379, 0.122375, 0.128292, 0.090826, 0.506129]",-0.680965,-0.680965,False,False,False,False,3,154423432,0,0.0
regression,sa_ghmappo,17,regression_07,11,7,rsu_2,rsu_0,False,True,"{""event"": 1, ""fast"": 0, ""slow"": 0}",independent_head_argmax,4,4,4,False,event_head_prepare,"[0.185759, 0.0, 0.106198, 0.136037, 0.572005]",-0.558607,-0.558607,False,False,False,False,4,0,0,0.0
regression,sa_ghmappo,17,regression_07,12,7,rsu_0,rsu_1,True,False,"{""event"": 1, ""fast"": 0, ""slow"": 0}",independent_head_argmax,4,4,4,False,event_head_prepare,"[0.162213, 0.108951, 0.106547, 0.109463, 0.512826]",-0.667819,-0.667819,True,False,True,True,0,0,0,0.0
regression,sa_ghmappo,17,regression_07,13,8,rsu_0,rsu_1,True,False,"{""event"": 1, ""fast"": 1, ""slow"": 0}",independent_head_argmax,4,4,4,False,event_head_prepare,"[0.152755, 0.122189, 0.123601, 0.084094, 0.517361]",-0.659014,-0.659014,True,False,True,True,0,0,0,0.0
regression,sa_ghmappo,17,regression_07,14,10,rsu_1,rsu_2,False,False,"{""event"": 1, ""fast"": 1, ""slow"": 0}",independent_head_argmax,4,4,4,False,event_head_prepare,"[0.152018, 0.118999, 0.126128, 0.091129, 0.511727]",-0.669964,-0.669964,False,False,False,False,1,0,0,0.0
regression,sa_ghmappo,17,regression_07,15,10,rsu_1,rsu_2,False,False,"{""event"": 1, ""fast"": 1, ""slow"": 0}",independent_head_argmax,4,4,4,False,event_head_prepare,"[0.150692, 0.120875, 0.122627, 0.088681, 0.517125]",-0.659472,-0.659472,False,False,False,False,2,0,0,0.0
regression,sa_ghmappo,17,regression_07,16,10,rsu_2,rsu_0,False,True,"{""event"": 1, ""fast"": 0, ""slow"": 0}",independent_head_argmax,4,4,4,False,event_head_prepare,"[0.180802, 0.0, 0.120638, 0.124405, 0.574156]",-0.554855,-0.554855,False,False,False,False,3,0,0,0.0
regression,sa_ghmappo,17,regression_07,17,10,rsu_2,rsu_0,False,True,"{""event"": 1, ""fast"": 0, ""slow"": 0}",independent_head_argmax,4,4,4,False,event_head_prepare,"[0.18568, 0.0, 0.099095, 0.144058, 0.571166]",-0.560075,-0.560075,False,False,False,False,4,0,0,0.0
regression,sa_ghmappo,17,regression_07,18,10,rsu_0,rsu_1,True,False,"{""event"": 1, ""fast"": 0, ""slow"": 0}",independent_head_argmax,4,4,4,False,event_head_prepare,"[0.161791, 0.109944, 0.103158, 0.114243, 0.510864]",-0.671651,-0.671651,True,False,True,True,0,0,0,0.0
regression,sa_ghmappo,17,regression_07,19,2,rsu_0,rsu_1,True,False,"{""event"": 1, ""fast"": 1, ""slow"": 0}",independent_head_argmax,4,4,4,False,event_head_prepare,"[0.152582, 0.122336, 0.119513, 0.088953, 0.516616]",-0.660456,-0.660456,True,False,True,True,0,0,0,0.0
regression,sa_ghmappo,17,regression_07,20,3,rsu_1,rsu_2,False,False,"{""event"": 1, ""fast"": 1, ""slow"": 0}",independent_head_argmax,4,4,4,False,event_head_prepare,"[0.151962, 0.11864, 0.126706, 0.091277, 0.511414]",-0.670576,-0.670576,False,False,False,False,1,0,0,0.0
regression,sa_ghmappo,17,regression_07,21,3,rsu_1,rsu_2,False,False,"{""event"": 1, ""fast"": 1, ""slow"": 0}",independent_head_argmax,4,4,4,False,event_head_prepare,"[0.150627, 0.120523, 0.123159, 0.088807, 0.516883]",-0.659938,-0.659938,False,False,False,False,2,0,0,0.0
regression,sa_ghmappo,17,regression_07,22,3,rsu_2,,False,False,"{""event"": 1, ""fast"": 1, ""slow"": 0}",independent_head_argmax,4,0,0,True,slow_head_cache_fill,"[0.423303, 0.0, 0.335669, 0.241028, 0.0]",-0.859667,-0.859667,True,False,False,True,0,1169449264,0,28.12719867866751
regression,sa_ghmappo,17,regression_07,23,5,rsu_2,,True,False,"{""event"": 1, ""fast"": 0, ""slow"": 0}",independent_head_argmax,4,0,0,True,slow_head_cache_fill,"[0.436407, 0.0, 0.278396, 0.285197, 0.0]",-0.829179,-0.829179,True,False,True,True,0,0,0,0.0
regression,sa_ghmappo,17,regression_08,0,1,rsu_0,rsu_1,True,False,"{""event"": 1, ""fast"": 1, ""slow"": 0}",independent_head_argmax,4,4,4,False,event_head_prepare,"[0.165886, 0.105278, 0.118188, 0.109689, 0.500958]",-0.691233,-0.691233,True,True,True,True,0,9641944,2195,0.0
regression,sa_ghmappo,17,regression_08,1,3,rsu_0,rsu_1,True,True,"{""event"": 1, ""fast"": 1, ""slow"": 0}",independent_head_argmax,4,4,4,False,event_head_prepare,"[0.182873, 0.0, 0.131781, 0.115582, 0.569764]",-0.562533,-0.562533,True,True,True,True,0,0,2195,0.0
regression,sa_ghmappo,17,regression_08,2,2,rsu_1,rsu_2,False,True,"{""event"": 1, ""fast"": 1, ""slow"": 0}",independent_head_argmax,4,4,4,False,event_head_prepare,"[0.18502, 0.0, 0.130425, 0.11649, 0.568065]",-0.565519,-0.565519,False,False,True,False,1,0,0,0.0
regression,sa_ghmappo,17,regression_08,3,2,rsu_1,rsu_2,False,True,"{""event"": 1, ""fast"": 1, ""slow"": 0}",independent_head_argmax,4,4,4,False,event_head_prepare,"[0.188279, 0.0, 0.123644, 0.118554, 0.569523]",-0.562955,-0.562955,False,False,True,False,2,0,0,0.0
regression,sa_ghmappo,17,regression_08,4,2,rsu_2,rsu_0,True,False,"{""event"": 0, ""fast"": 0, ""slow"": 0}",independent_head_argmax,3,3,3,False,fast_head_steady_offload,"[0.166015, 0.105059, 0.106184, 0.123509, 0.499232]",-2.091437,-2.091437,True,False,False,True,0,0,0,10.763701492586744
regression,sa_ghmappo,17,regression_08,5,4,rsu_2,rsu_0,True,False,"{""event"": 1, ""fast"": 1, ""slow"": 0}",independent_head_argmax,4,4,4,False,event_head_prepare,"[0.161215, 0.109164, 0.118296, 0.106724, 0.504601]",-0.683988,-0.683988,True,True,True,True,0,154423432,2744,0.0
regression,sa_ghmappo,17,regression_08,6,5,rsu_0,rsu_1,False,True,"{""event"": 1, ""fast"": 1, ""slow"": 0}",independent_head_argmax,4,4,4,False,event_head_prepare,"[0.184691, 0.0, 0.132666, 0.117315, 0.565328]",-0.570349,-0.570349,False,False,True,False,1,0,0,0.0
regression,sa_ghmappo,17,regression_08,7,5,rsu_0,rsu_1,False,True,"{""event"": 1, ""fast"": 1, ""slow"": 0}",independent_head_argmax,4,4,4,False,event_head_prepare,"[0.187838, 0.0, 0.124638, 0.120639, 0.566885]",-0.567598,-0.567598,False,False,True,False,2,0,0,0.0
regression,sa_ghmappo,17,regression_08,8,5,rsu_1,rsu_2,True,False,"{""event"": 0, ""fast"": 0, ""slow"": 0}",independent_head_argmax,3,3,3,False,fast_head_steady_offload,"[0.165193, 0.105919, 0.107267, 0.124258, 0.497363]",-2.085399,-2.085399,True,False,False,True,0,0,0,30.21069466716467
regression,sa_ghmappo,17,regression_08,9,6,rsu_1,rsu_2,False,True,"{""event"": 1, ""fast"": 0, ""slow"": 0}",independent_head_argmax,4,4,4,False,event_head_prepare,"[0.187819, 0.0, 0.104291, 0.143143, 0.564748]",-0.571376,-0.571376,False,False,True,False,1,0,0,0.0
regression,sa_ghmappo,17,regression_08,10,6,rsu_2,,True,False,"{""event"": 1, ""fast"": 0, ""slow"": 0}",independent_head_argmax,4,0,0,True,slow_head_cache_fill,"[0.43001, 0.0, 0.259108, 0.310882, 0.0]",-0.843946,-0.843946,True,False,False,True,0,0,0,41.09494697295439
regression,sa_ghmappo,17,regression_09,0,1,rsu_0,rsu_1,True,False,"{""event"": 1, ""fast"": 1, ""slow"": 0}",independent_head_argmax,4,4,4,False,event_head_prepare,"[0.164509, 0.109901, 0.112192, 0.111335, 0.502062]",-0.689031,-0.689031,True,True,True,True,0,9641944,140480,0.0
regression,sa_ghmappo,17,regression_09,1,3,rsu_0,rsu_1,True,True,"{""event"": 1, ""fast"": 0, ""slow"": 0}",independent_head_argmax,4,4,4,False,event_head_prepare,"[0.185475, 0.0, 0.109848, 0.138049, 0.566628]",-0.568053,-0.568053,True,True,True,True,0,0,140480,0.0
regression,sa_ghmappo,17,regression_09,2,5,rsu_1,rsu_2,True,False,"{""event"": 1, ""fast"": 0, ""slow"": 0}",independent_head_argmax,4,4,4,False,event_head_prepare,"[0.166864, 0.105636, 0.110236, 0.113982, 0.503281]",-0.686606,-0.686606,True,True,True,True,0,9641944,140480,0.0
regression,sa_ghmappo,17,regression_09,3,7,rsu_1,rsu_2,True,True,"{""event"": 1, ""fast"": 0, ""slow"": 0}",independent_head_argmax,4,4,4,False,event_head_prepare,"[0.185543, 0.0, 0.114131, 0.133658, 0.566667]",-0.567983,-0.567983,True,True,True,True,0,0,140480,0.0
regression,sa_ghmappo,17,regression_09,4,2,rsu_2,rsu_0,True,False,"{""event"": 1, ""fast"": 0, ""slow"": 0}",independent_head_argmax,4,4,4,False,event_head_prepare,"[0.165451, 0.109874, 0.105068, 0.116654, 0.502953]",-0.687258,-0.687258,True,True,True,True,0,154423432,175600,0.0
regression,sa_ghmappo,17,regression_09,5,4,rsu_2,rsu_0,True,True,"{""event"": 1, ""fast"": 0, ""slow"": 0}",independent_head_argmax,4,4,4,False,event_head_prepare,"[0.184958, 0.0, 0.10121, 0.147431, 0.566401]",-0.568453,-0.568453,True,True,True,True,0,0,175600,0.0
regression,sa_ghmappo,17,regression_09,6,6,rsu_0,rsu_1,True,True,"{""event"": 1, ""fast"": 0, ""slow"": 0}",independent_head_argmax,4,4,4,False,event_head_prepare,"[0.18554, 0.0, 0.101909, 0.149489, 0.563062]",-0.574365,-0.574365,True,True,True,True,0,0,175600,0.0
regression,sa_ghmappo,17,regression_09,7,8,rsu_0,rsu_1,True,True,"{""event"": 1, ""fast"": 0, ""slow"": 0}",independent_head_argmax,4,4,4,False,event_head_prepare,"[0.184276, 0.0, 0.101848, 0.147649, 0.566227]",-0.568761,-0.568761,True,True,True,True,0,0,175600,0.0
regression,sa_ghmappo,17,regression_09,8,9,rsu_1,rsu_2,True,True,"{""event"": 1, ""fast"": 0, ""slow"": 0}",independent_head_argmax,4,4,4,False,event_head_prepare,"[0.18222, 0.0, 0.101909, 0.150145, 0.565726]",-0.569646,-0.569646,True,True,True,True,0,0,280960,0.0
regression,sa_ghmappo,17,regression_10,0,1,rsu_0,rsu_1,True,False,"{""event"": 1, ""fast"": 1, ""slow"": 0}",independent_head_argmax,4,4,4,False,event_head_prepare,"[0.164171, 0.111872, 0.117684, 0.104273, 0.501999]",-0.689157,-0.689157,True,True,True,True,0,1024667776,2195,0.0
regression,sa_ghmappo,17,regression_10,1,2,rsu_0,rsu_1,True,True,"{""event"": 1, ""fast"": 1, ""slow"": 0}",independent_head_argmax,4,4,4,False,event_head_prepare,"[0.180012, 0.0, 0.13299, 0.10677, 0.580228]",-0.544335,-0.544335,True,True,True,True,0,0,2195,0.0
regression,sa_ghmappo,17,regression_10,2,3,rsu_1,rsu_2,False,True,"{""event"": 1, ""fast"": 0, ""slow"": 0}",independent_head_argmax,4,4,4,False,event_head_prepare,"[0.18325, 0.0, 0.123642, 0.126053, 0.567055]",-0.567298,-0.567298,False,False,True,False,1,0,0,0.0
regression,sa_ghmappo,17,regression_10,3,3,rsu_1,rsu_2,False,True,"{""event"": 1, ""fast"": 0, ""slow"": 0}",independent_head_argmax,4,4,4,False,event_head_prepare,"[0.186504, 0.0, 0.105039, 0.141564, 0.566893]",-0.567585,-0.567585,False,False,True,False,2,0,0,0.0
regression,sa_ghmappo,17,regression_10,4,3,rsu_2,rsu_0,True,False,"{""event"": 1, ""fast"": 1, ""slow"": 0}",independent_head_argmax,4,4,4,False,event_head_prepare,"[0.160022, 0.115164, 0.11605, 0.105316, 0.503448]",-0.686275,-0.686275,True,False,False,True,0,0,0,24.815925333208835
regression,sa_ghmappo,17,regression_10,5,4,rsu_2,rsu_0,True,False,"{""event"": 1, ""fast"": 1, ""slow"": 0}",independent_head_argmax,4,4,4,False,event_head_prepare,"[0.154941, 0.124273, 0.125225, 0.086887, 0.508674]",-0.675947,-0.675947,True,False,True,True,0,0,0,0.0
regression,sa_ghmappo,17,regression_10,6,5,rsu_0,rsu_1,False,False,"{""event"": 1, ""fast"": 1, ""slow"": 0}",independent_head_argmax,4,4,4,False,event_head_prepare,"[0.155853, 0.122585, 0.117943, 0.098516, 0.505102]",-0.682994,-0.682994,False,False,False,False,1,0,0,0.0
regression,sa_ghmappo,17,regression_10,7,5,rsu_0,rsu_1,False,False,"{""event"": 1, ""fast"": 1, ""slow"": 0}",independent_head_argmax,4,4,4,False,event_head_prepare,"[0.155533, 0.124361, 0.115142, 0.096226, 0.508738]",-0.675821,-0.675821,False,False,False,False,2,0,0,0.0
regression,sa_ghmappo,17,regression_10,8,5,rsu_1,,False,False,"{""event"": 1, ""fast"": 1, ""slow"": 0}",independent_head_argmax,4,0,0,True,slow_head_cache_fill,"[0.431168, 0.0, 0.310134, 0.258698, 0.0]",-0.841257,-0.841257,True,False,False,True,0,1169449264,0,58.26347649962651
regression,sa_ghmappo,17,regression_11,0,3,rsu_0,rsu_1,True,False,"{""event"": 1, ""fast"": 1, ""slow"": 0}",independent_head_argmax,4,4,4,False,event_head_prepare,"[0.16521, 0.103994, 0.118015, 0.107031, 0.50575]",-0.681714,-0.681714,True,True,True,True,0,1024667776,140480,0.0
regression,sa_ghmappo,17,regression_11,1,1,rsu_0,rsu_1,False,True,"{""event"": 1, ""fast"": 0, ""slow"": 0}",independent_head_argmax,4,4,4,False,event_head_prepare,"[0.189724, 0.0, 0.099822, 0.148658, 0.561796]",-0.576616,-0.576616,False,False,True,False,1,0,0,0.0
regression,sa_ghmappo,17,regression_11,2,1,rsu_1,rsu_2,True,True,"{""event"": 1, ""fast"": 0, ""slow"": 0}",independent_head_argmax,4,4,4,False,event_head_prepare,"[0.186979, 0.0, 0.103853, 0.149038, 0.56013]",-0.579587,-0.579587,True,True,True,True,0,0,175600,0.0
regression,sa_ghmappo,17,regression_11,3,4,rsu_1,rsu_2,True,True,"{""event"": 1, ""fast"": 0, ""slow"": 0}",independent_head_argmax,4,4,4,False,event_head_prepare,"[0.185163, 0.0, 0.118206, 0.133037, 0.563595]",-0.57342,-0.57342,True,True,True,True,0,0,175600,0.0
regression,sa_ghmappo,17,regression_11,4,2,rsu_2,rsu_0,True,False,"{""event"": 1, ""fast"": 0, ""slow"": 0}",independent_head_argmax,4,4,4,False,event_head_prepare,"[0.165572, 0.101278, 0.102182, 0.128251, 0.502718]",-0.687727,-0.687727,True,False,True,True,0,0,0,0.0
regression,sa_ghmappo,17,regression_11,5,5,rsu_2,rsu_0,False,True,"{""event"": 1, ""fast"": 0, ""slow"": 0}",independent_head_argmax,4,4,4,False,event_head_prepare,"[0.188134, 0.0, 0.10582, 0.141214, 0.564832]",-0.571227,-0.571227,False,False,True,False,1,0,0,0.0
regression,sa_ghmappo,17,regression_11,6,5,rsu_0,rsu_1,True,True,"{""event"": 1, ""fast"": 0, ""slow"": 0}",independent_head_argmax,4,4,4,False,event_head_prepare,"[0.183173, 0.0, 0.106417, 0.149218, 0.561193]",-0.577691,-0.577691,True,True,False,True,0,0,210720,43.158132
frozen_check,sa_ghmappo,17,frozen_check_00,0,1,rsu_0,rsu_1,True,False,"{""event"": 1, ""fast"": 1, ""slow"": 0}",independent_head_argmax,4,4,4,False,event_head_prepare,"[0.166309, 0.105897, 0.119619, 0.107562, 0.500613]",-0.691922,-0.691922,True,True,True,True,0,9641944,2195,0.0
frozen_check,sa_ghmappo,17,frozen_check_00,1,2,rsu_0,rsu_1,True,True,"{""event"": 1, ""fast"": 1, ""slow"": 0}",independent_head_argmax,4,4,4,False,event_head_prepare,"[0.181639, 0.0, 0.134378, 0.11, 0.573983]",-0.555156,-0.555156,True,True,True,True,0,0,2195,0.0
frozen_check,sa_ghmappo,17,frozen_check_00,2,3,rsu_1,rsu_2,False,True,"{""event"": 1, ""fast"": 0, ""slow"": 0}",independent_head_argmax,4,4,4,False,event_head_prepare,"[0.185401, 0.0, 0.122863, 0.129226, 0.56251]",-0.575346,-0.575346,False,False,True,False,1,0,0,0.0
frozen_check,sa_ghmappo,17,frozen_check_00,3,3,rsu_1,rsu_2,False,True,"{""event"": 1, ""fast"": 0, ""slow"": 0}",independent_head_argmax,4,4,4,False,event_head_prepare,"[0.188425, 0.0, 0.105196, 0.144831, 0.561547]",-0.577059,-0.577059,False,False,True,False,2,0,0,0.0
frozen_check,sa_ghmappo,17,frozen_check_00,4,3,rsu_2,rsu_0,True,False,"{""event"": 0, ""fast"": 1, ""slow"": 0}",independent_head_argmax,2,2,2,False,fast_head_vehicle_fallback,"[0.162769, 0.107949, 0.119288, 0.110383, 0.499612]",-2.126216,-2.126216,True,False,True,True,0,0,0,0.0
frozen_check,sa_ghmappo,17,frozen_check_00,5,4,rsu_2,rsu_0,True,False,"{""event"": 1, ""fast"": 1, ""slow"": 0}",independent_head_argmax,4,4,4,False,event_head_prepare,"[0.15814, 0.117909, 0.129975, 0.090033, 0.503941]",-0.685296,-0.685296,True,True,False,True,0,154423432,2744,32.368599
frozen_check,sa_ghmappo,17,frozen_check_00,6,5,rsu_0,rsu_1,True,False,"{""event"": 0, ""fast"": 0, ""slow"": 0}",independent_head_argmax,3,3,3,False,fast_head_steady_offload,"[0.165279, 0.103325, 0.103783, 0.128458, 0.499155]",-2.052154,-2.052154,True,False,True,True,0,0,0,0.0
frozen_check,sa_ghmappo,17,frozen_check_00,7,6,rsu_0,rsu_1,False,True,"{""event"": 1, ""fast"": 1, ""slow"": 0}",independent_head_argmax,4,4,4,False,event_head_prepare,"[0.187266, 0.0, 0.127082, 0.116059, 0.569592]",-0.562834,-0.562834,False,False,True,False,1,0,0,0.0
frozen_check,sa_ghmappo,17,frozen_check_00,8,6,rsu_1,rsu_2,True,False,"{""event"": 0, ""fast"": 0, ""slow"": 0}",independent_head_argmax,3,3,3,False,fast_head_steady_offload,"[0.165815, 0.104645, 0.105157, 0.126996, 0.497387]",-2.063601,-2.063601,True,False,False,True,0,0,0,53.947665
frozen_check,sa_ghmappo,17,frozen_check_00,9,7,rsu_1,rsu_2,False,True,"{""event"": 1, ""fast"": 0, ""slow"": 0}",independent_head_argmax,4,4,4,False,event_head_prepare,"[0.188492, 0.0, 0.104152, 0.144114, 0.563242]",-0.574045,-0.574045,False,False,True,False,1,0,0,0.0
frozen_check,sa_ghmappo,17,frozen_check_00,10,7,rsu_2,rsu_0,True,True,"{""event"": 1, ""fast"": 0, ""slow"": 0}",independent_head_argmax,4,4,4,False,event_head_prepare,"[0.183046, 0.0, 0.107698, 0.147427, 0.56183]",-0.576557,-0.576557,True,True,False,True,0,0,2744,61.14068700000001
frozen_check,sa_ghmappo,17,frozen_check_01,0,1,rsu_0,rsu_1,True,False,"{""event"": 1, ""fast"": 1, ""slow"": 0}",independent_head_argmax,4,4,4,False,event_head_prepare,"[0.163752, 0.110433, 0.112539, 0.110464, 0.502813]",-0.687537,-0.687537,True,True,True,True,0,9641944,140480,0.0
frozen_check,sa_ghmappo,17,frozen_check_01,1,3,rsu_0,rsu_1,True,True,"{""event"": 1, ""fast"": 0, ""slow"": 0}",independent_head_argmax,4,4,4,False,event_head_prepare,"[0.185258, 0.0, 0.109411, 0.137737, 0.567594]",-0.56635,-0.56635,True,True,True,True,0,0,140480,0.0
frozen_check,sa_ghmappo,17,frozen_check_01,2,4,rsu_1,rsu_2,True,False,"{""event"": 1, ""fast"": 0, ""slow"": 0}",independent_head_argmax,4,4,4,False,event_head_prepare,"[0.166324, 0.106055, 0.111154, 0.112562, 0.503904]",-0.685369,-0.685369,True,True,True,True,0,9641944,140480,0.0
frozen_check,sa_ghmappo,17,frozen_check_01,3,2,rsu_1,rsu_2,True,True,"{""event"": 1, ""fast"": 0, ""slow"": 0}",independent_head_argmax,4,4,4,False,event_head_prepare,"[0.183981, 0.0, 0.105372, 0.14259, 0.568058]",-0.565532,-0.565532,True,True,True,True,0,0,175600,0.0
frozen_check,sa_ghmappo,17,frozen_check_01,4,5,rsu_2,rsu_0,True,False,"{""event"": 1, ""fast"": 0, ""slow"": 0}",independent_head_argmax,4,4,4,False,event_head_prepare,"[0.163771, 0.11048, 0.111517, 0.114001, 0.500231]",-0.692686,-0.692686,True,True,True,True,0,154423432,245840,0.0
frozen_check,sa_ghmappo,17,frozen_check_01,5,6,rsu_2,rsu_0,True,True,"{""event"": 1, ""fast"": 0, ""slow"": 0}",independent_head_argmax,4,4,4,False,event_head_prepare,"[0.183988, 0.0, 0.10352, 0.146023, 0.566469]",-0.568334,-0.568334,True,True,True,True,0,0,175600,0.0
frozen_check,sa_ghmappo,17,frozen_check_01,6,7,rsu_0,rsu_1,True,True,"{""event"": 1, ""fast"": 0, ""slow"": 0}",independent_head_argmax,4,4,4,False,event_head_prepare,"[0.182397, 0.0, 0.102891, 0.148658, 0.566053]",-0.569067,-0.569067,True,True,True,True,0,0,210720,0.0
frozen_check,sa_ghmappo,17,frozen_check_02,0,1,rsu_0,rsu_1,True,False,"{""event"": 1, ""fast"": 1, ""slow"": 0}",independent_head_argmax,4,4,4,False,event_head_prepare,"[0.164907, 0.112024, 0.116548, 0.104347, 0.502174]",-0.688808,-0.688808,True,True,True,True,0,1024667776,2195,0.0
frozen_check,sa_ghmappo,17,frozen_check_02,1,2,rsu_0,rsu_1,True,True,"{""event"": 1, ""fast"": 1, ""slow"": 0}",independent_head_argmax,4,4,4,False,event_head_prepare,"[0.180858, 0.0, 0.132295, 0.11179, 0.575056]",-0.553288,-0.553288,True,True,True,True,0,0,2195,0.0
frozen_check,sa_ghmappo,17,frozen_check_02,2,3,rsu_1,rsu_2,False,True,"{""event"": 1, ""fast"": 1, ""slow"": 0}",independent_head_argmax,4,4,4,False,event_head_prepare,"[0.182101, 0.0, 0.13039, 0.114762, 0.572747]",-0.557311,-0.557311,False,False,True,False,1,0,0,0.0
frozen_check,sa_ghmappo,17,frozen_check_02,3,3,rsu_1,rsu_2,False,True,"{""event"": 1, ""fast"": 1, ""slow"": 0}",independent_head_argmax,4,4,4,False,event_head_prepare,"[0.184777, 0.0, 0.123815, 0.116672, 0.574736]",-0.553845,-0.553845,False,False,True,False,2,0,0,0.0
frozen_check,sa_ghmappo,17,frozen_check_02,4,3,rsu_2,rsu_0,True,False,"{""event"": 1, ""fast"": 0, ""slow"": 0}",independent_head_argmax,4,4,4,False,event_head_prepare,"[0.162076, 0.112692, 0.104953, 0.11776, 0.502519]",-0.688122,-0.688122,True,False,False,True,0,0,0,4.315814333582334
frozen_check,sa_ghmappo,17,frozen_check_02,5,4,rsu_2,rsu_0,False,True,"{""event"": 1, ""fast"": 1, ""slow"": 0}",independent_head_argmax,4,4,4,False,event_head_prepare,"[0.184531, 0.0, 0.123498, 0.115013, 0.576958]",-0.549986,-0.549986,False,False,True,False,1,0,0,0.0
frozen_check,sa_ghmappo,17,frozen_check_02,6,4,rsu_0,rsu_1,True,True,"{""event"": 1, ""fast"": 1, ""slow"": 0}",independent_head_argmax,4,4,4,False,event_head_prepare,"[0.182086, 0.0, 0.126801, 0.121443, 0.56967]",-0.562698,-0.562698,True,True,False,True,0,0,2744,9.710580833582332
frozen_check,sa_ghmappo,17,frozen_check_02,7,5,rsu_0,rsu_1,False,False,"{""event"": 1, ""fast"": 1, ""slow"": 0}",independent_head_argmax,4,4,4,False,event_head_prepare,"[0.158682, 0.123522, 0.113998, 0.097627, 0.506171]",-0.68088,-0.68088,False,False,True,False,1,0,0,0.0
frozen_check,sa_ghmappo,17,frozen_check_02,8,5,rsu_1,,False,False,"{""event"": 1, ""fast"": 1, ""slow"": 0}",independent_head_argmax,4,0,0,True,slow_head_cache_fill,"[0.437247, 0.0, 0.297699, 0.265055, 0.0]",-0.827258,-0.827258,True,False,True,True,0,1169449264,0,0.0
frozen_check,sa_ghmappo,17,frozen_check_03,0,3,rsu_0,rsu_1,True,False,"{""event"": 1, ""fast"": 1, ""slow"": 0}",independent_head_argmax,4,4,4,False,event_head_prepare,"[0.165695, 0.102217, 0.115027, 0.10947, 0.507592]",-0.678077,-0.678077,True,True,True,True,0,1024667776,140480,0.0
frozen_check,sa_ghmappo,17,frozen_check_03,1,1,rsu_0,rsu_1,False,True,"{""event"": 1, ""fast"": 0, ""slow"": 0}",independent_head_argmax,4,4,4,False,event_head_prepare,"[0.189179, 0.0, 0.097571, 0.149549, 0.563701]",-0.573231,-0.573231,False,False,True,False,1,0,0,0.0
frozen_check,sa_ghmappo,17,frozen_check_03,2,1,rsu_1,rsu_2,True,True,"{""event"": 1, ""fast"": 0, ""slow"": 0}",independent_head_argmax,4,4,4,False,event_head_prepare,"[0.186696, 0.0, 0.100342, 0.152181, 0.560781]",-0.578425,-0.578425,True,True,True,True,0,0,175600,0.0
frozen_check,sa_ghmappo,17,frozen_check_03,3,4,rsu_1,rsu_2,True,True,"{""event"": 1, ""fast"": 0, ""slow"": 0}",independent_head_argmax,4,4,4,False,event_head_prepare,"[0.18687, 0.0, 0.101884, 0.148626, 0.562619]",-0.575152,-0.575152,True,True,True,True,0,0,175600,0.0
frozen_check,sa_ghmappo,17,frozen_check_03,4,2,rsu_2,rsu_0,True,False,"{""event"": 1, ""fast"": 0, ""slow"": 0}",independent_head_argmax,4,4,4,False,event_head_prepare,"[0.165312, 0.103077, 0.107132, 0.118206, 0.506274]",-0.680678,-0.680678,True,False,True,True,0,0,0,0.0
frozen_check,sa_ghmappo,17,frozen_check_03,5,5,rsu_2,rsu_0,True,False,"{""event"": 1, ""fast"": 1, ""slow"": 0}",independent_head_argmax,4,4,4,False,event_head_prepare,"[0.156821, 0.117162, 0.125888, 0.090052, 0.510076]",-0.673195,-0.673195,True,False,True,True,0,0,0,0.0
frozen_check,sa_ghmappo,17,frozen_check_03,6,6,rsu_0,rsu_1,False,True,"{""event"": 1, ""fast"": 0, ""slow"": 0}",independent_head_argmax,4,4,4,False,event_head_prepare,"[0.185059, 0.0, 0.120641, 0.1315, 0.5628]",-0.574831,-0.574831,False,False,False,False,1,0,0,0.0
frozen_check,sa_ghmappo,17,frozen_check_03,7,6,rsu_0,rsu_1,False,True,"{""event"": 1, ""fast"": 0, ""slow"": 0}",independent_head_argmax,4,4,4,False,event_head_prepare,"[0.187941, 0.0, 0.105499, 0.14469, 0.561871]",-0.576483,-0.576483,False,False,False,False,2,0,0,0.0
frozen_check,sa_ghmappo,17,frozen_check_03,8,6,rsu_1,rsu_2,True,True,"{""event"": 1, ""fast"": 0, ""slow"": 0}",independent_head_argmax,4,4,4,False,event_head_prepare,"[0.184231, 0.0, 0.101362, 0.152232, 0.562175]",-0.575943,-0.575943,True,True,False,True,0,0,245840,53.947665
frozen_check,sa_ghmappo,17,frozen_check_04,0,1,rsu_0,rsu_1,True,False,"{""event"": 0, ""fast"": 1, ""slow"": 0}",independent_head_argmax,2,2,2,False,fast_head_vehicle_fallback,"[0.167205, 0.106514, 0.12445, 0.106993, 0.494838]",-2.083852,-2.083852,True,False,True,True,0,0,0,0.0
frozen_check,sa_ghmappo,17,frozen_check_04,1,2,rsu_0,rsu_1,False,True,"{""event"": 0, ""fast"": 0, ""slow"": 0}",independent_head_argmax,3,3,3,False,fast_head_steady_offload,"[0.190601, 0.0, 0.107206, 0.146483, 0.55571]",-1.920849,-1.920849,False,False,True,False,1,0,0,0.0
frozen_check,sa_ghmappo,17,frozen_check_04,2,2,rsu_1,rsu_2,True,True,"{""event"": 0, ""fast"": 0, ""slow"": 0}",independent_head_argmax,3,3,3,False,fast_head_steady_offload,"[0.189045, 0.0, 0.118217, 0.141518, 0.55122]",-1.955331,-1.955331,True,False,False,True,0,0,0,26.9738325
frozen_check,sa_ghmappo,17,frozen_check_04,3,3,rsu_1,rsu_2,True,True,"{""event"": 1, ""fast"": 0, ""slow"": 0}",independent_head_argmax,4,4,4,False,event_head_prepare,"[0.187934, 0.0, 0.110393, 0.14663, 0.555043]",-0.588709,-0.588709,True,False,True,True,0,0,0,0.0
frozen_check,sa_ghmappo,17,frozen_check_04,4,4,rsu_2,rsu_0,True,False,"{""event"": 0, ""fast"": 0, ""slow"": 0}",independent_head_argmax,3,3,3,False,fast_head_steady_offload,"[0.167411, 0.104702, 0.108958, 0.126381, 0.492548]",-2.068455,-2.068455,True,False,False,True,0,0,0,35.60546116716467
frozen_check,sa_ghmappo,17,frozen_check_04,5,5,rsu_2,rsu_0,False,True,"{""event"": 0, ""fast"": 1, ""slow"": 0}",independent_head_argmax,2,2,2,False,fast_head_vehicle_fallback,"[0.188443, 0.0, 0.13388, 0.113804, 0.563874]",-2.010813,-2.010813,True,False,True,True,0,0,0,0.0
frozen_check,sa_ghmappo,17,frozen_check_04,6,6,rsu_0,rsu_1,False,True,"{""event"": 0, ""fast"": 0, ""slow"": 0}",independent_head_argmax,3,3,3,False,fast_head_steady_offload,"[0.187372, 0.0, 0.126759, 0.13125, 0.554619]",-2.030654,-2.030654,False,False,False,False,1,0,0,0.0
frozen_check,sa_ghmappo,17,frozen_check_04,7,6,rsu_0,rsu_1,False,True,"{""event"": 0, ""fast"": 0, ""slow"": 0}",independent_head_argmax,3,3,3,False,fast_head_steady_offload,"[0.191519, 0.0, 0.10271, 0.152192, 0.553578]",-1.882612,-1.882612,False,False,False,False,2,0,0,0.0
frozen_check,sa_ghmappo,17,frozen_check_04,8,6,rsu_1,rsu_2,True,True,"{""event"": 0, ""fast"": 0, ""slow"": 0}",independent_head_argmax,3,3,3,False,fast_head_steady_offload,"[0.188295, 0.0, 0.113751, 0.146372, 0.551583]",-1.921606,-1.921606,True,False,False,True,0,0,0,62.196440403972815
frozen_check,sa_ghmappo,17,frozen_check_04,9,7,rsu_1,rsu_2,True,True,"{""event"": 1, ""fast"": 0, ""slow"": 0}",independent_head_argmax,4,4,4,False,event_head_prepare,"[0.185605, 0.0, 0.106011, 0.149329, 0.559055]",-0.581508,-0.581508,True,False,True,True,0,0,0,0.0
frozen_check,sa_ghmappo,17,frozen_check_05,0,1,rsu_0,rsu_1,False,False,"{""event"": 1, ""fast"": 1, ""slow"": 0}",independent_head_argmax,4,4,4,False,event_head_prepare,"[0.163273, 0.1156, 0.131706, 0.088458, 0.500963]",-0.691223,-0.691223,False,False,True,False,1,9641944,0,0.0
frozen_check,sa_ghmappo,17,frozen_check_05,1,1,rsu_0,rsu_1,False,True,"{""event"": 1, ""fast"": 0, ""slow"": 0}",independent_head_argmax,4,4,4,False,event_head_prepare,"[0.1914, 0.0, 0.118401, 0.127775, 0.562424]",-0.5755,-0.5755,False,False,True,False,2,0,0,0.0
frozen_check,sa_ghmappo,17,frozen_check_05,2,1,rsu_1,rsu_2,True,False,"{""event"": 1, ""fast"": 1, ""slow"": 0}",independent_head_argmax,4,4,4,False,event_head_prepare,"[0.169469, 0.099759, 0.117188, 0.11312, 0.500464]",-0.692219,-0.692219,True,True,False,True,0,9641944,2195,0.0
frozen_check,sa_ghmappo,17,frozen_check_05,3,2,rsu_1,rsu_2,True,True,"{""event"": 1, ""fast"": 0, ""slow"": 0}",independent_head_argmax,4,4,4,False,event_head_prepare,"[0.187108, 0.0, 0.118416, 0.134585, 0.55989]",-0.580015,-0.580015,True,True,True,True,0,0,2195,0.0
frozen_check,sa_ghmappo,17,frozen_check_05,4,3,rsu_2,rsu_0,True,False,"{""event"": 0, ""fast"": 1, ""slow"": 0}",independent_head_argmax,2,2,2,False,fast_head_vehicle_fallback,"[0.168628, 0.100452, 0.118459, 0.11252, 0.499941]",-2.133189,-2.133189,True,False,True,True,0,0,0,0.0
frozen_check,sa_ghmappo,17,frozen_check_05,5,4,rsu_2,rsu_0,True,True,"{""event"": 1, ""fast"": 0, ""slow"": 0}",independent_head_argmax,4,4,4,False,event_head_prepare,"[0.185924, 0.0, 0.109117, 0.145969, 0.55899]",-0.581624,-0.581624,True,True,False,True,0,0,3292,21.579066
frozen_check,sa_ghmappo,17,frozen_check_05,6,5,rsu_0,rsu_1,True,True,"{""event"": 1, ""fast"": 0, ""slow"": 0}",independent_head_argmax,4,4,4,False,event_head_prepare,"[0.185454, 0.0, 0.108769, 0.147532, 0.558244]",-0.582958,-0.582958,True,True,True,True,0,0,2744,0.0
frozen_check,sa_ghmappo,17,frozen_check_05,7,6,rsu_0,rsu_1,True,True,"{""event"": 1, ""fast"": 0, ""slow"": 0}",independent_head_argmax,4,4,4,False,event_head_prepare,"[0.185518, 0.0, 0.108487, 0.147543, 0.558452]",-0.582586,-0.582586,True,True,True,True,0,0,3292,0.0
frozen_check,sa_ghmappo,17,frozen_check_05,8,7,rsu_1,rsu_2,True,True,"{""event"": 1, ""fast"": 0, ""slow"": 0}",independent_head_argmax,4,4,4,False,event_head_prepare,"[0.183137, 0.0, 0.104228, 0.15114, 0.561494]",-0.577154,-0.577154,True,True,True,True,0,0,2744,0.0
frozen_check,sa_ghmappo,17,frozen_check_06,0,1,rsu_0,rsu_1,True,False,"{""event"": 1, ""fast"": 1, ""slow"": 0}",independent_head_argmax,4,4,4,False,event_head_prepare,"[0.163776, 0.112239, 0.115983, 0.103687, 0.504315]",-0.684554,-0.684554,True,False,True,True,0,0,0,0.0
frozen_check,sa_ghmappo,17,frozen_check_06,1,2,rsu_0,rsu_1,True,False,"{""event"": 1, ""fast"": 1, ""slow"": 0}",independent_head_argmax,4,4,4,False,event_head_prepare,"[0.157649, 0.117534, 0.118252, 0.09305, 0.513516]",-0.666474,-0.666474,True,False,True,True,0,0,0,0.0
frozen_check,sa_ghmappo,17,frozen_check_06,2,3,rsu_1,rsu_2,True,True,"{""event"": 1, ""fast"": 1, ""slow"": 0}",independent_head_argmax,4,4,4,False,event_head_prepare,"[0.182066, 0.0, 0.127951, 0.121052, 0.568931]",-0.563996,-0.563996,True,False,False,True,0,0,0,4.315814333582334
frozen_check,sa_ghmappo,17,frozen_check_06,3,4,rsu_1,rsu_2,False,False,"{""event"": 1, ""fast"": 1, ""slow"": 0}",independent_head_argmax,4,4,4,False,event_head_prepare,"[0.15798, 0.123454, 0.119793, 0.089816, 0.508957]",-0.675392,-0.675392,False,False,True,False,1,0,0,0.0
frozen_check,sa_ghmappo,17,frozen_check_06,4,4,rsu_2,rsu_0,False,True,"{""event"": 1, ""fast"": 1, ""slow"": 0}",independent_head_argmax,4,4,4,False,event_head_prepare,"[0.181786, 0.0, 0.132732, 0.112086, 0.573396]",-0.556179,-0.556179,False,False,False,False,2,0,0,0.0
frozen_check,sa_ghmappo,17,frozen_check_06,5,4,rsu_2,rsu_0,False,True,"{""event"": 1, ""fast"": 1, ""slow"": 0}",independent_head_argmax,4,4,4,False,event_head_prepare,"[0.182673, 0.0, 0.125266, 0.11363, 0.578431]",-0.547436,-0.547436,False,False,False,False,3,0,0,0.0
frozen_check,sa_ghmappo,17,frozen_check_06,6,4,rsu_0,rsu_1,True,False,"{""event"": 1, ""fast"": 0, ""slow"": 0}",independent_head_argmax,4,4,4,False,event_head_prepare,"[0.162548, 0.112152, 0.105771, 0.117413, 0.502115]",-0.688926,-0.688926,True,False,False,True,0,0,0,8.631628667164668
frozen_check,sa_ghmappo,17,frozen_check_06,7,5,rsu_0,rsu_1,False,True,"{""event"": 1, ""fast"": 0, ""slow"": 0}",independent_head_argmax,4,4,4,False,event_head_prepare,"[0.186333, 0.0, 0.100742, 0.143439, 0.569487]",-0.56302,-0.56302,False,False,True,False,1,0,0,0.0
frozen_check,sa_ghmappo,17,frozen_check_06,8,5,rsu_1,rsu_2,True,True,"{""event"": 1, ""fast"": 0, ""slow"": 0}",independent_head_argmax,4,4,4,False,event_head_prepare,"[0.184662, 0.0, 0.111948, 0.139209, 0.56418]",-0.572381,-0.572381,True,False,False,True,0,0,0,19.338798408804664
frozen_check,sa_ghmappo,17,frozen_check_06,9,6,rsu_1,rsu_2,True,True,"{""event"": 1, ""fast"": 0, ""slow"": 0}",independent_head_argmax,4,4,4,False,event_head_prepare,"[0.182197, 0.0, 0.103685, 0.1422, 0.571918]",-0.55876,-0.55876,True,False,True,True,0,0,0,0.0
frozen_check,sa_ghmappo,17,frozen_check_07,0,3,rsu_0,rsu_1,True,False,"{""event"": 1, ""fast"": 1, ""slow"": 0}",independent_head_argmax,4,4,4,False,event_head_prepare,"[0.156977, 0.118733, 0.116352, 0.092536, 0.515402]",-0.662809,-0.662809,True,False,True,True,0,0,0,0.0
frozen_check,sa_ghmappo,17,frozen_check_07,1,5,rsu_0,rsu_1,True,False,"{""event"": 1, ""fast"": 1, ""slow"": 0}",independent_head_argmax,4,4,4,False,event_head_prepare,"[0.151589, 0.122758, 0.122651, 0.082499, 0.520503]",-0.652959,-0.652959,True,False,True,True,0,0,0,0.0
frozen_check,sa_ghmappo,17,frozen_check_07,2,6,rsu_1,rsu_2,False,False,"{""event"": 1, ""fast"": 1, ""slow"": 0}",independent_head_argmax,4,4,4,False,event_head_prepare,"[0.152206, 0.119493, 0.131134, 0.08382, 0.513347]",-0.666804,-0.666804,False,False,False,False,1,0,0,0.0
frozen_check,sa_ghmappo,17,frozen_check_07,3,6,rsu_1,rsu_2,False,False,"{""event"": 1, ""fast"": 1, ""slow"": 0}",independent_head_argmax,4,4,4,False,event_head_prepare,"[0.150877, 0.121476, 0.127514, 0.081575, 0.518558]",-0.656703,-0.656703,False,False,False,False,2,0,0,0.0
frozen_check,sa_ghmappo,17,frozen_check_07,4,6,rsu_2,rsu_0,False,True,"{""event"": 1, ""fast"": 1, ""slow"": 0}",independent_head_argmax,4,4,4,False,event_head_prepare,"[0.17553, 0.0, 0.146778, 0.098872, 0.57882]",-0.546764,-0.546764,False,False,False,False,3,0,0,0.0
frozen_check,sa_ghmappo,17,frozen_check_07,5,6,rsu_2,rsu_0,False,True,"{""event"": 1, ""fast"": 1, ""slow"": 0}",independent_head_argmax,4,4,4,False,event_head_prepare,"[0.178628, 0.0, 0.134026, 0.104077, 0.583269]",-0.539106,-0.539106,False,False,False,False,4,0,0,0.0
frozen_check,sa_ghmappo,17,frozen_check_07,6,6,rsu_0,rsu_1,True,False,"{""event"": 1, ""fast"": 1, ""slow"": 0}",independent_head_argmax,4,4,4,False,event_head_prepare,"[0.155713, 0.12058, 0.117958, 0.08996, 0.515789]",-0.662058,-0.662058,True,False,True,True,0,0,0,0.0
frozen_check,sa_ghmappo,17,frozen_check_07,7,9,rsu_0,rsu_1,True,False,"{""event"": 1, ""fast"": 1, ""slow"": 0}",independent_head_argmax,4,4,4,False,event_head_prepare,"[0.152134, 0.122582, 0.12078, 0.084536, 0.519968]",-0.653987,-0.653987,True,False,True,True,0,0,0,0.0
frozen_check,sa_ghmappo,17,frozen_check_07,8,1,rsu_1,rsu_2,False,False,"{""event"": 1, ""fast"": 1, ""slow"": 0}",independent_head_argmax,4,4,4,False,event_head_prepare,"[0.151972, 0.119056, 0.126554, 0.089885, 0.512532]",-0.668391,-0.668391,False,False,False,False,1,0,0,0.0
frozen_check,sa_ghmappo,17,frozen_check_07,9,1,rsu_1,rsu_2,False,False,"{""event"": 1, ""fast"": 1, ""slow"": 0}",independent_head_argmax,4,4,4,False,event_head_prepare,"[0.150566, 0.120991, 0.123048, 0.087428, 0.517968]",-0.657842,-0.657842,False,False,False,False,2,0,0,0.0
frozen_check,sa_ghmappo,17,frozen_check_07,10,1,rsu_2,rsu_0,False,False,"{""event"": 1, ""fast"": 1, ""slow"": 0}",independent_head_argmax,4,4,4,False,event_head_prepare,"[0.153236, 0.122518, 0.127716, 0.090488, 0.506041]",-0.681138,-0.681138,False,False,False,False,3,154423432,0,0.0
frozen_check,sa_ghmappo,17,frozen_check_07,11,1,rsu_2,rsu_0,False,True,"{""event"": 1, ""fast"": 0, ""slow"": 0}",independent_head_argmax,4,4,4,False,event_head_prepare,"[0.186382, 0.0, 0.103064, 0.138843, 0.571711]",-0.559121,-0.559121,False,False,False,False,4,0,0,0.0
frozen_check,sa_ghmappo,17,frozen_check_07,12,1,rsu_0,rsu_1,True,False,"{""event"": 1, ""fast"": 0, ""slow"": 0}",independent_head_argmax,4,4,4,False,event_head_prepare,"[0.162194, 0.110049, 0.104859, 0.111418, 0.511479]",-0.670448,-0.670448,True,False,True,True,0,0,0,0.0
frozen_check,sa_ghmappo,17,frozen_check_07,13,4,rsu_0,rsu_1,True,False,"{""event"": 1, ""fast"": 1, ""slow"": 0}",independent_head_argmax,4,4,4,False,event_head_prepare,"[0.152365, 0.122068, 0.122314, 0.086793, 0.516459]",-0.660759,-0.660759,True,False,True,True,0,0,0,0.0
frozen_check,sa_ghmappo,17,frozen_check_07,14,7,rsu_1,rsu_2,False,False,"{""event"": 1, ""fast"": 1, ""slow"": 0}",independent_head_argmax,4,4,4,False,event_head_prepare,"[0.151606, 0.118929, 0.127346, 0.089415, 0.512705]",-0.668055,-0.668055,False,False,False,False,1,0,0,0.0
frozen_check,sa_ghmappo,17,frozen_check_07,15,7,rsu_1,rsu_2,False,False,"{""event"": 1, ""fast"": 1, ""slow"": 0}",independent_head_argmax,4,4,4,False,event_head_prepare,"[0.150266, 0.120783, 0.123788, 0.08697, 0.518193]",-0.657408,-0.657408,False,False,False,False,2,0,0,0.0
frozen_check,sa_ghmappo,17,frozen_check_07,16,7,rsu_2,rsu_0,False,True,"{""event"": 1, ""fast"": 1, ""slow"": 0}",independent_head_argmax,4,4,4,False,event_head_prepare,"[0.179721, 0.0, 0.128579, 0.115923, 0.575776]",-0.552036,-0.552036,False,False,False,False,3,0,0,0.0
frozen_check,sa_ghmappo,17,frozen_check_07,17,7,rsu_2,rsu_0,False,True,"{""event"": 1, ""fast"": 0, ""slow"": 0}",independent_head_argmax,4,4,4,False,event_head_prepare,"[0.185668, 0.0, 0.10628, 0.135968, 0.572084]",-0.55847,-0.55847,False,False,False,False,4,0,0,0.0
frozen_check,sa_ghmappo,17,frozen_check_07,18,7,rsu_0,,True,False,"{""event"": 1, ""fast"": 0, ""slow"": 0}",independent_head_argmax,4,0,0,True,slow_head_cache_fill,"[0.44004, 0.0, 0.276711, 0.283248, 0.0]",-0.820889,-0.820889,True,False,True,True,0,0,0,0.0
frozen_check,sa_ghmappo,17,frozen_check_07,19,2,rsu_0,,True,False,"{""event"": 1, ""fast"": 0, ""slow"": 0}",independent_head_argmax,4,0,0,True,slow_head_cache_fill,"[0.440916, 0.0, 0.273312, 0.285772, 0.0]",-0.8189,-0.8189,True,False,True,True,0,0,0,0.0
regression,sa_ghmappo,29,regression_00,0,1,rsu_0,rsu_1,True,False,"{""event"": 0, ""fast"": 0, ""slow"": 0}",independent_head_argmax,3,3,3,False,fast_head_steady_offload,"[0.177718, 0.140109, 0.078318, 0.114864, 0.488991]",-2.164005,-2.164005,True,False,True,True,0,0,0,0.0
regression,sa_ghmappo,29,regression_00,1,4,rsu_0,rsu_1,True,False,"{""event"": 0, ""fast"": 0, ""slow"": 1}",independent_head_argmax,0,0,0,False,slow_head_cache_fill,"[0.232695, 0.137949, 0.084228, 0.118258, 0.42687]",-1.458029,-1.458029,True,False,True,True,0,0,0,0.0
regression,sa_ghmappo,29,regression_00,2,2,rsu_0,rsu_1,False,True,"{""event"": 0, ""fast"": 0, ""slow"": 1}",independent_head_argmax,0,0,0,False,slow_head_cache_fill,"[0.425825, 0.0, 0.096769, 0.12094, 0.356465]",-0.853726,-0.853726,True,False,True,True,0,154423432,0,0.0
regression,sa_ghmappo,29,regression_00,3,3,rsu_1,rsu_2,False,False,"{""event"": 0, ""fast"": 0, ""slow"": 1}",independent_head_argmax,0,0,0,False,slow_head_cache_fill,"[0.391755, 0.115697, 0.096024, 0.111536, 0.284988]",-0.937117,-0.937117,True,False,False,True,0,9641944,0,8.631628667164668
regression,sa_ghmappo,29,regression_00,4,5,rsu_1,rsu_2,False,True,"{""event"": 0, ""fast"": 0, ""slow"": 1}",independent_head_argmax,0,0,0,False,slow_head_cache_fill,"[0.42366, 0.0, 0.081761, 0.13738, 0.3572]",-0.858825,-0.858825,True,False,True,True,0,154423432,0,0.0
regression,sa_ghmappo,29,regression_01,0,1,rsu_0,rsu_1,True,False,"{""event"": 0, ""fast"": 0, ""slow"": 0}",independent_head_argmax,3,3,3,False,fast_head_steady_offload,"[0.192442, 0.138507, 0.078543, 0.114347, 0.476161]",-2.168518,-2.168518,True,False,True,True,0,0,0,0.0
regression,sa_ghmappo,29,regression_01,1,2,rsu_0,rsu_1,True,False,"{""event"": 0, ""fast"": 0, ""slow"": 1}",independent_head_argmax,0,0,0,False,slow_head_cache_fill,"[0.205669, 0.137762, 0.080014, 0.115023, 0.461533]",-1.581489,-1.581489,True,False,True,True,0,0,0,0.0
regression,sa_ghmappo,29,regression_01,2,4,rsu_0,rsu_1,True,False,"{""event"": 0, ""fast"": 0, ""slow"": 1}",independent_head_argmax,0,0,0,False,slow_head_cache_fill,"[0.231826, 0.136136, 0.082483, 0.116769, 0.432786]",-1.461766,-1.461766,True,False,True,True,0,0,0,0.0
regression,sa_ghmappo,29,regression_01,3,5,rsu_0,rsu_1,True,False,"{""event"": 0, ""fast"": 0, ""slow"": 1}",independent_head_argmax,0,0,0,False,slow_head_cache_fill,"[0.290925, 0.126118, 0.091534, 0.109104, 0.38232]",-1.234691,-1.234691,True,False,True,True,0,0,0,0.0
regression,sa_ghmappo,29,regression_01,4,3,rsu_1,rsu_2,True,True,"{""event"": 0, ""fast"": 0, ""slow"": 1}",independent_head_argmax,0,0,0,False,slow_head_cache_fill,"[0.242566, 0.0, 0.081219, 0.121083, 0.555131]",-1.416481,-1.416481,True,False,False,True,0,0,0,13.358471452825595
regression,sa_ghmappo,29,regression_01,5,6,rsu_1,rsu_2,True,True,"{""event"": 0, ""fast"": 0, ""slow"": 1}",independent_head_argmax,0,0,0,False,slow_head_cache_fill,"[0.264952, 0.0, 0.082896, 0.122118, 0.530034]",-1.328205,-1.328205,True,False,True,True,0,0,0,0.0
regression,sa_ghmappo,29,regression_01,6,7,rsu_1,rsu_2,True,True,"{""event"": 1, ""fast"": 0, ""slow"": 1}",independent_head_argmax,4,4,4,False,event_head_prepare,"[0.220136, 0.0, 0.07093, 0.127994, 0.58094]",-0.543107,-0.543107,True,True,True,True,0,0,210720,0.0
regression,sa_ghmappo,29,regression_01,7,8,rsu_1,rsu_2,True,True,"{""event"": 1, ""fast"": 0, ""slow"": 1}",independent_head_argmax,4,4,4,False,event_head_prepare,"[0.21525, 0.0, 0.064356, 0.13576, 0.584634]",-0.53677,-0.53677,True,True,True,True,0,0,175600,0.0
regression,sa_ghmappo,29,regression_02,0,1,rsu_0,rsu_1,True,False,"{""event"": 0, ""fast"": 0, ""slow"": 1}",independent_head_argmax,0,0,0,False,slow_head_cache_fill,"[0.215447, 0.135944, 0.080282, 0.115201, 0.453126]",-1.535041,-1.535041,True,False,True,True,0,0,0,0.0
regression,sa_ghmappo,29,regression_02,1,2,rsu_0,rsu_1,False,True,"{""event"": 0, ""fast"": 0, ""slow"": 1}",independent_head_argmax,0,0,0,False,slow_head_cache_fill,"[0.403169, 0.0, 0.09834, 0.11699, 0.381501]",-0.908398,-0.908398,True,False,True,True,0,1169449264,0,0.0
regression,sa_ghmappo,29,regression_02,2,3,rsu_0,rsu_1,True,True,"{""event"": 1, ""fast"": 0, ""slow"": 1}",independent_head_argmax,4,4,4,False,event_head_prepare,"[0.218418, 0.0, 0.072007, 0.124095, 0.58548]",-0.535323,-0.535323,True,True,True,True,0,0,2744,0.0
regression,sa_ghmappo,29,regression_02,3,4,rsu_1,rsu_2,True,True,"{""event"": 0, ""fast"": 0, ""slow"": 1}",independent_head_argmax,0,0,0,False,slow_head_cache_fill,"[0.338699, 0.0, 0.077116, 0.133433, 0.450752]",-1.082644,-1.082644,True,False,True,True,0,0,0,0.0
regression,sa_ghmappo,29,regression_02,4,5,rsu_1,rsu_2,False,False,"{""event"": 0, ""fast"": 0, ""slow"": 1}",independent_head_argmax,0,0,0,False,slow_head_cache_fill,"[0.367227, 0.11793, 0.094396, 0.111461, 0.308986]",-1.001776,-1.001776,True,False,True,True,0,1024667776,0,0.0
regression,sa_ghmappo,29,regression_02,5,6,rsu_1,rsu_2,False,True,"{""event"": 0, ""fast"": 0, ""slow"": 1}",independent_head_argmax,0,0,0,False,slow_head_cache_fill,"[0.395388, 0.0, 0.097241, 0.117082, 0.390289]",-0.927889,-0.927889,True,False,True,True,0,1169449264,0,0.0
regression,sa_ghmappo,29,regression_02,6,7,rsu_2,rsu_0,True,True,"{""event"": 1, ""fast"": 0, ""slow"": 1}",independent_head_argmax,4,4,4,False,event_head_prepare,"[0.199249, 0.0, 0.063339, 0.133925, 0.603487]",-0.505031,-0.505031,True,True,False,True,0,0,2744,77.684641000747
regression,sa_ghmappo,29,regression_03,0,3,rsu_0,,True,False,"{""event"": 0, ""fast"": 0, ""slow"": 1}",independent_head_argmax,0,0,0,False,slow_head_cache_fill,"[0.61538, 0.0, 0.166373, 0.218247, 0.0]",-0.485515,-0.485515,True,False,True,True,0,0,0,0.0
regression,sa_ghmappo,29,regression_03,1,6,rsu_0,rsu_1,True,False,"{""event"": 0, ""fast"": 0, ""slow"": 1}",independent_head_argmax,0,0,0,False,slow_head_cache_fill,"[0.222185, 0.140761, 0.085454, 0.11901, 0.43259]",-1.504246,-1.504246,True,False,True,True,0,0,0,0.0
regression,sa_ghmappo,29,regression_03,2,7,rsu_0,rsu_1,True,False,"{""event"": 0, ""fast"": 0, ""slow"": 1}",independent_head_argmax,0,0,0,False,slow_head_cache_fill,"[0.240782, 0.138981, 0.087382, 0.119537, 0.413317]",-1.423862,-1.423862,True,False,True,True,0,0,0,0.0
regression,sa_ghmappo,29,regression_03,3,9,rsu_0,rsu_1,True,False,"{""event"": 0, ""fast"": 0, ""slow"": 1}",independent_head_argmax,0,0,0,False,slow_head_cache_fill,"[0.261365, 0.1372, 0.088336, 0.121615, 0.391483]",-1.341838,-1.341838,True,False,True,True,0,0,0,0.0
regression,sa_ghmappo,29,regression_03,4,1,rsu_0,rsu_1,False,True,"{""event"": 0, ""fast"": 0, ""slow"": 1}",independent_head_argmax,0,0,0,False,slow_head_cache_fill,"[0.401972, 0.0, 0.102757, 0.116075, 0.379197]",-0.911374,-0.911374,True,False,True,True,0,1169449264,0,0.0
regression,sa_ghmappo,29,regression_03,5,4,rsu_1,,True,False,"{""event"": 0, ""fast"": 0, ""slow"": 1}",independent_head_argmax,0,0,0,False,slow_head_cache_fill,"[0.613023, 0.0, 0.161015, 0.225963, 0.0]",-0.489354,-0.489354,True,False,False,True,0,0,0,7.193022
regression,sa_ghmappo,29,regression_03,6,8,rsu_1,rsu_2,True,True,"{""event"": 0, ""fast"": 0, ""slow"": 1}",independent_head_argmax,0,0,0,False,slow_head_cache_fill,"[0.224194, 0.0, 0.083005, 0.125957, 0.566843]",-1.495242,-1.495242,True,False,True,True,0,0,0,0.0
regression,sa_ghmappo,29,regression_03,7,2,rsu_1,rsu_2,True,True,"{""event"": 0, ""fast"": 0, ""slow"": 1}",independent_head_argmax,0,0,0,False,slow_head_cache_fill,"[0.235008, 0.0, 0.076303, 0.132062, 0.556627]",-1.448136,-1.448136,True,False,True,True,0,0,0,0.0
regression,sa_ghmappo,29,regression_03,8,5,rsu_1,rsu_2,True,True,"{""event"": 0, ""fast"": 0, ""slow"": 1}",independent_head_argmax,0,0,0,False,slow_head_cache_fill,"[0.254124, 0.0, 0.077865, 0.133001, 0.53501]",-1.369935,-1.369935,True,False,True,True,0,0,0,0.0
regression,sa_ghmappo,29,regression_03,9,10,rsu_1,rsu_2,True,True,"{""event"": 1, ""fast"": 0, ""slow"": 0}",independent_head_argmax,4,4,4,False,event_head_prepare,"[0.199049, 0.0, 0.066648, 0.13885, 0.595453]",-0.518432,-0.518432,True,True,True,True,0,0,280960,0.0
regression,sa_ghmappo,29,regression_04,0,1,rsu_0,rsu_1,True,False,"{""event"": 0, ""fast"": 0, ""slow"": 0}",independent_head_argmax,3,3,3,False,fast_head_steady_offload,"[0.169311, 0.140661, 0.07843, 0.11492, 0.496678]",-2.163522,-2.163522,True,False,True,True,0,0,0,0.0
regression,sa_ghmappo,29,regression_04,1,3,rsu_0,rsu_1,True,False,"{""event"": 0, ""fast"": 0, ""slow"": 1}",independent_head_argmax,0,0,0,False,slow_head_cache_fill,"[0.26984, 0.130144, 0.093404, 0.112744, 0.393869]",-1.309927,-1.309927,True,False,True,True,0,0,0,0.0
regression,sa_ghmappo,29,regression_04,2,2,rsu_1,rsu_2,True,True,"{""event"": 0, ""fast"": 0, ""slow"": 1}",independent_head_argmax,0,0,0,False,slow_head_cache_fill,"[0.237388, 0.0, 0.082304, 0.124023, 0.556284]",-1.43806,-1.43806,True,False,False,True,0,0,0,4.315814333582334
regression,sa_ghmappo,29,regression_04,3,4,rsu_1,rsu_2,True,True,"{""event"": 1, ""fast"": 0, ""slow"": 1}",independent_head_argmax,4,4,4,False,event_head_prepare,"[0.20473, 0.0, 0.074098, 0.125644, 0.595528]",-0.518306,-0.518306,True,False,True,True,0,0,0,0.0
regression,sa_ghmappo,29,regression_04,4,5,rsu_2,rsu_0,True,False,"{""event"": 0, ""fast"": 0, ""slow"": 1}",independent_head_argmax,0,0,0,False,slow_head_cache_fill,"[0.246197, 0.135042, 0.066273, 0.14378, 0.408708]",-1.401624,-1.401624,True,False,False,True,0,0,0,33.08790233358234
regression,sa_ghmappo,29,regression_05,0,1,rsu_0,rsu_1,False,False,"{""event"": 0, ""fast"": 0, ""slow"": 1}",independent_head_argmax,0,0,0,False,slow_head_cache_fill,"[0.27716, 0.134826, 0.100517, 0.106813, 0.380684]",-1.283161,-1.283161,True,False,True,True,0,9641944,0,0.0
regression,sa_ghmappo,29,regression_05,1,2,rsu_0,rsu_1,True,False,"{""event"": 1, ""fast"": 0, ""slow"": 0}",independent_head_argmax,4,4,4,False,event_head_prepare,"[0.163959, 0.139259, 0.083501, 0.107354, 0.505927]",-0.681362,-0.681362,True,True,True,True,0,9641944,2195,0.0
regression,sa_ghmappo,29,regression_05,2,3,rsu_1,rsu_2,True,False,"{""event"": 1, ""fast"": 0, ""slow"": 0}",independent_head_argmax,4,4,4,False,event_head_prepare,"[0.163247, 0.141162, 0.075776, 0.113756, 0.506059]",-0.681103,-0.681103,True,True,True,True,0,9641944,2195,0.0
regression,sa_ghmappo,29,regression_05,3,4,rsu_1,rsu_2,True,True,"{""event"": 1, ""fast"": 0, ""slow"": 0}",independent_head_argmax,4,4,4,False,event_head_prepare,"[0.149543, 0.0, 0.064484, 0.121362, 0.664611]",-0.408553,-0.408553,True,True,True,True,0,0,3841,0.0
regression,sa_ghmappo,29,regression_05,4,5,rsu_2,rsu_0,True,True,"{""event"": 1, ""fast"": 0, ""slow"": 0}",independent_head_argmax,4,4,4,False,event_head_prepare,"[0.16127, 0.0, 0.060212, 0.134456, 0.644063]",-0.439959,-0.439959,True,True,True,True,0,0,2744,0.0
regression,sa_ghmappo,29,regression_06,0,1,rsu_0,rsu_1,True,False,"{""event"": 0, ""fast"": 0, ""slow"": 0}",independent_head_argmax,3,3,3,False,fast_head_steady_offload,"[0.184143, 0.141145, 0.079417, 0.115789, 0.479507]",-2.155988,-2.155988,True,False,True,True,0,0,0,0.0
regression,sa_ghmappo,29,regression_06,1,2,rsu_0,rsu_1,True,False,"{""event"": 0, ""fast"": 0, ""slow"": 1}",independent_head_argmax,0,0,0,False,slow_head_cache_fill,"[0.26262, 0.132377, 0.091929, 0.11114, 0.401933]",-1.337046,-1.337046,True,False,True,True,0,0,0,0.0
regression,sa_ghmappo,29,regression_06,2,3,rsu_1,rsu_2,True,True,"{""event"": 0, ""fast"": 0, ""slow"": 1}",independent_head_argmax,0,0,0,False,slow_head_cache_fill,"[0.260788, 0.0, 0.08443, 0.124505, 0.530276]",-1.344046,-1.344046,True,False,False,True,0,0,0,4.315814333582334
regression,sa_ghmappo,29,regression_06,3,4,rsu_1,rsu_2,True,True,"{""event"": 1, ""fast"": 0, ""slow"": 1}",independent_head_argmax,4,4,4,False,event_head_prepare,"[0.214043, 0.0, 0.074667, 0.124583, 0.586707]",-0.533229,-0.533229,True,False,True,True,0,0,0,0.0
regression,sa_ghmappo,29,regression_06,4,5,rsu_2,rsu_0,True,False,"{""event"": 0, ""fast"": 0, ""slow"": 1}",independent_head_argmax,0,0,0,False,slow_head_cache_fill,"[0.254968, 0.13377, 0.065868, 0.14085, 0.404544]",-1.366618,-1.366618,True,False,False,True,0,0,0,33.08790233358234
regression,sa_ghmappo,29,regression_07,0,1,rsu_0,rsu_1,True,False,"{""event"": 0, ""fast"": 0, ""slow"": 1}",independent_head_argmax,0,0,0,False,slow_head_cache_fill,"[0.336672, 0.126236, 0.086556, 0.121222, 0.329313]",-1.088646,-1.088646,True,False,True,True,0,0,0,0.0
regression,sa_ghmappo,29,regression_07,1,4,rsu_0,rsu_1,True,False,"{""event"": 0, ""fast"": 0, ""slow"": 1}",independent_head_argmax,0,0,0,False,slow_head_cache_fill,"[0.349962, 0.122442, 0.094589, 0.111591, 0.321416]",-1.049931,-1.049931,True,False,True,True,0,0,0,0.0
regression,sa_ghmappo,29,regression_07,2,6,rsu_1,rsu_2,False,False,"{""event"": 0, ""fast"": 0, ""slow"": 1}",independent_head_argmax,0,0,0,False,slow_head_cache_fill,"[0.40095, 0.114373, 0.100711, 0.106527, 0.277439]",-0.913918,-0.913918,True,False,False,True,0,1024667776,0,7.441058316328074
regression,sa_ghmappo,29,regression_07,3,9,rsu_1,rsu_2,True,False,"{""event"": 0, ""fast"": 0, ""slow"": 1}",independent_head_argmax,0,0,0,False,slow_head_cache_fill,"[0.375097, 0.118172, 0.095599, 0.111032, 0.300099]",-0.98057,-0.98057,True,False,True,True,0,0,0,0.0
regression,sa_ghmappo,29,regression_07,4,7,rsu_2,rsu_0,False,False,"{""event"": 0, ""fast"": 0, ""slow"": 1}",independent_head_argmax,0,0,0,False,slow_head_cache_fill,"[0.414994, 0.108692, 0.095424, 0.109653, 0.271237]",-0.879491,-0.879491,True,False,False,True,0,1169449264,0,4.315814333582334
regression,sa_ghmappo,29,regression_07,5,8,rsu_2,rsu_0,True,False,"{""event"": 0, ""fast"": 0, ""slow"": 1}",independent_head_argmax,0,0,0,False,slow_head_cache_fill,"[0.35867, 0.118352, 0.093204, 0.110375, 0.3194]",-1.025353,-1.025353,True,False,True,True,0,0,0,0.0
regression,sa_ghmappo,29,regression_07,6,10,rsu_0,rsu_1,False,False,"{""event"": 0, ""fast"": 0, ""slow"": 1}",independent_head_argmax,0,0,0,False,slow_head_cache_fill,"[0.411116, 0.109602, 0.092362, 0.113084, 0.273836]",-0.88888,-0.88888,True,False,False,True,0,154423432,0,28.12719867866751
regression,sa_ghmappo,29,regression_07,7,2,rsu_0,rsu_1,True,False,"{""event"": 0, ""fast"": 0, ""slow"": 1}",independent_head_argmax,0,0,0,False,slow_head_cache_fill,"[0.326109, 0.121728, 0.084387, 0.120084, 0.347692]",-1.120522,-1.120522,True,False,True,True,0,0,0,0.0
regression,sa_ghmappo,29,regression_07,8,3,rsu_1,rsu_2,False,True,"{""event"": 0, ""fast"": 0, ""slow"": 1}",independent_head_argmax,0,0,0,False,slow_head_cache_fill,"[0.412027, 0.0, 0.097586, 0.117817, 0.37257]",-0.886666,-0.886666,True,False,False,True,0,154423432,0,28.12719867866751
regression,sa_ghmappo,29,regression_07,9,5,rsu_1,rsu_2,True,True,"{""event"": 1, ""fast"": 0, ""slow"": 1}",independent_head_argmax,4,4,4,False,event_head_prepare,"[0.226253, 0.0, 0.075714, 0.124116, 0.573918]",-0.55527,-0.55527,True,True,True,True,0,0,210720,0.0
regression,sa_ghmappo,29,regression_07,10,11,rsu_2,rsu_0,True,True,"{""event"": 1, ""fast"": 0, ""slow"": 0}",independent_head_argmax,4,4,4,False,event_head_prepare,"[0.165833, 0.0, 0.064739, 0.125513, 0.643915]",-0.440189,-0.440189,True,True,True,True,0,0,280960,0.0
regression,sa_ghmappo,29,regression_07,11,12,rsu_2,rsu_0,True,True,"{""event"": 1, ""fast"": 0, ""slow"": 0}",independent_head_argmax,4,4,4,False,event_head_prepare,"[0.171318, 0.0, 0.061657, 0.128277, 0.638749]",-0.448244,-0.448244,True,True,True,True,0,0,210720,0.0
regression,sa_ghmappo,29,regression_08,0,1,rsu_0,rsu_1,True,False,"{""event"": 0, ""fast"": 0, ""slow"": 0}",independent_head_argmax,3,3,3,False,fast_head_steady_offload,"[0.190355, 0.139993, 0.08048, 0.114695, 0.474478]",-2.165478,-2.165478,True,False,True,True,0,0,0,0.0
regression,sa_ghmappo,29,regression_08,1,3,rsu_0,rsu_1,True,False,"{""event"": 0, ""fast"": 0, ""slow"": 1}",independent_head_argmax,0,0,0,False,slow_head_cache_fill,"[0.26362, 0.130397, 0.093359, 0.109689, 0.402935]",-1.333247,-1.333247,True,False,True,True,0,0,0,0.0
regression,sa_ghmappo,29,regression_08,2,2,rsu_1,rsu_2,True,True,"{""event"": 0, ""fast"": 0, ""slow"": 1}",independent_head_argmax,0,0,0,False,slow_head_cache_fill,"[0.365099, 0.0, 0.085945, 0.128242, 0.420713]",-1.007586,-1.007586,True,False,False,True,0,0,0,10.763701492586744
regression,sa_ghmappo,29,regression_08,3,4,rsu_1,rsu_2,True,True,"{""event"": 0, ""fast"": 0, ""slow"": 1}",independent_head_argmax,0,0,0,False,slow_head_cache_fill,"[0.372339, 0.0, 0.086039, 0.126841, 0.41478]",-0.98795,-0.98795,True,False,True,True,0,0,0,0.0
regression,sa_ghmappo,29,regression_08,4,5,rsu_2,rsu_0,False,True,"{""event"": 0, ""fast"": 0, ""slow"": 1}",independent_head_argmax,0,0,0,False,slow_head_cache_fill,"[0.431164, 0.0, 0.093057, 0.127136, 0.348643]",-0.841267,-0.841267,True,False,False,True,0,9641944,0,30.21069466716467
regression,sa_ghmappo,29,regression_08,5,6,rsu_2,rsu_0,False,False,"{""event"": 0, ""fast"": 0, ""slow"": 1}",independent_head_argmax,0,0,0,False,slow_head_cache_fill,"[0.397633, 0.113009, 0.084951, 0.123929, 0.280479]",-0.922225,-0.922225,True,False,True,True,0,154423432,0,0.0
regression,sa_ghmappo,29,regression_09,0,1,rsu_0,rsu_1,True,False,"{""event"": 0, ""fast"": 0, ""slow"": 0}",independent_head_argmax,3,3,3,False,fast_head_steady_offload,"[0.1751, 0.139074, 0.077104, 0.110311, 0.498411]",-2.204455,-2.204455,True,False,True,True,0,0,0,0.0
regression,sa_ghmappo,29,regression_09,1,3,rsu_0,rsu_1,True,False,"{""event"": 0, ""fast"": 0, ""slow"": 1}",independent_head_argmax,0,0,0,False,slow_head_cache_fill,"[0.244052, 0.131671, 0.089998, 0.106849, 0.427429]",-1.410372,-1.410372,True,False,True,True,0,0,0,0.0
regression,sa_ghmappo,29,regression_09,2,5,rsu_1,rsu_2,False,False,"{""event"": 0, ""fast"": 0, ""slow"": 1}",independent_head_argmax,0,0,0,False,slow_head_cache_fill,"[0.249724, 0.136578, 0.096518, 0.101568, 0.415612]",-1.387399,-1.387399,True,False,False,True,0,9641944,0,8.631625833208835
regression,sa_ghmappo,29,regression_09,3,7,rsu_1,rsu_2,True,False,"{""event"": 1, ""fast"": 0, ""slow"": 0}",independent_head_argmax,4,4,4,False,event_head_prepare,"[0.170221, 0.136906, 0.083372, 0.103276, 0.506224]",-0.680775,-0.680775,True,True,True,True,0,9641944,140480,0.0
regression,sa_ghmappo,29,regression_09,4,2,rsu_2,rsu_0,True,False,"{""event"": 0, ""fast"": 0, ""slow"": 1}",independent_head_argmax,0,0,0,False,slow_head_cache_fill,"[0.286012, 0.13016, 0.075797, 0.123372, 0.38466]",-1.25172,-1.25172,True,False,True,True,0,0,0,0.0
regression,sa_ghmappo,29,regression_09,5,4,rsu_2,rsu_0,True,False,"{""event"": 0, ""fast"": 0, ""slow"": 1}",independent_head_argmax,0,0,0,False,slow_head_cache_fill,"[0.333509, 0.121286, 0.084583, 0.118, 0.342621]",-1.098084,-1.098084,True,False,True,True,0,0,0,0.0
regression,sa_ghmappo,29,regression_09,6,6,rsu_0,rsu_1,False,True,"{""event"": 0, ""fast"": 0, ""slow"": 1}",independent_head_argmax,0,0,0,False,slow_head_cache_fill,"[0.385846, 0.0, 0.094017, 0.121413, 0.398723]",-0.952316,-0.952316,True,False,False,True,0,154423432,0,8.631625833208835
regression,sa_ghmappo,29,regression_09,7,8,rsu_0,rsu_1,True,True,"{""event"": 1, ""fast"": 0, ""slow"": 1}",independent_head_argmax,4,4,4,False,event_head_prepare,"[0.199327, 0.0, 0.071946, 0.122768, 0.605959]",-0.500944,-0.500944,True,True,True,True,0,0,175600,0.0
regression,sa_ghmappo,29,regression_09,8,9,rsu_1,rsu_2,True,True,"{""event"": 1, ""fast"": 0, ""slow"": 0}",independent_head_argmax,4,4,4,False,event_head_prepare,"[0.15356, 0.0, 0.058564, 0.128874, 0.659002]",-0.417028,-0.417028,True,True,True,True,0,0,280960,0.0
regression,sa_ghmappo,29,regression_10,0,1,rsu_0,rsu_1,True,False,"{""event"": 0, ""fast"": 0, ""slow"": 1}",independent_head_argmax,0,0,0,False,slow_head_cache_fill,"[0.202627, 0.13697, 0.079133, 0.115915, 0.465355]",-1.596386,-1.596386,True,False,True,True,0,0,0,0.0
regression,sa_ghmappo,29,regression_10,1,2,rsu_0,rsu_1,True,False,"{""event"": 0, ""fast"": 0, ""slow"": 1}",independent_head_argmax,0,0,0,False,slow_head_cache_fill,"[0.26705, 0.128773, 0.08935, 0.10966, 0.405166]",-1.320318,-1.320318,True,False,True,True,0,0,0,0.0
regression,sa_ghmappo,29,regression_10,2,3,rsu_1,rsu_2,True,True,"{""event"": 0, ""fast"": 0, ""slow"": 1}",independent_head_argmax,0,0,0,False,slow_head_cache_fill,"[0.242433, 0.0, 0.080865, 0.119793, 0.556909]",-1.41703,-1.41703,True,False,False,True,0,0,0,24.815925333208835
regression,sa_ghmappo,29,regression_10,3,4,rsu_1,rsu_2,True,True,"{""event"": 1, ""fast"": 0, ""slow"": 1}",independent_head_argmax,4,4,4,False,event_head_prepare,"[0.213816, 0.0, 0.070379, 0.123936, 0.59187]",-0.524468,-0.524468,True,True,True,True,0,0,2744,0.0
regression,sa_ghmappo,29,regression_10,4,5,rsu_2,rsu_0,True,False,"{""event"": 0, ""fast"": 0, ""slow"": 1}",independent_head_argmax,0,0,0,False,slow_head_cache_fill,"[0.252716, 0.131318, 0.066678, 0.136633, 0.412655]",-1.375488,-1.375488,True,False,True,True,0,0,0,0.0
regression,sa_ghmappo,29,regression_11,0,3,rsu_0,rsu_1,True,False,"{""event"": 0, ""fast"": 0, ""slow"": 1}",independent_head_argmax,0,0,0,False,slow_head_cache_fill,"[0.214358, 0.141276, 0.085226, 0.115384, 0.443756]",-1.54011,-1.54011,True,False,True,True,0,0,0,0.0
regression,sa_ghmappo,29,regression_11,1,1,rsu_0,rsu_1,False,True,"{""event"": 0, ""fast"": 0, ""slow"": 1}",independent_head_argmax,0,0,0,False,slow_head_cache_fill,"[0.39127, 0.0, 0.101449, 0.116501, 0.390781]",-0.938358,-0.938358,True,False,True,True,0,1169449264,0,0.0
regression,sa_ghmappo,29,regression_11,2,4,rsu_1,rsu_2,True,True,"{""event"": 0, ""fast"": 0, ""slow"": 1}",independent_head_argmax,0,0,0,False,slow_head_cache_fill,"[0.344263, 0.0, 0.085507, 0.130069, 0.440161]",-1.066349,-1.066349,True,False,False,True,0,0,0,10.789533
regression,sa_ghmappo,29,regression_11,3,2,rsu_1,rsu_2,True,True,"{""event"": 0, ""fast"": 0, ""slow"": 1}",independent_head_argmax,0,0,0,False,slow_head_cache_fill,"[0.365425, 0.0, 0.079809, 0.134379, 0.420387]",-1.006693,-1.006693,True,False,True,True,0,0,0,0.0
regression,sa_ghmappo,29,regression_11,4,5,rsu_2,rsu_0,False,True,"{""event"": 0, ""fast"": 0, ""slow"": 1}",independent_head_argmax,0,0,0,False,slow_head_cache_fill,"[0.369314, 0.0, 0.08048, 0.138976, 0.41123]",-0.996107,-0.996107,True,False,False,True,0,1024667776,0,43.158132
frozen_check,sa_ghmappo,29,frozen_check_00,0,1,rsu_0,rsu_1,True,False,"{""event"": 0, ""fast"": 0, ""slow"": 1}",independent_head_argmax,0,0,0,False,slow_head_cache_fill,"[0.211855, 0.138661, 0.081019, 0.118471, 0.449994]",-1.551854,-1.551854,True,False,True,True,0,0,0,0.0
frozen_check,sa_ghmappo,29,frozen_check_00,1,2,rsu_0,rsu_1,True,False,"{""event"": 0, ""fast"": 0, ""slow"": 1}",independent_head_argmax,0,0,0,False,slow_head_cache_fill,"[0.268095, 0.130401, 0.091055, 0.112508, 0.397941]",-1.316415,-1.316415,True,False,True,True,0,0,0,0.0
frozen_check,sa_ghmappo,29,frozen_check_00,2,3,rsu_1,rsu_2,True,True,"{""event"": 0, ""fast"": 0, ""slow"": 1}",independent_head_argmax,0,0,0,False,slow_head_cache_fill,"[0.260638, 0.0, 0.083787, 0.123416, 0.53216]",-1.344622,-1.344622,True,False,False,True,0,0,0,21.579066
frozen_check,sa_ghmappo,29,frozen_check_00,3,4,rsu_1,rsu_2,True,True,"{""event"": 0, ""fast"": 0, ""slow"": 1}",independent_head_argmax,0,0,0,False,slow_head_cache_fill,"[0.236854, 0.0, 0.074862, 0.128917, 0.559368]",-1.440312,-1.440312,True,False,True,True,0,0,0,0.0
frozen_check,sa_ghmappo,29,frozen_check_00,4,5,rsu_2,rsu_0,True,False,"{""event"": 0, ""fast"": 0, ""slow"": 1}",independent_head_argmax,0,0,0,False,slow_head_cache_fill,"[0.324489, 0.126591, 0.083016, 0.123716, 0.342189]",-1.125505,-1.125505,True,False,False,True,0,0,0,39.561621
frozen_check,sa_ghmappo,29,frozen_check_00,5,6,rsu_2,rsu_0,False,True,"{""event"": 0, ""fast"": 0, ""slow"": 1}",independent_head_argmax,0,0,0,False,slow_head_cache_fill,"[0.433151, 0.0, 0.098326, 0.121279, 0.347244]",-0.836669,-0.836669,True,False,True,True,0,9641944,0,0.0
frozen_check,sa_ghmappo,29,frozen_check_00,6,7,rsu_0,rsu_1,False,True,"{""event"": 0, ""fast"": 0, ""slow"": 1}",independent_head_argmax,0,0,0,False,slow_head_cache_fill,"[0.428344, 0.0, 0.082784, 0.136323, 0.352548]",-0.847828,-0.847828,True,False,False,True,0,154423432,0,61.14068700000001
frozen_check,sa_ghmappo,29,frozen_check_01,0,1,rsu_0,rsu_1,True,False,"{""event"": 1, ""fast"": 0, ""slow"": 0}",independent_head_argmax,4,4,4,False,event_head_prepare,"[0.16591, 0.138931, 0.075875, 0.11208, 0.507205]",-0.678841,-0.678841,True,True,True,True,0,9641944,140480,0.0
frozen_check,sa_ghmappo,29,frozen_check_01,1,3,rsu_0,rsu_1,True,True,"{""event"": 1, ""fast"": 0, ""slow"": 1}",independent_head_argmax,4,4,4,False,event_head_prepare,"[0.205688, 0.0, 0.079088, 0.115178, 0.600045]",-0.51075,-0.51075,True,True,True,True,0,0,140480,0.0
frozen_check,sa_ghmappo,29,frozen_check_01,2,4,rsu_1,rsu_2,True,False,"{""event"": 1, ""fast"": 0, ""slow"": 0}",independent_head_argmax,4,4,4,False,event_head_prepare,"[0.160117, 0.139054, 0.074819, 0.108623, 0.517387]",-0.658965,-0.658965,True,True,True,True,0,9641944,140480,0.0
frozen_check,sa_ghmappo,29,frozen_check_01,3,2,rsu_1,rsu_2,True,True,"{""event"": 1, ""fast"": 0, ""slow"": 1}",independent_head_argmax,4,4,4,False,event_head_prepare,"[0.195819, 0.0, 0.072422, 0.120884, 0.610875]",-0.492862,-0.492862,True,True,True,True,0,0,175600,0.0
frozen_check,sa_ghmappo,29,frozen_check_01,4,5,rsu_2,rsu_0,True,False,"{""event"": 0, ""fast"": 0, ""slow"": 1}",independent_head_argmax,0,0,0,False,slow_head_cache_fill,"[0.303139, 0.128714, 0.077676, 0.124429, 0.366042]",-1.193564,-1.193564,True,False,True,True,0,0,0,0.0
frozen_check,sa_ghmappo,29,frozen_check_01,5,6,rsu_2,rsu_0,True,False,"{""event"": 0, ""fast"": 0, ""slow"": 1}",independent_head_argmax,0,0,0,False,slow_head_cache_fill,"[0.341589, 0.121339, 0.090137, 0.115128, 0.331807]",-1.074148,-1.074148,True,False,True,True,0,0,0,0.0
frozen_check,sa_ghmappo,29,frozen_check_01,6,7,rsu_0,rsu_1,False,True,"{""event"": 0, ""fast"": 0, ""slow"": 1}",independent_head_argmax,0,0,0,False,slow_head_cache_fill,"[0.39324, 0.0, 0.088728, 0.129188, 0.388844]",-0.933336,-0.933336,True,False,False,True,0,154423432,0,73.61404319743941
frozen_check,sa_ghmappo,29,frozen_check_02,0,1,rsu_0,rsu_1,True,False,"{""event"": 0, ""fast"": 0, ""slow"": 1}",independent_head_argmax,0,0,0,False,slow_head_cache_fill,"[0.201537, 0.137364, 0.079428, 0.11475, 0.466921]",-1.601784,-1.601784,True,False,True,True,0,0,0,0.0
frozen_check,sa_ghmappo,29,frozen_check_02,1,2,rsu_0,rsu_1,True,False,"{""event"": 0, ""fast"": 0, ""slow"": 1}",independent_head_argmax,0,0,0,False,slow_head_cache_fill,"[0.254324, 0.130417, 0.089113, 0.109336, 0.41681]",-1.369147,-1.369147,True,False,True,True,0,0,0,0.0
frozen_check,sa_ghmappo,29,frozen_check_02,2,3,rsu_1,rsu_2,True,True,"{""event"": 0, ""fast"": 0, ""slow"": 1}",independent_head_argmax,0,0,0,False,slow_head_cache_fill,"[0.374669, 0.0, 0.085153, 0.125773, 0.414405]",-0.981713,-0.981713,True,False,False,True,0,0,0,4.315814333582334
frozen_check,sa_ghmappo,29,frozen_check_02,3,4,rsu_1,rsu_2,False,False,"{""event"": 0, ""fast"": 0, ""slow"": 1}",independent_head_argmax,0,0,0,False,slow_head_cache_fill,"[0.381752, 0.113823, 0.094307, 0.110755, 0.299362]",-0.962983,-0.962983,True,False,True,True,0,1024667776,0,0.0
frozen_check,sa_ghmappo,29,frozen_check_02,4,5,rsu_2,rsu_0,True,False,"{""event"": 0, ""fast"": 0, ""slow"": 1}",independent_head_argmax,0,0,0,False,slow_head_cache_fill,"[0.278596, 0.128125, 0.073807, 0.13136, 0.388112]",-1.277993,-1.277993,True,False,False,True,0,0,0,38.48266883358234
frozen_check,sa_ghmappo,29,frozen_check_03,0,3,rsu_0,rsu_1,True,False,"{""event"": 0, ""fast"": 0, ""slow"": 0}",independent_head_argmax,3,3,3,False,fast_head_steady_offload,"[0.192667, 0.142639, 0.084751, 0.113614, 0.466329]",-2.17495,-2.17495,True,False,True,True,0,0,0,0.0
frozen_check,sa_ghmappo,29,frozen_check_03,1,1,rsu_0,rsu_1,False,True,"{""event"": 0, ""fast"": 0, ""slow"": 1}",independent_head_argmax,0,0,0,False,slow_head_cache_fill,"[0.384408, 0.0, 0.101246, 0.116396, 0.39795]",-0.956051,-0.956051,True,False,True,True,0,1169449264,0,0.0
frozen_check,sa_ghmappo,29,frozen_check_03,2,4,rsu_1,rsu_2,True,True,"{""event"": 1, ""fast"": 0, ""slow"": 0}",independent_head_argmax,4,4,4,False,event_head_prepare,"[0.191707, 0.0, 0.079379, 0.120945, 0.607968]",-0.497633,-0.497633,True,True,False,True,0,0,175600,10.789533
frozen_check,sa_ghmappo,29,frozen_check_03,3,2,rsu_1,rsu_2,True,True,"{""event"": 1, ""fast"": 0, ""slow"": 0}",independent_head_argmax,4,4,4,False,event_head_prepare,"[0.193103, 0.0, 0.071101, 0.127254, 0.608541]",-0.49669,-0.49669,True,True,True,True,0,0,175600,0.0
frozen_check,sa_ghmappo,29,frozen_check_03,4,5,rsu_2,rsu_0,True,True,"{""event"": 1, ""fast"": 0, ""slow"": 0}",independent_head_argmax,4,4,4,False,event_head_prepare,"[0.194854, 0.0, 0.070306, 0.126916, 0.607923]",-0.497707,-0.497707,True,True,True,True,0,0,175600,0.0
frozen_check,sa_ghmappo,29,frozen_check_03,5,6,rsu_2,rsu_0,True,True,"{""event"": 1, ""fast"": 0, ""slow"": 0}",independent_head_argmax,4,4,4,False,event_head_prepare,"[0.164478, 0.0, 0.061034, 0.129085, 0.645403]",-0.43788,-0.43788,True,True,True,True,0,0,245840,0.0
frozen_check,sa_ghmappo,29,frozen_check_04,0,1,rsu_0,rsu_1,True,False,"{""event"": 0, ""fast"": 0, ""slow"": 1}",independent_head_argmax,0,0,0,False,slow_head_cache_fill,"[0.216781, 0.138479, 0.082304, 0.119032, 0.443404]",-1.528869,-1.528869,True,False,True,True,0,0,0,0.0
frozen_check,sa_ghmappo,29,frozen_check_04,1,2,rsu_0,rsu_1,False,True,"{""event"": 0, ""fast"": 0, ""slow"": 1}",independent_head_argmax,0,0,0,False,slow_head_cache_fill,"[0.39464, 0.0, 0.09978, 0.117409, 0.388171]",-0.929781,-0.929781,True,False,True,True,0,154423432,0,0.0
frozen_check,sa_ghmappo,29,frozen_check_04,2,3,rsu_1,rsu_2,True,True,"{""event"": 1, ""fast"": 0, ""slow"": 1}",independent_head_argmax,4,4,4,False,event_head_prepare,"[0.22684, 0.0, 0.07527, 0.13031, 0.567579]",-0.566375,-0.566375,True,False,False,True,0,0,0,31.289646833582335
frozen_check,sa_ghmappo,29,frozen_check_04,3,4,rsu_1,rsu_2,True,True,"{""event"": 0, ""fast"": 0, ""slow"": 1}",independent_head_argmax,0,0,0,False,slow_head_cache_fill,"[0.336171, 0.0, 0.078066, 0.135644, 0.450119]",-1.090136,-1.090136,True,False,True,True,0,0,0,0.0
frozen_check,sa_ghmappo,29,frozen_check_04,4,5,rsu_2,rsu_0,False,False,"{""event"": 0, ""fast"": 0, ""slow"": 1}",independent_head_argmax,0,0,0,False,slow_head_cache_fill,"[0.376736, 0.119186, 0.095304, 0.113804, 0.29497]",-0.976211,-0.976211,True,False,False,True,0,9641944,0,39.921275500746994
frozen_check,sa_ghmappo,29,frozen_check_04,5,6,rsu_2,rsu_0,False,True,"{""event"": 0, ""fast"": 0, ""slow"": 1}",independent_head_argmax,0,0,0,False,slow_head_cache_fill,"[0.405454, 0.0, 0.098642, 0.119771, 0.376133]",-0.902747,-0.902747,True,False,True,True,0,154423432,0,0.0
frozen_check,sa_ghmappo,29,frozen_check_04,6,7,rsu_0,rsu_1,True,True,"{""event"": 1, ""fast"": 0, ""slow"": 0}",independent_head_argmax,4,4,4,False,event_head_prepare,"[0.202463, 0.0, 0.065114, 0.138294, 0.594129]",-0.520659,-0.520659,True,False,False,True,0,0,0,72.98597340397282
frozen_check,sa_ghmappo,29,frozen_check_05,0,1,rsu_0,rsu_1,False,False,"{""event"": 0, ""fast"": 0, ""slow"": 1}",independent_head_argmax,0,0,0,False,slow_head_cache_fill,"[0.28227, 0.134526, 0.100389, 0.10637, 0.376445]",-1.264893,-1.264893,True,False,True,True,0,9641944,0,0.0
frozen_check,sa_ghmappo,29,frozen_check_05,1,2,rsu_0,rsu_1,True,False,"{""event"": 0, ""fast"": 0, ""slow"": 0}",independent_head_argmax,3,3,3,False,fast_head_steady_offload,"[0.176981, 0.138664, 0.082936, 0.11049, 0.490929]",-2.202826,-2.202826,True,False,True,True,0,0,0,0.0
frozen_check,sa_ghmappo,29,frozen_check_05,2,3,rsu_1,rsu_2,False,False,"{""event"": 0, ""fast"": 0, ""slow"": 1}",independent_head_argmax,0,0,0,False,slow_head_cache_fill,"[0.304948, 0.131642, 0.101497, 0.106068, 0.355846]",-1.187616,-1.187616,True,False,False,True,0,9641944,0,10.789533
frozen_check,sa_ghmappo,29,frozen_check_05,3,4,rsu_1,rsu_2,True,True,"{""event"": 0, ""fast"": 0, ""slow"": 1}",independent_head_argmax,0,0,0,False,slow_head_cache_fill,"[0.233732, 0.0, 0.079226, 0.125566, 0.561475]",-1.453578,-1.453578,True,False,True,True,0,0,0,0.0
frozen_check,sa_ghmappo,29,frozen_check_05,4,5,rsu_2,rsu_0,True,True,"{""event"": 1, ""fast"": 0, ""slow"": 1}",independent_head_argmax,4,4,4,False,event_head_prepare,"[0.225468, 0.0, 0.074898, 0.131352, 0.568282]",-0.565137,-0.565137,True,True,False,True,0,0,2744,32.368599
frozen_check,sa_ghmappo,29,frozen_check_05,5,6,rsu_2,rsu_0,True,True,"{""event"": 1, ""fast"": 0, ""slow"": 1}",independent_head_argmax,4,4,4,False,event_head_prepare,"[0.202457, 0.0, 0.072854, 0.12684, 0.597849]",-0.514418,-0.514418,True,True,True,True,0,0,3292,0.0
frozen_check,sa_ghmappo,29,frozen_check_05,6,7,rsu_0,rsu_1,True,True,"{""event"": 1, ""fast"": 0, ""slow"": 0}",independent_head_argmax,4,4,4,False,event_head_prepare,"[0.173951, 0.0, 0.06157, 0.136203, 0.628275]",-0.464778,-0.464778,True,True,True,True,0,0,2744,0.0
frozen_check,sa_ghmappo,29,frozen_check_06,0,1,rsu_0,rsu_1,True,False,"{""event"": 0, ""fast"": 0, ""slow"": 1}",independent_head_argmax,0,0,0,False,slow_head_cache_fill,"[0.215808, 0.140479, 0.08278, 0.116489, 0.444445]",-1.533367,-1.533367,True,False,True,True,0,0,0,0.0
frozen_check,sa_ghmappo,29,frozen_check_06,1,2,rsu_0,rsu_1,True,False,"{""event"": 0, ""fast"": 0, ""slow"": 1}",independent_head_argmax,0,0,0,False,slow_head_cache_fill,"[0.271516, 0.131777, 0.091872, 0.110482, 0.394353]",-1.303734,-1.303734,True,False,True,True,0,0,0,0.0
frozen_check,sa_ghmappo,29,frozen_check_06,2,3,rsu_1,rsu_2,True,True,"{""event"": 0, ""fast"": 0, ""slow"": 1}",independent_head_argmax,0,0,0,False,slow_head_cache_fill,"[0.384239, 0.0, 0.088437, 0.126412, 0.400912]",-0.95649,-0.95649,True,False,False,True,0,0,0,4.315814333582334
frozen_check,sa_ghmappo,29,frozen_check_06,3,4,rsu_1,rsu_2,False,False,"{""event"": 0, ""fast"": 0, ""slow"": 1}",independent_head_argmax,0,0,0,False,slow_head_cache_fill,"[0.37379, 0.117293, 0.096204, 0.11066, 0.302053]",-0.984061,-0.984061,True,False,True,True,0,1024667776,0,0.0
frozen_check,sa_ghmappo,29,frozen_check_06,4,5,rsu_2,rsu_0,True,False,"{""event"": 0, ""fast"": 0, ""slow"": 1}",independent_head_argmax,0,0,0,False,slow_head_cache_fill,"[0.344615, 0.123568, 0.084985, 0.118021, 0.328811]",-1.065327,-1.065327,True,False,False,True,0,0,0,19.338798408804664
frozen_check,sa_ghmappo,29,frozen_check_06,5,6,rsu_2,rsu_0,True,False,"{""event"": 0, ""fast"": 0, ""slow"": 1}",independent_head_argmax,0,0,0,False,slow_head_cache_fill,"[0.29244, 0.125843, 0.073721, 0.134364, 0.373631]",-1.229494,-1.229494,True,False,True,True,0,0,0,0.0
frozen_check,sa_ghmappo,29,frozen_check_07,0,3,rsu_0,rsu_1,True,False,"{""event"": 0, ""fast"": 0, ""slow"": 1}",independent_head_argmax,0,0,0,False,slow_head_cache_fill,"[0.321441, 0.127946, 0.088906, 0.11944, 0.342268]",-1.134941,-1.134941,True,False,True,True,0,0,0,0.0
frozen_check,sa_ghmappo,29,frozen_check_07,1,5,rsu_0,rsu_1,True,False,"{""event"": 0, ""fast"": 0, ""slow"": 1}",independent_head_argmax,0,0,0,False,slow_head_cache_fill,"[0.368454, 0.119117, 0.092605, 0.114731, 0.305092]",-0.998438,-0.998438,True,False,True,True,0,0,0,0.0
frozen_check,sa_ghmappo,29,frozen_check_07,2,6,rsu_1,rsu_2,False,False,"{""event"": 0, ""fast"": 0, ""slow"": 1}",independent_head_argmax,0,0,0,False,slow_head_cache_fill,"[0.405463, 0.113218, 0.10078, 0.106687, 0.273852]",-0.902726,-0.902726,True,False,False,True,0,1024667776,0,10.481260952452097
frozen_check,sa_ghmappo,29,frozen_check_07,3,9,rsu_1,rsu_2,True,False,"{""event"": 0, ""fast"": 0, ""slow"": 1}",independent_head_argmax,0,0,0,False,slow_head_cache_fill,"[0.383879, 0.1163, 0.094054, 0.113117, 0.292651]",-0.957429,-0.957429,True,False,True,True,0,0,0,0.0
frozen_check,sa_ghmappo,29,frozen_check_07,4,1,rsu_2,rsu_0,False,False,"{""event"": 0, ""fast"": 0, ""slow"": 1}",independent_head_argmax,0,0,0,False,slow_head_cache_fill,"[0.419745, 0.107631, 0.094664, 0.110661, 0.267299]",-0.868107,-0.868107,True,False,False,True,0,1169449264,0,6.165446618869764
frozen_check,sa_ghmappo,29,frozen_check_07,5,4,rsu_2,rsu_0,True,False,"{""event"": 0, ""fast"": 0, ""slow"": 1}",independent_head_argmax,0,0,0,False,slow_head_cache_fill,"[0.322001, 0.121935, 0.079632, 0.12385, 0.352582]",-1.1332,-1.1332,True,False,True,True,0,0,0,0.0
frozen_check,sa_ghmappo,29,frozen_check_07,6,7,rsu_0,rsu_1,False,False,"{""event"": 0, ""fast"": 0, ""slow"": 1}",independent_head_argmax,0,0,0,False,slow_head_cache_fill,"[0.413382, 0.109604, 0.09335, 0.112835, 0.270829]",-0.883383,-0.883383,True,False,False,True,0,154423432,0,4.315814333582334
frozen_check,sa_ghmappo,29,frozen_check_07,7,2,rsu_0,rsu_1,True,False,"{""event"": 0, ""fast"": 0, ""slow"": 1}",independent_head_argmax,0,0,0,False,slow_head_cache_fill,"[0.316213, 0.124543, 0.082761, 0.123215, 0.353268]",-1.151338,-1.151338,True,False,True,True,0,0,0,0.0
frozen_check,sa_ghmappo,29,frozen_check_07,8,8,rsu_1,rsu_2,False,True,"{""event"": 0, ""fast"": 0, ""slow"": 1}",independent_head_argmax,0,0,0,False,slow_head_cache_fill,"[0.427492, 0.0, 0.097605, 0.119933, 0.354969]",-0.84982,-0.84982,True,False,False,True,0,154423432,0,34.52650616679117
frozen_check,sa_ghmappo,29,frozen_check_07,9,10,rsu_1,rsu_2,True,True,"{""event"": 1, ""fast"": 0, ""slow"": 0}",independent_head_argmax,4,4,4,False,event_head_prepare,"[0.177883, 0.0, 0.061784, 0.132476, 0.627858]",-0.465442,-0.465442,True,True,True,True,0,0,245840,0.0
regression,ppo,7,regression_00,0,1,rsu_0,rsu_1,True,False,"{""flat"": 0}",unspecified,0,0,0,False,flat_action_0,"[0.259602, 0.186334, 0.249174, 0.134534, 0.170355]",-1.348605,-1.348605,True,False,True,True,0,0,0,0.0
regression,ppo,7,regression_00,1,4,rsu_0,rsu_1,True,False,"{""flat"": 0}",unspecified,0,0,0,False,flat_action_0,"[0.275591, 0.179277, 0.262673, 0.127232, 0.155227]",-1.288837,-1.288837,True,False,True,True,0,0,0,0.0
regression,ppo,7,regression_00,2,2,rsu_0,rsu_1,False,True,"{""flat"": 0}",unspecified,0,0,0,False,flat_action_0,"[0.359319, 0.0, 0.339778, 0.138534, 0.162369]",-1.023545,-1.023545,True,False,True,True,0,154423432,0,0.0
regression,ppo,7,regression_00,3,3,rsu_1,rsu_2,False,False,"{""flat"": 0}",unspecified,0,0,0,False,flat_action_0,"[0.31896, 0.161432, 0.287996, 0.114778, 0.116834]",-1.142691,-1.142691,True,False,False,True,0,9641944,0,8.631628667164668
regression,ppo,7,regression_00,4,5,rsu_1,rsu_2,False,True,"{""flat"": 0}",unspecified,0,0,0,False,flat_action_0,"[0.375306, 0.0, 0.355992, 0.127318, 0.141385]",-0.980015,-0.980015,True,False,True,True,0,154423432,0,0.0
regression,ppo,7,regression_01,0,1,rsu_0,rsu_1,True,False,"{""flat"": 0}",unspecified,0,0,0,False,flat_action_0,"[0.281668, 0.176846, 0.261848, 0.132506, 0.147131]",-1.267025,-1.267025,True,False,True,True,0,0,0,0.0
regression,ppo,7,regression_01,1,2,rsu_0,rsu_1,True,False,"{""flat"": 0}",unspecified,0,0,0,False,flat_action_0,"[0.278161, 0.177429, 0.260799, 0.133058, 0.150553]",-1.279556,-1.279556,True,False,True,True,0,0,0,0.0
regression,ppo,7,regression_01,2,4,rsu_0,rsu_1,True,False,"{""flat"": 0}",unspecified,0,0,0,False,flat_action_0,"[0.279588, 0.176206, 0.263078, 0.131761, 0.149367]",-1.274437,-1.274437,True,False,True,True,0,0,0,0.0
regression,ppo,7,regression_01,3,5,rsu_0,rsu_1,True,False,"{""flat"": 0}",unspecified,0,0,0,False,flat_action_0,"[0.276986, 0.176461, 0.262704, 0.132071, 0.151778]",-1.283787,-1.283787,True,False,True,True,0,0,0,0.0
regression,ppo,7,regression_01,4,3,rsu_1,rsu_2,True,True,"{""flat"": 0}",unspecified,0,0,0,False,flat_action_0,"[0.341033, 0.0, 0.331249, 0.147785, 0.179933]",-1.075776,-1.075776,True,False,False,True,0,0,0,13.358471452825595
regression,ppo,7,regression_01,5,6,rsu_1,rsu_2,True,True,"{""flat"": 0}",unspecified,0,0,0,False,flat_action_0,"[0.332082, 0.0, 0.327164, 0.150489, 0.190265]",-1.102373,-1.102373,True,False,True,True,0,0,0,0.0
regression,ppo,7,regression_01,6,7,rsu_1,rsu_2,True,True,"{""flat"": 0}",unspecified,0,0,0,False,flat_action_0,"[0.341445, 0.0, 0.335556, 0.145038, 0.177961]",-1.074569,-1.074569,True,False,True,True,0,0,0,0.0
regression,ppo,7,regression_01,7,8,rsu_1,rsu_2,True,True,"{""flat"": 2}",unspecified,2,2,2,False,flat_action_2,"[0.33135, 0.0, 0.333965, 0.14599, 0.188695]",-1.096718,-1.096718,True,False,True,True,0,0,0,0.0
regression,ppo,7,regression_02,0,1,rsu_0,rsu_1,True,False,"{""flat"": 0}",unspecified,0,0,0,False,flat_action_0,"[0.261693, 0.184973, 0.247276, 0.141607, 0.164452]",-1.340585,-1.340585,True,False,True,True,0,0,0,0.0
regression,ppo,7,regression_02,1,2,rsu_0,rsu_1,False,True,"{""flat"": 0}",unspecified,0,0,0,False,flat_action_0,"[0.378142, 0.0, 0.344332, 0.138977, 0.138549]",-0.972486,-0.972486,True,False,True,True,0,1169449264,0,0.0
regression,ppo,7,regression_02,2,3,rsu_0,rsu_1,True,True,"{""flat"": 2}",unspecified,2,2,2,False,flat_action_2,"[0.300142, 0.0, 0.301817, 0.168041, 0.23]",-1.197933,-1.197933,True,False,True,True,0,0,0,0.0
regression,ppo,7,regression_02,3,4,rsu_1,rsu_2,True,True,"{""flat"": 2}",unspecified,2,2,2,False,flat_action_2,"[0.302061, 0.0, 0.304592, 0.166777, 0.226569]",-1.188781,-1.188781,True,False,True,True,0,0,0,0.0
regression,ppo,7,regression_02,4,5,rsu_1,rsu_2,False,False,"{""flat"": 0}",unspecified,0,0,0,False,flat_action_0,"[0.330624, 0.156384, 0.291777, 0.116747, 0.104467]",-1.106774,-1.106774,True,False,False,True,0,1024667776,0,39.92127550074701
regression,ppo,7,regression_02,5,6,rsu_1,rsu_2,False,True,"{""flat"": 0}",unspecified,0,0,0,False,flat_action_0,"[0.364035, 0.0, 0.343209, 0.141454, 0.151302]",-1.010506,-1.010506,True,False,True,True,0,1169449264,0,0.0
regression,ppo,7,regression_02,6,7,rsu_2,rsu_0,True,True,"{""flat"": 2}",unspecified,2,2,2,False,flat_action_2,"[0.305743, 0.0, 0.314722, 0.160431, 0.219104]",-1.156065,-1.156065,True,False,True,True,0,0,0,0.0
regression,ppo,7,regression_03,0,3,rsu_0,,True,False,"{""flat"": 0}",unspecified,0,0,0,False,flat_action_0,"[0.407584, 0.0, 0.36668, 0.225736, 0.0]",-0.897509,-0.897509,True,False,True,True,0,0,0,0.0
regression,ppo,7,regression_03,1,6,rsu_0,rsu_1,True,False,"{""flat"": 0}",unspecified,0,0,0,False,flat_action_0,"[0.273183, 0.179247, 0.255745, 0.140875, 0.15095]",-1.297613,-1.297613,True,False,True,True,0,0,0,0.0
regression,ppo,7,regression_03,2,7,rsu_0,rsu_1,True,False,"{""flat"": 0}",unspecified,0,0,0,False,flat_action_0,"[0.284284, 0.174626, 0.264692, 0.135498, 0.140899]",-1.25778,-1.25778,True,False,True,True,0,0,0,0.0
regression,ppo,7,regression_03,3,9,rsu_0,rsu_1,True,False,"{""flat"": 0}",unspecified,0,0,0,False,flat_action_0,"[0.287066, 0.173049, 0.268017, 0.133619, 0.138249]",-1.248044,-1.248044,True,False,True,True,0,0,0,0.0
regression,ppo,7,regression_03,4,1,rsu_0,rsu_1,False,True,"{""flat"": 0}",unspecified,0,0,0,False,flat_action_0,"[0.369071, 0.0, 0.340266, 0.145864, 0.144798]",-0.996766,-0.996766,True,False,True,True,0,1169449264,0,0.0
regression,ppo,7,regression_03,5,4,rsu_1,,True,False,"{""flat"": 0}",unspecified,0,0,0,False,flat_action_0,"[0.407432, 0.0, 0.37632, 0.216248, 0.0]",-0.897882,-0.897882,True,False,False,True,0,0,0,7.193022
regression,ppo,7,regression_03,6,8,rsu_1,rsu_2,True,True,"{""flat"": 0}",unspecified,0,0,0,False,flat_action_0,"[0.331336, 0.0, 0.325108, 0.157961, 0.185595]",-1.104621,-1.104621,True,False,True,True,0,0,0,0.0
regression,ppo,7,regression_03,7,2,rsu_1,rsu_2,True,True,"{""flat"": 2}",unspecified,2,2,2,False,flat_action_2,"[0.31796, 0.0, 0.318626, 0.162077, 0.201336]",-1.143738,-1.143738,True,False,True,True,0,0,0,0.0
regression,ppo,7,regression_03,8,5,rsu_1,rsu_2,True,True,"{""flat"": 2}",unspecified,2,2,2,False,flat_action_2,"[0.309107, 0.0, 0.313763, 0.16525, 0.21188]",-1.159116,-1.159116,True,False,True,True,0,0,0,0.0
regression,ppo,7,regression_03,9,10,rsu_1,rsu_2,True,True,"{""flat"": 0}",unspecified,0,0,0,False,flat_action_0,"[0.336569, 0.0, 0.334372, 0.152304, 0.176755]",-1.088951,-1.088951,True,False,True,True,0,0,0,0.0
regression,ppo,7,regression_04,0,1,rsu_0,rsu_1,True,False,"{""flat"": 0}",unspecified,0,0,0,False,flat_action_0,"[0.254651, 0.187119, 0.244134, 0.143315, 0.170781]",-1.36786,-1.36786,True,False,True,True,0,0,0,0.0
regression,ppo,7,regression_04,1,3,rsu_0,rsu_1,True,False,"{""flat"": 0}",unspecified,0,0,0,False,flat_action_0,"[0.259276, 0.184349, 0.249741, 0.140224, 0.16641]",-1.349863,-1.349863,True,False,True,True,0,0,0,0.0
regression,ppo,7,regression_04,2,2,rsu_1,rsu_2,True,True,"{""flat"": 2}",unspecified,2,2,2,False,flat_action_2,"[0.296882, 0.0, 0.302273, 0.168055, 0.23279]",-1.196425,-1.196425,True,False,True,True,0,0,0,0.0
regression,ppo,7,regression_04,3,4,rsu_1,rsu_2,True,True,"{""flat"": 2}",unspecified,2,2,2,False,flat_action_2,"[0.306819, 0.0, 0.311694, 0.162247, 0.21924]",-1.165733,-1.165733,True,False,True,True,0,0,0,0.0
regression,ppo,7,regression_04,4,5,rsu_2,rsu_0,True,False,"{""flat"": 0}",unspecified,0,0,0,False,flat_action_0,"[0.269575, 0.176944, 0.263772, 0.132406, 0.157303]",-1.31091,-1.31091,True,False,False,True,0,0,0,33.08790233358234
regression,ppo,7,regression_05,0,1,rsu_0,rsu_1,False,False,"{""flat"": 0}",unspecified,0,0,0,False,flat_action_0,"[0.312895, 0.167931, 0.278616, 0.118873, 0.121686]",-1.161889,-1.161889,True,False,True,True,0,9641944,0,0.0
regression,ppo,7,regression_05,1,2,rsu_0,rsu_1,True,False,"{""flat"": 0}",unspecified,0,0,0,False,flat_action_0,"[0.260315, 0.185184, 0.251668, 0.131949, 0.170883]",-1.345861,-1.345861,True,False,True,True,0,0,0,0.0
regression,ppo,7,regression_05,2,3,rsu_1,rsu_2,False,False,"{""flat"": 0}",unspecified,0,0,0,False,flat_action_0,"[0.308409, 0.167044, 0.280177, 0.11894, 0.12543]",-1.176329,-1.176329,True,False,False,True,0,9641944,0,10.628496293773907
regression,ppo,7,regression_05,3,4,rsu_1,rsu_2,True,True,"{""flat"": 2}",unspecified,2,2,2,False,flat_action_2,"[0.316587, 0.0, 0.318879, 0.15178, 0.212755]",-1.142945,-1.142945,True,False,True,True,0,0,0,0.0
regression,ppo,7,regression_05,4,5,rsu_2,rsu_0,True,True,"{""flat"": 2}",unspecified,2,2,2,False,flat_action_2,"[0.302577, 0.0, 0.314993, 0.15357, 0.22886]",-1.155204,-1.155204,True,False,True,True,0,0,0,0.0
regression,ppo,7,regression_06,0,1,rsu_0,rsu_1,True,False,"{""flat"": 0}",unspecified,0,0,0,False,flat_action_0,"[0.281046, 0.175374, 0.256048, 0.149569, 0.137963]",-1.269236,-1.269236,True,False,True,True,0,0,0,0.0
regression,ppo,7,regression_06,1,2,rsu_0,rsu_1,True,False,"{""flat"": 0}",unspecified,0,0,0,False,flat_action_0,"[0.27424, 0.176685, 0.253512, 0.151613, 0.14395]",-1.293753,-1.293753,True,False,True,True,0,0,0,0.0
regression,ppo,7,regression_06,2,3,rsu_1,rsu_2,True,True,"{""flat"": 0}",unspecified,0,0,0,False,flat_action_0,"[0.317424, 0.0, 0.309395, 0.177845, 0.195335]",-1.147515,-1.147515,True,False,False,True,0,0,0,4.315814333582334
regression,ppo,7,regression_06,3,4,rsu_1,rsu_2,True,True,"{""flat"": 0}",unspecified,0,0,0,False,flat_action_0,"[0.329086, 0.0, 0.319645, 0.170496, 0.180773]",-1.111436,-1.111436,True,False,True,True,0,0,0,0.0
regression,ppo,7,regression_06,4,5,rsu_2,rsu_0,True,False,"{""flat"": 0}",unspecified,0,0,0,False,flat_action_0,"[0.288655, 0.167683, 0.271549, 0.140579, 0.131533]",-1.242522,-1.242522,True,False,False,True,0,0,0,33.08790233358234
regression,ppo,7,regression_07,0,1,rsu_0,rsu_1,True,False,"{""flat"": 0}",unspecified,0,0,0,False,flat_action_0,"[0.303831, 0.168002, 0.270371, 0.133434, 0.124362]",-1.191283,-1.191283,True,False,True,True,0,0,0,0.0
regression,ppo,7,regression_07,1,4,rsu_0,rsu_1,True,False,"{""flat"": 0}",unspecified,0,0,0,False,flat_action_0,"[0.307849, 0.16613, 0.27207, 0.132761, 0.121191]",-1.178146,-1.178146,True,False,True,True,0,0,0,0.0
regression,ppo,7,regression_07,2,6,rsu_1,rsu_2,False,False,"{""flat"": 0}",unspecified,0,0,0,False,flat_action_0,"[0.348079, 0.147462, 0.294853, 0.125362, 0.084244]",-1.055327,-1.055327,True,False,False,True,0,1024667776,0,7.441058316328074
regression,ppo,7,regression_07,3,9,rsu_1,rsu_2,True,False,"{""flat"": 0}",unspecified,0,0,0,False,flat_action_0,"[0.313254, 0.162972, 0.277674, 0.129413, 0.116687]",-1.160741,-1.160741,True,False,True,True,0,0,0,0.0
regression,ppo,7,regression_07,4,7,rsu_2,rsu_0,False,False,"{""flat"": 0}",unspecified,0,0,0,False,flat_action_0,"[0.340796, 0.149903, 0.297328, 0.119858, 0.092115]",-1.076471,-1.076471,True,False,False,True,0,1169449264,0,4.315814333582334
regression,ppo,7,regression_07,5,8,rsu_2,rsu_0,True,False,"{""flat"": 0}",unspecified,0,0,0,False,flat_action_0,"[0.293205, 0.170956, 0.2672, 0.13089, 0.137749]",-1.226884,-1.226884,True,False,True,True,0,0,0,0.0
regression,ppo,7,regression_07,6,10,rsu_0,rsu_1,False,False,"{""flat"": 0}",unspecified,0,0,0,False,flat_action_0,"[0.346962, 0.148696, 0.300497, 0.110966, 0.092879]",-1.058541,-1.058541,True,False,False,True,0,154423432,0,28.12719867866751
regression,ppo,7,regression_07,7,2,rsu_0,rsu_1,True,False,"{""flat"": 0}",unspecified,0,0,0,False,flat_action_0,"[0.294845, 0.168803, 0.274856, 0.125187, 0.13631]",-1.221306,-1.221306,True,False,True,True,0,0,0,0.0
regression,ppo,7,regression_07,8,3,rsu_1,rsu_2,False,True,"{""flat"": 0}",unspecified,0,0,0,False,flat_action_0,"[0.387688, 0.0, 0.355218, 0.129188, 0.127905]",-0.947554,-0.947554,True,False,False,True,0,154423432,0,28.12719867866751
regression,ppo,7,regression_07,9,5,rsu_1,rsu_2,True,True,"{""flat"": 0}",unspecified,0,0,0,False,flat_action_0,"[0.326745, 0.0, 0.325737, 0.151245, 0.196273]",-1.118575,-1.118575,True,False,True,True,0,0,0,0.0
regression,ppo,7,regression_07,10,11,rsu_2,rsu_0,True,True,"{""flat"": 0}",unspecified,0,0,0,False,flat_action_0,"[0.342998, 0.0, 0.335468, 0.1455, 0.176035]",-1.07003,-1.07003,True,False,False,True,0,0,0,92.86439951262335
regression,ppo,7,regression_07,11,12,rsu_2,rsu_0,True,True,"{""flat"": 2}",unspecified,2,2,2,False,flat_action_2,"[0.328221, 0.0, 0.331155, 0.14787, 0.192754]",-1.105169,-1.105169,True,False,True,True,0,0,0,0.0
regression,ppo,7,regression_08,0,1,rsu_0,rsu_1,True,False,"{""flat"": 0}",unspecified,0,0,0,False,flat_action_0,"[0.264199, 0.184793, 0.252538, 0.132456, 0.166013]",-1.331051,-1.331051,True,False,True,True,0,0,0,0.0
regression,ppo,7,regression_08,1,3,rsu_0,rsu_1,True,False,"{""flat"": 0}",unspecified,0,0,0,False,flat_action_0,"[0.256197, 0.186514, 0.248684, 0.134648, 0.173958]",-1.361809,-1.361809,True,False,True,True,0,0,0,0.0
regression,ppo,7,regression_08,2,2,rsu_1,rsu_2,True,True,"{""flat"": 2}",unspecified,2,2,2,False,flat_action_2,"[0.305705, 0.0, 0.309719, 0.156692, 0.227884]",-1.172091,-1.172091,True,False,True,True,0,0,0,0.0
regression,ppo,7,regression_08,3,4,rsu_1,rsu_2,True,True,"{""flat"": 2}",unspecified,2,2,2,False,flat_action_2,"[0.296356, 0.0, 0.304933, 0.15953, 0.23918]",-1.187663,-1.187663,True,False,True,True,0,0,0,0.0
regression,ppo,7,regression_08,4,5,rsu_2,rsu_0,False,True,"{""flat"": 0}",unspecified,0,0,0,False,flat_action_0,"[0.368112, 0.0, 0.345398, 0.134455, 0.152035]",-0.999369,-0.999369,True,False,False,True,0,9641944,0,30.21069466716467
regression,ppo,7,regression_08,5,6,rsu_2,rsu_0,False,False,"{""flat"": 0}",unspecified,0,0,0,False,flat_action_0,"[0.320613, 0.158629, 0.294456, 0.112714, 0.113588]",-1.13752,-1.13752,True,False,True,True,0,154423432,0,0.0
regression,ppo,7,regression_09,0,1,rsu_0,rsu_1,True,False,"{""flat"": 0}",unspecified,0,0,0,False,flat_action_0,"[0.27662, 0.178965, 0.258419, 0.134088, 0.151908]",-1.285111,-1.285111,True,False,True,True,0,0,0,0.0
regression,ppo,7,regression_09,1,3,rsu_0,rsu_1,True,False,"{""flat"": 0}",unspecified,0,0,0,False,flat_action_0,"[0.279343, 0.177319, 0.261498, 0.132291, 0.14955]",-1.275317,-1.275317,True,False,True,True,0,0,0,0.0
regression,ppo,7,regression_09,2,5,rsu_1,rsu_2,False,False,"{""flat"": 0}",unspecified,0,0,0,False,flat_action_0,"[0.326795, 0.159406, 0.286946, 0.117777, 0.109076]",-1.118422,-1.118422,True,False,False,True,0,9641944,0,8.631625833208835
regression,ppo,7,regression_09,3,7,rsu_1,rsu_2,True,False,"{""flat"": 0}",unspecified,0,0,0,False,flat_action_0,"[0.279222, 0.176277, 0.263478, 0.130294, 0.150728]",-1.275747,-1.275747,True,False,True,True,0,0,0,0.0
regression,ppo,7,regression_09,4,2,rsu_2,rsu_0,True,False,"{""flat"": 0}",unspecified,0,0,0,False,flat_action_0,"[0.289541, 0.171477, 0.270429, 0.127441, 0.141111]",-1.239457,-1.239457,True,False,False,True,0,0,0,4.315814333582334
regression,ppo,7,regression_09,5,4,rsu_2,rsu_0,True,False,"{""flat"": 0}",unspecified,0,0,0,False,flat_action_0,"[0.295821, 0.16849, 0.276121, 0.124224, 0.135343]",-1.218,-1.218,True,False,True,True,0,0,0,0.0
regression,ppo,7,regression_09,6,6,rsu_0,rsu_1,False,True,"{""flat"": 0}",unspecified,0,0,0,False,flat_action_0,"[0.382322, 0.0, 0.353475, 0.131007, 0.133196]",-0.961492,-0.961492,True,False,False,True,0,154423432,0,8.631625833208835
regression,ppo,7,regression_09,7,8,rsu_0,rsu_1,True,True,"{""flat"": 2}",unspecified,2,2,2,False,flat_action_2,"[0.328355, 0.0, 0.328545, 0.14934, 0.19376]",-1.113083,-1.113083,True,False,True,True,0,0,0,0.0
regression,ppo,7,regression_09,8,9,rsu_1,rsu_2,True,True,"{""flat"": 0}",unspecified,0,0,0,False,flat_action_0,"[0.347004, 0.0, 0.341003, 0.141668, 0.170326]",-1.05842,-1.05842,True,False,False,True,0,0,0,92.78998266641767
regression,ppo,7,regression_10,0,1,rsu_0,rsu_1,True,False,"{""flat"": 0}",unspecified,0,0,0,False,flat_action_0,"[0.269587, 0.182304, 0.25291, 0.138188, 0.157011]",-1.310865,-1.310865,True,False,True,True,0,0,0,0.0
regression,ppo,7,regression_10,1,2,rsu_0,rsu_1,True,False,"{""flat"": 0}",unspecified,0,0,0,False,flat_action_0,"[0.265027, 0.182729, 0.251912, 0.138823, 0.16151]",-1.327924,-1.327924,True,False,True,True,0,0,0,0.0
regression,ppo,7,regression_10,2,3,rsu_1,rsu_2,True,True,"{""flat"": 0}",unspecified,0,0,0,False,flat_action_0,"[0.3285, 0.0, 0.32246, 0.15512, 0.19392]",-1.113217,-1.113217,True,False,False,True,0,0,0,24.815925333208835
regression,ppo,7,regression_10,3,4,rsu_1,rsu_2,True,True,"{""flat"": 2}",unspecified,2,2,2,False,flat_action_2,"[0.301239, 0.0, 0.306623, 0.165062, 0.227076]",-1.182137,-1.182137,True,False,True,True,0,0,0,0.0
regression,ppo,7,regression_10,4,5,rsu_2,rsu_0,True,False,"{""flat"": 0}",unspecified,0,0,0,False,flat_action_0,"[0.266751, 0.178276, 0.259801, 0.134508, 0.160664]",-1.32144,-1.32144,True,False,False,True,0,0,0,58.26347649962651
regression,ppo,7,regression_11,0,3,rsu_0,rsu_1,True,False,"{""flat"": 0}",unspecified,0,0,0,False,flat_action_0,"[0.277344, 0.17874, 0.255758, 0.140938, 0.147219]",-1.282496,-1.282496,True,False,True,True,0,0,0,0.0
regression,ppo,7,regression_11,1,1,rsu_0,rsu_1,False,True,"{""flat"": 0}",unspecified,0,0,0,False,flat_action_0,"[0.372903, 0.0, 0.339758, 0.145663, 0.141676]",-0.986436,-0.986436,True,False,True,True,0,1169449264,0,0.0
regression,ppo,7,regression_11,2,4,rsu_1,rsu_2,True,True,"{""flat"": 0}",unspecified,0,0,0,False,flat_action_0,"[0.31626, 0.0, 0.313534, 0.164875, 0.20533]",-1.151189,-1.151189,True,False,False,True,0,0,0,10.789533
regression,ppo,7,regression_11,3,2,rsu_1,rsu_2,True,True,"{""flat"": 2}",unspecified,2,2,2,False,flat_action_2,"[0.313274, 0.0, 0.31444, 0.164411, 0.207875]",-1.156963,-1.156963,True,False,True,True,0,0,0,0.0
regression,ppo,7,regression_11,4,5,rsu_2,rsu_0,False,True,"{""flat"": 0}",unspecified,0,0,0,False,flat_action_0,"[0.357057, 0.0, 0.342635, 0.143022, 0.157285]",-1.02986,-1.02986,True,False,False,True,0,1024667776,0,43.158132
frozen_check,ppo,7,frozen_check_00,0,1,rsu_0,rsu_1,True,False,"{""flat"": 0}",unspecified,0,0,0,False,flat_action_0,"[0.26413, 0.184789, 0.252524, 0.132428, 0.166128]",-1.331314,-1.331314,True,False,True,True,0,0,0,0.0
frozen_check,ppo,7,frozen_check_00,1,2,rsu_0,rsu_1,True,False,"{""flat"": 0}",unspecified,0,0,0,False,flat_action_0,"[0.262325, 0.184549, 0.252856, 0.132311, 0.16796]",-1.338173,-1.338173,True,False,True,True,0,0,0,0.0
frozen_check,ppo,7,frozen_check_00,2,3,rsu_1,rsu_2,True,True,"{""flat"": 2}",unspecified,2,2,2,False,flat_action_2,"[0.311844, 0.0, 0.312389, 0.15511, 0.220657]",-1.163506,-1.163506,True,False,True,True,0,0,0,0.0
frozen_check,ppo,7,frozen_check_00,3,4,rsu_1,rsu_2,True,True,"{""flat"": 2}",unspecified,2,2,2,False,flat_action_2,"[0.299701, 0.0, 0.306701, 0.15829, 0.235308]",-1.181882,-1.181882,True,False,True,True,0,0,0,0.0
frozen_check,ppo,7,frozen_check_00,4,5,rsu_2,rsu_0,True,False,"{""flat"": 0}",unspecified,0,0,0,False,flat_action_0,"[0.276544, 0.176814, 0.265708, 0.125964, 0.15497]",-1.285385,-1.285385,True,False,False,True,0,0,0,39.561621
frozen_check,ppo,7,frozen_check_00,5,6,rsu_2,rsu_0,False,True,"{""flat"": 0}",unspecified,0,0,0,False,flat_action_0,"[0.358741, 0.0, 0.341837, 0.137462, 0.16196]",-1.025156,-1.025156,True,False,True,True,0,9641944,0,0.0
frozen_check,ppo,7,frozen_check_00,6,7,rsu_0,rsu_1,False,True,"{""flat"": 0}",unspecified,0,0,0,False,flat_action_0,"[0.359051, 0.0, 0.347865, 0.133773, 0.159311]",-1.02429,-1.02429,True,False,False,True,0,154423432,0,61.14068700000001
frozen_check,ppo,7,frozen_check_01,0,1,rsu_0,rsu_1,True,False,"{""flat"": 0}",unspecified,0,0,0,False,flat_action_0,"[0.27662, 0.178965, 0.258419, 0.134088, 0.151908]",-1.285111,-1.285111,True,False,True,True,0,0,0,0.0
frozen_check,ppo,7,frozen_check_01,1,3,rsu_0,rsu_1,True,False,"{""flat"": 0}",unspecified,0,0,0,False,flat_action_0,"[0.276256, 0.178171, 0.259822, 0.133264, 0.152487]",-1.286427,-1.286427,True,False,True,True,0,0,0,0.0
frozen_check,ppo,7,frozen_check_01,2,4,rsu_1,rsu_2,False,False,"{""flat"": 0}",unspecified,0,0,0,False,flat_action_0,"[0.32824, 0.158327, 0.288617, 0.116838, 0.107978]",-1.114009,-1.114009,True,False,False,True,0,9641944,0,5.476506288076857
frozen_check,ppo,7,frozen_check_01,3,2,rsu_1,rsu_2,True,True,"{""flat"": 0}",unspecified,0,0,0,False,flat_action_0,"[0.317291, 0.0, 0.316027, 0.157154, 0.209529]",-1.147937,-1.147937,True,False,True,True,0,0,0,0.0
frozen_check,ppo,7,frozen_check_01,4,5,rsu_2,rsu_0,True,False,"{""flat"": 0}",unspecified,0,0,0,False,flat_action_0,"[0.311571, 0.162636, 0.282973, 0.121304, 0.121515]",-1.166128,-1.166128,True,False,False,True,0,0,0,24.897667955241523
frozen_check,ppo,7,frozen_check_01,5,6,rsu_2,rsu_0,True,False,"{""flat"": 0}",unspecified,0,0,0,False,flat_action_0,"[0.301112, 0.165525, 0.281554, 0.121586, 0.130223]",-1.200273,-1.200273,True,False,True,True,0,0,0,0.0
frozen_check,ppo,7,frozen_check_01,6,7,rsu_0,rsu_1,False,True,"{""flat"": 0}",unspecified,0,0,0,False,flat_action_0,"[0.388399, 0.0, 0.360392, 0.126126, 0.125083]",-0.945722,-0.945722,True,False,False,True,0,154423432,0,73.61404319743941
frozen_check,ppo,7,frozen_check_02,0,1,rsu_0,rsu_1,True,False,"{""flat"": 0}",unspecified,0,0,0,False,flat_action_0,"[0.273186, 0.180997, 0.255452, 0.136763, 0.153602]",-1.297601,-1.297601,True,False,True,True,0,0,0,0.0
frozen_check,ppo,7,frozen_check_02,1,2,rsu_0,rsu_1,True,False,"{""flat"": 0}",unspecified,0,0,0,False,flat_action_0,"[0.258872, 0.184862, 0.247462, 0.141334, 0.167471]",-1.351422,-1.351422,True,False,True,True,0,0,0,0.0
frozen_check,ppo,7,frozen_check_02,2,3,rsu_1,rsu_2,True,True,"{""flat"": 2}",unspecified,2,2,2,False,flat_action_2,"[0.302086, 0.0, 0.304489, 0.166549, 0.226876]",-1.18912,-1.18912,True,False,True,True,0,0,0,0.0
frozen_check,ppo,7,frozen_check_02,3,4,rsu_1,rsu_2,False,False,"{""flat"": 0}",unspecified,0,0,0,False,flat_action_0,"[0.319284, 0.161178, 0.284908, 0.120965, 0.113665]",-1.141673,-1.141673,True,False,False,True,0,1024667776,0,9.710580833582332
frozen_check,ppo,7,frozen_check_02,4,5,rsu_2,rsu_0,True,False,"{""flat"": 0}",unspecified,0,0,0,False,flat_action_0,"[0.291092, 0.169506, 0.276178, 0.125973, 0.137251]",-1.234117,-1.234117,True,False,False,True,0,0,0,38.48266883358234
frozen_check,ppo,7,frozen_check_03,0,3,rsu_0,rsu_1,True,False,"{""flat"": 0}",unspecified,0,0,0,False,flat_action_0,"[0.279913, 0.177907, 0.255707, 0.141557, 0.144916]",-1.273276,-1.273276,True,False,True,True,0,0,0,0.0
frozen_check,ppo,7,frozen_check_03,1,1,rsu_0,rsu_1,False,True,"{""flat"": 0}",unspecified,0,0,0,False,flat_action_0,"[0.372868, 0.0, 0.339323, 0.145841, 0.141968]",-0.986532,-0.986532,True,False,True,True,0,1169449264,0,0.0
frozen_check,ppo,7,frozen_check_03,2,4,rsu_1,rsu_2,True,True,"{""flat"": 0}",unspecified,0,0,0,False,flat_action_0,"[0.316616, 0.0, 0.312942, 0.165098, 0.205344]",-1.150065,-1.150065,True,False,False,True,0,0,0,10.789533
frozen_check,ppo,7,frozen_check_03,3,2,rsu_1,rsu_2,True,True,"{""flat"": 0}",unspecified,0,0,0,False,flat_action_0,"[0.314032, 0.0, 0.313664, 0.164713, 0.207591]",-1.15826,-1.15826,True,False,True,True,0,0,0,0.0
frozen_check,ppo,7,frozen_check_03,4,5,rsu_2,rsu_0,True,True,"{""flat"": 2}",unspecified,2,2,2,False,flat_action_2,"[0.298012, 0.0, 0.307279, 0.165803, 0.228906]",-1.179999,-1.179999,True,False,True,True,0,0,0,0.0
frozen_check,ppo,7,frozen_check_03,5,6,rsu_2,rsu_0,True,True,"{""flat"": 2}",unspecified,2,2,2,False,flat_action_2,"[0.313667, 0.0, 0.321668, 0.157249, 0.207417]",-1.134236,-1.134236,True,False,True,True,0,0,0,0.0
frozen_check,ppo,7,frozen_check_04,0,1,rsu_0,rsu_1,True,False,"{""flat"": 0}",unspecified,0,0,0,False,flat_action_0,"[0.275955, 0.179526, 0.259168, 0.134801, 0.15055]",-1.287518,-1.287518,True,False,True,True,0,0,0,0.0
frozen_check,ppo,7,frozen_check_04,1,2,rsu_0,rsu_1,False,True,"{""flat"": 0}",unspecified,0,0,0,False,flat_action_0,"[0.355649, 0.0, 0.332403, 0.149709, 0.162239]",-1.03381,-1.03381,True,False,True,True,0,154423432,0,0.0
frozen_check,ppo,7,frozen_check_04,2,3,rsu_1,rsu_2,True,True,"{""flat"": 2}",unspecified,2,2,2,False,flat_action_2,"[0.295803, 0.0, 0.3001, 0.16937, 0.234727]",-1.20364,-1.20364,True,False,True,True,0,0,0,0.0
frozen_check,ppo,7,frozen_check_04,3,4,rsu_1,rsu_2,True,True,"{""flat"": 2}",unspecified,2,2,2,False,flat_action_2,"[0.293465, 0.0, 0.300537, 0.168944, 0.237054]",-1.202183,-1.202183,True,False,True,True,0,0,0,0.0
frozen_check,ppo,7,frozen_check_04,4,5,rsu_2,rsu_0,False,False,"{""flat"": 0}",unspecified,0,0,0,False,flat_action_0,"[0.32332, 0.158875, 0.289449, 0.118683, 0.109673]",-1.129113,-1.129113,True,False,False,True,0,9641944,0,39.921275500746994
frozen_check,ppo,7,frozen_check_04,5,6,rsu_2,rsu_0,False,True,"{""flat"": 0}",unspecified,0,0,0,False,flat_action_0,"[0.358755, 0.0, 0.342674, 0.142726, 0.155845]",-1.025117,-1.025117,True,False,True,True,0,154423432,0,0.0
frozen_check,ppo,7,frozen_check_04,6,7,rsu_0,rsu_1,True,True,"{""flat"": 2}",unspecified,2,2,2,False,flat_action_2,"[0.298774, 0.0, 0.311677, 0.161726, 0.227822]",-1.165787,-1.165787,True,False,True,True,0,0,0,0.0
frozen_check,ppo,7,frozen_check_05,0,1,rsu_0,rsu_1,False,False,"{""flat"": 0}",unspecified,0,0,0,False,flat_action_0,"[0.312969, 0.167916, 0.278634, 0.118884, 0.121597]",-1.16165,-1.16165,True,False,True,True,0,9641944,0,0.0
frozen_check,ppo,7,frozen_check_05,1,2,rsu_0,rsu_1,True,False,"{""flat"": 0}",unspecified,0,0,0,False,flat_action_0,"[0.260642, 0.18547, 0.251311, 0.13209, 0.170487]",-1.344606,-1.344606,True,False,True,True,0,0,0,0.0
frozen_check,ppo,7,frozen_check_05,2,3,rsu_1,rsu_2,False,False,"{""flat"": 0}",unspecified,0,0,0,False,flat_action_0,"[0.313408, 0.16574, 0.282109, 0.117453, 0.12129]",-1.160248,-1.160248,True,False,False,True,0,9641944,0,10.789533
frozen_check,ppo,7,frozen_check_05,3,4,rsu_1,rsu_2,True,True,"{""flat"": 2}",unspecified,2,2,2,False,flat_action_2,"[0.309404, 0.0, 0.312634, 0.154984, 0.222978]",-1.162723,-1.162723,True,False,True,True,0,0,0,0.0
frozen_check,ppo,7,frozen_check_05,4,5,rsu_2,rsu_0,True,True,"{""flat"": 2}",unspecified,2,2,2,False,flat_action_2,"[0.303532, 0.0, 0.31103, 0.156046, 0.229392]",-1.167867,-1.167867,True,False,True,True,0,0,0,0.0
frozen_check,ppo,7,frozen_check_05,5,6,rsu_2,rsu_0,True,True,"{""flat"": 2}",unspecified,2,2,2,False,flat_action_2,"[0.306927, 0.0, 0.314435, 0.154294, 0.224345]",-1.156978,-1.156978,True,False,True,True,0,0,0,0.0
frozen_check,ppo,7,frozen_check_05,6,7,rsu_0,rsu_1,True,True,"{""flat"": 2}",unspecified,2,2,2,False,flat_action_2,"[0.297709, 0.0, 0.311931, 0.155269, 0.235091]",-1.164972,-1.164972,True,False,True,True,0,0,0,0.0
frozen_check,ppo,7,frozen_check_06,0,1,rsu_0,rsu_1,True,False,"{""flat"": 0}",unspecified,0,0,0,False,flat_action_0,"[0.286807, 0.173229, 0.260139, 0.146806, 0.133019]",-1.248947,-1.248947,True,False,True,True,0,0,0,0.0
frozen_check,ppo,7,frozen_check_06,1,2,rsu_0,rsu_1,True,False,"{""flat"": 0}",unspecified,0,0,0,False,flat_action_0,"[0.274144, 0.176915, 0.253102, 0.151799, 0.144041]",-1.294102,-1.294102,True,False,True,True,0,0,0,0.0
frozen_check,ppo,7,frozen_check_06,2,3,rsu_1,rsu_2,True,True,"{""flat"": 0}",unspecified,0,0,0,False,flat_action_0,"[0.317566, 0.0, 0.308639, 0.178281, 0.195514]",-1.147068,-1.147068,True,False,False,True,0,0,0,4.315814333582334
frozen_check,ppo,7,frozen_check_06,3,4,rsu_1,rsu_2,False,False,"{""flat"": 0}",unspecified,0,0,0,False,flat_action_0,"[0.328974, 0.155083, 0.285728, 0.131358, 0.098857]",-1.111776,-1.111776,True,False,True,True,0,1024667776,0,0.0
frozen_check,ppo,7,frozen_check_06,4,5,rsu_2,rsu_0,True,False,"{""flat"": 0}",unspecified,0,0,0,False,flat_action_0,"[0.287884, 0.168799, 0.267368, 0.143313, 0.132637]",-1.245198,-1.245198,True,False,False,True,0,0,0,19.338798408804664
frozen_check,ppo,7,frozen_check_06,5,6,rsu_2,rsu_0,True,False,"{""flat"": 0}",unspecified,0,0,0,False,flat_action_0,"[0.292357, 0.166289, 0.27409, 0.139197, 0.128067]",-1.229779,-1.229779,True,False,True,True,0,0,0,0.0
frozen_check,ppo,7,frozen_check_07,0,3,rsu_0,rsu_1,True,False,"{""flat"": 0}",unspecified,0,0,0,False,flat_action_0,"[0.307742, 0.166617, 0.270971, 0.133357, 0.121314]",-1.178494,-1.178494,True,False,True,True,0,0,0,0.0
frozen_check,ppo,7,frozen_check_07,1,5,rsu_0,rsu_1,True,False,"{""flat"": 0}",unspecified,0,0,0,False,flat_action_0,"[0.310214, 0.165096, 0.273833, 0.131586, 0.119271]",-1.170494,-1.170494,True,False,True,True,0,0,0,0.0
frozen_check,ppo,7,frozen_check_07,2,6,rsu_1,rsu_2,False,False,"{""flat"": 0}",unspecified,0,0,0,False,flat_action_0,"[0.348065, 0.147262, 0.295235, 0.125207, 0.084231]",-1.055367,-1.055367,True,False,False,True,0,1024667776,0,10.481260952452097
frozen_check,ppo,7,frozen_check_07,3,9,rsu_1,rsu_2,True,False,"{""flat"": 0}",unspecified,0,0,0,False,flat_action_0,"[0.312572, 0.162683, 0.279885, 0.127731, 0.11713]",-1.16292,-1.16292,True,False,True,True,0,0,0,0.0
frozen_check,ppo,7,frozen_check_07,4,1,rsu_2,rsu_0,False,False,"{""flat"": 0}",unspecified,0,0,0,False,flat_action_0,"[0.344149, 0.147905, 0.300581, 0.117833, 0.089532]",-1.06668,-1.06668,True,False,False,True,0,1169449264,0,6.165446618869764
frozen_check,ppo,7,frozen_check_07,5,4,rsu_2,rsu_0,True,False,"{""flat"": 0}",unspecified,0,0,0,False,flat_action_0,"[0.289581, 0.171189, 0.271265, 0.126915, 0.14105]",-1.23932,-1.23932,True,False,True,True,0,0,0,0.0
frozen_check,ppo,7,frozen_check_07,6,7,rsu_0,rsu_1,False,False,"{""flat"": 0}",unspecified,0,0,0,False,flat_action_0,"[0.337643, 0.152321, 0.294831, 0.115221, 0.099984]",-1.085766,-1.085766,True,False,False,True,0,154423432,0,4.315814333582334
frozen_check,ppo,7,frozen_check_07,7,2,rsu_0,rsu_1,True,False,"{""flat"": 0}",unspecified,0,0,0,False,flat_action_0,"[0.302137, 0.16544, 0.280273, 0.122648, 0.129501]",-1.196873,-1.196873,True,False,True,True,0,0,0,0.0
frozen_check,ppo,7,frozen_check_07,8,8,rsu_1,rsu_2,False,True,"{""flat"": 0}",unspecified,0,0,0,False,flat_action_0,"[0.387746, 0.0, 0.355631, 0.129172, 0.127451]",-0.947404,-0.947404,True,False,False,True,0,154423432,0,34.52650616679117
frozen_check,ppo,7,frozen_check_07,9,10,rsu_1,rsu_2,True,True,"{""flat"": 0}",unspecified,0,0,0,False,flat_action_0,"[0.33762, 0.0, 0.33639, 0.144449, 0.181541]",-1.085835,-1.085835,True,False,True,True,0,0,0,0.0
regression,ppo,17,regression_00,0,1,rsu_0,rsu_1,True,False,"{""flat"": 0}",unspecified,0,0,0,False,flat_action_0,"[0.236181, 0.16574, 0.17556, 0.217903, 0.204615]",-1.443155,-1.443155,True,False,True,True,0,0,0,0.0
regression,ppo,17,regression_00,1,4,rsu_0,rsu_1,True,False,"{""flat"": 0}",unspecified,0,0,0,False,flat_action_0,"[0.236053, 0.164207, 0.178916, 0.214708, 0.206116]",-1.4437,-1.4437,True,False,True,True,0,0,0,0.0
regression,ppo,17,regression_00,2,2,rsu_0,rsu_1,False,True,"{""flat"": 0}",unspecified,0,0,0,False,flat_action_0,"[0.280895, 0.0, 0.222118, 0.252169, 0.244819]",-1.269776,-1.269776,True,False,True,True,0,154423432,0,0.0
regression,ppo,17,regression_00,3,3,rsu_1,rsu_2,False,False,"{""flat"": 0}",unspecified,0,0,0,False,flat_action_0,"[0.233993, 0.160587, 0.186906, 0.215311, 0.203203]",-1.452466,-1.452466,True,False,False,True,0,9641944,0,8.631628667164668
regression,ppo,17,regression_00,4,5,rsu_1,rsu_2,False,True,"{""flat"": 0}",unspecified,0,0,0,False,flat_action_0,"[0.281049, 0.0, 0.223582, 0.248912, 0.246457]",-1.269227,-1.269227,True,False,True,True,0,154423432,0,0.0
regression,ppo,17,regression_01,0,1,rsu_0,rsu_1,True,False,"{""flat"": 0}",unspecified,0,0,0,False,flat_action_0,"[0.236798, 0.163483, 0.176383, 0.215638, 0.207698]",-1.44055,-1.44055,True,False,True,True,0,0,0,0.0
regression,ppo,17,regression_01,1,2,rsu_0,rsu_1,True,False,"{""flat"": 0}",unspecified,0,0,0,False,flat_action_0,"[0.235449, 0.163538, 0.177893, 0.215296, 0.207824]",-1.44626,-1.44626,True,False,True,True,0,0,0,0.0
regression,ppo,17,regression_01,2,4,rsu_0,rsu_1,True,False,"{""flat"": 0}",unspecified,0,0,0,False,flat_action_0,"[0.234414, 0.163556, 0.179613, 0.214357, 0.208059]",-1.450665,-1.450665,True,False,True,True,0,0,0,0.0
regression,ppo,17,regression_01,3,5,rsu_0,rsu_1,True,False,"{""flat"": 0}",unspecified,0,0,0,False,flat_action_0,"[0.232987, 0.163652, 0.18131, 0.21378, 0.208271]",-1.456773,-1.456773,True,False,True,True,0,0,0,0.0
regression,ppo,17,regression_01,4,3,rsu_1,rsu_2,True,True,"{""flat"": 0}",unspecified,0,0,0,False,flat_action_0,"[0.286932, 0.0, 0.21175, 0.252051, 0.249267]",-1.248511,-1.248511,True,False,False,True,0,0,0,13.358471452825595
regression,ppo,17,regression_01,5,6,rsu_1,rsu_2,True,True,"{""flat"": 0}",unspecified,0,0,0,False,flat_action_0,"[0.285134, 0.0, 0.213296, 0.252265, 0.249305]",-1.254795,-1.254795,True,False,True,True,0,0,0,0.0
regression,ppo,17,regression_01,6,7,rsu_1,rsu_2,True,True,"{""flat"": 0}",unspecified,0,0,0,False,flat_action_0,"[0.284352, 0.0, 0.215741, 0.250322, 0.249584]",-1.257542,-1.257542,True,False,True,True,0,0,0,0.0
regression,ppo,17,regression_01,7,8,rsu_1,rsu_2,True,True,"{""flat"": 0}",unspecified,0,0,0,False,flat_action_0,"[0.28201, 0.0, 0.217812, 0.248802, 0.251376]",-1.265813,-1.265813,True,False,True,True,0,0,0,0.0
regression,ppo,17,regression_02,0,1,rsu_0,rsu_1,True,False,"{""flat"": 0}",unspecified,0,0,0,False,flat_action_0,"[0.234607, 0.167045, 0.173771, 0.21845, 0.206128]",-1.449846,-1.449846,True,False,True,True,0,0,0,0.0
regression,ppo,17,regression_02,1,2,rsu_0,rsu_1,False,True,"{""flat"": 0}",unspecified,0,0,0,False,flat_action_0,"[0.283765, 0.0, 0.218163, 0.250666, 0.247406]",-1.259608,-1.259608,True,False,True,True,0,1169449264,0,0.0
regression,ppo,17,regression_02,2,3,rsu_0,rsu_1,True,True,"{""flat"": 0}",unspecified,0,0,0,False,flat_action_0,"[0.284376, 0.0, 0.209776, 0.256362, 0.249487]",-1.257458,-1.257458,True,False,True,True,0,0,0,0.0
regression,ppo,17,regression_02,3,4,rsu_1,rsu_2,True,True,"{""flat"": 0}",unspecified,0,0,0,False,flat_action_0,"[0.28563, 0.0, 0.208615, 0.257049, 0.248706]",-1.253059,-1.253059,True,False,False,True,0,0,0,35.60546116716466
regression,ppo,17,regression_02,4,5,rsu_1,rsu_2,False,False,"{""flat"": 0}",unspecified,0,0,0,False,flat_action_0,"[0.233438, 0.16116, 0.186361, 0.213641, 0.2054]",-1.454841,-1.454841,True,False,True,True,0,1024667776,0,0.0
regression,ppo,17,regression_02,5,6,rsu_1,rsu_2,False,True,"{""flat"": 0}",unspecified,0,0,0,False,flat_action_0,"[0.279159, 0.0, 0.222623, 0.251045, 0.247174]",-1.275975,-1.275975,True,False,True,True,0,1169449264,0,0.0
regression,ppo,17,regression_02,6,7,rsu_2,rsu_0,True,True,"{""flat"": 0}",unspecified,0,0,0,False,flat_action_0,"[0.28363, 0.0, 0.211767, 0.254512, 0.250091]",-1.260083,-1.260083,True,False,False,True,0,0,0,77.684641000747
regression,ppo,17,regression_03,0,3,rsu_0,,True,False,"{""flat"": 0}",unspecified,0,0,0,False,flat_action_0,"[0.355088, 0.0, 0.29991, 0.345002, 0.0]",-1.035388,-1.035388,True,False,True,True,0,0,0,0.0
regression,ppo,17,regression_03,1,6,rsu_0,rsu_1,True,False,"{""flat"": 0}",unspecified,0,0,0,False,flat_action_0,"[0.233682, 0.163308, 0.181029, 0.214378, 0.207603]",-1.453792,-1.453792,True,False,True,True,0,0,0,0.0
regression,ppo,17,regression_03,2,7,rsu_0,rsu_1,True,False,"{""flat"": 0}",unspecified,0,0,0,False,flat_action_0,"[0.233322, 0.162607, 0.183331, 0.212241, 0.208499]",-1.455337,-1.455337,True,False,True,True,0,0,0,0.0
regression,ppo,17,regression_03,3,9,rsu_0,rsu_1,True,False,"{""flat"": 0}",unspecified,0,0,0,False,flat_action_0,"[0.232138, 0.162506, 0.185265, 0.21101, 0.209081]",-1.460422,-1.460422,True,False,True,True,0,0,0,0.0
regression,ppo,17,regression_03,4,1,rsu_0,rsu_1,False,True,"{""flat"": 0}",unspecified,0,0,0,False,flat_action_0,"[0.27593, 0.0, 0.229133, 0.246792, 0.248145]",-1.287607,-1.287607,True,False,True,True,0,1169449264,0,0.0
regression,ppo,17,regression_03,5,4,rsu_1,,True,False,"{""flat"": 0}",unspecified,0,0,0,False,flat_action_0,"[0.354628, 0.0, 0.302043, 0.343329, 0.0]",-1.036685,-1.036685,True,False,False,True,0,0,0,7.193022
regression,ppo,17,regression_03,6,8,rsu_1,rsu_2,True,True,"{""flat"": 0}",unspecified,0,0,0,False,flat_action_0,"[0.284071, 0.0, 0.216914, 0.249874, 0.249141]",-1.258531,-1.258531,True,False,True,True,0,0,0,0.0
regression,ppo,17,regression_03,7,2,rsu_1,rsu_2,True,True,"{""flat"": 0}",unspecified,0,0,0,False,flat_action_0,"[0.281663, 0.0, 0.219012, 0.249919, 0.249406]",-1.267044,-1.267044,True,False,True,True,0,0,0,0.0
regression,ppo,17,regression_03,8,5,rsu_1,rsu_2,True,True,"{""flat"": 0}",unspecified,0,0,0,False,flat_action_0,"[0.279846, 0.0, 0.220603, 0.250022, 0.249529]",-1.273516,-1.273516,True,False,True,True,0,0,0,0.0
regression,ppo,17,regression_03,9,10,rsu_1,rsu_2,True,True,"{""flat"": 0}",unspecified,0,0,0,False,flat_action_0,"[0.280812, 0.0, 0.221153, 0.247142, 0.250893]",-1.270071,-1.270071,True,False,True,True,0,0,0,0.0
regression,ppo,17,regression_04,0,1,rsu_0,rsu_1,True,False,"{""flat"": 0}",unspecified,0,0,0,False,flat_action_0,"[0.23054, 0.167123, 0.175094, 0.21856, 0.208684]",-1.467333,-1.467333,True,False,True,True,0,0,0,0.0
regression,ppo,17,regression_04,1,3,rsu_0,rsu_1,True,False,"{""flat"": 0}",unspecified,0,0,0,False,flat_action_0,"[0.229508, 0.166968, 0.177381, 0.217113, 0.20903]",-1.471816,-1.471816,True,False,True,True,0,0,0,0.0
regression,ppo,17,regression_04,2,2,rsu_1,rsu_2,True,True,"{""flat"": 0}",unspecified,0,0,0,False,flat_action_0,"[0.281914, 0.0, 0.20975, 0.257032, 0.251304]",-1.266153,-1.266153,True,False,False,True,0,0,0,4.315814333582334
regression,ppo,17,regression_04,3,4,rsu_1,rsu_2,True,True,"{""flat"": 0}",unspecified,0,0,0,False,flat_action_0,"[0.281071, 0.0, 0.21192, 0.255501, 0.251509]",-1.26915,-1.26915,True,False,True,True,0,0,0,0.0
regression,ppo,17,regression_04,4,5,rsu_2,rsu_0,True,False,"{""flat"": 0}",unspecified,0,0,0,False,flat_action_0,"[0.230264, 0.166022, 0.178639, 0.215703, 0.209372]",-1.468527,-1.468527,True,False,False,True,0,0,0,33.08790233358234
regression,ppo,17,regression_05,0,1,rsu_0,rsu_1,False,False,"{""flat"": 0}",unspecified,0,0,0,False,flat_action_0,"[0.234628, 0.160395, 0.185384, 0.215783, 0.20381]",-1.449753,-1.449753,True,False,True,True,0,9641944,0,0.0
regression,ppo,17,regression_05,1,2,rsu_0,rsu_1,True,False,"{""flat"": 0}",unspecified,0,0,0,False,flat_action_0,"[0.234677, 0.16536, 0.178536, 0.216081, 0.205346]",-1.449545,-1.449545,True,False,True,True,0,0,0,0.0
regression,ppo,17,regression_05,2,3,rsu_1,rsu_2,False,False,"{""flat"": 0}",unspecified,0,0,0,False,flat_action_0,"[0.232999, 0.160451, 0.187316, 0.215843, 0.203391]",-1.456722,-1.456722,True,False,False,True,0,9641944,0,10.628496293773907
regression,ppo,17,regression_05,3,4,rsu_1,rsu_2,True,True,"{""flat"": 0}",unspecified,0,0,0,False,flat_action_0,"[0.285501, 0.0, 0.213258, 0.254359, 0.246881]",-1.253508,-1.253508,True,False,True,True,0,0,0,0.0
regression,ppo,17,regression_05,4,5,rsu_2,rsu_0,True,True,"{""flat"": 0}",unspecified,0,0,0,False,flat_action_0,"[0.283868, 0.0, 0.214468, 0.253625, 0.248039]",-1.259247,-1.259247,True,False,False,True,0,0,0,39.26102047089068
regression,ppo,17,regression_06,0,1,rsu_0,rsu_1,True,False,"{""flat"": 0}",unspecified,0,0,0,False,flat_action_0,"[0.22802, 0.164371, 0.182046, 0.212537, 0.213027]",-1.478324,-1.478324,True,False,True,True,0,0,0,0.0
regression,ppo,17,regression_06,1,2,rsu_0,rsu_1,True,False,"{""flat"": 0}",unspecified,0,0,0,False,flat_action_0,"[0.225969, 0.164942, 0.183754, 0.212504, 0.212832]",-1.487358,-1.487358,True,False,True,True,0,0,0,0.0
regression,ppo,17,regression_06,2,3,rsu_1,rsu_2,True,True,"{""flat"": 0}",unspecified,0,0,0,False,flat_action_0,"[0.278243, 0.0, 0.216595, 0.25033, 0.254832]",-1.27926,-1.27926,True,False,False,True,0,0,0,4.315814333582334
regression,ppo,17,regression_06,3,4,rsu_1,rsu_2,True,True,"{""flat"": 0}",unspecified,0,0,0,False,flat_action_0,"[0.277536, 0.0, 0.218831, 0.248549, 0.255084]",-1.281806,-1.281806,True,False,True,True,0,0,0,0.0
regression,ppo,17,regression_06,4,5,rsu_2,rsu_0,True,False,"{""flat"": 0}",unspecified,0,0,0,False,flat_action_0,"[0.227461, 0.163825, 0.185153, 0.210165, 0.213396]",-1.480777,-1.480777,True,False,False,True,0,0,0,33.08790233358234
regression,ppo,17,regression_07,0,1,rsu_0,rsu_1,True,False,"{""flat"": 0}",unspecified,0,0,0,False,flat_action_0,"[0.234796, 0.160285, 0.182722, 0.211679, 0.210518]",-1.449039,-1.449039,True,False,True,True,0,0,0,0.0
regression,ppo,17,regression_07,1,4,rsu_0,rsu_1,True,False,"{""flat"": 0}",unspecified,0,0,0,False,flat_action_0,"[0.234055, 0.159849, 0.18484, 0.211154, 0.210103]",-1.452199,-1.452199,True,False,True,True,0,0,0,0.0
regression,ppo,17,regression_07,2,6,rsu_1,rsu_2,False,False,"{""flat"": 0}",unspecified,0,0,0,False,flat_action_0,"[0.226828, 0.154811, 0.1987, 0.207611, 0.21205]",-1.483565,-1.483565,True,False,False,True,0,1024667776,0,7.441058316328074
regression,ppo,17,regression_07,3,9,rsu_1,rsu_2,True,False,"{""flat"": 0}",unspecified,0,0,0,False,flat_action_0,"[0.234055, 0.159447, 0.185989, 0.210201, 0.210309]",-1.452201,-1.452201,True,False,True,True,0,0,0,0.0
regression,ppo,17,regression_07,4,7,rsu_2,rsu_0,False,False,"{""flat"": 0}",unspecified,0,0,0,False,flat_action_0,"[0.228511, 0.157554, 0.193871, 0.210813, 0.209252]",-1.476171,-1.476171,True,False,False,True,0,1169449264,0,4.315814333582334
regression,ppo,17,regression_07,5,8,rsu_2,rsu_0,True,False,"{""flat"": 0}",unspecified,0,0,0,False,flat_action_0,"[0.234658, 0.163821, 0.181347, 0.215733, 0.204441]",-1.449626,-1.449626,True,False,True,True,0,0,0,0.0
regression,ppo,17,regression_07,6,10,rsu_0,rsu_1,False,False,"{""flat"": 0}",unspecified,0,0,0,False,flat_action_0,"[0.233491, 0.158757, 0.189167, 0.211581, 0.207004]",-1.45461,-1.45461,True,False,False,True,0,154423432,0,28.12719867866751
regression,ppo,17,regression_07,7,2,rsu_0,rsu_1,True,False,"{""flat"": 0}",unspecified,0,0,0,False,flat_action_0,"[0.234018, 0.16404, 0.180999, 0.213074, 0.207869]",-1.452356,-1.452356,True,False,True,True,0,0,0,0.0
regression,ppo,17,regression_07,8,3,rsu_1,rsu_2,False,True,"{""flat"": 0}",unspecified,0,0,0,False,flat_action_0,"[0.280671, 0.0, 0.223931, 0.247948, 0.24745]",-1.270571,-1.270571,True,False,False,True,0,154423432,0,28.12719867866751
regression,ppo,17,regression_07,9,5,rsu_1,rsu_2,True,True,"{""flat"": 0}",unspecified,0,0,0,False,flat_action_0,"[0.282884, 0.0, 0.21614, 0.251234, 0.249742]",-1.262719,-1.262719,True,False,True,True,0,0,0,0.0
regression,ppo,17,regression_07,10,11,rsu_2,rsu_0,True,True,"{""flat"": 0}",unspecified,0,0,0,False,flat_action_0,"[0.284351, 0.0, 0.215024, 0.251612, 0.249012]",-1.257544,-1.257544,True,False,False,True,0,0,0,92.86439951262335
regression,ppo,17,regression_07,11,12,rsu_2,rsu_0,True,True,"{""flat"": 0}",unspecified,0,0,0,False,flat_action_0,"[0.281991, 0.0, 0.217161, 0.24993, 0.250917]",-1.265879,-1.265879,True,False,True,True,0,0,0,0.0
regression,ppo,17,regression_08,0,1,rsu_0,rsu_1,True,False,"{""flat"": 0}",unspecified,0,0,0,False,flat_action_0,"[0.235725, 0.165558, 0.176849, 0.216625, 0.205243]",-1.44509,-1.44509,True,False,True,True,0,0,0,0.0
regression,ppo,17,regression_08,1,3,rsu_0,rsu_1,True,False,"{""flat"": 0}",unspecified,0,0,0,False,flat_action_0,"[0.233807, 0.165692, 0.178598, 0.216567, 0.205337]",-1.453261,-1.453261,True,False,True,True,0,0,0,0.0
regression,ppo,17,regression_08,2,2,rsu_1,rsu_2,True,True,"{""flat"": 0}",unspecified,0,0,0,False,flat_action_0,"[0.286488, 0.0, 0.211218, 0.255373, 0.246921]",-1.250059,-1.250059,True,False,False,True,0,0,0,10.763701492586744
regression,ppo,17,regression_08,3,4,rsu_1,rsu_2,True,True,"{""flat"": 0}",unspecified,0,0,0,False,flat_action_0,"[0.28443, 0.0, 0.213177, 0.255456, 0.246936]",-1.257267,-1.257267,True,False,True,True,0,0,0,0.0
regression,ppo,17,regression_08,4,5,rsu_2,rsu_0,False,True,"{""flat"": 0}",unspecified,0,0,0,False,flat_action_0,"[0.281719, 0.0, 0.22257, 0.251289, 0.244422]",-1.266846,-1.266846,True,False,False,True,0,9641944,0,30.21069466716467
regression,ppo,17,regression_08,5,6,rsu_2,rsu_0,False,False,"{""flat"": 0}",unspecified,0,0,0,False,flat_action_0,"[0.230711, 0.160501, 0.190585, 0.212827, 0.205375]",-1.466589,-1.466589,True,False,True,True,0,154423432,0,0.0
regression,ppo,17,regression_09,0,1,rsu_0,rsu_1,True,False,"{""flat"": 0}",unspecified,0,0,0,False,flat_action_0,"[0.234848, 0.164011, 0.178042, 0.215007, 0.208092]",-1.448815,-1.448815,True,False,True,True,0,0,0,0.0
regression,ppo,17,regression_09,1,3,rsu_0,rsu_1,True,False,"{""flat"": 0}",unspecified,0,0,0,False,flat_action_0,"[0.23389, 0.163818, 0.179872, 0.213823, 0.208597]",-1.452904,-1.452904,True,False,True,True,0,0,0,0.0
regression,ppo,17,regression_09,2,5,rsu_1,rsu_2,False,False,"{""flat"": 0}",unspecified,0,0,0,False,flat_action_0,"[0.233524, 0.158684, 0.187754, 0.21354, 0.206498]",-1.454469,-1.454469,True,False,False,True,0,9641944,0,8.631625833208835
regression,ppo,17,regression_09,3,7,rsu_1,rsu_2,True,False,"{""flat"": 0}",unspecified,0,0,0,False,flat_action_0,"[0.233932, 0.163692, 0.180534, 0.213741, 0.208102]",-1.452725,-1.452725,True,False,True,True,0,0,0,0.0
regression,ppo,17,regression_09,4,2,rsu_2,rsu_0,True,False,"{""flat"": 0}",unspecified,0,0,0,False,flat_action_0,"[0.23489, 0.163583, 0.179653, 0.214233, 0.207641]",-1.448637,-1.448637,True,False,False,True,0,0,0,4.315814333582334
regression,ppo,17,regression_09,5,4,rsu_2,rsu_0,True,False,"{""flat"": 0}",unspecified,0,0,0,False,flat_action_0,"[0.234178, 0.163127, 0.181771, 0.212487, 0.208436]",-1.451674,-1.451674,True,False,True,True,0,0,0,0.0
regression,ppo,17,regression_09,6,6,rsu_0,rsu_1,False,True,"{""flat"": 0}",unspecified,0,0,0,False,flat_action_0,"[0.280078, 0.0, 0.224363, 0.248086, 0.247473]",-1.272687,-1.272687,True,False,False,True,0,154423432,0,8.631625833208835
regression,ppo,17,regression_09,7,8,rsu_0,rsu_1,True,True,"{""flat"": 0}",unspecified,0,0,0,False,flat_action_0,"[0.282537, 0.0, 0.217202, 0.250247, 0.250014]",-1.263947,-1.263947,True,False,True,True,0,0,0,0.0
regression,ppo,17,regression_09,8,9,rsu_1,rsu_2,True,True,"{""flat"": 0}",unspecified,0,0,0,False,flat_action_0,"[0.284066, 0.0, 0.215424, 0.249999, 0.250511]",-1.258548,-1.258548,True,False,False,True,0,0,0,92.78998266641767
regression,ppo,17,regression_10,0,1,rsu_0,rsu_1,True,False,"{""flat"": 0}",unspecified,0,0,0,False,flat_action_0,"[0.234455, 0.166673, 0.175137, 0.21683, 0.206906]",-1.450493,-1.450493,True,False,True,True,0,0,0,0.0
regression,ppo,17,regression_10,1,2,rsu_0,rsu_1,True,False,"{""flat"": 0}",unspecified,0,0,0,False,flat_action_0,"[0.232732, 0.166816, 0.177012, 0.21645, 0.20699]",-1.457868,-1.457868,True,False,True,True,0,0,0,0.0
regression,ppo,17,regression_10,2,3,rsu_1,rsu_2,True,True,"{""flat"": 0}",unspecified,0,0,0,False,flat_action_0,"[0.286754, 0.0, 0.209739, 0.253933, 0.249574]",-1.24913,-1.24913,True,False,False,True,0,0,0,24.815925333208835
regression,ppo,17,regression_10,3,4,rsu_1,rsu_2,True,True,"{""flat"": 0}",unspecified,0,0,0,False,flat_action_0,"[0.283222, 0.0, 0.211977, 0.255443, 0.249358]",-1.261523,-1.261523,True,False,True,True,0,0,0,0.0
regression,ppo,17,regression_10,4,5,rsu_2,rsu_0,True,False,"{""flat"": 0}",unspecified,0,0,0,False,flat_action_0,"[0.232234, 0.166372, 0.178012, 0.216259, 0.207123]",-1.460011,-1.460011,True,False,False,True,0,0,0,58.26347649962651
regression,ppo,17,regression_11,0,3,rsu_0,rsu_1,True,False,"{""flat"": 0}",unspecified,0,0,0,False,flat_action_0,"[0.232093, 0.163818, 0.183101, 0.213694, 0.207294]",-1.460617,-1.460617,True,False,True,True,0,0,0,0.0
regression,ppo,17,regression_11,1,1,rsu_0,rsu_1,False,True,"{""flat"": 0}",unspecified,0,0,0,False,flat_action_0,"[0.276934, 0.0, 0.228021, 0.246935, 0.24811]",-1.283977,-1.283977,True,False,True,True,0,1169449264,0,0.0
regression,ppo,17,regression_11,2,4,rsu_1,rsu_2,True,True,"{""flat"": 0}",unspecified,0,0,0,False,flat_action_0,"[0.282001, 0.0, 0.217916, 0.250372, 0.24971]",-1.265844,-1.265844,True,False,False,True,0,0,0,10.789533
regression,ppo,17,regression_11,3,2,rsu_1,rsu_2,True,True,"{""flat"": 0}",unspecified,0,0,0,False,flat_action_0,"[0.279975, 0.0, 0.220513, 0.2495, 0.250012]",-1.273056,-1.273056,True,False,True,True,0,0,0,0.0
regression,ppo,17,regression_11,4,5,rsu_2,rsu_0,False,True,"{""flat"": 0}",unspecified,0,0,0,False,flat_action_0,"[0.277177, 0.0, 0.227128, 0.248278, 0.247418]",-1.2831,-1.2831,True,False,False,True,0,1024667776,0,43.158132
frozen_check,ppo,17,frozen_check_00,0,1,rsu_0,rsu_1,True,False,"{""flat"": 0}",unspecified,0,0,0,False,flat_action_0,"[0.23573, 0.165364, 0.176955, 0.216556, 0.205395]",-1.445069,-1.445069,True,False,True,True,0,0,0,0.0
frozen_check,ppo,17,frozen_check_00,1,2,rsu_0,rsu_1,True,False,"{""flat"": 0}",unspecified,0,0,0,False,flat_action_0,"[0.234315, 0.165401, 0.178768, 0.215845, 0.20567]",-1.451087,-1.451087,True,False,True,True,0,0,0,0.0
frozen_check,ppo,17,frozen_check_00,2,3,rsu_1,rsu_2,True,True,"{""flat"": 0}",unspecified,0,0,0,False,flat_action_0,"[0.287166, 0.0, 0.210474, 0.255221, 0.247138]",-1.247694,-1.247694,True,False,False,True,0,0,0,21.579066
frozen_check,ppo,17,frozen_check_00,3,4,rsu_1,rsu_2,True,True,"{""flat"": 0}",unspecified,0,0,0,False,flat_action_0,"[0.284781, 0.0, 0.212938, 0.254936, 0.247345]",-1.256034,-1.256034,True,False,True,True,0,0,0,0.0
frozen_check,ppo,17,frozen_check_00,4,5,rsu_2,rsu_0,True,False,"{""flat"": 0}",unspecified,0,0,0,False,flat_action_0,"[0.235352, 0.164679, 0.179389, 0.215501, 0.205079]",-1.446673,-1.446673,True,False,False,True,0,0,0,39.561621
frozen_check,ppo,17,frozen_check_00,5,6,rsu_2,rsu_0,False,True,"{""flat"": 0}",unspecified,0,0,0,False,flat_action_0,"[0.279702, 0.0, 0.224522, 0.250939, 0.244838]",-1.274031,-1.274031,True,False,True,True,0,9641944,0,0.0
frozen_check,ppo,17,frozen_check_00,6,7,rsu_0,rsu_1,False,True,"{""flat"": 0}",unspecified,0,0,0,False,flat_action_0,"[0.279574, 0.0, 0.223882, 0.250481, 0.246062]",-1.274487,-1.274487,True,False,False,True,0,154423432,0,61.14068700000001
frozen_check,ppo,17,frozen_check_01,0,1,rsu_0,rsu_1,True,False,"{""flat"": 0}",unspecified,0,0,0,False,flat_action_0,"[0.234848, 0.164011, 0.178042, 0.215007, 0.208092]",-1.448815,-1.448815,True,False,True,True,0,0,0,0.0
frozen_check,ppo,17,frozen_check_01,1,3,rsu_0,rsu_1,True,False,"{""flat"": 0}",unspecified,0,0,0,False,flat_action_0,"[0.233599, 0.163414, 0.180194, 0.213975, 0.208818]",-1.45415,-1.45415,True,False,True,True,0,0,0,0.0
frozen_check,ppo,17,frozen_check_01,2,4,rsu_1,rsu_2,False,False,"{""flat"": 0}",unspecified,0,0,0,False,flat_action_0,"[0.233425, 0.158362, 0.1883, 0.213157, 0.206756]",-1.454893,-1.454893,True,False,False,True,0,9641944,0,5.476506288076857
frozen_check,ppo,17,frozen_check_01,3,2,rsu_1,rsu_2,True,True,"{""flat"": 0}",unspecified,0,0,0,False,flat_action_0,"[0.283862, 0.0, 0.213971, 0.252331, 0.249837]",-1.259269,-1.259269,True,False,True,True,0,0,0,0.0
frozen_check,ppo,17,frozen_check_01,4,5,rsu_2,rsu_0,True,False,"{""flat"": 0}",unspecified,0,0,0,False,flat_action_0,"[0.236097, 0.164203, 0.180239, 0.212935, 0.206527]",-1.443514,-1.443514,True,False,False,True,0,0,0,24.897667955241523
frozen_check,ppo,17,frozen_check_01,5,6,rsu_2,rsu_0,True,False,"{""flat"": 0}",unspecified,0,0,0,False,flat_action_0,"[0.233919, 0.162732, 0.183142, 0.211511, 0.208697]",-1.452782,-1.452782,True,False,True,True,0,0,0,0.0
frozen_check,ppo,17,frozen_check_01,6,7,rsu_0,rsu_1,False,True,"{""flat"": 0}",unspecified,0,0,0,False,flat_action_0,"[0.279697, 0.0, 0.225056, 0.246361, 0.248886]",-1.274049,-1.274049,True,False,False,True,0,154423432,0,73.61404319743941
frozen_check,ppo,17,frozen_check_02,0,1,rsu_0,rsu_1,True,False,"{""flat"": 0}",unspecified,0,0,0,False,flat_action_0,"[0.234768, 0.166457, 0.175324, 0.21636, 0.207091]",-1.449157,-1.449157,True,False,True,True,0,0,0,0.0
frozen_check,ppo,17,frozen_check_02,1,2,rsu_0,rsu_1,True,False,"{""flat"": 0}",unspecified,0,0,0,False,flat_action_0,"[0.232211, 0.16719, 0.176725, 0.217219, 0.206655]",-1.460111,-1.460111,True,False,True,True,0,0,0,0.0
frozen_check,ppo,17,frozen_check_02,2,3,rsu_1,rsu_2,True,True,"{""flat"": 0}",unspecified,0,0,0,False,flat_action_0,"[0.284988, 0.0, 0.209456, 0.25652, 0.249035]",-1.255308,-1.255308,True,False,False,True,0,0,0,4.315814333582334
frozen_check,ppo,17,frozen_check_02,3,4,rsu_1,rsu_2,False,False,"{""flat"": 0}",unspecified,0,0,0,False,flat_action_0,"[0.231227, 0.161941, 0.187069, 0.214768, 0.204996]",-1.464357,-1.464357,True,False,True,True,0,1024667776,0,0.0
frozen_check,ppo,17,frozen_check_02,4,5,rsu_2,rsu_0,True,False,"{""flat"": 0}",unspecified,0,0,0,False,flat_action_0,"[0.234098, 0.166014, 0.17826, 0.213809, 0.207819]",-1.452015,-1.452015,True,False,False,True,0,0,0,38.48266883358234
frozen_check,ppo,17,frozen_check_03,0,3,rsu_0,rsu_1,True,False,"{""flat"": 0}",unspecified,0,0,0,False,flat_action_0,"[0.232301, 0.163721, 0.183455, 0.214242, 0.206282]",-1.459723,-1.459723,True,False,True,True,0,0,0,0.0
frozen_check,ppo,17,frozen_check_03,1,1,rsu_0,rsu_1,False,True,"{""flat"": 0}",unspecified,0,0,0,False,flat_action_0,"[0.276896, 0.0, 0.227939, 0.246762, 0.248403]",-1.284115,-1.284115,True,False,True,True,0,1169449264,0,0.0
frozen_check,ppo,17,frozen_check_03,2,4,rsu_1,rsu_2,True,True,"{""flat"": 0}",unspecified,0,0,0,False,flat_action_0,"[0.282133, 0.0, 0.217606, 0.250241, 0.25002]",-1.265376,-1.265376,True,False,False,True,0,0,0,10.789533
frozen_check,ppo,17,frozen_check_03,3,2,rsu_1,rsu_2,True,True,"{""flat"": 0}",unspecified,0,0,0,False,flat_action_0,"[0.2803, 0.0, 0.219932, 0.24948, 0.250288]",-1.271894,-1.271894,True,False,True,True,0,0,0,0.0
frozen_check,ppo,17,frozen_check_03,4,5,rsu_2,rsu_0,True,True,"{""flat"": 0}",unspecified,0,0,0,False,flat_action_0,"[0.280989, 0.0, 0.218003, 0.251952, 0.249055]",-1.269439,-1.269439,True,False,False,True,0,0,0,21.579066
frozen_check,ppo,17,frozen_check_03,5,6,rsu_2,rsu_0,True,True,"{""flat"": 0}",unspecified,0,0,0,False,flat_action_0,"[0.280585, 0.0, 0.219297, 0.249564, 0.250554]",-1.270878,-1.270878,True,False,True,True,0,0,0,0.0
frozen_check,ppo,17,frozen_check_04,0,1,rsu_0,rsu_1,True,False,"{""flat"": 0}",unspecified,0,0,0,False,flat_action_0,"[0.232283, 0.166026, 0.176256, 0.215843, 0.209592]",-1.459797,-1.459797,True,False,True,True,0,0,0,0.0
frozen_check,ppo,17,frozen_check_04,1,2,rsu_0,rsu_1,False,True,"{""flat"": 0}",unspecified,0,0,0,False,flat_action_0,"[0.277631, 0.0, 0.2193, 0.253429, 0.24964]",-1.281464,-1.281464,True,False,True,True,0,154423432,0,0.0
frozen_check,ppo,17,frozen_check_04,2,3,rsu_1,rsu_2,True,True,"{""flat"": 0}",unspecified,0,0,0,False,flat_action_0,"[0.282093, 0.0, 0.209071, 0.257219, 0.251616]",-1.265518,-1.265518,True,False,False,True,0,0,0,31.289646833582335
frozen_check,ppo,17,frozen_check_04,3,4,rsu_1,rsu_2,True,True,"{""flat"": 0}",unspecified,0,0,0,False,flat_action_0,"[0.280456, 0.0, 0.211123, 0.256615, 0.251806]",-1.27134,-1.27134,True,False,True,True,0,0,0,0.0
frozen_check,ppo,17,frozen_check_04,4,5,rsu_2,rsu_0,False,False,"{""flat"": 0}",unspecified,0,0,0,False,flat_action_0,"[0.230517, 0.160738, 0.186787, 0.214575, 0.207384]",-1.467433,-1.467433,True,False,False,True,0,9641944,0,39.921275500746994
frozen_check,ppo,17,frozen_check_04,5,6,rsu_2,rsu_0,False,True,"{""flat"": 0}",unspecified,0,0,0,False,flat_action_0,"[0.276014, 0.0, 0.223126, 0.251479, 0.249381]",-1.287305,-1.287305,True,False,True,True,0,154423432,0,0.0
frozen_check,ppo,17,frozen_check_04,6,7,rsu_0,rsu_1,True,True,"{""flat"": 0}",unspecified,0,0,0,False,flat_action_0,"[0.279907, 0.0, 0.21318, 0.254273, 0.252641]",-1.273297,-1.273297,True,False,False,True,0,0,0,72.98597340397282
frozen_check,ppo,17,frozen_check_05,0,1,rsu_0,rsu_1,False,False,"{""flat"": 0}",unspecified,0,0,0,False,flat_action_0,"[0.234633, 0.160513, 0.185319, 0.215827, 0.203708]",-1.449734,-1.449734,True,False,True,True,0,9641944,0,0.0
frozen_check,ppo,17,frozen_check_05,1,2,rsu_0,rsu_1,True,False,"{""flat"": 0}",unspecified,0,0,0,False,flat_action_0,"[0.234841, 0.165541, 0.178155, 0.216172, 0.205291]",-1.448847,-1.448847,True,False,True,True,0,0,0,0.0
frozen_check,ppo,17,frozen_check_05,2,3,rsu_1,rsu_2,False,False,"{""flat"": 0}",unspecified,0,0,0,False,flat_action_0,"[0.233789, 0.16024, 0.186923, 0.215348, 0.2037]",-1.453335,-1.453335,True,False,False,True,0,9641944,0,10.789533
frozen_check,ppo,17,frozen_check_05,3,4,rsu_1,rsu_2,True,True,"{""flat"": 0}",unspecified,0,0,0,False,flat_action_0,"[0.285558, 0.0, 0.212588, 0.254465, 0.24739]",-1.25331,-1.25331,True,False,True,True,0,0,0,0.0
frozen_check,ppo,17,frozen_check_05,4,5,rsu_2,rsu_0,True,True,"{""flat"": 0}",unspecified,0,0,0,False,flat_action_0,"[0.285049, 0.0, 0.213124, 0.254788, 0.247039]",-1.255093,-1.255093,True,False,False,True,0,0,0,32.368599
frozen_check,ppo,17,frozen_check_05,5,6,rsu_2,rsu_0,True,True,"{""flat"": 0}",unspecified,0,0,0,False,flat_action_0,"[0.284019, 0.0, 0.214659, 0.2542, 0.247121]",-1.258713,-1.258713,True,False,True,True,0,0,0,0.0
frozen_check,ppo,17,frozen_check_05,6,7,rsu_0,rsu_1,True,True,"{""flat"": 0}",unspecified,0,0,0,False,flat_action_0,"[0.283264, 0.0, 0.214769, 0.253934, 0.248034]",-1.261377,-1.261377,True,False,False,True,0,0,0,64.737198
frozen_check,ppo,17,frozen_check_06,0,1,rsu_0,rsu_1,True,False,"{""flat"": 0}",unspecified,0,0,0,False,flat_action_0,"[0.228506, 0.163905, 0.182436, 0.211758, 0.213395]",-1.476192,-1.476192,True,False,True,True,0,0,0,0.0
frozen_check,ppo,17,frozen_check_06,1,2,rsu_0,rsu_1,True,False,"{""flat"": 0}",unspecified,0,0,0,False,flat_action_0,"[0.226021, 0.164795, 0.183682, 0.212495, 0.213007]",-1.487125,-1.487125,True,False,True,True,0,0,0,0.0
frozen_check,ppo,17,frozen_check_06,2,3,rsu_1,rsu_2,True,True,"{""flat"": 0}",unspecified,0,0,0,False,flat_action_0,"[0.278359, 0.0, 0.216274, 0.25028, 0.255088]",-1.278845,-1.278845,True,False,False,True,0,0,0,4.315814333582334
frozen_check,ppo,17,frozen_check_06,3,4,rsu_1,rsu_2,False,False,"{""flat"": 0}",unspecified,0,0,0,False,flat_action_0,"[0.224877, 0.15933, 0.194413, 0.209857, 0.211523]",-1.4922,-1.4922,True,False,True,True,0,1024667776,0,0.0
frozen_check,ppo,17,frozen_check_06,4,5,rsu_2,rsu_0,True,False,"{""flat"": 0}",unspecified,0,0,0,False,flat_action_0,"[0.227942, 0.163579, 0.184705, 0.211329, 0.212444]",-1.478663,-1.478663,True,False,False,True,0,0,0,19.338798408804664
frozen_check,ppo,17,frozen_check_06,5,6,rsu_2,rsu_0,True,False,"{""flat"": 0}",unspecified,0,0,0,False,flat_action_0,"[0.226699, 0.164345, 0.185875, 0.209304, 0.213777]",-1.484134,-1.484134,True,False,True,True,0,0,0,0.0
frozen_check,ppo,17,frozen_check_07,0,3,rsu_0,rsu_1,True,False,"{""flat"": 0}",unspecified,0,0,0,False,flat_action_0,"[0.235281, 0.159862, 0.183231, 0.211986, 0.20964]",-1.446976,-1.446976,True,False,True,True,0,0,0,0.0
frozen_check,ppo,17,frozen_check_07,1,5,rsu_0,rsu_1,True,False,"{""flat"": 0}",unspecified,0,0,0,False,flat_action_0,"[0.234203, 0.159719, 0.185031, 0.210825, 0.210222]",-1.451568,-1.451568,True,False,True,True,0,0,0,0.0
frozen_check,ppo,17,frozen_check_07,2,6,rsu_1,rsu_2,False,False,"{""flat"": 0}",unspecified,0,0,0,False,flat_action_0,"[0.226755, 0.154789, 0.19887, 0.207553, 0.212033]",-1.483885,-1.483885,True,False,False,True,0,1024667776,0,10.481260952452097
frozen_check,ppo,17,frozen_check_07,3,9,rsu_1,rsu_2,True,False,"{""flat"": 0}",unspecified,0,0,0,False,flat_action_0,"[0.23372, 0.159239, 0.186068, 0.209235, 0.211738]",-1.453631,-1.453631,True,False,True,True,0,0,0,0.0
frozen_check,ppo,17,frozen_check_07,4,1,rsu_2,rsu_0,False,False,"{""flat"": 0}",unspecified,0,0,0,False,flat_action_0,"[0.228721, 0.157102, 0.194522, 0.209953, 0.209702]",-1.475252,-1.475252,True,False,False,True,0,1169449264,0,6.165446618869764
frozen_check,ppo,17,frozen_check_07,5,4,rsu_2,rsu_0,True,False,"{""flat"": 0}",unspecified,0,0,0,False,flat_action_0,"[0.233935, 0.163429, 0.181122, 0.213353, 0.208161]",-1.45271,-1.45271,True,False,True,True,0,0,0,0.0
frozen_check,ppo,17,frozen_check_07,6,7,rsu_0,rsu_1,False,False,"{""flat"": 0}",unspecified,0,0,0,False,flat_action_0,"[0.232195, 0.158602, 0.190323, 0.213467, 0.205412]",-1.460177,-1.460177,True,False,False,True,0,154423432,0,4.315814333582334
frozen_check,ppo,17,frozen_check_07,7,2,rsu_0,rsu_1,True,False,"{""flat"": 0}",unspecified,0,0,0,False,flat_action_0,"[0.234009, 0.164816, 0.181155, 0.212533, 0.207487]",-1.452394,-1.452394,True,False,True,True,0,0,0,0.0
frozen_check,ppo,17,frozen_check_07,8,8,rsu_1,rsu_2,False,True,"{""flat"": 0}",unspecified,0,0,0,False,flat_action_0,"[0.28024, 0.0, 0.224141, 0.248587, 0.247032]",-1.27211,-1.27211,True,False,False,True,0,154423432,0,34.52650616679117
frozen_check,ppo,17,frozen_check_07,9,10,rsu_1,rsu_2,True,True,"{""flat"": 0}",unspecified,0,0,0,False,flat_action_0,"[0.282653, 0.0, 0.216792, 0.249515, 0.25104]",-1.263535,-1.263535,True,False,True,True,0,0,0,0.0
regression,ppo,29,regression_00,0,1,rsu_0,rsu_1,True,False,"{""flat"": 1}",unspecified,1,1,1,False,flat_action_1,"[0.186846, 0.222211, 0.201572, 0.188761, 0.20061]",-1.504128,-1.504128,True,False,True,True,0,9641944,0,0.0
regression,ppo,29,regression_00,1,4,rsu_0,rsu_1,True,True,"{""flat"": 2}",unspecified,2,2,2,False,flat_action_2,"[0.255383, 0.0, 0.258921, 0.238042, 0.247654]",-1.351232,-1.351232,True,False,True,True,0,0,0,0.0
regression,ppo,29,regression_00,2,2,rsu_0,rsu_1,False,False,"{""flat"": 2}",unspecified,2,2,2,False,flat_action_2,"[0.217597, 0.212107, 0.231592, 0.17212, 0.166583]",-1.462777,-1.462777,True,False,True,True,0,0,0,0.0
regression,ppo,29,regression_00,3,3,rsu_1,rsu_2,True,False,"{""flat"": 1}",unspecified,1,1,1,False,flat_action_1,"[0.196486, 0.216169, 0.211779, 0.182251, 0.193315]",-1.531695,-1.531695,True,False,False,True,0,9641944,0,8.631628667164668
regression,ppo,29,regression_00,4,5,rsu_1,rsu_2,False,False,"{""flat"": 2}",unspecified,2,2,2,False,flat_action_2,"[0.228715, 0.206462, 0.238423, 0.167714, 0.158686]",-1.43371,-1.43371,True,False,True,True,0,0,0,0.0
regression,ppo,29,regression_01,0,1,rsu_0,rsu_1,True,False,"{""flat"": 1}",unspecified,1,1,1,False,flat_action_1,"[0.186251, 0.223292, 0.204161, 0.188577, 0.197718]",-1.499274,-1.499274,True,False,True,True,0,9641944,0,0.0
regression,ppo,29,regression_01,1,2,rsu_0,rsu_1,True,True,"{""flat"": 2}",unspecified,2,2,2,False,flat_action_2,"[0.246801, 0.0, 0.257819, 0.239469, 0.255911]",-1.355497,-1.355497,True,False,True,True,0,0,0,0.0
regression,ppo,29,regression_01,2,4,rsu_0,rsu_1,True,True,"{""flat"": 2}",unspecified,2,2,2,False,flat_action_2,"[0.251044, 0.0, 0.260541, 0.237983, 0.250431]",-1.344993,-1.344993,True,False,True,True,0,0,0,0.0
regression,ppo,29,regression_01,3,5,rsu_0,rsu_1,True,True,"{""flat"": 2}",unspecified,2,2,2,False,flat_action_2,"[0.254495, 0.0, 0.26346, 0.236043, 0.246003]",-1.333855,-1.333855,True,False,True,True,0,0,0,0.0
regression,ppo,29,regression_01,4,3,rsu_1,rsu_2,True,True,"{""flat"": 2}",unspecified,2,2,2,False,flat_action_2,"[0.256116, 0.0, 0.264621, 0.233712, 0.24555]",-1.329457,-1.329457,True,False,True,True,0,0,0,0.0
regression,ppo,29,regression_01,5,6,rsu_1,rsu_2,True,True,"{""flat"": 2}",unspecified,2,2,2,False,flat_action_2,"[0.257559, 0.0, 0.267269, 0.231321, 0.243851]",-1.319501,-1.319501,True,False,True,True,0,0,0,0.0
regression,ppo,29,regression_01,6,7,rsu_1,rsu_2,True,True,"{""flat"": 2}",unspecified,2,2,2,False,flat_action_2,"[0.265069, 0.0, 0.270216, 0.230277, 0.234438]",-1.308534,-1.308534,True,False,True,True,0,0,0,0.0
regression,ppo,29,regression_01,7,8,rsu_1,rsu_2,True,True,"{""flat"": 2}",unspecified,2,2,2,False,flat_action_2,"[0.269125, 0.0, 0.273239, 0.228013, 0.229622]",-1.297407,-1.297407,True,False,True,True,0,0,0,0.0
regression,ppo,29,regression_02,0,1,rsu_0,rsu_1,True,False,"{""flat"": 1}",unspecified,1,1,1,False,flat_action_1,"[0.185542, 0.221855, 0.196755, 0.193549, 0.202299]",-1.50573,-1.50573,True,False,True,True,0,1024667776,0,0.0
regression,ppo,29,regression_02,1,2,rsu_0,rsu_1,False,False,"{""flat"": 2}",unspecified,2,2,2,False,flat_action_2,"[0.215439, 0.214225, 0.222352, 0.180162, 0.167823]",-1.503495,-1.503495,True,False,True,True,0,0,0,0.0
regression,ppo,29,regression_02,2,3,rsu_0,rsu_1,False,False,"{""flat"": 2}",unspecified,2,2,2,False,flat_action_2,"[0.214342, 0.213166, 0.224936, 0.178212, 0.169344]",-1.491938,-1.491938,True,False,True,True,0,0,0,0.0
regression,ppo,29,regression_02,3,4,rsu_1,rsu_2,False,True,"{""flat"": 2}",unspecified,2,2,2,False,flat_action_2,"[0.272752, 0.0, 0.275625, 0.224078, 0.227545]",-1.288716,-1.288716,True,False,True,True,0,0,0,0.0
regression,ppo,29,regression_02,4,5,rsu_1,rsu_2,True,False,"{""flat"": 1}",unspecified,1,1,1,False,flat_action_1,"[0.199519, 0.215636, 0.206867, 0.188819, 0.189159]",-1.534164,-1.534164,True,False,False,True,0,1024667776,0,39.92127550074701
regression,ppo,29,regression_02,5,6,rsu_1,rsu_2,False,False,"{""flat"": 2}",unspecified,2,2,2,False,flat_action_2,"[0.22233, 0.208256, 0.231875, 0.173518, 0.164021]",-1.461556,-1.461556,True,False,True,True,0,0,0,0.0
regression,ppo,29,regression_02,6,7,rsu_2,rsu_0,False,False,"{""flat"": 2}",unspecified,2,2,2,False,flat_action_2,"[0.222733, 0.206555, 0.232799, 0.171923, 0.165989]",-1.457578,-1.457578,True,False,True,True,0,0,0,0.0
regression,ppo,29,regression_03,0,3,rsu_0,,True,False,"{""flat"": 2}",unspecified,2,2,2,False,flat_action_2,"[0.326735, 0.0, 0.357494, 0.315771, 0.0]",-1.028637,-1.028637,True,False,True,True,0,0,0,0.0
regression,ppo,29,regression_03,1,6,rsu_0,rsu_1,True,False,"{""flat"": 1}",unspecified,1,1,1,False,flat_action_1,"[0.189148, 0.221817, 0.208814, 0.185671, 0.194551]",-1.505904,-1.505904,True,False,True,True,0,1024667776,0,0.0
regression,ppo,29,regression_03,2,7,rsu_0,rsu_1,True,True,"{""flat"": 2}",unspecified,2,2,2,False,flat_action_2,"[0.250508, 0.0, 0.258167, 0.237313, 0.254012]",-1.354148,-1.354148,True,False,True,True,0,0,0,0.0
regression,ppo,29,regression_03,3,9,rsu_0,rsu_1,True,True,"{""flat"": 2}",unspecified,2,2,2,False,flat_action_2,"[0.255477, 0.0, 0.260992, 0.235919, 0.247612]",-1.343266,-1.343266,True,False,True,True,0,0,0,0.0
regression,ppo,29,regression_03,4,1,rsu_0,rsu_1,False,True,"{""flat"": 2}",unspecified,2,2,2,False,flat_action_2,"[0.278815, 0.0, 0.286261, 0.216695, 0.218229]",-1.250851,-1.250851,True,False,True,True,0,0,0,0.0
regression,ppo,29,regression_03,5,4,rsu_1,,True,False,"{""flat"": 2}",unspecified,2,2,2,False,flat_action_2,"[0.336149, 0.0, 0.360543, 0.303308, 0.0]",-1.020144,-1.020144,True,False,True,True,0,0,0,0.0
regression,ppo,29,regression_03,6,8,rsu_1,rsu_2,True,True,"{""flat"": 2}",unspecified,2,2,2,False,flat_action_2,"[0.259309, 0.0, 0.264993, 0.230731, 0.244967]",-1.328051,-1.328051,True,False,True,True,0,0,0,0.0
regression,ppo,29,regression_03,7,2,rsu_1,rsu_2,True,True,"{""flat"": 2}",unspecified,2,2,2,False,flat_action_2,"[0.259912, 0.0, 0.266436, 0.229381, 0.244271]",-1.322622,-1.322622,True,False,True,True,0,0,0,0.0
regression,ppo,29,regression_03,8,5,rsu_1,rsu_2,True,True,"{""flat"": 2}",unspecified,2,2,2,False,flat_action_2,"[0.261711, 0.0, 0.2685, 0.227599, 0.242191]",-1.314906,-1.314906,True,False,True,True,0,0,0,0.0
regression,ppo,29,regression_03,9,10,rsu_1,rsu_2,True,True,"{""flat"": 0}",unspecified,0,0,0,False,flat_action_0,"[0.274911, 0.0, 0.27294, 0.225363, 0.226786]",-1.291307,-1.291307,True,False,False,True,0,0,0,120.48311850000002
regression,ppo,29,regression_04,0,1,rsu_0,rsu_1,True,False,"{""flat"": 1}",unspecified,1,1,1,False,flat_action_1,"[0.189134, 0.217977, 0.207904, 0.189145, 0.19584]",-1.523366,-1.523366,True,False,True,True,0,9641944,0,0.0
regression,ppo,29,regression_04,1,3,rsu_0,rsu_1,True,True,"{""flat"": 2}",unspecified,2,2,2,False,flat_action_2,"[0.253297, 0.0, 0.263359, 0.237816, 0.245528]",-1.334235,-1.334235,True,False,True,True,0,0,0,0.0
regression,ppo,29,regression_04,2,2,rsu_1,rsu_2,False,True,"{""flat"": 2}",unspecified,2,2,2,False,flat_action_2,"[0.27607, 0.0, 0.286962, 0.218414, 0.218553]",-1.248404,-1.248404,True,False,True,True,0,0,0,0.0
regression,ppo,29,regression_04,3,4,rsu_1,rsu_2,False,True,"{""flat"": 2}",unspecified,2,2,2,False,flat_action_2,"[0.283871, 0.0, 0.291437, 0.21477, 0.209922]",-1.23293,-1.23293,True,False,True,True,0,0,0,0.0
regression,ppo,29,regression_04,4,5,rsu_2,rsu_0,True,False,"{""flat"": 2}",unspecified,2,2,2,False,flat_action_2,"[0.204436, 0.208346, 0.222816, 0.18083, 0.183571]",-1.501409,-1.501409,True,False,True,True,0,0,0,0.0
regression,ppo,29,regression_05,0,1,rsu_0,rsu_1,False,False,"{""flat"": 2}",unspecified,2,2,2,False,flat_action_2,"[0.208681, 0.217535, 0.221065, 0.177388, 0.175331]",-1.509298,-1.509298,True,False,True,True,0,0,0,0.0
regression,ppo,29,regression_05,1,2,rsu_0,rsu_1,False,False,"{""flat"": 2}",unspecified,2,2,2,False,flat_action_2,"[0.213448, 0.214889, 0.225065, 0.17537, 0.171228]",-1.491366,-1.491366,True,False,True,True,0,0,0,0.0
regression,ppo,29,regression_05,2,3,rsu_1,rsu_2,False,False,"{""flat"": 2}",unspecified,2,2,2,False,flat_action_2,"[0.21315, 0.213386, 0.227217, 0.172994, 0.173253]",-1.481851,-1.481851,True,False,True,True,0,0,0,0.0
regression,ppo,29,regression_05,3,4,rsu_1,rsu_2,True,True,"{""flat"": 2}",unspecified,2,2,2,False,flat_action_2,"[0.262356, 0.0, 0.264801, 0.231136, 0.241707]",-1.328779,-1.328779,True,False,True,True,0,0,0,0.0
regression,ppo,29,regression_05,4,5,rsu_2,rsu_0,True,True,"{""flat"": 2}",unspecified,2,2,2,False,flat_action_2,"[0.262354, 0.0, 0.267044, 0.228054, 0.242548]",-1.320341,-1.320341,True,False,True,True,0,0,0,0.0
regression,ppo,29,regression_06,0,1,rsu_0,rsu_1,True,False,"{""flat"": 1}",unspecified,1,1,1,False,flat_action_1,"[0.191647, 0.219831, 0.21169, 0.189627, 0.187205]",-1.514895,-1.514895,True,False,True,True,0,1024667776,0,0.0
regression,ppo,29,regression_06,1,2,rsu_0,rsu_1,True,True,"{""flat"": 2}",unspecified,2,2,2,False,flat_action_2,"[0.249505, 0.0, 0.260901, 0.239717, 0.249877]",-1.343615,-1.343615,True,False,True,True,0,0,0,0.0
regression,ppo,29,regression_06,2,3,rsu_1,rsu_2,True,True,"{""flat"": 2}",unspecified,2,2,2,False,flat_action_2,"[0.253768, 0.0, 0.263436, 0.237001, 0.245795]",-1.333945,-1.333945,True,False,True,True,0,0,0,0.0
regression,ppo,29,regression_06,3,4,rsu_1,rsu_2,True,True,"{""flat"": 2}",unspecified,2,2,2,False,flat_action_2,"[0.261992, 0.0, 0.268125, 0.234081, 0.235802]",-1.316302,-1.316302,True,False,True,True,0,0,0,0.0
regression,ppo,29,regression_06,4,5,rsu_2,rsu_0,True,False,"{""flat"": 2}",unspecified,2,2,2,False,flat_action_2,"[0.206294, 0.210457, 0.225515, 0.181097, 0.176637]",-1.48937,-1.48937,True,False,True,True,0,0,0,0.0
regression,ppo,29,regression_07,0,1,rsu_0,rsu_1,True,False,"{""flat"": 1}",unspecified,1,1,1,False,flat_action_1,"[0.195933, 0.22183, 0.21477, 0.187401, 0.180066]",-1.505845,-1.505845,True,False,True,True,0,0,0,0.0
regression,ppo,29,regression_07,1,4,rsu_0,rsu_1,True,False,"{""flat"": 1}",unspecified,1,1,1,False,flat_action_1,"[0.198257, 0.221504, 0.216804, 0.186783, 0.176651]",-1.507313,-1.507313,True,False,True,True,0,0,0,0.0
regression,ppo,29,regression_07,2,6,rsu_1,rsu_2,False,False,"{""flat"": 2}",unspecified,2,2,2,False,flat_action_2,"[0.220179, 0.211857, 0.242388, 0.172246, 0.153328]",-1.417214,-1.417214,True,False,True,True,0,0,0,0.0
regression,ppo,29,regression_07,3,9,rsu_1,rsu_2,False,False,"{""flat"": 2}",unspecified,2,2,2,False,flat_action_2,"[0.224071, 0.211112, 0.244107, 0.171865, 0.148844]",-1.410147,-1.410147,True,False,True,True,0,0,0,0.0
regression,ppo,29,regression_07,4,7,rsu_2,rsu_0,False,False,"{""flat"": 2}",unspecified,2,2,2,False,flat_action_2,"[0.217303, 0.211247, 0.240028, 0.171278, 0.160145]",-1.427,-1.427,True,False,True,True,0,0,0,0.0
regression,ppo,29,regression_07,5,8,rsu_2,rsu_0,False,False,"{""flat"": 2}",unspecified,2,2,2,False,flat_action_2,"[0.216662, 0.21289, 0.241197, 0.170503, 0.158748]",-1.422141,-1.422141,True,False,True,True,0,0,0,0.0
regression,ppo,29,regression_07,6,10,rsu_0,rsu_1,False,False,"{""flat"": 2}",unspecified,2,2,2,False,flat_action_2,"[0.226944, 0.210884, 0.241907, 0.169941, 0.150325]",-1.419203,-1.419203,True,False,True,True,0,0,0,0.0
regression,ppo,29,regression_07,7,2,rsu_0,rsu_1,False,False,"{""flat"": 2}",unspecified,2,2,2,False,flat_action_2,"[0.228164, 0.209974, 0.243331, 0.169142, 0.149389]",-1.413333,-1.413333,True,False,True,True,0,0,0,0.0
regression,ppo,29,regression_07,8,3,rsu_1,rsu_2,False,False,"{""flat"": 2}",unspecified,2,2,2,False,flat_action_2,"[0.231274, 0.206413, 0.250206, 0.167034, 0.145073]",-1.38547,-1.38547,True,False,True,True,0,0,0,0.0
regression,ppo,29,regression_07,9,5,rsu_1,rsu_2,False,False,"{""flat"": 2}",unspecified,2,2,2,False,flat_action_2,"[0.23256, 0.205357, 0.251758, 0.166203, 0.144122]",-1.379289,-1.379289,True,False,True,True,0,0,0,0.0
regression,ppo,29,regression_07,10,11,rsu_2,rsu_0,False,False,"{""flat"": 2}",unspecified,2,2,2,False,flat_action_2,"[0.229498, 0.206597, 0.24666, 0.1659, 0.151345]",-1.399743,-1.399743,True,False,True,True,0,0,0,0.0
regression,ppo,29,regression_07,11,12,rsu_2,rsu_0,False,False,"{""flat"": 2}",unspecified,2,2,2,False,flat_action_2,"[0.232054, 0.203547, 0.248815, 0.165763, 0.149821]",-1.391046,-1.391046,True,False,True,True,0,0,0,0.0
regression,ppo,29,regression_08,0,1,rsu_0,rsu_1,True,False,"{""flat"": 1}",unspecified,1,1,1,False,flat_action_1,"[0.189672, 0.221769, 0.202705, 0.189181, 0.196673]",-1.50612,-1.50612,True,False,True,True,0,9641944,0,0.0
regression,ppo,29,regression_08,1,3,rsu_0,rsu_1,True,True,"{""flat"": 2}",unspecified,2,2,2,False,flat_action_2,"[0.252116, 0.0, 0.257885, 0.238308, 0.251691]",-1.35524,-1.35524,True,False,True,True,0,0,0,0.0
regression,ppo,29,regression_08,2,2,rsu_1,rsu_2,False,True,"{""flat"": 2}",unspecified,2,2,2,False,flat_action_2,"[0.277421, 0.0, 0.281736, 0.219551, 0.221292]",-1.266784,-1.266784,True,False,True,True,0,0,0,0.0
regression,ppo,29,regression_08,3,4,rsu_1,rsu_2,False,True,"{""flat"": 2}",unspecified,2,2,2,False,flat_action_2,"[0.280339, 0.0, 0.285221, 0.216539, 0.217901]",-1.254492,-1.254492,True,False,True,True,0,0,0,0.0
regression,ppo,29,regression_08,4,5,rsu_2,rsu_0,False,True,"{""flat"": 2}",unspecified,2,2,2,False,flat_action_2,"[0.283553, 0.0, 0.285657, 0.214311, 0.216478]",-1.252963,-1.252963,True,False,True,True,0,0,0,0.0
regression,ppo,29,regression_08,5,6,rsu_2,rsu_0,True,False,"{""flat"": 2}",unspecified,2,2,2,False,flat_action_2,"[0.206045, 0.211482, 0.219078, 0.179882, 0.183514]",-1.518328,-1.518328,True,False,True,True,0,0,0,0.0
regression,ppo,29,regression_09,0,1,rsu_0,rsu_1,True,False,"{""flat"": 1}",unspecified,1,1,1,False,flat_action_1,"[0.18872, 0.222673, 0.205563, 0.189063, 0.193981]",-1.502049,-1.502049,True,False,True,True,0,9641944,0,0.0
regression,ppo,29,regression_09,1,3,rsu_0,rsu_1,True,True,"{""flat"": 2}",unspecified,2,2,2,False,flat_action_2,"[0.251627, 0.0, 0.259592, 0.240234, 0.248547]",-1.348645,-1.348645,True,False,True,True,0,0,0,0.0
regression,ppo,29,regression_09,2,5,rsu_1,rsu_2,True,False,"{""flat"": 1}",unspecified,1,1,1,False,flat_action_1,"[0.192109, 0.220576, 0.208118, 0.187212, 0.191985]",-1.511512,-1.511512,True,False,False,True,0,9641944,0,8.631625833208835
regression,ppo,29,regression_09,3,7,rsu_1,rsu_2,True,True,"{""flat"": 2}",unspecified,2,2,2,False,flat_action_2,"[0.254722, 0.0, 0.261551, 0.23744, 0.246287]",-1.341127,-1.341127,True,False,True,True,0,0,0,0.0
regression,ppo,29,regression_09,4,2,rsu_2,rsu_0,True,False,"{""flat"": 1}",unspecified,1,1,1,False,flat_action_1,"[0.196916, 0.217902, 0.214255, 0.184221, 0.186706]",-1.523709,-1.523709,True,False,False,True,0,154423432,0,4.315814333582334
regression,ppo,29,regression_09,5,4,rsu_2,rsu_0,True,True,"{""flat"": 2}",unspecified,2,2,2,False,flat_action_2,"[0.260901, 0.0, 0.267702, 0.233106, 0.238291]",-1.31788,-1.31788,True,False,True,True,0,0,0,0.0
regression,ppo,29,regression_09,6,6,rsu_0,rsu_1,True,True,"{""flat"": 2}",unspecified,2,2,2,False,flat_action_2,"[0.259959, 0.0, 0.268433, 0.231214, 0.240394]",-1.315155,-1.315155,True,False,True,True,0,0,0,0.0
regression,ppo,29,regression_09,7,8,rsu_0,rsu_1,True,True,"{""flat"": 2}",unspecified,2,2,2,False,flat_action_2,"[0.264557, 0.0, 0.271308, 0.229578, 0.234556]",-1.3045,-1.3045,True,False,True,True,0,0,0,0.0
regression,ppo,29,regression_09,8,9,rsu_1,rsu_2,True,True,"{""flat"": 2}",unspecified,2,2,2,False,flat_action_2,"[0.27025, 0.0, 0.273735, 0.226832, 0.229183]",-1.295594,-1.295594,True,False,True,True,0,0,0,0.0
regression,ppo,29,regression_10,0,1,rsu_0,rsu_1,True,False,"{""flat"": 1}",unspecified,1,1,1,False,flat_action_1,"[0.188802, 0.221403, 0.19783, 0.194286, 0.19768]",-1.507772,-1.507772,True,False,True,True,0,1024667776,0,0.0
regression,ppo,29,regression_10,1,2,rsu_0,rsu_1,True,True,"{""flat"": 2}",unspecified,2,2,2,False,flat_action_2,"[0.251854, 0.0, 0.252198, 0.244425, 0.251523]",-1.37754,-1.37754,True,False,True,True,0,0,0,0.0
regression,ppo,29,regression_10,2,3,rsu_1,rsu_2,False,True,"{""flat"": 0}",unspecified,0,0,0,False,flat_action_0,"[0.281809, 0.0, 0.277197, 0.224605, 0.216389]",-1.266526,-1.266526,True,False,False,True,0,1169449264,0,24.815925333208835
regression,ppo,29,regression_10,3,4,rsu_1,rsu_2,True,True,"{""flat"": 2}",unspecified,2,2,2,False,flat_action_2,"[0.256397, 0.0, 0.258039, 0.237599, 0.247964]",-1.354643,-1.354643,True,False,True,True,0,0,0,0.0
regression,ppo,29,regression_10,4,5,rsu_2,rsu_0,True,False,"{""flat"": 2}",unspecified,2,2,2,False,flat_action_2,"[0.200634, 0.212283, 0.21236, 0.184871, 0.189852]",-1.549473,-1.549473,True,False,True,True,0,0,0,0.0
regression,ppo,29,regression_11,0,3,rsu_0,rsu_1,True,False,"{""flat"": 1}",unspecified,1,1,1,False,flat_action_1,"[0.190821, 0.223187, 0.208205, 0.187489, 0.190297]",-1.499744,-1.499744,True,False,True,True,0,1024667776,0,0.0
regression,ppo,29,regression_11,1,1,rsu_0,rsu_1,False,True,"{""flat"": 2}",unspecified,2,2,2,False,flat_action_2,"[0.276796, 0.0, 0.282202, 0.220766, 0.220236]",-1.26513,-1.26513,True,False,True,True,0,0,0,0.0
regression,ppo,29,regression_11,2,4,rsu_1,rsu_2,True,True,"{""flat"": 2}",unspecified,2,2,2,False,flat_action_2,"[0.256984, 0.0, 0.261742, 0.234564, 0.24671]",-1.340395,-1.340395,True,False,True,True,0,0,0,0.0
regression,ppo,29,regression_11,3,2,rsu_1,rsu_2,True,True,"{""flat"": 2}",unspecified,2,2,2,False,flat_action_2,"[0.262018, 0.0, 0.265734, 0.231418, 0.24083]",-1.325259,-1.325259,True,False,True,True,0,0,0,0.0
regression,ppo,29,regression_11,4,5,rsu_2,rsu_0,False,True,"{""flat"": 2}",unspecified,2,2,2,False,flat_action_2,"[0.289382, 0.0, 0.295238, 0.209151, 0.206229]",-1.219972,-1.219972,True,False,True,True,0,0,0,0.0
frozen_check,ppo,29,frozen_check_00,0,1,rsu_0,rsu_1,True,False,"{""flat"": 1}",unspecified,1,1,1,False,flat_action_1,"[0.189722, 0.221712, 0.202999, 0.18901, 0.196557]",-1.506378,-1.506378,True,False,True,True,0,9641944,0,0.0
frozen_check,ppo,29,frozen_check_00,1,2,rsu_0,rsu_1,True,True,"{""flat"": 2}",unspecified,2,2,2,False,flat_action_2,"[0.253323, 0.0, 0.257805, 0.238913, 0.249959]",-1.355551,-1.355551,True,False,True,True,0,0,0,0.0
frozen_check,ppo,29,frozen_check_00,2,3,rsu_1,rsu_2,False,True,"{""flat"": 2}",unspecified,2,2,2,False,flat_action_2,"[0.27775, 0.0, 0.282105, 0.21957, 0.220575]",-1.265476,-1.265476,True,False,True,True,0,0,0,0.0
frozen_check,ppo,29,frozen_check_00,3,4,rsu_1,rsu_2,False,True,"{""flat"": 2}",unspecified,2,2,2,False,flat_action_2,"[0.280132, 0.0, 0.28495, 0.217312, 0.217606]",-1.255442,-1.255442,True,False,True,True,0,0,0,0.0
frozen_check,ppo,29,frozen_check_00,4,5,rsu_2,rsu_0,True,False,"{""flat"": 1}",unspecified,1,1,1,False,flat_action_1,"[0.200044, 0.215452, 0.214035, 0.18257, 0.1879]",-1.535019,-1.535019,True,False,False,True,0,154423432,0,39.561621
frozen_check,ppo,29,frozen_check_00,5,6,rsu_2,rsu_0,False,False,"{""flat"": 2}",unspecified,2,2,2,False,flat_action_2,"[0.221143, 0.209693, 0.233245, 0.169371, 0.166548]",-1.455667,-1.455667,True,False,True,True,0,0,0,0.0
frozen_check,ppo,29,frozen_check_00,6,7,rsu_0,rsu_1,True,False,"{""flat"": 2}",unspecified,2,2,2,False,flat_action_2,"[0.204532, 0.211562, 0.219062, 0.179223, 0.18562]",-1.518399,-1.518399,True,False,True,True,0,0,0,0.0
frozen_check,ppo,29,frozen_check_01,0,1,rsu_0,rsu_1,True,False,"{""flat"": 1}",unspecified,1,1,1,False,flat_action_1,"[0.18872, 0.222673, 0.205563, 0.189063, 0.193981]",-1.502049,-1.502049,True,False,True,True,0,9641944,0,0.0
frozen_check,ppo,29,frozen_check_01,1,3,rsu_0,rsu_1,True,True,"{""flat"": 2}",unspecified,2,2,2,False,flat_action_2,"[0.251405, 0.0, 0.260863, 0.238995, 0.248737]",-1.343759,-1.343759,True,False,True,True,0,0,0,0.0
frozen_check,ppo,29,frozen_check_01,2,4,rsu_1,rsu_2,True,False,"{""flat"": 1}",unspecified,1,1,1,False,flat_action_1,"[0.193404, 0.21981, 0.209519, 0.186461, 0.190807]",-1.514994,-1.514994,True,False,False,True,0,9641944,0,5.476506288076857
frozen_check,ppo,29,frozen_check_01,3,2,rsu_1,rsu_2,True,True,"{""flat"": 2}",unspecified,2,2,2,False,flat_action_2,"[0.25585, 0.0, 0.264875, 0.234809, 0.244466]",-1.328497,-1.328497,True,False,True,True,0,0,0,0.0
frozen_check,ppo,29,frozen_check_01,4,5,rsu_2,rsu_0,True,False,"{""flat"": 1}",unspecified,1,1,1,False,flat_action_1,"[0.202551, 0.217814, 0.217208, 0.182462, 0.179965]",-1.524115,-1.524115,True,False,False,True,0,154423432,0,24.897667955241523
frozen_check,ppo,29,frozen_check_01,5,6,rsu_2,rsu_0,True,True,"{""flat"": 2}",unspecified,2,2,2,False,flat_action_2,"[0.26547, 0.0, 0.270699, 0.230765, 0.233066]",-1.306746,-1.306746,True,False,True,True,0,0,0,0.0
frozen_check,ppo,29,frozen_check_01,6,7,rsu_0,rsu_1,True,True,"{""flat"": 2}",unspecified,2,2,2,False,flat_action_2,"[0.267718, 0.0, 0.272881, 0.227695, 0.231706]",-1.298718,-1.298718,True,False,True,True,0,0,0,0.0
frozen_check,ppo,29,frozen_check_02,0,1,rsu_0,rsu_1,True,False,"{""flat"": 1}",unspecified,1,1,1,False,flat_action_1,"[0.189512, 0.221343, 0.197912, 0.194477, 0.196757]",-1.508043,-1.508043,True,False,True,True,0,1024667776,0,0.0
frozen_check,ppo,29,frozen_check_02,1,2,rsu_0,rsu_1,True,True,"{""flat"": 4}",unspecified,4,4,4,False,flat_action_4,"[0.250421, 0.0, 0.252065, 0.244048, 0.253466]",-1.372526,-1.372526,True,True,True,True,0,0,2195,0.0
frozen_check,ppo,29,frozen_check_02,2,3,rsu_1,rsu_2,False,True,"{""flat"": 2}",unspecified,2,2,2,False,flat_action_2,"[0.274888, 0.0, 0.276268, 0.224541, 0.224302]",-1.286383,-1.286383,True,False,True,True,0,0,0,0.0
frozen_check,ppo,29,frozen_check_02,3,4,rsu_1,rsu_2,True,False,"{""flat"": 1}",unspecified,1,1,1,False,flat_action_1,"[0.198383, 0.215294, 0.207867, 0.187967, 0.19049]",-1.535751,-1.535751,True,False,False,True,0,0,0,9.710580833582332
frozen_check,ppo,29,frozen_check_02,4,5,rsu_2,rsu_0,True,False,"{""flat"": 2}",unspecified,2,2,2,False,flat_action_2,"[0.20621, 0.212016, 0.213353, 0.185384, 0.183036]",-1.544805,-1.544805,True,False,True,True,0,0,0,0.0
frozen_check,ppo,29,frozen_check_03,0,3,rsu_0,rsu_1,True,False,"{""flat"": 1}",unspecified,1,1,1,False,flat_action_1,"[0.189783, 0.224131, 0.207899, 0.187388, 0.190798]",-1.495526,-1.495526,True,False,True,True,0,1024667776,0,0.0
frozen_check,ppo,29,frozen_check_03,1,1,rsu_0,rsu_1,False,True,"{""flat"": 2}",unspecified,2,2,2,False,flat_action_2,"[0.276344, 0.0, 0.282442, 0.220871, 0.220342]",-1.264281,-1.264281,True,False,True,True,0,0,0,0.0
frozen_check,ppo,29,frozen_check_03,2,4,rsu_1,rsu_2,True,True,"{""flat"": 2}",unspecified,2,2,2,False,flat_action_2,"[0.256195, 0.0, 0.261488, 0.235134, 0.247184]",-1.341368,-1.341368,True,False,True,True,0,0,0,0.0
frozen_check,ppo,29,frozen_check_03,3,2,rsu_1,rsu_2,True,True,"{""flat"": 2}",unspecified,2,2,2,False,flat_action_2,"[0.260704, 0.0, 0.264741, 0.232678, 0.241877]",-1.329002,-1.329002,True,False,True,True,0,0,0,0.0
frozen_check,ppo,29,frozen_check_03,4,5,rsu_2,rsu_0,True,False,"{""flat"": 2}",unspecified,2,2,2,False,flat_action_2,"[0.202582, 0.215097, 0.220962, 0.179588, 0.181771]",-1.509766,-1.509766,True,False,True,True,0,0,0,0.0
frozen_check,ppo,29,frozen_check_03,5,6,rsu_2,rsu_0,True,False,"{""flat"": 2}",unspecified,2,2,2,False,flat_action_2,"[0.212137, 0.212391, 0.225534, 0.177287, 0.17265]",-1.489283,-1.489283,True,False,True,True,0,0,0,0.0
frozen_check,ppo,29,frozen_check_04,0,1,rsu_0,rsu_1,True,False,"{""flat"": 1}",unspecified,1,1,1,False,flat_action_1,"[0.19326, 0.217429, 0.208699, 0.189848, 0.190764]",-1.525883,-1.525883,True,False,True,True,0,9641944,0,0.0
frozen_check,ppo,29,frozen_check_04,1,2,rsu_0,rsu_1,False,False,"{""flat"": 2}",unspecified,2,2,2,False,flat_action_2,"[0.214295, 0.210556, 0.232914, 0.175324, 0.166912]",-1.457088,-1.457088,True,False,True,True,0,0,0,0.0
frozen_check,ppo,29,frozen_check_04,2,3,rsu_1,rsu_2,False,True,"{""flat"": 2}",unspecified,2,2,2,False,flat_action_2,"[0.274091, 0.0, 0.285821, 0.219876, 0.220212]",-1.252389,-1.252389,True,False,True,True,0,0,0,0.0
frozen_check,ppo,29,frozen_check_04,3,4,rsu_1,rsu_2,False,True,"{""flat"": 2}",unspecified,2,2,2,False,flat_action_2,"[0.278391, 0.0, 0.288926, 0.217497, 0.215186]",-1.241584,-1.241584,True,False,True,True,0,0,0,0.0
frozen_check,ppo,29,frozen_check_04,4,5,rsu_2,rsu_0,False,True,"{""flat"": 2}",unspecified,2,2,2,False,flat_action_2,"[0.28321, 0.0, 0.288813, 0.216083, 0.211894]",-1.241974,-1.241974,True,False,True,True,0,0,0,0.0
frozen_check,ppo,29,frozen_check_04,5,6,rsu_2,rsu_0,True,False,"{""flat"": 2}",unspecified,2,2,2,False,flat_action_2,"[0.203508, 0.209701, 0.222389, 0.181509, 0.182893]",-1.503327,-1.503327,True,False,True,True,0,0,0,0.0
frozen_check,ppo,29,frozen_check_04,6,7,rsu_0,rsu_1,False,False,"{""flat"": 2}",unspecified,2,2,2,False,flat_action_2,"[0.226148, 0.202122, 0.243701, 0.167797, 0.160233]",-1.411814,-1.411814,True,False,True,True,0,0,0,0.0
frozen_check,ppo,29,frozen_check_05,0,1,rsu_0,rsu_1,False,False,"{""flat"": 2}",unspecified,2,2,2,False,flat_action_2,"[0.208659, 0.217577, 0.220865, 0.177501, 0.1754]",-1.510205,-1.510205,True,False,True,True,0,0,0,0.0
frozen_check,ppo,29,frozen_check_05,1,2,rsu_0,rsu_1,False,False,"{""flat"": 2}",unspecified,2,2,2,False,flat_action_2,"[0.212605, 0.215556, 0.22393, 0.176121, 0.171788]",-1.496423,-1.496423,True,False,True,True,0,0,0,0.0
frozen_check,ppo,29,frozen_check_05,2,3,rsu_1,rsu_2,False,False,"{""flat"": 2}",unspecified,2,2,2,False,flat_action_2,"[0.212902, 0.214402, 0.225591, 0.174336, 0.172769]",-1.489032,-1.489032,True,False,True,True,0,0,0,0.0
frozen_check,ppo,29,frozen_check_05,3,4,rsu_1,rsu_2,True,True,"{""flat"": 2}",unspecified,2,2,2,False,flat_action_2,"[0.258393, 0.0, 0.262535, 0.23359, 0.245482]",-1.337369,-1.337369,True,False,True,True,0,0,0,0.0
frozen_check,ppo,29,frozen_check_05,4,5,rsu_2,rsu_0,True,True,"{""flat"": 2}",unspecified,2,2,2,False,flat_action_2,"[0.2571, 0.0, 0.263345, 0.231681, 0.247874]",-1.334291,-1.334291,True,False,True,True,0,0,0,0.0
frozen_check,ppo,29,frozen_check_05,5,6,rsu_2,rsu_0,True,True,"{""flat"": 2}",unspecified,2,2,2,False,flat_action_2,"[0.262297, 0.0, 0.266924, 0.229013, 0.241766]",-1.320791,-1.320791,True,False,True,True,0,0,0,0.0
frozen_check,ppo,29,frozen_check_05,6,7,rsu_0,rsu_1,True,True,"{""flat"": 2}",unspecified,2,2,2,False,flat_action_2,"[0.262159, 0.0, 0.268286, 0.226668, 0.242886]",-1.315701,-1.315701,True,False,True,True,0,0,0,0.0
frozen_check,ppo,29,frozen_check_06,0,1,rsu_0,rsu_1,True,False,"{""flat"": 1}",unspecified,1,1,1,False,flat_action_1,"[0.193048, 0.219666, 0.21211, 0.189781, 0.185395]",-1.515647,-1.515647,True,False,True,True,0,1024667776,0,0.0
frozen_check,ppo,29,frozen_check_06,1,2,rsu_0,rsu_1,True,True,"{""flat"": 2}",unspecified,2,2,2,False,flat_action_2,"[0.249121, 0.0, 0.260756, 0.24, 0.250122]",-1.34417,-1.34417,True,False,True,True,0,0,0,0.0
frozen_check,ppo,29,frozen_check_06,2,3,rsu_1,rsu_2,True,True,"{""flat"": 2}",unspecified,2,2,2,False,flat_action_2,"[0.252961, 0.0, 0.263001, 0.237671, 0.246367]",-1.335598,-1.335598,True,False,True,True,0,0,0,0.0
frozen_check,ppo,29,frozen_check_06,3,4,rsu_1,rsu_2,True,False,"{""flat"": 1}",unspecified,1,1,1,False,flat_action_1,"[0.199612, 0.216043, 0.215457, 0.185506, 0.183382]",-1.532278,-1.532278,True,False,False,True,0,0,0,8.631628667164668
frozen_check,ppo,29,frozen_check_06,4,5,rsu_2,rsu_0,True,False,"{""flat"": 2}",unspecified,2,2,2,False,flat_action_2,"[0.202172, 0.212836, 0.223514, 0.182056, 0.179422]",-1.498279,-1.498279,True,False,True,True,0,0,0,0.0
frozen_check,ppo,29,frozen_check_06,5,6,rsu_2,rsu_0,True,False,"{""flat"": 2}",unspecified,2,2,2,False,flat_action_2,"[0.209931, 0.209879, 0.227724, 0.180207, 0.172259]",-1.479621,-1.479621,True,False,True,True,0,0,0,0.0
frozen_check,ppo,29,frozen_check_07,0,3,rsu_0,rsu_1,True,False,"{""flat"": 1}",unspecified,1,1,1,False,flat_action_1,"[0.195217, 0.222693, 0.214802, 0.187271, 0.180017]",-1.50196,-1.50196,True,False,True,True,0,0,0,0.0
frozen_check,ppo,29,frozen_check_07,1,5,rsu_0,rsu_1,True,False,"{""flat"": 1}",unspecified,1,1,1,False,flat_action_1,"[0.199135, 0.221252, 0.21718, 0.186723, 0.17571]",-1.508453,-1.508453,True,False,True,True,0,0,0,0.0
frozen_check,ppo,29,frozen_check_07,2,6,rsu_1,rsu_2,False,False,"{""flat"": 2}",unspecified,2,2,2,False,flat_action_2,"[0.220604, 0.211523, 0.242888, 0.171912, 0.153073]",-1.415155,-1.415155,True,False,True,True,0,0,0,0.0
frozen_check,ppo,29,frozen_check_07,3,9,rsu_1,rsu_2,False,False,"{""flat"": 2}",unspecified,2,2,2,False,flat_action_2,"[0.226385, 0.209521, 0.245197, 0.171308, 0.14759]",-1.405694,-1.405694,True,False,True,True,0,0,0,0.0
frozen_check,ppo,29,frozen_check_07,4,1,rsu_2,rsu_0,False,False,"{""flat"": 2}",unspecified,2,2,2,False,flat_action_2,"[0.219873, 0.210216, 0.241411, 0.170589, 0.157911]",-1.421255,-1.421255,True,False,True,True,0,0,0,0.0
frozen_check,ppo,29,frozen_check_07,5,4,rsu_2,rsu_0,False,False,"{""flat"": 2}",unspecified,2,2,2,False,flat_action_2,"[0.222596, 0.208706, 0.243566, 0.169662, 0.15547]",-1.412366,-1.412366,True,False,True,True,0,0,0,0.0
frozen_check,ppo,29,frozen_check_07,6,7,rsu_0,rsu_1,False,False,"{""flat"": 2}",unspecified,2,2,2,False,flat_action_2,"[0.223501, 0.211163, 0.242788, 0.168886, 0.153662]",-1.415567,-1.415567,True,False,True,True,0,0,0,0.0
frozen_check,ppo,29,frozen_check_07,7,2,rsu_0,rsu_1,False,False,"{""flat"": 2}",unspecified,2,2,2,False,flat_action_2,"[0.231237, 0.20893, 0.244476, 0.168113, 0.147244]",-1.40864,-1.40864,True,False,True,True,0,0,0,0.0
frozen_check,ppo,29,frozen_check_07,8,8,rsu_1,rsu_2,False,False,"{""flat"": 2}",unspecified,2,2,2,False,flat_action_2,"[0.232511, 0.205621, 0.251619, 0.165465, 0.144784]",-1.379841,-1.379841,True,False,True,True,0,0,0,0.0
frozen_check,ppo,29,frozen_check_07,9,10,rsu_1,rsu_2,False,False,"{""flat"": 2}",unspecified,2,2,2,False,flat_action_2,"[0.238017, 0.203197, 0.25245, 0.165397, 0.140939]",-1.376541,-1.376541,True,False,True,True,0,0,0,0.0
regression,mappo,7,regression_00,0,1,rsu_0,rsu_1,True,False,"{""event"": 1, ""fast"": 0, ""slow"": 1}",independent_head_argmax,4,4,4,False,event_head_prepare,"[0.184935, 0.135938, 0.043309, 0.084567, 0.551251]",-0.595565,-0.595565,True,True,True,True,0,9641944,2195,0.0
regression,mappo,7,regression_00,1,4,rsu_0,rsu_1,True,True,"{""event"": 1, ""fast"": 0, ""slow"": 1}",independent_head_argmax,4,4,4,False,event_head_prepare,"[0.212845, 0.0, 0.052794, 0.09031, 0.64405]",-0.439978,-0.439978,True,True,True,True,0,0,2195,0.0
regression,mappo,7,regression_00,2,2,rsu_0,rsu_1,False,False,"{""event"": 0, ""fast"": 1, ""slow"": 1}",independent_head_argmax,0,0,0,False,slow_head_cache_fill,"[0.188182, 0.156082, 0.100131, 0.063291, 0.492314]",-1.670346,-1.670346,True,False,True,True,0,154423432,0,0.0
regression,mappo,7,regression_00,3,3,rsu_1,rsu_2,True,False,"{""event"": 1, ""fast"": 0, ""slow"": 1}",independent_head_argmax,4,4,4,False,event_head_prepare,"[0.173053, 0.13887, 0.047939, 0.079201, 0.560936]",-0.578148,-0.578148,True,True,False,True,0,9641944,2744,8.631628667164668
regression,mappo,7,regression_00,4,5,rsu_1,rsu_2,False,False,"{""event"": 0, ""fast"": 1, ""slow"": 1}",independent_head_argmax,0,0,0,False,slow_head_cache_fill,"[0.179333, 0.165582, 0.11493, 0.053586, 0.486569]",-1.718513,-1.718513,True,False,True,True,0,154423432,0,0.0
regression,mappo,7,regression_01,0,1,rsu_0,rsu_1,True,False,"{""event"": 1, ""fast"": 0, ""slow"": 1}",independent_head_argmax,4,4,4,False,event_head_prepare,"[0.182199, 0.148894, 0.060784, 0.081691, 0.526431]",-0.641635,-0.641635,True,True,True,True,0,9641944,140480,0.0
regression,mappo,7,regression_01,1,2,rsu_0,rsu_1,True,True,"{""event"": 1, ""fast"": 0, ""slow"": 1}",independent_head_argmax,4,4,4,False,event_head_prepare,"[0.212626, 0.0, 0.058356, 0.092364, 0.636654]",-0.451528,-0.451528,True,True,True,True,0,0,140480,0.0
regression,mappo,7,regression_01,2,4,rsu_0,rsu_1,True,True,"{""event"": 1, ""fast"": 0, ""slow"": 1}",independent_head_argmax,4,4,4,False,event_head_prepare,"[0.209981, 0.0, 0.058654, 0.090044, 0.64132]",-0.444227,-0.444227,True,True,True,True,0,0,140480,0.0
regression,mappo,7,regression_01,3,5,rsu_0,rsu_1,True,True,"{""event"": 1, ""fast"": 0, ""slow"": 1}",independent_head_argmax,4,4,4,False,event_head_prepare,"[0.206792, 0.0, 0.057173, 0.088281, 0.647755]",-0.434243,-0.434243,True,True,True,True,0,0,140480,0.0
regression,mappo,7,regression_01,4,3,rsu_1,rsu_2,True,True,"{""event"": 1, ""fast"": 0, ""slow"": 1}",independent_head_argmax,4,4,4,False,event_head_prepare,"[0.204469, 0.0, 0.074288, 0.084279, 0.636963]",-0.451043,-0.451043,True,True,True,True,0,0,210720,0.0
regression,mappo,7,regression_01,5,6,rsu_1,rsu_2,True,True,"{""event"": 1, ""fast"": 0, ""slow"": 1}",independent_head_argmax,4,4,4,False,event_head_prepare,"[0.200617, 0.0, 0.068151, 0.084042, 0.647189]",-0.435116,-0.435116,True,True,True,True,0,0,210720,0.0
regression,mappo,7,regression_01,6,7,rsu_1,rsu_2,True,True,"{""event"": 1, ""fast"": 0, ""slow"": 1}",independent_head_argmax,4,4,4,False,event_head_prepare,"[0.199145, 0.0, 0.075258, 0.079294, 0.646302]",-0.436489,-0.436489,True,True,True,True,0,0,210720,0.0
regression,mappo,7,regression_01,7,8,rsu_1,rsu_2,True,True,"{""event"": 1, ""fast"": 0, ""slow"": 1}",independent_head_argmax,4,4,4,False,event_head_prepare,"[0.199568, 0.0, 0.069598, 0.079459, 0.651374]",-0.428671,-0.428671,True,True,True,True,0,0,175600,0.0
regression,mappo,7,regression_02,0,1,rsu_0,rsu_1,True,False,"{""event"": 1, ""fast"": 0, ""slow"": 1}",independent_head_argmax,4,4,4,False,event_head_prepare,"[0.18882, 0.144976, 0.065796, 0.078495, 0.521913]",-0.650255,-0.650255,True,True,True,True,0,1024667776,2195,0.0
regression,mappo,7,regression_02,1,2,rsu_0,rsu_1,False,False,"{""event"": 0, ""fast"": 1, ""slow"": 0}",independent_head_argmax,2,2,2,False,fast_head_vehicle_fallback,"[0.191746, 0.174496, 0.146921, 0.045971, 0.440866]",-1.917859,-1.917859,True,False,True,True,0,0,0,0.0
regression,mappo,7,regression_02,2,3,rsu_0,rsu_1,False,False,"{""event"": 0, ""fast"": 1, ""slow"": 1}",independent_head_argmax,0,0,0,False,slow_head_cache_fill,"[0.191472, 0.165939, 0.134461, 0.050182, 0.457945]",-1.653015,-1.653015,True,False,True,True,0,1169449264,0,0.0
regression,mappo,7,regression_02,3,4,rsu_1,rsu_2,False,True,"{""event"": 0, ""fast"": 1, ""slow"": 1}",independent_head_argmax,0,0,0,False,slow_head_cache_fill,"[0.232359, 0.0, 0.1407, 0.064344, 0.562598]",-1.459471,-1.459471,True,False,False,True,0,1169449264,0,35.60546116716466
regression,mappo,7,regression_02,4,5,rsu_1,rsu_2,False,False,"{""event"": 0, ""fast"": 1, ""slow"": 1}",independent_head_argmax,0,0,0,False,slow_head_cache_fill,"[0.187379, 0.170291, 0.134195, 0.048466, 0.45967]",-1.674624,-1.674624,True,False,True,True,0,1024667776,0,0.0
regression,mappo,7,regression_02,5,6,rsu_1,rsu_2,False,True,"{""event"": 0, ""fast"": 1, ""slow"": 1}",independent_head_argmax,0,0,0,False,slow_head_cache_fill,"[0.226408, 0.0, 0.141978, 0.059335, 0.572279]",-1.485418,-1.485418,True,False,True,True,0,1169449264,0,0.0
regression,mappo,7,regression_02,6,7,rsu_2,rsu_0,True,True,"{""event"": 1, ""fast"": 0, ""slow"": 1}",independent_head_argmax,4,4,4,False,event_head_prepare,"[0.206214, 0.0, 0.073081, 0.080029, 0.640677]",-0.445229,-0.445229,True,True,False,True,0,0,2744,77.684641000747
regression,mappo,7,regression_03,0,3,rsu_0,,True,False,"{""event"": 1, ""fast"": 0, ""slow"": 1}",independent_head_argmax,4,0,0,True,slow_head_cache_fill,"[0.5353, 0.0, 0.212276, 0.252424, 0.0]",-0.624928,-0.624928,True,False,True,True,0,0,0,0.0
regression,mappo,7,regression_03,1,6,rsu_0,rsu_1,True,False,"{""event"": 1, ""fast"": 0, ""slow"": 1}",independent_head_argmax,4,4,4,False,event_head_prepare,"[0.173837, 0.148801, 0.060338, 0.080591, 0.536434]",-0.622812,-0.622812,True,True,True,True,0,1024667776,140480,0.0
regression,mappo,7,regression_03,2,7,rsu_0,rsu_1,True,True,"{""event"": 1, ""fast"": 0, ""slow"": 1}",independent_head_argmax,4,4,4,False,event_head_prepare,"[0.209638, 0.0, 0.052142, 0.092477, 0.645743]",-0.437353,-0.437353,True,True,True,True,0,0,140480,0.0
regression,mappo,7,regression_03,3,9,rsu_0,rsu_1,True,True,"{""event"": 1, ""fast"": 0, ""slow"": 1}",independent_head_argmax,4,4,4,False,event_head_prepare,"[0.207851, 0.0, 0.053562, 0.0902, 0.648386]",-0.433268,-0.433268,True,True,True,True,0,0,140480,0.0
regression,mappo,7,regression_03,4,1,rsu_0,rsu_1,False,True,"{""event"": 1, ""fast"": 1, ""slow"": 1}",independent_head_argmax,4,4,4,False,event_head_prepare,"[0.223218, 0.0, 0.104101, 0.076613, 0.596067]",-0.517402,-0.517402,False,False,True,False,1,0,0,0.0
regression,mappo,7,regression_03,5,1,rsu_1,,True,False,"{""event"": 1, ""fast"": 0, ""slow"": 1}",independent_head_argmax,4,0,0,True,slow_head_cache_fill,"[0.551804, 0.0, 0.185139, 0.263056, 0.0]",-0.594562,-0.594562,True,False,True,True,0,0,0,0.0
regression,mappo,7,regression_03,6,4,rsu_1,rsu_2,True,True,"{""event"": 1, ""fast"": 0, ""slow"": 1}",independent_head_argmax,4,4,4,False,event_head_prepare,"[0.198924, 0.0, 0.051847, 0.090019, 0.65921]",-0.416714,-0.416714,True,True,True,True,0,0,175600,0.0
regression,mappo,7,regression_03,7,8,rsu_1,rsu_2,True,True,"{""event"": 1, ""fast"": 0, ""slow"": 1}",independent_head_argmax,4,4,4,False,event_head_prepare,"[0.196539, 0.0, 0.060132, 0.085148, 0.658181]",-0.418275,-0.418275,True,True,True,True,0,0,210720,0.0
regression,mappo,7,regression_03,8,2,rsu_1,rsu_2,True,True,"{""event"": 1, ""fast"": 0, ""slow"": 1}",independent_head_argmax,4,4,4,False,event_head_prepare,"[0.194938, 0.0, 0.053075, 0.085747, 0.66624]",-0.406105,-0.406105,True,True,True,True,0,0,175600,0.0
regression,mappo,7,regression_03,9,5,rsu_1,rsu_2,True,True,"{""event"": 1, ""fast"": 0, ""slow"": 1}",independent_head_argmax,4,4,4,False,event_head_prepare,"[0.191534, 0.0, 0.04928, 0.084772, 0.674414]",-0.393911,-0.393911,True,True,True,True,0,0,175600,0.0
regression,mappo,7,regression_03,10,10,rsu_2,,True,False,"{""event"": 1, ""fast"": 1, ""slow"": 2}",independent_head_argmax,4,0,0,True,slow_head_cache_fill,"[0.506405, 0.0, 0.286092, 0.207503, 0.0]",-0.680419,-0.680419,True,False,True,True,0,0,0,0.0
regression,mappo,7,regression_04,0,1,rsu_0,rsu_1,True,False,"{""event"": 1, ""fast"": 0, ""slow"": 1}",independent_head_argmax,4,4,4,False,event_head_prepare,"[0.18541, 0.138319, 0.055916, 0.079174, 0.54118]",-0.614004,-0.614004,True,False,True,True,0,0,0,0.0
regression,mappo,7,regression_04,1,3,rsu_0,rsu_1,True,False,"{""event"": 1, ""fast"": 0, ""slow"": 1}",independent_head_argmax,4,4,4,False,event_head_prepare,"[0.181842, 0.138972, 0.05812, 0.075934, 0.545133]",-0.606725,-0.606725,True,False,True,True,0,0,0,0.0
regression,mappo,7,regression_04,2,2,rsu_1,rsu_2,True,True,"{""event"": 1, ""fast"": 0, ""slow"": 1}",independent_head_argmax,4,4,4,False,event_head_prepare,"[0.206821, 0.0, 0.059099, 0.084506, 0.649574]",-0.431439,-0.431439,True,False,False,True,0,0,0,4.315814333582334
regression,mappo,7,regression_04,3,4,rsu_1,rsu_2,True,True,"{""event"": 1, ""fast"": 0, ""slow"": 1}",independent_head_argmax,4,4,4,False,event_head_prepare,"[0.201324, 0.0, 0.064342, 0.079458, 0.654876]",-0.42331,-0.42331,True,False,True,True,0,0,0,0.0
regression,mappo,7,regression_04,4,5,rsu_2,rsu_0,True,False,"{""event"": 1, ""fast"": 0, ""slow"": 1}",independent_head_argmax,4,4,4,False,event_head_prepare,"[0.169808, 0.143122, 0.065703, 0.068745, 0.552622]",-0.593082,-0.593082,True,False,False,True,0,0,0,33.08790233358234
regression,mappo,7,regression_05,0,1,rsu_0,rsu_1,False,False,"{""event"": 0, ""fast"": 1, ""slow"": 1}",independent_head_argmax,0,0,0,False,slow_head_cache_fill,"[0.201005, 0.152598, 0.088116, 0.072618, 0.485663]",-1.604425,-1.604425,True,False,True,True,0,9641944,0,0.0
regression,mappo,7,regression_05,1,2,rsu_0,rsu_1,True,False,"{""event"": 1, ""fast"": 0, ""slow"": 1}",independent_head_argmax,4,4,4,False,event_head_prepare,"[0.182725, 0.133019, 0.041743, 0.081865, 0.560648]",-0.578661,-0.578661,True,True,True,True,0,9641944,2195,0.0
regression,mappo,7,regression_05,2,3,rsu_1,rsu_2,True,False,"{""event"": 1, ""fast"": 0, ""slow"": 1}",independent_head_argmax,4,4,4,False,event_head_prepare,"[0.178791, 0.133157, 0.04062, 0.081863, 0.565568]",-0.569924,-0.569924,True,True,True,True,0,9641944,2195,0.0
regression,mappo,7,regression_05,3,4,rsu_1,rsu_2,True,True,"{""event"": 1, ""fast"": 0, ""slow"": 1}",independent_head_argmax,4,4,4,False,event_head_prepare,"[0.198687, 0.0, 0.051239, 0.084078, 0.665996]",-0.406471,-0.406471,True,True,True,True,0,0,3841,0.0
regression,mappo,7,regression_05,4,5,rsu_2,rsu_0,True,True,"{""event"": 1, ""fast"": 0, ""slow"": 1}",independent_head_argmax,4,4,4,False,event_head_prepare,"[0.20047, 0.0, 0.047064, 0.085966, 0.6665]",-0.405716,-0.405716,True,True,True,True,0,0,2744,0.0
regression,mappo,7,regression_06,0,1,rsu_0,rsu_1,True,False,"{""event"": 1, ""fast"": 1, ""slow"": 1}",independent_head_argmax,4,4,4,False,event_head_prepare,"[0.174641, 0.15961, 0.09578, 0.065282, 0.504687]",-0.683817,-0.683817,True,False,True,True,0,0,0,0.0
regression,mappo,7,regression_06,1,2,rsu_0,rsu_1,True,False,"{""event"": 1, ""fast"": 1, ""slow"": 1}",independent_head_argmax,4,4,4,False,event_head_prepare,"[0.171024, 0.155794, 0.091517, 0.064676, 0.516989]",-0.659734,-0.659734,True,False,True,True,0,0,0,0.0
regression,mappo,7,regression_06,2,3,rsu_1,rsu_2,True,True,"{""event"": 1, ""fast"": 1, ""slow"": 1}",independent_head_argmax,4,4,4,False,event_head_prepare,"[0.199147, 0.0, 0.098145, 0.073832, 0.628876]",-0.463821,-0.463821,True,False,False,True,0,0,0,4.315814333582334
regression,mappo,7,regression_06,3,4,rsu_1,rsu_2,True,True,"{""event"": 1, ""fast"": 1, ""slow"": 1}",independent_head_argmax,4,4,4,False,event_head_prepare,"[0.193686, 0.0, 0.106997, 0.066696, 0.63262]",-0.457886,-0.457886,True,False,True,True,0,0,0,0.0
regression,mappo,7,regression_06,4,5,rsu_2,rsu_0,True,False,"{""event"": 1, ""fast"": 1, ""slow"": 2}",independent_head_argmax,4,4,4,False,event_head_prepare,"[0.159296, 0.162905, 0.102193, 0.055194, 0.520411]",-0.653136,-0.653136,True,False,False,True,0,0,0,33.08790233358234
regression,mappo,7,regression_07,0,1,rsu_0,rsu_1,True,False,"{""event"": 1, ""fast"": 1, ""slow"": 1}",independent_head_argmax,4,4,4,False,event_head_prepare,"[0.170394, 0.16135, 0.092981, 0.066418, 0.508858]",-0.675587,-0.675587,True,False,True,True,0,0,0,0.0
regression,mappo,7,regression_07,1,4,rsu_0,rsu_1,True,False,"{""event"": 1, ""fast"": 1, ""slow"": 1}",independent_head_argmax,4,4,4,False,event_head_prepare,"[0.16764, 0.161648, 0.095537, 0.064099, 0.511076]",-0.671237,-0.671237,True,False,True,True,0,0,0,0.0
regression,mappo,7,regression_07,2,6,rsu_1,rsu_2,False,False,"{""event"": 0, ""fast"": 1, ""slow"": 0}",independent_head_argmax,2,2,2,False,fast_head_vehicle_fallback,"[0.164641, 0.19478, 0.176538, 0.036102, 0.427939]",-1.734219,-1.734219,True,False,True,True,0,0,0,0.0
regression,mappo,7,regression_07,3,9,rsu_1,rsu_2,False,False,"{""event"": 0, ""fast"": 1, ""slow"": 0}",independent_head_argmax,2,2,2,False,fast_head_vehicle_fallback,"[0.162075, 0.19698, 0.179493, 0.033871, 0.427581]",-1.71762,-1.71762,True,False,True,True,0,0,0,0.0
regression,mappo,7,regression_07,4,7,rsu_2,rsu_0,False,False,"{""event"": 0, ""fast"": 1, ""slow"": 0}",independent_head_argmax,2,2,2,False,fast_head_vehicle_fallback,"[0.172873, 0.183596, 0.15419, 0.04388, 0.44546]",-1.869568,-1.869568,True,False,True,True,0,0,0,0.0
regression,mappo,7,regression_07,5,8,rsu_2,rsu_0,False,False,"{""event"": 0, ""fast"": 1, ""slow"": 0}",independent_head_argmax,2,2,2,False,fast_head_vehicle_fallback,"[0.167427, 0.184654, 0.157232, 0.042173, 0.448514]",-1.850035,-1.850035,True,False,True,True,0,0,0,0.0
regression,mappo,7,regression_07,6,10,rsu_0,rsu_1,False,False,"{""event"": 0, ""fast"": 1, ""slow"": 0}",independent_head_argmax,2,2,2,False,fast_head_vehicle_fallback,"[0.166231, 0.189177, 0.165425, 0.036717, 0.44245]",-1.799235,-1.799235,True,False,True,True,0,0,0,0.0
regression,mappo,7,regression_07,7,2,rsu_0,rsu_1,False,False,"{""event"": 0, ""fast"": 1, ""slow"": 0}",independent_head_argmax,2,2,2,False,fast_head_vehicle_fallback,"[0.165573, 0.185487, 0.160966, 0.037407, 0.450567]",-1.826559,-1.826559,True,False,True,True,0,0,0,0.0
regression,mappo,7,regression_07,8,3,rsu_1,rsu_2,False,False,"{""event"": 0, ""fast"": 1, ""slow"": 0}",independent_head_argmax,2,2,2,False,fast_head_vehicle_fallback,"[0.154422, 0.201076, 0.183553, 0.030066, 0.430882]",-1.695251,-1.695251,True,False,True,True,0,0,0,0.0
regression,mappo,7,regression_07,9,5,rsu_1,rsu_2,False,False,"{""event"": 0, ""fast"": 1, ""slow"": 0}",independent_head_argmax,2,2,2,False,fast_head_vehicle_fallback,"[0.154016, 0.197816, 0.180045, 0.030443, 0.437679]",-1.714546,-1.714546,True,False,True,True,0,0,0,0.0
regression,mappo,7,regression_07,10,11,rsu_2,rsu_0,False,False,"{""event"": 0, ""fast"": 1, ""slow"": 0}",independent_head_argmax,2,2,2,False,fast_head_vehicle_fallback,"[0.159631, 0.190221, 0.165005, 0.035216, 0.449926]",-1.801779,-1.801779,True,False,True,True,0,0,0,0.0
regression,mappo,7,regression_07,11,12,rsu_2,rsu_0,False,False,"{""event"": 0, ""fast"": 1, ""slow"": 0}",independent_head_argmax,2,2,2,False,fast_head_vehicle_fallback,"[0.16308, 0.186941, 0.156718, 0.037472, 0.45579]",-1.85331,-1.85331,True,False,True,True,0,0,0,0.0
regression,mappo,7,regression_08,0,1,rsu_0,rsu_1,True,False,"{""event"": 1, ""fast"": 0, ""slow"": 1}",independent_head_argmax,4,4,4,False,event_head_prepare,"[0.18544, 0.135992, 0.044594, 0.083304, 0.55067]",-0.59662,-0.59662,True,True,True,True,0,9641944,2195,0.0
regression,mappo,7,regression_08,1,3,rsu_0,rsu_1,True,True,"{""event"": 1, ""fast"": 0, ""slow"": 1}",independent_head_argmax,4,4,4,False,event_head_prepare,"[0.209668, 0.0, 0.044169, 0.090756, 0.655407]",-0.422499,-0.422499,True,True,True,True,0,0,2195,0.0
regression,mappo,7,regression_08,2,2,rsu_1,rsu_2,False,True,"{""event"": 0, ""fast"": 1, ""slow"": 1}",independent_head_argmax,0,0,0,False,slow_head_cache_fill,"[0.230181, 0.0, 0.104395, 0.07686, 0.588563]",-1.468888,-1.468888,True,False,True,True,0,154423432,0,0.0
regression,mappo,7,regression_08,3,4,rsu_1,rsu_2,True,True,"{""event"": 1, ""fast"": 0, ""slow"": 1}",independent_head_argmax,4,4,4,False,event_head_prepare,"[0.202821, 0.0, 0.043241, 0.087796, 0.666142]",-0.406252,-0.406252,True,True,True,True,0,0,2744,0.0
regression,mappo,7,regression_08,4,5,rsu_2,rsu_0,False,True,"{""event"": 1, ""fast"": 1, ""slow"": 1}",independent_head_argmax,4,4,4,False,event_head_prepare,"[0.219971, 0.0, 0.105808, 0.072969, 0.601252]",-0.508741,-0.508741,False,False,True,False,1,0,0,0.0
regression,mappo,7,regression_08,5,5,rsu_2,rsu_0,False,True,"{""event"": 1, ""fast"": 1, ""slow"": 1}",independent_head_argmax,4,4,4,False,event_head_prepare,"[0.219726, 0.0, 0.104304, 0.072252, 0.603717]",-0.504649,-0.504649,False,False,True,False,2,0,0,0.0
regression,mappo,7,regression_08,6,5,rsu_0,rsu_1,True,False,"{""event"": 1, ""fast"": 0, ""slow"": 1}",independent_head_argmax,4,4,4,False,event_head_prepare,"[0.169984, 0.137796, 0.049835, 0.076578, 0.565806]",-0.569503,-0.569503,True,True,False,True,0,9641944,3292,30.21069466716467
regression,mappo,7,regression_08,7,6,rsu_0,rsu_1,False,False,"{""event"": 1, ""fast"": 1, ""slow"": 1}",independent_head_argmax,4,4,4,False,event_head_prepare,"[0.181075, 0.158153, 0.10176, 0.059, 0.500011]",-0.693126,-0.693126,False,False,True,False,1,154423432,0,0.0
regression,mappo,7,regression_08,8,6,rsu_1,rsu_2,True,True,"{""event"": 1, ""fast"": 0, ""slow"": 1}",independent_head_argmax,4,4,4,False,event_head_prepare,"[0.199284, 0.0, 0.045693, 0.086037, 0.668986]",-0.401992,-0.401992,True,True,True,True,0,0,2744,0.0
regression,mappo,7,regression_09,0,1,rsu_0,rsu_1,True,False,"{""event"": 1, ""fast"": 0, ""slow"": 1}",independent_head_argmax,4,4,4,False,event_head_prepare,"[0.182575, 0.144003, 0.057555, 0.080897, 0.534969]",-0.625546,-0.625546,True,True,True,True,0,9641944,140480,0.0
regression,mappo,7,regression_09,1,3,rsu_0,rsu_1,True,True,"{""event"": 1, ""fast"": 0, ""slow"": 1}",independent_head_argmax,4,4,4,False,event_head_prepare,"[0.212576, 0.0, 0.058023, 0.089949, 0.639452]",-0.447143,-0.447143,True,True,True,True,0,0,140480,0.0
regression,mappo,7,regression_09,2,5,rsu_1,rsu_2,True,False,"{""event"": 1, ""fast"": 0, ""slow"": 1}",independent_head_argmax,4,4,4,False,event_head_prepare,"[0.179694, 0.143625, 0.056178, 0.079771, 0.540733]",-0.61483,-0.61483,True,True,True,True,0,9641944,140480,0.0
regression,mappo,7,regression_09,3,7,rsu_1,rsu_2,True,True,"{""event"": 1, ""fast"": 0, ""slow"": 1}",independent_head_argmax,4,4,4,False,event_head_prepare,"[0.208827, 0.0, 0.055853, 0.088736, 0.646584]",-0.436053,-0.436053,True,True,True,True,0,0,140480,0.0
regression,mappo,7,regression_09,4,2,rsu_2,rsu_0,True,False,"{""event"": 1, ""fast"": 0, ""slow"": 1}",independent_head_argmax,4,4,4,False,event_head_prepare,"[0.172125, 0.147378, 0.065237, 0.074162, 0.541098]",-0.614154,-0.614154,True,True,True,True,0,154423432,175600,0.0
regression,mappo,7,regression_09,5,4,rsu_2,rsu_0,True,True,"{""event"": 1, ""fast"": 0, ""slow"": 1}",independent_head_argmax,4,4,4,False,event_head_prepare,"[0.203626, 0.0, 0.064815, 0.083793, 0.647766]",-0.434226,-0.434226,True,True,True,True,0,0,175600,0.0
regression,mappo,7,regression_09,6,6,rsu_0,rsu_1,True,True,"{""event"": 1, ""fast"": 0, ""slow"": 1}",independent_head_argmax,4,4,4,False,event_head_prepare,"[0.201621, 0.0, 0.065349, 0.084059, 0.648971]",-0.432367,-0.432367,True,True,True,True,0,0,175600,0.0
regression,mappo,7,regression_09,7,8,rsu_0,rsu_1,True,True,"{""event"": 1, ""fast"": 0, ""slow"": 1}",independent_head_argmax,4,4,4,False,event_head_prepare,"[0.199413, 0.0, 0.06631, 0.081704, 0.652573]",-0.426832,-0.426832,True,True,True,True,0,0,175600,0.0
regression,mappo,7,regression_09,8,9,rsu_1,rsu_2,True,True,"{""event"": 1, ""fast"": 1, ""slow"": 1}",independent_head_argmax,4,4,4,False,event_head_prepare,"[0.194453, 0.0, 0.080185, 0.074763, 0.650599]",-0.429862,-0.429862,True,True,True,True,0,0,280960,0.0
regression,mappo,7,regression_10,0,1,rsu_0,rsu_1,True,False,"{""event"": 1, ""fast"": 0, ""slow"": 1}",independent_head_argmax,4,4,4,False,event_head_prepare,"[0.189263, 0.146304, 0.06952, 0.075925, 0.518988]",-0.655875,-0.655875,True,True,True,True,0,1024667776,2195,0.0
regression,mappo,7,regression_10,1,2,rsu_0,rsu_1,True,True,"{""event"": 1, ""fast"": 0, ""slow"": 1}",independent_head_argmax,4,4,4,False,event_head_prepare,"[0.217215, 0.0, 0.071925, 0.083981, 0.626879]",-0.467002,-0.467002,True,True,True,True,0,0,2195,0.0
regression,mappo,7,regression_10,2,3,rsu_1,rsu_2,False,True,"{""event"": 0, ""fast"": 1, ""slow"": 1}",independent_head_argmax,0,0,0,False,slow_head_cache_fill,"[0.231535, 0.0, 0.157969, 0.056004, 0.554493]",-1.463025,-1.463025,True,False,True,True,0,1169449264,0,0.0
regression,mappo,7,regression_10,3,4,rsu_1,rsu_2,True,True,"{""event"": 1, ""fast"": 0, ""slow"": 1}",independent_head_argmax,4,4,4,False,event_head_prepare,"[0.20834, 0.0, 0.067951, 0.081418, 0.642292]",-0.442713,-0.442713,True,True,True,True,0,0,2744,0.0
regression,mappo,7,regression_10,4,5,rsu_2,rsu_0,True,False,"{""event"": 1, ""fast"": 1, ""slow"": 1}",independent_head_argmax,4,4,4,False,event_head_prepare,"[0.173126, 0.145234, 0.070441, 0.068995, 0.542204]",-0.612112,-0.612112,True,False,True,True,0,0,0,0.0
regression,mappo,7,regression_11,0,3,rsu_0,rsu_1,True,False,"{""event"": 1, ""fast"": 0, ""slow"": 1}",independent_head_argmax,4,4,4,False,event_head_prepare,"[0.174623, 0.14701, 0.061727, 0.079077, 0.537562]",-0.620711,-0.620711,True,True,True,True,0,1024667776,140480,0.0
regression,mappo,7,regression_11,1,1,rsu_0,rsu_1,False,True,"{""event"": 0, ""fast"": 1, ""slow"": 1}",independent_head_argmax,0,0,0,False,slow_head_cache_fill,"[0.227918, 0.0, 0.106686, 0.076879, 0.588516]",-1.47877,-1.47877,True,False,True,True,0,1169449264,0,0.0
regression,mappo,7,regression_11,2,4,rsu_1,rsu_2,True,True,"{""event"": 1, ""fast"": 0, ""slow"": 1}",independent_head_argmax,4,4,4,False,event_head_prepare,"[0.200194, 0.0, 0.051467, 0.08812, 0.66022]",-0.415183,-0.415183,True,True,False,True,0,0,175600,10.789533
regression,mappo,7,regression_11,3,2,rsu_1,rsu_2,True,True,"{""event"": 1, ""fast"": 0, ""slow"": 1}",independent_head_argmax,4,4,4,False,event_head_prepare,"[0.195732, 0.0, 0.050727, 0.085669, 0.667871]",-0.40366,-0.40366,True,True,True,True,0,0,175600,0.0
regression,mappo,7,regression_11,4,5,rsu_2,rsu_0,False,True,"{""event"": 1, ""fast"": 1, ""slow"": 1}",independent_head_argmax,4,4,4,False,event_head_prepare,"[0.214254, 0.0, 0.105685, 0.072686, 0.607376]",-0.498608,-0.498608,False,False,True,False,1,0,0,0.0
regression,mappo,7,regression_11,5,5,rsu_2,rsu_0,False,True,"{""event"": 1, ""fast"": 1, ""slow"": 1}",independent_head_argmax,4,4,4,False,event_head_prepare,"[0.213984, 0.0, 0.104192, 0.071948, 0.609876]",-0.494499,-0.494499,False,False,True,False,2,0,0,0.0
regression,mappo,7,regression_11,6,5,rsu_0,rsu_1,True,True,"{""event"": 1, ""fast"": 0, ""slow"": 1}",independent_head_argmax,4,4,4,False,event_head_prepare,"[0.195791, 0.0, 0.040537, 0.086873, 0.676798]",-0.390382,-0.390382,True,True,False,True,0,0,210720,43.158132
frozen_check,mappo,7,frozen_check_00,0,1,rsu_0,rsu_1,True,False,"{""event"": 1, ""fast"": 0, ""slow"": 1}",independent_head_argmax,4,4,4,False,event_head_prepare,"[0.185525, 0.136007, 0.04453, 0.08338, 0.550559]",-0.596821,-0.596821,True,True,True,True,0,9641944,2195,0.0
frozen_check,mappo,7,frozen_check_00,1,2,rsu_0,rsu_1,True,True,"{""event"": 1, ""fast"": 0, ""slow"": 1}",independent_head_argmax,4,4,4,False,event_head_prepare,"[0.211258, 0.0, 0.046475, 0.090572, 0.651696]",-0.428178,-0.428178,True,True,True,True,0,0,2195,0.0
frozen_check,mappo,7,frozen_check_00,2,3,rsu_1,rsu_2,False,True,"{""event"": 0, ""fast"": 1, ""slow"": 1}",independent_head_argmax,0,0,0,False,slow_head_cache_fill,"[0.229336, 0.0, 0.108175, 0.075233, 0.587257]",-1.472569,-1.472569,True,False,True,True,0,154423432,0,0.0
frozen_check,mappo,7,frozen_check_00,3,4,rsu_1,rsu_2,True,True,"{""event"": 1, ""fast"": 0, ""slow"": 1}",independent_head_argmax,4,4,4,False,event_head_prepare,"[0.204927, 0.0, 0.044033, 0.088291, 0.662749]",-0.411359,-0.411359,True,True,True,True,0,0,2744,0.0
frozen_check,mappo,7,frozen_check_00,4,5,rsu_2,rsu_0,True,False,"{""event"": 1, ""fast"": 0, ""slow"": 1}",independent_head_argmax,4,4,4,False,event_head_prepare,"[0.173289, 0.139384, 0.051249, 0.07707, 0.559008]",-0.581592,-0.581592,True,True,True,True,0,154423432,2744,0.0
frozen_check,mappo,7,frozen_check_00,5,6,rsu_2,rsu_0,False,False,"{""event"": 1, ""fast"": 1, ""slow"": 1}",independent_head_argmax,4,4,4,False,event_head_prepare,"[0.18503, 0.152167, 0.089315, 0.065805, 0.507683]",-0.677899,-0.677899,False,False,True,False,1,9641944,0,0.0
frozen_check,mappo,7,frozen_check_00,6,6,rsu_0,rsu_1,True,False,"{""event"": 1, ""fast"": 0, ""slow"": 1}",independent_head_argmax,4,4,4,False,event_head_prepare,"[0.170917, 0.136322, 0.046183, 0.078085, 0.568493]",-0.564766,-0.564766,True,True,True,True,0,9641944,2744,0.0
frozen_check,mappo,7,frozen_check_00,7,7,rsu_0,rsu_1,False,False,"{""event"": 1, ""fast"": 1, ""slow"": 1}",independent_head_argmax,4,4,4,False,event_head_prepare,"[0.180785, 0.158149, 0.101467, 0.059089, 0.500509]",-0.692129,-0.692129,False,False,True,False,1,154423432,0,0.0
frozen_check,mappo,7,frozen_check_00,8,7,rsu_1,rsu_2,True,True,"{""event"": 1, ""fast"": 0, ""slow"": 1}",independent_head_argmax,4,4,4,False,event_head_prepare,"[0.199038, 0.0, 0.045533, 0.086063, 0.669366]",-0.401424,-0.401424,True,True,True,True,0,0,2744,0.0
frozen_check,mappo,7,frozen_check_01,0,1,rsu_0,rsu_1,True,False,"{""event"": 1, ""fast"": 0, ""slow"": 1}",independent_head_argmax,4,4,4,False,event_head_prepare,"[0.182575, 0.144003, 0.057555, 0.080897, 0.534969]",-0.625546,-0.625546,True,True,True,True,0,9641944,140480,0.0
frozen_check,mappo,7,frozen_check_01,1,3,rsu_0,rsu_1,True,True,"{""event"": 1, ""fast"": 0, ""slow"": 1}",independent_head_argmax,4,4,4,False,event_head_prepare,"[0.211728, 0.0, 0.056355, 0.090358, 0.641559]",-0.443855,-0.443855,True,True,True,True,0,0,140480,0.0
frozen_check,mappo,7,frozen_check_01,2,4,rsu_1,rsu_2,True,False,"{""event"": 1, ""fast"": 0, ""slow"": 1}",independent_head_argmax,4,4,4,False,event_head_prepare,"[0.178686, 0.144366, 0.057016, 0.079115, 0.540817]",-0.614674,-0.614674,True,True,True,True,0,9641944,140480,0.0
frozen_check,mappo,7,frozen_check_01,3,2,rsu_1,rsu_2,True,True,"{""event"": 1, ""fast"": 0, ""slow"": 1}",independent_head_argmax,4,4,4,False,event_head_prepare,"[0.204253, 0.0, 0.058243, 0.086522, 0.650981]",-0.429274,-0.429274,True,True,True,True,0,0,175600,0.0
frozen_check,mappo,7,frozen_check_01,4,5,rsu_2,rsu_0,True,False,"{""event"": 1, ""fast"": 1, ""slow"": 1}",independent_head_argmax,4,4,4,False,event_head_prepare,"[0.165184, 0.154957, 0.081073, 0.065771, 0.533014]",-0.629207,-0.629207,True,True,True,True,0,154423432,245840,0.0
frozen_check,mappo,7,frozen_check_01,5,6,rsu_2,rsu_0,True,True,"{""event"": 1, ""fast"": 0, ""slow"": 1}",independent_head_argmax,4,4,4,False,event_head_prepare,"[0.201555, 0.0, 0.069825, 0.081084, 0.647536]",-0.434582,-0.434582,True,True,True,True,0,0,175600,0.0
frozen_check,mappo,7,frozen_check_01,6,7,rsu_0,rsu_1,True,True,"{""event"": 1, ""fast"": 0, ""slow"": 1}",independent_head_argmax,4,4,4,False,event_head_prepare,"[0.198767, 0.0, 0.073226, 0.078984, 0.649023]",-0.432288,-0.432288,True,True,True,True,0,0,210720,0.0
frozen_check,mappo,7,frozen_check_02,0,1,rsu_0,rsu_1,True,False,"{""event"": 1, ""fast"": 0, ""slow"": 1}",independent_head_argmax,4,4,4,False,event_head_prepare,"[0.189275, 0.147646, 0.071546, 0.075055, 0.516477]",-0.660725,-0.660725,True,True,True,True,0,1024667776,2195,0.0
frozen_check,mappo,7,frozen_check_02,1,2,rsu_0,rsu_1,True,True,"{""event"": 1, ""fast"": 0, ""slow"": 1}",independent_head_argmax,4,4,4,False,event_head_prepare,"[0.21625, 0.0, 0.068279, 0.08513, 0.630341]",-0.461494,-0.461494,True,True,True,True,0,0,2195,0.0
frozen_check,mappo,7,frozen_check_02,2,3,rsu_1,rsu_2,False,True,"{""event"": 0, ""fast"": 1, ""slow"": 1}",independent_head_argmax,0,0,0,False,slow_head_cache_fill,"[0.233122, 0.0, 0.139898, 0.063538, 0.563443]",-1.456193,-1.456193,True,False,True,True,0,1169449264,0,0.0
frozen_check,mappo,7,frozen_check_02,3,4,rsu_1,rsu_2,False,False,"{""event"": 0, ""fast"": 1, ""slow"": 1}",independent_head_argmax,0,0,0,False,slow_head_cache_fill,"[0.188566, 0.163399, 0.124706, 0.051936, 0.471393]",-1.668307,-1.668307,True,False,True,True,0,1024667776,0,0.0
frozen_check,mappo,7,frozen_check_02,4,5,rsu_2,rsu_0,True,False,"{""event"": 1, ""fast"": 1, ""slow"": 1}",independent_head_argmax,4,4,4,False,event_head_prepare,"[0.171479, 0.153537, 0.085732, 0.061638, 0.527615]",-0.639389,-0.639389,True,False,False,True,0,0,0,38.48266883358234
frozen_check,mappo,7,frozen_check_03,0,3,rsu_0,rsu_1,True,False,"{""event"": 1, ""fast"": 0, ""slow"": 1}",independent_head_argmax,4,4,4,False,event_head_prepare,"[0.173212, 0.148085, 0.063236, 0.078976, 0.536491]",-0.622706,-0.622706,True,True,True,True,0,1024667776,140480,0.0
frozen_check,mappo,7,frozen_check_03,1,1,rsu_0,rsu_1,False,True,"{""event"": 0, ""fast"": 1, ""slow"": 1}",independent_head_argmax,0,0,0,False,slow_head_cache_fill,"[0.228912, 0.0, 0.106341, 0.077467, 0.58728]",-1.474418,-1.474418,True,False,True,True,0,1169449264,0,0.0
frozen_check,mappo,7,frozen_check_03,2,4,rsu_1,rsu_2,True,True,"{""event"": 1, ""fast"": 0, ""slow"": 1}",independent_head_argmax,4,4,4,False,event_head_prepare,"[0.201779, 0.0, 0.051246, 0.088831, 0.658144]",-0.418332,-0.418332,True,True,False,True,0,0,175600,10.789533
frozen_check,mappo,7,frozen_check_03,3,2,rsu_1,rsu_2,True,True,"{""event"": 1, ""fast"": 0, ""slow"": 1}",independent_head_argmax,4,4,4,False,event_head_prepare,"[0.197905, 0.0, 0.050505, 0.086561, 0.665029]",-0.407925,-0.407925,True,True,True,True,0,0,175600,0.0
frozen_check,mappo,7,frozen_check_03,4,5,rsu_2,rsu_0,True,True,"{""event"": 1, ""fast"": 0, ""slow"": 1}",independent_head_argmax,4,4,4,False,event_head_prepare,"[0.1971, 0.0, 0.049207, 0.08786, 0.665833]",-0.406716,-0.406716,True,True,True,True,0,0,175600,0.0
frozen_check,mappo,7,frozen_check_03,5,6,rsu_2,rsu_0,True,True,"{""event"": 1, ""fast"": 0, ""slow"": 1}",independent_head_argmax,4,4,4,False,event_head_prepare,"[0.192463, 0.0, 0.057285, 0.081656, 0.668596]",-0.402575,-0.402575,True,True,True,True,0,0,245840,0.0
frozen_check,mappo,7,frozen_check_04,0,1,rsu_0,rsu_1,True,False,"{""event"": 1, ""fast"": 0, ""slow"": 1}",independent_head_argmax,4,4,4,False,event_head_prepare,"[0.185974, 0.145444, 0.066272, 0.075109, 0.5272]",-0.640175,-0.640175,True,False,True,True,0,0,0,0.0
frozen_check,mappo,7,frozen_check_04,1,2,rsu_0,rsu_1,False,True,"{""event"": 0, ""fast"": 1, ""slow"": 1}",independent_head_argmax,0,0,0,False,slow_head_cache_fill,"[0.233497, 0.0, 0.122033, 0.06856, 0.57591]",-1.454586,-1.454586,True,False,True,True,0,154423432,0,0.0
frozen_check,mappo,7,frozen_check_04,2,3,rsu_1,rsu_2,True,True,"{""event"": 1, ""fast"": 0, ""slow"": 1}",independent_head_argmax,4,4,4,False,event_head_prepare,"[0.209116, 0.0, 0.05813, 0.08574, 0.647014]",-0.435387,-0.435387,True,False,False,True,0,0,0,31.289646833582335
frozen_check,mappo,7,frozen_check_04,3,4,rsu_1,rsu_2,True,True,"{""event"": 1, ""fast"": 0, ""slow"": 1}",independent_head_argmax,4,4,4,False,event_head_prepare,"[0.205656, 0.0, 0.057316, 0.083675, 0.653352]",-0.425639,-0.425639,True,False,True,True,0,0,0,0.0
frozen_check,mappo,7,frozen_check_04,4,5,rsu_2,rsu_0,False,False,"{""event"": 0, ""fast"": 1, ""slow"": 1}",independent_head_argmax,0,0,0,False,slow_head_cache_fill,"[0.185351, 0.163554, 0.119442, 0.053026, 0.478626]",-1.685501,-1.685501,True,False,False,True,0,9641944,0,39.921275500746994
frozen_check,mappo,7,frozen_check_04,5,6,rsu_2,rsu_0,False,True,"{""event"": 0, ""fast"": 1, ""slow"": 1}",independent_head_argmax,0,0,0,False,slow_head_cache_fill,"[0.221356, 0.0, 0.126943, 0.062643, 0.589058]",-1.507981,-1.507981,True,False,True,True,0,154423432,0,0.0
frozen_check,mappo,7,frozen_check_04,6,7,rsu_0,rsu_1,True,True,"{""event"": 1, ""fast"": 0, ""slow"": 1}",independent_head_argmax,4,4,4,False,event_head_prepare,"[0.200441, 0.0, 0.06211, 0.080209, 0.65724]",-0.419706,-0.419706,True,False,False,True,0,0,0,72.98597340397282
frozen_check,mappo,7,frozen_check_05,0,1,rsu_0,rsu_1,False,False,"{""event"": 0, ""fast"": 1, ""slow"": 1}",independent_head_argmax,0,0,0,False,slow_head_cache_fill,"[0.200948, 0.152605, 0.088214, 0.072534, 0.485699]",-1.604708,-1.604708,True,False,True,True,0,9641944,0,0.0
frozen_check,mappo,7,frozen_check_05,1,2,rsu_0,rsu_1,True,False,"{""event"": 1, ""fast"": 0, ""slow"": 1}",independent_head_argmax,4,4,4,False,event_head_prepare,"[0.183701, 0.132989, 0.041797, 0.082146, 0.559367]",-0.580949,-0.580949,True,True,True,True,0,9641944,2195,0.0
frozen_check,mappo,7,frozen_check_05,2,3,rsu_1,rsu_2,True,False,"{""event"": 1, ""fast"": 0, ""slow"": 1}",independent_head_argmax,4,4,4,False,event_head_prepare,"[0.181123, 0.134736, 0.042477, 0.082054, 0.559609]",-0.580516,-0.580516,True,True,True,True,0,9641944,2195,0.0
frozen_check,mappo,7,frozen_check_05,3,4,rsu_1,rsu_2,True,True,"{""event"": 1, ""fast"": 0, ""slow"": 1}",independent_head_argmax,4,4,4,False,event_head_prepare,"[0.203717, 0.0, 0.047344, 0.087005, 0.661935]",-0.412588,-0.412588,True,True,True,True,0,0,3292,0.0
frozen_check,mappo,7,frozen_check_05,4,5,rsu_2,rsu_0,True,True,"{""event"": 1, ""fast"": 0, ""slow"": 1}",independent_head_argmax,4,4,4,False,event_head_prepare,"[0.203224, 0.0, 0.046074, 0.088181, 0.662521]",-0.411703,-0.411703,True,True,True,True,0,0,2744,0.0
frozen_check,mappo,7,frozen_check_05,5,6,rsu_2,rsu_0,True,True,"{""event"": 1, ""fast"": 0, ""slow"": 1}",independent_head_argmax,4,4,4,False,event_head_prepare,"[0.198195, 0.0, 0.047647, 0.085098, 0.669059]",-0.401882,-0.401882,True,True,True,True,0,0,3292,0.0
frozen_check,mappo,7,frozen_check_05,6,7,rsu_0,rsu_1,True,True,"{""event"": 1, ""fast"": 0, ""slow"": 1}",independent_head_argmax,4,4,4,False,event_head_prepare,"[0.199022, 0.0, 0.045393, 0.086098, 0.669487]",-0.401243,-0.401243,True,True,True,True,0,0,2744,0.0
frozen_check,mappo,7,frozen_check_06,0,1,rsu_0,rsu_1,True,False,"{""event"": 1, ""fast"": 1, ""slow"": 1}",independent_head_argmax,4,4,4,False,event_head_prepare,"[0.174574, 0.162065, 0.099558, 0.063498, 0.500305]",-0.692537,-0.692537,True,False,True,True,0,0,0,0.0
frozen_check,mappo,7,frozen_check_06,1,2,rsu_0,rsu_1,True,False,"{""event"": 1, ""fast"": 1, ""slow"": 1}",independent_head_argmax,4,4,4,False,event_head_prepare,"[0.171737, 0.155735, 0.091385, 0.065057, 0.516085]",-0.661483,-0.661483,True,False,True,True,0,0,0,0.0
frozen_check,mappo,7,frozen_check_06,2,3,rsu_1,rsu_2,True,True,"{""event"": 1, ""fast"": 1, ""slow"": 1}",independent_head_argmax,4,4,4,False,event_head_prepare,"[0.200731, 0.0, 0.097836, 0.074651, 0.626782]",-0.467157,-0.467157,True,False,False,True,0,0,0,4.315814333582334
frozen_check,mappo,7,frozen_check_06,3,4,rsu_1,rsu_2,False,False,"{""event"": 0, ""fast"": 1, ""slow"": 0}",independent_head_argmax,2,2,2,False,fast_head_vehicle_fallback,"[0.172839, 0.17857, 0.154477, 0.040794, 0.453319]",-1.867712,-1.867712,True,False,True,True,0,0,0,0.0
frozen_check,mappo,7,frozen_check_06,4,5,rsu_2,rsu_0,True,False,"{""event"": 1, ""fast"": 1, ""slow"": 2}",independent_head_argmax,4,4,4,False,event_head_prepare,"[0.160368, 0.162082, 0.101187, 0.057219, 0.519144]",-0.655574,-0.655574,True,False,False,True,0,0,0,19.338798408804664
frozen_check,mappo,7,frozen_check_06,5,6,rsu_2,rsu_0,True,False,"{""event"": 1, ""fast"": 1, ""slow"": 2}",independent_head_argmax,4,4,4,False,event_head_prepare,"[0.157386, 0.162301, 0.104668, 0.052494, 0.523151]",-0.647885,-0.647885,True,False,True,True,0,0,0,0.0
frozen_check,mappo,7,frozen_check_07,0,3,rsu_0,rsu_1,True,False,"{""event"": 1, ""fast"": 1, ""slow"": 1}",independent_head_argmax,4,4,4,False,event_head_prepare,"[0.168911, 0.163039, 0.095715, 0.065649, 0.506686]",-0.679863,-0.679863,True,False,True,True,0,0,0,0.0
frozen_check,mappo,7,frozen_check_07,1,5,rsu_0,rsu_1,True,False,"{""event"": 1, ""fast"": 1, ""slow"": 1}",independent_head_argmax,4,4,4,False,event_head_prepare,"[0.167381, 0.162724, 0.097219, 0.06318, 0.509497]",-0.674331,-0.674331,True,False,True,True,0,0,0,0.0
frozen_check,mappo,7,frozen_check_07,2,6,rsu_1,rsu_2,False,False,"{""event"": 0, ""fast"": 1, ""slow"": 0}",independent_head_argmax,2,2,2,False,fast_head_vehicle_fallback,"[0.164153, 0.194881, 0.176391, 0.035975, 0.428599]",-1.735051,-1.735051,True,False,True,True,0,0,0,0.0
frozen_check,mappo,7,frozen_check_07,3,9,rsu_1,rsu_2,False,False,"{""event"": 0, ""fast"": 1, ""slow"": 0}",independent_head_argmax,2,2,2,False,fast_head_vehicle_fallback,"[0.162683, 0.197164, 0.178576, 0.033663, 0.427914]",-1.722738,-1.722738,True,False,True,True,0,0,0,0.0
frozen_check,mappo,7,frozen_check_07,4,1,rsu_2,rsu_0,False,False,"{""event"": 0, ""fast"": 1, ""slow"": 0}",independent_head_argmax,2,2,2,False,fast_head_vehicle_fallback,"[0.171376, 0.18598, 0.156832, 0.042212, 0.443601]",-1.852582,-1.852582,True,False,True,True,0,0,0,0.0
frozen_check,mappo,7,frozen_check_07,5,4,rsu_2,rsu_0,False,False,"{""event"": 0, ""fast"": 1, ""slow"": 0}",independent_head_argmax,2,2,2,False,fast_head_vehicle_fallback,"[0.170288, 0.183839, 0.154335, 0.041849, 0.449689]",-1.868629,-1.868629,True,False,True,True,0,0,0,0.0
frozen_check,mappo,7,frozen_check_07,6,7,rsu_0,rsu_1,False,False,"{""event"": 0, ""fast"": 1, ""slow"": 0}",independent_head_argmax,2,2,2,False,fast_head_vehicle_fallback,"[0.165223, 0.185786, 0.158472, 0.039703, 0.450816]",-1.842177,-1.842177,True,False,True,True,0,0,0,0.0
frozen_check,mappo,7,frozen_check_07,7,2,rsu_0,rsu_1,False,False,"{""event"": 0, ""fast"": 1, ""slow"": 0}",independent_head_argmax,2,2,2,False,fast_head_vehicle_fallback,"[0.162146, 0.187398, 0.164379, 0.035051, 0.451027]",-1.805583,-1.805583,True,False,True,True,0,0,0,0.0
frozen_check,mappo,7,frozen_check_07,8,8,rsu_1,rsu_2,False,False,"{""event"": 0, ""fast"": 1, ""slow"": 0}",independent_head_argmax,2,2,2,False,fast_head_vehicle_fallback,"[0.151783, 0.200123, 0.183107, 0.02945, 0.435538]",-1.697686,-1.697686,True,False,True,True,0,0,0,0.0
frozen_check,mappo,7,frozen_check_07,9,10,rsu_1,rsu_2,False,False,"{""event"": 0, ""fast"": 1, ""slow"": 0}",independent_head_argmax,2,2,2,False,fast_head_vehicle_fallback,"[0.152143, 0.200385, 0.181979, 0.028409, 0.437084]",-1.703863,-1.703863,True,False,True,True,0,0,0,0.0
regression,mappo,17,regression_00,0,1,rsu_0,rsu_1,True,False,"{""event"": 1, ""fast"": 0, ""slow"": 2}",independent_head_argmax,4,4,4,False,event_head_prepare,"[0.100506, 0.114287, 0.017053, 0.084861, 0.683293]",-0.380831,-0.380831,True,True,True,True,0,9641944,2195,0.0
regression,mappo,17,regression_00,1,4,rsu_0,rsu_1,True,True,"{""event"": 1, ""fast"": 0, ""slow"": 2}",independent_head_argmax,4,4,4,False,event_head_prepare,"[0.092792, 0.0, 0.018751, 0.081781, 0.806675]",-0.214834,-0.214834,True,True,True,True,0,0,2195,0.0
regression,mappo,17,regression_00,2,2,rsu_0,rsu_1,False,False,"{""event"": 0, ""fast"": 1, ""slow"": 1}",independent_head_argmax,0,0,0,False,slow_head_cache_fill,"[0.272473, 0.126177, 0.115393, 0.057449, 0.428508]",-1.300215,-1.300215,True,False,True,True,0,154423432,0,0.0
regression,mappo,17,regression_00,3,3,rsu_1,rsu_2,True,False,"{""event"": 1, ""fast"": 0, ""slow"": 1}",independent_head_argmax,4,4,4,False,event_head_prepare,"[0.133747, 0.117378, 0.032744, 0.083959, 0.632172]",-0.458594,-0.458594,True,True,False,True,0,9641944,2744,8.631628667164668
regression,mappo,17,regression_00,4,5,rsu_1,rsu_2,False,False,"{""event"": 0, ""fast"": 1, ""slow"": 1}",independent_head_argmax,0,0,0,False,slow_head_cache_fill,"[0.310462, 0.121708, 0.139353, 0.04104, 0.387438]",-1.169695,-1.169695,True,False,True,True,0,154423432,0,0.0
regression,mappo,17,regression_01,0,1,rsu_0,rsu_1,True,False,"{""event"": 1, ""fast"": 0, ""slow"": 1}",independent_head_argmax,4,4,4,False,event_head_prepare,"[0.139376, 0.120996, 0.030287, 0.093431, 0.615909]",-0.484655,-0.484655,True,True,True,True,0,9641944,140480,0.0
regression,mappo,17,regression_01,1,2,rsu_0,rsu_1,True,True,"{""event"": 1, ""fast"": 0, ""slow"": 2}",independent_head_argmax,4,4,4,False,event_head_prepare,"[0.114716, 0.0, 0.023935, 0.091236, 0.770112]",-0.261219,-0.261219,True,True,True,True,0,0,140480,0.0
regression,mappo,17,regression_01,2,4,rsu_0,rsu_1,True,True,"{""event"": 1, ""fast"": 0, ""slow"": 2}",independent_head_argmax,4,4,4,False,event_head_prepare,"[0.114311, 0.0, 0.025287, 0.088902, 0.7715]",-0.259419,-0.259419,True,True,True,True,0,0,140480,0.0
regression,mappo,17,regression_01,3,5,rsu_0,rsu_1,True,True,"{""event"": 1, ""fast"": 0, ""slow"": 2}",independent_head_argmax,4,4,4,False,event_head_prepare,"[0.114299, 0.0, 0.026356, 0.087103, 0.772242]",-0.258457,-0.258457,True,True,True,True,0,0,140480,0.0
regression,mappo,17,regression_01,4,3,rsu_1,rsu_2,True,True,"{""event"": 1, ""fast"": 0, ""slow"": 1}",independent_head_argmax,4,4,4,False,event_head_prepare,"[0.152848, 0.0, 0.045302, 0.089535, 0.712315]",-0.339235,-0.339235,True,True,True,True,0,0,210720,0.0
regression,mappo,17,regression_01,5,6,rsu_1,rsu_2,True,True,"{""event"": 1, ""fast"": 0, ""slow"": 1}",independent_head_argmax,4,4,4,False,event_head_prepare,"[0.152902, 0.0, 0.045437, 0.088474, 0.713187]",-0.338012,-0.338012,True,True,True,True,0,0,210720,0.0
regression,mappo,17,regression_01,6,7,rsu_1,rsu_2,True,True,"{""event"": 1, ""fast"": 0, ""slow"": 1}",independent_head_argmax,4,4,4,False,event_head_prepare,"[0.153408, 0.0, 0.050597, 0.082811, 0.713183]",-0.338017,-0.338017,True,True,True,True,0,0,210720,0.0
regression,mappo,17,regression_01,7,8,rsu_1,rsu_2,True,True,"{""event"": 1, ""fast"": 0, ""slow"": 1}",independent_head_argmax,4,4,4,False,event_head_prepare,"[0.145708, 0.0, 0.046463, 0.081726, 0.726103]",-0.320064,-0.320064,True,True,True,True,0,0,175600,0.0
regression,mappo,17,regression_02,0,1,rsu_0,rsu_1,True,False,"{""event"": 1, ""fast"": 0, ""slow"": 1}",independent_head_argmax,4,4,4,False,event_head_prepare,"[0.142422, 0.120702, 0.029805, 0.096392, 0.610679]",-0.493184,-0.493184,True,True,True,True,0,1024667776,2195,0.0
regression,mappo,17,regression_02,1,2,rsu_0,rsu_1,False,False,"{""event"": 0, ""fast"": 1, ""slow"": 1}",independent_head_argmax,0,0,0,False,slow_head_cache_fill,"[0.32812, 0.121177, 0.144837, 0.046984, 0.358883]",-1.114377,-1.114377,True,False,True,True,0,1169449264,0,0.0
regression,mappo,17,regression_02,2,3,rsu_0,rsu_1,True,False,"{""event"": 1, ""fast"": 0, ""slow"": 1}",independent_head_argmax,4,4,4,False,event_head_prepare,"[0.159071, 0.123215, 0.040205, 0.093013, 0.584496]",-0.537005,-0.537005,True,False,True,True,0,0,0,0.0
regression,mappo,17,regression_02,3,4,rsu_1,rsu_2,False,True,"{""event"": 0, ""fast"": 1, ""slow"": 1}",independent_head_argmax,0,0,0,False,slow_head_cache_fill,"[0.328242, 0.0, 0.145657, 0.056719, 0.469382]",-1.114003,-1.114003,True,False,False,True,0,1169449264,0,35.60546116716466
regression,mappo,17,regression_02,4,5,rsu_1,rsu_2,False,False,"{""event"": 0, ""fast"": 1, ""slow"": 1}",independent_head_argmax,0,0,0,False,slow_head_cache_fill,"[0.336535, 0.118109, 0.148998, 0.039861, 0.356497]",-1.089054,-1.089054,True,False,True,True,0,1024667776,0,0.0
regression,mappo,17,regression_02,5,6,rsu_1,rsu_2,False,True,"{""event"": 0, ""fast"": 1, ""slow"": 1}",independent_head_argmax,0,0,0,False,slow_head_cache_fill,"[0.330463, 0.0, 0.151794, 0.048551, 0.469191]",-1.10726,-1.10726,True,False,True,True,0,1169449264,0,0.0
regression,mappo,17,regression_02,6,7,rsu_2,rsu_0,True,True,"{""event"": 1, ""fast"": 0, ""slow"": 1}",independent_head_argmax,4,4,4,False,event_head_prepare,"[0.173595, 0.0, 0.053243, 0.089053, 0.684109]",-0.379639,-0.379639,True,True,False,True,0,0,2744,77.684641000747
regression,mappo,17,regression_03,0,3,rsu_0,,True,False,"{""event"": 1, ""fast"": 0, ""slow"": 1}",independent_head_argmax,4,0,0,True,slow_head_cache_fill,"[0.520436, 0.0, 0.11736, 0.362204, 0.0]",-0.653089,-0.653089,True,False,True,True,0,0,0,0.0
regression,mappo,17,regression_03,1,6,rsu_0,rsu_1,True,False,"{""event"": 1, ""fast"": 0, ""slow"": 1}",independent_head_argmax,4,4,4,False,event_head_prepare,"[0.136806, 0.121198, 0.03121, 0.091316, 0.61947]",-0.478892,-0.478892,True,True,True,True,0,1024667776,140480,0.0
regression,mappo,17,regression_03,2,7,rsu_0,rsu_1,True,True,"{""event"": 1, ""fast"": 0, ""slow"": 2}",independent_head_argmax,4,4,4,False,event_head_prepare,"[0.089346, 0.0, 0.017534, 0.080559, 0.81256]",-0.207565,-0.207565,True,True,True,True,0,0,140480,0.0
regression,mappo,17,regression_03,3,9,rsu_0,rsu_1,True,True,"{""event"": 1, ""fast"": 0, ""slow"": 2}",independent_head_argmax,4,4,4,False,event_head_prepare,"[0.089304, 0.0, 0.018719, 0.078909, 0.813068]",-0.20694,-0.20694,True,True,True,True,0,0,140480,0.0
regression,mappo,17,regression_03,4,1,rsu_0,rsu_1,False,True,"{""event"": 1, ""fast"": 1, ""slow"": 1}",independent_head_argmax,4,4,4,False,event_head_prepare,"[0.223238, 0.0, 0.096075, 0.071457, 0.609229]",-0.495561,-0.495561,False,False,True,False,1,0,0,0.0
regression,mappo,17,regression_03,5,1,rsu_1,,True,False,"{""event"": 1, ""fast"": 0, ""slow"": 1}",independent_head_argmax,4,0,0,True,slow_head_cache_fill,"[0.534067, 0.0, 0.127988, 0.337945, 0.0]",-0.627233,-0.627233,True,False,True,True,0,0,0,0.0
regression,mappo,17,regression_03,6,4,rsu_1,rsu_2,True,True,"{""event"": 1, ""fast"": 0, ""slow"": 2}",independent_head_argmax,4,4,4,False,event_head_prepare,"[0.12735, 0.0, 0.03106, 0.089678, 0.751911]",-0.285137,-0.285137,True,True,True,True,0,0,175600,0.0
regression,mappo,17,regression_03,7,8,rsu_1,rsu_2,True,True,"{""event"": 1, ""fast"": 0, ""slow"": 2}",independent_head_argmax,4,4,4,False,event_head_prepare,"[0.129197, 0.0, 0.036196, 0.085717, 0.74889]",-0.289163,-0.289163,True,True,True,True,0,0,210720,0.0
regression,mappo,17,regression_03,8,2,rsu_1,rsu_2,True,True,"{""event"": 1, ""fast"": 0, ""slow"": 2}",independent_head_argmax,4,4,4,False,event_head_prepare,"[0.125107, 0.0, 0.033927, 0.084393, 0.756573]",-0.278956,-0.278956,True,True,True,True,0,0,175600,0.0
regression,mappo,17,regression_03,9,5,rsu_1,rsu_2,True,True,"{""event"": 1, ""fast"": 0, ""slow"": 2}",independent_head_argmax,4,4,4,False,event_head_prepare,"[0.12338, 0.0, 0.033388, 0.083371, 0.75986]",-0.274621,-0.274621,True,True,True,True,0,0,175600,0.0
regression,mappo,17,regression_03,10,10,rsu_2,,True,False,"{""event"": 1, ""fast"": 0, ""slow"": 1}",independent_head_argmax,4,0,0,True,slow_head_cache_fill,"[0.571173, 0.0, 0.209934, 0.218893, 0.0]",-0.560063,-0.560063,True,False,True,True,0,0,0,0.0
regression,mappo,17,regression_04,0,1,rsu_0,rsu_1,True,False,"{""event"": 1, ""fast"": 0, ""slow"": 1}",independent_head_argmax,4,4,4,False,event_head_prepare,"[0.135542, 0.119188, 0.024872, 0.095734, 0.624663]",-0.470543,-0.470543,True,False,True,True,0,0,0,0.0
regression,mappo,17,regression_04,1,3,rsu_0,rsu_1,True,False,"{""event"": 1, ""fast"": 0, ""slow"": 1}",independent_head_argmax,4,4,4,False,event_head_prepare,"[0.139309, 0.119547, 0.028606, 0.09276, 0.619778]",-0.478395,-0.478395,True,False,True,True,0,0,0,0.0
regression,mappo,17,regression_04,2,2,rsu_1,rsu_2,True,True,"{""event"": 1, ""fast"": 0, ""slow"": 1}",independent_head_argmax,4,4,4,False,event_head_prepare,"[0.136847, 0.0, 0.029059, 0.095845, 0.738249]",-0.303474,-0.303474,True,False,False,True,0,0,0,4.315814333582334
regression,mappo,17,regression_04,3,4,rsu_1,rsu_2,True,True,"{""event"": 1, ""fast"": 0, ""slow"": 1}",independent_head_argmax,4,4,4,False,event_head_prepare,"[0.143845, 0.0, 0.035563, 0.092404, 0.728188]",-0.317196,-0.317196,True,False,True,True,0,0,0,0.0
regression,mappo,17,regression_04,4,5,rsu_2,rsu_0,True,False,"{""event"": 1, ""fast"": 0, ""slow"": 1}",independent_head_argmax,4,4,4,False,event_head_prepare,"[0.198859, 0.119963, 0.056859, 0.086336, 0.537983]",-0.619929,-0.619929,True,False,False,True,0,0,0,33.08790233358234
regression,mappo,17,regression_05,0,1,rsu_0,rsu_1,False,False,"{""event"": 0, ""fast"": 1, ""slow"": 1}",independent_head_argmax,0,0,0,False,slow_head_cache_fill,"[0.223156, 0.128015, 0.083847, 0.075587, 0.489395]",-1.499884,-1.499884,True,False,True,True,0,9641944,0,0.0
regression,mappo,17,regression_05,1,2,rsu_0,rsu_1,True,False,"{""event"": 1, ""fast"": 0, ""slow"": 2}",independent_head_argmax,4,4,4,False,event_head_prepare,"[0.096455, 0.113952, 0.017678, 0.080831, 0.691084]",-0.369494,-0.369494,True,True,True,True,0,9641944,2195,0.0
regression,mappo,17,regression_05,2,3,rsu_1,rsu_2,True,False,"{""event"": 1, ""fast"": 0, ""slow"": 2}",independent_head_argmax,4,4,4,False,event_head_prepare,"[0.110935, 0.115123, 0.022059, 0.083492, 0.668391]",-0.402881,-0.402881,True,True,True,True,0,9641944,2195,0.0
regression,mappo,17,regression_05,3,4,rsu_1,rsu_2,True,True,"{""event"": 1, ""fast"": 0, ""slow"": 2}",independent_head_argmax,4,4,4,False,event_head_prepare,"[0.104081, 0.0, 0.024692, 0.08226, 0.788967]",-0.23703,-0.23703,True,True,True,True,0,0,3841,0.0
regression,mappo,17,regression_05,4,5,rsu_2,rsu_0,True,True,"{""event"": 1, ""fast"": 0, ""slow"": 2}",independent_head_argmax,4,4,4,False,event_head_prepare,"[0.113462, 0.0, 0.027456, 0.082734, 0.776349]",-0.253153,-0.253153,True,True,True,True,0,0,2744,0.0
regression,mappo,17,regression_06,0,1,rsu_0,rsu_1,True,False,"{""event"": 1, ""fast"": 0, ""slow"": 1}",independent_head_argmax,4,4,4,False,event_head_prepare,"[0.189115, 0.127332, 0.052337, 0.095978, 0.535238]",-0.625044,-0.625044,True,False,True,True,0,0,0,0.0
regression,mappo,17,regression_06,1,2,rsu_0,rsu_1,True,False,"{""event"": 1, ""fast"": 0, ""slow"": 1}",independent_head_argmax,4,4,4,False,event_head_prepare,"[0.193686, 0.127424, 0.055939, 0.092601, 0.53035]",-0.634217,-0.634217,True,False,True,True,0,0,0,0.0
regression,mappo,17,regression_06,2,3,rsu_1,rsu_2,True,True,"{""event"": 1, ""fast"": 0, ""slow"": 1}",independent_head_argmax,4,4,4,False,event_head_prepare,"[0.192162, 0.0, 0.059035, 0.096437, 0.652366]",-0.427149,-0.427149,True,False,False,True,0,0,0,4.315814333582334
regression,mappo,17,regression_06,3,4,rsu_1,rsu_2,True,True,"{""event"": 1, ""fast"": 0, ""slow"": 1}",independent_head_argmax,4,4,4,False,event_head_prepare,"[0.201289, 0.0, 0.070849, 0.087722, 0.640141]",-0.446067,-0.446067,True,False,True,True,0,0,0,0.0
regression,mappo,17,regression_06,4,5,rsu_2,rsu_0,True,False,"{""event"": 0, ""fast"": 1, ""slow"": 1}",independent_head_argmax,0,0,0,False,slow_head_cache_fill,"[0.257219, 0.12301, 0.09538, 0.070659, 0.453732]",-1.357826,-1.357826,True,False,False,True,0,0,0,33.08790233358234
regression,mappo,17,regression_07,0,1,rsu_0,rsu_1,True,False,"{""event"": 1, ""fast"": 0, ""slow"": 1}",independent_head_argmax,4,4,4,False,event_head_prepare,"[0.199559, 0.129596, 0.061107, 0.093461, 0.516278]",-0.661111,-0.661111,True,False,True,True,0,0,0,0.0
regression,mappo,17,regression_07,1,4,rsu_0,rsu_1,True,False,"{""event"": 1, ""fast"": 0, ""slow"": 1}",independent_head_argmax,4,4,4,False,event_head_prepare,"[0.204412, 0.129844, 0.068283, 0.087486, 0.509975]",-0.673393,-0.673393,True,False,True,True,0,0,0,0.0
regression,mappo,17,regression_07,2,6,rsu_1,rsu_2,False,False,"{""event"": 0, ""fast"": 1, ""slow"": 1}",independent_head_argmax,0,0,0,False,slow_head_cache_fill,"[0.413982, 0.115351, 0.180469, 0.02853, 0.261668]",-0.881933,-0.881933,True,False,False,True,0,1024667776,0,7.441058316328074
regression,mappo,17,regression_07,3,9,rsu_1,rsu_2,True,False,"{""event"": 0, ""fast"": 0, ""slow"": 1}",independent_head_argmax,0,0,0,False,slow_head_cache_fill,"[0.216633, 0.128847, 0.078754, 0.080166, 0.495599]",-1.52955,-1.52955,True,False,True,True,0,0,0,0.0
regression,mappo,17,regression_07,4,7,rsu_2,rsu_0,False,False,"{""event"": 0, ""fast"": 1, ""slow"": 1}",independent_head_argmax,0,0,0,False,slow_head_cache_fill,"[0.364463, 0.120114, 0.160438, 0.035952, 0.319033]",-1.00933,-1.00933,True,False,False,True,0,1169449264,0,4.315814333582334
regression,mappo,17,regression_07,5,8,rsu_2,rsu_0,True,False,"{""event"": 1, ""fast"": 0, ""slow"": 1}",independent_head_argmax,4,4,4,False,event_head_prepare,"[0.174124, 0.123871, 0.055052, 0.082455, 0.564498]",-0.571819,-0.571819,True,False,True,True,0,0,0,0.0
regression,mappo,17,regression_07,6,10,rsu_0,rsu_1,False,False,"{""event"": 0, ""fast"": 1, ""slow"": 1}",independent_head_argmax,0,0,0,False,slow_head_cache_fill,"[0.345582, 0.120095, 0.153477, 0.037699, 0.343147]",-1.062525,-1.062525,True,False,False,True,0,154423432,0,28.12719867866751
regression,mappo,17,regression_07,7,2,rsu_0,rsu_1,True,False,"{""event"": 1, ""fast"": 0, ""slow"": 1}",independent_head_argmax,4,4,4,False,event_head_prepare,"[0.170012, 0.124708, 0.052488, 0.082996, 0.569796]",-0.562476,-0.562476,True,False,True,True,0,0,0,0.0
regression,mappo,17,regression_07,8,3,rsu_1,rsu_2,False,True,"{""event"": 0, ""fast"": 1, ""slow"": 1}",independent_head_argmax,0,0,0,False,slow_head_cache_fill,"[0.323407, 0.0, 0.151981, 0.046946, 0.477666]",-1.128844,-1.128844,True,False,False,True,0,154423432,0,28.12719867866751
regression,mappo,17,regression_07,9,5,rsu_1,rsu_2,True,True,"{""event"": 1, ""fast"": 0, ""slow"": 1}",independent_head_argmax,4,4,4,False,event_head_prepare,"[0.144621, 0.0, 0.043714, 0.085186, 0.726479]",-0.319546,-0.319546,True,True,True,True,0,0,210720,0.0
regression,mappo,17,regression_07,10,11,rsu_2,rsu_0,True,True,"{""event"": 1, ""fast"": 0, ""slow"": 1}",independent_head_argmax,4,4,4,False,event_head_prepare,"[0.163572, 0.0, 0.056535, 0.08279, 0.697102]",-0.360823,-0.360823,True,True,True,True,0,0,280960,0.0
regression,mappo,17,regression_07,11,12,rsu_2,rsu_0,True,True,"{""event"": 1, ""fast"": 0, ""slow"": 1}",independent_head_argmax,4,4,4,False,event_head_prepare,"[0.149522, 0.0, 0.047739, 0.082667, 0.720072]",-0.328404,-0.328404,True,True,True,True,0,0,210720,0.0
regression,mappo,17,regression_08,0,1,rsu_0,rsu_1,True,False,"{""event"": 1, ""fast"": 0, ""slow"": 2}",independent_head_argmax,4,4,4,False,event_head_prepare,"[0.095204, 0.113847, 0.016425, 0.082419, 0.692105]",-0.368018,-0.368018,True,True,True,True,0,9641944,2195,0.0
regression,mappo,17,regression_08,1,3,rsu_0,rsu_1,True,True,"{""event"": 1, ""fast"": 0, ""slow"": 2}",independent_head_argmax,4,4,4,False,event_head_prepare,"[0.084629, 0.0, 0.014874, 0.080314, 0.820184]",-0.198227,-0.198227,True,True,True,True,0,0,2195,0.0
regression,mappo,17,regression_08,2,2,rsu_1,rsu_2,False,True,"{""event"": 1, ""fast"": 1, ""slow"": 1}",independent_head_argmax,4,4,4,False,event_head_prepare,"[0.235094, 0.0, 0.098802, 0.073147, 0.592957]",-0.522633,-0.522633,False,False,True,False,1,0,0,0.0
regression,mappo,17,regression_08,3,2,rsu_1,rsu_2,False,True,"{""event"": 1, ""fast"": 1, ""slow"": 1}",independent_head_argmax,4,4,4,False,event_head_prepare,"[0.224413, 0.0, 0.093958, 0.074197, 0.607432]",-0.498515,-0.498515,False,False,True,False,2,0,0,0.0
regression,mappo,17,regression_08,4,2,rsu_2,rsu_0,True,False,"{""event"": 1, ""fast"": 0, ""slow"": 1}",independent_head_argmax,4,4,4,False,event_head_prepare,"[0.121757, 0.117857, 0.026793, 0.085957, 0.647636]",-0.434427,-0.434427,True,True,False,True,0,154423432,2744,10.763701492586744
regression,mappo,17,regression_08,5,4,rsu_2,rsu_0,True,True,"{""event"": 1, ""fast"": 0, ""slow"": 2}",independent_head_argmax,4,4,4,False,event_head_prepare,"[0.095985, 0.0, 0.019437, 0.081732, 0.802847]",-0.219591,-0.219591,True,True,True,True,0,0,2744,0.0
regression,mappo,17,regression_08,6,5,rsu_0,rsu_1,False,True,"{""event"": 0, ""fast"": 1, ""slow"": 1}",independent_head_argmax,0,0,0,False,slow_head_cache_fill,"[0.264419, 0.0, 0.119822, 0.060722, 0.555038]",-1.330221,-1.330221,True,False,True,True,0,9641944,0,0.0
regression,mappo,17,regression_08,7,6,rsu_0,rsu_1,False,False,"{""event"": 0, ""fast"": 1, ""slow"": 1}",independent_head_argmax,0,0,0,False,slow_head_cache_fill,"[0.299703, 0.122728, 0.130969, 0.045517, 0.401083]",-1.204962,-1.204962,True,False,True,True,0,154423432,0,0.0
regression,mappo,17,regression_09,0,1,rsu_0,rsu_1,True,False,"{""event"": 1, ""fast"": 0, ""slow"": 1}",independent_head_argmax,4,4,4,False,event_head_prepare,"[0.125128, 0.12108, 0.025882, 0.090721, 0.63719]",-0.450687,-0.450687,True,True,True,True,0,9641944,140480,0.0
regression,mappo,17,regression_09,1,3,rsu_0,rsu_1,True,True,"{""event"": 1, ""fast"": 0, ""slow"": 2}",independent_head_argmax,4,4,4,False,event_head_prepare,"[0.101772, 0.0, 0.020731, 0.086637, 0.79086]",-0.234634,-0.234634,True,True,True,True,0,0,140480,0.0
regression,mappo,17,regression_09,2,5,rsu_1,rsu_2,True,False,"{""event"": 1, ""fast"": 0, ""slow"": 1}",independent_head_argmax,4,4,4,False,event_head_prepare,"[0.134338, 0.12085, 0.030765, 0.08896, 0.625087]",-0.469865,-0.469865,True,True,True,True,0,9641944,140480,0.0
regression,mappo,17,regression_09,3,7,rsu_1,rsu_2,True,True,"{""event"": 1, ""fast"": 0, ""slow"": 2}",independent_head_argmax,4,4,4,False,event_head_prepare,"[0.109463, 0.0, 0.024512, 0.086168, 0.779857]",-0.248645,-0.248645,True,True,True,True,0,0,140480,0.0
regression,mappo,17,regression_09,4,2,rsu_2,rsu_0,True,False,"{""event"": 1, ""fast"": 0, ""slow"": 1}",independent_head_argmax,4,4,4,False,event_head_prepare,"[0.165955, 0.123463, 0.046573, 0.087396, 0.576612]",-0.550585,-0.550585,True,True,True,True,0,154423432,175600,0.0
regression,mappo,17,regression_09,5,4,rsu_2,rsu_0,True,True,"{""event"": 1, ""fast"": 0, ""slow"": 2}",independent_head_argmax,4,4,4,False,event_head_prepare,"[0.129847, 0.0, 0.035614, 0.086078, 0.748461]",-0.289736,-0.289736,True,True,True,True,0,0,175600,0.0
regression,mappo,17,regression_09,6,6,rsu_0,rsu_1,True,True,"{""event"": 1, ""fast"": 0, ""slow"": 1}",independent_head_argmax,4,4,4,False,event_head_prepare,"[0.144478, 0.0, 0.04235, 0.086257, 0.726916]",-0.318944,-0.318944,True,True,True,True,0,0,175600,0.0
regression,mappo,17,regression_09,7,8,rsu_0,rsu_1,True,True,"{""event"": 1, ""fast"": 0, ""slow"": 1}",independent_head_argmax,4,4,4,False,event_head_prepare,"[0.144134, 0.0, 0.044578, 0.083182, 0.728106]",-0.317309,-0.317309,True,True,True,True,0,0,175600,0.0
regression,mappo,17,regression_09,8,9,rsu_1,rsu_2,True,True,"{""event"": 1, ""fast"": 0, ""slow"": 1}",independent_head_argmax,4,4,4,False,event_head_prepare,"[0.162331, 0.0, 0.057173, 0.081336, 0.69916]",-0.357876,-0.357876,True,True,True,True,0,0,280960,0.0
regression,mappo,17,regression_10,0,1,rsu_0,rsu_1,True,False,"{""event"": 1, ""fast"": 0, ""slow"": 1}",independent_head_argmax,4,4,4,False,event_head_prepare,"[0.135027, 0.120709, 0.029213, 0.093543, 0.621508]",-0.475606,-0.475606,True,True,True,True,0,1024667776,2195,0.0
regression,mappo,17,regression_10,1,2,rsu_0,rsu_1,True,True,"{""event"": 1, ""fast"": 0, ""slow"": 2}",independent_head_argmax,4,4,4,False,event_head_prepare,"[0.122272, 0.0, 0.027603, 0.092817, 0.757308]",-0.277985,-0.277985,True,True,True,True,0,0,2195,0.0
regression,mappo,17,regression_10,2,3,rsu_1,rsu_2,False,True,"{""event"": 0, ""fast"": 1, ""slow"": 1}",independent_head_argmax,0,0,0,False,slow_head_cache_fill,"[0.316064, 0.0, 0.148027, 0.053019, 0.482891]",-1.151811,-1.151811,True,False,True,True,0,1169449264,0,0.0
regression,mappo,17,regression_10,3,4,rsu_1,rsu_2,True,True,"{""event"": 1, ""fast"": 0, ""slow"": 1}",independent_head_argmax,4,4,4,False,event_head_prepare,"[0.142922, 0.0, 0.037954, 0.091186, 0.727938]",-0.31754,-0.31754,True,True,True,True,0,0,2744,0.0
regression,mappo,17,regression_10,4,5,rsu_2,rsu_0,True,False,"{""event"": 1, ""fast"": 0, ""slow"": 1}",independent_head_argmax,4,4,4,False,event_head_prepare,"[0.198967, 0.121814, 0.061064, 0.084565, 0.53359]",-0.628128,-0.628128,True,False,True,True,0,0,0,0.0
regression,mappo,17,regression_11,0,3,rsu_0,rsu_1,True,False,"{""event"": 1, ""fast"": 0, ""slow"": 1}",independent_head_argmax,4,4,4,False,event_head_prepare,"[0.121901, 0.121319, 0.027643, 0.088011, 0.641126]",-0.444529,-0.444529,True,True,True,True,0,1024667776,140480,0.0
regression,mappo,17,regression_11,1,1,rsu_0,rsu_1,False,True,"{""event"": 1, ""fast"": 1, ""slow"": 1}",independent_head_argmax,4,4,4,False,event_head_prepare,"[0.206187, 0.0, 0.08523, 0.077367, 0.631216]",-0.460108,-0.460108,False,False,True,False,1,0,0,0.0
regression,mappo,17,regression_11,2,1,rsu_1,rsu_2,True,True,"{""event"": 1, ""fast"": 0, ""slow"": 2}",independent_head_argmax,4,4,4,False,event_head_prepare,"[0.098785, 0.0, 0.020174, 0.085394, 0.795647]",-0.2286,-0.2286,True,True,True,True,0,0,175600,0.0
regression,mappo,17,regression_11,3,4,rsu_1,rsu_2,True,True,"{""event"": 1, ""fast"": 0, ""slow"": 2}",independent_head_argmax,4,4,4,False,event_head_prepare,"[0.102102, 0.0, 0.022732, 0.08387, 0.791296]",-0.234083,-0.234083,True,True,True,True,0,0,175600,0.0
regression,mappo,17,regression_11,4,2,rsu_2,rsu_0,True,False,"{""event"": 1, ""fast"": 0, ""slow"": 1}",independent_head_argmax,4,4,4,False,event_head_prepare,"[0.161685, 0.123289, 0.048867, 0.08276, 0.583398]",-0.538885,-0.538885,True,False,True,True,0,0,0,0.0
regression,mappo,17,regression_11,5,5,rsu_2,rsu_0,False,True,"{""event"": 0, ""fast"": 1, ""slow"": 1}",independent_head_argmax,0,0,0,False,slow_head_cache_fill,"[0.298641, 0.0, 0.142941, 0.050487, 0.507932]",-1.208514,-1.208514,True,False,True,True,0,1024667776,0,0.0
frozen_check,mappo,17,frozen_check_00,0,1,rsu_0,rsu_1,True,False,"{""event"": 1, ""fast"": 0, ""slow"": 2}",independent_head_argmax,4,4,4,False,event_head_prepare,"[0.095538, 0.113954, 0.016526, 0.08251, 0.691472]",-0.368932,-0.368932,True,True,True,True,0,9641944,2195,0.0
frozen_check,mappo,17,frozen_check_00,1,2,rsu_0,rsu_1,True,True,"{""event"": 1, ""fast"": 0, ""slow"": 2}",independent_head_argmax,4,4,4,False,event_head_prepare,"[0.084105, 0.0, 0.015074, 0.07988, 0.820941]",-0.197304,-0.197304,True,True,True,True,0,0,2195,0.0
frozen_check,mappo,17,frozen_check_00,2,3,rsu_1,rsu_2,False,True,"{""event"": 1, ""fast"": 1, ""slow"": 1}",independent_head_argmax,4,4,4,False,event_head_prepare,"[0.235295, 0.0, 0.099803, 0.073545, 0.591357]",-0.525335,-0.525335,False,False,True,False,1,0,0,0.0
frozen_check,mappo,17,frozen_check_00,3,3,rsu_1,rsu_2,False,True,"{""event"": 1, ""fast"": 1, ""slow"": 1}",independent_head_argmax,4,4,4,False,event_head_prepare,"[0.224638, 0.0, 0.09496, 0.074575, 0.605827]",-0.501161,-0.501161,False,False,True,False,2,0,0,0.0
frozen_check,mappo,17,frozen_check_00,4,3,rsu_2,rsu_0,True,False,"{""event"": 1, ""fast"": 0, ""slow"": 1}",independent_head_argmax,4,4,4,False,event_head_prepare,"[0.121992, 0.118872, 0.027203, 0.086586, 0.645347]",-0.437967,-0.437967,True,True,False,True,0,154423432,3292,21.579066
frozen_check,mappo,17,frozen_check_00,5,4,rsu_2,rsu_0,True,True,"{""event"": 1, ""fast"": 0, ""slow"": 2}",independent_head_argmax,4,4,4,False,event_head_prepare,"[0.093743, 0.0, 0.018669, 0.081405, 0.806183]",-0.215444,-0.215444,True,True,True,True,0,0,2744,0.0
frozen_check,mappo,17,frozen_check_00,6,5,rsu_0,rsu_1,True,False,"{""event"": 1, ""fast"": 0, ""slow"": 1}",independent_head_argmax,4,4,4,False,event_head_prepare,"[0.136208, 0.118647, 0.034615, 0.083901, 0.626628]",-0.467402,-0.467402,True,True,True,True,0,154423432,2744,0.0
frozen_check,mappo,17,frozen_check_00,7,6,rsu_0,rsu_1,False,False,"{""event"": 0, ""fast"": 1, ""slow"": 1}",independent_head_argmax,0,0,0,False,slow_head_cache_fill,"[0.272222, 0.124247, 0.117259, 0.05211, 0.434162]",-1.301137,-1.301137,True,False,True,True,0,9641944,0,0.0
frozen_check,mappo,17,frozen_check_00,8,7,rsu_1,rsu_2,True,True,"{""event"": 1, ""fast"": 0, ""slow"": 2}",independent_head_argmax,4,4,4,False,event_head_prepare,"[0.117285, 0.0, 0.028762, 0.083235, 0.770718]",-0.260433,-0.260433,True,True,False,True,0,0,2744,61.14068700000001
frozen_check,mappo,17,frozen_check_01,0,1,rsu_0,rsu_1,True,False,"{""event"": 1, ""fast"": 0, ""slow"": 1}",independent_head_argmax,4,4,4,False,event_head_prepare,"[0.125128, 0.12108, 0.025882, 0.090721, 0.63719]",-0.450687,-0.450687,True,True,True,True,0,9641944,140480,0.0
frozen_check,mappo,17,frozen_check_01,1,3,rsu_0,rsu_1,True,True,"{""event"": 1, ""fast"": 0, ""slow"": 2}",independent_head_argmax,4,4,4,False,event_head_prepare,"[0.104026, 0.0, 0.021339, 0.087226, 0.787408]",-0.239008,-0.239008,True,True,True,True,0,0,140480,0.0
frozen_check,mappo,17,frozen_check_01,2,4,rsu_1,rsu_2,True,False,"{""event"": 1, ""fast"": 0, ""slow"": 1}",independent_head_argmax,4,4,4,False,event_head_prepare,"[0.138568, 0.121032, 0.033195, 0.088176, 0.619029]",-0.479603,-0.479603,True,True,True,True,0,9641944,140480,0.0
frozen_check,mappo,17,frozen_check_01,3,2,rsu_1,rsu_2,True,True,"{""event"": 1, ""fast"": 0, ""slow"": 2}",independent_head_argmax,4,4,4,False,event_head_prepare,"[0.121541, 0.0, 0.0292, 0.088673, 0.760586]",-0.273666,-0.273666,True,True,True,True,0,0,175600,0.0
frozen_check,mappo,17,frozen_check_01,4,5,rsu_2,rsu_0,True,False,"{""event"": 1, ""fast"": 0, ""slow"": 1}",independent_head_argmax,4,4,4,False,event_head_prepare,"[0.186995, 0.124661, 0.065887, 0.077376, 0.545081]",-0.60682,-0.60682,True,True,True,True,0,154423432,245840,0.0
frozen_check,mappo,17,frozen_check_01,5,6,rsu_2,rsu_0,True,True,"{""event"": 1, ""fast"": 0, ""slow"": 1}",independent_head_argmax,4,4,4,False,event_head_prepare,"[0.14077, 0.0, 0.043629, 0.08289, 0.732711]",-0.311004,-0.311004,True,True,True,True,0,0,175600,0.0
frozen_check,mappo,17,frozen_check_01,6,7,rsu_0,rsu_1,True,True,"{""event"": 1, ""fast"": 0, ""slow"": 1}",independent_head_argmax,4,4,4,False,event_head_prepare,"[0.155275, 0.0, 0.051265, 0.082382, 0.711079]",-0.340972,-0.340972,True,True,True,True,0,0,210720,0.0
frozen_check,mappo,17,frozen_check_02,0,1,rsu_0,rsu_1,True,False,"{""event"": 1, ""fast"": 0, ""slow"": 1}",independent_head_argmax,4,4,4,False,event_head_prepare,"[0.135147, 0.120688, 0.029855, 0.093029, 0.621281]",-0.475972,-0.475972,True,True,True,True,0,1024667776,2195,0.0
frozen_check,mappo,17,frozen_check_02,1,2,rsu_0,rsu_1,True,True,"{""event"": 1, ""fast"": 0, ""slow"": 2}",independent_head_argmax,4,4,4,False,event_head_prepare,"[0.122122, 0.0, 0.026673, 0.093626, 0.757578]",-0.277628,-0.277628,True,True,True,True,0,0,2195,0.0
frozen_check,mappo,17,frozen_check_02,2,3,rsu_1,rsu_2,False,True,"{""event"": 0, ""fast"": 1, ""slow"": 1}",independent_head_argmax,0,0,0,False,slow_head_cache_fill,"[0.314654, 0.0, 0.140218, 0.059033, 0.486095]",-1.156282,-1.156282,True,False,True,True,0,1169449264,0,0.0
frozen_check,mappo,17,frozen_check_02,3,4,rsu_1,rsu_2,False,False,"{""event"": 0, ""fast"": 1, ""slow"": 1}",independent_head_argmax,0,0,0,False,slow_head_cache_fill,"[0.330627, 0.119548, 0.14424, 0.042801, 0.362784]",-1.106765,-1.106765,True,False,True,True,0,1024667776,0,0.0
frozen_check,mappo,17,frozen_check_02,4,5,rsu_2,rsu_0,True,False,"{""event"": 1, ""fast"": 0, ""slow"": 1}",independent_head_argmax,4,4,4,False,event_head_prepare,"[0.201216, 0.122227, 0.069654, 0.077913, 0.52899]",-0.636786,-0.636786,True,False,False,True,0,0,0,38.48266883358234
frozen_check,mappo,17,frozen_check_03,0,3,rsu_0,rsu_1,True,False,"{""event"": 1, ""fast"": 0, ""slow"": 1}",independent_head_argmax,4,4,4,False,event_head_prepare,"[0.126894, 0.121668, 0.030556, 0.087663, 0.633219]",-0.456939,-0.456939,True,True,True,True,0,1024667776,140480,0.0
frozen_check,mappo,17,frozen_check_03,1,1,rsu_0,rsu_1,False,True,"{""event"": 1, ""fast"": 1, ""slow"": 1}",independent_head_argmax,4,4,4,False,event_head_prepare,"[0.204802, 0.0, 0.084016, 0.078219, 0.632963]",-0.457343,-0.457343,False,False,True,False,1,0,0,0.0
frozen_check,mappo,17,frozen_check_03,2,1,rsu_1,rsu_2,True,True,"{""event"": 1, ""fast"": 0, ""slow"": 2}",independent_head_argmax,4,4,4,False,event_head_prepare,"[0.098112, 0.0, 0.019801, 0.08547, 0.796617]",-0.227381,-0.227381,True,True,True,True,0,0,175600,0.0
frozen_check,mappo,17,frozen_check_03,3,4,rsu_1,rsu_2,True,True,"{""event"": 1, ""fast"": 0, ""slow"": 2}",independent_head_argmax,4,4,4,False,event_head_prepare,"[0.099872, 0.0, 0.021589, 0.083932, 0.794607]",-0.229907,-0.229907,True,True,True,True,0,0,175600,0.0
frozen_check,mappo,17,frozen_check_03,4,2,rsu_2,rsu_0,True,False,"{""event"": 1, ""fast"": 0, ""slow"": 1}",independent_head_argmax,4,4,4,False,event_head_prepare,"[0.15566, 0.123393, 0.045072, 0.084569, 0.591307]",-0.525421,-0.525421,True,False,True,True,0,0,0,0.0
frozen_check,mappo,17,frozen_check_03,5,5,rsu_2,rsu_0,True,False,"{""event"": 1, ""fast"": 0, ""slow"": 1}",independent_head_argmax,4,4,4,False,event_head_prepare,"[0.158565, 0.123876, 0.048951, 0.080916, 0.587692]",-0.531552,-0.531552,True,False,True,True,0,0,0,0.0
frozen_check,mappo,17,frozen_check_03,6,6,rsu_0,rsu_1,False,True,"{""event"": 0, ""fast"": 1, ""slow"": 1}",independent_head_argmax,0,0,0,False,slow_head_cache_fill,"[0.270961, 0.0, 0.129324, 0.053313, 0.546402]",-1.30578,-1.30578,True,False,False,True,0,1169449264,0,53.947665
frozen_check,mappo,17,frozen_check_04,0,1,rsu_0,rsu_1,True,False,"{""event"": 1, ""fast"": 0, ""slow"": 1}",independent_head_argmax,4,4,4,False,event_head_prepare,"[0.136588, 0.119316, 0.028257, 0.09339, 0.62245]",-0.474092,-0.474092,True,False,True,True,0,0,0,0.0
frozen_check,mappo,17,frozen_check_04,1,2,rsu_0,rsu_1,False,True,"{""event"": 0, ""fast"": 1, ""slow"": 1}",independent_head_argmax,0,0,0,False,slow_head_cache_fill,"[0.277902, 0.0, 0.110365, 0.077661, 0.534072]",-1.280486,-1.280486,True,False,True,True,0,154423432,0,0.0
frozen_check,mappo,17,frozen_check_04,2,3,rsu_1,rsu_2,True,True,"{""event"": 1, ""fast"": 0, ""slow"": 2}",independent_head_argmax,4,4,4,False,event_head_prepare,"[0.13103, 0.0, 0.026187, 0.096292, 0.746491]",-0.292372,-0.292372,True,False,False,True,0,0,0,31.289646833582335
frozen_check,mappo,17,frozen_check_04,3,4,rsu_1,rsu_2,True,True,"{""event"": 1, ""fast"": 0, ""slow"": 1}",independent_head_argmax,4,4,4,False,event_head_prepare,"[0.131828, 0.0, 0.027888, 0.094133, 0.746151]",-0.292827,-0.292827,True,False,True,True,0,0,0,0.0
frozen_check,mappo,17,frozen_check_04,4,5,rsu_2,rsu_0,False,False,"{""event"": 0, ""fast"": 1, ""slow"": 1}",independent_head_argmax,0,0,0,False,slow_head_cache_fill,"[0.335444, 0.116987, 0.140289, 0.045446, 0.361834]",-1.0923,-1.0923,True,False,False,True,0,9641944,0,39.921275500746994
frozen_check,mappo,17,frozen_check_04,5,6,rsu_2,rsu_0,False,True,"{""event"": 0, ""fast"": 1, ""slow"": 1}",independent_head_argmax,0,0,0,False,slow_head_cache_fill,"[0.327489, 0.0, 0.14242, 0.05413, 0.47596]",-1.1163,-1.1163,True,False,True,True,0,154423432,0,0.0
frozen_check,mappo,17,frozen_check_04,6,7,rsu_0,rsu_1,True,True,"{""event"": 1, ""fast"": 0, ""slow"": 1}",independent_head_argmax,4,4,4,False,event_head_prepare,"[0.163901, 0.0, 0.043911, 0.091428, 0.700761]",-0.355589,-0.355589,True,False,False,True,0,0,0,72.98597340397282
frozen_check,mappo,17,frozen_check_05,0,1,rsu_0,rsu_1,False,False,"{""event"": 0, ""fast"": 1, ""slow"": 1}",independent_head_argmax,0,0,0,False,slow_head_cache_fill,"[0.222817, 0.127998, 0.083665, 0.075668, 0.489852]",-1.501405,-1.501405,True,False,True,True,0,9641944,0,0.0
frozen_check,mappo,17,frozen_check_05,1,2,rsu_0,rsu_1,True,False,"{""event"": 1, ""fast"": 0, ""slow"": 2}",independent_head_argmax,4,4,4,False,event_head_prepare,"[0.09395, 0.11361, 0.016738, 0.080575, 0.695127]",-0.363661,-0.363661,True,True,True,True,0,9641944,2195,0.0
frozen_check,mappo,17,frozen_check_05,2,3,rsu_1,rsu_2,True,False,"{""event"": 1, ""fast"": 0, ""slow"": 2}",independent_head_argmax,4,4,4,False,event_head_prepare,"[0.105649, 0.114561, 0.020487, 0.082815, 0.676488]",-0.390841,-0.390841,True,True,True,True,0,9641944,2195,0.0
frozen_check,mappo,17,frozen_check_05,3,4,rsu_1,rsu_2,True,True,"{""event"": 1, ""fast"": 0, ""slow"": 2}",independent_head_argmax,4,4,4,False,event_head_prepare,"[0.095185, 0.0, 0.019871, 0.081721, 0.803223]",-0.219123,-0.219123,True,True,True,True,0,0,3292,0.0
frozen_check,mappo,17,frozen_check_05,4,5,rsu_2,rsu_0,True,True,"{""event"": 1, ""fast"": 0, ""slow"": 2}",independent_head_argmax,4,4,4,False,event_head_prepare,"[0.106173, 0.0, 0.023624, 0.083395, 0.786808]",-0.239771,-0.239771,True,True,True,True,0,0,2744,0.0
frozen_check,mappo,17,frozen_check_05,5,6,rsu_2,rsu_0,True,True,"{""event"": 1, ""fast"": 0, ""slow"": 2}",independent_head_argmax,4,4,4,False,event_head_prepare,"[0.108581, 0.0, 0.026288, 0.082039, 0.783092]",-0.244505,-0.244505,True,True,True,True,0,0,3292,0.0
frozen_check,mappo,17,frozen_check_05,6,7,rsu_0,rsu_1,True,True,"{""event"": 1, ""fast"": 0, ""slow"": 2}",independent_head_argmax,4,4,4,False,event_head_prepare,"[0.116901, 0.0, 0.02862, 0.083158, 0.771321]",-0.25965,-0.25965,True,True,True,True,0,0,2744,0.0
frozen_check,mappo,17,frozen_check_06,0,1,rsu_0,rsu_1,True,False,"{""event"": 1, ""fast"": 0, ""slow"": 1}",independent_head_argmax,4,4,4,False,event_head_prepare,"[0.189565, 0.127385, 0.054141, 0.094531, 0.534378]",-0.626652,-0.626652,True,False,True,True,0,0,0,0.0
frozen_check,mappo,17,frozen_check_06,1,2,rsu_0,rsu_1,True,False,"{""event"": 1, ""fast"": 0, ""slow"": 1}",independent_head_argmax,4,4,4,False,event_head_prepare,"[0.191788, 0.127602, 0.054736, 0.093302, 0.532572]",-0.630037,-0.630037,True,False,True,True,0,0,0,0.0
frozen_check,mappo,17,frozen_check_06,2,3,rsu_1,rsu_2,True,True,"{""event"": 1, ""fast"": 0, ""slow"": 1}",independent_head_argmax,4,4,4,False,event_head_prepare,"[0.187943, 0.0, 0.05625, 0.097871, 0.657936]",-0.418647,-0.418647,True,False,False,True,0,0,0,4.315814333582334
frozen_check,mappo,17,frozen_check_06,3,4,rsu_1,rsu_2,False,False,"{""event"": 0, ""fast"": 1, ""slow"": 1}",independent_head_argmax,0,0,0,False,slow_head_cache_fill,"[0.39206, 0.115112, 0.167654, 0.032385, 0.292788]",-0.93634,-0.93634,True,False,True,True,0,1024667776,0,0.0
frozen_check,mappo,17,frozen_check_06,4,5,rsu_2,rsu_0,True,False,"{""event"": 0, ""fast"": 1, ""slow"": 1}",independent_head_argmax,0,0,0,False,slow_head_cache_fill,"[0.254375, 0.123331, 0.092947, 0.073166, 0.456181]",-1.368945,-1.368945,True,False,False,True,0,0,0,19.338798408804664
frozen_check,mappo,17,frozen_check_06,5,6,rsu_2,rsu_0,True,False,"{""event"": 0, ""fast"": 1, ""slow"": 1}",independent_head_argmax,0,0,0,False,slow_head_cache_fill,"[0.25293, 0.124641, 0.096639, 0.068559, 0.45723]",-1.374643,-1.374643,True,False,True,True,0,0,0,0.0
frozen_check,mappo,17,frozen_check_07,0,3,rsu_0,rsu_1,True,False,"{""event"": 1, ""fast"": 0, ""slow"": 1}",independent_head_argmax,4,4,4,False,event_head_prepare,"[0.206894, 0.129116, 0.067143, 0.090081, 0.506767]",-0.679705,-0.679705,True,False,True,True,0,0,0,0.0
frozen_check,mappo,17,frozen_check_07,1,5,rsu_0,rsu_1,True,False,"{""event"": 1, ""fast"": 0, ""slow"": 1}",independent_head_argmax,4,4,4,False,event_head_prepare,"[0.205416, 0.129727, 0.069784, 0.086253, 0.508819]",-0.675662,-0.675662,True,False,True,True,0,0,0,0.0
frozen_check,mappo,17,frozen_check_07,2,6,rsu_1,rsu_2,False,False,"{""event"": 0, ""fast"": 1, ""slow"": 1}",independent_head_argmax,0,0,0,False,slow_head_cache_fill,"[0.416391, 0.114828, 0.181078, 0.0279, 0.259802]",-0.876131,-0.876131,True,False,False,True,0,1024667776,0,10.481260952452097
frozen_check,mappo,17,frozen_check_07,3,9,rsu_1,rsu_2,True,False,"{""event"": 0, ""fast"": 0, ""slow"": 1}",independent_head_argmax,0,0,0,False,slow_head_cache_fill,"[0.213658, 0.129127, 0.076294, 0.08126, 0.499661]",-1.543378,-1.543378,True,False,True,True,0,0,0,0.0
frozen_check,mappo,17,frozen_check_07,4,1,rsu_2,rsu_0,False,False,"{""event"": 0, ""fast"": 1, ""slow"": 1}",independent_head_argmax,0,0,0,False,slow_head_cache_fill,"[0.369952, 0.119104, 0.163434, 0.033407, 0.314103]",-0.994382,-0.994382,True,False,False,True,0,1169449264,0,6.165446618869764
frozen_check,mappo,17,frozen_check_07,5,4,rsu_2,rsu_0,True,False,"{""event"": 1, ""fast"": 0, ""slow"": 1}",independent_head_argmax,4,4,4,False,event_head_prepare,"[0.161976, 0.123948, 0.046584, 0.085342, 0.582148]",-0.54103,-0.54103,True,False,True,True,0,0,0,0.0
frozen_check,mappo,17,frozen_check_07,6,7,rsu_0,rsu_1,False,False,"{""event"": 0, ""fast"": 1, ""slow"": 1}",independent_head_argmax,0,0,0,False,slow_head_cache_fill,"[0.358686, 0.117338, 0.156021, 0.035627, 0.332329]",-1.025309,-1.025309,True,False,False,True,0,154423432,0,4.315814333582334
frozen_check,mappo,17,frozen_check_07,7,2,rsu_0,rsu_1,True,False,"{""event"": 1, ""fast"": 0, ""slow"": 1}",independent_head_argmax,4,4,4,False,event_head_prepare,"[0.180331, 0.125299, 0.061128, 0.078565, 0.554677]",-0.589368,-0.589368,True,False,True,True,0,0,0,0.0
frozen_check,mappo,17,frozen_check_07,8,8,rsu_1,rsu_2,False,True,"{""event"": 0, ""fast"": 1, ""slow"": 1}",independent_head_argmax,0,0,0,False,slow_head_cache_fill,"[0.33813, 0.0, 0.159024, 0.043195, 0.459651]",-1.084325,-1.084325,True,False,False,True,0,154423432,0,34.52650616679117
frozen_check,mappo,17,frozen_check_07,9,10,rsu_1,rsu_2,True,True,"{""event"": 1, ""fast"": 0, ""slow"": 1}",independent_head_argmax,4,4,4,False,event_head_prepare,"[0.152101, 0.0, 0.050816, 0.081799, 0.715284]",-0.335076,-0.335076,True,True,True,True,0,0,245840,0.0
regression,mappo,29,regression_00,0,1,rsu_0,rsu_1,True,False,"{""event"": 1, ""fast"": 0, ""slow"": 1}",independent_head_argmax,4,4,4,False,event_head_prepare,"[0.190285, 0.175703, 0.041838, 0.056584, 0.535589]",-0.624387,-0.624387,True,True,True,True,0,9641944,2195,0.0
regression,mappo,29,regression_00,1,4,rsu_0,rsu_1,True,True,"{""event"": 1, ""fast"": 0, ""slow"": 1}",independent_head_argmax,4,4,4,False,event_head_prepare,"[0.227415, 0.0, 0.038713, 0.064348, 0.669526]",-0.401186,-0.401186,True,True,True,True,0,0,2195,0.0
regression,mappo,29,regression_00,2,2,rsu_0,rsu_1,False,False,"{""event"": 0, ""fast"": 1, ""slow"": 1}",independent_head_argmax,0,0,0,False,slow_head_cache_fill,"[0.210445, 0.186273, 0.073784, 0.06314, 0.466358]",-1.558529,-1.558529,True,False,True,True,0,154423432,0,0.0
regression,mappo,29,regression_00,3,3,rsu_1,rsu_2,True,False,"{""event"": 1, ""fast"": 0, ""slow"": 1}",independent_head_argmax,4,4,4,False,event_head_prepare,"[0.190686, 0.16671, 0.040964, 0.057458, 0.544182]",-0.608471,-0.608471,True,True,False,True,0,9641944,2744,8.631628667164668
regression,mappo,29,regression_00,4,5,rsu_1,rsu_2,False,False,"{""event"": 0, ""fast"": 1, ""slow"": 1}",independent_head_argmax,0,0,0,False,slow_head_cache_fill,"[0.206191, 0.176135, 0.072072, 0.063859, 0.481743]",-1.578952,-1.578952,True,False,True,True,0,154423432,0,0.0
regression,mappo,29,regression_01,0,1,rsu_0,rsu_1,True,False,"{""event"": 1, ""fast"": 0, ""slow"": 1}",independent_head_argmax,4,4,4,False,event_head_prepare,"[0.19485, 0.18271, 0.04907, 0.059124, 0.514246]",-0.665054,-0.665054,True,True,True,True,0,9641944,140480,0.0
regression,mappo,29,regression_01,1,2,rsu_0,rsu_1,True,True,"{""event"": 1, ""fast"": 0, ""slow"": 1}",independent_head_argmax,4,4,4,False,event_head_prepare,"[0.24576, 0.0, 0.046004, 0.069317, 0.638919]",-0.447978,-0.447978,True,True,True,True,0,0,140480,0.0
regression,mappo,29,regression_01,2,4,rsu_0,rsu_1,True,True,"{""event"": 1, ""fast"": 0, ""slow"": 1}",independent_head_argmax,4,4,4,False,event_head_prepare,"[0.243924, 0.0, 0.045381, 0.068893, 0.641803]",-0.443474,-0.443474,True,True,True,True,0,0,140480,0.0
regression,mappo,29,regression_01,3,5,rsu_0,rsu_1,True,True,"{""event"": 1, ""fast"": 0, ""slow"": 1}",independent_head_argmax,4,4,4,False,event_head_prepare,"[0.243694, 0.0, 0.045324, 0.068969, 0.642013]",-0.443146,-0.443146,True,True,True,True,0,0,140480,0.0
regression,mappo,29,regression_01,4,3,rsu_1,rsu_2,True,True,"{""event"": 1, ""fast"": 0, ""slow"": 1}",independent_head_argmax,4,4,4,False,event_head_prepare,"[0.240823, 0.0, 0.044735, 0.067877, 0.646565]",-0.436081,-0.436081,True,True,True,True,0,0,210720,0.0
regression,mappo,29,regression_01,5,6,rsu_1,rsu_2,True,True,"{""event"": 1, ""fast"": 0, ""slow"": 1}",independent_head_argmax,4,4,4,False,event_head_prepare,"[0.24344, 0.0, 0.044916, 0.068451, 0.643192]",-0.441312,-0.441312,True,True,True,True,0,0,210720,0.0
regression,mappo,29,regression_01,6,7,rsu_1,rsu_2,True,True,"{""event"": 1, ""fast"": 0, ""slow"": 1}",independent_head_argmax,4,4,4,False,event_head_prepare,"[0.236607, 0.0, 0.043927, 0.067365, 0.652101]",-0.427555,-0.427555,True,True,True,True,0,0,210720,0.0
regression,mappo,29,regression_01,7,8,rsu_1,rsu_2,True,True,"{""event"": 1, ""fast"": 0, ""slow"": 1}",independent_head_argmax,4,4,4,False,event_head_prepare,"[0.23612, 0.0, 0.043528, 0.067527, 0.652825]",-0.426446,-0.426446,True,True,True,True,0,0,175600,0.0
regression,mappo,29,regression_02,0,1,rsu_0,rsu_1,True,False,"{""event"": 1, ""fast"": 0, ""slow"": 1}",independent_head_argmax,4,4,4,False,event_head_prepare,"[0.194635, 0.18002, 0.053062, 0.060084, 0.5122]",-0.66904,-0.66904,True,True,True,True,0,1024667776,2195,0.0
regression,mappo,29,regression_02,1,2,rsu_0,rsu_1,False,False,"{""event"": 0, ""fast"": 1, ""slow"": 1}",independent_head_argmax,0,0,0,False,slow_head_cache_fill,"[0.20606, 0.188189, 0.090455, 0.064252, 0.451044]",-1.579587,-1.579587,True,False,True,True,0,1169449264,0,0.0
regression,mappo,29,regression_02,2,3,rsu_0,rsu_1,True,False,"{""event"": 1, ""fast"": 0, ""slow"": 1}",independent_head_argmax,4,4,4,False,event_head_prepare,"[0.194993, 0.177348, 0.0547, 0.060074, 0.512885]",-0.667704,-0.667704,True,False,True,True,0,0,0,0.0
regression,mappo,29,regression_02,3,4,rsu_1,rsu_2,False,True,"{""event"": 0, ""fast"": 1, ""slow"": 1}",independent_head_argmax,0,0,0,False,slow_head_cache_fill,"[0.275476, 0.0, 0.084295, 0.079344, 0.560884]",-1.289254,-1.289254,True,False,False,True,0,1169449264,0,35.60546116716466
regression,mappo,29,regression_02,4,5,rsu_1,rsu_2,False,False,"{""event"": 0, ""fast"": 1, ""slow"": 1}",independent_head_argmax,0,0,0,False,slow_head_cache_fill,"[0.211522, 0.176496, 0.083851, 0.064795, 0.463336]",-1.553427,-1.553427,True,False,True,True,0,1024667776,0,0.0
regression,mappo,29,regression_02,5,6,rsu_1,rsu_2,False,True,"{""event"": 0, ""fast"": 1, ""slow"": 1}",independent_head_argmax,0,0,0,False,slow_head_cache_fill,"[0.272028, 0.0, 0.083828, 0.079203, 0.564941]",-1.30185,-1.30185,True,False,True,True,0,1169449264,0,0.0
regression,mappo,29,regression_02,6,7,rsu_2,rsu_0,True,True,"{""event"": 1, ""fast"": 0, ""slow"": 1}",independent_head_argmax,4,4,4,False,event_head_prepare,"[0.243084, 0.0, 0.047461, 0.070109, 0.639346]",-0.44731,-0.44731,True,True,False,True,0,0,2744,77.684641000747
regression,mappo,29,regression_03,0,3,rsu_0,,True,False,"{""event"": 1, ""fast"": 0, ""slow"": 2}",independent_head_argmax,4,0,0,True,slow_head_cache_fill,"[0.620045, 0.0, 0.164313, 0.215643, 0.0]",-0.477964,-0.477964,True,False,True,True,0,0,0,0.0
regression,mappo,29,regression_03,1,6,rsu_0,rsu_1,True,False,"{""event"": 1, ""fast"": 0, ""slow"": 2}",independent_head_argmax,4,4,4,False,event_head_prepare,"[0.182197, 0.187379, 0.046819, 0.060886, 0.52272]",-0.648709,-0.648709,True,True,True,True,0,1024667776,140480,0.0
regression,mappo,29,regression_03,2,7,rsu_0,rsu_1,True,True,"{""event"": 1, ""fast"": 0, ""slow"": 1}",independent_head_argmax,4,4,4,False,event_head_prepare,"[0.229614, 0.0, 0.039306, 0.06707, 0.66401]",-0.409459,-0.409459,True,True,True,True,0,0,140480,0.0
regression,mappo,29,regression_03,3,9,rsu_0,rsu_1,True,True,"{""event"": 1, ""fast"": 0, ""slow"": 1}",independent_head_argmax,4,4,4,False,event_head_prepare,"[0.226602, 0.0, 0.03894, 0.066582, 0.667876]",-0.403653,-0.403653,True,True,True,True,0,0,140480,0.0
regression,mappo,29,regression_03,4,1,rsu_0,rsu_1,False,True,"{""event"": 0, ""fast"": 0, ""slow"": 1}",independent_head_argmax,0,0,0,False,slow_head_cache_fill,"[0.264263, 0.0, 0.069532, 0.078298, 0.587907]",-1.33081,-1.33081,True,False,True,True,0,1169449264,0,0.0
regression,mappo,29,regression_03,5,4,rsu_1,,True,False,"{""event"": 1, ""fast"": 0, ""slow"": 1}",independent_head_argmax,4,0,0,True,slow_head_cache_fill,"[0.646535, 0.0, 0.145866, 0.207599, 0.0]",-0.436128,-0.436128,True,False,False,True,0,0,0,7.193022
regression,mappo,29,regression_03,6,8,rsu_1,rsu_2,True,True,"{""event"": 1, ""fast"": 0, ""slow"": 1}",independent_head_argmax,4,4,4,False,event_head_prepare,"[0.228859, 0.0, 0.038582, 0.066129, 0.666431]",-0.405819,-0.405819,True,True,True,True,0,0,210720,0.0
regression,mappo,29,regression_03,7,2,rsu_1,rsu_2,True,True,"{""event"": 1, ""fast"": 0, ""slow"": 1}",independent_head_argmax,4,4,4,False,event_head_prepare,"[0.230993, 0.0, 0.038361, 0.066587, 0.66406]",-0.409384,-0.409384,True,True,True,True,0,0,175600,0.0
regression,mappo,29,regression_03,8,5,rsu_1,rsu_2,True,True,"{""event"": 1, ""fast"": 0, ""slow"": 1}",independent_head_argmax,4,4,4,False,event_head_prepare,"[0.232932, 0.0, 0.038664, 0.067164, 0.661241]",-0.413638,-0.413638,True,True,True,True,0,0,175600,0.0
regression,mappo,29,regression_03,9,10,rsu_1,rsu_2,True,True,"{""event"": 1, ""fast"": 0, ""slow"": 1}",independent_head_argmax,4,4,4,False,event_head_prepare,"[0.222925, 0.0, 0.03843, 0.06545, 0.673195]",-0.395721,-0.395721,True,True,True,True,0,0,280960,0.0
regression,mappo,29,regression_04,0,1,rsu_0,rsu_1,True,False,"{""event"": 1, ""fast"": 0, ""slow"": 1}",independent_head_argmax,4,4,4,False,event_head_prepare,"[0.195263, 0.184509, 0.055071, 0.060839, 0.504317]",-0.68455,-0.68455,True,False,True,True,0,0,0,0.0
regression,mappo,29,regression_04,1,3,rsu_0,rsu_1,True,False,"{""event"": 1, ""fast"": 0, ""slow"": 1}",independent_head_argmax,4,4,4,False,event_head_prepare,"[0.194942, 0.17901, 0.05415, 0.060794, 0.511105]",-0.67118,-0.67118,True,False,True,True,0,0,0,0.0
regression,mappo,29,regression_04,2,2,rsu_1,rsu_2,True,True,"{""event"": 1, ""fast"": 0, ""slow"": 1}",independent_head_argmax,4,4,4,False,event_head_prepare,"[0.247247, 0.0, 0.05018, 0.071052, 0.631521]",-0.459624,-0.459624,True,False,False,True,0,0,0,4.315814333582334
regression,mappo,29,regression_04,3,4,rsu_1,rsu_2,True,True,"{""event"": 1, ""fast"": 0, ""slow"": 1}",independent_head_argmax,4,4,4,False,event_head_prepare,"[0.243893, 0.0, 0.049318, 0.070366, 0.636424]",-0.451891,-0.451891,True,False,True,True,0,0,0,0.0
regression,mappo,29,regression_04,4,5,rsu_2,rsu_0,True,False,"{""event"": 1, ""fast"": 0, ""slow"": 1}",independent_head_argmax,4,4,4,False,event_head_prepare,"[0.198077, 0.171799, 0.054515, 0.062528, 0.513081]",-0.667323,-0.667323,True,False,False,True,0,0,0,33.08790233358234
regression,mappo,29,regression_05,0,1,rsu_0,rsu_1,False,False,"{""event"": 0, ""fast"": 1, ""slow"": 1}",independent_head_argmax,0,0,0,False,slow_head_cache_fill,"[0.209204, 0.18677, 0.067568, 0.06076, 0.475698]",-1.564444,-1.564444,True,False,True,True,0,9641944,0,0.0
regression,mappo,29,regression_05,1,2,rsu_0,rsu_1,True,False,"{""event"": 1, ""fast"": 0, ""slow"": 1}",independent_head_argmax,4,4,4,False,event_head_prepare,"[0.189119, 0.168996, 0.040317, 0.055529, 0.546039]",-0.605065,-0.605065,True,True,True,True,0,9641944,2195,0.0
regression,mappo,29,regression_05,2,3,rsu_1,rsu_2,True,False,"{""event"": 1, ""fast"": 0, ""slow"": 1}",independent_head_argmax,4,4,4,False,event_head_prepare,"[0.192261, 0.167977, 0.040357, 0.056598, 0.542808]",-0.611,-0.611,True,True,True,True,0,9641944,2195,0.0
regression,mappo,29,regression_05,3,4,rsu_1,rsu_2,True,True,"{""event"": 1, ""fast"": 0, ""slow"": 1}",independent_head_argmax,4,4,4,False,event_head_prepare,"[0.231613, 0.0, 0.038079, 0.063916, 0.666392]",-0.405877,-0.405877,True,True,True,True,0,0,3841,0.0
regression,mappo,29,regression_05,4,5,rsu_2,rsu_0,True,True,"{""event"": 1, ""fast"": 0, ""slow"": 1}",independent_head_argmax,4,4,4,False,event_head_prepare,"[0.233315, 0.0, 0.037416, 0.064659, 0.66461]",-0.408555,-0.408555,True,True,True,True,0,0,2744,0.0
regression,mappo,29,regression_06,0,1,rsu_0,rsu_1,True,False,"{""event"": 0, ""fast"": 1, ""slow"": 2}",independent_head_argmax,1,1,1,False,slow_head_prefetch,"[0.184964, 0.19831, 0.066524, 0.065837, 0.484365]",-1.617923,-1.617923,True,False,True,True,0,1024667776,0,0.0
regression,mappo,29,regression_06,1,2,rsu_0,rsu_1,True,True,"{""event"": 1, ""fast"": 0, ""slow"": 1}",independent_head_argmax,4,4,4,False,event_head_prepare,"[0.247662, 0.0, 0.05711, 0.07651, 0.618718]",-0.480106,-0.480106,True,False,True,True,0,0,0,0.0
regression,mappo,29,regression_06,2,3,rsu_1,rsu_2,True,True,"{""event"": 1, ""fast"": 0, ""slow"": 1}",independent_head_argmax,4,4,4,False,event_head_prepare,"[0.246994, 0.0, 0.054743, 0.074844, 0.623419]",-0.472537,-0.472537,True,False,False,True,0,0,0,4.315814333582334
regression,mappo,29,regression_06,3,4,rsu_1,rsu_2,True,True,"{""event"": 1, ""fast"": 0, ""slow"": 1}",independent_head_argmax,4,4,4,False,event_head_prepare,"[0.242229, 0.0, 0.05376, 0.073954, 0.630057]",-0.461945,-0.461945,True,False,True,True,0,0,0,0.0
regression,mappo,29,regression_06,4,5,rsu_2,rsu_0,True,False,"{""event"": 0, ""fast"": 0, ""slow"": 1}",independent_head_argmax,0,0,0,False,slow_head_cache_fill,"[0.189431, 0.184098, 0.066105, 0.068379, 0.491987]",-1.663733,-1.663733,True,False,False,True,0,0,0,33.08790233358234
regression,mappo,29,regression_07,0,1,rsu_0,rsu_1,True,False,"{""event"": 0, ""fast"": 0, ""slow"": 2}",independent_head_argmax,1,1,1,False,slow_head_prefetch,"[0.181621, 0.202337, 0.058857, 0.062028, 0.495157]",-1.597818,-1.597818,True,False,True,True,0,0,0,0.0
regression,mappo,29,regression_07,1,4,rsu_0,rsu_1,True,False,"{""event"": 0, ""fast"": 0, ""slow"": 2}",independent_head_argmax,1,1,1,False,slow_head_prefetch,"[0.17961, 0.201442, 0.059028, 0.061886, 0.498035]",-1.602255,-1.602255,True,False,True,True,0,0,0,0.0
regression,mappo,29,regression_07,2,6,rsu_1,rsu_2,False,False,"{""event"": 0, ""fast"": 1, ""slow"": 2}",independent_head_argmax,1,1,1,False,slow_head_prefetch,"[0.186603, 0.220124, 0.116473, 0.072121, 0.404679]",-1.513566,-1.513566,False,False,False,False,1,0,0,0.0
regression,mappo,29,regression_07,3,6,rsu_1,rsu_2,False,False,"{""event"": 0, ""fast"": 1, ""slow"": 2}",independent_head_argmax,1,1,1,False,slow_head_prefetch,"[0.186353, 0.219278, 0.116713, 0.071941, 0.405714]",-1.517414,-1.517414,False,False,False,False,2,0,0,0.0
regression,mappo,29,regression_07,4,6,rsu_2,rsu_0,False,True,"{""event"": 0, ""fast"": 1, ""slow"": 1}",independent_head_argmax,0,0,0,False,slow_head_cache_fill,"[0.268055, 0.0, 0.099248, 0.0869, 0.545798]",-1.316565,-1.316565,True,False,False,True,0,1024667776,0,7.441058316328074
regression,mappo,29,regression_07,5,9,rsu_2,rsu_0,True,True,"{""event"": 1, ""fast"": 0, ""slow"": 1}",independent_head_argmax,4,4,4,False,event_head_prepare,"[0.238546, 0.0, 0.046392, 0.068796, 0.646266]",-0.436544,-0.436544,True,True,True,True,0,0,140480,0.0
regression,mappo,29,regression_07,6,7,rsu_0,rsu_1,False,False,"{""event"": 0, ""fast"": 1, ""slow"": 2}",independent_head_argmax,1,1,1,False,slow_head_prefetch,"[0.199026, 0.210774, 0.098209, 0.067063, 0.424929]",-1.556971,-1.556971,False,False,True,False,1,0,0,0.0
regression,mappo,29,regression_07,7,7,rsu_0,rsu_1,False,False,"{""event"": 0, ""fast"": 1, ""slow"": 2}",independent_head_argmax,1,1,1,False,slow_head_prefetch,"[0.198718, 0.209971, 0.098324, 0.06686, 0.426127]",-1.560788,-1.560788,False,False,True,False,2,0,0,0.0
regression,mappo,29,regression_07,8,7,rsu_1,rsu_2,False,False,"{""event"": 0, ""fast"": 1, ""slow"": 1}",independent_head_argmax,0,0,0,False,slow_head_cache_fill,"[0.203217, 0.202855, 0.106177, 0.070423, 0.417328]",-1.593483,-1.593483,True,False,False,True,0,1169449264,0,4.315814333582334
regression,mappo,29,regression_07,9,8,rsu_1,rsu_2,True,False,"{""event"": 1, ""fast"": 0, ""slow"": 1}",independent_head_argmax,4,4,4,False,event_head_prepare,"[0.193419, 0.181851, 0.050665, 0.059207, 0.514858]",-0.663864,-0.663864,True,False,True,True,0,0,0,0.0
regression,mappo,29,regression_07,10,10,rsu_2,rsu_0,False,False,"{""event"": 0, ""fast"": 1, ""slow"": 1}",independent_head_argmax,0,0,0,False,slow_head_cache_fill,"[0.210855, 0.189483, 0.085912, 0.064799, 0.44895]",-1.556585,-1.556585,True,False,False,True,0,154423432,0,28.12719867866751
regression,mappo,29,regression_07,11,2,rsu_2,rsu_0,True,False,"{""event"": 1, ""fast"": 0, ""slow"": 1}",independent_head_argmax,4,4,4,False,event_head_prepare,"[0.194598, 0.175393, 0.050148, 0.059413, 0.520448]",-0.653066,-0.653066,True,False,True,True,0,0,0,0.0
regression,mappo,29,regression_07,12,3,rsu_0,rsu_1,False,True,"{""event"": 0, ""fast"": 1, ""slow"": 1}",independent_head_argmax,0,0,0,False,slow_head_cache_fill,"[0.271312, 0.0, 0.07827, 0.077983, 0.572435]",-1.304486,-1.304486,True,False,False,True,0,154423432,0,28.12719867866751
regression,mappo,29,regression_07,13,5,rsu_0,rsu_1,True,True,"{""event"": 1, ""fast"": 0, ""slow"": 1}",independent_head_argmax,4,4,4,False,event_head_prepare,"[0.242406, 0.0, 0.044977, 0.068384, 0.644232]",-0.439696,-0.439696,True,True,True,True,0,0,210720,0.0
regression,mappo,29,regression_07,14,11,rsu_1,rsu_2,True,True,"{""event"": 1, ""fast"": 0, ""slow"": 1}",independent_head_argmax,4,4,4,False,event_head_prepare,"[0.239567, 0.0, 0.044869, 0.068012, 0.647552]",-0.434555,-0.434555,True,True,True,True,0,0,280960,0.0
regression,mappo,29,regression_07,15,12,rsu_1,rsu_2,True,True,"{""event"": 1, ""fast"": 0, ""slow"": 1}",independent_head_argmax,4,4,4,False,event_head_prepare,"[0.23984, 0.0, 0.044155, 0.068167, 0.647837]",-0.434115,-0.434115,True,True,True,True,0,0,210720,0.0
regression,mappo,29,regression_08,0,1,rsu_0,rsu_1,True,False,"{""event"": 1, ""fast"": 0, ""slow"": 1}",independent_head_argmax,4,4,4,False,event_head_prepare,"[0.188075, 0.173679, 0.041426, 0.055937, 0.540883]",-0.614551,-0.614551,True,True,True,True,0,9641944,2195,0.0
regression,mappo,29,regression_08,1,3,rsu_0,rsu_1,True,True,"{""event"": 1, ""fast"": 0, ""slow"": 1}",independent_head_argmax,4,4,4,False,event_head_prepare,"[0.234619, 0.0, 0.039979, 0.06581, 0.659592]",-0.416134,-0.416134,True,True,True,True,0,0,2195,0.0
regression,mappo,29,regression_08,2,2,rsu_1,rsu_2,False,True,"{""event"": 0, ""fast"": 0, ""slow"": 1}",independent_head_argmax,0,0,0,False,slow_head_cache_fill,"[0.265256, 0.0, 0.065754, 0.074187, 0.594803]",-1.327061,-1.327061,True,False,True,True,0,154423432,0,0.0
regression,mappo,29,regression_08,3,4,rsu_1,rsu_2,True,True,"{""event"": 1, ""fast"": 0, ""slow"": 1}",independent_head_argmax,4,4,4,False,event_head_prepare,"[0.23634, 0.0, 0.03855, 0.064879, 0.660231]",-0.415166,-0.415166,True,True,True,True,0,0,2744,0.0
regression,mappo,29,regression_08,4,5,rsu_2,rsu_0,False,True,"{""event"": 0, ""fast"": 0, ""slow"": 1}",independent_head_argmax,0,0,0,False,slow_head_cache_fill,"[0.263839, 0.0, 0.062928, 0.07401, 0.599222]",-1.332415,-1.332415,True,False,True,True,0,9641944,0,0.0
regression,mappo,29,regression_08,5,6,rsu_2,rsu_0,False,False,"{""event"": 0, ""fast"": 1, ""slow"": 1}",independent_head_argmax,0,0,0,False,slow_head_cache_fill,"[0.211832, 0.176589, 0.073094, 0.064667, 0.473818]",-1.551961,-1.551961,True,False,True,True,0,154423432,0,0.0
regression,mappo,29,regression_09,0,1,rsu_0,rsu_1,True,False,"{""event"": 1, ""fast"": 0, ""slow"": 1}",independent_head_argmax,4,4,4,False,event_head_prepare,"[0.195064, 0.182543, 0.0496, 0.058907, 0.513886]",-0.665754,-0.665754,True,True,True,True,0,9641944,140480,0.0
regression,mappo,29,regression_09,1,3,rsu_0,rsu_1,True,True,"{""event"": 1, ""fast"": 0, ""slow"": 1}",independent_head_argmax,4,4,4,False,event_head_prepare,"[0.242461, 0.0, 0.04585, 0.068422, 0.643266]",-0.441196,-0.441196,True,True,True,True,0,0,140480,0.0
regression,mappo,29,regression_09,2,5,rsu_1,rsu_2,True,False,"{""event"": 1, ""fast"": 0, ""slow"": 1}",independent_head_argmax,4,4,4,False,event_head_prepare,"[0.195878, 0.176546, 0.047544, 0.058408, 0.521623]",-0.65081,-0.65081,True,True,True,True,0,9641944,140480,0.0
regression,mappo,29,regression_09,3,7,rsu_1,rsu_2,True,True,"{""event"": 1, ""fast"": 0, ""slow"": 1}",independent_head_argmax,4,4,4,False,event_head_prepare,"[0.241955, 0.0, 0.043708, 0.067357, 0.64698]",-0.43544,-0.43544,True,True,True,True,0,0,140480,0.0
regression,mappo,29,regression_09,4,2,rsu_2,rsu_0,True,False,"{""event"": 1, ""fast"": 0, ""slow"": 1}",independent_head_argmax,4,4,4,False,event_head_prepare,"[0.195931, 0.177581, 0.049848, 0.0595, 0.51714]",-0.659441,-0.659441,True,True,True,True,0,154423432,175600,0.0
regression,mappo,29,regression_09,5,4,rsu_2,rsu_0,True,True,"{""event"": 1, ""fast"": 0, ""slow"": 1}",independent_head_argmax,4,4,4,False,event_head_prepare,"[0.239974, 0.0, 0.044499, 0.067545, 0.647981]",-0.433893,-0.433893,True,True,True,True,0,0,175600,0.0
regression,mappo,29,regression_09,6,6,rsu_0,rsu_1,True,True,"{""event"": 1, ""fast"": 0, ""slow"": 1}",independent_head_argmax,4,4,4,False,event_head_prepare,"[0.241607, 0.0, 0.044326, 0.068071, 0.645996]",-0.436963,-0.436963,True,True,True,True,0,0,175600,0.0
regression,mappo,29,regression_09,7,8,rsu_0,rsu_1,True,True,"{""event"": 1, ""fast"": 0, ""slow"": 1}",independent_head_argmax,4,4,4,False,event_head_prepare,"[0.239126, 0.0, 0.044083, 0.06781, 0.648981]",-0.432352,-0.432352,True,True,True,True,0,0,175600,0.0
regression,mappo,29,regression_09,8,9,rsu_1,rsu_2,True,True,"{""event"": 1, ""fast"": 0, ""slow"": 1}",independent_head_argmax,4,4,4,False,event_head_prepare,"[0.235923, 0.0, 0.044413, 0.067495, 0.652169]",-0.427451,-0.427451,True,True,True,True,0,0,280960,0.0
regression,mappo,29,regression_10,0,1,rsu_0,rsu_1,True,False,"{""event"": 1, ""fast"": 0, ""slow"": 1}",independent_head_argmax,4,4,4,False,event_head_prepare,"[0.191791, 0.177205, 0.052375, 0.059282, 0.519346]",-0.655186,-0.655186,True,True,True,True,0,1024667776,2195,0.0
regression,mappo,29,regression_10,1,2,rsu_0,rsu_1,True,True,"{""event"": 1, ""fast"": 0, ""slow"": 1}",independent_head_argmax,4,4,4,False,event_head_prepare,"[0.239426, 0.0, 0.049673, 0.070003, 0.640898]",-0.444885,-0.444885,True,True,True,True,0,0,2195,0.0
regression,mappo,29,regression_10,2,3,rsu_1,rsu_2,False,True,"{""event"": 0, ""fast"": 1, ""slow"": 1}",independent_head_argmax,0,0,0,False,slow_head_cache_fill,"[0.264741, 0.0, 0.08331, 0.077437, 0.574512]",-1.329002,-1.329002,True,False,True,True,0,1169449264,0,0.0
regression,mappo,29,regression_10,3,4,rsu_1,rsu_2,True,True,"{""event"": 1, ""fast"": 0, ""slow"": 1}",independent_head_argmax,4,4,4,False,event_head_prepare,"[0.243522, 0.0, 0.048478, 0.069588, 0.638412]",-0.448771,-0.448771,True,True,True,True,0,0,2744,0.0
regression,mappo,29,regression_10,4,5,rsu_2,rsu_0,True,False,"{""event"": 1, ""fast"": 0, ""slow"": 1}",independent_head_argmax,4,4,4,False,event_head_prepare,"[0.199006, 0.168883, 0.053969, 0.062047, 0.516096]",-0.661462,-0.661462,True,False,True,True,0,0,0,0.0
regression,mappo,29,regression_11,0,3,rsu_0,rsu_1,True,False,"{""event"": 1, ""fast"": 0, ""slow"": 2}",independent_head_argmax,4,4,4,False,event_head_prepare,"[0.178738, 0.187928, 0.04677, 0.059849, 0.526716]",-0.641094,-0.641094,True,True,True,True,0,1024667776,140480,0.0
regression,mappo,29,regression_11,1,1,rsu_0,rsu_1,False,True,"{""event"": 0, ""fast"": 0, ""slow"": 1}",independent_head_argmax,0,0,0,False,slow_head_cache_fill,"[0.262294, 0.0, 0.069046, 0.077374, 0.591286]",-1.338289,-1.338289,True,False,True,True,0,1169449264,0,0.0
regression,mappo,29,regression_11,2,4,rsu_1,rsu_2,True,True,"{""event"": 1, ""fast"": 0, ""slow"": 1}",independent_head_argmax,4,4,4,False,event_head_prepare,"[0.231183, 0.0, 0.038725, 0.0661, 0.663993]",-0.409484,-0.409484,True,True,False,True,0,0,175600,10.789533
regression,mappo,29,regression_11,3,2,rsu_1,rsu_2,True,True,"{""event"": 1, ""fast"": 0, ""slow"": 1}",independent_head_argmax,4,4,4,False,event_head_prepare,"[0.230274, 0.0, 0.038441, 0.066154, 0.665131]",-0.407771,-0.407771,True,True,True,True,0,0,175600,0.0
regression,mappo,29,regression_11,4,5,rsu_2,rsu_0,False,True,"{""event"": 0, ""fast"": 0, ""slow"": 1}",independent_head_argmax,0,0,0,False,slow_head_cache_fill,"[0.264379, 0.0, 0.065845, 0.078282, 0.591493]",-1.33037,-1.33037,True,False,True,True,0,1024667776,0,0.0
frozen_check,mappo,29,frozen_check_00,0,1,rsu_0,rsu_1,True,False,"{""event"": 1, ""fast"": 0, ""slow"": 1}",independent_head_argmax,4,4,4,False,event_head_prepare,"[0.187984, 0.173894, 0.041546, 0.055964, 0.540612]",-0.615053,-0.615053,True,True,True,True,0,9641944,2195,0.0
frozen_check,mappo,29,frozen_check_00,1,2,rsu_0,rsu_1,True,True,"{""event"": 1, ""fast"": 0, ""slow"": 1}",independent_head_argmax,4,4,4,False,event_head_prepare,"[0.2319, 0.0, 0.039518, 0.065131, 0.663451]",-0.4103,-0.4103,True,True,True,True,0,0,2195,0.0
frozen_check,mappo,29,frozen_check_00,2,3,rsu_1,rsu_2,False,True,"{""event"": 0, ""fast"": 0, ""slow"": 1}",independent_head_argmax,0,0,0,False,slow_head_cache_fill,"[0.264622, 0.0, 0.066675, 0.074021, 0.594682]",-1.329454,-1.329454,True,False,True,True,0,154423432,0,0.0
frozen_check,mappo,29,frozen_check_00,3,4,rsu_1,rsu_2,True,True,"{""event"": 1, ""fast"": 0, ""slow"": 1}",independent_head_argmax,4,4,4,False,event_head_prepare,"[0.235042, 0.0, 0.038712, 0.064625, 0.661621]",-0.413062,-0.413062,True,True,True,True,0,0,2744,0.0
frozen_check,mappo,29,frozen_check_00,4,5,rsu_2,rsu_0,True,False,"{""event"": 1, ""fast"": 0, ""slow"": 1}",independent_head_argmax,4,4,4,False,event_head_prepare,"[0.188897, 0.167585, 0.041752, 0.056856, 0.54491]",-0.607135,-0.607135,True,True,True,True,0,154423432,2744,0.0
frozen_check,mappo,29,frozen_check_00,5,6,rsu_2,rsu_0,False,False,"{""event"": 0, ""fast"": 1, ""slow"": 1}",independent_head_argmax,0,0,0,False,slow_head_cache_fill,"[0.213752, 0.175755, 0.068115, 0.062962, 0.479416]",-1.54294,-1.54294,True,False,True,True,0,9641944,0,0.0
frozen_check,mappo,29,frozen_check_00,6,7,rsu_0,rsu_1,True,True,"{""event"": 1, ""fast"": 0, ""slow"": 1}",independent_head_argmax,4,4,4,False,event_head_prepare,"[0.235235, 0.0, 0.037912, 0.065284, 0.661569]",-0.413141,-0.413141,True,True,False,True,0,0,2744,61.14068700000001
frozen_check,mappo,29,frozen_check_01,0,1,rsu_0,rsu_1,True,False,"{""event"": 1, ""fast"": 0, ""slow"": 1}",independent_head_argmax,4,4,4,False,event_head_prepare,"[0.195064, 0.182543, 0.0496, 0.058907, 0.513886]",-0.665754,-0.665754,True,True,True,True,0,9641944,140480,0.0
frozen_check,mappo,29,frozen_check_01,1,3,rsu_0,rsu_1,True,True,"{""event"": 1, ""fast"": 0, ""slow"": 1}",independent_head_argmax,4,4,4,False,event_head_prepare,"[0.243803, 0.0, 0.046425, 0.06892, 0.640853]",-0.444956,-0.444956,True,True,True,True,0,0,140480,0.0
frozen_check,mappo,29,frozen_check_01,2,4,rsu_1,rsu_2,True,False,"{""event"": 1, ""fast"": 0, ""slow"": 1}",independent_head_argmax,4,4,4,False,event_head_prepare,"[0.195474, 0.175356, 0.04746, 0.058473, 0.523237]",-0.647722,-0.647722,True,True,True,True,0,9641944,140480,0.0
frozen_check,mappo,29,frozen_check_01,3,2,rsu_1,rsu_2,True,True,"{""event"": 1, ""fast"": 0, ""slow"": 1}",independent_head_argmax,4,4,4,False,event_head_prepare,"[0.245536, 0.0, 0.045544, 0.068439, 0.640481]",-0.445536,-0.445536,True,True,True,True,0,0,175600,0.0
frozen_check,mappo,29,frozen_check_01,4,5,rsu_2,rsu_0,True,False,"{""event"": 1, ""fast"": 0, ""slow"": 1}",independent_head_argmax,4,4,4,False,event_head_prepare,"[0.189979, 0.175276, 0.049492, 0.058765, 0.526488]",-0.641527,-0.641527,True,True,True,True,0,154423432,245840,0.0
frozen_check,mappo,29,frozen_check_01,5,6,rsu_2,rsu_0,True,True,"{""event"": 1, ""fast"": 0, ""slow"": 1}",independent_head_argmax,4,4,4,False,event_head_prepare,"[0.236332, 0.0, 0.04396, 0.06727, 0.652438]",-0.42704,-0.42704,True,True,True,True,0,0,175600,0.0
frozen_check,mappo,29,frozen_check_01,6,7,rsu_0,rsu_1,True,True,"{""event"": 1, ""fast"": 0, ""slow"": 1}",independent_head_argmax,4,4,4,False,event_head_prepare,"[0.236961, 0.0, 0.043891, 0.067638, 0.65151]",-0.428462,-0.428462,True,True,True,True,0,0,210720,0.0
frozen_check,mappo,29,frozen_check_02,0,1,rsu_0,rsu_1,True,False,"{""event"": 1, ""fast"": 0, ""slow"": 1}",independent_head_argmax,4,4,4,False,event_head_prepare,"[0.190746, 0.176272, 0.052041, 0.059072, 0.52187]",-0.650338,-0.650338,True,True,True,True,0,1024667776,2195,0.0
frozen_check,mappo,29,frozen_check_02,1,2,rsu_0,rsu_1,True,True,"{""event"": 1, ""fast"": 0, ""slow"": 1}",independent_head_argmax,4,4,4,False,event_head_prepare,"[0.242129, 0.0, 0.050267, 0.070619, 0.636985]",-0.45101,-0.45101,True,True,True,True,0,0,2195,0.0
frozen_check,mappo,29,frozen_check_02,2,3,rsu_1,rsu_2,False,True,"{""event"": 0, ""fast"": 1, ""slow"": 1}",independent_head_argmax,0,0,0,False,slow_head_cache_fill,"[0.274437, 0.0, 0.084521, 0.078826, 0.562215]",-1.293032,-1.293032,True,False,True,True,0,1169449264,0,0.0
frozen_check,mappo,29,frozen_check_02,3,4,rsu_1,rsu_2,False,False,"{""event"": 0, ""fast"": 1, ""slow"": 1}",independent_head_argmax,0,0,0,False,slow_head_cache_fill,"[0.216078, 0.178108, 0.085683, 0.065142, 0.454989]",-1.532115,-1.532115,True,False,True,True,0,1024667776,0,0.0
frozen_check,mappo,29,frozen_check_02,4,5,rsu_2,rsu_0,True,False,"{""event"": 1, ""fast"": 0, ""slow"": 1}",independent_head_argmax,4,4,4,False,event_head_prepare,"[0.19151, 0.165203, 0.052386, 0.060608, 0.530294]",-0.634325,-0.634325,True,False,False,True,0,0,0,38.48266883358234
frozen_check,mappo,29,frozen_check_03,0,3,rsu_0,rsu_1,True,False,"{""event"": 1, ""fast"": 0, ""slow"": 2}",independent_head_argmax,4,4,4,False,event_head_prepare,"[0.177623, 0.189344, 0.046961, 0.059788, 0.526284]",-0.641914,-0.641914,True,True,True,True,0,1024667776,140480,0.0
frozen_check,mappo,29,frozen_check_03,1,1,rsu_0,rsu_1,False,True,"{""event"": 0, ""fast"": 0, ""slow"": 1}",independent_head_argmax,0,0,0,False,slow_head_cache_fill,"[0.262092, 0.0, 0.069578, 0.077402, 0.590927]",-1.339059,-1.339059,True,False,True,True,0,1169449264,0,0.0
frozen_check,mappo,29,frozen_check_03,2,4,rsu_1,rsu_2,True,True,"{""event"": 1, ""fast"": 0, ""slow"": 1}",independent_head_argmax,4,4,4,False,event_head_prepare,"[0.23114, 0.0, 0.039141, 0.066172, 0.663547]",-0.410156,-0.410156,True,True,False,True,0,0,175600,10.789533
frozen_check,mappo,29,frozen_check_03,3,2,rsu_1,rsu_2,True,True,"{""event"": 1, ""fast"": 0, ""slow"": 1}",independent_head_argmax,4,4,4,False,event_head_prepare,"[0.230246, 0.0, 0.038808, 0.066124, 0.664822]",-0.408235,-0.408235,True,True,True,True,0,0,175600,0.0
frozen_check,mappo,29,frozen_check_03,4,5,rsu_2,rsu_0,True,True,"{""event"": 1, ""fast"": 0, ""slow"": 1}",independent_head_argmax,4,4,4,False,event_head_prepare,"[0.233572, 0.0, 0.039537, 0.068117, 0.658774]",-0.417374,-0.417374,True,True,True,True,0,0,175600,0.0
frozen_check,mappo,29,frozen_check_03,5,6,rsu_2,rsu_0,True,True,"{""event"": 1, ""fast"": 0, ""slow"": 1}",independent_head_argmax,4,4,4,False,event_head_prepare,"[0.228227, 0.0, 0.039549, 0.0674, 0.664824]",-0.408232,-0.408232,True,True,True,True,0,0,245840,0.0
frozen_check,mappo,29,frozen_check_04,0,1,rsu_0,rsu_1,True,False,"{""event"": 1, ""fast"": 0, ""slow"": 1}",independent_head_argmax,4,4,4,False,event_head_prepare,"[0.189688, 0.179452, 0.052834, 0.059482, 0.518545]",-0.656729,-0.656729,True,False,True,True,0,0,0,0.0
frozen_check,mappo,29,frozen_check_04,1,2,rsu_0,rsu_1,False,True,"{""event"": 0, ""fast"": 1, ""slow"": 1}",independent_head_argmax,0,0,0,False,slow_head_cache_fill,"[0.275127, 0.0, 0.087257, 0.079106, 0.558511]",-1.290524,-1.290524,True,False,True,True,0,154423432,0,0.0
frozen_check,mappo,29,frozen_check_04,2,3,rsu_1,rsu_2,True,True,"{""event"": 1, ""fast"": 0, ""slow"": 1}",independent_head_argmax,4,4,4,False,event_head_prepare,"[0.247398, 0.0, 0.050913, 0.07109, 0.630598]",-0.461086,-0.461086,True,False,False,True,0,0,0,31.289646833582335
frozen_check,mappo,29,frozen_check_04,3,4,rsu_1,rsu_2,True,True,"{""event"": 1, ""fast"": 0, ""slow"": 1}",independent_head_argmax,4,4,4,False,event_head_prepare,"[0.247298, 0.0, 0.050602, 0.07108, 0.63102]",-0.460418,-0.460418,True,False,True,True,0,0,0,0.0
frozen_check,mappo,29,frozen_check_04,4,5,rsu_2,rsu_0,False,False,"{""event"": 0, ""fast"": 1, ""slow"": 1}",independent_head_argmax,0,0,0,False,slow_head_cache_fill,"[0.213795, 0.182057, 0.085335, 0.065588, 0.453226]",-1.54274,-1.54274,True,False,False,True,0,9641944,0,39.921275500746994
frozen_check,mappo,29,frozen_check_04,5,6,rsu_2,rsu_0,False,True,"{""event"": 0, ""fast"": 1, ""slow"": 1}",independent_head_argmax,0,0,0,False,slow_head_cache_fill,"[0.274417, 0.0, 0.08524, 0.080538, 0.559805]",-1.293105,-1.293105,True,False,True,True,0,154423432,0,0.0
frozen_check,mappo,29,frozen_check_04,6,7,rsu_0,rsu_1,True,True,"{""event"": 1, ""fast"": 0, ""slow"": 1}",independent_head_argmax,4,4,4,False,event_head_prepare,"[0.245298, 0.0, 0.048962, 0.071449, 0.634291]",-0.455247,-0.455247,True,False,False,True,0,0,0,72.98597340397282
frozen_check,mappo,29,frozen_check_05,0,1,rsu_0,rsu_1,False,False,"{""event"": 0, ""fast"": 1, ""slow"": 1}",independent_head_argmax,0,0,0,False,slow_head_cache_fill,"[0.209283, 0.186625, 0.067451, 0.060751, 0.47589]",-1.564066,-1.564066,True,False,True,True,0,9641944,0,0.0
frozen_check,mappo,29,frozen_check_05,1,2,rsu_0,rsu_1,True,False,"{""event"": 1, ""fast"": 0, ""slow"": 1}",independent_head_argmax,4,4,4,False,event_head_prepare,"[0.188891, 0.169647, 0.040309, 0.055374, 0.545778]",-0.605542,-0.605542,True,True,True,True,0,9641944,2195,0.0
frozen_check,mappo,29,frozen_check_05,2,3,rsu_1,rsu_2,True,False,"{""event"": 1, ""fast"": 0, ""slow"": 1}",independent_head_argmax,4,4,4,False,event_head_prepare,"[0.189878, 0.168111, 0.039946, 0.055853, 0.546212]",-0.604748,-0.604748,True,True,True,True,0,9641944,2195,0.0
frozen_check,mappo,29,frozen_check_05,3,4,rsu_1,rsu_2,True,True,"{""event"": 1, ""fast"": 0, ""slow"": 1}",independent_head_argmax,4,4,4,False,event_head_prepare,"[0.233113, 0.0, 0.038605, 0.064169, 0.664113]",-0.409303,-0.409303,True,True,True,True,0,0,3292,0.0
frozen_check,mappo,29,frozen_check_05,4,5,rsu_2,rsu_0,True,True,"{""event"": 1, ""fast"": 0, ""slow"": 1}",independent_head_argmax,4,4,4,False,event_head_prepare,"[0.234477, 0.0, 0.038096, 0.064655, 0.662772]",-0.411324,-0.411324,True,True,True,True,0,0,2744,0.0
frozen_check,mappo,29,frozen_check_05,5,6,rsu_2,rsu_0,True,True,"{""event"": 1, ""fast"": 0, ""slow"": 1}",independent_head_argmax,4,4,4,False,event_head_prepare,"[0.233245, 0.0, 0.038128, 0.064548, 0.664078]",-0.409355,-0.409355,True,True,True,True,0,0,3292,0.0
frozen_check,mappo,29,frozen_check_05,6,7,rsu_0,rsu_1,True,True,"{""event"": 1, ""fast"": 0, ""slow"": 1}",independent_head_argmax,4,4,4,False,event_head_prepare,"[0.235168, 0.0, 0.037834, 0.065249, 0.661748]",-0.41287,-0.41287,True,True,True,True,0,0,2744,0.0
frozen_check,mappo,29,frozen_check_06,0,1,rsu_0,rsu_1,True,False,"{""event"": 0, ""fast"": 1, ""slow"": 2}",independent_head_argmax,1,1,1,False,slow_head_prefetch,"[0.183174, 0.19694, 0.066024, 0.065506, 0.488355]",-1.624856,-1.624856,True,False,True,True,0,1024667776,0,0.0
frozen_check,mappo,29,frozen_check_06,1,2,rsu_0,rsu_1,True,True,"{""event"": 1, ""fast"": 0, ""slow"": 1}",independent_head_argmax,4,4,4,False,event_head_prepare,"[0.247509, 0.0, 0.057381, 0.076502, 0.618608]",-0.480283,-0.480283,True,False,True,True,0,0,0,0.0
frozen_check,mappo,29,frozen_check_06,2,3,rsu_1,rsu_2,True,True,"{""event"": 1, ""fast"": 0, ""slow"": 1}",independent_head_argmax,4,4,4,False,event_head_prepare,"[0.246748, 0.0, 0.055198, 0.074809, 0.623245]",-0.472815,-0.472815,True,False,False,True,0,0,0,4.315814333582334
frozen_check,mappo,29,frozen_check_06,3,4,rsu_1,rsu_2,True,False,"{""event"": 1, ""fast"": 0, ""slow"": 1}",independent_head_argmax,4,4,4,False,event_head_prepare,"[0.19251, 0.183061, 0.058331, 0.063472, 0.502627]",-0.687907,-0.687907,True,False,True,True,0,0,0,0.0
frozen_check,mappo,29,frozen_check_06,4,5,rsu_2,rsu_0,True,False,"{""event"": 0, ""fast"": 0, ""slow"": 2}",independent_head_argmax,1,1,1,False,slow_head_prefetch,"[0.1885, 0.189286, 0.067176, 0.068061, 0.486978]",-1.664499,-1.664499,True,False,False,True,0,0,0,19.338798408804664
frozen_check,mappo,29,frozen_check_06,5,6,rsu_2,rsu_0,True,False,"{""event"": 0, ""fast"": 0, ""slow"": 1}",independent_head_argmax,0,0,0,False,slow_head_cache_fill,"[0.188015, 0.18372, 0.066865, 0.068035, 0.493366]",-1.671233,-1.671233,True,False,True,True,0,0,0,0.0
frozen_check,mappo,29,frozen_check_07,0,3,rsu_0,rsu_1,True,False,"{""event"": 0, ""fast"": 0, ""slow"": 2}",independent_head_argmax,1,1,1,False,slow_head_prefetch,"[0.179825, 0.203675, 0.059018, 0.061877, 0.495605]",-1.591229,-1.591229,True,False,True,True,0,0,0,0.0
frozen_check,mappo,29,frozen_check_07,1,5,rsu_0,rsu_1,True,False,"{""event"": 0, ""fast"": 0, ""slow"": 2}",independent_head_argmax,1,1,1,False,slow_head_prefetch,"[0.178877, 0.20055, 0.058784, 0.061792, 0.499998]",-1.606693,-1.606693,True,False,True,True,0,0,0,0.0
frozen_check,mappo,29,frozen_check_07,2,6,rsu_1,rsu_2,False,False,"{""event"": 0, ""fast"": 1, ""slow"": 2}",independent_head_argmax,1,1,1,False,slow_head_prefetch,"[0.186794, 0.2196, 0.116584, 0.072277, 0.404744]",-1.515946,-1.515946,False,False,False,False,1,0,0,0.0
frozen_check,mappo,29,frozen_check_07,3,6,rsu_1,rsu_2,False,False,"{""event"": 0, ""fast"": 1, ""slow"": 2}",independent_head_argmax,1,1,1,False,slow_head_prefetch,"[0.186544, 0.218762, 0.116827, 0.072094, 0.405773]",-1.519769,-1.519769,False,False,False,False,2,0,0,0.0
frozen_check,mappo,29,frozen_check_07,4,6,rsu_2,rsu_0,False,True,"{""event"": 0, ""fast"": 1, ""slow"": 1}",independent_head_argmax,0,0,0,False,slow_head_cache_fill,"[0.268186, 0.0, 0.099191, 0.087015, 0.545608]",-1.316074,-1.316074,True,False,False,True,0,1024667776,0,10.481260952452097
frozen_check,mappo,29,frozen_check_07,5,9,rsu_2,rsu_0,True,True,"{""event"": 1, ""fast"": 0, ""slow"": 1}",independent_head_argmax,4,4,4,False,event_head_prepare,"[0.23801, 0.0, 0.046181, 0.068755, 0.647053]",-0.435327,-0.435327,True,True,True,True,0,0,140480,0.0
frozen_check,mappo,29,frozen_check_07,6,1,rsu_0,rsu_1,False,False,"{""event"": 0, ""fast"": 1, ""slow"": 2}",independent_head_argmax,1,1,1,False,slow_head_prefetch,"[0.197518, 0.208827, 0.098038, 0.067126, 0.428491]",-1.566249,-1.566249,False,False,True,False,1,0,0,0.0
frozen_check,mappo,29,frozen_check_07,7,1,rsu_0,rsu_1,False,False,"{""event"": 0, ""fast"": 1, ""slow"": 2}",independent_head_argmax,1,1,1,False,slow_head_prefetch,"[0.197177, 0.208057, 0.098168, 0.066915, 0.429682]",-1.569941,-1.569941,False,False,True,False,2,0,0,0.0
frozen_check,mappo,29,frozen_check_07,8,1,rsu_1,rsu_2,False,False,"{""event"": 0, ""fast"": 1, ""slow"": 1}",independent_head_argmax,0,0,0,False,slow_head_cache_fill,"[0.201815, 0.200777, 0.106034, 0.07051, 0.420864]",-1.600402,-1.600402,True,False,False,True,0,1169449264,0,6.165446618869764
frozen_check,mappo,29,frozen_check_07,9,4,rsu_1,rsu_2,True,False,"{""event"": 1, ""fast"": 0, ""slow"": 1}",independent_head_argmax,4,4,4,False,event_head_prepare,"[0.195058, 0.176192, 0.050147, 0.059448, 0.519155]",-0.655553,-0.655553,True,False,True,True,0,0,0,0.0
frozen_check,mappo,29,frozen_check_07,10,7,rsu_2,rsu_0,False,False,"{""event"": 0, ""fast"": 1, ""slow"": 1}",independent_head_argmax,0,0,0,False,slow_head_cache_fill,"[0.21488, 0.190553, 0.086881, 0.065895, 0.441791]",-1.537677,-1.537677,True,False,False,True,0,154423432,0,4.315814333582334
frozen_check,mappo,29,frozen_check_07,11,2,rsu_2,rsu_0,True,False,"{""event"": 1, ""fast"": 0, ""slow"": 1}",independent_head_argmax,4,4,4,False,event_head_prepare,"[0.193273, 0.173254, 0.049917, 0.059362, 0.524194]",-0.645893,-0.645893,True,False,True,True,0,0,0,0.0
frozen_check,mappo,29,frozen_check_07,12,8,rsu_0,rsu_1,False,True,"{""event"": 0, ""fast"": 1, ""slow"": 1}",independent_head_argmax,0,0,0,False,slow_head_cache_fill,"[0.273202, 0.0, 0.078708, 0.078523, 0.569568]",-1.297545,-1.297545,True,False,False,True,0,154423432,0,34.52650616679117
frozen_check,mappo,29,frozen_check_07,13,10,rsu_0,rsu_1,True,True,"{""event"": 1, ""fast"": 0, ""slow"": 1}",independent_head_argmax,4,4,4,False,event_head_prepare,"[0.237222, 0.0, 0.044415, 0.067737, 0.650626]",-0.42982,-0.42982,True,True,True,True,0,0,245840,0.0
regression,two_step_cost_rule,rule,regression_00,0,1,rsu_0,rsu_1,True,False,{},not_applicable_model_based_planner,0,0,0,False,model_based_planner,[],,,True,False,True,True,0,0,0,0.0
regression,two_step_cost_rule,rule,regression_00,1,4,rsu_0,rsu_1,True,False,{},not_applicable_model_based_planner,0,0,0,False,model_based_planner,[],,,True,False,True,True,0,0,0,0.0
regression,two_step_cost_rule,rule,regression_00,2,2,rsu_0,rsu_1,False,True,{},not_applicable_model_based_planner,0,0,0,False,model_based_planner,[],,,True,False,True,True,0,154423432,0,0.0
regression,two_step_cost_rule,rule,regression_00,3,3,rsu_1,rsu_2,False,False,{},not_applicable_model_based_planner,0,0,0,False,model_based_planner,[],,,True,False,False,True,0,9641944,0,8.631628667164668
regression,two_step_cost_rule,rule,regression_00,4,5,rsu_1,rsu_2,False,True,{},not_applicable_model_based_planner,0,0,0,False,model_based_planner,[],,,True,False,True,True,0,154423432,0,0.0
regression,two_step_cost_rule,rule,regression_01,0,1,rsu_0,rsu_1,True,False,{},not_applicable_model_based_planner,0,0,0,False,model_based_planner,[],,,True,False,True,True,0,0,0,0.0
regression,two_step_cost_rule,rule,regression_01,1,2,rsu_0,rsu_1,True,False,{},not_applicable_model_based_planner,0,0,0,False,model_based_planner,[],,,True,False,True,True,0,0,0,0.0
regression,two_step_cost_rule,rule,regression_01,2,4,rsu_0,rsu_1,True,False,{},not_applicable_model_based_planner,0,0,0,False,model_based_planner,[],,,True,False,True,True,0,0,0,0.0
regression,two_step_cost_rule,rule,regression_01,3,5,rsu_0,rsu_1,True,False,{},not_applicable_model_based_planner,4,4,4,False,model_based_planner,[],,,True,True,True,True,0,9641944,140480,0.0
regression,two_step_cost_rule,rule,regression_01,4,3,rsu_1,rsu_2,True,True,{},not_applicable_model_based_planner,0,0,0,False,model_based_planner,[],,,True,False,True,True,0,0,0,0.0
regression,two_step_cost_rule,rule,regression_01,5,6,rsu_1,rsu_2,True,True,{},not_applicable_model_based_planner,0,0,0,False,model_based_planner,[],,,True,False,True,True,0,0,0,0.0
regression,two_step_cost_rule,rule,regression_01,6,7,rsu_1,rsu_2,True,True,{},not_applicable_model_based_planner,0,0,0,False,model_based_planner,[],,,True,False,True,True,0,0,0,0.0
regression,two_step_cost_rule,rule,regression_01,7,8,rsu_1,rsu_2,True,True,{},not_applicable_model_based_planner,0,0,0,False,model_based_planner,[],,,True,False,True,True,0,0,0,0.0
regression,two_step_cost_rule,rule,regression_02,0,1,rsu_0,rsu_1,True,False,{},not_applicable_model_based_planner,0,0,0,False,model_based_planner,[],,,True,False,True,True,0,0,0,0.0
regression,two_step_cost_rule,rule,regression_02,1,2,rsu_0,rsu_1,False,True,{},not_applicable_model_based_planner,2,2,2,False,model_based_planner,[],,,True,False,True,True,0,0,0,0.0
regression,two_step_cost_rule,rule,regression_02,2,3,rsu_0,rsu_1,False,True,{},not_applicable_model_based_planner,2,2,2,False,model_based_planner,[],,,True,False,True,True,0,0,0,0.0
regression,two_step_cost_rule,rule,regression_02,3,4,rsu_1,rsu_2,True,True,{},not_applicable_model_based_planner,2,2,2,False,model_based_planner,[],,,True,False,True,True,0,0,0,0.0
regression,two_step_cost_rule,rule,regression_02,4,5,rsu_1,rsu_2,False,False,{},not_applicable_model_based_planner,2,2,2,False,model_based_planner,[],,,True,False,True,True,0,0,0,0.0
regression,two_step_cost_rule,rule,regression_02,5,6,rsu_1,rsu_2,True,True,{},not_applicable_model_based_planner,2,2,2,False,model_based_planner,[],,,True,False,True,True,0,0,0,0.0
regression,two_step_cost_rule,rule,regression_02,6,7,rsu_2,rsu_0,True,False,{},not_applicable_model_based_planner,2,2,2,False,model_based_planner,[],,,True,False,True,True,0,0,0,0.0
regression,two_step_cost_rule,rule,regression_03,0,3,rsu_0,,True,False,{},not_applicable_model_based_planner,0,0,0,False,model_based_planner,[],,,True,False,True,True,0,0,0,0.0
regression,two_step_cost_rule,rule,regression_03,1,6,rsu_0,rsu_1,True,False,{},not_applicable_model_based_planner,0,0,0,False,model_based_planner,[],,,True,False,True,True,0,0,0,0.0
regression,two_step_cost_rule,rule,regression_03,2,7,rsu_0,rsu_1,True,False,{},not_applicable_model_based_planner,0,0,0,False,model_based_planner,[],,,True,False,True,True,0,0,0,0.0
regression,two_step_cost_rule,rule,regression_03,3,9,rsu_0,rsu_1,True,False,{},not_applicable_model_based_planner,0,0,0,False,model_based_planner,[],,,True,False,True,True,0,0,0,0.0
regression,two_step_cost_rule,rule,regression_03,4,1,rsu_0,rsu_1,False,True,{},not_applicable_model_based_planner,2,2,2,False,model_based_planner,[],,,True,False,True,True,0,0,0,0.0
regression,two_step_cost_rule,rule,regression_03,5,4,rsu_1,,True,False,{},not_applicable_model_based_planner,0,0,0,False,model_based_planner,[],,,True,False,False,True,0,0,0,7.193022
regression,two_step_cost_rule,rule,regression_03,6,8,rsu_1,rsu_2,True,True,{},not_applicable_model_based_planner,0,0,0,False,model_based_planner,[],,,True,False,True,True,0,0,0,0.0
regression,two_step_cost_rule,rule,regression_03,7,2,rsu_1,rsu_2,True,True,{},not_applicable_model_based_planner,0,0,0,False,model_based_planner,[],,,True,False,True,True,0,0,0,0.0
regression,two_step_cost_rule,rule,regression_03,8,5,rsu_1,rsu_2,True,True,{},not_applicable_model_based_planner,0,0,0,False,model_based_planner,[],,,True,False,True,True,0,0,0,0.0
regression,two_step_cost_rule,rule,regression_03,9,10,rsu_1,rsu_2,True,True,{},not_applicable_model_based_planner,0,0,0,False,model_based_planner,[],,,True,False,True,True,0,0,0,0.0
regression,two_step_cost_rule,rule,regression_04,0,1,rsu_0,rsu_1,True,False,{},not_applicable_model_based_planner,0,0,0,False,model_based_planner,[],,,True,False,True,True,0,0,0,0.0
regression,two_step_cost_rule,rule,regression_04,1,3,rsu_0,rsu_1,True,False,{},not_applicable_model_based_planner,0,0,0,False,model_based_planner,[],,,True,False,True,True,0,0,0,0.0
regression,two_step_cost_rule,rule,regression_04,2,2,rsu_1,rsu_2,True,True,{},not_applicable_model_based_planner,0,0,0,False,model_based_planner,[],,,True,False,False,True,0,0,0,4.315814333582334
regression,two_step_cost_rule,rule,regression_04,3,4,rsu_1,rsu_2,True,True,{},not_applicable_model_based_planner,0,0,0,False,model_based_planner,[],,,True,False,True,True,0,0,0,0.0
regression,two_step_cost_rule,rule,regression_04,4,5,rsu_2,rsu_0,True,False,{},not_applicable_model_based_planner,2,2,2,False,model_based_planner,[],,,True,False,True,True,0,0,0,0.0
regression,two_step_cost_rule,rule,regression_05,0,1,rsu_0,rsu_1,False,False,{},not_applicable_model_based_planner,0,0,0,False,model_based_planner,[],,,True,False,True,True,0,9641944,0,0.0
regression,two_step_cost_rule,rule,regression_05,1,2,rsu_0,rsu_1,True,False,{},not_applicable_model_based_planner,4,4,4,False,model_based_planner,[],,,True,True,True,True,0,9641944,2195,0.0
regression,two_step_cost_rule,rule,regression_05,2,3,rsu_1,rsu_2,True,False,{},not_applicable_model_based_planner,0,0,0,False,model_based_planner,[],,,True,False,True,True,0,0,0,0.0
regression,two_step_cost_rule,rule,regression_05,3,4,rsu_1,rsu_2,True,True,{},not_applicable_model_based_planner,4,4,4,False,model_based_planner,[],,,True,True,True,True,0,0,3841,0.0
regression,two_step_cost_rule,rule,regression_05,4,5,rsu_2,rsu_0,True,True,{},not_applicable_model_based_planner,0,0,0,False,model_based_planner,[],,,True,False,True,True,0,0,0,0.0
regression,two_step_cost_rule,rule,regression_06,0,1,rsu_0,rsu_1,True,False,{},not_applicable_model_based_planner,0,0,0,False,model_based_planner,[],,,True,False,True,True,0,0,0,0.0
regression,two_step_cost_rule,rule,regression_06,1,2,rsu_0,rsu_1,True,False,{},not_applicable_model_based_planner,0,0,0,False,model_based_planner,[],,,True,False,True,True,0,0,0,0.0
regression,two_step_cost_rule,rule,regression_06,2,3,rsu_1,rsu_2,True,True,{},not_applicable_model_based_planner,0,0,0,False,model_based_planner,[],,,True,False,False,True,0,0,0,4.315814333582334
regression,two_step_cost_rule,rule,regression_06,3,4,rsu_1,rsu_2,True,True,{},not_applicable_model_based_planner,0,0,0,False,model_based_planner,[],,,True,False,True,True,0,0,0,0.0
regression,two_step_cost_rule,rule,regression_06,4,5,rsu_2,rsu_0,True,False,{},not_applicable_model_based_planner,2,2,2,False,model_based_planner,[],,,True,False,True,True,0,0,0,0.0
regression,two_step_cost_rule,rule,regression_07,0,1,rsu_0,rsu_1,True,False,{},not_applicable_model_based_planner,0,0,0,False,model_based_planner,[],,,True,False,True,True,0,0,0,0.0
regression,two_step_cost_rule,rule,regression_07,1,4,rsu_0,rsu_1,True,False,{},not_applicable_model_based_planner,0,0,0,False,model_based_planner,[],,,True,False,True,True,0,0,0,0.0
regression,two_step_cost_rule,rule,regression_07,2,6,rsu_1,rsu_2,False,False,{},not_applicable_model_based_planner,2,2,2,False,model_based_planner,[],,,True,False,True,True,0,0,0,0.0
regression,two_step_cost_rule,rule,regression_07,3,9,rsu_1,rsu_2,False,False,{},not_applicable_model_based_planner,2,2,2,False,model_based_planner,[],,,True,False,True,True,0,0,0,0.0
regression,two_step_cost_rule,rule,regression_07,4,7,rsu_2,rsu_0,False,False,{},not_applicable_model_based_planner,0,0,0,False,model_based_planner,[],,,True,False,False,True,0,1169449264,0,4.315814333582334
regression,two_step_cost_rule,rule,regression_07,5,8,rsu_2,rsu_0,True,False,{},not_applicable_model_based_planner,4,4,4,False,model_based_planner,[],,,True,False,True,True,0,0,0,0.0
regression,two_step_cost_rule,rule,regression_07,6,10,rsu_0,rsu_1,False,False,{},not_applicable_model_based_planner,2,2,2,False,model_based_planner,[],,,True,False,True,True,0,0,0,0.0
regression,two_step_cost_rule,rule,regression_07,7,2,rsu_0,rsu_1,False,False,{},not_applicable_model_based_planner,2,2,2,False,model_based_planner,[],,,True,False,True,True,0,0,0,0.0
regression,two_step_cost_rule,rule,regression_07,8,3,rsu_1,rsu_2,False,True,{},not_applicable_model_based_planner,2,2,2,False,model_based_planner,[],,,True,False,True,True,0,0,0,0.0
regression,two_step_cost_rule,rule,regression_07,9,5,rsu_1,rsu_2,False,True,{},not_applicable_model_based_planner,2,2,2,False,model_based_planner,[],,,True,False,True,True,0,0,0,0.0
regression,two_step_cost_rule,rule,regression_07,10,11,rsu_2,rsu_0,True,False,{},not_applicable_model_based_planner,0,0,0,False,model_based_planner,[],,,True,False,True,True,0,0,0,0.0
regression,two_step_cost_rule,rule,regression_07,11,12,rsu_2,rsu_0,True,False,{},not_applicable_model_based_planner,0,0,0,False,model_based_planner,[],,,True,False,True,True,0,0,0,0.0
regression,two_step_cost_rule,rule,regression_08,0,1,rsu_0,rsu_1,True,False,{},not_applicable_model_based_planner,0,0,0,False,model_based_planner,[],,,True,False,True,True,0,0,0,0.0
regression,two_step_cost_rule,rule,regression_08,1,3,rsu_0,rsu_1,True,False,{},not_applicable_model_based_planner,4,4,4,False,model_based_planner,[],,,True,True,True,True,0,9641944,2195,0.0
regression,two_step_cost_rule,rule,regression_08,2,2,rsu_1,rsu_2,False,True,{},not_applicable_model_based_planner,0,0,0,False,model_based_planner,[],,,True,False,True,True,0,154423432,0,0.0
regression,two_step_cost_rule,rule,regression_08,3,4,rsu_1,rsu_2,True,True,{},not_applicable_model_based_planner,4,4,4,False,model_based_planner,[],,,True,True,True,True,0,0,2744,0.0
regression,two_step_cost_rule,rule,regression_08,4,5,rsu_2,rsu_0,False,True,{},not_applicable_model_based_planner,0,0,0,False,model_based_planner,[],,,True,False,True,True,0,9641944,0,0.0
regression,two_step_cost_rule,rule,regression_08,5,6,rsu_2,rsu_0,False,False,{},not_applicable_model_based_planner,0,0,0,False,model_based_planner,[],,,True,False,True,True,0,154423432,0,0.0
regression,two_step_cost_rule,rule,regression_09,0,1,rsu_0,rsu_1,True,False,{},not_applicable_model_based_planner,0,0,0,False,model_based_planner,[],,,True,False,True,True,0,0,0,0.0
regression,two_step_cost_rule,rule,regression_09,1,3,rsu_0,rsu_1,True,False,{},not_applicable_model_based_planner,4,4,4,False,model_based_planner,[],,,True,True,True,True,0,9641944,140480,0.0
regression,two_step_cost_rule,rule,regression_09,2,5,rsu_1,rsu_2,True,False,{},not_applicable_model_based_planner,0,0,0,False,model_based_planner,[],,,True,False,True,True,0,0,0,0.0
regression,two_step_cost_rule,rule,regression_09,3,7,rsu_1,rsu_2,True,False,{},not_applicable_model_based_planner,4,4,4,False,model_based_planner,[],,,True,True,True,True,0,9641944,140480,0.0
regression,two_step_cost_rule,rule,regression_09,4,2,rsu_2,rsu_0,True,False,{},not_applicable_model_based_planner,0,0,0,False,model_based_planner,[],,,True,False,True,True,0,0,0,0.0
regression,two_step_cost_rule,rule,regression_09,5,4,rsu_2,rsu_0,True,False,{},not_applicable_model_based_planner,4,4,4,False,model_based_planner,[],,,True,False,True,True,0,0,0,0.0
regression,two_step_cost_rule,rule,regression_09,6,6,rsu_0,rsu_1,False,True,{},not_applicable_model_based_planner,0,0,0,False,model_based_planner,[],,,True,False,False,True,0,154423432,0,8.631625833208835
regression,two_step_cost_rule,rule,regression_09,7,8,rsu_0,rsu_1,True,True,{},not_applicable_model_based_planner,4,4,4,False,model_based_planner,[],,,True,True,True,True,0,0,175600,0.0
regression,two_step_cost_rule,rule,regression_09,8,9,rsu_1,rsu_2,True,True,{},not_applicable_model_based_planner,0,0,0,False,model_based_planner,[],,,True,False,True,True,0,0,0,0.0
regression,two_step_cost_rule,rule,regression_10,0,1,rsu_0,rsu_1,True,False,{},not_applicable_model_based_planner,0,0,0,False,model_based_planner,[],,,True,False,True,True,0,0,0,0.0
regression,two_step_cost_rule,rule,regression_10,1,2,rsu_0,rsu_1,True,False,{},not_applicable_model_based_planner,0,0,0,False,model_based_planner,[],,,True,False,True,True,0,0,0,0.0
regression,two_step_cost_rule,rule,regression_10,2,3,rsu_1,rsu_2,True,True,{},not_applicable_model_based_planner,2,2,2,False,model_based_planner,[],,,True,False,True,True,0,0,0,0.0
regression,two_step_cost_rule,rule,regression_10,3,4,rsu_1,rsu_2,True,True,{},not_applicable_model_based_planner,2,2,2,False,model_based_planner,[],,,True,False,True,True,0,0,0,0.0
regression,two_step_cost_rule,rule,regression_10,4,5,rsu_2,rsu_0,True,False,{},not_applicable_model_based_planner,2,2,2,False,model_based_planner,[],,,True,False,True,True,0,0,0,0.0
regression,two_step_cost_rule,rule,regression_11,0,3,rsu_0,rsu_1,True,False,{},not_applicable_model_based_planner,0,0,0,False,model_based_planner,[],,,True,False,True,True,0,0,0,0.0
regression,two_step_cost_rule,rule,regression_11,1,1,rsu_0,rsu_1,False,True,{},not_applicable_model_based_planner,2,2,2,False,model_based_planner,[],,,True,False,True,True,0,0,0,0.0
regression,two_step_cost_rule,rule,regression_11,2,4,rsu_1,rsu_2,True,True,{},not_applicable_model_based_planner,0,0,0,False,model_based_planner,[],,,True,False,False,True,0,0,0,10.789533
regression,two_step_cost_rule,rule,regression_11,3,2,rsu_1,rsu_2,True,True,{},not_applicable_model_based_planner,0,0,0,False,model_based_planner,[],,,True,False,True,True,0,0,0,0.0
regression,two_step_cost_rule,rule,regression_11,4,5,rsu_2,rsu_0,False,True,{},not_applicable_model_based_planner,2,2,2,False,model_based_planner,[],,,True,False,True,True,0,0,0,0.0
frozen_check,two_step_cost_rule,rule,frozen_check_00,0,1,rsu_0,rsu_1,True,False,{},not_applicable_model_based_planner,0,0,0,False,model_based_planner,[],,,True,False,True,True,0,0,0,0.0
frozen_check,two_step_cost_rule,rule,frozen_check_00,1,2,rsu_0,rsu_1,True,False,{},not_applicable_model_based_planner,4,4,4,False,model_based_planner,[],,,True,True,True,True,0,9641944,2195,0.0
frozen_check,two_step_cost_rule,rule,frozen_check_00,2,3,rsu_1,rsu_2,False,True,{},not_applicable_model_based_planner,0,0,0,False,model_based_planner,[],,,True,False,True,True,0,154423432,0,0.0
frozen_check,two_step_cost_rule,rule,frozen_check_00,3,4,rsu_1,rsu_2,True,True,{},not_applicable_model_based_planner,4,4,4,False,model_based_planner,[],,,True,True,True,True,0,0,2744,0.0
frozen_check,two_step_cost_rule,rule,frozen_check_00,4,5,rsu_2,rsu_0,True,False,{},not_applicable_model_based_planner,0,0,0,False,model_based_planner,[],,,True,False,True,True,0,0,0,0.0
frozen_check,two_step_cost_rule,rule,frozen_check_00,5,6,rsu_2,rsu_0,False,True,{},not_applicable_model_based_planner,0,0,0,False,model_based_planner,[],,,True,False,True,True,0,9641944,0,0.0
frozen_check,two_step_cost_rule,rule,frozen_check_00,6,7,rsu_0,rsu_1,False,True,{},not_applicable_model_based_planner,2,2,2,False,model_based_planner,[],,,True,False,True,True,0,0,0,0.0
frozen_check,two_step_cost_rule,rule,frozen_check_01,0,1,rsu_0,rsu_1,True,False,{},not_applicable_model_based_planner,0,0,0,False,model_based_planner,[],,,True,False,True,True,0,0,0,0.0
frozen_check,two_step_cost_rule,rule,frozen_check_01,1,3,rsu_0,rsu_1,True,False,{},not_applicable_model_based_planner,4,4,4,False,model_based_planner,[],,,True,True,True,True,0,9641944,140480,0.0
frozen_check,two_step_cost_rule,rule,frozen_check_01,2,4,rsu_1,rsu_2,True,False,{},not_applicable_model_based_planner,0,0,0,False,model_based_planner,[],,,True,False,True,True,0,0,0,0.0
frozen_check,two_step_cost_rule,rule,frozen_check_01,3,2,rsu_1,rsu_2,True,True,{},not_applicable_model_based_planner,4,4,4,False,model_based_planner,[],,,True,True,True,True,0,0,175600,0.0
frozen_check,two_step_cost_rule,rule,frozen_check_01,4,5,rsu_2,rsu_0,True,False,{},not_applicable_model_based_planner,0,0,0,False,model_based_planner,[],,,True,False,True,True,0,0,0,0.0
frozen_check,two_step_cost_rule,rule,frozen_check_01,5,6,rsu_2,rsu_0,True,False,{},not_applicable_model_based_planner,4,4,4,False,model_based_planner,[],,,True,False,True,True,0,0,0,0.0
frozen_check,two_step_cost_rule,rule,frozen_check_01,6,7,rsu_0,rsu_1,False,True,{},not_applicable_model_based_planner,2,2,2,False,model_based_planner,[],,,True,False,True,True,0,0,0,0.0
frozen_check,two_step_cost_rule,rule,frozen_check_02,0,1,rsu_0,rsu_1,True,False,{},not_applicable_model_based_planner,0,0,0,False,model_based_planner,[],,,True,False,True,True,0,0,0,0.0
frozen_check,two_step_cost_rule,rule,frozen_check_02,1,2,rsu_0,rsu_1,True,False,{},not_applicable_model_based_planner,0,0,0,False,model_based_planner,[],,,True,False,True,True,0,0,0,0.0
frozen_check,two_step_cost_rule,rule,frozen_check_02,2,3,rsu_1,rsu_2,True,True,{},not_applicable_model_based_planner,0,0,0,False,model_based_planner,[],,,True,False,False,True,0,0,0,4.315814333582334
frozen_check,two_step_cost_rule,rule,frozen_check_02,3,4,rsu_1,rsu_2,False,False,{},not_applicable_model_based_planner,2,2,2,False,model_based_planner,[],,,True,False,True,True,0,0,0,0.0
frozen_check,two_step_cost_rule,rule,frozen_check_02,4,5,rsu_2,rsu_0,True,False,{},not_applicable_model_based_planner,2,2,2,False,model_based_planner,[],,,True,False,True,True,0,0,0,0.0
frozen_check,two_step_cost_rule,rule,frozen_check_03,0,3,rsu_0,rsu_1,True,False,{},not_applicable_model_based_planner,0,0,0,False,model_based_planner,[],,,True,False,True,True,0,0,0,0.0
frozen_check,two_step_cost_rule,rule,frozen_check_03,1,1,rsu_0,rsu_1,False,True,{},not_applicable_model_based_planner,2,2,2,False,model_based_planner,[],,,True,False,True,True,0,0,0,0.0
frozen_check,two_step_cost_rule,rule,frozen_check_03,2,4,rsu_1,rsu_2,True,True,{},not_applicable_model_based_planner,0,0,0,False,model_based_planner,[],,,True,False,False,True,0,0,0,10.789533
frozen_check,two_step_cost_rule,rule,frozen_check_03,3,2,rsu_1,rsu_2,True,True,{},not_applicable_model_based_planner,4,4,4,False,model_based_planner,[],,,True,True,True,True,0,0,175600,0.0
frozen_check,two_step_cost_rule,rule,frozen_check_03,4,5,rsu_2,rsu_0,True,False,{},not_applicable_model_based_planner,0,0,0,False,model_based_planner,[],,,True,False,True,True,0,0,0,0.0
frozen_check,two_step_cost_rule,rule,frozen_check_03,5,6,rsu_2,rsu_0,True,False,{},not_applicable_model_based_planner,0,0,0,False,model_based_planner,[],,,True,False,True,True,0,0,0,0.0
frozen_check,two_step_cost_rule,rule,frozen_check_04,0,1,rsu_0,rsu_1,True,False,{},not_applicable_model_based_planner,0,0,0,False,model_based_planner,[],,,True,False,True,True,0,0,0,0.0
frozen_check,two_step_cost_rule,rule,frozen_check_04,1,2,rsu_0,rsu_1,False,True,{},not_applicable_model_based_planner,0,0,0,False,model_based_planner,[],,,True,False,True,True,0,154423432,0,0.0
frozen_check,two_step_cost_rule,rule,frozen_check_04,2,3,rsu_1,rsu_2,True,True,{},not_applicable_model_based_planner,2,2,2,False,model_based_planner,[],,,True,False,True,True,0,0,0,0.0
frozen_check,two_step_cost_rule,rule,frozen_check_04,3,4,rsu_1,rsu_2,True,True,{},not_applicable_model_based_planner,2,2,2,False,model_based_planner,[],,,True,False,True,True,0,0,0,0.0
frozen_check,two_step_cost_rule,rule,frozen_check_04,4,5,rsu_2,rsu_0,False,False,{},not_applicable_model_based_planner,2,2,2,False,model_based_planner,[],,,True,False,True,True,0,0,0,0.0
frozen_check,two_step_cost_rule,rule,frozen_check_04,5,6,rsu_2,rsu_0,True,True,{},not_applicable_model_based_planner,2,2,2,False,model_based_planner,[],,,True,False,True,True,0,0,0,0.0
frozen_check,two_step_cost_rule,rule,frozen_check_04,6,7,rsu_0,rsu_1,True,True,{},not_applicable_model_based_planner,0,0,0,False,model_based_planner,[],,,True,False,True,True,0,0,0,0.0
frozen_check,two_step_cost_rule,rule,frozen_check_05,0,1,rsu_0,rsu_1,False,False,{},not_applicable_model_based_planner,0,0,0,False,model_based_planner,[],,,True,False,True,True,0,9641944,0,0.0
frozen_check,two_step_cost_rule,rule,frozen_check_05,1,2,rsu_0,rsu_1,True,False,{},not_applicable_model_based_planner,4,4,4,False,model_based_planner,[],,,True,True,True,True,0,9641944,2195,0.0
frozen_check,two_step_cost_rule,rule,frozen_check_05,2,3,rsu_1,rsu_2,True,False,{},not_applicable_model_based_planner,0,0,0,False,model_based_planner,[],,,True,False,True,True,0,0,0,0.0
frozen_check,two_step_cost_rule,rule,frozen_check_05,3,4,rsu_1,rsu_2,True,True,{},not_applicable_model_based_planner,4,4,4,False,model_based_planner,[],,,True,True,True,True,0,0,3292,0.0
frozen_check,two_step_cost_rule,rule,frozen_check_05,4,5,rsu_2,rsu_0,True,True,{},not_applicable_model_based_planner,0,0,0,False,model_based_planner,[],,,True,False,True,True,0,0,0,0.0
frozen_check,two_step_cost_rule,rule,frozen_check_05,5,6,rsu_2,rsu_0,True,True,{},not_applicable_model_based_planner,4,4,4,False,model_based_planner,[],,,True,True,True,True,0,0,3292,0.0
frozen_check,two_step_cost_rule,rule,frozen_check_05,6,7,rsu_0,rsu_1,True,True,{},not_applicable_model_based_planner,0,0,0,False,model_based_planner,[],,,True,False,True,True,0,0,0,0.0
frozen_check,two_step_cost_rule,rule,frozen_check_06,0,1,rsu_0,rsu_1,True,False,{},not_applicable_model_based_planner,0,0,0,False,model_based_planner,[],,,True,False,True,True,0,0,0,0.0
frozen_check,two_step_cost_rule,rule,frozen_check_06,1,2,rsu_0,rsu_1,True,False,{},not_applicable_model_based_planner,0,0,0,False,model_based_planner,[],,,True,False,True,True,0,0,0,0.0
frozen_check,two_step_cost_rule,rule,frozen_check_06,2,3,rsu_1,rsu_2,True,True,{},not_applicable_model_based_planner,0,0,0,False,model_based_planner,[],,,True,False,False,True,0,0,0,4.315814333582334
frozen_check,two_step_cost_rule,rule,frozen_check_06,3,4,rsu_1,rsu_2,False,False,{},not_applicable_model_based_planner,2,2,2,False,model_based_planner,[],,,True,False,True,True,0,0,0,0.0
frozen_check,two_step_cost_rule,rule,frozen_check_06,4,5,rsu_2,rsu_0,True,False,{},not_applicable_model_based_planner,2,2,2,False,model_based_planner,[],,,True,False,True,True,0,0,0,0.0
frozen_check,two_step_cost_rule,rule,frozen_check_06,5,6,rsu_2,rsu_0,True,False,{},not_applicable_model_based_planner,2,2,2,False,model_based_planner,[],,,True,False,True,True,0,0,0,0.0
frozen_check,two_step_cost_rule,rule,frozen_check_07,0,3,rsu_0,rsu_1,True,False,{},not_applicable_model_based_planner,0,0,0,False,model_based_planner,[],,,True,False,True,True,0,0,0,0.0
frozen_check,two_step_cost_rule,rule,frozen_check_07,1,5,rsu_0,rsu_1,True,False,{},not_applicable_model_based_planner,0,0,0,False,model_based_planner,[],,,True,False,True,True,0,0,0,0.0
frozen_check,two_step_cost_rule,rule,frozen_check_07,2,6,rsu_1,rsu_2,False,False,{},not_applicable_model_based_planner,2,2,2,False,model_based_planner,[],,,True,False,True,True,0,0,0,0.0
frozen_check,two_step_cost_rule,rule,frozen_check_07,3,9,rsu_1,rsu_2,False,False,{},not_applicable_model_based_planner,2,2,2,False,model_based_planner,[],,,True,False,True,True,0,0,0,0.0
frozen_check,two_step_cost_rule,rule,frozen_check_07,4,1,rsu_2,rsu_0,False,False,{},not_applicable_model_based_planner,2,2,2,False,model_based_planner,[],,,True,False,True,True,0,0,0,0.0
frozen_check,two_step_cost_rule,rule,frozen_check_07,5,4,rsu_2,rsu_0,False,False,{},not_applicable_model_based_planner,2,2,2,False,model_based_planner,[],,,True,False,True,True,0,0,0,0.0
frozen_check,two_step_cost_rule,rule,frozen_check_07,6,7,rsu_0,rsu_1,False,False,{},not_applicable_model_based_planner,0,0,0,False,model_based_planner,[],,,True,False,True,True,0,154423432,0,0.0
frozen_check,two_step_cost_rule,rule,frozen_check_07,7,2,rsu_0,rsu_1,True,False,{},not_applicable_model_based_planner,0,0,0,False,model_based_planner,[],,,True,False,True,True,0,0,0,0.0
frozen_check,two_step_cost_rule,rule,frozen_check_07,8,8,rsu_1,rsu_2,False,False,{},not_applicable_model_based_planner,2,2,2,False,model_based_planner,[],,,True,False,True,True,0,0,0,0.0
frozen_check,two_step_cost_rule,rule,frozen_check_07,9,10,rsu_1,rsu_2,False,False,{},not_applicable_model_based_planner,2,2,2,False,model_based_planner,[],,,True,False,True,True,0,0,0,0.0
