split,method,seed,design_id,step_index,raw_actor_logits,raw_actor_probs,raw_head_actions,raw_head_actions_source,raw_env_action,projected_env_action,executed_action,aggregation_reason,action_mask,projection_applied,executed_action_probs,policy_log_prob,executed_action_log_prob,preserved_action_match
regression,sa_ghmappo,7,regression_00,0,"{""event"": [-0.16506583988666534, -0.104147769510746], ""fast"": [0.508468508720398, -0.8813303709030151], ""slow"": [0.28630393743515015, -0.28931891918182373, -0.19659174978733063]}","{""event"": [0.484775, 0.515225], ""fast"": [0.80056, 0.19944], ""slow"": [0.458853, 0.258038, 0.283109]}","{""event"": 1, ""fast"": 0, ""slow"": 0}",independent_head_argmax,4,4,4,event_head_prepare,"[true, true, true, true, true]",False,"[0.12509, 0.137244, 0.044363, 0.178077, 0.515225]",-0.663152,-0.663152,True
regression,sa_ghmappo,7,regression_00,1,"{""event"": [-0.1463250368833542, -0.10234683752059937], ""fast"": [0.6026247143745422, -0.9858980178833008], ""slow"": [0.24602535367012024, -0.1079089492559433, -0.3846423923969269]}","{""event"": [0.489007, 0.510993], ""fast"": [0.830408, 0.169592], ""slow"": [0.447596, 0.314177, 0.238227]}","{""event"": 1, ""fast"": 0, ""slow"": 0}",independent_head_argmax,4,4,4,event_head_prepare,"[true, false, true, true, true]",False,"[0.173892, 0.0, 0.042014, 0.205724, 0.57837]",-0.547542,-0.547542,True
regression,sa_ghmappo,7,regression_00,2,"{""event"": [0.1933695524930954, -0.3472367227077484], ""fast"": [0.12172263115644455, -0.12819994986057281], ""slow"": [0.12471424043178558, 0.18410390615463257, -0.5665861964225769]}","{""event"": [0.631953, 0.368047], ""fast"": [0.562157, 0.437843], ""slow"": [0.390303, 0.414185, 0.195512]}","{""event"": 0, ""fast"": 0, ""slow"": 1}",independent_head_argmax,0,0,0,slow_head_cache_fill,"[true, true, true, true, true]",False,"[0.261746, 0.123555, 0.107995, 0.138658, 0.368047]",-1.340382,-1.340382,True
regression,sa_ghmappo,7,regression_00,3,"{""event"": [-0.16052982211112976, -0.10499652475118637], ""fast"": [0.4380512833595276, -0.7339283227920532], ""slow"": [0.28123337030410767, -0.2571318745613098, -0.23775902390480042]}","{""event"": [0.48612, 0.51388], ""fast"": [0.763503, 0.236497], ""slow"": [0.458964, 0.267898, 0.273138]}","{""event"": 1, ""fast"": 0, ""slow"": 0}",independent_head_argmax,4,4,4,event_head_prepare,"[true, true, true, true, true]",False,"[0.130231, 0.132778, 0.052765, 0.170346, 0.51388]",-0.665766,-0.665766,True
regression,sa_ghmappo,7,regression_00,4,"{""event"": [0.07841836661100388, -0.25577810406684875], ""fast"": [0.08519566059112549, -0.15825021266937256], ""slow"": [0.1806148886680603, 0.024740003049373627, -0.4380223751068115]}","{""event"": [0.58278, 0.41722], ""fast"": [0.560563, 0.439437], ""slow"": [0.417651, 0.35737, 0.224979]}","{""event"": 0, ""fast"": 0, ""slow"": 0}",independent_head_argmax,3,3,3,fast_head_steady_offload,"[true, true, true, true, true]",False,"[0.208268, 0.131113, 0.106958, 0.13644, 0.41722]",-1.991869,-1.991869,True
regression,sa_ghmappo,7,regression_00,5,"{""event"": [0.06155801936984062, -0.24553364515304565], ""fast"": [0.08878166228532791, -0.1549994796514511], ""slow"": [0.19784754514694214, 0.006206683814525604, -0.42204129695892334]}","{""event"": [0.576175, 0.423825], ""fast"": [0.560645, 0.439355], ""slow"": [0.423082, 0.349298, 0.22762]}","{""event"": 0, ""fast"": 0, ""slow"": 0}",independent_head_argmax,3,3,3,fast_head_steady_offload,"[true, true, true, true, true]",False,"[0.201257, 0.131149, 0.107101, 0.136668, 0.423825]",-1.990199,-1.990199,True
regression,sa_ghmappo,7,regression_00,6,"{""event"": [-0.10770968347787857, -0.10968536138534546], ""fast"": [0.2513033449649811, -0.47944605350494385], ""slow"": [0.23982509970664978, -0.08267344534397125, -0.3922407329082489]}","{""event"": [0.500494, 0.499506], ""fast"": [0.67497, 0.32503], ""slow"": [0.443296, 0.321096, 0.235609]}","{""event"": 0, ""fast"": 0, ""slow"": 0}",independent_head_argmax,3,3,3,fast_head_steady_offload,"[true, false, true, true, true]",False,"[0.18219, 0.0, 0.081754, 0.169773, 0.566283]",-1.773292,-1.773292,True
regression,sa_ghmappo,7,regression_00,7,"{""event"": [-0.11608150601387024, -0.10286509990692139], ""fast"": [0.2514512836933136, -0.47973859310150146], ""slow"": [0.24352514743804932, -0.08708132803440094, -0.3903132975101471]}","{""event"": [0.496696, 0.503304], ""fast"": [0.675066, 0.324934], ""slow"": [0.444634, 0.319464, 0.235901]}","{""event"": 1, ""fast"": 0, ""slow"": 0}",independent_head_argmax,4,4,4,event_head_prepare,"[true, false, true, true, true]",False,"[0.179737, 0.0, 0.081285, 0.168874, 0.570104]",-0.561937,-0.561937,True
regression,sa_ghmappo,7,regression_00,8,"{""event"": [-0.23188292980194092, -0.017522256821393967], ""fast"": [0.30309540033340454, -0.5478609800338745], ""slow"": [0.29922354221343994, -0.21119064092636108, -0.28895363211631775]}","{""event"": [0.446614, 0.553386], ""fast"": [0.700768, 0.299232], ""slow"": [0.463911, 0.278461, 0.257628]}","{""event"": 1, ""fast"": 0, ""slow"": 0}",independent_head_argmax,4,4,4,event_head_prepare,"[true, false, true, true, true]",False,"[0.140535, 0.0, 0.070059, 0.164069, 0.625337]",-0.469464,-0.469464,True
regression,sa_ghmappo,7,regression_00,9,"{""event"": [-0.052031565457582474, -0.1699613779783249], ""fast"": [0.3747600317001343, -0.6601483821868896], ""slow"": [0.1984751969575882, -0.09010928869247437, -0.34224066138267517]}","{""event"": [0.529448, 0.470552], ""fast"": [0.737866, 0.262134], ""slow"": [0.42888, 0.32137, 0.24975]}","{""event"": 0, ""fast"": 0, ""slow"": 0}",independent_head_argmax,3,3,3,fast_head_steady_offload,"[true, false, true, true, false]",False,"[0.42835, 0.0, 0.149849, 0.421801, 0.0]",-0.863222,-0.863222,True
regression,sa_ghmappo,7,regression_01,0,"{""event"": [-0.0039057519752532244, -0.2204238623380661], ""fast"": [0.5451314449310303, -0.9228295087814331], ""slow"": [0.23176467418670654, -0.17932529747486115, -0.29303643107414246]}","{""event"": [0.553919, 0.446081], ""fast"": [0.812747, 0.187253], ""slow"": [0.443538, 0.294033, 0.262429]}","{""event"": 0, ""fast"": 0, ""slow"": 0}",independent_head_argmax,3,3,3,fast_head_steady_offload,"[true, true, true, true, true]",False,"[0.162871, 0.145365, 0.046005, 0.199679, 0.446081]",-1.611045,-1.611045,True
regression,sa_ghmappo,7,regression_01,1,"{""event"": [0.009589510969817638, -0.22963516414165497], ""fast"": [0.5457095503807068, -0.9254359602928162], ""slow"": [0.22627249360084534, -0.1612100601196289, -0.3118055760860443]}","{""event"": [0.559523, 0.440477], ""fast"": [0.813231, 0.186769], ""slow"": [0.441963, 0.299988, 0.258049]}","{""event"": 0, ""fast"": 0, ""slow"": 0}",independent_head_argmax,3,3,3,fast_head_steady_offload,"[true, true, true, true, true]",False,"[0.16785, 0.144384, 0.046186, 0.201103, 0.440477]",-1.60394,-1.60394,True
regression,sa_ghmappo,7,regression_01,2,"{""event"": [0.05211816728115082, -0.25771281123161316], ""fast"": [0.5372180938720703, -0.8863381743431091], ""slow"": [0.2067415565252304, -0.09390081465244293, -0.3727550208568573]}","{""event"": [0.576844, 0.423156], ""fast"": [0.805895, 0.194105], ""slow"": [0.434684, 0.321815, 0.243501]}","{""event"": 0, ""fast"": 0, ""slow"": 0}",independent_head_argmax,3,3,3,fast_head_steady_offload,"[true, true, true, true, true]",False,"[0.185637, 0.140462, 0.048671, 0.202074, 0.423156]",-1.599121,-1.599121,True
regression,sa_ghmappo,7,regression_01,3,"{""event"": [0.03089466504752636, -0.24009111523628235], ""fast"": [0.4384322166442871, -0.7480688095092773], ""slow"": [0.21251839399337769, -0.09407450258731842, -0.351919561624527]}","{""event"": [0.567335, 0.432665], ""fast"": [0.766115, 0.233885], ""slow"": [0.433909, 0.319336, 0.246755]}","{""event"": 0, ""fast"": 0, ""slow"": 0}",independent_head_argmax,3,3,3,fast_head_steady_offload,"[true, true, true, true, true]",False,"[0.18117, 0.139993, 0.057576, 0.188596, 0.432665]",-1.668149,-1.668149,True
regression,sa_ghmappo,7,regression_01,4,"{""event"": [-0.269646018743515, 0.0045229666866362095], ""fast"": [0.387773722410202, -0.7163538336753845], ""slow"": [0.30272334814071655, -0.3292878568172455, -0.15040205419063568]}","{""event"": [0.431884, 0.568116], ""fast"": [0.751033, 0.248967], ""slow"": [0.461433, 0.245262, 0.293305]}","{""event"": 1, ""fast"": 0, ""slow"": 0}",independent_head_argmax,4,4,4,event_head_prepare,"[true, false, true, true, true]",False,"[0.121289, 0.0, 0.056812, 0.171379, 0.65052]",-0.429983,-0.429983,True
regression,sa_ghmappo,7,regression_01,5,"{""event"": [-0.2673375606536865, -0.002574114128947258], ""fast"": [0.4047362506389618, -0.758192777633667], ""slow"": [0.2995167374610901, -0.315581738948822, -0.16930752992630005]}","{""event"": [0.434193, 0.565807], ""fast"": [0.761864, 0.238135], ""slow"": [0.461611, 0.249541, 0.288847]}","{""event"": 1, ""fast"": 0, ""slow"": 0}",independent_head_argmax,4,4,4,event_head_prepare,"[true, false, true, true, true]",False,"[0.123886, 0.0, 0.054573, 0.174596, 0.646944]",-0.435496,-0.435496,True
regression,sa_ghmappo,7,regression_01,6,"{""event"": [-0.28447261452674866, 0.021158473566174507], ""fast"": [0.25354084372520447, -0.43898606300354004], ""slow"": [0.3075792193412781, -0.34977439045906067, -0.12088274955749512]}","{""event"": [0.424181, 0.575818], ""fast"": [0.666529, 0.333471], ""slow"": [0.460887, 0.238841, 0.300272]}","{""event"": 1, ""fast"": 0, ""slow"": 0}",independent_head_argmax,4,4,4,event_head_prepare,"[true, false, true, true, true]",False,"[0.1161, 0.0, 0.074709, 0.149326, 0.659866]",-0.415719,-0.415719,True
regression,sa_ghmappo,7,regression_01,7,"{""event"": [-0.31935834884643555, 0.04304696246981621], ""fast"": [0.4087245762348175, -0.7036283016204834], ""slow"": [0.32749149203300476, -0.3665306270122528, -0.11079753935337067]}","{""event"": [0.410377, 0.589623], ""fast"": [0.752567, 0.247433], ""slow"": [0.466265, 0.232929, 0.300806]}","{""event"": 1, ""fast"": 0, ""slow"": 0}",independent_head_argmax,4,4,4,event_head_prepare,"[true, false, true, true, true]",False,"[0.10905, 0.0, 0.054012, 0.164279, 0.672658]",-0.396518,-0.396518,True
regression,sa_ghmappo,7,regression_02,0,"{""event"": [0.028841683641076088, -0.23733888566493988], ""fast"": [0.5559279322624207, -0.9193704128265381], ""slow"": [0.22144164144992828, -0.15874409675598145, -0.3132445216178894]}","{""event"": [0.566155, 0.433845], ""fast"": [0.813861, 0.186139], ""slow"": [0.440609, 0.301259, 0.258132]}","{""event"": 0, ""fast"": 0, ""slow"": 0}",independent_head_argmax,3,3,3,fast_head_steady_offload,"[true, true, true, true, true]",False,"[0.170559, 0.146143, 0.046433, 0.20302, 0.433845]",-1.594451,-1.594451,True
regression,sa_ghmappo,7,regression_02,1,"{""event"": [0.19488348066806793, -0.3531360626220703], ""fast"": [0.3495863676071167, -0.5096595883369446], ""slow"": [0.11514849960803986, 0.22496405243873596, -0.6336007118225098]}","{""event"": [0.633676, 0.366324], ""fast"": [0.702503, 0.297497], ""slow"": [0.386245, 0.431077, 0.182678]}","{""event"": 0, ""fast"": 0, ""slow"": 1}",independent_head_argmax,0,0,0,slow_head_cache_fill,"[true, false, true, true, true]",False,"[0.308924, 0.0, 0.082346, 0.19445, 0.41428]",-1.17466,-1.17466,True
regression,sa_ghmappo,7,regression_02,2,"{""event"": [-0.339239239692688, 0.051212817430496216], ""fast"": [0.27614066004753113, -0.4664239287376404], ""slow"": [0.3315350115299225, -0.3858647644519806, -0.08287198841571808]}","{""event"": [0.403608, 0.596391], ""fast"": [0.677556, 0.322444], ""slow"": [0.465387, 0.227118, 0.307496]}","{""event"": 1, ""fast"": 0, ""slow"": 0}",independent_head_argmax,4,4,4,event_head_prepare,"[true, false, true, true, true]",False,"[0.104655, 0.0, 0.069148, 0.145301, 0.680896]",-0.384345,-0.384345,True
regression,sa_ghmappo,7,regression_02,3,"{""event"": [-0.21698330342769623, -0.03183953836560249], ""fast"": [0.46595683693885803, -0.7734915614128113], ""slow"": [0.27505332231521606, -0.263328492641449, -0.19987928867340088]}","{""event"": [0.453846, 0.546154], ""fast"": [0.775468, 0.224532], ""slow"": [0.453387, 0.264639, 0.281974]}","{""event"": 1, ""fast"": 0, ""slow"": 0}",independent_head_argmax,4,4,4,event_head_prepare,"[true, false, true, true, true]",False,"[0.137731, 0.0, 0.052982, 0.182983, 0.626304]",-0.467919,-0.467919,True
regression,sa_ghmappo,7,regression_02,4,"{""event"": [0.30512577295303345, -0.4039285480976105], ""fast"": [0.05914949253201485, -0.017656054347753525], ""slow"": [0.08347944915294647, 0.22686415910720825, -0.5858760476112366]}","{""event"": [0.670192, 0.329808], ""fast"": [0.519192, 0.480808], ""slow"": [0.375064, 0.432889, 0.192047]}","{""event"": 0, ""fast"": 0, ""slow"": 1}",independent_head_argmax,0,0,0,slow_head_cache_fill,"[true, true, true, true, true]",False,"[0.290119, 0.128708, 0.120858, 0.130507, 0.329808]",-1.237465,-1.237465,True
regression,sa_ghmappo,7,regression_02,5,"{""event"": [-0.054463647305965424, -0.16148482263088226], ""fast"": [0.3819659650325775, -0.5944744348526001], ""slow"": [0.2218540608882904, -0.059201598167419434, -0.4118967354297638]}","{""event"": [0.52673, 0.47327], ""fast"": [0.726401, 0.273599], ""slow"": [0.437525, 0.330325, 0.23215]}","{""event"": 0, ""fast"": 0, ""slow"": 0}",independent_head_argmax,3,3,3,fast_head_steady_offload,"[true, false, true, true, true]",False,"[0.198232, 0.0, 0.071837, 0.190727, 0.539204]",-1.656914,-1.656914,True
regression,sa_ghmappo,7,regression_02,6,"{""event"": [-0.3040594756603241, 0.013225814327597618], ""fast"": [0.4376503825187683, -0.7991413474082947], ""slow"": [0.31080472469329834, -0.35214778780937195, -0.12765191495418549]}","{""event"": [0.421337, 0.578663], ""fast"": [0.775005, 0.224995], ""slow"": [0.462886, 0.238538, 0.298576]}","{""event"": 1, ""fast"": 0, ""slow"": 0}",independent_head_argmax,4,4,4,event_head_prepare,"[true, false, true, true, true]",False,"[0.114968, 0.0, 0.050196, 0.172901, 0.661935]",-0.412588,-0.412588,True
regression,sa_ghmappo,7,regression_02,7,"{""event"": [-0.3214316666126251, 0.03769465908408165], ""fast"": [0.3340456187725067, -0.6115226745605469], ""slow"": [0.320034921169281, -0.37454962730407715, -0.09796936810016632]}","{""event"": [0.411171, 0.588829], ""fast"": [0.720223, 0.279777], ""slow"": [0.463469, 0.231402, 0.305129]}","{""event"": 1, ""fast"": 0, ""slow"": 0}",independent_head_argmax,4,4,4,event_head_prepare,"[true, false, true, true, true]",False,"[0.108795, 0.0, 0.060964, 0.156939, 0.673302]",-0.395562,-0.395562,True
regression,sa_ghmappo,7,regression_03,0,"{""event"": [0.1317335069179535, -0.31339988112449646], ""fast"": [0.5975972414016724, -0.907921552658081], ""slow"": [0.11527563631534576, 0.13443304598331451, -0.5417858362197876]}","{""event"": [0.609482, 0.390518], ""fast"": [0.818396, 0.181604], ""slow"": [0.394055, 0.401677, 0.204267]}","{""event"": 0, ""fast"": 0, ""slow"": 1}",independent_head_argmax,0,0,0,slow_head_cache_fill,"[true, false, true, true, false]",False,"[0.504789, 0.0, 0.089932, 0.405279, 0.0]",-0.683614,-0.683614,True
regression,sa_ghmappo,7,regression_03,1,"{""event"": [-0.09077012538909912, -0.1456509381532669], ""fast"": [0.5219311118125916, -0.9023714065551758], ""slow"": [0.2610010802745819, -0.2280053347349167, -0.2515884339809418]}","{""event"": [0.513717, 0.486283], ""fast"": [0.806012, 0.193988], ""slow"": [0.452043, 0.277209, 0.270748]}","{""event"": 0, ""fast"": 0, ""slow"": 0}",independent_head_argmax,3,3,3,fast_head_steady_offload,"[true, true, true, true, true]",False,"[0.142407, 0.139088, 0.045048, 0.187174, 0.486283]",-1.675717,-1.675717,True
regression,sa_ghmappo,7,regression_03,2,"{""event"": [-0.07540193200111389, -0.1569974720478058], ""fast"": [0.520044207572937, -0.9006472229957581], ""slow"": [0.2522554397583008, -0.19553644955158234, -0.2827238440513611]}","{""event"": [0.520388, 0.479612], ""fast"": [0.805447, 0.194553], ""slow"": [0.449495, 0.287244, 0.263261]}","{""event"": 0, ""fast"": 0, ""slow"": 0}",independent_head_argmax,3,3,3,fast_head_steady_offload,"[true, true, true, true, true]",False,"[0.149478, 0.136998, 0.045508, 0.188403, 0.479612]",-1.66917,-1.66917,True
regression,sa_ghmappo,7,regression_03,3,"{""event"": [-0.09384316951036453, -0.14089436829090118], ""fast"": [0.4625628888607025, -0.8199539184570312], ""slow"": [0.25551509857177734, -0.19354340434074402, -0.28082042932510376]}","{""event"": [0.511761, 0.488239], ""fast"": [0.782878, 0.217122], ""slow"": [0.449819, 0.287087, 0.263094]}","{""event"": 0, ""fast"": 0, ""slow"": 0}",independent_head_argmax,3,3,3,fast_head_steady_offload,"[true, true, true, true, true]",False,"[0.14692, 0.134641, 0.049981, 0.180218, 0.488239]",-1.713587,-1.713587,True
regression,sa_ghmappo,7,regression_03,4,"{""event"": [-0.3430853486061096, 0.0611998550593853], ""fast"": [0.35269245505332947, -0.6278630495071411], ""slow"": [0.335537314414978, -0.3516215980052948, -0.14073802530765533]}","{""event"": [0.400283, 0.599717], ""fast"": [0.727218, 0.272782], ""slow"": [0.470789, 0.236808, 0.292403]}","{""event"": 1, ""fast"": 0, ""slow"": 0}",independent_head_argmax,4,4,4,event_head_prepare,"[true, false, true, true, true]",False,"[0.107356, 0.0, 0.05822, 0.15521, 0.679215]",-0.386818,-0.386818,True
regression,sa_ghmappo,7,regression_03,5,"{""event"": [-0.1362220197916031, -0.10878951102495193], ""fast"": [0.4751194715499878, -0.8118780851364136], ""slow"": [0.22006669640541077, -0.17350740730762482, -0.26103857159614563]}","{""event"": [0.493142, 0.506858], ""fast"": [0.783639, 0.216361], ""slow"": [0.436159, 0.294251, 0.26959]}","{""event"": 1, ""fast"": 0, ""slow"": 0}",independent_head_argmax,4,3,3,fast_head_steady_offload,"[true, false, true, true, false]",True,"[0.402857, 0.0, 0.129199, 0.467944, 0.0]",-0.759406,-0.759406,True
regression,sa_ghmappo,7,regression_03,6,"{""event"": [-0.38966605067253113, 0.08111730962991714], ""fast"": [0.4059749245643616, -0.7573573589324951], ""slow"": [0.3423595428466797, -0.39659303426742554, -0.09648662805557251]}","{""event"": [0.384431, 0.615569], ""fast"": [0.761938, 0.238062], ""slow"": [0.471166, 0.225035, 0.303798]}","{""event"": 1, ""fast"": 0, ""slow"": 0}",independent_head_argmax,4,4,4,event_head_prepare,"[true, false, true, true, true]",False,"[0.09795, 0.0, 0.048822, 0.15626, 0.696968]",-0.361016,-0.361016,True
regression,sa_ghmappo,7,regression_03,7,"{""event"": [-0.39902687072753906, 0.08602903038263321], ""fast"": [0.39036545157432556, -0.7478660345077515], ""slow"": [0.34339290857315063, -0.3986336886882782, -0.0973898246884346]}","{""event"": [0.381059, 0.618941], ""fast"": [0.757355, 0.242645], ""slow"": [0.471769, 0.224632, 0.303599]}","{""event"": 1, ""fast"": 0, ""slow"": 0}",independent_head_argmax,4,4,4,event_head_prepare,"[true, false, true, true, true]",False,"[0.096796, 0.0, 0.049327, 0.153963, 0.699913]",-0.356799,-0.356799,True
regression,sa_ghmappo,7,regression_03,8,"{""event"": [-0.4030134975910187, 0.09434551000595093], ""fast"": [0.26239949464797974, -0.4832620620727539], ""slow"": [0.34591296315193176, -0.4087505042552948, -0.08980169147253036]}","{""event"": [0.378162, 0.621839], ""fast"": [0.678233, 0.321767], ""slow"": [0.472373, 0.222095, 0.305532]}","{""event"": 1, ""fast"": 0, ""slow"": 0}",independent_head_argmax,4,4,4,event_head_prepare,"[true, false, true, true, true]",False,"[0.094959, 0.0, 0.064987, 0.136982, 0.703072]",-0.352296,-0.352296,True
regression,sa_ghmappo,7,regression_03,9,"{""event"": [-0.4354221522808075, 0.11800479888916016], ""fast"": [0.2569356858730316, -0.4656926393508911], ""slow"": [0.36648693680763245, -0.43137818574905396, -0.06657727062702179]}","{""event"": [0.36507, 0.63493], ""fast"": [0.673186, 0.326814], ""slow"": [0.476461, 0.214545, 0.308994]}","{""event"": 1, ""fast"": 0, ""slow"": 0}",independent_head_argmax,4,4,4,event_head_prepare,"[true, false, true, true, true]",False,"[0.088283, 0.0, 0.064074, 0.131983, 0.71566]",-0.33455,-0.33455,True
regression,sa_ghmappo,7,regression_03,10,"{""event"": [-0.2520514726638794, -0.01224067248404026], ""fast"": [0.3543390929698944, -0.6701034307479858], ""slow"": [0.2777509093284607, -0.3197762966156006, -0.11720111966133118]}","{""event"": [0.440333, 0.559667], ""fast"": [0.735837, 0.264163], ""slow"": [0.449664, 0.247392, 0.302944]}","{""event"": 1, ""fast"": 0, ""slow"": 0}",independent_head_argmax,4,3,3,fast_head_steady_offload,"[true, false, true, true, false]",True,"[0.35491, 0.0, 0.170409, 0.474681, 0.0]",-0.745111,-0.745111,True
regression,sa_ghmappo,7,regression_04,0,"{""event"": [-0.2240886390209198, -0.06779443472623825], ""fast"": [0.5264875888824463, -0.9080618023872375], ""slow"": [0.2973366379737854, -0.31142890453338623, -0.16980260610580444]}","{""event"": [0.461006, 0.538994], ""fast"": [0.807609, 0.192391], ""slow"": [0.460656, 0.250607, 0.288736]}","{""event"": 1, ""fast"": 0, ""slow"": 0}",independent_head_argmax,4,4,4,event_head_prepare,"[true, true, true, true, true]",False,"[0.115531, 0.133109, 0.040857, 0.171508, 0.538994]",-0.618051,-0.618051,True
regression,sa_ghmappo,7,regression_04,1,"{""event"": [-0.17846634984016418, -0.08740366250276566], ""fast"": [0.4144548773765564, -0.7585487365722656], ""slow"": [0.2793908715248108, -0.23319336771965027, -0.22657421231269836]}","{""event"": [0.47725, 0.52275], ""fast"": [0.763688, 0.236313], ""slow"": [0.45416, 0.272017, 0.273823]}","{""event"": 1, ""fast"": 0, ""slow"": 0}",independent_head_argmax,4,4,4,event_head_prepare,"[true, true, true, true, true]",False,"[0.12982, 0.130682, 0.05122, 0.165528, 0.52275]",-0.648652,-0.648652,True
regression,sa_ghmappo,7,regression_04,2,"{""event"": [-0.4122623801231384, 0.10749849677085876], ""fast"": [0.3974643349647522, -0.7238211631774902], ""slow"": [0.33992135524749756, -0.37944191694259644, -0.11567078530788422]}","{""event"": [0.372908, 0.627092], ""fast"": [0.754227, 0.245773], ""slow"": [0.471446, 0.229623, 0.298931]}","{""event"": 1, ""fast"": 0, ""slow"": 0}",independent_head_argmax,4,4,4,event_head_prepare,"[true, false, true, true, true]",False,"[0.096371, 0.0, 0.048629, 0.149233, 0.705766]",-0.348471,-0.348471,True
regression,sa_ghmappo,7,regression_04,3,"{""event"": [-0.46432235836982727, 0.14698022603988647], ""fast"": [0.3510596752166748, -0.6184775233268738], ""slow"": [0.36736878752708435, -0.42338502407073975, -0.06946933269500732]}","{""event"": [0.351762, 0.648238], ""fast"": [0.725027, 0.274973], ""slow"": [0.476286, 0.215997, 0.307717]}","{""event"": 1, ""fast"": 0, ""slow"": 0}",independent_head_argmax,4,4,4,event_head_prepare,"[true, false, true, true, true]",False,"[0.085202, 0.0, 0.051661, 0.136215, 0.726922]",-0.318936,-0.318936,True
regression,sa_ghmappo,7,regression_04,4,"{""event"": [-0.2803381383419037, -0.007443348877131939], ""fast"": [0.488877534866333, -0.8472704291343689], ""slow"": [0.3125627040863037, -0.3437071442604065, -0.13198573887348175]}","{""event"": [0.432197, 0.567803], ""fast"": [0.791856, 0.208144], ""slow"": [0.462985, 0.240189, 0.296826]}","{""event"": 1, ""fast"": 0, ""slow"": 0}",independent_head_argmax,4,4,4,event_head_prepare,"[true, true, true, true, true]",False,"[0.103809, 0.128287, 0.04165, 0.158451, 0.567803]",-0.56598,-0.56598,True
regression,sa_ghmappo,7,regression_05,0,"{""event"": [0.24936054646968842, -0.38756754994392395], ""fast"": [0.24517695605754852, -0.36811375617980957], ""slow"": [0.09853973239660263, 0.2174396812915802, -0.5980839729309082]}","{""event"": [0.654059, 0.345941], ""fast"": [0.648691, 0.351309], ""slow"": [0.381022, 0.429129, 0.18985]}","{""event"": 0, ""fast"": 0, ""slow"": 1}",independent_head_argmax,0,0,0,slow_head_cache_fill,"[true, true, true, true, true]",False,"[0.280675, 0.124173, 0.08755, 0.161661, 0.345941]",-1.270557,-1.270557,True
regression,sa_ghmappo,7,regression_05,1,"{""event"": [-0.19214850664138794, -0.07977543026208878], ""fast"": [0.3958728015422821, -0.7400559782981873], ""slow"": [0.2929309606552124, -0.2821451425552368, -0.16804282367229462]}","{""event"": [0.471936, 0.528064], ""fast"": [0.756931, 0.243069], ""slow"": [0.455927, 0.256533, 0.287539]}","{""event"": 1, ""fast"": 0, ""slow"": 0}",independent_head_argmax,4,4,4,event_head_prepare,"[true, true, true, true, true]",False,"[0.121067, 0.1357, 0.052301, 0.162868, 0.528064]",-0.638538,-0.638538,True
regression,sa_ghmappo,7,regression_05,2,"{""event"": [-0.27078697085380554, -0.03144187107682228], ""fast"": [0.42266273498535156, -0.8057315349578857], ""slow"": [0.3142547607421875, -0.34828850626945496, -0.12406012415885925]}","{""event"": [0.440448, 0.559552], ""fast"": [0.773537, 0.226463], ""slow"": [0.462821, 0.238602, 0.298576]}","{""event"": 1, ""fast"": 0, ""slow"": 0}",independent_head_argmax,4,4,4,event_head_prepare,"[true, true, true, true, true]",False,"[0.105092, 0.131507, 0.046164, 0.157685, 0.559552]",-0.580618,-0.580618,True
regression,sa_ghmappo,7,regression_05,3,"{""event"": [-0.4610174894332886, 0.14208851754665375], ""fast"": [0.22492893040180206, -0.4154849052429199], ""slow"": [0.3747222125530243, -0.4462849795818329, -0.06269001215696335]}","{""event"": [0.353633, 0.646367], ""fast"": [0.654847, 0.345153], ""slow"": [0.479457, 0.210955, 0.309588]}","{""event"": 1, ""fast"": 0, ""slow"": 0}",independent_head_argmax,4,4,4,event_head_prepare,"[true, false, true, true, true]",False,"[0.083772, 0.0, 0.065716, 0.124681, 0.725831]",-0.320438,-0.320438,True
regression,sa_ghmappo,7,regression_05,4,"{""event"": [-0.44068101048469543, 0.12080414593219757], ""fast"": [0.4077130854129791, -0.7466596961021423], ""slow"": [0.36015480756759644, -0.42813894152641296, -0.07990442961454391]}","{""event"": [0.363204, 0.636796], ""fast"": [0.760309, 0.239691], ""slow"": [0.476504, 0.216628, 0.306868]}","{""event"": 1, ""fast"": 0, ""slow"": 0}",independent_head_argmax,4,4,4,event_head_prepare,"[true, false, true, true, true]",False,"[0.08855, 0.0, 0.046686, 0.148091, 0.716673]",-0.333135,-0.333135,True
regression,sa_ghmappo,7,regression_06,0,"{""event"": [-0.06641092896461487, -0.16844841837882996], ""fast"": [0.5261424779891968, -0.8996384143829346], ""slow"": [0.25366926193237305, -0.25438469648361206, -0.21227844059467316]}","{""event"": [0.525487, 0.474513], ""fast"": [0.806243, 0.193757], ""slow"": [0.44859, 0.269901, 0.281508]}","{""event"": 0, ""fast"": 0, ""slow"": 0}",independent_head_argmax,3,3,3,fast_head_steady_offload,"[true, true, true, true, true]",False,"[0.14183, 0.147929, 0.045674, 0.190054, 0.474513]",-1.660444,-1.660444,True
regression,sa_ghmappo,7,regression_06,1,"{""event"": [0.07314532995223999, -0.26120060682296753], ""fast"": [0.4590027630329132, -0.7910565137863159], ""slow"": [0.2086644172668457, -0.09728427976369858, -0.3464721739292145]}","{""event"": [0.582816, 0.417184], ""fast"": [0.77731, 0.22269], ""slow"": [0.432822, 0.318741, 0.248437]}","{""event"": 0, ""fast"": 0, ""slow"": 0}",independent_head_argmax,3,3,3,fast_head_steady_offload,"[true, true, true, true, true]",False,"[0.185767, 0.144793, 0.056175, 0.196081, 0.417184]",-1.629228,-1.629228,True
regression,sa_ghmappo,7,regression_06,2,"{""event"": [-0.24936002492904663, -0.021548954769968987], ""fast"": [0.43262070417404175, -0.7777217626571655], ""slow"": [0.2900429964065552, -0.2955484390258789, -0.18033292889595032]}","{""event"": [0.443292, 0.556708], ""fast"": [0.77036, 0.22964], ""slow"": [0.458391, 0.255221, 0.286388]}","{""event"": 1, ""fast"": 0, ""slow"": 0}",independent_head_argmax,4,4,4,event_head_prepare,"[true, false, true, true, true]",False,"[0.129589, 0.0, 0.053449, 0.179301, 0.637661]",-0.449948,-0.449948,True
regression,sa_ghmappo,7,regression_06,3,"{""event"": [-0.319778174161911, 0.035000935196876526], ""fast"": [0.3406101167201996, -0.5863360166549683], ""slow"": [0.3269328474998474, -0.3724512457847595, -0.09323140233755112]}","{""event"": [0.412224, 0.587776], ""fast"": [0.716455, 0.283545], ""slow"": [0.464289, 0.230701, 0.30501]}","{""event"": 1, ""fast"": 0, ""slow"": 0}",independent_head_argmax,4,4,4,event_head_prepare,"[true, false, true, true, true]",False,"[0.108777, 0.0, 0.062072, 0.156843, 0.672307]",-0.397041,-0.397041,True
regression,sa_ghmappo,7,regression_06,4,"{""event"": [-0.12076935917139053, -0.11109966784715652], ""fast"": [0.49002134799957275, -0.839963972568512], ""slow"": [0.2701289653778076, -0.2859385311603546, -0.17229178547859192]}","{""event"": [0.497583, 0.502417], ""fast"": [0.790838, 0.209162], ""slow"": [0.451276, 0.258789, 0.289935]}","{""event"": 1, ""fast"": 0, ""slow"": 0}",independent_head_argmax,4,4,4,event_head_prepare,"[true, true, true, true, true]",False,"[0.128769, 0.144267, 0.046967, 0.17758, 0.502417]",-0.688324,-0.688324,True
regression,sa_ghmappo,7,regression_07,0,"{""event"": [0.2385839968919754, -0.3849163353443146], ""fast"": [0.5803439617156982, -0.9031570553779602], ""slow"": [0.12801909446716309, 0.1145477294921875, -0.5390774011611938]}","{""event"": [0.651014, 0.348986], ""fast"": [0.815101, 0.184899], ""slow"": [0.40003, 0.394677, 0.205294]}","{""event"": 0, ""fast"": 0, ""slow"": 0}",independent_head_argmax,3,3,3,fast_head_steady_offload,"[true, true, true, true, true]",False,"[0.25694, 0.133649, 0.048152, 0.212273, 0.348986]",-1.549884,-1.549884,True
regression,sa_ghmappo,7,regression_07,1,"{""event"": [0.3481599688529968, -0.46672672033309937], ""fast"": [0.5195187926292419, -0.7111349105834961], ""slow"": [0.0853886604309082, 0.26375168561935425, -0.6330320835113525]}","{""event"": [0.69315, 0.30685], ""fast"": [0.773933, 0.226067], ""slow"": [0.372748, 0.44553, 0.181722]}","{""event"": 0, ""fast"": 0, ""slow"": 1}",independent_head_argmax,0,0,0,slow_head_cache_fill,"[true, true, true, true, true]",False,"[0.308819, 0.125961, 0.058409, 0.199961, 0.30685]",-1.175,-1.175,True
regression,sa_ghmappo,7,regression_07,2,"{""event"": [0.4421520233154297, -0.5384522676467896], ""fast"": [0.33298179507255554, -0.3953704833984375], ""slow"": [0.046445876359939575, 0.4204718768596649, -0.763361394405365]}","{""event"": [0.727228, 0.272772], ""fast"": [0.674444, 0.325556], ""slow"": [0.345004, 0.501489, 0.153507]}","{""event"": 0, ""fast"": 0, ""slow"": 1}",independent_head_argmax,0,0,0,slow_head_cache_fill,"[true, true, true, true, true]",False,"[0.364697, 0.111635, 0.081681, 0.169216, 0.272772]",-1.008689,-1.008689,True
regression,sa_ghmappo,7,regression_07,3,"{""event"": [0.37384679913520813, -0.48732230067253113], ""fast"": [0.5117733478546143, -0.6832568645477295], ""slow"": [0.07420919835567474, 0.313082754611969, -0.6717894077301025]}","{""event"": [0.702905, 0.297095], ""fast"": [0.76764, 0.23236], ""slow"": [0.364421, 0.462748, 0.17283]}","{""event"": 0, ""fast"": 0, ""slow"": 1}",independent_head_argmax,0,0,0,slow_head_cache_fill,"[true, true, true, true, true]",False,"[0.325268, 0.121483, 0.05952, 0.196633, 0.297095]",-1.123106,-1.123106,True
regression,sa_ghmappo,7,regression_07,4,"{""event"": [0.4232741892337799, -0.5314077138900757], ""fast"": [0.27215567231178284, -0.2961307466030121], ""slow"": [0.052385300397872925, 0.4369276463985443, -0.7822333574295044]}","{""event"": [0.722056, 0.277944], ""fast"": [0.638368, 0.361632], ""slow"": [0.344473, 0.506011, 0.149515]}","{""event"": 0, ""fast"": 0, ""slow"": 1}",independent_head_argmax,0,0,0,slow_head_cache_fill,"[true, true, true, true, true]",False,"[0.365368, 0.107958, 0.089948, 0.158781, 0.277944]",-1.006849,-1.006849,True
regression,sa_ghmappo,7,regression_07,5,"{""event"": [0.14581331610679626, -0.3331444561481476], ""fast"": [0.48055461049079895, -0.6841198205947876], ""slow"": [0.1548829823732376, 0.07959675788879395, -0.5120564699172974]}","{""event"": [0.617502, 0.382498], ""fast"": [0.762181, 0.237819], ""slow"": [0.409709, 0.379996, 0.210294]}","{""event"": 0, ""fast"": 0, ""slow"": 0}",independent_head_argmax,3,3,3,fast_head_steady_offload,"[true, true, true, true, true]",False,"[0.234648, 0.129857, 0.060167, 0.192829, 0.382498]",-1.645952,-1.645952,True
regression,sa_ghmappo,7,regression_07,6,"{""event"": [0.37000608444213867, -0.48543184995651245], ""fast"": [0.19895844161510468, -0.2012486308813095], ""slow"": [0.06472481787204742, 0.33172693848609924, -0.6893978118896484]}","{""event"": [0.701707, 0.298293], ""fast"": [0.598737, 0.401263], ""slow"": [0.36017, 0.470398, 0.169432]}","{""event"": 0, ""fast"": 0, ""slow"": 1}",independent_head_argmax,0,0,0,slow_head_cache_fill,"[true, true, true, true, true]",False,"[0.330081, 0.118892, 0.101413, 0.151321, 0.298293]",-1.108417,-1.108417,True
regression,sa_ghmappo,7,regression_07,7,"{""event"": [-0.19659677147865295, -0.06606275588274002], ""fast"": [0.3243240416049957, -0.5229175090789795], ""slow"": [0.30028218030929565, -0.336590439081192, -0.10271389037370682]}","{""event"": [0.467413, 0.532587], ""fast"": [0.699988, 0.300012], ""slow"": [0.455113, 0.240729, 0.304158]}","{""event"": 1, ""fast"": 0, ""slow"": 0}",independent_head_argmax,4,4,4,event_head_prepare,"[true, true, true, true, true]",False,"[0.11252, 0.142168, 0.06382, 0.148905, 0.532587]",-0.630009,-0.630009,True
regression,sa_ghmappo,7,regression_07,8,"{""event"": [0.009020531550049782, -0.20441387593746185], ""fast"": [0.35105031728744507, -0.5829756259918213], ""slow"": [0.20042839646339417, -0.019224509596824646, -0.44827333092689514]}","{""event"": [0.553157, 0.446843], ""fast"": [0.717891, 0.282109], ""slow"": [0.430011, 0.345212, 0.224777]}","{""event"": 0, ""fast"": 0, ""slow"": 0}",independent_head_argmax,3,3,3,fast_head_steady_offload,"[true, false, true, true, true]",False,"[0.218071, 0.0, 0.076632, 0.195007, 0.510291]",-1.634721,-1.634721,True
regression,sa_ghmappo,7,regression_07,9,"{""event"": [-0.28146547079086304, 0.020889585837721825], ""fast"": [0.3393903076648712, -0.5967005491256714], ""slow"": [0.31762218475341797, -0.34666168689727783, -0.12889628112316132]}","{""event"": [0.424982, 0.575018], ""fast"": [0.718309, 0.281691], ""slow"": [0.464146, 0.238869, 0.296985]}","{""event"": 1, ""fast"": 0, ""slow"": 0}",independent_head_argmax,4,4,4,event_head_prepare,"[true, false, true, true, true]",False,"[0.116178, 0.0, 0.06359, 0.162155, 0.658076]",-0.418435,-0.418435,True
regression,sa_ghmappo,7,regression_07,10,"{""event"": [-0.3374553918838501, 0.04068173095583916], ""fast"": [0.312005877494812, -0.5797977447509766], ""slow"": [0.32709771394729614, -0.387437105178833, -0.10168372094631195]}","{""event"": [0.406576, 0.593424], ""fast"": [0.709262, 0.290738], ""slow"": [0.467132, 0.228624, 0.304244]}","{""event"": 1, ""fast"": 0, ""slow"": 0}",independent_head_argmax,4,4,4,event_head_prepare,"[true, false, true, true, true]",False,"[0.106074, 0.0, 0.063013, 0.153722, 0.677191]",-0.389802,-0.389802,True
regression,sa_ghmappo,7,regression_07,11,"{""event"": [-0.3631278872489929, 0.06030051037669182], ""fast"": [0.3126058876514435, -0.5673656463623047], ""slow"": [0.34411317110061646, -0.4089588224887848, -0.07995054125785828]}","{""event"": [0.395697, 0.604303], ""fast"": [0.706816, 0.293184], ""slow"": [0.470522, 0.221577, 0.307901]}","{""event"": 1, ""fast"": 0, ""slow"": 0}",independent_head_argmax,4,4,4,event_head_prepare,"[true, false, true, true, true]",False,"[0.099842, 0.0, 0.062159, 0.149856, 0.688144]",-0.373758,-0.373758,True
regression,sa_ghmappo,7,regression_07,12,"{""event"": [-0.17490579187870026, -0.08061647415161133], ""fast"": [0.3463738262653351, -0.6462717056274414], ""slow"": [0.2788349390029907, -0.3076591193675995, -0.14204764366149902]}","{""event"": [0.476445, 0.523555], ""fast"": [0.72961, 0.27039], ""slow"": [0.451928, 0.251396, 0.296676]}","{""event"": 1, ""fast"": 0, ""slow"": 0}",independent_head_argmax,4,4,4,event_head_prepare,"[true, true, true, true, true]",False,"[0.119776, 0.14135, 0.05822, 0.157099, 0.523555]",-0.647113,-0.647113,True
regression,sa_ghmappo,7,regression_07,13,"{""event"": [-0.36195051670074463, 0.061194490641355515], ""fast"": [0.3643117845058441, -0.6663585305213928], ""slow"": [0.3443242907524109, -0.4102283716201782, -0.07781651616096497]}","{""event"": [0.395764, 0.604236], ""fast"": [0.737046, 0.262954], ""slow"": [0.470397, 0.221191, 0.308412]}","{""event"": 1, ""fast"": 0, ""slow"": 0}",independent_head_argmax,4,4,4,event_head_prepare,"[true, false, true, true, true]",False,"[0.09971, 0.0, 0.055759, 0.15629, 0.688241]",-0.373616,-0.373616,True
regression,sa_ghmappo,7,regression_08,0,"{""event"": [-0.1644802689552307, -0.10509482771158218], ""fast"": [0.5362380146980286, -0.9130579233169556], ""slow"": [0.2848556935787201, -0.28667300939559937, -0.20220905542373657]}","{""event"": [0.485158, 0.514842], ""fast"": [0.80989, 0.19011], ""slow"": [0.458907, 0.259127, 0.281965]}","{""event"": 1, ""fast"": 0, ""slow"": 0}",independent_head_argmax,4,4,4,event_head_prepare,"[true, true, true, true, true]",False,"[0.125718, 0.136798, 0.042327, 0.180316, 0.514842]",-0.663895,-0.663895,True
regression,sa_ghmappo,7,regression_08,1,"{""event"": [-0.15105301141738892, -0.10136805474758148], ""fast"": [0.617172360420227, -0.9885872602462769], ""slow"": [0.246077761054039, -0.0844046026468277, -0.40665218234062195]}","{""event"": [0.487581, 0.512419], ""fast"": [0.832822, 0.167178], ""slow"": [0.446588, 0.320908, 0.232504]}","{""event"": 1, ""fast"": 0, ""slow"": 0}",independent_head_argmax,4,4,4,event_head_prepare,"[true, false, true, true, true]",False,"[0.176475, 0.0, 0.041057, 0.204532, 0.577936]",-0.548292,-0.548292,True
regression,sa_ghmappo,7,regression_08,2,"{""event"": [0.0628775879740715, -0.24559706449508667], ""fast"": [0.2953393757343292, -0.46846330165863037], ""slow"": [0.14621946215629578, 0.16249686479568481, -0.5875546336174011]}","{""event"": [0.576513, 0.423487], ""fast"": [0.682179, 0.317821], ""slow"": [0.40056, 0.407134, 0.192306]}","{""event"": 0, ""fast"": 0, ""slow"": 1}",independent_head_argmax,0,0,0,slow_head_cache_fill,"[true, false, true, true, true]",False,"[0.263985, 0.0, 0.082545, 0.177177, 0.476292]",-1.331863,-1.331863,True
regression,sa_ghmappo,7,regression_08,3,"{""event"": [-0.08927174657583237, -0.14954987168312073], ""fast"": [0.558766782283783, -0.8602094054222107], ""slow"": [0.22385427355766296, 0.002097316086292267, -0.49275195598602295]}","{""event"": [0.515065, 0.484935], ""fast"": [0.805178, 0.194822], ""slow"": [0.436773, 0.349904, 0.213323]}","{""event"": 0, ""fast"": 0, ""slow"": 0}",independent_head_argmax,3,3,3,fast_head_steady_offload,"[true, false, true, true, true]",False,"[0.202469, 0.0, 0.049239, 0.203498, 0.544794]",-1.592101,-1.592101,True
regression,sa_ghmappo,7,regression_08,4,"{""event"": [0.1292756199836731, -0.2983326017856598], ""fast"": [0.2714468538761139, -0.4072677791118622], ""slow"": [0.1221502497792244, 0.23543912172317505, -0.6487709283828735]}","{""event"": [0.605302, 0.394698], ""fast"": [0.663452, 0.336548], ""slow"": [0.387215, 0.433664, 0.179121]}","{""event"": 0, ""fast"": 0, ""slow"": 1}",independent_head_argmax,0,0,0,slow_head_cache_fill,"[true, false, true, true, true]",False,"[0.294419, 0.0, 0.088473, 0.174411, 0.442696]",-1.22275,-1.22275,True
regression,sa_ghmappo,7,regression_08,5,"{""event"": [0.1464305818080902, -0.3155503571033478], ""fast"": [0.13727052509784698, -0.19261319935321808], ""slow"": [0.14917317032814026, 0.14673995971679688, -0.5446272492408752]}","{""event"": [0.613484, 0.386516], ""fast"": [0.581731, 0.418269], ""slow"": [0.400442, 0.399468, 0.20009]}","{""event"": 0, ""fast"": 0, ""slow"": 0}",independent_head_argmax,3,3,3,fast_head_steady_offload,"[true, true, true, true, true]",False,"[0.245067, 0.122752, 0.102754, 0.142911, 0.386516]",-1.945536,-1.945536,True
regression,sa_ghmappo,7,regression_08,6,"{""event"": [-0.0015288634458556771, -0.19903014600276947], ""fast"": [0.28979337215423584, -0.49508166313171387], ""slow"": [0.18658995628356934, 0.06555977463722229, -0.5223817229270935]}","{""event"": [0.549215, 0.450785], ""fast"": [0.68673, 0.31327], ""slow"": [0.420494, 0.37256, 0.206946]}","{""event"": 0, ""fast"": 0, ""slow"": 0}",independent_head_argmax,3,3,3,fast_head_steady_offload,"[true, false, true, true, true]",False,"[0.230854, 0.0, 0.081624, 0.178931, 0.50859]",-1.720752,-1.720752,True
regression,sa_ghmappo,7,regression_08,7,"{""event"": [-0.17429904639720917, -0.07151075452566147], ""fast"": [0.37709248065948486, -0.6393119096755981], ""slow"": [0.2706231474876404, -0.1263624131679535, -0.37414881587028503]}","{""event"": [0.474326, 0.525674], ""fast"": [0.734272, 0.265728], ""slow"": [0.45514, 0.306011, 0.238849]}","{""event"": 1, ""fast"": 0, ""slow"": 0}",independent_head_argmax,4,4,4,event_head_prepare,"[true, false, true, true, true]",False,"[0.163694, 0.0, 0.064696, 0.178771, 0.592839]",-0.522833,-0.522833,True
regression,sa_ghmappo,7,regression_08,8,"{""event"": [-0.20208491384983063, -0.07562955468893051], ""fast"": [0.45690783858299255, -0.7939289808273315], ""slow"": [0.2959057092666626, -0.2948569655418396, -0.2004227340221405]}","{""event"": [0.468428, 0.531572], ""fast"": [0.777445, 0.222555], ""slow"": [0.462392, 0.256121, 0.281487]}","{""event"": 1, ""fast"": 0, ""slow"": 0}",independent_head_argmax,4,4,4,event_head_prepare,"[true, true, true, true, true]",False,"[0.119974, 0.131856, 0.048205, 0.168393, 0.531572]",-0.631917,-0.631917,True
regression,sa_ghmappo,7,regression_09,0,"{""event"": [-0.11276644468307495, -0.14700746536254883], ""fast"": [0.5195505023002625, -0.911401629447937], ""slow"": [0.2705523669719696, -0.281733900308609, -0.1950472593307495]}","{""event"": [0.508559, 0.491441], ""fast"": [0.80705, 0.19295], ""slow"": [0.453846, 0.261248, 0.284906]}","{""event"": 0, ""fast"": 0, ""slow"": 0}",independent_head_argmax,3,3,3,fast_head_steady_offload,"[true, true, true, true, true]",False,"[0.13286, 0.144891, 0.044534, 0.186273, 0.491441]",-1.680541,-1.680541,True
regression,sa_ghmappo,7,regression_09,1,"{""event"": [-0.04051157087087631, -0.18693359196186066], ""fast"": [0.4628961384296417, -0.7993148565292358], ""slow"": [0.24276897311210632, -0.1921762228012085, -0.25760024785995483]}","{""event"": [0.53654, 0.46346], ""fast"": [0.779406, 0.220594], ""slow"": [0.443733, 0.287228, 0.269038]}","{""event"": 0, ""fast"": 0, ""slow"": 0}",independent_head_argmax,3,3,3,fast_head_steady_offload,"[true, true, true, true, true]",False,"[0.15411, 0.14435, 0.052519, 0.185562, 0.46346]",-1.684368,-1.684368,True
regression,sa_ghmappo,7,regression_09,2,"{""event"": [0.21792477369308472, -0.35859373211860657], ""fast"": [0.2593923807144165, -0.40288951992988586], ""slow"": [0.11503755301237106, 0.1345229595899582, -0.5164786577224731]}","{""event"": [0.640266, 0.359734], ""fast"": [0.659773, 0.340227], ""slow"": [0.391932, 0.399644, 0.208424]}","{""event"": 0, ""fast"": 0, ""slow"": 1}",independent_head_argmax,0,0,0,slow_head_cache_fill,"[true, true, true, true, true]",False,"[0.255879, 0.133447, 0.085377, 0.165564, 0.359734]",-1.363053,-1.363053,True
regression,sa_ghmappo,7,regression_09,3,"{""event"": [-0.17422865331172943, -0.08743541687726974], ""fast"": [0.3958823084831238, -0.7461563348770142], ""slow"": [0.28026628494262695, -0.29761603474617004, -0.13234451413154602]}","{""event"": [0.478315, 0.521685], ""fast"": [0.758054, 0.241946], ""slow"": [0.449841, 0.252399, 0.297759]}","{""event"": 1, ""fast"": 0, ""slow"": 0}",independent_head_argmax,4,4,4,event_head_prepare,"[true, true, true, true, true]",False,"[0.120727, 0.142423, 0.052059, 0.163107, 0.521685]",-0.650692,-0.650692,True
regression,sa_ghmappo,7,regression_09,4,"{""event"": [-0.22223493456840515, -0.058983445167541504], ""fast"": [0.3408726155757904, -0.5713549256324768], ""slow"": [0.295126736164093, -0.34547337889671326, -0.107516348361969]}","{""event"": [0.459278, 0.540722], ""fast"": [0.713456, 0.286544], ""slow"": [0.455472, 0.240023, 0.304506]}","{""event"": 1, ""fast"": 0, ""slow"": 0}",independent_head_argmax,4,4,4,event_head_prepare,"[true, true, true, true, true]",False,"[0.110237, 0.139853, 0.059942, 0.149246, 0.540722]",-0.614849,-0.614849,True
regression,sa_ghmappo,7,regression_09,5,"{""event"": [-0.3601178228855133, 0.060796260833740234], ""fast"": [0.2599322497844696, -0.4708874225616455], ""slow"": [0.34255725145339966, -0.40860065817832947, -0.08044247329235077]}","{""event"": [0.396298, 0.603702], ""fast"": [0.674985, 0.325015], ""slow"": [0.470168, 0.221835, 0.307997]}","{""event"": 1, ""fast"": 0, ""slow"": 0}",independent_head_argmax,4,4,4,event_head_prepare,"[true, false, true, true, true]",False,"[0.100135, 0.0, 0.068978, 0.143253, 0.687634]",-0.374499,-0.374499,True
regression,sa_ghmappo,7,regression_09,6,"{""event"": [-0.33624228835105896, 0.04093580320477486], ""fast"": [0.2483724057674408, -0.46476924419403076], ""slow"": [0.32619142532348633, -0.39047500491142273, -0.10109657794237137]}","{""event"": [0.406808, 0.593192], ""fast"": [0.671095, 0.328905], ""slow"": [0.467147, 0.228144, 0.304709]}","{""event"": 1, ""fast"": 0, ""slow"": 0}",independent_head_argmax,4,4,4,event_head_prepare,"[true, false, true, true, true]",False,"[0.105943, 0.0, 0.071349, 0.14558, 0.677128]",-0.389896,-0.389896,True
regression,sa_ghmappo,7,regression_09,7,"{""event"": [-0.36407795548439026, 0.06072244048118591], ""fast"": [0.2641158998012543, -0.48015838861465454], ""slow"": [0.34459489583969116, -0.411533385515213, -0.07924540340900421]}","{""event"": [0.395369, 0.604631], ""fast"": [0.67793, 0.32207], ""slow"": [0.470808, 0.221035, 0.308157]}","{""event"": 1, ""fast"": 0, ""slow"": 0}",independent_head_argmax,4,4,4,event_head_prepare,"[true, false, true, true, true]",False,"[0.099515, 0.0, 0.068269, 0.143699, 0.688517]",-0.373215,-0.373215,True
regression,sa_ghmappo,7,regression_09,8,"{""event"": [-0.3290822505950928, 0.039230987429618835], ""fast"": [0.2927955687046051, -0.5703451633453369], ""slow"": [0.3241245150566101, -0.3849188983440399, -0.10084786266088486]}","{""event"": [0.408949, 0.591051], ""fast"": [0.703316, 0.296684], ""slow"": [0.466004, 0.229328, 0.304668]}","{""event"": 1, ""fast"": 0, ""slow"": 0}",independent_head_argmax,4,4,4,event_head_prepare,"[true, false, true, true, true]",False,"[0.107131, 0.0, 0.064587, 0.153109, 0.675174]",-0.392785,-0.392785,True
regression,sa_ghmappo,7,regression_10,0,"{""event"": [0.028110506013035774, -0.2328963428735733], ""fast"": [0.5385069251060486, -0.9051996469497681], ""slow"": [0.22300632297992706, -0.15948998928070068, -0.31062182784080505]}","{""event"": [0.564884, 0.435116], ""fast"": [0.809028, 0.190972], ""slow"": [0.440795, 0.300691, 0.258514]}","{""event"": 0, ""fast"": 0, ""slow"": 0}",independent_head_argmax,3,3,3,fast_head_steady_offload,"[true, true, true, true, true]",False,"[0.169855, 0.146031, 0.047552, 0.201446, 0.435116]",-1.602233,-1.602233,True
regression,sa_ghmappo,7,regression_10,1,"{""event"": [0.10381928086280823, -0.28231868147850037], ""fast"": [0.4475584030151367, -0.7484367489814758], ""slow"": [0.18896718323230743, -0.04047795385122299, -0.4039051830768585]}","{""event"": [0.595353, 0.404647], ""fast"": [0.767812, 0.232188], ""slow"": [0.425947, 0.338617, 0.235437]}","{""event"": 0, ""fast"": 0, ""slow"": 0}",independent_head_argmax,3,3,3,fast_head_steady_offload,"[true, true, true, true, true]",False,"[0.201596, 0.140168, 0.05888, 0.194708, 0.404647]",-1.636254,-1.636254,True
regression,sa_ghmappo,7,regression_10,2,"{""event"": [-0.2761934697628021, 0.007309589069336653], ""fast"": [0.40721559524536133, -0.7624853253364563], ""slow"": [0.3002806305885315, -0.32513371109962463, -0.15012459456920624]}","{""event"": [0.429595, 0.570405], ""fast"": [0.763091, 0.236909], ""slow"": [0.460318, 0.246289, 0.293393]}","{""event"": 1, ""fast"": 0, ""slow"": 0}",independent_head_argmax,4,4,4,event_head_prepare,"[true, false, true, true, true]",False,"[0.121063, 0.0, 0.053605, 0.172664, 0.652667]",-0.426688,-0.426688,True
regression,sa_ghmappo,7,regression_10,3,"{""event"": [-0.3336235284805298, 0.051920920610427856], ""fast"": [0.2671082615852356, -0.4510882794857025], ""slow"": [0.330909788608551, -0.3836410343647003, -0.08544602245092392]}","{""event"": [0.40479, 0.59521], ""fast"": [0.67221, 0.32779], ""slow"": [0.465364, 0.227754, 0.306882]}","{""event"": 1, ""fast"": 0, ""slow"": 0}",independent_head_argmax,4,4,4,event_head_prepare,"[true, false, true, true, true]",False,"[0.10527, 0.0, 0.070506, 0.144588, 0.679636]",-0.386198,-0.386198,True
regression,sa_ghmappo,7,regression_10,4,"{""event"": [-0.16793082654476166, -0.07595030218362808], ""fast"": [0.46312811970710754, -0.8127086162567139], ""slow"": [0.2881423830986023, -0.3293270170688629, -0.12813431024551392]}","{""event"": [0.477021, 0.522979], ""fast"": [0.78174, 0.21826], ""slow"": [0.454792, 0.245273, 0.299935]}","{""event"": 1, ""fast"": 0, ""slow"": 0}",independent_head_argmax,4,4,4,event_head_prepare,"[true, true, true, true, true]",False,"[0.117, 0.143075, 0.04735, 0.169595, 0.522979]",-0.648214,-0.648214,True
regression,sa_ghmappo,7,regression_11,0,"{""event"": [-0.15243203938007355, -0.10765038430690765], ""fast"": [0.5458077788352966, -0.9344139099121094], ""slow"": [0.28289151191711426, -0.2967357039451599, -0.19096723198890686]}","{""event"": [0.488806, 0.511194], ""fast"": [0.814606, 0.185394], ""slow"": [0.458148, 0.256612, 0.285241]}","{""event"": 1, ""fast"": 0, ""slow"": 0}",independent_head_argmax,4,4,4,event_head_prepare,"[true, true, true, true, true]",False,"[0.125433, 0.139427, 0.041518, 0.182427, 0.511194]",-0.671007,-0.671007,True
regression,sa_ghmappo,7,regression_11,1,"{""event"": [-0.398458868265152, 0.10440666228532791], ""fast"": [0.2793720066547394, -0.45874643325805664], ""slow"": [0.3493102788925171, -0.40226176381111145, -0.08426211029291153]}","{""event"": [0.376868, 0.623133], ""fast"": [0.676584, 0.323416], ""slow"": [0.47174, 0.222484, 0.305777]}","{""event"": 1, ""fast"": 0, ""slow"": 0}",independent_head_argmax,4,4,4,event_head_prepare,"[true, false, true, true, true]",False,"[0.094768, 0.0, 0.064987, 0.135952, 0.704293]",-0.35056,-0.35056,True
regression,sa_ghmappo,7,regression_11,2,"{""event"": [-0.4272482097148895, 0.11113564670085907], ""fast"": [0.31233498454093933, -0.6276681423187256], ""slow"": [0.35096779465675354, -0.4209001660346985, -0.07680125534534454]}","{""event"": [0.368564, 0.631436], ""fast"": [0.7191, 0.2809], ""slow"": [0.473012, 0.218602, 0.308386]}","{""event"": 1, ""fast"": 0, ""slow"": 0}",independent_head_argmax,4,4,4,event_head_prepare,"[true, false, true, true, true]",False,"[0.0909, 0.0, 0.05525, 0.14144, 0.712409]",-0.339104,-0.339104,True
regression,sa_ghmappo,7,regression_11,3,"{""event"": [-0.45901617407798767, 0.13389120995998383], ""fast"": [0.3998202681541443, -0.7258158922195435], ""slow"": [0.37176093459129333, -0.44068780541419983, -0.05249738320708275]}","{""event"": [0.355968, 0.644032], ""fast"": [0.755033, 0.244967], ""slow"": [0.476639, 0.211518, 0.311843]}","{""event"": 1, ""fast"": 0, ""slow"": 0}",independent_head_argmax,4,4,4,event_head_prepare,"[true, false, true, true, true]",False,"[0.084695, 0.0, 0.046753, 0.144101, 0.724451]",-0.322342,-0.322342,True
regression,sa_ghmappo,7,regression_11,4,"{""event"": [-0.2792450487613678, -0.0024262946099042892], ""fast"": [0.46128231287002563, -0.8005077242851257], ""slow"": [0.3241536319255829, -0.38051071763038635, -0.09353884309530258]}","{""event"": [0.431234, 0.568766], ""fast"": [0.779334, 0.220666], ""slow"": [0.464503, 0.229592, 0.305905]}","{""event"": 1, ""fast"": 0, ""slow"": 0}",independent_head_argmax,4,4,4,event_head_prepare,"[true, true, true, true, true]",False,"[0.099008, 0.131917, 0.044201, 0.156108, 0.568766]",-0.564286,-0.564286,True
regression,sa_ghmappo,7,regression_11,5,"{""event"": [-0.28228577971458435, 0.024912163615226746], ""fast"": [0.2801716923713684, -0.535834550857544], ""slow"": [0.32006144523620605, -0.29201608896255493, -0.19842374324798584]}","{""event"": [0.423799, 0.576201], ""fast"": [0.693388, 0.306612], ""slow"": [0.467805, 0.253654, 0.278541]}","{""event"": 1, ""fast"": 0, ""slow"": 0}",independent_head_argmax,4,4,4,event_head_prepare,"[true, false, true, true, true]",False,"[0.121887, 0.0, 0.068923, 0.155867, 0.653323]",-0.425684,-0.425684,True
regression,sa_ghmappo,7,regression_11,6,"{""event"": [-0.4302027225494385, 0.1111922487616539], ""fast"": [0.3700788915157318, -0.7064296007156372], ""slow"": [0.3562850058078766, -0.42121854424476624, -0.08615590631961823]}","{""event"": [0.367863, 0.632137], ""fast"": [0.745833, 0.254167], ""slow"": [0.475733, 0.218624, 0.305643]}","{""event"": 1, ""fast"": 0, ""slow"": 0}",independent_head_argmax,4,4,4,event_head_prepare,"[true, false, true, true, true]",False,"[0.090612, 0.0, 0.050115, 0.147059, 0.712214]",-0.339376,-0.339376,True
frozen_check,sa_ghmappo,7,frozen_check_00,0,"{""event"": [-0.09314077347517014, -0.15573683381080627], ""fast"": [0.5359262228012085, -0.9110319018363953], ""slow"": [0.2600254416465759, -0.21352310478687286, -0.272198885679245]}","{""event"": [0.515644, 0.484356], ""fast"": [0.80953, 0.19047], ""slow"": [0.452471, 0.281794, 0.265735]}","{""event"": 0, ""fast"": 0, ""slow"": 0}",independent_head_argmax,3,3,3,fast_head_steady_offload,"[true, true, true, true, true]",False,"[0.145305, 0.137025, 0.044439, 0.188875, 0.484356]",-1.666672,-1.666672,True
frozen_check,sa_ghmappo,7,frozen_check_00,1,"{""event"": [-0.02941935695707798, -0.20286615192890167], ""fast"": [0.4485180079936981, -0.7601420879364014], ""slow"": [0.23122075200080872, -0.09990784525871277, -0.3657161295413971]}","{""event"": [0.543253, 0.456747], ""fast"": [0.770062, 0.229938], ""slow"": [0.440799, 0.316543, 0.242658]}","{""event"": 0, ""fast"": 0, ""slow"": 0}",independent_head_argmax,3,3,3,fast_head_steady_offload,"[true, true, true, true, true]",False,"[0.171963, 0.131825, 0.055062, 0.184403, 0.456747]",-1.690631,-1.690631,True
frozen_check,sa_ghmappo,7,frozen_check_00,2,"{""event"": [-0.39247366786003113, 0.09189021587371826], ""fast"": [0.40874019265174866, -0.7723953723907471], ""slow"": [0.33646708726882935, -0.3748030662536621, -0.12229999899864197]}","{""event"": [0.381222, 0.618778], ""fast"": [0.765152, 0.234848], ""slow"": [0.471013, 0.231277, 0.29771]}","{""event"": 1, ""fast"": 0, ""slow"": 0}",independent_head_argmax,4,4,4,event_head_prepare,"[true, false, true, true, true]",False,"[0.099455, 0.0, 0.047568, 0.154981, 0.697996]",-0.359542,-0.359542,True
frozen_check,sa_ghmappo,7,frozen_check_00,3,"{""event"": [-0.4445156753063202, 0.1354057490825653], ""fast"": [0.27882102131843567, -0.47275084257125854], ""slow"": [0.3645581603050232, -0.42434653639793396, -0.06858636438846588]}","{""event"": [0.358951, 0.641049], ""fast"": [0.679521, 0.320479], ""slow"": [0.475554, 0.216064, 0.308381]}","{""event"": 1, ""fast"": 0, ""slow"": 0}",independent_head_argmax,4,4,4,event_head_prepare,"[true, false, true, true, true]",False,"[0.08721, 0.0, 0.061515, 0.130433, 0.720842]",-0.327335,-0.327335,True
frozen_check,sa_ghmappo,7,frozen_check_00,4,"{""event"": [-0.2308337390422821, -0.0495414175093174], ""fast"": [0.5150434374809265, -0.855150043964386], ""slow"": [0.30660706758499146, -0.3235475420951843, -0.164567232131958]}","{""event"": [0.454801, 0.545199], ""fast"": [0.797411, 0.202589], ""slow"": [0.463655, 0.2469, 0.289445]}","{""event"": 1, ""fast"": 0, ""slow"": 0}",independent_head_argmax,4,4,4,event_head_prepare,"[true, true, true, true, true]",False,"[0.11229, 0.13164, 0.04272, 0.16815, 0.545199]",-0.606604,-0.606604,True
frozen_check,sa_ghmappo,7,frozen_check_00,5,"{""event"": [0.17825140058994293, -0.3282628655433655], ""fast"": [0.07645348459482193, -0.05737556889653206], ""slow"": [0.13114598393440247, 0.17193961143493652, -0.5585814118385315]}","{""event"": [0.623989, 0.376011], ""fast"": [0.533407, 0.466593], ""slow"": [0.393182, 0.409553, 0.197265]}","{""event"": 0, ""fast"": 0, ""slow"": 1}",independent_head_argmax,0,0,0,slow_head_cache_fill,"[true, true, true, true, true]",False,"[0.255557, 0.123091, 0.114474, 0.130867, 0.376011]",-1.364311,-1.364311,True
frozen_check,sa_ghmappo,7,frozen_check_00,6,"{""event"": [-0.3411683440208435, 0.05202701687812805], ""fast"": [0.47715720534324646, -0.9002466797828674], ""slow"": [0.3259326219558716, -0.3264574408531189, -0.18384969234466553]}","{""event"": [0.402948, 0.597052], ""fast"": [0.798574, 0.201426], ""slow"": [0.471381, 0.245495, 0.283124]}","{""event"": 1, ""fast"": 0, ""slow"": 0}",independent_head_argmax,4,4,4,event_head_prepare,"[true, false, true, true, true]",False,"[0.111661, 0.0, 0.043186, 0.171216, 0.673937]",-0.394618,-0.394618,True
frozen_check,sa_ghmappo,7,frozen_check_01,0,"{""event"": [-0.06928291916847229, -0.1760558784008026], ""fast"": [0.506743311882019, -0.8892139196395874], ""slow"": [0.25626248121261597, -0.24367590248584747, -0.2324129045009613]}","{""event"": [0.526668, 0.473332], ""fast"": [0.801542, 0.198458], ""slow"": [0.450449, 0.273228, 0.276323]}","{""event"": 0, ""fast"": 0, ""slow"": 0}",independent_head_argmax,3,3,3,fast_head_steady_offload,"[true, true, true, true, true]",False,"[0.1439, 0.14553, 0.047082, 0.190155, 0.473332]",-1.659914,-1.659914,True
frozen_check,sa_ghmappo,7,frozen_check_01,1,"{""event"": [-0.04680783301591873, -0.1857016682624817], ""fast"": [0.44733914732933044, -0.7859798669815063], ""slow"": [0.24486695230007172, -0.1903974413871765, -0.25615620613098145]}","{""event"": [0.534668, 0.465332], ""fast"": [0.774399, 0.225601], ""slow"": [0.443852, 0.287214, 0.268934]}","{""event"": 0, ""fast"": 0, ""slow"": 0}",independent_head_argmax,3,3,3,fast_head_steady_offload,"[true, true, true, true, true]",False,"[0.153564, 0.143791, 0.053538, 0.183775, 0.465332]",-1.694042,-1.694042,True
frozen_check,sa_ghmappo,7,frozen_check_01,2,"{""event"": [0.23412062227725983, -0.37412193417549133], ""fast"": [0.247868612408638, -0.40790095925331116], ""slow"": [0.10647062957286835, 0.161100834608078, -0.5396968722343445]}","{""event"": [0.64754, 0.35246], ""fast"": [0.658309, 0.341691], ""slow"": [0.387567, 0.409329, 0.203105]}","{""event"": 0, ""fast"": 0, ""slow"": 1}",independent_head_argmax,0,0,0,slow_head_cache_fill,"[true, true, true, true, true]",False,"[0.265057, 0.131518, 0.085752, 0.165213, 0.35246]",-1.327812,-1.327812,True
frozen_check,sa_ghmappo,7,frozen_check_01,3,"{""event"": [-0.3487612009048462, 0.0544961579144001], ""fast"": [0.3498856723308563, -0.640380322933197], ""slow"": [0.3367544412612915, -0.38953644037246704, -0.09020792692899704]}","{""event"": [0.40053, 0.59947], ""fast"": [0.72914, 0.27086], ""slow"": [0.468124, 0.226431, 0.305445]}","{""event"": 1, ""fast"": 0, ""slow"": 0}",independent_head_argmax,4,4,4,event_head_prepare,"[true, false, true, true, true]",False,"[0.103334, 0.0, 0.057865, 0.155769, 0.683032]",-0.381213,-0.381213,True
frozen_check,sa_ghmappo,7,frozen_check_01,4,"{""event"": [-0.07944106310606003, -0.15924379229545593], ""fast"": [0.4555259346961975, -0.7448071241378784], ""slow"": [0.24477455019950867, -0.20417511463165283, -0.25664645433425903]}","{""event"": [0.51994, 0.48006], ""fast"": [0.768584, 0.231416], ""slow"": [0.445639, 0.284451, 0.26991]}","{""event"": 0, ""fast"": 0, ""slow"": 0}",independent_head_argmax,3,3,3,fast_head_steady_offload,"[true, true, true, true, true]",False,"[0.147897, 0.140337, 0.05362, 0.178085, 0.48006]",-1.725493,-1.725493,True
frozen_check,sa_ghmappo,7,frozen_check_01,5,"{""event"": [0.0471666194498539, -0.26127713918685913], ""fast"": [0.44443419575691223, -0.682479977607727], ""slow"": [0.20886316895484924, -0.04888669773936272, -0.4083692729473114]}","{""event"": [0.576505, 0.423495], ""fast"": [0.755269, 0.244731], ""slow"": [0.432484, 0.334219, 0.233297]}","{""event"": 0, ""fast"": 0, ""slow"": 0}",independent_head_argmax,3,3,3,fast_head_steady_offload,"[true, true, true, true, true]",False,"[0.192679, 0.134497, 0.061019, 0.188311, 0.423495]",-1.669662,-1.669662,True
frozen_check,sa_ghmappo,7,frozen_check_01,6,"{""event"": [0.13271766901016235, -0.2994581460952759], ""fast"": [0.31426694989204407, -0.5344626903533936], ""slow"": [0.14629456400871277, 0.12937238812446594, -0.5640160441398621]}","{""event"": [0.606393, 0.393607], ""fast"": [0.700301, 0.299699], ""slow"": [0.404087, 0.397307, 0.198606]}","{""event"": 0, ""fast"": 0, ""slow"": 0}",independent_head_argmax,3,3,3,fast_head_steady_offload,"[true, false, true, true, true]",False,"[0.273912, 0.0, 0.083492, 0.195095, 0.447501]",-1.634271,-1.634271,True
frozen_check,sa_ghmappo,7,frozen_check_01,7,"{""event"": [-0.016330325976014137, -0.1922023892402649], ""fast"": [0.4467222988605499, -0.7215101718902588], ""slow"": [0.21353977918624878, -0.0205911323428154, -0.4437202513217926]}","{""event"": [0.543855, 0.456145], ""fast"": [0.762825, 0.237175], ""slow"": [0.432989, 0.342606, 0.224405]}","{""event"": 0, ""fast"": 0, ""slow"": 0}",independent_head_argmax,3,3,3,fast_head_steady_offload,"[true, false, true, true, true]",False,"[0.212229, 0.0, 0.063614, 0.204603, 0.519553]",-1.586683,-1.586683,True
frozen_check,sa_ghmappo,7,frozen_check_01,8,"{""event"": [-0.32420021295547485, 0.03702584281563759], ""fast"": [0.36716145277023315, -0.6799473166465759], ""slow"": [0.323211669921875, -0.3829752504825592, -0.09956895560026169]}","{""event"": [0.410663, 0.589337], ""fast"": [0.740219, 0.259781], ""slow"": [0.465388, 0.229679, 0.304933]}","{""event"": 1, ""fast"": 0, ""slow"": 0}",independent_head_argmax,4,4,4,event_head_prepare,"[true, false, true, true, true]",False,"[0.107823, 0.0, 0.056756, 0.16172, 0.673701]",-0.394969,-0.394969,True
frozen_check,sa_ghmappo,7,frozen_check_02,0,"{""event"": [-0.039880529046058655, -0.18095776438713074], ""fast"": [0.5087296962738037, -0.8810610771179199], ""slow"": [0.24922287464141846, -0.2348351925611496, -0.23887330293655396]}","{""event"": [0.535211, 0.464789], ""fast"": [0.800559, 0.199441], ""slow"": [0.448416, 0.276349, 0.275235]}","{""event"": 0, ""fast"": 0, ""slow"": 0}",independent_head_argmax,3,3,3,fast_head_steady_offload,"[true, true, true, true, true]",False,"[0.147905, 0.147309, 0.047865, 0.192132, 0.464789]",-1.649573,-1.649573,True
frozen_check,sa_ghmappo,7,frozen_check_02,1,"{""event"": [0.08207244426012039, -0.2635873556137085], ""fast"": [0.4787391722202301, -0.7907694578170776], ""slow"": [0.19851432740688324, -0.07118499279022217, -0.378264456987381]}","{""event"": [0.585565, 0.414435], ""fast"": [0.780659, 0.219341], ""slow"": [0.430049, 0.32839, 0.241561]}","{""event"": 0, ""fast"": 0, ""slow"": 0}",independent_head_argmax,3,3,3,fast_head_steady_offload,"[true, true, true, true, true]",False,"[0.192293, 0.141449, 0.055235, 0.196587, 0.414435]",-1.626651,-1.626651,True
frozen_check,sa_ghmappo,7,frozen_check_02,2,"{""event"": [0.0648830384016037, -0.25945520401000977], ""fast"": [0.5978931784629822, -0.9262608289718628], ""slow"": [0.16804224252700806, 0.07669761776924133, -0.5339871048927307]}","{""event"": [0.580381, 0.419619], ""fast"": [0.821149, 0.178851], ""slow"": [0.415234, 0.378985, 0.205781]}","{""event"": 0, ""fast"": 0, ""slow"": 0}",independent_head_argmax,3,3,3,fast_head_steady_offload,"[true, false, true, true, true]",False,"[0.249788, 0.0, 0.048948, 0.224732, 0.476532]",-1.492847,-1.492847,True
frozen_check,sa_ghmappo,7,frozen_check_02,3,"{""event"": [0.29012662172317505, -0.39681532979011536], ""fast"": [0.02922012284398079, 0.04198744148015976], ""slow"": [0.09956003725528717, 0.21920502185821533, -0.5852168798446655]}","{""event"": [0.665286, 0.334714], ""fast"": [0.496808, 0.503192], ""slow"": [0.38004, 0.428342, 0.191617]}","{""event"": 0, ""fast"": 1, ""slow"": 1}",independent_head_argmax,0,0,0,slow_head_cache_fill,"[true, true, true, true, true]",False,"[0.28497, 0.12748, 0.127225, 0.125611, 0.334714]",-1.255371,-1.255371,True
frozen_check,sa_ghmappo,7,frozen_check_02,4,"{""event"": [-0.07165739685297012, -0.15169581770896912], ""fast"": [0.40525051951408386, -0.7157560586929321], ""slow"": [0.2561771869659424, -0.23372456431388855, -0.23166757822036743]}","{""event"": [0.519999, 0.480001], ""fast"": [0.754175, 0.245825], ""slow"": [0.449108, 0.275163, 0.275729]}","{""event"": 0, ""fast"": 0, ""slow"": 0}",independent_head_argmax,3,3,3,fast_head_steady_offload,"[true, true, true, true, true]",False,"[0.143084, 0.143379, 0.057409, 0.176127, 0.480001]",-1.73655,-1.73655,True
frozen_check,sa_ghmappo,7,frozen_check_03,0,"{""event"": [-0.1867070496082306, -0.08831831812858582], ""fast"": [0.513244092464447, -0.9013175368309021], ""slow"": [0.2964108884334564, -0.3244315981864929, -0.15934455394744873]}","{""event"": [0.475423, 0.524577], ""fast"": [0.804484, 0.195516], ""slow"": [0.46052, 0.247525, 0.291955]}","{""event"": 1, ""fast"": 0, ""slow"": 0}",independent_head_argmax,4,4,4,event_head_prepare,"[true, true, true, true, true]",False,"[0.117679, 0.138802, 0.042806, 0.176135, 0.524577]",-0.645162,-0.645162,True
frozen_check,sa_ghmappo,7,frozen_check_03,1,"{""event"": [-0.40905696153640747, 0.10723192244768143], ""fast"": [0.29298079013824463, -0.5065425634384155], ""slow"": [0.35456377267837524, -0.4124157726764679, -0.07890626043081284]}","{""event"": [0.37372, 0.62628], ""fast"": [0.689873, 0.310127], ""slow"": [0.473335, 0.219823, 0.306842]}","{""event"": 1, ""fast"": 0, ""slow"": 0}",independent_head_argmax,4,4,4,event_head_prepare,"[true, false, true, true, true]",False,"[0.092793, 0.0, 0.061966, 0.137842, 0.707399]",-0.34616,-0.34616,True
frozen_check,sa_ghmappo,7,frozen_check_03,2,"{""event"": [-0.4283859431743622, 0.10973728448152542], ""fast"": [0.3197759687900543, -0.6443734169006348], ""slow"": [0.35282230377197266, -0.42321136593818665, -0.07846147567033768]}","{""event"": [0.368624, 0.631376], ""fast"": [0.723952, 0.276048], ""slow"": [0.473956, 0.218128, 0.307917]}","{""event"": 1, ""fast"": 0, ""slow"": 0}",independent_head_argmax,4,4,4,event_head_prepare,"[true, false, true, true, true]",False,"[0.090702, 0.0, 0.054404, 0.142677, 0.712216]",-0.339374,-0.339374,True
frozen_check,sa_ghmappo,7,frozen_check_03,3,"{""event"": [-0.46076568961143494, 0.1337951272726059], ""fast"": [0.31037285923957825, -0.6079614758491516], ""slow"": [0.3739984631538391, -0.4461883306503296, -0.05593803524971008]}","{""event"": [0.355589, 0.644411], ""fast"": [0.714703, 0.285297], ""slow"": [0.478263, 0.210603, 0.311134]}","{""event"": 1, ""fast"": 0, ""slow"": 0}",independent_head_argmax,4,4,4,event_head_prepare,"[true, false, true, true, true]",False,"[0.084204, 0.0, 0.054555, 0.136666, 0.724575]",-0.32217,-0.32217,True
frozen_check,sa_ghmappo,7,frozen_check_03,4,"{""event"": [-0.2768242061138153, 0.0006412056973204017], ""fast"": [0.4462710916996002, -0.7849968075752258], ""slow"": [0.3127404451370239, -0.3660906255245209, -0.09787184000015259]}","{""event"": [0.431075, 0.568925], ""fast"": [0.77404, 0.22596], ""slow"": [0.460733, 0.233688, 0.305579]}","{""event"": 1, ""fast"": 0, ""slow"": 0}",independent_head_argmax,4,4,4,event_head_prepare,"[true, true, true, true, true]",False,"[0.100737, 0.131727, 0.044878, 0.153733, 0.568925]",-0.564007,-0.564007,True
frozen_check,sa_ghmappo,7,frozen_check_03,5,"{""event"": [-0.027589963749051094, -0.18054212629795074], ""fast"": [0.4347943067550659, -0.654364824295044], ""slow"": [0.2395063191652298, -0.0988750010728836, -0.36890313029289246]}","{""event"": [0.538164, 0.461836], ""fast"": [0.748223, 0.251777], ""slow"": [0.443039, 0.315853, 0.241109]}","{""event"": 0, ""fast"": 0, ""slow"": 0}",independent_head_argmax,3,3,3,fast_head_steady_offload,"[true, true, true, true, true]",False,"[0.16998, 0.129756, 0.06003, 0.178397, 0.461836]",-1.723745,-1.723745,True
frozen_check,sa_ghmappo,7,frozen_check_03,6,"{""event"": [-0.18039032816886902, -0.052304863929748535], ""fast"": [0.23200659453868866, -0.45612868666648865], ""slow"": [0.2683570683002472, -0.18623340129852295, -0.30099183320999146]}","{""event"": [0.468022, 0.531978], ""fast"": [0.665552, 0.334448], ""slow"": [0.454421, 0.288425, 0.257154]}","{""event"": 1, ""fast"": 0, ""slow"": 0}",independent_head_argmax,4,4,4,event_head_prepare,"[true, false, true, true, true]",False,"[0.153459, 0.0, 0.080862, 0.160916, 0.604763]",-0.502918,-0.502918,True
frozen_check,sa_ghmappo,7,frozen_check_03,7,"{""event"": [-0.35748687386512756, 0.08178389817476273], ""fast"": [0.3326175808906555, -0.6129077672958374], ""slow"": [0.33677178621292114, -0.3581015169620514, -0.13590097427368164]}","{""event"": [0.391915, 0.608085], ""fast"": [0.720214, 0.279786], ""slow"": [0.471149, 0.235168, 0.293683]}","{""event"": 1, ""fast"": 0, ""slow"": 0}",independent_head_argmax,4,4,4,event_head_prepare,"[true, false, true, true, true]",False,"[0.104154, 0.0, 0.058382, 0.150285, 0.687179]",-0.375161,-0.375161,True
frozen_check,sa_ghmappo,7,frozen_check_03,8,"{""event"": [-0.4261622130870819, 0.10644963383674622], ""fast"": [0.3125384747982025, -0.621706485748291], ""slow"": [0.3547952175140381, -0.42542943358421326, -0.07748080790042877]}","{""event"": [0.369908, 0.630092], ""fast"": [0.717936, 0.282064], ""slow"": [0.474533, 0.21748, 0.307987]}","{""event"": 1, ""fast"": 0, ""slow"": 0}",independent_head_argmax,4,4,4,event_head_prepare,"[true, false, true, true, true]",False,"[0.090791, 0.0, 0.055878, 0.142225, 0.711106]",-0.340934,-0.340934,True
frozen_check,sa_ghmappo,7,frozen_check_04,0,"{""event"": [-0.11401793360710144, -0.14292821288108826], ""fast"": [0.553144633769989, -0.9229547381401062], ""slow"": [0.2606426477432251, -0.2162553071975708, -0.2678230106830597]}","{""event"": [0.507227, 0.492773], ""fast"": [0.813983, 0.186017], ""slow"": [0.452445, 0.280835, 0.26672]}","{""event"": 0, ""fast"": 0, ""slow"": 0}",independent_head_argmax,3,3,3,fast_head_steady_offload,"[true, true, true, true, true]",False,"[0.142447, 0.135288, 0.04269, 0.186803, 0.492773]",-1.677702,-1.677702,True
frozen_check,sa_ghmappo,7,frozen_check_04,1,"{""event"": [-0.23057596385478973, -0.028857657685875893], ""fast"": [0.3790838122367859, -0.6052404046058655], ""slow"": [0.2739194631576538, -0.1626945585012436, -0.3288820683956146]}","{""event"": [0.449741, 0.550259], ""fast"": [0.727965, 0.272035], ""slow"": [0.455893, 0.294608, 0.249499]}","{""event"": 1, ""fast"": 0, ""slow"": 0}",independent_head_argmax,4,4,4,event_head_prepare,"[true, false, true, true, true]",False,"[0.149244, 0.0, 0.062826, 0.168122, 0.619808]",-0.478346,-0.478346,True
frozen_check,sa_ghmappo,7,frozen_check_04,2,"{""event"": [-0.43213707208633423, 0.115049809217453], ""fast"": [0.41916796565055847, -0.7810778617858887], ""slow"": [0.34173673391342163, -0.392057329416275, -0.09685085713863373]}","{""event"": [0.366517, 0.633483], ""fast"": [0.768569, 0.231431], ""slow"": [0.470581, 0.225919, 0.3035]}","{""event"": 1, ""fast"": 0, ""slow"": 0}",independent_head_argmax,4,4,4,event_head_prepare,"[true, false, true, true, true]",False,"[0.093167, 0.0, 0.044912, 0.149151, 0.71277]",-0.338597,-0.338597,True
frozen_check,sa_ghmappo,7,frozen_check_04,3,"{""event"": [-0.46929383277893066, 0.1517953872680664], ""fast"": [0.27527040243148804, -0.4706454277038574], ""slow"": [0.36804884672164917, -0.4304140508174896, -0.06013230234384537]}","{""event"": [0.349534, 0.650466], ""fast"": [0.678288, 0.321712], ""slow"": [0.475802, 0.214121, 0.310077]}","{""event"": 1, ""fast"": 0, ""slow"": 0}",independent_head_argmax,4,4,4,event_head_prepare,"[true, false, true, true, true]",False,"[0.08394, 0.0, 0.060007, 0.126518, 0.729535]",-0.315348,-0.315348,True
frozen_check,sa_ghmappo,7,frozen_check_04,4,"{""event"": [-0.23112212121486664, -0.046396832913160324], ""fast"": [0.5191492438316345, -0.8420531749725342], ""slow"": [0.294768363237381, -0.3004666566848755, -0.179282546043396]}","{""event"": [0.45395, 0.54605], ""fast"": [0.795955, 0.204045], ""slow"": [0.460001, 0.25366, 0.286339]}","{""event"": 1, ""fast"": 0, ""slow"": 0}",independent_head_argmax,4,4,4,event_head_prepare,"[true, true, true, true, true]",False,"[0.115149, 0.129984, 0.042608, 0.166209, 0.54605]",-0.605044,-0.605044,True
frozen_check,sa_ghmappo,7,frozen_check_04,5,"{""event"": [0.08284227550029755, -0.2740299701690674], ""fast"": [0.4561077654361725, -0.6040626764297485], ""slow"": [0.14440831542015076, 0.21070975065231323, -0.6447360515594482]}","{""event"": [0.588283, 0.411717], ""fast"": [0.742723, 0.257277], ""slow"": [0.396388, 0.42356, 0.180053]}","{""event"": 0, ""fast"": 0, ""slow"": 1}",independent_head_argmax,0,0,0,slow_head_cache_fill,"[true, false, true, true, true]",False,"[0.278693, 0.0, 0.067101, 0.193713, 0.460493]",-1.277646,-1.277646,True
frozen_check,sa_ghmappo,7,frozen_check_04,6,"{""event"": [0.0692925825715065, -0.26172560453414917], ""fast"": [0.3330197334289551, -0.4738197922706604], ""slow"": [0.15051762759685516, 0.16589277982711792, -0.6092863082885742]}","{""event"": [0.582007, 0.417993], ""fast"": [0.691436, 0.308564], ""slow"": [0.402698, 0.408937, 0.188365]}","{""event"": 0, ""fast"": 0, ""slow"": 1}",independent_head_argmax,0,0,0,slow_head_cache_fill,"[true, false, true, true, true]",False,"[0.267309, 0.0, 0.081224, 0.182007, 0.46946]",-1.319349,-1.319349,True
frozen_check,sa_ghmappo,7,frozen_check_04,7,"{""event"": [-0.4722253084182739, 0.15174447000026703], ""fast"": [0.32719001173973083, -0.5939235687255859], ""slow"": [0.372161328792572, -0.4376053214073181, -0.055373664945364]}","{""event"": [0.348879, 0.651121], ""fast"": [0.715269, 0.284731], ""slow"": [0.476854, 0.212182, 0.310964]}","{""event"": 1, ""fast"": 0, ""slow"": 0}",independent_head_argmax,4,4,4,event_head_prepare,"[true, false, true, true, true]",False,"[0.083034, 0.0, 0.053134, 0.133476, 0.730356]",-0.314223,-0.314223,True
frozen_check,sa_ghmappo,7,frozen_check_05,0,"{""event"": [0.26552310585975647, -0.3951926827430725], ""fast"": [0.25231674313545227, -0.37832483649253845], ""slow"": [0.09517886489629745, 0.23011621832847595, -0.6067039966583252]}","{""event"": [0.659421, 0.340579], ""fast"": [0.652635, 0.347365], ""slow"": [0.378771, 0.43349, 0.187738]}","{""event"": 0, ""fast"": 0, ""slow"": 1}",independent_head_argmax,0,0,0,slow_head_cache_fill,"[true, true, true, true, true]",False,"[0.285853, 0.123799, 0.086761, 0.163008, 0.340579]",-1.252279,-1.252279,True
frozen_check,sa_ghmappo,7,frozen_check_05,1,"{""event"": [-0.15339826047420502, -0.10608159750699997], ""fast"": [0.3935343623161316, -0.7266275882720947], ""slow"": [0.2765214443206787, -0.24366074800491333, -0.20315542817115784]}","{""event"": [0.488173, 0.511827], ""fast"": [0.754019, 0.245981], ""slow"": [0.451795, 0.268552, 0.279653]}","{""event"": 1, ""fast"": 0, ""slow"": 0}",independent_head_argmax,4,4,4,event_head_prepare,"[true, true, true, true, true]",False,"[0.1311, 0.136519, 0.054252, 0.166302, 0.511827]",-0.669769,-0.669769,True
frozen_check,sa_ghmappo,7,frozen_check_05,2,"{""event"": [-0.25335878133773804, -0.04155373573303223], ""fast"": [0.4343033730983734, -0.8133940696716309], ""slow"": [0.3072786033153534, -0.3375420570373535, -0.13098984956741333]}","{""event"": [0.447246, 0.552754], ""fast"": [0.776901, 0.223099], ""slow"": [0.460849, 0.241833, 0.297318]}","{""event"": 1, ""fast"": 0, ""slow"": 0}",independent_head_argmax,4,4,4,event_head_prepare,"[true, true, true, true, true]",False,"[0.108159, 0.132974, 0.045984, 0.160129, 0.552754]",-0.592842,-0.592842,True
frozen_check,sa_ghmappo,7,frozen_check_05,3,"{""event"": [-0.46318256855010986, 0.14098814129829407], ""fast"": [0.28640982508659363, -0.5023947358131409], ""slow"": [0.37290018796920776, -0.4423283636569977, -0.06303711980581284]}","{""event"": [0.35339, 0.64661], ""fast"": [0.687575, 0.312425], ""slow"": [0.478653, 0.211822, 0.309525]}","{""event"": 1, ""fast"": 0, ""slow"": 0}",independent_head_argmax,4,4,4,event_head_prepare,"[true, false, true, true, true]",False,"[0.084049, 0.0, 0.059338, 0.130588, 0.726025]",-0.320171,-0.320171,True
frozen_check,sa_ghmappo,7,frozen_check_05,4,"{""event"": [-0.4363466501235962, 0.11688791215419769], ""fast"": [0.3033214509487152, -0.5346876978874207], ""slow"": [0.35364630818367004, -0.4177205264568329, -0.08676865696907043]}","{""event"": [0.365114, 0.634886], ""fast"": [0.698046, 0.301954], ""slow"": [0.4748, 0.219538, 0.305662]}","{""event"": 1, ""fast"": 0, ""slow"": 0}",independent_head_argmax,4,4,4,event_head_prepare,"[true, false, true, true, true]",False,"[0.090226, 0.0, 0.058921, 0.136212, 0.714641]",-0.335975,-0.335975,True
frozen_check,sa_ghmappo,7,frozen_check_05,5,"{""event"": [-0.47442781925201416, 0.14670179784297943], ""fast"": [0.28383925557136536, -0.4961925745010376], ""slow"": [0.37721267342567444, -0.44809553027153015, -0.06230961158871651]}","{""event"": [0.349525, 0.650475], ""fast"": [0.685687, 0.314313], ""slow"": [0.480205, 0.210378, 0.309417]}","{""event"": 1, ""fast"": 0, ""slow"": 0}",independent_head_argmax,4,4,4,event_head_prepare,"[true, false, true, true, true]",False,"[0.082449, 0.0, 0.059153, 0.129044, 0.729354]",-0.315596,-0.315596,True
frozen_check,sa_ghmappo,7,frozen_check_05,6,"{""event"": [-0.4371167719364166, 0.11622791737318039], ""fast"": [0.38133201003074646, -0.7030258178710938], ""slow"": [0.35809269547462463, -0.42609426379203796, -0.08092433959245682]}","{""event"": [0.365089, 0.634911], ""fast"": [0.747318, 0.252682], ""slow"": [0.475927, 0.217256, 0.306816]}","{""event"": 1, ""fast"": 0, ""slow"": 0}",independent_head_argmax,4,4,4,event_head_prepare,"[true, false, true, true, true]",False,"[0.089323, 0.0, 0.049443, 0.146231, 0.715002]",-0.33547,-0.33547,True
frozen_check,sa_ghmappo,7,frozen_check_06,0,"{""event"": [-0.043902747333049774, -0.1805541068315506], ""fast"": [0.5327610969543457, -0.9113722443580627], ""slow"": [0.24662131071090698, -0.23563794791698456, -0.23277416825294495]}","{""event"": [0.53411, 0.46589], ""fast"": [0.809094, 0.190906], ""slow"": [0.447118, 0.276045, 0.276837]}","{""event"": 0, ""fast"": 0, ""slow"": 0}",independent_head_argmax,3,3,3,fast_head_steady_offload,"[true, true, true, true, true]",False,"[0.147438, 0.147861, 0.04559, 0.19322, 0.46589]",-1.643926,-1.643926,True
frozen_check,sa_ghmappo,7,frozen_check_06,1,"{""event"": [0.09603188931941986, -0.2758767008781433], ""fast"": [0.4862660765647888, -0.8003733158111572], ""slow"": [0.19480223953723907, -0.06808722019195557, -0.3735976219177246]}","{""event"": [0.59192, 0.40808], ""fast"": [0.783578, 0.216422], ""slow"": [0.428218, 0.329226, 0.242556]}","{""event"": 0, ""fast"": 0, ""slow"": 0}",independent_head_argmax,3,3,3,fast_head_steady_offload,"[true, true, true, true, true]",False,"[0.194875, 0.143574, 0.054857, 0.198614, 0.40808]",-1.616391,-1.616391,True
frozen_check,sa_ghmappo,7,frozen_check_06,2,"{""event"": [0.10627996176481247, -0.29326117038726807], ""fast"": [0.5935614705085754, -0.9170291423797607], ""slow"": [0.14963875710964203, 0.12035214900970459, -0.5586798787117004]}","{""event"": [0.598577, 0.401423], ""fast"": [0.819149, 0.180851], ""slow"": [0.405908, 0.394193, 0.199898]}","{""event"": 0, ""fast"": 0, ""slow"": 0}",independent_head_argmax,3,3,3,fast_head_steady_offload,"[true, false, true, true, true]",False,"[0.268026, 0.0, 0.049913, 0.226078, 0.455983]",-1.486876,-1.486876,True
frozen_check,sa_ghmappo,7,frozen_check_06,3,"{""event"": [0.29971033334732056, -0.39918434619903564], ""fast"": [0.038013603538274765, 0.03708541765809059], ""slow"": [0.09740795195102692, 0.2078324556350708, -0.5637425780296326]}","{""event"": [0.667943, 0.332057], ""fast"": [0.500232, 0.499768], ""slow"": [0.379794, 0.424135, 0.196071]}","{""event"": 0, ""fast"": 0, ""slow"": 1}",independent_head_argmax,0,0,0,slow_head_cache_fill,"[true, true, true, true, true]",False,"[0.283298, 0.130964, 0.126781, 0.126899, 0.332057]",-1.261256,-1.261256,True
frozen_check,sa_ghmappo,7,frozen_check_06,4,"{""event"": [-0.021601855754852295, -0.1929224580526352], ""fast"": [0.499477744102478, -0.7919610738754272], ""slow"": [0.22713789343833923, -0.162246972322464, -0.3002203404903412]}","{""event"": [0.542726, 0.457274], ""fast"": [0.784391, 0.215609], ""slow"": [0.440988, 0.298758, 0.260254]}","{""event"": 0, ""fast"": 0, ""slow"": 0}",independent_head_argmax,3,3,3,fast_head_steady_offload,"[true, true, true, true, true]",False,"[0.162143, 0.141247, 0.051603, 0.187733, 0.457274]",-1.672737,-1.672737,True
frozen_check,sa_ghmappo,7,frozen_check_06,5,"{""event"": [-0.04676131159067154, -0.15215161442756653], ""fast"": [0.24499498307704926, -0.4653082489967346], ""slow"": [0.2652074098587036, -0.23435407876968384, -0.20602330565452576]}","{""event"": [0.526323, 0.473677], ""fast"": [0.670468, 0.329532], ""slow"": [0.448223, 0.27198, 0.279796]}","{""event"": 0, ""fast"": 0, ""slow"": 0}",independent_head_argmax,3,3,3,fast_head_steady_offload,"[true, true, true, true, true]",False,"[0.14315, 0.147263, 0.07774, 0.15817, 0.473677]",-1.844082,-1.844082,True
frozen_check,sa_ghmappo,7,frozen_check_07,0,"{""event"": [0.21483248472213745, -0.3649260699748993], ""fast"": [0.6047287583351135, -0.9368559718132019], ""slow"": [0.14383506774902344, 0.07114244997501373, -0.5071165561676025]}","{""event"": [0.641012, 0.358988], ""fast"": [0.823695, 0.176305], ""slow"": [0.407924, 0.379323, 0.212753]}","{""event"": 0, ""fast"": 0, ""slow"": 0}",independent_head_argmax,3,3,3,fast_head_steady_offload,"[true, true, true, true, true]",False,"[0.243151, 0.136377, 0.046101, 0.215383, 0.358988]",-1.535336,-1.535336,True
frozen_check,sa_ghmappo,7,frozen_check_07,1,"{""event"": [0.35326287150382996, -0.4740932285785675], ""fast"": [0.516509473323822, -0.7381999492645264], ""slow"": [0.0853850468993187, 0.2756412923336029, -0.645601212978363]}","{""event"": [0.695796, 0.304204], ""fast"": [0.778114, 0.221886], ""slow"": [0.37161, 0.449484, 0.178906]}","{""event"": 0, ""fast"": 0, ""slow"": 1}",independent_head_argmax,0,0,0,slow_head_cache_fill,"[true, true, true, true, true]",False,"[0.312749, 0.124482, 0.057372, 0.201193, 0.304204]",-1.162354,-1.162354,True
frozen_check,sa_ghmappo,7,frozen_check_07,2,"{""event"": [0.44720205664634705, -0.5437672734260559], ""fast"": [0.34705719351768494, -0.40710848569869995], ""slow"": [0.047446444630622864, 0.4286487400531769, -0.7701674103736877]}","{""event"": [0.729279, 0.270721], ""fast"": [0.680086, 0.319914], ""slow"": [0.344172, 0.503882, 0.151946]}","{""event"": 0, ""fast"": 0, ""slow"": 1}",independent_head_argmax,0,0,0,slow_head_cache_fill,"[true, true, true, true, true]",False,"[0.367471, 0.110811, 0.080298, 0.1707, 0.270721]",-1.001111,-1.001111,True
frozen_check,sa_ghmappo,7,frozen_check_07,3,"{""event"": [0.3626190423965454, -0.48206827044487], ""fast"": [0.47127124667167664, -0.6500723361968994], ""slow"": [0.08090711385011673, 0.29678022861480713, -0.6622902750968933]}","{""event"": [0.699452, 0.300548], ""fast"": [0.754238, 0.245762], ""slow"": [0.368116, 0.456812, 0.175073]}","{""event"": 0, ""fast"": 0, ""slow"": 1}",independent_head_argmax,0,0,0,slow_head_cache_fill,"[true, true, true, true, true]",False,"[0.319518, 0.122455, 0.063279, 0.194201, 0.300548]",-1.140943,-1.140943,True
frozen_check,sa_ghmappo,7,frozen_check_07,4,"{""event"": [0.42674148082733154, -0.5370630621910095], ""fast"": [0.24790549278259277, -0.2571323812007904], ""slow"": [0.052106812596321106, 0.4333125650882721, -0.7796338200569153]}","{""event"": [0.723883, 0.276117], ""fast"": [0.623643, 0.376357], ""slow"": [0.344906, 0.504959, 0.150135]}","{""event"": 0, ""fast"": 0, ""slow"": 1}",independent_head_argmax,0,0,0,slow_head_cache_fill,"[true, true, true, true, true]",False,"[0.365531, 0.10868, 0.093966, 0.155706, 0.276117]",-1.006403,-1.006403,True
frozen_check,sa_ghmappo,7,frozen_check_07,5,"{""event"": [0.17782536149024963, -0.3634122312068939], ""fast"": [0.47885140776634216, -0.7299351096153259], ""slow"": [0.14547915756702423, 0.1284649819135666, -0.5506926774978638]}","{""event"": [0.6321, 0.3679], ""fast"": [0.770084, 0.229916], ""slow"": [0.402963, 0.396165, 0.200873]}","{""event"": 0, ""fast"": 0, ""slow"": 0}",independent_head_argmax,3,3,3,fast_head_steady_offload,"[true, true, true, true, true]",False,"[0.250416, 0.126972, 0.058562, 0.19615, 0.3679]",-1.628874,-1.628874,True
frozen_check,sa_ghmappo,7,frozen_check_07,6,"{""event"": [0.3882879316806793, -0.5002719163894653], ""fast"": [0.2501859664916992, -0.26669198274612427], ""slow"": [0.055038467049598694, 0.3767360746860504, -0.7239004373550415]}","{""event"": [0.708593, 0.291407], ""fast"": [0.626417, 0.373583], ""slow"": [0.352316, 0.486009, 0.161675]}","{""event"": 0, ""fast"": 0, ""slow"": 1}",independent_head_argmax,0,0,0,slow_head_cache_fill,"[true, true, true, true, true]",False,"[0.344382, 0.114562, 0.093264, 0.156384, 0.291407]",-1.066003,-1.066003,True
frozen_check,sa_ghmappo,7,frozen_check_07,7,"{""event"": [-0.0829736515879631, -0.14704535901546478], ""fast"": [0.3305056095123291, -0.5384268760681152], ""slow"": [0.2625575065612793, -0.23203766345977783, -0.218490332365036]}","{""event"": [0.516012, 0.483988], ""fast"": [0.704524, 0.295476], ""slow"": [0.448843, 0.273712, 0.277445]}","{""event"": 0, ""fast"": 0, ""slow"": 0}",independent_head_argmax,3,3,3,fast_head_steady_offload,"[true, true, true, true, true]",False,"[0.141239, 0.143165, 0.068435, 0.163174, 0.483988]",-1.812941,-1.812941,True
frozen_check,sa_ghmappo,7,frozen_check_07,8,"{""event"": [0.17946526408195496, -0.3336050808429718], ""fast"": [0.29928672313690186, -0.42892396450042725], ""slow"": [0.12840817868709564, 0.18205347657203674, -0.6119174361228943]}","{""event"": [0.625526, 0.374474], ""fast"": [0.674412, 0.325588], ""slow"": [0.394934, 0.416699, 0.188367]}","{""event"": 0, ""fast"": 0, ""slow"": 1}",independent_head_argmax,0,0,0,slow_head_cache_fill,"[true, false, true, true, true]",False,"[0.295471, 0.0, 0.091177, 0.188861, 0.424491]",-1.219185,-1.219185,True
frozen_check,sa_ghmappo,7,frozen_check_07,9,"{""event"": [-0.3486309349536896, 0.05585573986172676], ""fast"": [0.34120750427246094, -0.6440353393554688], ""slow"": [0.340128630399704, -0.4024341404438019, -0.07752284407615662]}","{""event"": [0.400235, 0.599765], ""fast"": [0.728147, 0.271853], ""slow"": [0.468497, 0.222954, 0.308548]}","{""event"": 1, ""fast"": 0, ""slow"": 0}",independent_head_argmax,4,4,4,event_head_prepare,"[true, false, true, true, true]",False,"[0.101806, 0.0, 0.058157, 0.15577, 0.684267]",-0.379408,-0.379408,True
regression,sa_ghmappo,17,regression_00,0,"{""event"": [0.05401361361145973, 0.061527352780103683], ""fast"": [-0.012683078646659851, 0.03557092696428299], ""slow"": [0.29383769631385803, -0.013283884152770042, -0.4662041664123535]}","{""event"": [0.498122, 0.501878], ""fast"": [0.487939, 0.512061], ""slow"": [0.453884, 0.333859, 0.212257]}","{""event"": 1, ""fast"": 1, ""slow"": 0}",independent_head_argmax,4,4,4,event_head_prepare,"[true, true, true, true, true]",False,"[0.166302, 0.10573, 0.115772, 0.110318, 0.501878]",-0.689397,-0.689397,True
regression,sa_ghmappo,17,regression_00,1,"{""event"": [0.04792450740933418, 0.07249145209789276], ""fast"": [-0.06392315030097961, 0.049463532865047455], ""slow"": [0.28011059761047363, -0.021507296711206436, -0.4392639398574829]}","{""event"": [0.493859, 0.506141], ""fast"": [0.471684, 0.528316], ""slow"": [0.4491, 0.332163, 0.218737]}","{""event"": 1, ""fast"": 1, ""slow"": 0}",independent_head_argmax,4,4,4,event_head_prepare,"[true, false, true, true, true]",False,"[0.183908, 0.0, 0.131367, 0.117285, 0.567439]",-0.566622,-0.566622,True
regression,sa_ghmappo,17,regression_00,2,"{""event"": [0.057544175535440445, 0.07334043830633163], ""fast"": [-0.1210385411977768, 0.14773160219192505], ""slow"": [0.25402364134788513, -0.03220168501138687, -0.335317462682724]}","{""event"": [0.496051, 0.503949], ""fast"": [0.433209, 0.566791], ""slow"": [0.433692, 0.325743, 0.240566]}","{""event"": 1, ""fast"": 1, ""slow"": 0}",independent_head_argmax,4,4,4,event_head_prepare,"[true, true, true, true, true]",False,"[0.161585, 0.119333, 0.121936, 0.093198, 0.503949]",-0.68528,-0.68528,True
regression,sa_ghmappo,17,regression_00,3,"{""event"": [0.052654653787612915, 0.07320300489664078], ""fast"": [0.0321638286113739, 0.060679443180561066], ""slow"": [0.29297319054603577, -0.03029443509876728, -0.44122326374053955]}","{""event"": [0.494863, 0.505137], ""fast"": [0.492872, 0.507128], ""slow"": [0.453788, 0.328443, 0.217769]}","{""event"": 1, ""fast"": 1, ""slow"": 0}",independent_head_argmax,4,4,4,event_head_prepare,"[true, false, true, true, true]",False,"[0.182165, 0.0, 0.127637, 0.124049, 0.566148]",-0.568899,-0.568899,True
regression,sa_ghmappo,17,regression_00,4,"{""event"": [0.06694140285253525, 0.060017820447683334], ""fast"": [-0.13099534809589386, 0.13867080211639404], ""slow"": [0.28269392251968384, -0.03333485871553421, -0.3637067675590515]}","{""event"": [0.501731, 0.498269], ""fast"": [0.432989, 0.567011], ""slow"": [0.443859, 0.32359, 0.23255]}","{""event"": 0, ""fast"": 1, ""slow"": 0}",independent_head_argmax,2,2,2,fast_head_vehicle_fallback,"[true, true, true, true, true]",False,"[0.162355, 0.116678, 0.126272, 0.096426, 0.498269]",-2.069316,-2.069316,True
regression,sa_ghmappo,17,regression_00,5,"{""event"": [0.04457399621605873, 0.07433310151100159], ""fast"": [0.1467771828174591, -0.12117213010787964], ""slow"": [0.30154839158058167, -0.01856919378042221, -0.4964675307273865]}","{""event"": [0.492561, 0.507439], ""fast"": [0.566589, 0.433411], ""slow"": [0.459499, 0.333625, 0.206876]}","{""event"": 1, ""fast"": 0, ""slow"": 0}",independent_head_argmax,4,4,4,event_head_prepare,"[true, false, true, true, true]",False,"[0.182976, 0.0, 0.109224, 0.142787, 0.565014]",-0.570906,-0.570906,True
regression,sa_ghmappo,17,regression_01,0,"{""event"": [0.05298524349927902, 0.05240406468510628], ""fast"": [-0.06269203871488571, 0.047180213034152985], ""slow"": [0.2741101086139679, -0.03184492886066437, -0.410163938999176]}","{""event"": [0.500145, 0.499855], ""fast"": [0.47256, 0.52744], ""slow"": [0.446254, 0.32863, 0.225116]}","{""event"": 0, ""fast"": 1, ""slow"": 0}",independent_head_argmax,2,2,2,fast_head_vehicle_fallback,"[true, true, true, true, true]",False,"[0.164363, 0.112591, 0.11772, 0.105471, 0.499855]",-2.139443,-2.139443,True
regression,sa_ghmappo,17,regression_01,1,"{""event"": [0.05312114953994751, 0.053579092025756836], ""fast"": [-0.06446607410907745, 0.049609191715717316], ""slow"": [0.2740841805934906, -0.03309108316898346, -0.41051211953163147]}","{""event"": [0.499885, 0.500114], ""fast"": [0.471512, 0.528488], ""slow"": [0.446465, 0.328385, 0.22515]}","{""event"": 1, ""fast"": 1, ""slow"": 0}",independent_head_argmax,4,4,4,event_head_prepare,"[true, true, true, true, true]",False,"[0.164155, 0.112549, 0.117949, 0.105233, 0.500115]",-0.692918,-0.692918,True
regression,sa_ghmappo,17,regression_01,2,"{""event"": [0.051359623670578, 0.0651969462633133], ""fast"": [0.014432862401008606, -0.007539674639701843], ""slow"": [0.27975383400917053, -0.030270183458924294, -0.4595968723297119]}","{""event"": [0.496541, 0.503459], ""fast"": [0.505493, 0.494507], ""slow"": [0.452314, 0.33174, 0.215946]}","{""event"": 1, ""fast"": 0, ""slow"": 0}",independent_head_argmax,4,4,4,event_head_prepare,"[true, false, true, true, true]",False,"[0.184506, 0.0, 0.124402, 0.127165, 0.563927]",-0.572831,-0.572831,True
regression,sa_ghmappo,17,regression_01,3,"{""event"": [0.041973911225795746, 0.08033514767885208], ""fast"": [0.07102754712104797, -0.09726425260305405], ""slow"": [0.2775373160839081, -0.010344082489609718, -0.49078017473220825]}","{""event"": [0.490411, 0.509589], ""fast"": [0.541974, 0.458026], ""slow"": [0.451744, 0.33874, 0.209516]}","{""event"": 1, ""fast"": 0, ""slow"": 0}",independent_head_argmax,4,4,4,event_head_prepare,"[true, false, true, true, true]",False,"[0.185145, 0.0, 0.113091, 0.133819, 0.567945]",-0.565731,-0.565731,True
regression,sa_ghmappo,17,regression_01,4,"{""event"": [0.0596722811460495, 0.08235904574394226], ""fast"": [0.13666433095932007, -0.20840126276016235], ""slow"": [0.2896871566772461, -0.016175316646695137, -0.49317795038223267]}","{""event"": [0.494329, 0.505671], ""fast"": [0.58542, 0.414579], ""slow"": [0.455875, 0.335747, 0.208378]}","{""event"": 1, ""fast"": 0, ""slow"": 0}",independent_head_argmax,4,4,4,event_head_prepare,"[true, false, true, true, true]",False,"[0.185028, 0.0, 0.104155, 0.147076, 0.563741]",-0.573161,-0.573161,True
regression,sa_ghmappo,17,regression_01,5,"{""event"": [0.05961450934410095, 0.08151748031377792], ""fast"": [0.13294075429439545, -0.1982576549053192], ""slow"": [0.293234646320343, -0.019392693415284157, -0.4935902953147888]}","{""event"": [0.494524, 0.505476], ""fast"": [0.582051, 0.417949], ""slow"": [0.457287, 0.334516, 0.208197]}","{""event"": 1, ""fast"": 0, ""slow"": 0}",independent_head_argmax,4,4,4,event_head_prepare,"[true, false, true, true, true]",False,"[0.184413, 0.0, 0.105363, 0.146732, 0.563492]",-0.573602,-0.573602,True
regression,sa_ghmappo,17,regression_01,6,"{""event"": [0.05751622095704079, 0.07976824045181274], ""fast"": [0.12401077151298523, -0.18993405997753143], ""slow"": [0.29294463992118835, -0.018029512837529182, -0.49388188123703003]}","{""event"": [0.494437, 0.505563], ""fast"": [0.577848, 0.422152], ""slow"": [0.457034, 0.334884, 0.208082]}","{""event"": 1, ""fast"": 0, ""slow"": 0}",independent_head_argmax,4,4,4,event_head_prepare,"[true, false, true, true, true]",False,"[0.184568, 0.0, 0.106336, 0.145554, 0.563542]",-0.573514,-0.573514,True
regression,sa_ghmappo,17,regression_01,7,"{""event"": [0.047629185020923615, 0.09635885804891586], ""fast"": [0.14302217960357666, -0.16621725261211395], ""slow"": [0.28200045228004456, -0.03285133093595505, -0.46946024894714355]}","{""event"": [0.48782, 0.51218], ""fast"": [0.5767, 0.4233], ""slow"": [0.45422, 0.331534, 0.214245]}","{""event"": 1, ""fast"": 0, ""slow"": 0}",independent_head_argmax,4,4,4,event_head_prepare,"[true, false, true, true, true]",False,"[0.180605, 0.0, 0.104741, 0.142698, 0.571957]",-0.558691,-0.558691,True
regression,sa_ghmappo,17,regression_02,0,"{""event"": [0.053265392780303955, 0.05981694534420967], ""fast"": [-0.07880426198244095, 0.08939165621995926], ""slow"": [0.27641159296035767, -0.03771942853927612, -0.40873202681541443]}","{""event"": [0.498362, 0.501638], ""fast"": [0.45805, 0.54195], ""slow"": [0.447539, 0.326893, 0.225568]}","{""event"": 1, ""fast"": 1, ""slow"": 0}",independent_head_argmax,4,4,4,event_head_prepare,"[true, true, true, true, true]",False,"[0.162911, 0.112414, 0.120875, 0.102162, 0.501638]",-0.689877,-0.689877,True
regression,sa_ghmappo,17,regression_02,1,"{""event"": [0.05476323887705803, 0.08045931905508041], ""fast"": [-0.16695426404476166, 0.20947477221488953], ""slow"": [0.27903202176094055, -0.07230441272258759, -0.31133633852005005]}","{""event"": [0.493576, 0.506424], ""fast"": [0.406988, 0.593011], ""slow"": [0.442895, 0.311686, 0.245419]}","{""event"": 1, ""fast"": 1, ""slow"": 0}",independent_head_argmax,4,4,4,event_head_prepare,"[true, true, true, true, true]",False,"[0.153841, 0.121133, 0.129634, 0.088969, 0.506424]",-0.680382,-0.680382,True
regression,sa_ghmappo,17,regression_02,2,"{""event"": [0.04770049825310707, 0.08681380748748779], ""fast"": [-0.16882604360580444, 0.20715084671974182], ""slow"": [0.25923582911491394, -0.07192391902208328, -0.2951603829860687]}","{""event"": [0.490223, 0.509777], ""fast"": [0.407098, 0.592902], ""slow"": [0.436203, 0.313233, 0.250563]}","{""event"": 1, ""fast"": 1, ""slow"": 0}",independent_head_argmax,4,4,4,event_head_prepare,"[true, true, true, true, true]",False,"[0.153554, 0.122832, 0.126784, 0.087052, 0.509777]",-0.673782,-0.673782,True
regression,sa_ghmappo,17,regression_02,3,"{""event"": [0.0647665485739708, 0.06970586627721786], ""fast"": [-0.003346659243106842, 0.02001078426837921], ""slow"": [0.26370683312416077, -0.04952589422464371, -0.3645087480545044]}","{""event"": [0.498765, 0.501235], ""fast"": [0.494161, 0.505839], ""slow"": [0.441575, 0.322826, 0.235599]}","{""event"": 1, ""fast"": 1, ""slow"": 0}",independent_head_argmax,4,4,4,event_head_prepare,"[true, false, true, true, true]",False,"[0.182454, 0.0, 0.126241, 0.123327, 0.567977]",-0.565674,-0.565674,True
regression,sa_ghmappo,17,regression_02,4,"{""event"": [0.06503414362668991, 0.06871023029088974], ""fast"": [-0.0029195547103881836, 0.019696757197380066], ""slow"": [0.26464149355888367, -0.04920441657304764, -0.3661329448223114]}","{""event"": [0.499081, 0.500919], ""fast"": [0.494346, 0.505654], ""slow"": [0.441928, 0.322887, 0.235185]}","{""event"": 1, ""fast"": 1, ""slow"": 0}",independent_head_argmax,4,4,4,event_head_prepare,"[true, false, true, true, true]",False,"[0.182577, 0.0, 0.126357, 0.123532, 0.567534]",-0.566454,-0.566454,True
regression,sa_ghmappo,17,regression_02,5,"{""event"": [0.051597826182842255, 0.06879634410142899], ""fast"": [0.1360245645046234, -0.1455855816602707], ""slow"": [0.2643568813800812, -0.020172560587525368, -0.42903438210487366]}","{""event"": [0.4957, 0.5043], ""fast"": [0.569941, 0.430059], ""slow"": [0.444001, 0.334052, 0.221946]}","{""event"": 1, ""fast"": 0, ""slow"": 0}",independent_head_argmax,4,4,4,event_head_prepare,"[true, false, true, true, true]",False,"[0.18606, 0.0, 0.106353, 0.140946, 0.566641]",-0.56803,-0.56803,True
regression,sa_ghmappo,17,regression_02,6,"{""event"": [0.054518964141607285, 0.07063565403223038], ""fast"": [-0.06330274045467377, 0.0651305690407753], ""slow"": [0.2774171829223633, -0.04550650715827942, -0.36961594223976135]}","{""event"": [0.495971, 0.504029], ""fast"": [0.467936, 0.532064], ""slow"": [0.444914, 0.322131, 0.232956]}","{""event"": 1, ""fast"": 1, ""slow"": 0}",independent_head_argmax,4,4,4,event_head_prepare,"[true, true, true, true, true]",False,"[0.159767, 0.115539, 0.117408, 0.103257, 0.504029]",-0.685121,-0.685121,True
regression,sa_ghmappo,17,regression_02,7,"{""event"": [0.056747063994407654, 0.07138870656490326], ""fast"": [0.11549651622772217, -0.15414777398109436], ""slow"": [0.2957393527030945, -0.016640255227684975, -0.49708807468414307]}","{""event"": [0.49634, 0.50366], ""fast"": [0.567006, 0.432994], ""slow"": [0.457819, 0.334988, 0.207192]}","{""event"": 1, ""fast"": 0, ""slow"": 0}",independent_head_argmax,4,4,4,event_head_prepare,"[true, false, true, true, true]",False,"[0.185327, 0.0, 0.109669, 0.143612, 0.561393]",-0.577335,-0.577335,True
regression,sa_ghmappo,17,regression_02,8,"{""event"": [0.04738727957010269, 0.07121534645557404], ""fast"": [0.049826353788375854, -0.041391924023628235], ""slow"": [0.28613659739494324, -0.03606606274843216, -0.44982507824897766]}","{""event"": [0.494043, 0.505957], ""fast"": [0.522789, 0.477211], ""slow"": [0.453804, 0.328804, 0.217392]}","{""event"": 1, ""fast"": 0, ""slow"": 0}",independent_head_argmax,4,4,4,event_head_prepare,"[true, false, true, true, true]",False,"[0.181989, 0.0, 0.119864, 0.131312, 0.566836]",-0.567686,-0.567686,True
regression,sa_ghmappo,17,regression_02,9,"{""event"": [0.0637492910027504, 0.07938935607671738], ""fast"": [-0.11807464808225632, 0.12379302829504013], ""slow"": [0.24617591500282288, -0.05311186611652374, -0.32743072509765625]}","{""event"": [0.49609, 0.50391], ""fast"": [0.439826, 0.560174], ""slow"": [0.43387, 0.321648, 0.244481]}","{""event"": 1, ""fast"": 1, ""slow"": 0}",independent_head_argmax,4,4,4,event_head_prepare,"[true, false, true, true, true]",False,"[0.181591, 0.0, 0.137213, 0.107734, 0.573462]",-0.556063,-0.556063,True
regression,sa_ghmappo,17,regression_02,10,"{""event"": [0.06406568735837936, 0.07809396833181381], ""fast"": [-0.11783059686422348, 0.12359633296728134], ""slow"": [0.24724361300468445, -0.05243310332298279, -0.32960671186447144]}","{""event"": [0.496493, 0.503507], ""fast"": [0.439935, 0.560065], ""slow"": [0.434269, 0.321818, 0.243913]}","{""event"": 1, ""fast"": 1, ""slow"": 0}",independent_head_argmax,4,4,4,event_head_prepare,"[true, false, true, true, true]",False,"[0.181796, 0.0, 0.137395, 0.107925, 0.572884]",-0.557072,-0.557072,True
regression,sa_ghmappo,17,regression_02,11,"{""event"": [0.046832431107759476, 0.07481039315462112], ""fast"": [-0.09657993912696838, 0.09103251248598099], ""slow"": [0.23464778065681458, -0.046375423669815063, -0.32550328969955444]}","{""event"": [0.493006, 0.506994], ""fast"": [0.453234, 0.546766], ""slow"": [0.429898, 0.324578, 0.245524]}","{""event"": 1, ""fast"": 1, ""slow"": 0}",independent_head_argmax,4,4,4,event_head_prepare,"[true, false, true, true, true]",False,"[0.182056, 0.0, 0.131842, 0.109288, 0.576815]",-0.550234,-0.550234,True
regression,sa_ghmappo,17,regression_02,12,"{""event"": [0.032789524644613266, 0.09639930725097656], ""fast"": [-0.09193210303783417, 0.13344314694404602], ""slow"": [0.19174835085868835, -0.06287170946598053, -0.22329896688461304]}","{""event"": [0.484103, 0.515897], ""fast"": [0.443894, 0.556107], ""slow"": [0.41059, 0.318294, 0.271116]}","{""event"": 1, ""fast"": 1, ""slow"": 0}",independent_head_argmax,4,0,0,slow_head_cache_fill,"[true, false, true, true, false]",True,"[0.436687, 0.0, 0.313262, 0.250051, 0.0]",-0.828539,-0.828539,True
regression,sa_ghmappo,17,regression_02,13,"{""event"": [0.03677472099661827, 0.09405156970024109], ""fast"": [-0.17126792669296265, 0.20299193263053894], ""slow"": [0.2185640037059784, -0.07305479049682617, -0.22528037428855896]}","{""event"": [0.485685, 0.514315], ""fast"": [0.407512, 0.592488], ""slow"": [0.418652, 0.312755, 0.268593]}","{""event"": 1, ""fast"": 1, ""slow"": 0}",independent_head_argmax,4,0,0,slow_head_cache_fill,"[true, false, true, true, false]",True,"[0.427608, 0.0, 0.339136, 0.233257, 0.0]",-0.849549,-0.849549,True
regression,sa_ghmappo,17,regression_03,0,"{""event"": [0.030725741758942604, 0.10876738280057907], ""fast"": [-0.12244340777397156, 0.11450613290071487], ""slow"": [0.1984640657901764, -0.04113725572824478, -0.2795974016189575]}","{""event"": [0.480499, 0.5195], ""fast"": [0.441038, 0.558962], ""slow"": [0.415468, 0.326949, 0.257583]}","{""event"": 1, ""fast"": 1, ""slow"": 0}",independent_head_argmax,4,0,0,slow_head_cache_fill,"[true, false, true, true, false]",True,"[0.440385, 0.0, 0.312804, 0.246812, 0.0]",-0.820107,-0.820107,True
regression,sa_ghmappo,17,regression_03,1,"{""event"": [0.051747556775808334, 0.08343980461359024], ""fast"": [-0.045215681195259094, 0.03890237957239151], ""slow"": [0.2804985046386719, -0.011942906305193901, -0.4503111243247986]}","{""event"": [0.492078, 0.507922], ""fast"": [0.478983, 0.521017], ""slow"": [0.448842, 0.335033, 0.216126]}","{""event"": 1, ""fast"": 1, ""slow"": 0}",independent_head_argmax,4,4,4,event_head_prepare,"[true, true, true, true, true]",False,"[0.164862, 0.106351, 0.115074, 0.10579, 0.507922]",-0.677427,-0.677427,True
regression,sa_ghmappo,17,regression_03,2,"{""event"": [0.049813564866781235, 0.0775923952460289], ""fast"": [0.038547903299331665, -0.0384807363152504], ""slow"": [0.29442116618156433, -0.0076217129826545715, -0.500664472579956]}","{""event"": [0.493056, 0.506944], ""fast"": [0.519248, 0.480752], ""slow"": [0.456444, 0.337452, 0.206104]}","{""event"": 1, ""fast"": 0, ""slow"": 0}",independent_head_argmax,4,4,4,event_head_prepare,"[true, false, true, true, true]",False,"[0.185203, 0.0, 0.120433, 0.130076, 0.564288]",-0.572191,-0.572191,True
regression,sa_ghmappo,17,regression_03,3,"{""event"": [0.051561303436756134, 0.08037587255239487], ""fast"": [0.017668485641479492, -0.061984721571207047], ""slow"": [0.29187414050102234, -0.006351334974169731, -0.48661547899246216]}","{""event"": [0.492797, 0.507203], ""fast"": [0.519903, 0.480097], ""slow"": [0.454291, 0.337145, 0.208564]}","{""event"": 1, ""fast"": 0, ""slow"": 0}",independent_head_argmax,4,4,4,event_head_prepare,"[true, false, true, true, true]",False,"[0.185176, 0.0, 0.119793, 0.129725, 0.565305]",-0.57039,-0.57039,True
regression,sa_ghmappo,17,regression_03,4,"{""event"": [0.05068455636501312, 0.08109744638204575], ""fast"": [0.19093021750450134, -0.2142307311296463], ""slow"": [0.2807818055152893, 0.020792508497834206, -0.5134903788566589]}","{""event"": [0.492397, 0.507603], ""fast"": [0.599927, 0.400073], ""slow"": [0.449849, 0.34686, 0.203291]}","{""event"": 1, ""fast"": 0, ""slow"": 0}",independent_head_argmax,4,4,4,event_head_prepare,"[true, false, true, true, true]",False,"[0.189791, 0.0, 0.098475, 0.147668, 0.564066]",-0.572585,-0.572585,True
regression,sa_ghmappo,17,regression_03,5,"{""event"": [0.04350044205784798, 0.10021083056926727], ""fast"": [0.016828954219818115, -0.06201796978712082], ""slow"": [0.24875271320343018, -0.01812013052403927, -0.3864816427230835]}","{""event"": [0.485826, 0.514174], ""fast"": [0.519701, 0.480298], ""slow"": [0.435619, 0.333584, 0.230796]}","{""event"": 1, ""fast"": 0, ""slow"": 0}",independent_head_argmax,4,0,0,slow_head_cache_fill,"[true, false, true, true, false]",True,"[0.433675, 0.0, 0.272005, 0.29432, 0.0]",-0.83546,-0.83546,True
regression,sa_ghmappo,17,regression_03,6,"{""event"": [0.055235814303159714, 0.08886881917715073], ""fast"": [0.16618674993515015, -0.23277518153190613], ""slow"": [0.30865803360939026, 0.011609254404902458, -0.5549832582473755]}","{""event"": [0.491593, 0.508407], ""fast"": [0.598438, 0.401562], ""slow"": [0.461972, 0.343249, 0.194779]}","{""event"": 1, ""fast"": 0, ""slow"": 0}",independent_head_argmax,4,4,4,event_head_prepare,"[true, false, true, true, true]",False,"[0.186607, 0.0, 0.100852, 0.150298, 0.562243]",-0.575821,-0.575821,True
regression,sa_ghmappo,17,regression_03,7,"{""event"": [0.05544272065162659, 0.09191937744617462], ""fast"": [0.1392461657524109, -0.24859455227851868], ""slow"": [0.3049074113368988, 0.01243382878601551, -0.5510510802268982]}","{""event"": [0.490882, 0.509118], ""fast"": [0.595763, 0.404237], ""slow"": [0.460556, 0.343766, 0.195679]}","{""event"": 1, ""fast"": 0, ""slow"": 0}",independent_head_argmax,4,4,4,event_head_prepare,"[true, false, true, true, true]",False,"[0.18668, 0.0, 0.101101, 0.149001, 0.563218]",-0.574088,-0.574088,True
regression,sa_ghmappo,17,regression_03,8,"{""event"": [0.054952215403318405, 0.09074624627828598], ""fast"": [0.12086406350135803, -0.23878931999206543], ""slow"": [0.30856457352638245, 0.01214330829679966, -0.5550035238265991]}","{""event"": [0.491052, 0.508948], ""fast"": [0.588957, 0.411043], ""slow"": [0.461866, 0.343386, 0.194748]}","{""event"": 1, ""fast"": 0, ""slow"": 0}",independent_head_argmax,4,4,4,event_head_prepare,"[true, false, true, true, true]",False,"[0.186451, 0.0, 0.103083, 0.147701, 0.562766]",-0.574892,-0.574892,True
regression,sa_ghmappo,17,regression_03,9,"{""event"": [0.046247970312833786, 0.09227456897497177], ""fast"": [0.11043667793273926, -0.22927340865135193], ""slow"": [0.30463114380836487, 0.007304901257157326, -0.5475878119468689]}","{""event"": [0.488495, 0.511505], ""fast"": [0.58412, 0.41588], ""slow"": [0.460985, 0.34242, 0.196595]}","{""event"": 1, ""fast"": 0, ""slow"": 0}",independent_head_argmax,4,4,4,event_head_prepare,"[true, false, true, true, true]",False,"[0.185041, 0.0, 0.103601, 0.145512, 0.565846]",-0.569433,-0.569433,True
regression,sa_ghmappo,17,regression_03,10,"{""event"": [0.04544705152511597, 0.09916800260543823], ""fast"": [0.1379324197769165, -0.1214199960231781], ""slow"": [0.25042852759361267, -0.0311433095484972, -0.37158721685409546]}","{""event"": [0.486573, 0.513427], ""fast"": [0.564477, 0.435523], ""slow"": [0.436403, 0.329309, 0.234288]}","{""event"": 1, ""fast"": 0, ""slow"": 0}",independent_head_argmax,4,0,0,slow_head_cache_fill,"[true, false, true, true, false]",True,"[0.430068, 0.0, 0.248218, 0.321713, 0.0]",-0.843811,-0.843811,True
regression,sa_ghmappo,17,regression_04,0,"{""event"": [0.05725492909550667, 0.041906241327524185], ""fast"": [-0.024682335555553436, 0.014434419572353363], ""slow"": [0.3096697926521301, -0.009330922737717628, -0.48548197746276855]}","{""event"": [0.503837, 0.496163], ""fast"": [0.490222, 0.509778], ""slow"": [0.459055, 0.333676, 0.207269]}","{""event"": 0, ""fast"": 1, ""slow"": 0}",independent_head_argmax,2,2,2,fast_head_vehicle_fallback,"[true, true, true, true, true]",False,"[0.168118, 0.10443, 0.117906, 0.113383, 0.496163]",-2.137867,-2.137867,True
regression,sa_ghmappo,17,regression_04,1,"{""event"": [0.06022486090660095, 0.06783836334943771], ""fast"": [-0.11303900182247162, 0.09625793248414993], ""slow"": [0.2803959548473358, -0.011074762791395187, -0.43224307894706726]}","{""event"": [0.498097, 0.501903], ""fast"": [0.447866, 0.552134], ""slow"": [0.446925, 0.333926, 0.219149]}","{""event"": 1, ""fast"": 1, ""slow"": 0}",independent_head_argmax,4,4,4,event_head_prepare,"[true, true, true, true, true]",False,"[0.166328, 0.109157, 0.122912, 0.0997, 0.501903]",-0.689348,-0.689348,True
regression,sa_ghmappo,17,regression_04,2,"{""event"": [0.056959740817546844, 0.05599896237254143], ""fast"": [0.10443687438964844, -0.1288934201002121], ""slow"": [0.3156796991825104, 0.007727367803454399, -0.5425820350646973]}","{""event"": [0.50024, 0.49976], ""fast"": [0.558069, 0.441931], ""slow"": [0.46321, 0.340436, 0.196354]}","{""event"": 0, ""fast"": 0, ""slow"": 0}",independent_head_argmax,3,3,3,fast_head_steady_offload,"[true, false, true, true, true]",False,"[0.18885, 0.0, 0.113556, 0.143399, 0.554195]",-1.942125,-1.942125,True
regression,sa_ghmappo,17,regression_04,3,"{""event"": [0.05102710798382759, 0.0550689697265625], ""fast"": [0.12594959139823914, -0.15634986758232117], ""slow"": [0.31705597043037415, 0.0077867042273283005, -0.5473688244819641]}","{""event"": [0.49899, 0.50101], ""fast"": [0.57011, 0.42989], ""slow"": [0.463978, 0.340552, 0.195471]}","{""event"": 1, ""fast"": 0, ""slow"": 0}",independent_head_argmax,4,4,4,event_head_prepare,"[true, false, true, true, true]",False,"[0.188298, 0.0, 0.110285, 0.146257, 0.55516]",-0.5885,-0.5885,True
regression,sa_ghmappo,17,regression_04,4,"{""event"": [0.06783983111381531, 0.05574595928192139], ""fast"": [0.1505453884601593, -0.1292233169078827], ""slow"": [0.31774476170539856, -0.007949970662593842, -0.5016673803329468]}","{""event"": [0.503023, 0.496977], ""fast"": [0.56949, 0.43051], ""slow"": [0.462382, 0.333851, 0.203767]}","{""event"": 0, ""fast"": 0, ""slow"": 0}",independent_head_argmax,3,3,3,fast_head_steady_offload,"[true, true, true, true, true]",False,"[0.167935, 0.1025, 0.100132, 0.132457, 0.496977]",-2.021498,-2.021498,True
regression,sa_ghmappo,17,regression_05,0,"{""event"": [0.061671994626522064, 0.06938084214925766], ""fast"": [-0.19565358757972717, 0.1461659073829651], ""slow"": [0.2764676511287689, -0.03162018209695816, -0.37674885988235474]}","{""event"": [0.498073, 0.501927], ""fast"": [0.415368, 0.584632], ""slow"": [0.443416, 0.325844, 0.23074]}","{""event"": 1, ""fast"": 1, ""slow"": 0}",independent_head_argmax,4,4,4,event_head_prepare,"[true, true, true, true, true]",False,"[0.162294, 0.114925, 0.129118, 0.091735, 0.501927]",-0.6893,-0.6893,True
regression,sa_ghmappo,17,regression_05,1,"{""event"": [0.04111533239483833, 0.06547121703624725], ""fast"": [0.03829464316368103, -0.1336410939693451], ""slow"": [0.2811833322048187, 0.017207855358719826, -0.5164173245429993]}","{""event"": [0.493911, 0.506089], ""fast"": [0.542878, 0.457122], ""slow"": [0.450775, 0.346192, 0.203033]}","{""event"": 1, ""fast"": 0, ""slow"": 0}",independent_head_argmax,4,4,4,event_head_prepare,"[true, false, true, true, true]",False,"[0.190046, 0.0, 0.113118, 0.13434, 0.562496]",-0.575371,-0.575371,True
regression,sa_ghmappo,17,regression_05,2,"{""event"": [0.05403422936797142, 0.05862556770443916], ""fast"": [-0.02685469388961792, -0.07230359315872192], ""slow"": [0.3162550628185272, 0.0029332730919122696, -0.5321778059005737]}","{""event"": [0.498852, 0.501148], ""fast"": [0.51136, 0.48864], ""slow"": [0.463156, 0.338574, 0.19827]}","{""event"": 1, ""fast"": 0, ""slow"": 0}",independent_head_argmax,4,4,4,event_head_prepare,"[true, true, true, true, true]",False,"[0.168898, 0.098908, 0.112898, 0.118148, 0.501148]",-0.690854,-0.690854,True
regression,sa_ghmappo,17,regression_05,3,"{""event"": [0.03783741593360901, 0.06250283122062683], ""fast"": [0.05591343343257904, -0.1571933478116989], ""slow"": [0.3212480843067169, 0.010847285389900208, -0.5759158730506897]}","{""event"": [0.493834, 0.506166], ""fast"": [0.553076, 0.446924], ""slow"": [0.467098, 0.342454, 0.190447]}","{""event"": 1, ""fast"": 0, ""slow"": 0}",independent_head_argmax,4,4,4,event_head_prepare,"[true, false, true, true, true]",False,"[0.186672, 0.0, 0.113794, 0.140822, 0.558713]",-0.58212,-0.58212,True
regression,sa_ghmappo,17,regression_05,4,"{""event"": [0.0585101880133152, 0.06118975579738617], ""fast"": [-0.036463141441345215, -0.0531255379319191], ""slow"": [0.3188290596008301, -0.002740347757935524, -0.5249829888343811]}","{""event"": [0.49933, 0.50067], ""fast"": [0.504165, 0.495834], ""slow"": [0.46402, 0.336419, 0.19956]}","{""event"": 1, ""fast"": 0, ""slow"": 0}",independent_head_argmax,4,4,4,event_head_prepare,"[true, true, true, true, true]",False,"[0.167984, 0.099646, 0.114885, 0.116815, 0.50067]",-0.691808,-0.691808,True
regression,sa_ghmappo,17,regression_05,5,"{""event"": [0.04683377966284752, 0.07334181666374207], ""fast"": [0.1495475172996521, -0.2259809821844101], ""slow"": [0.3232870101928711, 0.00660543330013752, -0.57115238904953]}","{""event"": [0.493373, 0.506627], ""fast"": [0.592794, 0.407206], ""slow"": [0.467858, 0.340864, 0.191278]}","{""event"": 1, ""fast"": 0, ""slow"": 0}",independent_head_argmax,4,4,4,event_head_prepare,"[true, false, true, true, true]",False,"[0.185698, 0.0, 0.10379, 0.151093, 0.55942]",-0.580855,-0.580855,True
regression,sa_ghmappo,17,regression_05,6,"{""event"": [0.050576578825712204, 0.08274593949317932], ""fast"": [0.16228589415550232, -0.1819625198841095], ""slow"": [0.32400622963905334, -0.00432414747774601, -0.5535716414451599]}","{""event"": [0.491958, 0.508042], ""fast"": [0.585222, 0.414778], ""slow"": [0.468184, 0.337151, 0.194666]}","{""event"": 1, ""fast"": 0, ""slow"": 0}",independent_head_argmax,4,4,4,event_head_prepare,"[true, false, true, true, true]",False,"[0.183431, 0.0, 0.105653, 0.149068, 0.561848]",-0.576523,-0.576523,True
regression,sa_ghmappo,17,regression_06,0,"{""event"": [0.04928716644644737, 0.06743091344833374], ""fast"": [-0.052611202001571655, 0.022419579327106476], ""slow"": [0.26924315094947815, -0.028551911935210228, -0.4184114634990692]}","{""event"": [0.495464, 0.504536], ""fast"": [0.481251, 0.518749], ""slow"": [0.445393, 0.330684, 0.223923]}","{""event"": 1, ""fast"": 1, ""slow"": 0}",independent_head_argmax,4,4,4,event_head_prepare,"[true, true, true, true, true]",False,"[0.163842, 0.110946, 0.114476, 0.106201, 0.504536]",-0.684116,-0.684116,True
regression,sa_ghmappo,17,regression_06,1,"{""event"": [0.047756489366292953, 0.09729284048080444], ""fast"": [-0.12421763688325882, 0.12630730867385864], ""slow"": [0.24262896180152893, -0.042533792555332184, -0.35437384247779846]}","{""event"": [0.487618, 0.512382], ""fast"": [0.437694, 0.562306], ""slow"": [0.434339, 0.326576, 0.239086]}","{""event"": 1, ""fast"": 1, ""slow"": 0}",independent_head_argmax,4,4,4,event_head_prepare,"[true, true, true, true, true]",False,"[0.159244, 0.116583, 0.119092, 0.0927, 0.512382]",-0.668686,-0.668686,True
regression,sa_ghmappo,17,regression_06,2,"{""event"": [0.054743558168411255, 0.07268273085355759], ""fast"": [0.10245604813098907, -0.10897497087717056], ""slow"": [0.27946755290031433, -0.01797592267394066, -0.4728558659553528]}","{""event"": [0.495515, 0.504485], ""fast"": [0.552662, 0.447338], ""slow"": [0.451674, 0.335465, 0.212861]}","{""event"": 1, ""fast"": 0, ""slow"": 0}",independent_head_argmax,4,4,4,event_head_prepare,"[true, false, true, true, true]",False,"[0.185828, 0.0, 0.111925, 0.138277, 0.56397]",-0.572755,-0.572755,True
regression,sa_ghmappo,17,regression_06,3,"{""event"": [0.043832626193761826, 0.07669252902269363], ""fast"": [0.11765697598457336, -0.15095742046833038], ""slow"": [0.2724098265171051, -0.014465490356087685, -0.4762272238731384]}","{""event"": [0.491786, 0.508214], ""fast"": [0.566753, 0.433247], ""slow"": [0.449718, 0.337561, 0.212721]}","{""event"": 1, ""fast"": 0, ""slow"": 0}",independent_head_argmax,4,4,4,event_head_prepare,"[true, false, true, true, true]",False,"[0.185403, 0.0, 0.107014, 0.139991, 0.567592]",-0.566353,-0.566353,True
regression,sa_ghmappo,17,regression_06,4,"{""event"": [0.05465034767985344, 0.08582216501235962], ""fast"": [0.14255133271217346, -0.12215560674667358], ""slow"": [0.2734949290752411, -0.02656041644513607, -0.435585081577301]}","{""event"": [0.492208, 0.507792], ""fast"": [0.565793, 0.434207], ""slow"": [0.447853, 0.33176, 0.220387]}","{""event"": 1, ""fast"": 0, ""slow"": 0}",independent_head_argmax,4,4,4,event_head_prepare,"[true, true, true, true, true]",False,"[0.163295, 0.108476, 0.095715, 0.124722, 0.507792]",-0.677683,-0.677683,True
regression,sa_ghmappo,17,regression_07,0,"{""event"": [0.039287269115448, 0.10446082055568695], ""fast"": [-0.11281710863113403, 0.09792269021272659], ""slow"": [0.22788196802139282, -0.04911228269338608, -0.32115256786346436]}","{""event"": [0.483712, 0.516288], ""fast"": [0.447509, 0.552491], ""slow"": [0.428162, 0.324572, 0.247266]}","{""event"": 1, ""fast"": 1, ""slow"": 0}",independent_head_argmax,4,4,4,event_head_prepare,"[true, true, true, true, true]",False,"[0.156999, 0.119606, 0.114425, 0.092682, 0.516288]",-0.661091,-0.661091,True
regression,sa_ghmappo,17,regression_07,1,"{""event"": [0.03723890706896782, 0.11952628940343857], ""fast"": [-0.19913870096206665, 0.1917005181312561], ""slow"": [0.23120266199111938, -0.07477976381778717, -0.2830495238304138]}","{""event"": [0.47944, 0.52056], ""fast"": [0.403515, 0.596485], ""slow"": [0.428385, 0.315463, 0.256152]}","{""event"": 1, ""fast"": 1, ""slow"": 0}",independent_head_argmax,4,4,4,event_head_prepare,"[true, true, true, true, true]",False,"[0.151245, 0.122809, 0.122509, 0.082876, 0.52056]",-0.65285,-0.65285,True
regression,sa_ghmappo,17,regression_07,2,"{""event"": [0.044354990124702454, 0.09989294409751892], ""fast"": [-0.20925626158714294, 0.2211657464504242], ""slow"": [0.26851263642311096, -0.07228231430053711, -0.31253430247306824]}","{""event"": [0.486119, 0.513881], ""fast"": [0.394026, 0.605974], ""slow"": [0.440428, 0.313235, 0.246337]}","{""event"": 1, ""fast"": 1, ""slow"": 0}",independent_head_argmax,4,4,4,event_head_prepare,"[true, true, true, true, true]",False,"[0.152269, 0.119749, 0.129739, 0.084361, 0.513881]",-0.665764,-0.665764,True
regression,sa_ghmappo,17,regression_07,3,"{""event"": [0.03508063405752182, 0.11155211925506592], ""fast"": [-0.21116195619106293, 0.21837985515594482], ""slow"": [0.24681535363197327, -0.07501685619354248, -0.290414422750473]}","{""event"": [0.480891, 0.519109], ""fast"": [0.394236, 0.605764], ""slow"": [0.433053, 0.313886, 0.253061]}","{""event"": 1, ""fast"": 1, ""slow"": 0}",independent_head_argmax,4,4,4,event_head_prepare,"[true, true, true, true, true]",False,"[0.150945, 0.121695, 0.126151, 0.0821, 0.519109]",-0.655642,-0.655642,True
regression,sa_ghmappo,17,regression_07,4,"{""event"": [0.05240955948829651, 0.09214235097169876], ""fast"": [-0.17799106240272522, 0.1899709403514862], ""slow"": [0.26282694935798645, -0.07103274017572403, -0.31632810831069946]}","{""event"": [0.490068, 0.509932], ""fast"": [0.409034, 0.590966], ""slow"": [0.439266, 0.314582, 0.246152]}","{""event"": 1, ""fast"": 1, ""slow"": 0}",independent_head_argmax,4,4,4,event_head_prepare,"[true, false, true, true, true]",False,"[0.175315, 0.0, 0.144669, 0.100132, 0.579884]",-0.544927,-0.544927,True
regression,sa_ghmappo,17,regression_07,5,"{""event"": [0.03815301135182381, 0.09332387149333954], ""fast"": [-0.11109340190887451, 0.11011847108602524], ""slow"": [0.2277396023273468, -0.051281608641147614, -0.31486964225769043]}","{""event"": [0.486211, 0.513789], ""fast"": [0.444921, 0.555079], ""slow"": [0.427761, 0.323611, 0.248627]}","{""event"": 1, ""fast"": 1, ""slow"": 0}",independent_head_argmax,4,4,4,event_head_prepare,"[true, false, true, true, true]",False,"[0.178979, 0.0, 0.131321, 0.10526, 0.584439]",-0.537102,-0.537102,True
regression,sa_ghmappo,17,regression_07,6,"{""event"": [0.04113643988966942, 0.10358797013759613], ""fast"": [-0.11457047611474991, 0.11953770369291306], ""slow"": [0.23419040441513062, -0.05387510359287262, -0.32162392139434814]}","{""event"": [0.484392, 0.515608], ""fast"": [0.441739, 0.558261], ""slow"": [0.430419, 0.32269, 0.24689]}","{""event"": 1, ""fast"": 1, ""slow"": 0}",independent_head_argmax,4,4,4,event_head_prepare,"[true, true, true, true, true]",False,"[0.156309, 0.119592, 0.116393, 0.092099, 0.515608]",-0.662409,-0.662409,True
regression,sa_ghmappo,17,regression_07,7,"{""event"": [0.03687496483325958, 0.11811026930809021], ""fast"": [-0.19874510169029236, 0.1913711130619049], ""slow"": [0.23559916019439697, -0.07283459603786469, -0.2858073115348816]}","{""event"": [0.479702, 0.520298], ""fast"": [0.403689, 0.596311], ""slow"": [0.429501, 0.31551, 0.254988]}","{""event"": 1, ""fast"": 1, ""slow"": 0}",independent_head_argmax,4,4,4,event_head_prepare,"[true, true, true, true, true]",False,"[0.151351, 0.122319, 0.12286, 0.083173, 0.520298]",-0.653354,-0.653354,True
regression,sa_ghmappo,17,regression_07,8,"{""event"": [0.0455477237701416, 0.09666837751865387], ""fast"": [-0.13278669118881226, 0.21445748209953308], ""slow"": [0.285514771938324, -0.07747139036655426, -0.31638509035110474]}","{""event"": [0.487223, 0.512777], ""fast"": [0.414051, 0.585949], ""slow"": [0.445759, 0.310068, 0.244173]}","{""event"": 1, ""fast"": 1, ""slow"": 0}",independent_head_argmax,4,4,4,event_head_prepare,"[true, true, true, true, true]",False,"[0.151072, 0.118967, 0.127259, 0.089925, 0.512777]",-0.667913,-0.667913,True
regression,sa_ghmappo,17,regression_07,9,"{""event"": [0.036048781126737595, 0.10834168642759323], ""fast"": [-0.1344776302576065, 0.21240004897117615], ""slow"": [0.26389628648757935, -0.08032886683940887, -0.29413819313049316]}","{""event"": [0.481935, 0.518065], ""fast"": [0.41414, 0.58586], ""slow"": [0.438385, 0.310714, 0.250902]}","{""event"": 1, ""fast"": 1, ""slow"": 0}",independent_head_argmax,4,4,4,event_head_prepare,"[true, true, true, true, true]",False,"[0.149744, 0.120918, 0.123776, 0.087496, 0.518065]",-0.657654,-0.657654,True
regression,sa_ghmappo,17,regression_07,10,"{""event"": [0.055119261145591736, 0.07963480055332184], ""fast"": [-0.12314164638519287, 0.22222298383712769], ""slow"": [0.28470078110694885, -0.07853461056947708, -0.29781389236450195]}","{""event"": [0.493871, 0.506129], ""fast"": [0.414507, 0.585493], ""slow"": [0.443672, 0.30854, 0.247788]}","{""event"": 1, ""fast"": 1, ""slow"": 0}",independent_head_argmax,4,4,4,event_head_prepare,"[true, true, true, true, true]",False,"[0.152379, 0.122375, 0.128292, 0.090826, 0.506129]",-0.680965,-0.680965,True
regression,sa_ghmappo,17,regression_07,11,"{""event"": [0.04273946210741997, 0.08456842601299286], ""fast"": [0.14098945260047913, -0.1066298857331276], ""slow"": [0.25422126054763794, -0.01124025508761406, -0.44339415431022644]}","{""event"": [0.489544, 0.510456], ""fast"": [0.56159, 0.43841], ""slow"": [0.441575, 0.338622, 0.219803]}","{""event"": 1, ""fast"": 0, ""slow"": 0}",independent_head_argmax,4,4,4,event_head_prepare,"[true, false, true, true, true]",False,"[0.185759, 0.0, 0.106198, 0.136037, 0.572005]",-0.558607,-0.558607,True
regression,sa_ghmappo,17,regression_07,12,"{""event"": [0.05056612566113472, 0.10188158601522446], ""fast"": [0.004115559160709381, -0.022883877158164978], ""slow"": [0.2636256515979767, -0.022791629657149315, -0.42080700397491455]}","{""event"": [0.487174, 0.512826], ""fast"": [0.506749, 0.493251], ""slow"": [0.443395, 0.332967, 0.223638]}","{""event"": 1, ""fast"": 0, ""slow"": 0}",independent_head_argmax,4,4,4,event_head_prepare,"[true, true, true, true, true]",False,"[0.162213, 0.108951, 0.106547, 0.109463, 0.512826]",-0.667819,-0.667819,True
regression,sa_ghmappo,17,regression_07,13,"{""event"": [0.04262840375304222, 0.11210110783576965], ""fast"": [-0.2167789340019226, 0.16835087537765503], ""slow"": [0.23883157968521118, -0.06840444356203079, -0.2916654050350189]}","{""event"": [0.482639, 0.517361], ""fast"": [0.40489, 0.59511], ""slow"": [0.430332, 0.316499, 0.253169]}","{""event"": 1, ""fast"": 1, ""slow"": 0}",independent_head_argmax,4,4,4,event_head_prepare,"[true, true, true, true, true]",False,"[0.152755, 0.122189, 0.123601, 0.084094, 0.517361]",-0.659014,-0.659014,True
regression,sa_ghmappo,17,regression_07,14,"{""event"": [0.04716089367866516, 0.09407652914524078], ""fast"": [-0.13449853658676147, 0.19052889943122864], ""slow"": [0.2820185720920563, -0.0750640332698822, -0.31994733214378357]}","{""event"": [0.488273, 0.511727], ""fast"": [0.419451, 0.580549], ""slow"": [0.444949, 0.311337, 0.243714]}","{""event"": 1, ""fast"": 1, ""slow"": 0}",independent_head_argmax,4,4,4,event_head_prepare,"[true, true, true, true, true]",False,"[0.152018, 0.118999, 0.126128, 0.091129, 0.511727]",-0.669964,-0.669964,True
regression,sa_ghmappo,17,regression_07,15,"{""event"": [0.03745630010962486, 0.10598115622997284], ""fast"": [-0.13641196489334106, 0.18769225478172302], ""slow"": [0.26030078530311584, -0.07778405398130417, -0.29825931787490845]}","{""event"": [0.482875, 0.517125], ""fast"": [0.419676, 0.580324], ""slow"": [0.437605, 0.312071, 0.250324]}","{""event"": 1, ""fast"": 1, ""slow"": 0}",independent_head_argmax,4,4,4,event_head_prepare,"[true, true, true, true, true]",False,"[0.150692, 0.120875, 0.122627, 0.088681, 0.517125]",-0.659472,-0.659472,True
regression,sa_ghmappo,17,regression_07,16,"{""event"": [0.060766417533159256, 0.08219801634550095], ""fast"": [0.014077723026275635, -0.01667097955942154], ""slow"": [0.25173017382621765, -0.052298516035079956, -0.3360407054424286]}","{""event"": [0.494642, 0.505358], ""fast"": [0.507687, 0.492313], ""slow"": [0.436033, 0.321723, 0.242244]}","{""event"": 1, ""fast"": 0, ""slow"": 0}",independent_head_argmax,4,4,4,event_head_prepare,"[true, false, true, true, true]",False,"[0.180802, 0.0, 0.120638, 0.124405, 0.574156]",-0.554855,-0.554855,True
regression,sa_ghmappo,17,regression_07,17,"{""event"": [0.047271713614463806, 0.08715656399726868], ""fast"": [0.15806540846824646, -0.21607646346092224], ""slow"": [0.2594449818134308, -0.010220220312476158, -0.44675764441490173]}","{""event"": [0.49003, 0.50997], ""fast"": [0.592459, 0.407541], ""slow"": [0.443037, 0.338318, 0.218645]}","{""event"": 1, ""fast"": 0, ""slow"": 0}",independent_head_argmax,4,4,4,event_head_prepare,"[true, false, true, true, true]",False,"[0.18568, 0.0, 0.099095, 0.144058, 0.571166]",-0.560075,-0.560075,True
regression,sa_ghmappo,17,regression_07,18,"{""event"": [0.05314691364765167, 0.09661093354225159], ""fast"": [0.01352471113204956, -0.08854719996452332], ""slow"": [0.26942527294158936, -0.0260117519646883, -0.41234642267227173]}","{""event"": [0.489136, 0.510864], ""fast"": [0.525496, 0.474504], ""slow"": [0.444459, 0.330769, 0.224772]}","{""event"": 1, ""fast"": 0, ""slow"": 0}",independent_head_argmax,4,4,4,event_head_prepare,"[true, true, true, true, true]",False,"[0.161791, 0.109944, 0.103158, 0.114243, 0.510864]",-0.671651,-0.671651,True
regression,sa_ghmappo,17,regression_07,19,"{""event"": [0.04447291046380997, 0.11096012592315674], ""fast"": [-0.15201540291309357, 0.14329931139945984], ""slow"": [0.2408183515071869, -0.07125626504421234, -0.29219308495521545]}","{""event"": [0.483384, 0.516616], ""fast"": [0.426703, 0.573297], ""slow"": [0.431265, 0.315654, 0.253081]}","{""event"": 1, ""fast"": 1, ""slow"": 0}",independent_head_argmax,4,4,4,event_head_prepare,"[true, true, true, true, true]",False,"[0.152582, 0.122336, 0.119513, 0.088953, 0.516616]",-0.660456,-0.660456,True
regression,sa_ghmappo,17,regression_07,20,"{""event"": [0.04746231809258461, 0.09312540292739868], ""fast"": [-0.13542896509170532, 0.19253909587860107], ""slow"": [0.2855742275714874, -0.07521364092826843, -0.32275208830833435]}","{""event"": [0.488586, 0.511414], ""fast"": [0.418735, 0.581265], ""slow"": [0.446152, 0.311025, 0.242823]}","{""event"": 1, ""fast"": 1, ""slow"": 0}",independent_head_argmax,4,4,4,event_head_prepare,"[true, true, true, true, true]",False,"[0.151962, 0.11864, 0.126706, 0.091277, 0.511414]",-0.670576,-0.670576,True
regression,sa_ghmappo,17,regression_07,21,"{""event"": [0.03773023560643196, 0.10528977960348129], ""fast"": [-0.13733690977096558, 0.18967244029045105], ""slow"": [0.26377981901168823, -0.07783801853656769, -0.3008095920085907]}","{""event"": [0.483117, 0.516883], ""fast"": [0.418968, 0.581032], ""slow"": [0.438748, 0.311783, 0.249469]}","{""event"": 1, ""fast"": 1, ""slow"": 0}",independent_head_argmax,4,4,4,event_head_prepare,"[true, true, true, true, true]",False,"[0.150627, 0.120523, 0.123159, 0.088807, 0.516883]",-0.659938,-0.659938,True
regression,sa_ghmappo,17,regression_07,22,"{""event"": [0.03333801403641701, 0.09828000515699387], ""fast"": [-0.1383090317249298, 0.1929035186767578], ""slow"": [0.22948667407035828, -0.07974180579185486, -0.23049193620681763]}","{""event"": [0.48377, 0.51623], ""fast"": [0.417946, 0.582054], ""slow"": [0.422778, 0.310324, 0.266898]}","{""event"": 1, ""fast"": 1, ""slow"": 0}",independent_head_argmax,4,0,0,slow_head_cache_fill,"[true, false, true, true, false]",True,"[0.423303, 0.0, 0.335669, 0.241028, 0.0]",-0.859667,-0.859667,True
regression,sa_ghmappo,17,regression_07,23,"{""event"": [0.03926762938499451, 0.09899654239416122], ""fast"": [-0.021362051367759705, -0.04549640044569969], ""slow"": [0.21297594904899597, -0.04277985543012619, -0.28856217861175537]}","{""event"": [0.485072, 0.514928], ""fast"": [0.506033, 0.493967], ""slow"": [0.42018, 0.325359, 0.254461]}","{""event"": 1, ""fast"": 0, ""slow"": 0}",independent_head_argmax,4,0,0,slow_head_cache_fill,"[true, false, true, true, false]",True,"[0.436407, 0.0, 0.278396, 0.285197, 0.0]",-0.829179,-0.829179,True
regression,sa_ghmappo,17,regression_08,0,"{""event"": [0.05229594185948372, 0.05612822249531746], ""fast"": [-0.029853247106075287, 0.044774316251277924], ""slow"": [0.3018393814563751, -0.015667622908949852, -0.47036516666412354]}","{""event"": [0.499042, 0.500958], ""fast"": [0.481352, 0.518648], ""slow"": [0.45663, 0.332409, 0.21096]}","{""event"": 1, ""fast"": 1, ""slow"": 0}",independent_head_argmax,4,4,4,event_head_prepare,"[true, true, true, true, true]",False,"[0.165886, 0.105278, 0.118188, 0.109689, 0.500958]",-0.691233,-0.691233,True
regression,sa_ghmappo,17,regression_08,1,"{""event"": [0.040165841579437256, 0.0742185115814209], ""fast"": [-0.05932161957025528, 0.0718446746468544], ""slow"": [0.2780492901802063, -0.02401590906083584, -0.4415454566478729]}","{""event"": [0.491488, 0.508512], ""fast"": [0.467255, 0.532745], ""slow"": [0.449188, 0.33208, 0.218732]}","{""event"": 1, ""fast"": 1, ""slow"": 0}",independent_head_argmax,4,4,4,event_head_prepare,"[true, false, true, true, true]",False,"[0.182873, 0.0, 0.131781, 0.115582, 0.569764]",-0.562533,-0.562533,True
regression,sa_ghmappo,17,regression_08,2,"{""event"": [0.05883378908038139, 0.07580135017633438], ""fast"": [-0.06616514921188354, 0.046830542385578156], ""slow"": [0.26882123947143555, -0.01975972205400467, -0.399402916431427]}","{""event"": [0.495758, 0.504242], ""fast"": [0.471781, 0.528219], ""slow"": [0.442098, 0.331275, 0.226627]}","{""event"": 1, ""fast"": 1, ""slow"": 0}",independent_head_argmax,4,4,4,event_head_prepare,"[true, false, true, true, true]",False,"[0.18502, 0.0, 0.130425, 0.11649, 0.568065]",-0.565519,-0.565519,True
regression,sa_ghmappo,17,regression_08,3,"{""event"": [0.049294568598270416, 0.06926076859235764], ""fast"": [-0.04347669333219528, -0.0014424100518226624], ""slow"": [0.24600651860237122, -0.0058217961341142654, -0.3933703899383545]}","{""event"": [0.495009, 0.504991], ""fast"": [0.489493, 0.510507], ""slow"": [0.43384, 0.337257, 0.228903]}","{""event"": 1, ""fast"": 1, ""slow"": 0}",independent_head_argmax,4,4,4,event_head_prepare,"[true, false, true, true, true]",False,"[0.188279, 0.0, 0.123644, 0.118554, 0.569523]",-0.562955,-0.562955,True
regression,sa_ghmappo,17,regression_08,4,"{""event"": [0.05589694529771805, 0.05282637104392052], ""fast"": [0.09775525331497192, -0.05338888615369797], ""slow"": [0.3118211328983307, -0.012845346704125404, -0.470403254032135]}","{""event"": [0.500768, 0.499232], ""fast"": [0.537714, 0.462286], ""slow"": [0.458683, 0.331521, 0.209796]}","{""event"": 0, ""fast"": 0, ""slow"": 0}",independent_head_argmax,3,3,3,fast_head_steady_offload,"[true, true, true, true, true]",False,"[0.166015, 0.105059, 0.106184, 0.123509, 0.499232]",-2.091437,-2.091437,True
regression,sa_ghmappo,17,regression_08,5,"{""event"": [0.058558203279972076, 0.0769621953368187], ""fast"": [-0.028567254543304443, 0.0743711069226265], ""slow"": [0.3017790913581848, -0.03167072683572769, -0.42155957221984863]}","{""event"": [0.495399, 0.504601], ""fast"": [0.474288, 0.525712], ""slow"": [0.45422, 0.325425, 0.220356]}","{""event"": 1, ""fast"": 1, ""slow"": 0}",independent_head_argmax,4,4,4,event_head_prepare,"[true, true, true, true, true]",False,"[0.161215, 0.109164, 0.118296, 0.106724, 0.504601]",-0.683988,-0.683988,True
regression,sa_ghmappo,17,regression_08,6,"{""event"": [0.05917904153466225, 0.06715861707925797], ""fast"": [-0.0640488713979721, 0.05891663581132889], ""slow"": [0.27986928820610046, -0.022832492366433144, -0.4039418399333954]}","{""event"": [0.498005, 0.501995], ""fast"": [0.469297, 0.530703], ""slow"": [0.44573, 0.329314, 0.224956]}","{""event"": 1, ""fast"": 1, ""slow"": 0}",independent_head_argmax,4,4,4,event_head_prepare,"[true, false, true, true, true]",False,"[0.184691, 0.0, 0.132666, 0.117315, 0.565328]",-0.570349,-0.570349,True
regression,sa_ghmappo,17,regression_08,7,"{""event"": [0.050953831523656845, 0.06101972982287407], ""fast"": [-0.03092048317193985, 0.0016872137784957886], ""slow"": [0.25410887598991394, -0.012699497863650322, -0.39552104473114014]}","{""event"": [0.497484, 0.502516], ""fast"": [0.491849, 0.508151], ""slow"": [0.437052, 0.334703, 0.228245]}","{""event"": 1, ""fast"": 1, ""slow"": 0}",independent_head_argmax,4,4,4,event_head_prepare,"[true, false, true, true, true]",False,"[0.187838, 0.0, 0.124638, 0.120639, 0.566885]",-0.567598,-0.567598,True
regression,sa_ghmappo,17,regression_08,8,"{""event"": [0.059451568871736526, 0.04890352860093117], ""fast"": [0.08904466032981873, -0.05798802897334099], ""slow"": [0.31785187125205994, -0.019721897318959236, -0.4641556143760681]}","{""event"": [0.502637, 0.497363], ""fast"": [0.536692, 0.463308], ""slow"": [0.46062, 0.328652, 0.210728]}","{""event"": 0, ""fast"": 0, ""slow"": 0}",independent_head_argmax,3,3,3,fast_head_steady_offload,"[true, true, true, true, true]",False,"[0.165193, 0.105919, 0.107267, 0.124258, 0.497363]",-2.085399,-2.085399,True
regression,sa_ghmappo,17,regression_08,9,"{""event"": [0.051944781094789505, 0.07064429670572281], ""fast"": [0.17560818791389465, -0.14105379581451416], ""slow"": [0.271706759929657, -0.003955777734518051, -0.460032194852829]}","{""event"": [0.495325, 0.504675], ""fast"": [0.578511, 0.421489], ""slow"": [0.446401, 0.338849, 0.214751]}","{""event"": 1, ""fast"": 0, ""slow"": 0}",independent_head_argmax,4,4,4,event_head_prepare,"[true, false, true, true, true]",False,"[0.187819, 0.0, 0.104291, 0.143143, 0.564748]",-0.571376,-0.571376,True
regression,sa_ghmappo,17,regression_08,10,"{""event"": [0.043274909257888794, 0.09423201531171799], ""fast"": [0.1198374480009079, -0.06233282387256622], ""slow"": [0.24407532811164856, -0.03773381561040878, -0.3505582809448242]}","{""event"": [0.487263, 0.512736], ""fast"": [0.545417, 0.454583], ""slow"": [0.433617, 0.327128, 0.239255]}","{""event"": 1, ""fast"": 0, ""slow"": 0}",independent_head_argmax,4,0,0,slow_head_cache_fill,"[true, false, true, true, false]",True,"[0.43001, 0.0, 0.259108, 0.310882, 0.0]",-0.843946,-0.843946,True
regression,sa_ghmappo,17,regression_09,0,"{""event"": [0.04883088544011116, 0.05707968398928642], ""fast"": [-0.004012584686279297, 0.003653891384601593], ""slow"": [0.2789250612258911, -0.027638515457510948, -0.4310222566127777]}","{""event"": [0.497938, 0.502062], ""fast"": [0.498083, 0.501917], ""slow"": [0.448905, 0.330382, 0.220713]}","{""event"": 1, ""fast"": 1, ""slow"": 0}",independent_head_argmax,4,4,4,event_head_prepare,"[true, true, true, true, true]",False,"[0.164509, 0.109901, 0.112192, 0.111335, 0.502062]",-0.689031,-0.689031,True
regression,sa_ghmappo,17,regression_09,1,"{""event"": [0.040371038019657135, 0.07716979831457138], ""fast"": [0.10610902309417725, -0.1224057525396347], ""slow"": [0.28245916962623596, -0.007636284455657005, -0.5050919651985168]}","{""event"": [0.490801, 0.509199], ""fast"": [0.556881, 0.443119], ""slow"": [0.453896, 0.339601, 0.206503]}","{""event"": 1, ""fast"": 0, ""slow"": 0}",independent_head_argmax,4,4,4,event_head_prepare,"[true, false, true, true, true]",False,"[0.185475, 0.0, 0.109848, 0.138049, 0.566628]",-0.568053,-0.568053,True
regression,sa_ghmappo,17,regression_09,2,"{""event"": [0.05302860215306282, 0.06615424901247025], ""fast"": [-0.014576837420463562, -0.04799317941069603], ""slow"": [0.28229621052742004, -0.013143343850970268, -0.470323383808136]}","{""event"": [0.496719, 0.503281], ""fast"": [0.508353, 0.491647], ""slow"": [0.451399, 0.335933, 0.212668]}","{""event"": 1, ""fast"": 0, ""slow"": 0}",independent_head_argmax,4,4,4,event_head_prepare,"[true, true, true, true, true]",False,"[0.166864, 0.105636, 0.110236, 0.113982, 0.503281]",-0.686606,-0.686606,True
regression,sa_ghmappo,17,regression_09,3,"{""event"": [0.04223910719156265, 0.0790954977273941], ""fast"": [0.05398440361022949, -0.10395000129938126], ""slow"": [0.2820000946521759, -0.007292354479432106, -0.5047022700309753]}","{""event"": [0.490787, 0.509213], ""fast"": [0.539402, 0.460598], ""slow"": [0.453692, 0.339722, 0.206586]}","{""event"": 1, ""fast"": 0, ""slow"": 0}",independent_head_argmax,4,4,4,event_head_prepare,"[true, false, true, true, true]",False,"[0.185543, 0.0, 0.114131, 0.133658, 0.566667]",-0.567983,-0.567983,True
regression,sa_ghmappo,17,regression_09,4,"{""event"": [0.0629621371626854, 0.07477511465549469], ""fast"": [0.004761941730976105, -0.09983818978071213], ""slow"": [0.27577346563339233, -0.01697605662047863, -0.4263150691986084]}","{""event"": [0.497047, 0.502953], ""fast"": [0.526126, 0.473874], ""slow"": [0.446078, 0.332868, 0.221054]}","{""event"": 1, ""fast"": 0, ""slow"": 0}",independent_head_argmax,4,4,4,event_head_prepare,"[true, true, true, true, true]",False,"[0.165451, 0.109874, 0.105068, 0.116654, 0.502953]",-0.687258,-0.687258,True
regression,sa_ghmappo,17,regression_09,5,"{""event"": [0.04941892251372337, 0.08680999279022217], ""fast"": [0.12632538378238678, -0.24983981251716614], ""slow"": [0.28842630982398987, -0.007457716390490532, -0.5089561343193054]}","{""event"": [0.490653, 0.509347], ""fast"": [0.592948, 0.407052], ""slow"": [0.45571, 0.33899, 0.2053]}","{""event"": 1, ""fast"": 0, ""slow"": 0}",independent_head_argmax,4,4,4,event_head_prepare,"[true, false, true, true, true]",False,"[0.184958, 0.0, 0.10121, 0.147431, 0.566401]",-0.568453,-0.568453,True
regression,sa_ghmappo,17,regression_09,6,"{""event"": [0.057274024933576584, 0.08229704946279526], ""fast"": [0.13072121143341064, -0.25242555141448975], ""slow"": [0.2952135503292084, -0.008556382730603218, -0.5114577412605286]}","{""event"": [0.493745, 0.506255], ""fast"": [0.594632, 0.405368], ""slow"": [0.457797, 0.337869, 0.204334]}","{""event"": 1, ""fast"": 0, ""slow"": 0}",independent_head_argmax,4,4,4,event_head_prepare,"[true, false, true, true, true]",False,"[0.18554, 0.0, 0.101909, 0.149489, 0.563062]",-0.574365,-0.574365,True
regression,sa_ghmappo,17,regression_09,7,"{""event"": [0.05045078694820404, 0.0865839272737503], ""fast"": [0.12482845783233643, -0.2465229034423828], ""slow"": [0.2912009060382843, -0.011811548843979836, -0.5065494179725647]}","{""event"": [0.490968, 0.509032], ""fast"": [0.591785, 0.408215], ""slow"": [0.456844, 0.33742, 0.205736]}","{""event"": 1, ""fast"": 0, ""slow"": 0}",independent_head_argmax,4,4,4,event_head_prepare,"[true, false, true, true, true]",False,"[0.184276, 0.0, 0.101848, 0.147649, 0.566227]",-0.568761,-0.568761,True
regression,sa_ghmappo,17,regression_09,8,"{""event"": [0.05270329862833023, 0.08502460271120071], ""fast"": [0.17382702231407166, -0.21369069814682007], ""slow"": [0.2999679148197174, -0.02445697970688343, -0.4982301592826843]}","{""event"": [0.49192, 0.50808], ""fast"": [0.595685, 0.404315], ""slow"": [0.460176, 0.332681, 0.207143]}","{""event"": 1, ""fast"": 0, ""slow"": 0}",independent_head_argmax,4,4,4,event_head_prepare,"[true, false, true, true, true]",False,"[0.18222, 0.0, 0.101909, 0.150145, 0.565726]",-0.569646,-0.569646,True
regression,sa_ghmappo,17,regression_10,0,"{""event"": [0.05234174802899361, 0.06033846363425255], ""fast"": [-0.06333360075950623, 0.05766112357378006], ""slow"": [0.27053511142730713, -0.03104112483561039, -0.4145931303501129]}","{""event"": [0.498001, 0.501999], ""fast"": [0.469788, 0.530212], ""slow"": [0.445697, 0.32966, 0.224643]}","{""event"": 1, ""fast"": 1, ""slow"": 0}",independent_head_argmax,4,4,4,event_head_prepare,"[true, true, true, true, true]",False,"[0.164171, 0.111872, 0.117684, 0.104273, 0.501999]",-0.689157,-0.689157,True
regression,sa_ghmappo,17,regression_10,1,"{""event"": [0.042060449719429016, 0.08893860131502151], ""fast"": [-0.10346807539463043, 0.11612448841333389], ""slow"": [0.2354939579963684, -0.05112364888191223, -0.3471805155277252]}","{""event"": [0.488283, 0.511717], ""fast"": [0.445321, 0.554679], ""slow"": [0.43305, 0.325133, 0.241816]}","{""event"": 1, ""fast"": 1, ""slow"": 0}",independent_head_argmax,4,4,4,event_head_prepare,"[true, false, true, true, true]",False,"[0.180012, 0.0, 0.13299, 0.10677, 0.580228]",-0.544335,-0.544335,True
regression,sa_ghmappo,17,regression_10,2,"{""event"": [0.06590990722179413, 0.06907960027456284], ""fast"": [0.01570965349674225, -0.003601290285587311], ""slow"": [0.2625589668750763, -0.046826064586639404, -0.37248480319976807]}","{""event"": [0.499208, 0.500792], ""fast"": [0.504828, 0.495172], ""slow"": [0.441733, 0.324187, 0.23408]}","{""event"": 1, ""fast"": 0, ""slow"": 0}",independent_head_argmax,4,4,4,event_head_prepare,"[true, false, true, true, true]",False,"[0.18325, 0.0, 0.123642, 0.126053, 0.567055]",-0.567298,-0.567298,True
regression,sa_ghmappo,17,regression_10,3,"{""event"": [0.05399216338992119, 0.07140479981899261], ""fast"": [0.14472481608390808, -0.15369437634944916], ""slow"": [0.25962746143341064, -0.019697455689311028, -0.42787307500839233]}","{""event"": [0.495647, 0.504353], ""fast"": [0.574056, 0.425944], ""slow"": [0.442649, 0.334773, 0.222578]}","{""event"": 1, ""fast"": 0, ""slow"": 0}",independent_head_argmax,4,4,4,event_head_prepare,"[true, false, true, true, true]",False,"[0.186504, 0.0, 0.105039, 0.141564, 0.566893]",-0.567585,-0.567585,True
regression,sa_ghmappo,17,regression_10,4,"{""event"": [0.05486864596605301, 0.06866040080785751], ""fast"": [-0.04650379717350006, 0.05055243521928787], ""slow"": [0.2789747416973114, -0.04553547501564026, -0.374489426612854]}","{""event"": [0.496552, 0.503448], ""fast"": [0.475755, 0.524245], ""slow"": [0.445807, 0.322266, 0.231927]}","{""event"": 1, ""fast"": 1, ""slow"": 0}",independent_head_argmax,4,4,4,event_head_prepare,"[true, true, true, true, true]",False,"[0.160022, 0.115164, 0.11605, 0.105316, 0.503448]",-0.686275,-0.686275,True
regression,sa_ghmappo,17,regression_10,5,"{""event"": [0.05711645260453224, 0.09181705117225647], ""fast"": [-0.18986189365386963, 0.17564550042152405], ""slow"": [0.24583053588867188, -0.0682387501001358, -0.2888072729110718]}","{""event"": [0.491326, 0.508674], ""fast"": [0.409627, 0.590373], ""slow"": [0.431714, 0.315353, 0.252933]}","{""event"": 1, ""fast"": 1, ""slow"": 0}",independent_head_argmax,4,4,4,event_head_prepare,"[true, true, true, true, true]",False,"[0.154941, 0.124273, 0.125225, 0.086887, 0.508674]",-0.675947,-0.675947,True
regression,sa_ghmappo,17,regression_10,6,"{""event"": [0.06251280754804611, 0.0829230397939682], ""fast"": [-0.03870876133441925, 0.14127367734909058], ""slow"": [0.26154324412345886, -0.06694339960813522, -0.30705565214157104]}","{""event"": [0.494898, 0.505102], ""fast"": [0.455125, 0.544874], ""slow"": [0.437382, 0.314921, 0.247697]}","{""event"": 1, ""fast"": 1, ""slow"": 0}",independent_head_argmax,4,4,4,event_head_prepare,"[true, true, true, true, true]",False,"[0.155853, 0.122585, 0.117943, 0.098516, 0.505102]",-0.682994,-0.682994,True
regression,sa_ghmappo,17,regression_10,7,"{""event"": [0.056077614426612854, 0.09103445708751678], ""fast"": [-0.0405617356300354, 0.13890191912651062], ""slow"": [0.24027636647224426, -0.06646880507469177, -0.2901389002799988]}","{""event"": [0.491262, 0.508738], ""fast"": [0.455254, 0.544746], ""slow"": [0.430256, 0.316599, 0.253146]}","{""event"": 1, ""fast"": 1, ""slow"": 0}",independent_head_argmax,4,4,4,event_head_prepare,"[true, true, true, true, true]",False,"[0.155533, 0.124361, 0.115142, 0.096226, 0.508738]",-0.675821,-0.675821,True
regression,sa_ghmappo,17,regression_10,8,"{""event"": [0.0404825359582901, 0.09699024260044098], ""fast"": [-0.03892720490694046, 0.1424192488193512], ""slow"": [0.20639237761497498, -0.07069476693868637, -0.22163382172584534]}","{""event"": [0.485877, 0.514123], ""fast"": [0.454787, 0.545213], ""slow"": [0.414975, 0.314546, 0.270478]}","{""event"": 1, ""fast"": 1, ""slow"": 0}",independent_head_argmax,4,0,0,slow_head_cache_fill,"[true, false, true, true, false]",True,"[0.431168, 0.0, 0.310134, 0.258698, 0.0]",-0.841257,-0.841257,True
regression,sa_ghmappo,17,regression_11,0,"{""event"": [0.04744932800531387, 0.07044830918312073], ""fast"": [-0.05176311731338501, 0.04593152552843094], ""slow"": [0.2964608371257782, -0.012631980702280998, -0.4755106568336487]}","{""event"": [0.494251, 0.50575], ""fast"": [0.475596, 0.524404], ""slow"": [0.455329, 0.334263, 0.210408]}","{""event"": 1, ""fast"": 1, ""slow"": 0}",independent_head_argmax,4,4,4,event_head_prepare,"[true, true, true, true, true]",False,"[0.16521, 0.103994, 0.118015, 0.107031, 0.50575]",-0.681714,-0.681714,True
regression,sa_ghmappo,17,regression_11,1,"{""event"": [0.047577131539583206, 0.07283433526754379], ""fast"": [0.18606337904930115, -0.21219927072525024], ""slow"": [0.2901749312877655, 0.020379550755023956, -0.5285273194313049]}","{""event"": [0.493686, 0.506314], ""fast"": [0.59827, 0.40173], ""slow"": [0.45361, 0.346347, 0.200043]}","{""event"": 1, ""fast"": 0, ""slow"": 0}",independent_head_argmax,4,4,4,event_head_prepare,"[true, false, true, true, true]",False,"[0.189724, 0.0, 0.099822, 0.148658, 0.561796]",-0.576616,-0.576616,True
regression,sa_ghmappo,17,regression_11,2,"{""event"": [0.046841055154800415, 0.07562067359685898], ""fast"": [0.16291168332099915, -0.19831040501594543], ""slow"": [0.3154560625553131, 0.013490090146660805, -0.5695709586143494]}","{""event"": [0.492806, 0.507194], ""fast"": [0.589336, 0.410664], ""slow"": [0.46467, 0.34356, 0.191771]}","{""event"": 1, ""fast"": 0, ""slow"": 0}",independent_head_argmax,4,4,4,event_head_prepare,"[true, false, true, true, true]",False,"[0.186979, 0.0, 0.103853, 0.149038, 0.56013]",-0.579587,-0.579587,True
regression,sa_ghmappo,17,regression_11,3,"{""event"": [0.040298860520124435, 0.06789281219244003], ""fast"": [0.024280905723571777, -0.09391742944717407], ""slow"": [0.3013993799686432, -0.00378338061273098, -0.507859468460083]}","{""event"": [0.493102, 0.506898], ""fast"": [0.529515, 0.470485], ""slow"": [0.458258, 0.337731, 0.204011]}","{""event"": 1, ""fast"": 0, ""slow"": 0}",independent_head_argmax,4,4,4,event_head_prepare,"[true, false, true, true, true]",False,"[0.185163, 0.0, 0.118206, 0.133037, 0.563595]",-0.57342,-0.57342,True
regression,sa_ghmappo,17,regression_11,4,"{""event"": [0.05793134123086929, 0.06880204379558563], ""fast"": [0.10152152180671692, -0.1257130205631256], ""slow"": [0.32126331329345703, -0.009287608787417412, -0.5008231997489929]}","{""event"": [0.497282, 0.502718], ""fast"": [0.556565, 0.443435], ""slow"": [0.463383, 0.332954, 0.203663]}","{""event"": 1, ""fast"": 0, ""slow"": 0}",independent_head_argmax,4,4,4,event_head_prepare,"[true, true, true, true, true]",False,"[0.165572, 0.101278, 0.102182, 0.128251, 0.502718]",-0.687727,-0.687727,True
regression,sa_ghmappo,17,regression_11,5,"{""event"": [0.045654356479644775, 0.06569315493106842], ""fast"": [0.15133532881736755, -0.13720688223838806], ""slow"": [0.2709018588066101, -0.0014710333198308945, -0.4640626907348633]}","{""event"": [0.49499, 0.50501], ""fast"": [0.571639, 0.428361], ""slow"": [0.446211, 0.339821, 0.213968]}","{""event"": 1, ""fast"": 0, ""slow"": 0}",independent_head_argmax,4,4,4,event_head_prepare,"[true, false, true, true, true]",False,"[0.188134, 0.0, 0.10582, 0.141214, 0.564832]",-0.571227,-0.571227,True
regression,sa_ghmappo,17,regression_11,6,"{""event"": [0.051394980400800705, 0.0748777985572815], ""fast"": [0.17701473832130432, -0.16103067994117737], ""slow"": [0.32200172543525696, -0.011314766481518745, -0.5270958542823792]}","{""event"": [0.49413, 0.50587], ""fast"": [0.583716, 0.416284], ""slow"": [0.466343, 0.334155, 0.199502]}","{""event"": 1, ""fast"": 0, ""slow"": 0}",independent_head_argmax,4,4,4,event_head_prepare,"[true, false, true, true, true]",False,"[0.183173, 0.0, 0.106417, 0.149218, 0.561193]",-0.577691,-0.577691,True
frozen_check,sa_ghmappo,17,frozen_check_00,0,"{""event"": [0.05310278758406639, 0.055554259568452835], ""fast"": [-0.054837457835674286, 0.051408298313617706], ""slow"": [0.2975064218044281, -0.014390857890248299, -0.4657713770866394]}","{""event"": [0.499387, 0.500613], ""fast"": [0.473464, 0.526536], ""slow"": [0.454919, 0.333027, 0.212054]}","{""event"": 1, ""fast"": 1, ""slow"": 0}",independent_head_argmax,4,4,4,event_head_prepare,"[true, true, true, true, true]",False,"[0.166309, 0.105897, 0.119619, 0.107562, 0.500613]",-0.691922,-0.691922,True
frozen_check,sa_ghmappo,17,frozen_check_00,1,"{""event"": [0.0379144586622715, 0.08353931456804276], ""fast"": [-0.09194623678922653, 0.10822590440511703], ""slow"": [0.26921346783638, -0.027481304481625557, -0.4224892556667328]}","{""event"": [0.488596, 0.511404], ""fast"": [0.450123, 0.549877], ""slow"": [0.445634, 0.331227, 0.223139]}","{""event"": 1, ""fast"": 1, ""slow"": 0}",independent_head_argmax,4,4,4,event_head_prepare,"[true, false, true, true, true]",False,"[0.181639, 0.0, 0.134378, 0.11, 0.573983]",-0.555156,-0.555156,True
frozen_check,sa_ghmappo,17,frozen_check_00,2,"{""event"": [0.059241414070129395, 0.06402082741260529], ""fast"": [0.03446303308010101, -0.016033165156841278], ""slow"": [0.28813764452934265, -0.019123924896121025, -0.4348538815975189]}","{""event"": [0.498805, 0.501195], ""fast"": [0.512621, 0.487379], ""slow"": [0.450297, 0.331175, 0.218528]}","{""event"": 1, ""fast"": 0, ""slow"": 0}",independent_head_argmax,4,4,4,event_head_prepare,"[true, false, true, true, true]",False,"[0.185401, 0.0, 0.122863, 0.129226, 0.56251]",-0.575346,-0.575346,True
frozen_check,sa_ghmappo,17,frozen_check_00,3,"{""event"": [0.0496007539331913, 0.0652708187699318], ""fast"": [0.15887823700904846, -0.1608683168888092], ""slow"": [0.2903280556201935, 0.007459687069058418, -0.4918554425239563]}","{""event"": [0.496083, 0.503917], ""fast"": [0.579262, 0.420738], ""slow"": [0.452279, 0.340846, 0.206875]}","{""event"": 1, ""fast"": 0, ""slow"": 0}",independent_head_argmax,4,4,4,event_head_prepare,"[true, false, true, true, true]",False,"[0.188425, 0.0, 0.105196, 0.144831, 0.561547]",-0.577059,-0.577059,True
frozen_check,sa_ghmappo,17,frozen_check_00,4,"{""event"": [0.057542458176612854, 0.0559895783662796], ""fast"": [-0.0351695790886879, 0.04241704195737839], ""slow"": [0.31563127040863037, -0.028680777177214622, -0.4393582046031952]}","{""event"": [0.500388, 0.499612], ""fast"": [0.480613, 0.519387], ""slow"": [0.458984, 0.325286, 0.21573]}","{""event"": 0, ""fast"": 1, ""slow"": 0}",independent_head_argmax,2,2,2,fast_head_vehicle_fallback,"[true, true, true, true, true]",False,"[0.162769, 0.107949, 0.119288, 0.110383, 0.499612]",-2.126216,-2.126216,True
frozen_check,sa_ghmappo,17,frozen_check_00,5,"{""event"": [0.06620188057422638, 0.08196713030338287], ""fast"": [-0.1839771270751953, 0.18318912386894226], ""slow"": [0.27879753708839417, -0.05138634145259857, -0.3449528217315674]}","{""event"": [0.496059, 0.503941], ""fast"": [0.409226, 0.590774], ""slow"": [0.443514, 0.318794, 0.237693]}","{""event"": 1, ""fast"": 1, ""slow"": 0}",independent_head_argmax,4,4,4,event_head_prepare,"[true, true, true, true, true]",False,"[0.15814, 0.117909, 0.129975, 0.090033, 0.503941]",-0.685296,-0.685296,True
frozen_check,sa_ghmappo,17,frozen_check_00,6,"{""event"": [0.06254243105649948, 0.05916215106844902], ""fast"": [0.11821854114532471, -0.09508422017097473], ""slow"": [0.32236120104789734, -0.017776567488908768, -0.48752862215042114]}","{""event"": [0.500845, 0.499155], ""fast"": [0.553124, 0.446876], ""slow"": [0.463697, 0.33, 0.206302]}","{""event"": 0, ""fast"": 0, ""slow"": 0}",independent_head_argmax,3,3,3,fast_head_steady_offload,"[true, true, true, true, true]",False,"[0.165279, 0.103325, 0.103783, 0.128458, 0.499155]",-2.052154,-2.052154,True
frozen_check,sa_ghmappo,17,frozen_check_00,7,"{""event"": [0.04856426268815994, 0.06614738702774048], ""fast"": [-0.06234899163246155, 0.028388209640979767], ""slow"": [0.24787575006484985, -0.013237809762358665, -0.3839642107486725]}","{""event"": [0.495604, 0.504396], ""fast"": [0.477331, 0.522669], ""slow"": [0.434441, 0.334604, 0.230955]}","{""event"": 1, ""fast"": 1, ""slow"": 0}",independent_head_argmax,4,4,4,event_head_prepare,"[true, false, true, true, true]",False,"[0.187266, 0.0, 0.127082, 0.116059, 0.569592]",-0.562834,-0.562834,True
frozen_check,sa_ghmappo,17,frozen_check_00,8,"{""event"": [0.05951022729277611, 0.049057479947805405], ""fast"": [0.11505070328712463, -0.07364948093891144], ""slow"": [0.32007113099098206, -0.01645120419561863, -0.4767484664916992]}","{""event"": [0.502613, 0.497387], ""fast"": [0.547036, 0.452964], ""slow"": [0.461892, 0.329906, 0.208202]}","{""event"": 0, ""fast"": 0, ""slow"": 0}",independent_head_argmax,3,3,3,fast_head_steady_offload,"[true, true, true, true, true]",False,"[0.165815, 0.104645, 0.105157, 0.126996, 0.497387]",-2.063601,-2.063601,True
frozen_check,sa_ghmappo,17,frozen_check_00,9,"{""event"": [0.052615921944379807, 0.06812291592359543], ""fast"": [0.17911580204963684, -0.14563870429992676], ""slow"": [0.2743000090122223, -0.0011417083442211151, -0.4710599184036255]}","{""event"": [0.496123, 0.503877], ""fast"": [0.580483, 0.419517], ""slow"": [0.447668, 0.339886, 0.212447]}","{""event"": 1, ""fast"": 0, ""slow"": 0}",independent_head_argmax,4,4,4,event_head_prepare,"[true, false, true, true, true]",False,"[0.188492, 0.0, 0.104152, 0.144114, 0.563242]",-0.574045,-0.574045,True
frozen_check,sa_ghmappo,17,frozen_check_00,10,"{""event"": [0.05163407325744629, 0.07685399055480957], ""fast"": [0.17461922764778137, -0.13938671350479126], ""slow"": [0.3175452947616577, -0.014470184221863747, -0.5267588496208191]}","{""event"": [0.493695, 0.506305], ""fast"": [0.577863, 0.422137], ""slow"": [0.465694, 0.334124, 0.200182]}","{""event"": 1, ""fast"": 0, ""slow"": 0}",independent_head_argmax,4,4,4,event_head_prepare,"[true, false, true, true, true]",False,"[0.183046, 0.0, 0.107698, 0.147427, 0.56183]",-0.576557,-0.576557,True
frozen_check,sa_ghmappo,17,frozen_check_01,0,"{""event"": [0.05052868649363518, 0.06178046390414238], ""fast"": [-0.006643429398536682, 0.011967718601226807], ""slow"": [0.2785218358039856, -0.03031187690794468, -0.4242546260356903]}","{""event"": [0.497187, 0.502813], ""fast"": [0.495347, 0.504653], ""slow"": [0.448529, 0.329356, 0.222115]}","{""event"": 1, ""fast"": 1, ""slow"": 0}",independent_head_argmax,4,4,4,event_head_prepare,"[true, true, true, true, true]",False,"[0.163752, 0.110433, 0.112539, 0.110464, 0.502813]",-0.687537,-0.687537,True
frozen_check,sa_ghmappo,17,frozen_check_01,1,"{""event"": [0.042140766978263855, 0.08176631480455399], ""fast"": [0.08047908544540405, -0.14976078271865845], ""slow"": [0.2808789610862732, -0.00735766626894474, -0.5005189776420593]}","{""event"": [0.490095, 0.509905], ""fast"": [0.557307, 0.442693], ""slow"": [0.453032, 0.339586, 0.207382]}","{""event"": 1, ""fast"": 0, ""slow"": 0}",independent_head_argmax,4,4,4,event_head_prepare,"[true, false, true, true, true]",False,"[0.185258, 0.0, 0.109411, 0.137737, 0.567594]",-0.56635,-0.56635,True
frozen_check,sa_ghmappo,17,frozen_check_01,2,"{""event"": [0.05538944527506828, 0.07100673764944077], ""fast"": [-0.04527688026428223, -0.057861775159835815], ""slow"": [0.2815397083759308, -0.014897691085934639, -0.46487635374069214]}","{""event"": [0.496096, 0.503904], ""fast"": [0.503146, 0.496854], ""slow"": [0.450953, 0.335267, 0.21378]}","{""event"": 1, ""fast"": 0, ""slow"": 0}",independent_head_argmax,4,4,4,event_head_prepare,"[true, true, true, true, true]",False,"[0.166324, 0.106055, 0.111154, 0.112562, 0.503904]",-0.685369,-0.685369,True
frozen_check,sa_ghmappo,17,frozen_check_01,3,"{""event"": [0.04769125580787659, 0.09013376384973526], ""fast"": [0.10469299554824829, -0.19777989387512207], ""slow"": [0.28531044721603394, -0.01313302107155323, -0.5049190521240234]}","{""event"": [0.489391, 0.510609], ""fast"": [0.575047, 0.424953], ""slow"": [0.455433, 0.337919, 0.206648]}","{""event"": 1, ""fast"": 0, ""slow"": 0}",independent_head_argmax,4,4,4,event_head_prepare,"[true, false, true, true, true]",False,"[0.183981, 0.0, 0.105372, 0.14259, 0.568058]",-0.565532,-0.565532,True
frozen_check,sa_ghmappo,17,frozen_check_01,4,"{""event"": [0.06062031164765358, 0.061542823910713196], ""fast"": [-0.014774322509765625, -0.0368037223815918], ""slow"": [0.2907060384750366, -0.029228197410702705, -0.42285701632499695]}","{""event"": [0.499769, 0.500231], ""fast"": [0.505507, 0.494493], ""slow"": [0.451245, 0.327692, 0.221063]}","{""event"": 1, ""fast"": 0, ""slow"": 0}",independent_head_argmax,4,4,4,event_head_prepare,"[true, true, true, true, true]",False,"[0.163771, 0.11048, 0.111517, 0.114001, 0.500231]",-0.692686,-0.692686,True
frozen_check,sa_ghmappo,17,frozen_check_01,5,"{""event"": [0.04910844936966896, 0.08600947260856628], ""fast"": [0.12791705131530762, -0.21608087420463562], ""slow"": [0.29049137234687805, -0.014266924932599068, -0.5069440007209778]}","{""event"": [0.490776, 0.509224], ""fast"": [0.585161, 0.414839], ""slow"": [0.457083, 0.337008, 0.205908]}","{""event"": 1, ""fast"": 0, ""slow"": 0}",independent_head_argmax,4,4,4,event_head_prepare,"[true, false, true, true, true]",False,"[0.183988, 0.0, 0.10352, 0.146023, 0.566469]",-0.568334,-0.568334,True
frozen_check,sa_ghmappo,17,frozen_check_01,6,"{""event"": [0.05244894325733185, 0.08600500971078873], ""fast"": [0.17093291878700256, -0.1970481276512146], ""slow"": [0.2975829839706421, -0.023869039490818977, -0.49889832735061646]}","{""event"": [0.491612, 0.508388], ""fast"": [0.590971, 0.409029], ""slow"": [0.459557, 0.333223, 0.20722]}","{""event"": 1, ""fast"": 0, ""slow"": 0}",independent_head_argmax,4,4,4,event_head_prepare,"[true, false, true, true, true]",False,"[0.182397, 0.0, 0.102891, 0.148658, 0.566053]",-0.569067,-0.569067,True
frozen_check,sa_ghmappo,17,frozen_check_02,0,"{""event"": [0.05286424607038498, 0.06156109645962715], ""fast"": [-0.07029259204864502, 0.04029076546430588], ""slow"": [0.2655145823955536, -0.026789652183651924, -0.4134594798088074]}","{""event"": [0.497826, 0.502174], ""fast"": [0.472382, 0.527618], ""slow"": [0.443719, 0.331255, 0.225026]}","{""event"": 1, ""fast"": 1, ""slow"": 0}",independent_head_argmax,4,4,4,event_head_prepare,"[true, true, true, true, true]",False,"[0.164907, 0.112024, 0.116548, 0.104347, 0.502174]",-0.688808,-0.688808,True
frozen_check,sa_ghmappo,17,frozen_check_02,1,"{""event"": [0.04116779565811157, 0.07872413843870163], ""fast"": [-0.07055435329675674, 0.09785982221364975], ""slow"": [0.2517664432525635, -0.04803843051195145, -0.386593759059906]}","{""event"": [0.490612, 0.509388], ""fast"": [0.457996, 0.542004], ""slow"": [0.440699, 0.326542, 0.232759]}","{""event"": 1, ""fast"": 1, ""slow"": 0}",independent_head_argmax,4,4,4,event_head_prepare,"[true, false, true, true, true]",False,"[0.180858, 0.0, 0.132295, 0.11179, 0.575056]",-0.553288,-0.553288,True
frozen_check,sa_ghmappo,17,frozen_check_02,2,"{""event"": [0.0651361346244812, 0.08170028030872345], ""fast"": [-0.07436290383338928, 0.053302086889743805], ""slow"": [0.24902448058128357, -0.04829084873199463, -0.3395664691925049]}","{""event"": [0.495859, 0.504141], ""fast"": [0.468127, 0.531873], ""slow"": [0.435176, 0.323253, 0.24157]}","{""event"": 1, ""fast"": 1, ""slow"": 0}",independent_head_argmax,4,4,4,event_head_prepare,"[true, false, true, true, true]",False,"[0.182101, 0.0, 0.13039, 0.114762, 0.572747]",-0.557311,-0.557311,True
frozen_check,sa_ghmappo,17,frozen_check_02,3,"{""event"": [0.05394934117794037, 0.07528021931648254], ""fast"": [-0.05060894042253494, 0.008811481297016144], ""slow"": [0.2250497043132782, -0.038465507328510284, -0.33514684438705444]}","{""event"": [0.494668, 0.505333], ""fast"": [0.485149, 0.514851], ""slow"": [0.427452, 0.328431, 0.244117]}","{""event"": 1, ""fast"": 1, ""slow"": 0}",independent_head_argmax,4,4,4,event_head_prepare,"[true, false, true, true, true]",False,"[0.184777, 0.0, 0.123815, 0.116672, 0.574736]",-0.553845,-0.553845,True
frozen_check,sa_ghmappo,17,frozen_check_02,4,"{""event"": [0.05308511108160019, 0.06316115707159042], ""fast"": [0.0868927538394928, -0.028238892555236816], ""slow"": [0.28032931685447693, -0.037492334842681885, -0.4008951187133789]}","{""event"": [0.497481, 0.502519], ""fast"": [0.528751, 0.471249], ""slow"": [0.447682, 0.325793, 0.226526]}","{""event"": 1, ""fast"": 0, ""slow"": 0}",independent_head_argmax,4,4,4,event_head_prepare,"[true, true, true, true, true]",False,"[0.162076, 0.112692, 0.104953, 0.11776, 0.502519]",-0.688122,-0.688122,True
frozen_check,sa_ghmappo,17,frozen_check_02,5,"{""event"": [0.048774801194667816, 0.0767391100525856], ""fast"": [-0.06362458318471909, 0.007557027041912079], ""slow"": [0.2199150025844574, -0.036677539348602295, -0.3272036910057068]}","{""event"": [0.493009, 0.506991], ""fast"": [0.482212, 0.517788], ""slow"": [0.425116, 0.328905, 0.245978]}","{""event"": 1, ""fast"": 1, ""slow"": 0}",independent_head_argmax,4,4,4,event_head_prepare,"[true, false, true, true, true]",False,"[0.184531, 0.0, 0.123498, 0.115013, 0.576958]",-0.549986,-0.549986,True
frozen_check,sa_ghmappo,17,frozen_check_02,6,"{""event"": [0.05210884287953377, 0.06733705848455429], ""fast"": [-0.014715291559696198, 0.028457365930080414], ""slow"": [0.26267799735069275, -0.04725711792707443, -0.3785955011844635]}","{""event"": [0.496193, 0.503807], ""fast"": [0.489209, 0.510791], ""slow"": [0.442455, 0.324538, 0.233006]}","{""event"": 1, ""fast"": 1, ""slow"": 0}",independent_head_argmax,4,4,4,event_head_prepare,"[true, false, true, true, true]",False,"[0.182086, 0.0, 0.126801, 0.121443, 0.56967]",-0.562698,-0.562698,True
frozen_check,sa_ghmappo,17,frozen_check_02,7,"{""event"": [0.0555911585688591, 0.08027759939432144], ""fast"": [-0.05138872563838959, 0.10363975912332535], ""slow"": [0.23007461428642273, -0.057840898633003235, -0.3083241581916809]}","{""event"": [0.493829, 0.506171], ""fast"": [0.46132, 0.53868], ""slow"": [0.42854, 0.32133, 0.250131]}","{""event"": 1, ""fast"": 1, ""slow"": 0}",independent_head_argmax,4,4,4,event_head_prepare,"[true, true, true, true, true]",False,"[0.158682, 0.123522, 0.113998, 0.097627, 0.506171]",-0.68088,-0.68088,True
frozen_check,sa_ghmappo,17,frozen_check_02,8,"{""event"": [0.04065769910812378, 0.09329719096422195], ""fast"": [-0.030607573688030243, 0.08553830534219742], ""slow"": [0.18812188506126404, -0.0642218142747879, -0.22527307271957397]}","{""event"": [0.486843, 0.513157], ""fast"": [0.470996, 0.529004], ""slow"": [0.410109, 0.318645, 0.271246]}","{""event"": 1, ""fast"": 1, ""slow"": 0}",independent_head_argmax,4,0,0,slow_head_cache_fill,"[true, false, true, true, false]",True,"[0.437247, 0.0, 0.297699, 0.265055, 0.0]",-0.827258,-0.827258,True
frozen_check,sa_ghmappo,17,frozen_check_03,0,"{""event"": [0.04421425610780716, 0.07458481192588806], ""fast"": [-0.03814631700515747, 0.011368788778781891], ""slow"": [0.297076553106308, -0.006633006036281586, -0.4896877408027649]}","{""event"": [0.492408, 0.507592], ""fast"": [0.487624, 0.512376], ""slow"": [0.455915, 0.3365, 0.207585]}","{""event"": 1, ""fast"": 1, ""slow"": 0}",independent_head_argmax,4,4,4,event_head_prepare,"[true, true, true, true, true]",False,"[0.165695, 0.102217, 0.115027, 0.10947, 0.507592]",-0.678077,-0.678077,True
frozen_check,sa_ghmappo,17,frozen_check_03,1,"{""event"": [0.047353848814964294, 0.07934992760419846], ""fast"": [0.20055636763572693, -0.22648268938064575], ""slow"": [0.28890854120254517, 0.021727832034230232, -0.5236592888832092]}","{""event"": [0.492002, 0.507998], ""fast"": [0.605166, 0.394834], ""slow"": [0.452642, 0.346513, 0.200845]}","{""event"": 1, ""fast"": 0, ""slow"": 0}",independent_head_argmax,4,4,4,event_head_prepare,"[true, false, true, true, true]",False,"[0.189179, 0.0, 0.097571, 0.149549, 0.563701]",-0.573231,-0.573231,True
frozen_check,sa_ghmappo,17,frozen_check_03,2,"{""event"": [0.04473792016506195, 0.07921095192432404], ""fast"": [0.1789269745349884, -0.2375563085079193], ""slow"": [0.3188712000846863, 0.016853345558047295, -0.5821812152862549]}","{""event"": [0.491383, 0.508617], ""fast"": [0.602641, 0.397359], ""slow"": [0.466099, 0.344599, 0.189302]}","{""event"": 1, ""fast"": 0, ""slow"": 0}",independent_head_argmax,4,4,4,event_head_prepare,"[true, false, true, true, true]",False,"[0.186696, 0.0, 0.100342, 0.152181, 0.560781]",-0.578425,-0.578425,True
frozen_check,sa_ghmappo,17,frozen_check_03,3,"{""event"": [0.03906852379441261, 0.07899616658687592], ""fast"": [0.16037869453430176, -0.21721875667572021], ""slow"": [0.310756653547287, 0.017671959474682808, -0.5759083032608032]}","{""event"": [0.490019, 0.509981], ""fast"": [0.593294, 0.406707], ""slow"": [0.463395, 0.345674, 0.190931]}","{""event"": 1, ""fast"": 0, ""slow"": 0}",independent_head_argmax,4,4,4,event_head_prepare,"[true, false, true, true, true]",False,"[0.18687, 0.0, 0.101884, 0.148626, 0.562619]",-0.575152,-0.575152,True
frozen_check,sa_ghmappo,17,frozen_check_03,4,"{""event"": [0.05848122760653496, 0.0835772231221199], ""fast"": [0.013212844729423523, -0.08516054600477219], ""slow"": [0.3042265772819519, -0.005540929734706879, -0.4778996706008911]}","{""event"": [0.493726, 0.506274], ""fast"": [0.524574, 0.475426], ""slow"": [0.456402, 0.334825, 0.208773]}","{""event"": 1, ""fast"": 0, ""slow"": 0}",independent_head_argmax,4,4,4,event_head_prepare,"[true, true, true, true, true]",False,"[0.165312, 0.103077, 0.107132, 0.118206, 0.506274]",-0.680678,-0.680678,True
frozen_check,sa_ghmappo,17,frozen_check_03,5,"{""event"": [0.05853830277919769, 0.09884899109601974], ""fast"": [-0.18182243406772614, 0.15318146347999573], ""slow"": [0.2706442177295685, -0.04925365000963211, -0.34079986810684204]}","{""event"": [0.489924, 0.510076], ""fast"": [0.417024, 0.582976], ""slow"": [0.440764, 0.320093, 0.239144]}","{""event"": 1, ""fast"": 1, ""slow"": 0}",independent_head_argmax,4,4,4,event_head_prepare,"[true, true, true, true, true]",False,"[0.156821, 0.117162, 0.125888, 0.090052, 0.510076]",-0.673195,-0.673195,True
frozen_check,sa_ghmappo,17,frozen_check_03,6,"{""event"": [0.05951026454567909, 0.06512825936079025], ""fast"": [0.06738004088401794, -0.018806561827659607], ""slow"": [0.2871420681476593, -0.022171352058649063, -0.43516334891319275]}","{""event"": [0.498596, 0.501405], ""fast"": [0.521533, 0.478467], ""slow"": [0.450535, 0.330671, 0.218794]}","{""event"": 1, ""fast"": 0, ""slow"": 0}",independent_head_argmax,4,4,4,event_head_prepare,"[true, false, true, true, true]",False,"[0.185059, 0.0, 0.120641, 0.1315, 0.5628]",-0.574831,-0.574831,True
frozen_check,sa_ghmappo,17,frozen_check_03,7,"{""event"": [0.047106269747018814, 0.06838718801736832], ""fast"": [0.16079962253570557, -0.15509237349033356], ""slow"": [0.2938680350780487, 0.0077806077897548676, -0.5106361508369446]}","{""event"": [0.49468, 0.50532], ""fast"": [0.578323, 0.421677], ""slow"": [0.454854, 0.341685, 0.203461]}","{""event"": 1, ""fast"": 0, ""slow"": 0}",independent_head_argmax,4,4,4,event_head_prepare,"[true, false, true, true, true]",False,"[0.187941, 0.0, 0.105499, 0.14469, 0.561871]",-0.576483,-0.576483,True
frozen_check,sa_ghmappo,17,frozen_check_03,8,"{""event"": [0.04779693856835365, 0.08241075277328491], ""fast"": [0.18714579939842224, -0.2195623219013214], ""slow"": [0.32128265500068665, 0.0017364118248224258, -0.5583671927452087]}","{""event"": [0.491347, 0.508653], ""fast"": [0.600298, 0.399702], ""slow"": [0.466983, 0.339253, 0.193764]}","{""event"": 1, ""fast"": 0, ""slow"": 0}",independent_head_argmax,4,4,4,event_head_prepare,"[true, false, true, true, true]",False,"[0.184231, 0.0, 0.101362, 0.152232, 0.562175]",-0.575943,-0.575943,True
frozen_check,sa_ghmappo,17,frozen_check_04,0,"{""event"": [0.05825947970151901, 0.037611354142427444], ""fast"": [-0.06860717386007309, 0.08253175765275955], ""slow"": [0.30953845381736755, -0.015572121366858482, -0.46652281284332275]}","{""event"": [0.505162, 0.494838], ""fast"": [0.462287, 0.537713], ""slow"": [0.458156, 0.330994, 0.21085]}","{""event"": 0, ""fast"": 1, ""slow"": 0}",independent_head_argmax,2,2,2,fast_head_vehicle_fallback,"[true, true, true, true, true]",False,"[0.167205, 0.106514, 0.12445, 0.106993, 0.494838]",-2.083852,-2.083852,True
frozen_check,sa_ghmappo,17,frozen_check_04,1,"{""event"": [0.05400999262928963, 0.04900946095585823], ""fast"": [0.15633955597877502, -0.15581239759922028], ""slow"": [0.2983150780200958, 0.01239091344177723, -0.4997897744178772]}","{""event"": [0.50125, 0.49875], ""fast"": [0.57741, 0.42259], ""slow"": [0.454236, 0.341276, 0.204488]}","{""event"": 0, ""fast"": 0, ""slow"": 0}",independent_head_argmax,3,3,3,fast_head_steady_offload,"[true, false, true, true, true]",False,"[0.190601, 0.0, 0.107206, 0.146483, 0.55571]",-1.920849,-1.920849,True
frozen_check,sa_ghmappo,17,frozen_check_04,2,"{""event"": [0.05356702208518982, 0.04146527498960495], ""fast"": [0.09373146295547485, -0.08617295324802399], ""slow"": [0.3216226398944855, 0.003949930891394615, -0.5452930331230164]}","{""event"": [0.503025, 0.496975], ""fast"": [0.544855, 0.455145], ""slow"": [0.465531, 0.338832, 0.195637]}","{""event"": 0, ""fast"": 0, ""slow"": 0}",independent_head_argmax,3,3,3,fast_head_steady_offload,"[true, false, true, true, true]",False,"[0.189045, 0.0, 0.118217, 0.141518, 0.55122]",-1.955331,-1.955331,True
frozen_check,sa_ghmappo,17,frozen_check_04,3,"{""event"": [0.050271645188331604, 0.05780857428908348], ""fast"": [0.1207989901304245, -0.16306400299072266], ""slow"": [0.32434508204460144, 0.011269858106970787, -0.562144935131073]}","{""event"": [0.498116, 0.501884], ""fast"": [0.570493, 0.429507], ""slow"": [0.466571, 0.341155, 0.192274]}","{""event"": 1, ""fast"": 0, ""slow"": 0}",independent_head_argmax,4,4,4,event_head_prepare,"[true, false, true, true, true]",False,"[0.187934, 0.0, 0.110393, 0.14663, 0.555043]",-0.588709,-0.588709,True
frozen_check,sa_ghmappo,17,frozen_check_04,4,"{""event"": [0.06727292388677597, 0.03746243938803673], ""fast"": [0.08984936773777008, -0.058489687740802765], ""slow"": [0.3263804614543915, -0.014194522053003311, -0.48352354764938354]}","{""event"": [0.507452, 0.492548], ""fast"": [0.537017, 0.462983], ""slow"": [0.463766, 0.329905, 0.20633]}","{""event"": 0, ""fast"": 0, ""slow"": 0}",independent_head_argmax,3,3,3,fast_head_steady_offload,"[true, true, true, true, true]",False,"[0.167411, 0.104702, 0.108958, 0.126381, 0.492548]",-2.068455,-2.068455,True
frozen_check,sa_ghmappo,17,frozen_check_04,5,"{""event"": [0.05246290937066078, 0.05032670870423317], ""fast"": [-0.07870946824550629, 0.08375956863164902], ""slow"": [0.26190322637557983, -0.011452777311205864, -0.39079684019088745]}","{""event"": [0.500534, 0.499466], ""fast"": [0.459472, 0.540528], ""slow"": [0.438316, 0.33348, 0.228204]}","{""event"": 0, ""fast"": 1, ""slow"": 0}",independent_head_argmax,2,2,2,fast_head_vehicle_fallback,"[true, false, true, true, true]",False,"[0.188443, 0.0, 0.13388, 0.113804, 0.563874]",-2.010813,-2.010813,True
frozen_check,sa_ghmappo,17,frozen_check_04,6,"{""event"": [0.06706219911575317, 0.04374904930591583], ""fast"": [0.02543751895427704, -0.009376496076583862], ""slow"": [0.30183181166648865, -0.018062204122543335, -0.44451993703842163]}","{""event"": [0.505828, 0.494172], ""fast"": [0.508703, 0.491297], ""slow"": [0.45448, 0.330055, 0.215466]}","{""event"": 0, ""fast"": 0, ""slow"": 0}",independent_head_argmax,3,3,3,fast_head_steady_offload,"[true, false, true, true, true]",False,"[0.187372, 0.0, 0.126759, 0.13125, 0.554619]",-2.030654,-2.030654,True
frozen_check,sa_ghmappo,17,frozen_check_04,7,"{""event"": [0.05852808803319931, 0.04843832552433014], ""fast"": [0.18933483958244324, -0.20389467477798462], ""slow"": [0.3024198114871979, 0.016526946797966957, -0.5131051540374756]}","{""event"": [0.502522, 0.497478], ""fast"": [0.59706, 0.40294], ""slow"": [0.45584, 0.342493, 0.201667]}","{""event"": 0, ""fast"": 0, ""slow"": 0}",independent_head_argmax,3,3,3,fast_head_steady_offload,"[true, false, true, true, true]",False,"[0.191519, 0.0, 0.10271, 0.152192, 0.553578]",-1.882612,-1.882612,True
frozen_check,sa_ghmappo,17,frozen_check_04,8,"{""event"": [0.05848824605345726, 0.04674015939235687], ""fast"": [0.11739753186702728, -0.134739488363266], ""slow"": [0.3233092129230499, 0.0001627318561077118, -0.5402448177337646]}","{""event"": [0.502937, 0.497063], ""fast"": [0.562702, 0.437298], ""slow"": [0.466086, 0.337384, 0.19653]}","{""event"": 0, ""fast"": 0, ""slow"": 0}",independent_head_argmax,3,3,3,fast_head_steady_offload,"[true, false, true, true, true]",False,"[0.188295, 0.0, 0.113751, 0.146372, 0.551583]",-1.921606,-1.921606,True
frozen_check,sa_ghmappo,17,frozen_check_04,9,"{""event"": [0.04810402914881706, 0.06626056879758835], ""fast"": [0.16090735793113708, -0.1817018985748291], ""slow"": [0.318501740694046, -0.0004791487008333206, -0.5414982438087463]}","{""event"": [0.495461, 0.504539], ""fast"": [0.584824, 0.415176], ""slow"": [0.465105, 0.33808, 0.196815]}","{""event"": 1, ""fast"": 0, ""slow"": 0}",independent_head_argmax,4,4,4,event_head_prepare,"[true, false, true, true, true]",False,"[0.185605, 0.0, 0.106011, 0.149329, 0.559055]",-0.581508,-0.581508,True
frozen_check,sa_ghmappo,17,frozen_check_05,0,"{""event"": [0.06064515933394432, 0.06449797749519348], ""fast"": [-0.2129792869091034, 0.18506357073783875], ""slow"": [0.26917871832847595, -0.02977568842470646, -0.37506401538848877]}","{""event"": [0.499037, 0.500963], ""fast"": [0.401783, 0.598217], ""slow"": [0.441179, 0.327175, 0.231645]}","{""event"": 1, ""fast"": 1, ""slow"": 0}",independent_head_argmax,4,4,4,event_head_prepare,"[true, true, true, true, true]",False,"[0.163273, 0.1156, 0.131706, 0.088458, 0.500963]",-0.691223,-0.691223,True
frozen_check,sa_ghmappo,17,frozen_check_05,1,"{""event"": [0.04150461032986641, 0.061130132526159286], ""fast"": [0.007747240364551544, -0.06844399124383926], ""slow"": [0.26738178730010986, 0.015696173533797264, -0.5031951665878296]}","{""event"": [0.495094, 0.504906], ""fast"": [0.519039, 0.480961], ""slow"": [0.446382, 0.347057, 0.206561]}","{""event"": 1, ""fast"": 0, ""slow"": 0}",independent_head_argmax,4,4,4,event_head_prepare,"[true, false, true, true, true]",False,"[0.1914, 0.0, 0.118401, 0.127775, 0.562424]",-0.5755,-0.5755,True
frozen_check,sa_ghmappo,17,frozen_check_05,2,"{""event"": [0.051421113312244415, 0.053278177976608276], ""fast"": [-0.04772668331861496, -0.012392066419124603], ""slow"": [0.3095490038394928, 0.0027991924434900284, -0.5271134972572327]}","{""event"": [0.499536, 0.500464], ""fast"": [0.491167, 0.508833], ""slow"": [0.461044, 0.339253, 0.199703]}","{""event"": 1, ""fast"": 1, ""slow"": 0}",independent_head_argmax,4,4,4,event_head_prepare,"[true, true, true, true, true]",False,"[0.169469, 0.099759, 0.117188, 0.11312, 0.500464]",-0.692219,-0.692219,True
frozen_check,sa_ghmappo,17,frozen_check_05,3,"{""event"": [0.03797939047217369, 0.06439424306154251], ""fast"": [0.039584219455718994, -0.08840577304363251], ""slow"": [0.31091490387916565, 0.00920555368065834, -0.5667662024497986]}","{""event"": [0.493397, 0.506603], ""fast"": [0.531954, 0.468046], ""slow"": [0.463973, 0.343132, 0.192895]}","{""event"": 1, ""fast"": 0, ""slow"": 0}",independent_head_argmax,4,4,4,event_head_prepare,"[true, false, true, true, true]",False,"[0.187108, 0.0, 0.118416, 0.134585, 0.55989]",-0.580015,-0.580015,True
frozen_check,sa_ghmappo,17,frozen_check_05,4,"{""event"": [0.056083064526319504, 0.05584800988435745], ""fast"": [-0.04688698798418045, 0.004551135003566742], ""slow"": [0.31249192357063293, -0.0021364782005548477, -0.5201550126075745]}","{""event"": [0.500059, 0.499941], ""fast"": [0.487143, 0.512857], ""slow"": [0.461903, 0.337217, 0.20088]}","{""event"": 0, ""fast"": 1, ""slow"": 0}",independent_head_argmax,2,2,2,fast_head_vehicle_fallback,"[true, true, true, true, true]",False,"[0.168628, 0.100452, 0.118459, 0.11252, 0.499941]",-2.133189,-2.133189,True
frozen_check,sa_ghmappo,17,frozen_check_05,5,"{""event"": [0.047978051006793976, 0.06872919201850891], ""fast"": [0.12975585460662842, -0.16122028231620789], ""slow"": [0.3189754784107208, 0.002712136134505272, -0.5544900298118591]}","{""event"": [0.494812, 0.505188], ""fast"": [0.572235, 0.427765], ""slow"": [0.465903, 0.339582, 0.194515]}","{""event"": 1, ""fast"": 0, ""slow"": 0}",independent_head_argmax,4,4,4,event_head_prepare,"[true, false, true, true, true]",False,"[0.185924, 0.0, 0.109117, 0.145969, 0.55899]",-0.581624,-0.581624,True
frozen_check,sa_ghmappo,17,frozen_check_05,6,"{""event"": [0.05376528576016426, 0.07324729114770889], ""fast"": [0.12056238949298859, -0.1842578649520874], ""slow"": [0.32617029547691345, 0.0026242006570100784, -0.5594039559364319]}","{""event"": [0.49513, 0.50487], ""fast"": [0.57562, 0.42438], ""slow"": [0.468153, 0.338745, 0.193102]}","{""event"": 1, ""fast"": 0, ""slow"": 0}",independent_head_argmax,4,4,4,event_head_prepare,"[true, false, true, true, true]",False,"[0.185454, 0.0, 0.108769, 0.147532, 0.558244]",-0.582958,-0.582958,True
frozen_check,sa_ghmappo,17,frozen_check_05,7,"{""event"": [0.045234277844429016, 0.06650250405073166], ""fast"": [0.12669683992862701, -0.18079841136932373], ""slow"": [0.32632890343666077, 0.004183907061815262, -0.5635548233985901]}","{""event"": [0.494683, 0.505317], ""fast"": [0.576274, 0.423726], ""slow"": [0.468319, 0.339341, 0.19234]}","{""event"": 1, ""fast"": 0, ""slow"": 0}",independent_head_argmax,4,4,4,event_head_prepare,"[true, false, true, true, true]",False,"[0.185518, 0.0, 0.108487, 0.147543, 0.558452]",-0.582586,-0.582586,True
frozen_check,sa_ghmappo,17,frozen_check_05,8,"{""event"": [0.05121159926056862, 0.08219470083713531], ""fast"": [0.17381501197814941, -0.19780904054641724], ""slow"": [0.32742851972579956, -0.0050432514399290085, -0.5531765818595886]}","{""event"": [0.492255, 0.507745], ""fast"": [0.591851, 0.408149], ""slow"": [0.469113, 0.336424, 0.194462]}","{""event"": 1, ""fast"": 0, ""slow"": 0}",independent_head_argmax,4,4,4,event_head_prepare,"[true, false, true, true, true]",False,"[0.183137, 0.0, 0.104228, 0.15114, 0.561494]",-0.577154,-0.577154,True
frozen_check,sa_ghmappo,17,frozen_check_06,0,"{""event"": [0.04885955899953842, 0.06612034887075424], ""fast"": [-0.07604566216468811, 0.03602512925863266], ""slow"": [0.26503878831863403, -0.028589973226189613, -0.40645426511764526]}","{""event"": [0.495685, 0.504315], ""fast"": [0.472012, 0.527988], ""slow"": [0.443165, 0.330403, 0.226433]}","{""event"": 1, ""fast"": 1, ""slow"": 0}",independent_head_argmax,4,4,4,event_head_prepare,"[true, true, true, true, true]",False,"[0.163776, 0.112239, 0.115983, 0.103687, 0.504315]",-0.684554,-0.684554,True
frozen_check,sa_ghmappo,17,frozen_check_06,1,"{""event"": [0.04714283347129822, 0.10122067481279373], ""fast"": [-0.11548835039138794, 0.12419209629297256], ""slow"": [0.24247294664382935, -0.05044258385896683, -0.344086617231369]}","{""event"": [0.486484, 0.513516], ""fast"": [0.440365, 0.559635], ""slow"": [0.434344, 0.324058, 0.241598]}","{""event"": 1, ""fast"": 1, ""slow"": 0}",independent_head_argmax,4,4,4,event_head_prepare,"[true, true, true, true, true]",False,"[0.157649, 0.117534, 0.118252, 0.09305, 0.513516]",-0.666474,-0.666474,True
frozen_check,sa_ghmappo,17,frozen_check_06,2,"{""event"": [0.051028426736593246, 0.06653420627117157], ""fast"": [-0.0027641281485557556, 0.05265942960977554], ""slow"": [0.26677650213241577, -0.04631740599870682, -0.3900354504585266]}","{""event"": [0.496124, 0.503876], ""fast"": [0.486148, 0.513852], ""slow"": [0.444507, 0.325015, 0.230478]}","{""event"": 1, ""fast"": 1, ""slow"": 0}",independent_head_argmax,4,4,4,event_head_prepare,"[true, false, true, true, true]",False,"[0.182066, 0.0, 0.127951, 0.121052, 0.568931]",-0.563996,-0.563996,True
frozen_check,sa_ghmappo,17,frozen_check_06,3,"{""event"": [0.05431852862238884, 0.09015031903982162], ""fast"": [-0.13568849861621857, 0.15231657028198242], ""slow"": [0.23065677285194397, -0.052112430334091187, -0.29871442914009094]}","{""event"": [0.491043, 0.508957], ""fast"": [0.428492, 0.571508], ""slow"": [0.426864, 0.321724, 0.251412]}","{""event"": 1, ""fast"": 1, ""slow"": 0}",independent_head_argmax,4,4,4,event_head_prepare,"[true, true, true, true, true]",False,"[0.15798, 0.123454, 0.119793, 0.089816, 0.508957]",-0.675392,-0.675392,True
frozen_check,sa_ghmappo,17,frozen_check_06,4,"{""event"": [0.06105168163776398, 0.08069755136966705], ""fast"": [-0.08762902021408081, 0.08144300431013107], ""slow"": [0.24905350804328918, -0.04863010346889496, -0.3414837121963501]}","{""event"": [0.495089, 0.504911], ""fast"": [0.457832, 0.542168], ""slow"": [0.435433, 0.323325, 0.241243]}","{""event"": 1, ""fast"": 1, ""slow"": 0}",independent_head_argmax,4,4,4,event_head_prepare,"[true, false, true, true, true]",False,"[0.181786, 0.0, 0.132732, 0.112086, 0.573396]",-0.556179,-0.556179,True
frozen_check,sa_ghmappo,17,frozen_check_06,5,"{""event"": [0.04153498262166977, 0.07661514729261398], ""fast"": [-0.061620600521564484, 0.03587237745523453], ""slow"": [0.22686830163002014, -0.041462235152721405, -0.32974448800086975]}","{""event"": [0.491231, 0.508769], ""fast"": [0.475646, 0.524354], ""slow"": [0.427752, 0.327083, 0.245165]}","{""event"": 1, ""fast"": 1, ""slow"": 0}",independent_head_argmax,4,4,4,event_head_prepare,"[true, false, true, true, true]",False,"[0.182673, 0.0, 0.125266, 0.11363, 0.578431]",-0.547436,-0.547436,True
frozen_check,sa_ghmappo,17,frozen_check_06,6,"{""event"": [0.05418902263045311, 0.0626496970653534], ""fast"": [0.06839802861213684, -0.03602593392133713], ""slow"": [0.28253135085105896, -0.034491926431655884, -0.4056076407432556]}","{""event"": [0.497885, 0.502115], ""fast"": [0.526082, 0.473918], ""slow"": [0.448265, 0.326477, 0.225258]}","{""event"": 1, ""fast"": 0, ""slow"": 0}",independent_head_argmax,4,4,4,event_head_prepare,"[true, true, true, true, true]",False,"[0.162548, 0.112152, 0.105771, 0.117413, 0.502115]",-0.688926,-0.688926,True
frozen_check,sa_ghmappo,17,frozen_check_06,7,"{""event"": [0.05127880722284317, 0.0794667974114418], ""fast"": [0.15094396471977234, -0.2024042308330536], ""slow"": [0.25502198934555054, -0.015350738540291786, -0.4295269250869751]}","{""event"": [0.492953, 0.507047], ""fast"": [0.587429, 0.412571], ""slow"": [0.441031, 0.336549, 0.22242]}","{""event"": 1, ""fast"": 0, ""slow"": 0}",independent_head_argmax,4,4,4,event_head_prepare,"[true, false, true, true, true]",False,"[0.186333, 0.0, 0.100742, 0.143439, 0.569487]",-0.56302,-0.56302,True
frozen_check,sa_ghmappo,17,frozen_check_06,8,"{""event"": [0.055357426404953, 0.07020289450883865], ""fast"": [0.08338290452957153, -0.13456228375434875], ""slow"": [0.2826010286808014, -0.02495143748819828, -0.45559659600257874]}","{""event"": [0.496289, 0.503711], ""fast"": [0.554272, 0.445728], ""slow"": [0.451831, 0.332206, 0.215964]}","{""event"": 1, ""fast"": 0, ""slow"": 0}",independent_head_argmax,4,4,4,event_head_prepare,"[true, false, true, true, true]",False,"[0.184662, 0.0, 0.111948, 0.139209, 0.56418]",-0.572381,-0.572381,True
frozen_check,sa_ghmappo,17,frozen_check_06,9,"{""event"": [0.04007783159613609, 0.08373946696519852], ""fast"": [0.15456607937812805, -0.1613083928823471], ""slow"": [0.27071672677993774, -0.029058435931801796, -0.45165008306503296]}","{""event"": [0.489086, 0.510914], ""fast"": [0.578318, 0.421681], ""slow"": [0.449118, 0.33279, 0.218092]}","{""event"": 1, ""fast"": 0, ""slow"": 0}",independent_head_argmax,4,4,4,event_head_prepare,"[true, false, true, true, true]",False,"[0.182197, 0.0, 0.103685, 0.1422, 0.571918]",-0.55876,-0.55876,True
frozen_check,sa_ghmappo,17,frozen_check_07,0,"{""event"": [0.03988736495375633, 0.10151344537734985], ""fast"": [-0.11497633159160614, 0.11404222995042801], ""slow"": [0.23544436693191528, -0.05025941878557205, -0.329476922750473]}","{""event"": [0.484598, 0.515402], ""fast"": [0.442994, 0.557006], ""slow"": [0.431055, 0.323931, 0.245014]}","{""event"": 1, ""fast"": 1, ""slow"": 0}",independent_head_argmax,4,4,4,event_head_prepare,"[true, true, true, true, true]",False,"[0.156977, 0.118733, 0.116352, 0.092536, 0.515402]",-0.662809,-0.662809,True
frozen_check,sa_ghmappo,17,frozen_check_07,1,"{""event"": [0.036783844232559204, 0.11884340643882751], ""fast"": [-0.20102958381175995, 0.1955300271511078], ""slow"": [0.2307693362236023, -0.07179497182369232, -0.282757043838501]}","{""event"": [0.479497, 0.520503], ""fast"": [0.402139, 0.597861], ""slow"": [0.427844, 0.316143, 0.256014]}","{""event"": 1, ""fast"": 1, ""slow"": 0}",independent_head_argmax,4,4,4,event_head_prepare,"[true, true, true, true, true]",False,"[0.151589, 0.122758, 0.122651, 0.082499, 0.520503]",-0.652959,-0.652959,True
frozen_check,sa_ghmappo,17,frozen_check_07,2,"{""event"": [0.04520765319466591, 0.09860660880804062], ""fast"": [-0.21090906858444214, 0.23663830757141113], ""slow"": [0.272870808839798, -0.07231558859348297, -0.31429141759872437]}","{""event"": [0.486653, 0.513347], ""fast"": [0.389944, 0.610056], ""slow"": [0.441698, 0.312761, 0.245541]}","{""event"": 1, ""fast"": 1, ""slow"": 0}",independent_head_argmax,4,4,4,event_head_prepare,"[true, true, true, true, true]",False,"[0.152206, 0.119493, 0.131134, 0.08382, 0.513347]",-0.666804,-0.666804,True
frozen_check,sa_ghmappo,17,frozen_check_07,3,"{""event"": [0.03588392958045006, 0.11015140265226364], ""fast"": [-0.21277008950710297, 0.23393487930297852], ""slow"": [0.25117048621177673, -0.07512633502483368, -0.29187560081481934]}","{""event"": [0.481442, 0.518558], ""fast"": [0.390144, 0.609856], ""slow"": [0.434298, 0.313385, 0.252317]}","{""event"": 1, ""fast"": 1, ""slow"": 0}",independent_head_argmax,4,4,4,event_head_prepare,"[true, true, true, true, true]",False,"[0.150877, 0.121476, 0.127514, 0.081575, 0.518558]",-0.656703,-0.656703,True
frozen_check,sa_ghmappo,17,frozen_check_07,4,"{""event"": [0.05182695388793945, 0.08859355002641678], ""fast"": [-0.18378587067127228, 0.2113102376461029], ""slow"": [0.2668174207210541, -0.06928335130214691, -0.3189699649810791]}","{""event"": [0.490809, 0.509191], ""fast"": [0.402491, 0.597509], ""slow"": [0.440292, 0.314611, 0.245096]}","{""event"": 1, ""fast"": 1, ""slow"": 0}",independent_head_argmax,4,4,4,event_head_prepare,"[true, false, true, true, true]",False,"[0.17553, 0.0, 0.146778, 0.098872, 0.57882]",-0.546764,-0.546764,True
frozen_check,sa_ghmappo,17,frozen_check_07,5,"{""event"": [0.03982161357998848, 0.09069281071424484], ""fast"": [-0.11137605458498001, 0.14152920246124268], ""slow"": [0.2346687614917755, -0.052729010581970215, -0.3136136829853058]}","{""event"": [0.487285, 0.512715], ""fast"": [0.437109, 0.562891], ""slow"": [0.429525, 0.322235, 0.24824]}","{""event"": 1, ""fast"": 1, ""slow"": 0}",independent_head_argmax,4,4,4,event_head_prepare,"[true, false, true, true, true]",False,"[0.178628, 0.0, 0.134026, 0.104077, 0.583269]",-0.539106,-0.539106,True
frozen_check,sa_ghmappo,17,frozen_check_07,6,"{""event"": [0.04200635477900505, 0.10518191754817963], ""fast"": [-0.12169145047664642, 0.14927467703819275], ""slow"": [0.23401299118995667, -0.05511276423931122, -0.31081265211105347]}","{""event"": [0.484211, 0.515789], ""fast"": [0.43267, 0.56733], ""slow"": [0.429394, 0.321581, 0.249024]}","{""event"": 1, ""fast"": 1, ""slow"": 0}",independent_head_argmax,4,4,4,event_head_prepare,"[true, true, true, true, true]",False,"[0.155713, 0.12058, 0.117958, 0.08996, 0.515789]",-0.662058,-0.662058,True
frozen_check,sa_ghmappo,17,frozen_check_07,7,"{""event"": [0.03684428706765175, 0.11676058173179626], ""fast"": [-0.1831914782524109, 0.1736021637916565], ""slow"": [0.230228990316391, -0.06956043839454651, -0.2855396270751953]}","{""event"": [0.480032, 0.519968], ""fast"": [0.411736, 0.588264], ""slow"": [0.427713, 0.316924, 0.255363]}","{""event"": 1, ""fast"": 1, ""slow"": 0}",independent_head_argmax,4,4,4,event_head_prepare,"[true, true, true, true, true]",False,"[0.152134, 0.122582, 0.12078, 0.084536, 0.519968]",-0.653987,-0.653987,True
frozen_check,sa_ghmappo,17,frozen_check_07,8,"{""event"": [0.04557713866233826, 0.09571772068738937], ""fast"": [-0.13441264629364014, 0.2077300250530243], ""slow"": [0.27881312370300293, -0.0747997835278511, -0.31890255212783813]}","{""event"": [0.487467, 0.512533], ""fast"": [0.415289, 0.584711], ""slow"": [0.444008, 0.311758, 0.244234]}","{""event"": 1, ""fast"": 1, ""slow"": 0}",independent_head_argmax,4,4,4,event_head_prepare,"[true, true, true, true, true]",False,"[0.151972, 0.119056, 0.126554, 0.089885, 0.512532]",-0.668391,-0.668391,True
frozen_check,sa_ghmappo,17,frozen_check_07,9,"{""event"": [0.03576527535915375, 0.10766778141260147], ""fast"": [-0.13654668629169464, 0.20520636439323425], ""slow"": [0.2570781707763672, -0.0778932124376297, -0.29657718539237976]}","{""event"": [0.482032, 0.517968], ""fast"": [0.415384, 0.584616], ""slow"": [0.436642, 0.312356, 0.251002]}","{""event"": 1, ""fast"": 1, ""slow"": 0}",independent_head_argmax,4,4,4,event_head_prepare,"[true, true, true, true, true]",False,"[0.150566, 0.120991, 0.123048, 0.087428, 0.517968]",-0.657842,-0.657842,True
frozen_check,sa_ghmappo,17,frozen_check_07,10,"{""event"": [0.05508321151137352, 0.07924793660640717], ""fast"": [-0.13188357651233673, 0.21270743012428284], ""slow"": [0.277727872133255, -0.07572495937347412, -0.29944372177124023]}","{""event"": [0.493959, 0.506041], ""fast"": [0.414695, 0.585305], ""slow"": [0.441746, 0.31022, 0.248034]}","{""event"": 1, ""fast"": 1, ""slow"": 0}",independent_head_argmax,4,4,4,event_head_prepare,"[true, true, true, true, true]",False,"[0.153236, 0.122518, 0.127716, 0.090488, 0.506041]",-0.681138,-0.681138,True
frozen_check,sa_ghmappo,17,frozen_check_07,11,"{""event"": [0.04756076633930206, 0.08722836524248123], ""fast"": [0.14095064997673035, -0.1570439636707306], ""slow"": [0.25213196873664856, -0.008625363931059837, -0.4390808343887329]}","{""event"": [0.490084, 0.509916], ""fast"": [0.573952, 0.426048], ""slow"": [0.44025, 0.339199, 0.220551]}","{""event"": 1, ""fast"": 0, ""slow"": 0}",independent_head_argmax,4,4,4,event_head_prepare,"[true, false, true, true, true]",False,"[0.186382, 0.0, 0.103064, 0.138843, 0.571711]",-0.559121,-0.559121,True
frozen_check,sa_ghmappo,17,frozen_check_07,12,"{""event"": [0.050426166504621506, 0.09635203331708908], ""fast"": [0.008064806461334229, -0.052608370780944824], ""slow"": [0.2633940875530243, -0.024372735992074013, -0.412242591381073]}","{""event"": [0.488521, 0.511479], ""fast"": [0.515164, 0.484836], ""slow"": [0.442719, 0.332011, 0.22527]}","{""event"": 1, ""fast"": 0, ""slow"": 0}",independent_head_argmax,4,4,4,event_head_prepare,"[true, true, true, true, true]",False,"[0.162194, 0.110049, 0.104859, 0.111418, 0.511479]",-0.670448,-0.670448,True
frozen_check,sa_ghmappo,17,frozen_check_07,13,"{""event"": [0.04199599474668503, 0.10785606503486633], ""fast"": [-0.1674146056175232, 0.1756497621536255], ""slow"": [0.24446401000022888, -0.07210418581962585, -0.2938063144683838]}","{""event"": [0.483541, 0.516459], ""fast"": [0.415065, 0.584935], ""slow"": [0.432451, 0.315103, 0.252446]}","{""event"": 1, ""fast"": 1, ""slow"": 0}",independent_head_argmax,4,4,4,event_head_prepare,"[true, true, true, true, true]",False,"[0.152365, 0.122068, 0.122314, 0.086793, 0.516459]",-0.660759,-0.660759,True
frozen_check,sa_ghmappo,17,frozen_check_07,14,"{""event"": [0.045632753521203995, 0.09646202623844147], ""fast"": [-0.14209073781967163, 0.2115231156349182], ""slow"": [0.28233036398887634, -0.07517919689416885, -0.3179386258125305]}","{""event"": [0.487295, 0.512705], ""fast"": [0.412506, 0.587494], ""slow"": [0.444824, 0.311117, 0.244059]}","{""event"": 1, ""fast"": 1, ""slow"": 0}",independent_head_argmax,4,4,4,event_head_prepare,"[true, true, true, true, true]",False,"[0.151606, 0.118929, 0.127346, 0.089415, 0.512705]",-0.668055,-0.668055,True
frozen_check,sa_ghmappo,17,frozen_check_07,15,"{""event"": [0.03582474961876869, 0.10862819105386734], ""fast"": [-0.14431221783161163, 0.2086956799030304], ""slow"": [0.26058635115623474, -0.07771741598844528, -0.29613038897514343]}","{""event"": [0.481807, 0.518193], ""fast"": [0.412653, 0.587347], ""slow"": [0.437433, 0.31188, 0.250687]}","{""event"": 1, ""fast"": 1, ""slow"": 0}",independent_head_argmax,4,4,4,event_head_prepare,"[true, true, true, true, true]",False,"[0.150266, 0.120783, 0.123788, 0.08697, 0.518193]",-0.657408,-0.657408,True
frozen_check,sa_ghmappo,17,frozen_check_07,16,"{""event"": [0.05704190582036972, 0.08228342235088348], ""fast"": [-0.024573303759098053, 0.0790424570441246], ""slow"": [0.2524045407772064, -0.05541565269231796, -0.3253752589225769]}","{""event"": [0.49369, 0.50631], ""fast"": [0.474119, 0.525881], ""slow"": [0.435504, 0.320116, 0.24438]}","{""event"": 1, ""fast"": 1, ""slow"": 0}",independent_head_argmax,4,4,4,event_head_prepare,"[true, false, true, true, true]",False,"[0.179721, 0.0, 0.128579, 0.115923, 0.575776]",-0.552036,-0.552036,True
frozen_check,sa_ghmappo,17,frozen_check_07,17,"{""event"": [0.04581442475318909, 0.08555115014314651], ""fast"": [0.12332525849342346, -0.12301185727119446], ""slow"": [0.2529714107513428, -0.013030918315052986, -0.4339529275894165]}","{""event"": [0.490067, 0.509933], ""fast"": [0.561275, 0.438725], ""slow"": [0.440614, 0.337703, 0.221682]}","{""event"": 1, ""fast"": 0, ""slow"": 0}",independent_head_argmax,4,4,4,event_head_prepare,"[true, false, true, true, true]",False,"[0.185668, 0.0, 0.10628, 0.135968, 0.572084]",-0.55847,-0.55847,True
frozen_check,sa_ghmappo,17,frozen_check_07,18,"{""event"": [0.03913665562868118, 0.10400264710187912], ""fast"": [-0.011597037315368652, -0.03494610637426376], ""slow"": [0.20918580889701843, -0.03181251883506775, -0.31554171442985535]}","{""event"": [0.483789, 0.516211], ""fast"": [0.505837, 0.494163], ""slow"": [0.420599, 0.330525, 0.248876]}","{""event"": 1, ""fast"": 0, ""slow"": 0}",independent_head_argmax,4,0,0,slow_head_cache_fill,"[true, false, true, true, false]",True,"[0.44004, 0.0, 0.276711, 0.283248, 0.0]",-0.820889,-0.820889,True
frozen_check,sa_ghmappo,17,frozen_check_07,19,"{""event"": [0.04000115394592285, 0.09694463759660721], ""fast"": [-0.008887246251106262, -0.05346975103020668], ""slow"": [0.20841136574745178, -0.029033055528998375, -0.31479892134666443]}","{""event"": [0.485768, 0.514232], ""fast"": [0.511144, 0.488856], ""slow"": [0.419947, 0.331187, 0.248867]}","{""event"": 1, ""fast"": 0, ""slow"": 0}",independent_head_argmax,4,0,0,slow_head_cache_fill,"[true, false, true, true, false]",True,"[0.440916, 0.0, 0.273312, 0.285772, 0.0]",-0.8189,-0.8189,True
regression,sa_ghmappo,29,regression_00,0,"{""event"": [0.05723349004983902, 0.013189359568059444], ""fast"": [0.08446767181158066, -0.29850658774375916], ""slow"": [0.07256626337766647, -0.010868636891245842, -0.24864555895328522]}","{""event"": [0.511009, 0.488991], ""fast"": [0.59459, 0.40541], ""slow"": [0.37804, 0.347779, 0.274181]}","{""event"": 0, ""fast"": 0, ""slow"": 0}",independent_head_argmax,3,3,3,fast_head_steady_offload,"[true, true, true, true, true]",False,"[0.177718, 0.140109, 0.078318, 0.114864, 0.488991]",-2.164005,-2.164005,True
regression,sa_ghmappo,29,regression_00,1,"{""event"": [0.18643182516098022, -0.10819943249225616], ""fast"": [0.021621324121952057, -0.31772780418395996], ""slow"": [0.06223001331090927, 0.20128685235977173, -0.32155436277389526]}","{""event"": [0.57313, 0.42687], ""fast"": [0.584032, 0.415968], ""slow"": [0.353299, 0.406007, 0.240695]}","{""event"": 0, ""fast"": 0, ""slow"": 1}",independent_head_argmax,0,0,0,slow_head_cache_fill,"[true, true, true, true, true]",False,"[0.232695, 0.137949, 0.084228, 0.118258, 0.42687]",-1.458029,-1.458029,True
regression,sa_ghmappo,29,regression_00,2,"{""event"": [0.4355458617210388, -0.3205021619796753], ""fast"": [-0.012681666761636734, -0.23565062880516052], ""slow"": [0.07926753908395767, 0.7501350045204163, -0.5530717968940735]}","{""event"": [0.680495, 0.319505], ""fast"": [0.555512, 0.444488], ""slow"": [0.286756, 0.560876, 0.152367]}","{""event"": 0, ""fast"": 0, ""slow"": 1}",independent_head_argmax,0,0,0,slow_head_cache_fill,"[true, false, true, true, true]",False,"[0.425825, 0.0, 0.096769, 0.12094, 0.356465]",-0.853726,-0.853726,True
regression,sa_ghmappo,29,regression_00,3,"{""event"": [0.5070623755455017, -0.41279229521751404], ""fast"": [-0.037593208253383636, -0.18733346462249756], ""slow"": [0.06500773131847382, 0.7002245783805847, -0.5194387435913086]}","{""event"": [0.715012, 0.284988], ""fast"": [0.537365, 0.462635], ""slow"": [0.290289, 0.5479, 0.161811]}","{""event"": 0, ""fast"": 0, ""slow"": 1}",independent_head_argmax,0,0,0,slow_head_cache_fill,"[true, true, true, true, true]",False,"[0.391755, 0.115697, 0.096024, 0.111536, 0.284988]",-0.937117,-0.937117,True
regression,sa_ghmappo,29,regression_00,4,"{""event"": [0.4322747588157654, -0.3234988749027252], ""fast"": [0.09180629998445511, -0.4271455705165863], ""slow"": [0.07658417522907257, 0.7358011603355408, -0.5443880558013916]}","{""event"": [0.680435, 0.319565], ""fast"": [0.626903, 0.373097], ""slow"": [0.288126, 0.557028, 0.154845]}","{""event"": 0, ""fast"": 0, ""slow"": 1}",independent_head_argmax,0,0,0,slow_head_cache_fill,"[true, false, true, true, true]",False,"[0.42366, 0.0, 0.081761, 0.13738, 0.3572]",-0.858825,-0.858825,True
regression,sa_ghmappo,29,regression_01,0,"{""event"": [0.07816161960363388, -0.017266063019633293], ""fast"": [0.035936787724494934, -0.33965396881103516], ""slow"": [0.06560592353343964, 0.06327874958515167, -0.2655910551548004]}","{""event"": [0.523839, 0.476161], ""fast"": [0.592809, 0.407191], ""slow"": [0.368224, 0.367368, 0.264408]}","{""event"": 0, ""fast"": 0, ""slow"": 0}",independent_head_argmax,3,3,3,fast_head_steady_offload,"[true, true, true, true, true]",False,"[0.192442, 0.138507, 0.078543, 0.114347, 0.476161]",-2.168518,-2.168518,True
regression,sa_ghmappo,29,regression_01,1,"{""event"": [0.10925911366939545, -0.04491414129734039], ""fast"": [0.03266222029924393, -0.33027127385139465], ""slow"": [0.06244082748889923, 0.11551731824874878, -0.2852245569229126]}","{""event"": [0.538467, 0.461533], ""fast"": [0.58975, 0.41025], ""slow"": [0.362208, 0.381952, 0.25584]}","{""event"": 0, ""fast"": 0, ""slow"": 1}",independent_head_argmax,0,0,0,slow_head_cache_fill,"[true, true, true, true, true]",False,"[0.205669, 0.137762, 0.080014, 0.115023, 0.461533]",-1.581489,-1.581489,True
regression,sa_ghmappo,29,regression_01,2,"{""event"": [0.16952867805957794, -0.10096456855535507], ""fast"": [0.02550043910741806, -0.32210075855255127], ""slow"": [0.0591910183429718, 0.21060964465141296, -0.321727454662323]}","{""event"": [0.567214, 0.432786], ""fast"": [0.586036, 0.413964], ""slow"": [0.351282, 0.408711, 0.240008]}","{""event"": 0, ""fast"": 0, ""slow"": 1}",independent_head_argmax,0,0,0,slow_head_cache_fill,"[true, true, true, true, true]",False,"[0.231826, 0.136136, 0.082483, 0.116769, 0.432786]",-1.461766,-1.461766,True
regression,sa_ghmappo,29,regression_01,3,"{""event"": [0.28634393215179443, -0.19337007403373718], ""fast"": [-0.026179920881986618, -0.201771080493927], ""slow"": [0.060442790389060974, 0.4320077896118164, -0.4038354158401489]}","{""event"": [0.61768, 0.38232], ""fast"": [0.543785, 0.456215], ""slow"": [0.324824, 0.470995, 0.204181]}","{""event"": 0, ""fast"": 0, ""slow"": 1}",independent_head_argmax,0,0,0,slow_head_cache_fill,"[true, true, true, true, true]",False,"[0.290925, 0.126118, 0.091534, 0.109104, 0.38232]",-1.234691,-1.234691,True
regression,sa_ghmappo,29,regression_01,4,"{""event"": [0.0681149885058403, 0.028236547484993935], ""fast"": [0.0713580772280693, -0.32796695828437805], ""slow"": [0.07835358381271362, 0.2598631680011749, -0.3422110676765442]}","{""event"": [0.509968, 0.490032], ""fast"": [0.598525, 0.401475], ""slow"": [0.350177, 0.419871, 0.229953]}","{""event"": 0, ""fast"": 0, ""slow"": 1}",independent_head_argmax,0,0,0,slow_head_cache_fill,"[true, false, true, true, true]",False,"[0.242566, 0.0, 0.081219, 0.121083, 0.555131]",-1.416481,-1.416481,True
regression,sa_ghmappo,29,regression_01,5,"{""event"": [0.11483223736286163, -0.012451112270355225], ""fast"": [0.06839863210916519, -0.3189948797225952], ""slow"": [0.07419400662183762, 0.3306658864021301, -0.36597955226898193]}","{""event"": [0.531778, 0.468222], ""fast"": [0.595655, 0.404345], ""slow"": [0.340566, 0.440135, 0.219299]}","{""event"": 0, ""fast"": 0, ""slow"": 1}",independent_head_argmax,0,0,0,slow_head_cache_fill,"[true, false, true, true, true]",False,"[0.264952, 0.0, 0.082896, 0.122118, 0.530034]",-1.328205,-1.328205,True
regression,sa_ghmappo,29,regression_01,6,"{""event"": [0.018016379326581955, 0.06439924240112305], ""fast"": [0.13672122359275818, -0.4535713195800781], ""slow"": [0.07417324185371399, 0.17549574375152588, -0.3094038665294647]}","{""event"": [0.488406, 0.511594], ""fast"": [0.643432, 0.356568], ""slow"": [0.358673, 0.39692, 0.244407]}","{""event"": 1, ""fast"": 0, ""slow"": 1}",independent_head_argmax,4,4,4,event_head_prepare,"[true, false, true, true, true]",False,"[0.220136, 0.0, 0.07093, 0.127994, 0.58094]",-0.543107,-0.543107,True
regression,sa_ghmappo,29,regression_01,7,"{""event"": [0.01816982589662075, 0.08609665185213089], ""fast"": [0.1885049045085907, -0.5579556226730347], ""slow"": [0.0948728621006012, 0.16777612268924713, -0.3297923505306244]}","{""event"": [0.483025, 0.516975], ""fast"": [0.678407, 0.321593], ""slow"": [0.366352, 0.394058, 0.23959]}","{""event"": 1, ""fast"": 0, ""slow"": 1}",independent_head_argmax,4,4,4,event_head_prepare,"[true, false, true, true, true]",False,"[0.21525, 0.0, 0.064356, 0.13576, 0.584634]",-0.53677,-0.53677,True
regression,sa_ghmappo,29,regression_02,0,"{""event"": [0.12623931467533112, -0.061808910220861435], ""fast"": [0.044737301766872406, -0.3163905441761017], ""slow"": [0.06226489320397377, 0.15950274467468262, -0.3009697496891022]}","{""event"": [0.546874, 0.453126], ""fast"": [0.589313, 0.410687], ""slow"": [0.357456, 0.393961, 0.248583]}","{""event"": 0, ""fast"": 0, ""slow"": 1}",independent_head_argmax,0,0,0,slow_head_cache_fill,"[true, true, true, true, true]",False,"[0.215447, 0.135944, 0.080282, 0.115201, 0.453126]",-1.535041,-1.535041,True
regression,sa_ghmappo,29,regression_02,1,"{""event"": [0.381503164768219, -0.27882593870162964], ""fast"": [-0.06814834475517273, -0.24180738627910614], ""slow"": [0.06795764714479446, 0.6951429843902588, -0.5178223252296448]}","{""event"": [0.659334, 0.340666], ""fast"": [0.543306, 0.456694], ""slow"": [0.29163, 0.546028, 0.162342]}","{""event"": 0, ""fast"": 0, ""slow"": 1}",independent_head_argmax,0,0,0,slow_head_cache_fill,"[true, false, true, true, true]",False,"[0.403169, 0.0, 0.09834, 0.11699, 0.381501]",-0.908398,-0.908398,True
regression,sa_ghmappo,29,regression_02,2,"{""event"": [0.01692725345492363, 0.0889253169298172], ""fast"": [0.11335483938455582, -0.43092286586761475], ""slow"": [0.0840580016374588, 0.19183342158794403, -0.32482102513313293]}","{""event"": [0.482008, 0.517992], ""fast"": [0.632807, 0.367193], ""slow"": [0.359946, 0.400907, 0.239146]}","{""event"": 1, ""fast"": 0, ""slow"": 1}",independent_head_argmax,4,4,4,event_head_prepare,"[true, false, true, true, true]",False,"[0.218418, 0.0, 0.072007, 0.124095, 0.58548]",-0.535323,-0.535323,True
regression,sa_ghmappo,29,regression_02,3,"{""event"": [0.257920503616333, -0.14783991873264313], ""fast"": [0.09825458377599716, -0.4500334858894348], ""slow"": [0.06140877306461334, 0.5367982983589172, -0.4435039758682251]}","{""event"": [0.600071, 0.399929], ""fast"": [0.633738, 0.366262], ""slow"": [0.311313, 0.500791, 0.187896]}","{""event"": 0, ""fast"": 0, ""slow"": 1}",independent_head_argmax,0,0,0,slow_head_cache_fill,"[true, false, true, true, true]",False,"[0.338699, 0.0, 0.077116, 0.133433, 0.450752]",-1.082644,-1.082644,True
regression,sa_ghmappo,29,regression_02,4,"{""event"": [0.4446362555027008, -0.36022788286209106], ""fast"": [-0.039346106350421906, -0.20552068948745728], ""slow"": [0.06597371399402618, 0.6447699666023254, -0.4911162853240967]}","{""event"": [0.691014, 0.308986], ""fast"": [0.541448, 0.458552], ""slow"": [0.297906, 0.531431, 0.170663]}","{""event"": 0, ""fast"": 0, ""slow"": 1}",independent_head_argmax,0,0,0,slow_head_cache_fill,"[true, true, true, true, true]",False,"[0.367227, 0.11793, 0.094396, 0.111461, 0.308986]",-1.001776,-1.001776,True
regression,sa_ghmappo,29,regression_02,5,"{""event"": [0.3713794946670532, -0.25228387117385864], ""fast"": [-0.011209085583686829, -0.19688256084918976], ""slow"": [0.07396751642227173, 0.6863493323326111, -0.5188409090042114]}","{""event"": [0.651051, 0.348949], ""fast"": [0.546286, 0.453715], ""slow"": [0.294326, 0.542979, 0.162695]}","{""event"": 0, ""fast"": 0, ""slow"": 1}",independent_head_argmax,0,0,0,slow_head_cache_fill,"[true, false, true, true, true]",False,"[0.395388, 0.0, 0.097241, 0.117082, 0.390289]",-0.927889,-0.927889,True
regression,sa_ghmappo,29,regression_02,6,"{""event"": [-0.02304382063448429, 0.10960832983255386], ""fast"": [0.18302413821220398, -0.5657505393028259], ""slow"": [0.09438076615333557, 0.10439234972000122, -0.3073384463787079]}","{""event"": [0.466886, 0.533114], ""fast"": [0.678912, 0.321088], ""slow"": [0.373242, 0.376997, 0.249762]}","{""event"": 1, ""fast"": 0, ""slow"": 1}",independent_head_argmax,4,4,4,event_head_prepare,"[true, false, true, true, true]",False,"[0.199249, 0.0, 0.063339, 0.133925, 0.603487]",-0.505031,-0.505031,True
regression,sa_ghmappo,29,regression_03,0,"{""event"": [0.36476632952690125, -0.29543545842170715], ""fast"": [0.020203210413455963, -0.25119200348854065], ""slow"": [0.04716997221112251, 0.5171557068824768, -0.42929771542549133]}","{""event"": [0.659306, 0.340694], ""fast"": [0.567435, 0.432565], ""slow"": [0.310468, 0.49674, 0.192792]}","{""event"": 0, ""fast"": 0, ""slow"": 1}",independent_head_argmax,0,0,0,slow_head_cache_fill,"[true, false, true, true, false]",False,"[0.61538, 0.0, 0.166373, 0.218247, 0.0]",-0.485515,-0.485515,True
regression,sa_ghmappo,29,regression_03,1,"{""event"": [0.1668836921453476, -0.10440615564584732], ""fast"": [0.020686782896518707, -0.31054025888442993], ""slow"": [0.06726840883493423, 0.15038961172103882, -0.3060545325279236]}","{""event"": [0.56741, 0.43259], ""fast"": [0.582058, 0.417942], ""slow"": [0.360345, 0.391578, 0.248077]}","{""event"": 0, ""fast"": 0, ""slow"": 1}",independent_head_argmax,0,0,0,slow_head_cache_fill,"[true, true, true, true, true]",False,"[0.222185, 0.140761, 0.085454, 0.11901, 0.43259]",-1.504246,-1.504246,True
regression,sa_ghmappo,29,regression_03,2,"{""event"": [0.20867310464382172, -0.14159487187862396], ""fast"": [0.013595283031463623, -0.29973578453063965], ""slow"": [0.06487894058227539, 0.21644340455532074, -0.33311182260513306]}","{""event"": [0.586683, 0.413317], ""fast"": [0.577698, 0.422302], ""slow"": [0.352694, 0.410413, 0.236893]}","{""event"": 0, ""fast"": 0, ""slow"": 1}",independent_head_argmax,0,0,0,slow_head_cache_fill,"[true, true, true, true, true]",False,"[0.240782, 0.138981, 0.087382, 0.119537, 0.413317]",-1.423862,-1.423862,True
regression,sa_ghmappo,29,regression_03,3,"{""event"": [0.25399327278137207, -0.18708820641040802], ""fast"": [0.005315795540809631, -0.3143921196460724], ""slow"": [0.06478288769721985, 0.2838238477706909, -0.36065053939819336]}","{""event"": [0.608517, 0.391483], ""fast"": [0.579253, 0.420747], ""slow"": [0.345022, 0.429511, 0.225467]}","{""event"": 0, ""fast"": 0, ""slow"": 1}",independent_head_argmax,0,0,0,slow_head_cache_fill,"[true, true, true, true, true]",False,"[0.261365, 0.1372, 0.088336, 0.121615, 0.391483]",-1.341838,-1.341838,True
regression,sa_ghmappo,29,regression_03,4,"{""event"": [0.3944576680660248, -0.27664220333099365], ""fast"": [-0.037720195949077606, -0.15958556532859802], ""slow"": [0.07529517263174057, 0.6833741664886475, -0.5167803168296814]}","{""event"": [0.661749, 0.338251], ""fast"": [0.530429, 0.469571], ""slow"": [0.294979, 0.541846, 0.163176]}","{""event"": 0, ""fast"": 0, ""slow"": 1}",independent_head_argmax,0,0,0,slow_head_cache_fill,"[true, false, true, true, true]",False,"[0.401972, 0.0, 0.102757, 0.116075, 0.379197]",-0.911374,-0.911374,True
regression,sa_ghmappo,29,regression_03,5,"{""event"": [0.3526260554790497, -0.2766636312007904], ""fast"": [0.03605537861585617, -0.3028201460838318], ""slow"": [0.04289126768708229, 0.5029266476631165, -0.4130364656448364]}","{""event"": [0.652328, 0.347672], ""fast"": [0.583917, 0.416083], ""slow"": [0.310753, 0.492273, 0.196974]}","{""event"": 0, ""fast"": 0, ""slow"": 1}",independent_head_argmax,0,0,0,slow_head_cache_fill,"[true, false, true, true, false]",False,"[0.613023, 0.0, 0.161015, 0.225963, 0.0]",-0.489354,-0.489354,True
regression,sa_ghmappo,29,regression_03,6,"{""event"": [0.04587487503886223, 0.03694874793291092], ""fast"": [0.0678323283791542, -0.34920740127563477], ""slow"": [0.09239548444747925, 0.16275399923324585, -0.3169468939304352]}","{""event"": [0.502231, 0.497768], ""fast"": [0.602775, 0.397225], ""slow"": [0.365366, 0.391999, 0.242635]}","{""event"": 0, ""fast"": 0, ""slow"": 1}",independent_head_argmax,0,0,0,slow_head_cache_fill,"[true, false, true, true, true]",False,"[0.224194, 0.0, 0.083005, 0.125957, 0.566843]",-1.495242,-1.495242,True
regression,sa_ghmappo,29,regression_03,7,"{""event"": [0.06418963521718979, 0.01952730491757393], ""fast"": [0.11516053229570389, -0.43339669704437256], ""slow"": [0.08237140625715256, 0.20270103216171265, -0.3247615694999695]}","{""event"": [0.511164, 0.488836], ""fast"": [0.633801, 0.366199], ""slow"": [0.357984, 0.403758, 0.238258]}","{""event"": 0, ""fast"": 0, ""slow"": 1}",independent_head_argmax,0,0,0,slow_head_cache_fill,"[true, false, true, true, true]",False,"[0.235008, 0.0, 0.076303, 0.132062, 0.556627]",-1.448136,-1.448136,True
regression,sa_ghmappo,29,regression_03,8,"{""event"": [0.10347932577133179, -0.01595521718263626], ""fast"": [0.10749655216932297, -0.42787688970565796], ""slow"": [0.07841429114341736, 0.2650115489959717, -0.3463413417339325]}","{""event"": [0.529823, 0.470177], ""fast"": [0.630736, 0.369264], ""slow"": [0.349764, 0.421515, 0.228721]}","{""event"": 0, ""fast"": 0, ""slow"": 1}",independent_head_argmax,0,0,0,slow_head_cache_fill,"[true, false, true, true, true]",False,"[0.254124, 0.0, 0.077865, 0.133001, 0.53501]",-1.369935,-1.369935,True
regression,sa_ghmappo,29,regression_03,9,"{""event"": [-0.003226925153285265, 0.09397310018539429], ""fast"": [0.1724083125591278, -0.5615607500076294], ""slow"": [0.10868477821350098, 0.07679860293865204, -0.3059174716472626]}","{""event"": [0.475719, 0.524281], ""fast"": [0.675676, 0.324324], ""slow"": [0.380341, 0.368405, 0.251254]}","{""event"": 1, ""fast"": 0, ""slow"": 0}",independent_head_argmax,4,4,4,event_head_prepare,"[true, false, true, true, true]",False,"[0.199049, 0.0, 0.066648, 0.13885, 0.595453]",-0.518432,-0.518432,True
regression,sa_ghmappo,29,regression_04,0,"{""event"": [0.035883236676454544, 0.0225969348102808], ""fast"": [0.05394851416349411, -0.3280804455280304], ""slow"": [0.07858981192111969, -0.05417415872216225, -0.23955516517162323]}","{""event"": [0.503322, 0.496678], ""fast"": [0.594362, 0.405638], ""slow"": [0.384147, 0.336387, 0.279466]}","{""event"": 0, ""fast"": 0, ""slow"": 0}",independent_head_argmax,3,3,3,fast_head_steady_offload,"[true, true, true, true, true]",False,"[0.169311, 0.140661, 0.07843, 0.11492, 0.496678]",-2.163522,-2.163522,True
regression,sa_ghmappo,29,regression_04,1,"{""event"": [0.26103100180625916, -0.17004743218421936], ""fast"": [-0.015684261918067932, -0.2038668394088745], ""slow"": [0.07259082794189453, 0.3418247699737549, -0.38736552000045776]}","{""event"": [0.606131, 0.393869], ""fast"": [0.546907, 0.453093], ""slow"": [0.340105, 0.445184, 0.214712]}","{""event"": 0, ""fast"": 0, ""slow"": 1}",independent_head_argmax,0,0,0,slow_head_cache_fill,"[true, true, true, true, true]",False,"[0.26984, 0.130144, 0.093404, 0.112744, 0.393869]",-1.309927,-1.309927,True
regression,sa_ghmappo,29,regression_04,2,"{""event"": [0.06666821986436844, 0.029252301901578903], ""fast"": [0.09107822924852371, -0.318970263004303], ""slow"": [0.08872152864933014, 0.22895148396492004, -0.3445708453655243]}","{""event"": [0.509353, 0.490647], ""fast"": [0.601099, 0.398901], ""slow"": [0.357282, 0.411067, 0.231651]}","{""event"": 0, ""fast"": 0, ""slow"": 1}",independent_head_argmax,0,0,0,slow_head_cache_fill,"[true, false, true, true, true]",False,"[0.237388, 0.0, 0.082304, 0.124023, 0.556284]",-1.43806,-1.43806,True
regression,sa_ghmappo,29,regression_04,3,"{""event"": [-0.0015026330947875977, 0.10229560732841492], ""fast"": [0.13336175680160522, -0.3947058916091919], ""slow"": [0.09899349510669708, 0.12365613877773285, -0.31264427304267883]}","{""event"": [0.474074, 0.525926], ""fast"": [0.629032, 0.370968], ""slow"": [0.372088, 0.381379, 0.246532]}","{""event"": 1, ""fast"": 0, ""slow"": 1}",independent_head_argmax,4,4,4,event_head_prepare,"[true, false, true, true, true]",False,"[0.20473, 0.0, 0.074098, 0.125644, 0.595528]",-0.518306,-0.518306,True
regression,sa_ghmappo,29,regression_04,4,"{""event"": [0.22635355591773987, -0.1429549902677536], ""fast"": [0.1654345691204071, -0.609075129032135], ""slow"": [0.08269114792346954, 0.24146327376365662, -0.3590819537639618]}","{""event"": [0.591292, 0.408708], ""fast"": [0.684496, 0.315504], ""slow"": [0.355244, 0.416371, 0.228385]}","{""event"": 0, ""fast"": 0, ""slow"": 1}",independent_head_argmax,0,0,0,slow_head_cache_fill,"[true, true, true, true, true]",False,"[0.246197, 0.135042, 0.066273, 0.14378, 0.408708]",-1.401624,-1.401624,True
regression,sa_ghmappo,29,regression_05,0,"{""event"": [0.2827991247177124, -0.20384828746318817], ""fast"": [-0.03909127414226532, -0.09983791410923004], ""slow"": [0.05995488539338112, 0.35023629665374756, -0.3703727722167969]}","{""event"": [0.619316, 0.380684], ""fast"": [0.515182, 0.484818], ""slow"": [0.334773, 0.447526, 0.217701]}","{""event"": 0, ""fast"": 0, ""slow"": 1}",independent_head_argmax,0,0,0,slow_head_cache_fill,"[true, true, true, true, true]",False,"[0.27716, 0.134826, 0.100517, 0.106813, 0.380684]",-1.283161,-1.283161,True
regression,sa_ghmappo,29,regression_05,1,"{""event"": [0.0245291069149971, 0.04823923110961914], ""fast"": [0.037984199821949005, -0.21328803896903992], ""slow"": [0.08452680706977844, -0.06737537682056427, -0.23065489530563354]}","{""event"": [0.494073, 0.505927], ""fast"": [0.56249, 0.43751], ""slow"": [0.38629, 0.331851, 0.281859]}","{""event"": 1, ""fast"": 0, ""slow"": 0}",independent_head_argmax,4,4,4,event_head_prepare,"[true, true, true, true, true]",False,"[0.163959, 0.139259, 0.083501, 0.107354, 0.505927]",-0.681362,-0.681362,True
regression,sa_ghmappo,29,regression_05,2,"{""event"": [0.02277318947017193, 0.047009289264678955], ""fast"": [0.09681805223226547, -0.30946364998817444], ""slow"": [0.07503633946180344, -0.07425375282764435, -0.21961329877376556]}","{""event"": [0.493941, 0.506059], ""fast"": [0.600196, 0.399804], ""slow"": [0.383713, 0.3305, 0.285787]}","{""event"": 1, ""fast"": 0, ""slow"": 0}",independent_head_argmax,4,4,4,event_head_prepare,"[true, true, true, true, true]",False,"[0.163247, 0.141162, 0.075776, 0.113756, 0.506059]",-0.681103,-0.681103,True
regression,sa_ghmappo,29,regression_05,3,"{""event"": [-0.12863899767398834, 0.22505633533000946], ""fast"": [0.15555116534233093, -0.4768136739730835], ""slow"": [0.11254121363162994, -0.10478910803794861, -0.2354394793510437]}","{""event"": [0.412487, 0.587513], ""fast"": [0.653026, 0.346975], ""slow"": [0.398283, 0.320484, 0.281233]}","{""event"": 1, ""fast"": 0, ""slow"": 0}",independent_head_argmax,4,4,4,event_head_prepare,"[true, false, true, true, true]",False,"[0.149543, 0.0, 0.064484, 0.121362, 0.664611]",-0.408553,-0.408553,True
regression,sa_ghmappo,29,regression_05,4,"{""event"": [-0.09646148979663849, 0.1739354282617569], ""fast"": [0.21202245354652405, -0.5913473963737488], ""slow"": [0.11026617139577866, -0.07794958353042603, -0.2518194615840912]}","{""event"": [0.43281, 0.56719], ""fast"": [0.690695, 0.309305], ""slow"": [0.396093, 0.328138, 0.275769]}","{""event"": 1, ""fast"": 0, ""slow"": 0}",independent_head_argmax,4,4,4,event_head_prepare,"[true, false, true, true, true]",False,"[0.16127, 0.0, 0.060212, 0.134456, 0.644063]",-0.439959,-0.439959,True
regression,sa_ghmappo,29,regression_06,0,"{""event"": [0.06197933107614517, -0.02003776654601097], ""fast"": [0.051985807716846466, -0.3250728249549866], ""slow"": [0.07104431837797165, 0.012704096734523773, -0.25322264432907104]}","{""event"": [0.520493, 0.479507], ""fast"": [0.593163, 0.406837], ""slow"": [0.375039, 0.353786, 0.271175]}","{""event"": 0, ""fast"": 0, ""slow"": 0}",independent_head_argmax,3,3,3,fast_head_steady_offload,"[true, true, true, true, true]",False,"[0.184143, 0.141145, 0.079417, 0.115789, 0.479507]",-2.155988,-2.155988,True
regression,sa_ghmappo,29,regression_06,1,"{""event"": [0.23615235090255737, -0.16126562654972076], ""fast"": [-0.005253452807664871, -0.19502776861190796], ""slow"": [0.0638938769698143, 0.3210545778274536, -0.36399683356285095]}","{""event"": [0.598067, 0.401933], ""fast"": [0.547302, 0.452698], ""slow"": [0.339543, 0.439115, 0.221342]}","{""event"": 0, ""fast"": 0, ""slow"": 1}",independent_head_argmax,0,0,0,slow_head_cache_fill,"[true, true, true, true, true]",False,"[0.26262, 0.132377, 0.091929, 0.11114, 0.401933]",-1.337046,-1.337046,True
regression,sa_ghmappo,29,regression_06,2,"{""event"": [0.11225568503141403, -0.02132803201675415], ""fast"": [0.08441837877035141, -0.30400174856185913], ""slow"": [0.07430009543895721, 0.2959848642349243, -0.35258376598358154]}","{""event"": [0.533346, 0.466654], ""fast"": [0.595902, 0.404098], ""slow"": [0.344742, 0.4303, 0.224958]}","{""event"": 0, ""fast"": 0, ""slow"": 1}",independent_head_argmax,0,0,0,slow_head_cache_fill,"[true, false, true, true, true]",False,"[0.260788, 0.0, 0.08443, 0.124505, 0.530276]",-1.344046,-1.344046,True
regression,sa_ghmappo,29,regression_06,3,"{""event"": [0.012756778858602047, 0.08013054728507996], ""fast"": [0.1261172890663147, -0.3858107924461365], ""slow"": [0.08381526172161102, 0.15542903542518616, -0.3040807843208313]}","{""event"": [0.483163, 0.516837], ""fast"": [0.625258, 0.374742], ""slow"": [0.363277, 0.390246, 0.246477]}","{""event"": 1, ""fast"": 0, ""slow"": 1}",independent_head_argmax,4,4,4,event_head_prepare,"[true, false, true, true, true]",False,"[0.214043, 0.0, 0.074667, 0.124583, 0.586707]",-0.533229,-0.533229,True
regression,sa_ghmappo,29,regression_06,4,"{""event"": [0.22682233154773712, -0.15974491834640503], ""fast"": [0.15986067056655884, -0.6001731753349304], ""slow"": [0.07485683262348175, 0.28463780879974365, -0.3603764474391937]}","{""event"": [0.595456, 0.404544], ""fast"": [0.681361, 0.318639], ""slow"": [0.347159, 0.428189, 0.224652]}","{""event"": 0, ""fast"": 0, ""slow"": 1}",independent_head_argmax,0,0,0,slow_head_cache_fill,"[true, true, true, true, true]",False,"[0.254968, 0.13377, 0.065868, 0.14085, 0.404544]",-1.366618,-1.366618,True
regression,sa_ghmappo,29,regression_07,0,"{""event"": [0.38934433460235596, -0.32194873690605164], ""fast"": [0.031974032521247864, -0.304856538772583], ""slow"": [0.057596758008003235, 0.5402331948280334, -0.44071900844573975]}","{""event"": [0.670687, 0.329313], ""fast"": [0.58342, 0.41658], ""slow"": [0.3098, 0.501981, 0.18822]}","{""event"": 0, ""fast"": 0, ""slow"": 1}",independent_head_argmax,0,0,0,slow_head_cache_fill,"[true, true, true, true, true]",False,"[0.336672, 0.126236, 0.086556, 0.121222, 0.329313]",-1.088646,-1.088646,True
regression,sa_ghmappo,29,regression_07,1,"{""event"": [0.414436399936676, -0.33283358812332153], ""fast"": [-0.04505999758839607, -0.21035969257354736], ""slow"": [0.06086242198944092, 0.5899390578269958, -0.4602469801902771]}","{""event"": [0.678584, 0.321416], ""fast"": [0.541231, 0.458769], ""slow"": [0.303838, 0.515724, 0.180438]}","{""event"": 0, ""fast"": 0, ""slow"": 1}",independent_head_argmax,0,0,0,slow_head_cache_fill,"[true, true, true, true, true]",False,"[0.349962, 0.122442, 0.094589, 0.111591, 0.321416]",-1.049931,-1.049931,True
regression,sa_ghmappo,29,regression_07,2,"{""event"": [0.511601448059082, -0.4456002414226532], ""fast"": [-0.06728635728359222, -0.12342959642410278], ""slow"": [0.06807363033294678, 0.7280410528182983, -0.5263330936431885]}","{""event"": [0.722561, 0.277439], ""fast"": [0.514032, 0.485968], ""slow"": [0.286811, 0.554901, 0.158288]}","{""event"": 0, ""fast"": 0, ""slow"": 1}",independent_head_argmax,0,0,0,slow_head_cache_fill,"[true, true, true, true, true]",False,"[0.40095, 0.114373, 0.100711, 0.106527, 0.277439]",-0.913918,-0.913918,True
regression,sa_ghmappo,29,regression_07,3,"{""event"": [0.4635947048664093, -0.38323190808296204], ""fast"": [-0.05390847846865654, -0.20356982946395874], ""slow"": [0.0647827610373497, 0.6610321402549744, -0.49400895833969116]}","{""event"": [0.699901, 0.300099], ""fast"": [0.537346, 0.462654], ""slow"": [0.295229, 0.535929, 0.168842]}","{""event"": 0, ""fast"": 0, ""slow"": 1}",independent_head_argmax,0,0,0,slow_head_cache_fill,"[true, true, true, true, true]",False,"[0.375097, 0.118172, 0.095599, 0.111032, 0.300099]",-0.98057,-0.98057,True
regression,sa_ghmappo,29,regression_07,4,"{""event"": [0.5340272188186646, -0.45433035492897034], ""fast"": [-0.05271470546722412, -0.19170436263084412], ""slow"": [0.07549864053726196, 0.780377209186554, -0.559367299079895]}","{""event"": [0.728763, 0.271237], ""fast"": [0.534692, 0.465308], ""slow"": [0.281404, 0.56945, 0.149146]}","{""event"": 0, ""fast"": 0, ""slow"": 1}",independent_head_argmax,0,0,0,slow_head_cache_fill,"[true, true, true, true, true]",False,"[0.414994, 0.108692, 0.095424, 0.109653, 0.271237]",-0.879491,-0.879491,True
regression,sa_ghmappo,29,regression_07,5,"{""event"": [0.4279796779155731, -0.3285519480705261], ""fast"": [-0.04868017137050629, -0.21777746081352234], ""slow"": [0.060020096600055695, 0.6263697743415833, -0.482370525598526]}","{""event"": [0.6806, 0.3194], ""fast"": [0.542174, 0.457826], ""slow"": [0.299116, 0.52699, 0.173893]}","{""event"": 0, ""fast"": 0, ""slow"": 1}",independent_head_argmax,0,0,0,slow_head_cache_fill,"[true, true, true, true, true]",False,"[0.35867, 0.118352, 0.093204, 0.110375, 0.3194]",-1.025353,-1.025353,True
regression,sa_ghmappo,29,regression_07,6,"{""event"": [0.529150664806366, -0.44609734416007996], ""fast"": [-0.060439325869083405, -0.2628512978553772], ""slow"": [0.07381429523229599, 0.7675063610076904, -0.5545108914375305]}","{""event"": [0.726164, 0.273836], ""fast"": [0.550431, 0.449569], ""slow"": [0.282919, 0.566147, 0.150933]}","{""event"": 0, ""fast"": 0, ""slow"": 1}",independent_head_argmax,0,0,0,slow_head_cache_fill,"[true, true, true, true, true]",False,"[0.411116, 0.109602, 0.092362, 0.113084, 0.273836]",-0.88888,-0.88888,True
regression,sa_ghmappo,29,regression_07,7,"{""event"": [0.3632051944732666, -0.26599401235580444], ""fast"": [-0.00387004017829895, -0.3566484749317169], ""slow"": [0.06579703092575073, 0.5326043963432312, -0.452842652797699]}","{""event"": [0.652308, 0.347692], ""fast"": [0.587291, 0.412709], ""slow"": [0.313458, 0.499932, 0.186611]}","{""event"": 0, ""fast"": 0, ""slow"": 1}",independent_head_argmax,0,0,0,slow_head_cache_fill,"[true, true, true, true, true]",False,"[0.326109, 0.121728, 0.084387, 0.120084, 0.347692]",-1.120522,-1.120522,True
regression,sa_ghmappo,29,regression_07,8,"{""event"": [0.4008934795856476, -0.29287466406822205], ""fast"": [-0.04836878925561905, -0.23676294088363647], ""slow"": [0.06941714882850647, 0.7179955840110779, -0.5309440493583679]}","{""event"": [0.666805, 0.333195], ""fast"": [0.54696, 0.45304], ""slow"": [0.288898, 0.552609, 0.158493]}","{""event"": 0, ""fast"": 0, ""slow"": 1}",independent_head_argmax,0,0,0,slow_head_cache_fill,"[true, false, true, true, true]",False,"[0.412027, 0.0, 0.097586, 0.117817, 0.37257]",-0.886666,-0.886666,True
regression,sa_ghmappo,29,regression_07,9,"{""event"": [0.038536250591278076, 0.06882024556398392], ""fast"": [0.09743160754442215, -0.39682528376579285], ""slow"": [0.08718614280223846, 0.21137258410453796, -0.3372592031955719]}","{""event"": [0.49243, 0.50757], ""fast"": [0.621109, 0.378891], ""slow"": [0.358891, 0.406346, 0.234762]}","{""event"": 1, ""fast"": 0, ""slow"": 1}",independent_head_argmax,4,4,4,event_head_prepare,"[true, false, true, true, true]",False,"[0.226253, 0.0, 0.075714, 0.124116, 0.573918]",-0.55527,-0.55527,True
regression,sa_ghmappo,29,regression_07,10,"{""event"": [-0.09882534295320511, 0.17159080505371094], ""fast"": [0.15014782547950745, -0.5118896961212158], ""slow"": [0.0941232442855835, -0.04324891045689583, -0.2470160275697708]}","{""event"": [0.432805, 0.567195], ""fast"": [0.659718, 0.340282], ""slow"": [0.387206, 0.337506, 0.275288]}","{""event"": 1, ""fast"": 0, ""slow"": 0}",independent_head_argmax,4,4,4,event_head_prepare,"[true, false, true, true, true]",False,"[0.165833, 0.0, 0.064739, 0.125513, 0.643915]",-0.440189,-0.440189,True
regression,sa_ghmappo,29,regression_07,11,"{""event"": [-0.0825134739279747, 0.18015724420547485], ""fast"": [0.19442346692085266, -0.5381873250007629], ""slow"": [0.10353417694568634, 0.00038029439747333527, -0.276038259267807]}","{""event"": [0.434707, 0.565293], ""fast"": [0.675378, 0.324622], ""slow"": [0.386676, 0.348778, 0.264546]}","{""event"": 1, ""fast"": 0, ""slow"": 0}",independent_head_argmax,4,4,4,event_head_prepare,"[true, false, true, true, true]",False,"[0.171318, 0.0, 0.061657, 0.128277, 0.638749]",-0.448244,-0.448244,True
regression,sa_ghmappo,29,regression_08,0,"{""event"": [0.08935931324958801, -0.01281896885484457], ""fast"": [0.049090445041656494, -0.30518412590026855], ""slow"": [0.06851904839277267, 0.0435146763920784, -0.26378315687179565]}","{""event"": [0.525522, 0.474478], ""fast"": [0.587654, 0.412346], ""slow"": [0.371392, 0.36222, 0.266388]}","{""event"": 0, ""fast"": 0, ""slow"": 0}",independent_head_argmax,3,3,3,fast_head_steady_offload,"[true, true, true, true, true]",False,"[0.190355, 0.139993, 0.08048, 0.114695, 0.474478]",-2.165478,-2.165478,True
regression,sa_ghmappo,29,regression_08,1,"{""event"": [0.24431292712688446, -0.14893899857997894], ""fast"": [-0.035097386687994, -0.19629517197608948], ""slow"": [0.06888633966445923, 0.32994788885116577, -0.3739798963069916]}","{""event"": [0.597065, 0.402935], ""fast"": [0.540212, 0.459788], ""slow"": [0.340078, 0.441526, 0.218396]}","{""event"": 0, ""fast"": 0, ""slow"": 1}",independent_head_argmax,0,0,0,slow_head_cache_fill,"[true, true, true, true, true]",False,"[0.26362, 0.130397, 0.093359, 0.109689, 0.402935]",-1.333247,-1.333247,True
regression,sa_ghmappo,29,regression_08,2,"{""event"": [0.3153162896633148, -0.19926710426807404], ""fast"": [0.04523149132728577, -0.35497617721557617], ""slow"": [0.0686132162809372, 0.6019304394721985, -0.47359538078308105]}","{""event"": [0.62588, 0.37412], ""fast"": [0.598738, 0.401262], ""slow"": [0.304318, 0.518733, 0.176949]}","{""event"": 0, ""fast"": 0, ""slow"": 1}",independent_head_argmax,0,0,0,slow_head_cache_fill,"[true, false, true, true, true]",False,"[0.365099, 0.0, 0.085945, 0.128242, 0.420713]",-1.007586,-1.007586,True
regression,sa_ghmappo,29,regression_08,3,"{""event"": [0.33126503229141235, -0.20087996125221252], ""fast"": [0.04654531925916672, -0.3415869176387787], ""slow"": [0.07362248003482819, 0.6326950788497925, -0.49151670932769775]}","{""event"": [0.629983, 0.370017], ""fast"": [0.595833, 0.404167], ""slow"": [0.301447, 0.527246, 0.171307]}","{""event"": 0, ""fast"": 0, ""slow"": 1}",independent_head_argmax,0,0,0,slow_head_cache_fill,"[true, false, true, true, true]",False,"[0.372339, 0.0, 0.086039, 0.126841, 0.41478]",-0.98795,-0.98795,True
regression,sa_ghmappo,29,regression_08,4,"{""event"": [0.4467378556728363, -0.3450380265712738], ""fast"": [0.019528210163116455, -0.29251670837402344], ""slow"": [0.0743938609957695, 0.7463793158531189, -0.5476604700088501]}","{""event"": [0.688213, 0.311787], ""fast"": [0.577384, 0.422616], ""slow"": [0.286126, 0.56027, 0.153604]}","{""event"": 0, ""fast"": 0, ""slow"": 1}",independent_head_argmax,0,0,0,slow_head_cache_fill,"[true, false, true, true, true]",False,"[0.431164, 0.0, 0.093057, 0.127136, 0.348643]",-0.841267,-0.841267,True
regression,sa_ghmappo,29,regression_08,5,"{""event"": [0.5219985246658325, -0.4200904965400696], ""fast"": [0.029259704053401947, -0.34837567806243896], ""slow"": [0.07647895812988281, 0.7202521562576294, -0.5378131866455078]}","{""event"": [0.719521, 0.280479], ""fast"": [0.593303, 0.406697], ""slow"": [0.290303, 0.552636, 0.157061]}","{""event"": 0, ""fast"": 0, ""slow"": 1}",independent_head_argmax,0,0,0,slow_head_cache_fill,"[true, true, true, true, true]",False,"[0.397633, 0.113009, 0.084951, 0.123929, 0.280479]",-0.922225,-0.922225,True
regression,sa_ghmappo,29,regression_09,0,"{""event"": [0.03361658379435539, 0.027259135618805885], ""fast"": [0.047098249197006226, -0.31104111671447754], ""slow"": [0.06284871697425842, -0.005119657143950462, -0.23546858131885529]}","{""event"": [0.501589, 0.498411], ""fast"": [0.58859, 0.41141], ""slow"": [0.373642, 0.34909, 0.277267]}","{""event"": 0, ""fast"": 0, ""slow"": 0}",independent_head_argmax,3,3,3,fast_head_steady_offload,"[true, true, true, true, true]",False,"[0.1751, 0.139074, 0.077104, 0.110311, 0.498411]",-2.204455,-2.204455,True
regression,sa_ghmappo,29,regression_09,1,"{""event"": [0.18895383179187775, -0.10339284688234329], ""fast"": [-0.024580538272857666, -0.1962086260318756], ""slow"": [0.05981949716806412, 0.27477386593818665, -0.34230372309684753]}","{""event"": [0.572571, 0.427429], ""fast"": [0.542802, 0.457198], ""slow"": [0.343796, 0.42624, 0.229964]}","{""event"": 0, ""fast"": 0, ""slow"": 1}",independent_head_argmax,0,0,0,slow_head_cache_fill,"[true, true, true, true, true]",False,"[0.244052, 0.131671, 0.089998, 0.106849, 0.427429]",-1.410372,-1.410372,True
regression,sa_ghmappo,29,regression_09,2,"{""event"": [0.20950138568878174, -0.13131126761436462], ""fast"": [-0.04356328770518303, -0.09456629306077957], ""slow"": [0.048833318054676056, 0.28048592805862427, -0.3229769468307495]}","{""event"": [0.584388, 0.415612], ""fast"": [0.512748, 0.487252], ""slow"": [0.338964, 0.427326, 0.233711]}","{""event"": 0, ""fast"": 0, ""slow"": 1}",independent_head_argmax,0,0,0,slow_head_cache_fill,"[true, true, true, true, true]",False,"[0.249724, 0.136578, 0.096518, 0.101568, 0.415612]",-1.387399,-1.387399,True
regression,sa_ghmappo,29,regression_09,3,"{""event"": [0.021874606609344482, 0.04677325487136841], ""fast"": [0.012023292481899261, -0.20206882059574127], ""slow"": [0.07472676038742065, -0.01740560121834278, -0.2352036088705063]}","{""event"": [0.493776, 0.506224], ""fast"": [0.55332, 0.44668], ""slow"": [0.378003, 0.344733, 0.277264]}","{""event"": 1, ""fast"": 0, ""slow"": 0}",independent_head_argmax,4,4,4,event_head_prepare,"[true, true, true, true, true]",False,"[0.170221, 0.136906, 0.083372, 0.103276, 0.506224]",-0.680775,-0.680775,True
regression,sa_ghmappo,29,regression_09,4,"{""event"": [0.27876678109169006, -0.19104862213134766], ""fast"": [0.04035600274801254, -0.44679030776023865], ""slow"": [0.04929915815591812, 0.41118448972702026, -0.37608957290649414]}","{""event"": [0.61534, 0.38466], ""fast"": [0.619434, 0.380566], ""slow"": [0.323672, 0.464804, 0.211525]}","{""event"": 0, ""fast"": 0, ""slow"": 1}",independent_head_argmax,0,0,0,slow_head_cache_fill,"[true, true, true, true, true]",False,"[0.286012, 0.13016, 0.075797, 0.123372, 0.38466]",-1.25172,-1.25172,True
regression,sa_ghmappo,29,regression_09,5,"{""event"": [0.3773971498012543, -0.27423909306526184], ""fast"": [-0.03406272083520889, -0.36700963973999023], ""slow"": [0.059246357530355453, 0.55776447057724, -0.4537547826766968]}","{""event"": [0.657379, 0.342621], ""fast"": [0.582476, 0.417524], ""slow"": [0.308169, 0.507332, 0.184499]}","{""event"": 0, ""fast"": 0, ""slow"": 1}",independent_head_argmax,0,0,0,slow_head_cache_fill,"[true, true, true, true, true]",False,"[0.333509, 0.121286, 0.084583, 0.118, 0.342621]",-1.098084,-1.098084,True
regression,sa_ghmappo,29,regression_09,6,"{""event"": [0.3545531630516052, -0.2422419786453247], ""fast"": [-0.04428001493215561, -0.2999972105026245], ""slow"": [0.06543411314487457, 0.648236870765686, -0.4956698417663574]}","{""event"": [0.644923, 0.355077], ""fast"": [0.563583, 0.436417], ""slow"": [0.297475, 0.532793, 0.169733]}","{""event"": 0, ""fast"": 0, ""slow"": 1}",independent_head_argmax,0,0,0,slow_head_cache_fill,"[true, false, true, true, true]",False,"[0.385846, 0.0, 0.094017, 0.121413, 0.398723]",-0.952316,-0.952316,True
regression,sa_ghmappo,29,regression_09,7,"{""event"": [-0.01890668086707592, 0.12431729584932327], ""fast"": [0.10409893840551376, -0.4302779734134674], ""slow"": [0.09169770777225494, 0.11511042714118958, -0.3041948676109314]}","{""event"": [0.464255, 0.535745], ""fast"": [0.630503, 0.369497], ""slow"": [0.370814, 0.379598, 0.249587]}","{""event"": 1, ""fast"": 0, ""slow"": 1}",independent_head_argmax,4,4,4,event_head_prepare,"[true, false, true, true, true]",False,"[0.199327, 0.0, 0.071946, 0.122768, 0.605959]",-0.500944,-0.500944,True
regression,sa_ghmappo,29,regression_09,8,"{""event"": [-0.12630940973758698, 0.20225968956947327], ""fast"": [0.190242737531662, -0.5984732508659363], ""slow"": [0.10225747525691986, -0.09709586203098297, -0.23743733763694763]}","{""event"": [0.418589, 0.581411], ""fast"": [0.687556, 0.312444], ""slow"": [0.395062, 0.323659, 0.281279]}","{""event"": 1, ""fast"": 0, ""slow"": 0}",independent_head_argmax,4,4,4,event_head_prepare,"[true, false, true, true, true]",False,"[0.15356, 0.0, 0.058564, 0.128874, 0.659002]",-0.417028,-0.417028,True
regression,sa_ghmappo,29,regression_10,0,"{""event"": [0.09995779395103455, -0.03884623944759369], ""fast"": [0.04490157961845398, -0.33682721853256226], ""slow"": [0.06744565814733505, 0.10556897521018982, -0.2860373854637146]}","{""event"": [0.534645, 0.465355], ""fast"": [0.59429, 0.40571], ""slow"": [0.364817, 0.378994, 0.256189]}","{""event"": 0, ""fast"": 0, ""slow"": 1}",independent_head_argmax,0,0,0,slow_head_cache_fill,"[true, true, true, true, true]",False,"[0.202627, 0.13697, 0.079133, 0.115915, 0.465355]",-1.596386,-1.596386,True
regression,sa_ghmappo,29,regression_10,1,"{""event"": [0.2361193746328354, -0.1478642076253891], ""fast"": [-0.01057925820350647, -0.215398371219635], ""slow"": [0.060892730951309204, 0.35497385263442993, -0.37441378831863403]}","{""event"": [0.594834, 0.405166], ""fast"": [0.551027, 0.448973], ""slow"": [0.334565, 0.44895, 0.216486]}","{""event"": 0, ""fast"": 0, ""slow"": 1}",independent_head_argmax,0,0,0,slow_head_cache_fill,"[true, true, true, true, true]",False,"[0.26705, 0.128773, 0.08935, 0.10966, 0.405166]",-1.320318,-1.320318,True
regression,sa_ghmappo,29,regression_10,2,"{""event"": [0.06578795611858368, 0.0323503315448761], ""fast"": [0.061139605939388275, -0.3318418860435486], ""slow"": [0.074753038585186, 0.26387548446655273, -0.3383527398109436]}","{""event"": [0.508359, 0.491641], ""fast"": [0.597, 0.403], ""slow"": [0.348459, 0.421004, 0.230538]}","{""event"": 0, ""fast"": 0, ""slow"": 1}",independent_head_argmax,0,0,0,slow_head_cache_fill,"[true, false, true, true, true]",False,"[0.242433, 0.0, 0.080865, 0.119793, 0.556909]",-1.41703,-1.41703,True
regression,sa_ghmappo,29,regression_10,3,"{""event"": [0.0042639318853616714, 0.0982271209359169], ""fast"": [0.12792566418647766, -0.43794676661491394], ""slow"": [0.08195558190345764, 0.1775919497013092, -0.3149318993091583]}","{""event"": [0.476526, 0.523474], ""fast"": [0.63781, 0.36219], ""slow"": [0.36065, 0.396845, 0.242505]}","{""event"": 1, ""fast"": 0, ""slow"": 1}",independent_head_argmax,4,4,4,event_head_prepare,"[true, false, true, true, true]",False,"[0.213816, 0.0, 0.070379, 0.123936, 0.59187]",-0.524468,-0.524468,True
regression,sa_ghmappo,29,regression_10,4,"{""event"": [0.21517188847064972, -0.1378270983695984], ""fast"": [0.13669529557228088, -0.58073490858078], ""slow"": [0.07475019246339798, 0.29228344559669495, -0.3623623251914978]}","{""event"": [0.587345, 0.412655], ""fast"": [0.672041, 0.327959], ""slow"": [0.346152, 0.430269, 0.223579]}","{""event"": 0, ""fast"": 0, ""slow"": 1}",independent_head_argmax,0,0,0,slow_head_cache_fill,"[true, true, true, true, true]",False,"[0.252716, 0.131318, 0.066678, 0.136633, 0.412655]",-1.375488,-1.375488,True
regression,sa_ghmappo,29,regression_11,0,"{""event"": [0.14525268971920013, -0.08067861944437027], ""fast"": [0.014434091746807098, -0.2885274291038513], ""slow"": [0.06258003413677216, 0.1288638412952423, -0.2880634367465973]}","{""event"": [0.556244, 0.443756], ""fast"": [0.575166, 0.424834], ""slow"": [0.360651, 0.385366, 0.253983]}","{""event"": 0, ""fast"": 0, ""slow"": 1}",independent_head_argmax,0,0,0,slow_head_cache_fill,"[true, true, true, true, true]",False,"[0.214358, 0.141276, 0.085226, 0.115384, 0.443756]",-1.54011,-1.54011,True
regression,sa_ghmappo,29,regression_11,1,"{""event"": [0.37117740511894226, -0.2555589973926544], ""fast"": [-0.0438816174864769, -0.18222466111183167], ""slow"": [0.07528699934482574, 0.6604207158088684, -0.5039414167404175]}","{""event"": [0.651749, 0.348251], ""fast"": [0.534531, 0.465469], ""slow"": [0.298013, 0.535002, 0.166986]}","{""event"": 0, ""fast"": 0, ""slow"": 1}",independent_head_argmax,0,0,0,slow_head_cache_fill,"[true, false, true, true, true]",False,"[0.39127, 0.0, 0.101449, 0.116501, 0.390781]",-0.938358,-0.938358,True
regression,sa_ghmappo,29,regression_11,2,"{""event"": [0.2767868638038635, -0.17024746537208557], ""fast"": [0.04539477080106735, -0.3740667700767517], ""slow"": [0.06976644694805145, 0.5378602147102356, -0.44818398356437683]}","{""event"": [0.609934, 0.390066], ""fast"": [0.603354, 0.396646], ""slow"": [0.313216, 0.500189, 0.186595]}","{""event"": 0, ""fast"": 0, ""slow"": 1}",independent_head_argmax,0,0,0,slow_head_cache_fill,"[true, false, true, true, true]",False,"[0.344263, 0.0, 0.085507, 0.130069, 0.440161]",-1.066349,-1.066349,True
regression,sa_ghmappo,29,regression_11,3,"{""event"": [0.31912973523139954, -0.19583021104335785], ""fast"": [0.06880872696638107, -0.4522247910499573], ""slow"": [0.07043510675430298, 0.6046428084373474, -0.4766700267791748]}","{""event"": [0.625968, 0.374032], ""fast"": [0.627389, 0.372611], ""slow"": [0.30444, 0.519404, 0.176156]}","{""event"": 0, ""fast"": 0, ""slow"": 1}",independent_head_argmax,0,0,0,slow_head_cache_fill,"[true, false, true, true, true]",False,"[0.365425, 0.0, 0.079809, 0.134379, 0.420387]",-1.006693,-1.006693,True
regression,sa_ghmappo,29,regression_11,4,"{""event"": [0.33074212074279785, -0.2195940762758255], ""fast"": [0.10322002321481705, -0.44307029247283936], ""slow"": [0.08087025582790375, 0.6013671159744263, -0.48810797929763794]}","{""event"": [0.634214, 0.365786], ""fast"": [0.633274, 0.366726], ""slow"": [0.30779, 0.517969, 0.174241]}","{""event"": 0, ""fast"": 0, ""slow"": 1}",independent_head_argmax,0,0,0,slow_head_cache_fill,"[true, false, true, true, true]",False,"[0.369314, 0.0, 0.08048, 0.138976, 0.41123]",-0.996107,-0.996107,True
frozen_check,sa_ghmappo,29,frozen_check_00,0,"{""event"": [0.14065435528755188, -0.06004156172275543], ""fast"": [0.04246697574853897, -0.33750900626182556], ""slow"": [0.06665367633104324, 0.12679076194763184, -0.29707545042037964]}","{""event"": [0.550006, 0.449994], ""fast"": [0.593867, 0.406133], ""slow"": [0.362705, 0.385186, 0.252109]}","{""event"": 0, ""fast"": 0, ""slow"": 1}",independent_head_argmax,0,0,0,slow_head_cache_fill,"[true, true, true, true, true]",False,"[0.211855, 0.138661, 0.081019, 0.118471, 0.449994]",-1.551854,-1.551854,True
frozen_check,sa_ghmappo,29,frozen_check_00,1,"{""event"": [0.25713565945625305, -0.1569148153066635], ""fast"": [-0.009624652564525604, -0.22118698060512543], ""slow"": [0.06575407087802887, 0.341121107339859, -0.37960126996040344]}","{""event"": [0.602059, 0.397941], ""fast"": [0.552694, 0.447306], ""slow"": [0.338111, 0.445297, 0.216593]}","{""event"": 0, ""fast"": 0, ""slow"": 1}",independent_head_argmax,0,0,0,slow_head_cache_fill,"[true, true, true, true, true]",False,"[0.268095, 0.130401, 0.091055, 0.112508, 0.397941]",-1.316415,-1.316415,True
frozen_check,sa_ghmappo,29,frozen_check_00,2,"{""event"": [0.11447922140359879, -0.006355397868901491], ""fast"": [0.05715515464544296, -0.3301301598548889], ""slow"": [0.08148862421512604, 0.3109273910522461, -0.36434927582740784]}","{""event"": [0.530172, 0.469828], ""fast"": [0.595629, 0.404371], ""slow"": [0.345044, 0.434029, 0.220927]}","{""event"": 0, ""fast"": 0, ""slow"": 1}",independent_head_argmax,0,0,0,slow_head_cache_fill,"[true, false, true, true, true]",False,"[0.260638, 0.0, 0.083787, 0.123416, 0.53216]",-1.344622,-1.344622,True
frozen_check,sa_ghmappo,29,frozen_check_00,3,"{""event"": [0.06695318967103958, 0.045229941606521606], ""fast"": [0.11802976578474045, -0.42549392580986023], ""slow"": [0.09092424809932709, 0.24133464694023132, -0.3507581949234009]}","{""event"": [0.505431, 0.494569], ""fast"": [0.632632, 0.367368], ""slow"": [0.356473, 0.414332, 0.229195]}","{""event"": 0, ""fast"": 0, ""slow"": 1}",independent_head_argmax,0,0,0,slow_head_cache_fill,"[true, false, true, true, true]",False,"[0.236854, 0.0, 0.074862, 0.128917, 0.559368]",-1.440312,-1.440312,True
frozen_check,sa_ghmappo,29,frozen_check_00,4,"{""event"": [0.3777860701084137, -0.275770366191864], ""fast"": [0.018675245344638824, -0.38028424978256226], ""slow"": [0.05522869527339935, 0.5060580968856812, -0.4352279007434845]}","{""event"": [0.657811, 0.342189], ""fast"": [0.598438, 0.401562], ""slow"": [0.314272, 0.493285, 0.192443]}","{""event"": 0, ""fast"": 0, ""slow"": 1}",independent_head_argmax,0,0,0,slow_head_cache_fill,"[true, true, true, true, true]",False,"[0.324489, 0.126591, 0.083016, 0.123716, 0.342189]",-1.125505,-1.125505,True
frozen_check,sa_ghmappo,29,frozen_check_00,5,"{""event"": [0.45339497923851013, -0.34105348587036133], ""fast"": [-0.015625938773155212, -0.22543230652809143], ""slow"": [0.08037960529327393, 0.7596356272697449, -0.5598284602165222]}","{""event"": [0.688786, 0.311214], ""fast"": [0.55226, 0.44774], ""slow"": [0.285748, 0.563611, 0.150641]}","{""event"": 0, ""fast"": 0, ""slow"": 1}",independent_head_argmax,0,0,0,slow_head_cache_fill,"[true, false, true, true, true]",False,"[0.433151, 0.0, 0.098326, 0.121279, 0.347244]",-0.836669,-0.836669,True
frozen_check,sa_ghmappo,29,frozen_check_00,6,"{""event"": [0.44120702147483826, -0.3327312767505646], ""fast"": [0.09365128725767136, -0.4051378667354584], ""slow"": [0.07704780995845795, 0.7474114298820496, -0.5505717992782593]}","{""event"": [0.684372, 0.315628], ""fast"": [0.622175, 0.377825], ""slow"": [0.286631, 0.560348, 0.153021]}","{""event"": 0, ""fast"": 0, ""slow"": 1}",independent_head_argmax,0,0,0,slow_head_cache_fill,"[true, false, true, true, true]",False,"[0.428344, 0.0, 0.082784, 0.136323, 0.352548]",-0.847828,-0.847828,True
frozen_check,sa_ghmappo,29,frozen_check_01,0,"{""event"": [0.013241513632237911, 0.042061515152454376], ""fast"": [0.0827319547533989, -0.30738863348960876], ""slow"": [0.07178574055433273, -0.05296887829899788, -0.2304409146308899]}","{""event"": [0.492795, 0.507204], ""fast"": [0.596312, 0.403688], ""slow"": [0.381405, 0.336671, 0.281923]}","{""event"": 1, ""fast"": 0, ""slow"": 0}",independent_head_argmax,4,4,4,event_head_prepare,"[true, true, true, true, true]",False,"[0.16591, 0.138931, 0.075875, 0.11208, 0.507205]",-0.678841,-0.678841,True
frozen_check,sa_ghmappo,29,frozen_check_01,1,"{""event"": [-0.00630292808637023, 0.11679377406835556], ""fast"": [0.0691285952925682, -0.30678001046180725], ""slow"": [0.08573400229215622, 0.14286760985851288, -0.31141364574432373]}","{""event"": [0.469265, 0.530735], ""fast"": [0.592886, 0.407114], ""slow"": [0.366162, 0.387691, 0.246147]}","{""event"": 1, ""fast"": 0, ""slow"": 1}",independent_head_argmax,4,4,4,event_head_prepare,"[true, false, true, true, true]",False,"[0.205688, 0.0, 0.079088, 0.115178, 0.600045]",-0.51075,-0.51075,True
frozen_check,sa_ghmappo,29,frozen_check_01,2,"{""event"": [-0.006896967068314552, 0.06267767399549484], ""fast"": [0.0819622352719307, -0.2908467650413513], ""slow"": [0.0680464580655098, -0.06795135140419006, -0.2089880406856537]}","{""event"": [0.482613, 0.517387], ""fast"": [0.592138, 0.407862], ""slow"": [0.380102, 0.33177, 0.288128]}","{""event"": 1, ""fast"": 0, ""slow"": 0}",independent_head_argmax,4,4,4,event_head_prepare,"[true, true, true, true, true]",False,"[0.160117, 0.139054, 0.074819, 0.108623, 0.517387]",-0.658965,-0.658965,True
frozen_check,sa_ghmappo,29,frozen_check_01,3,"{""event"": [-0.026507167145609856, 0.1317012906074524], ""fast"": [0.12726810574531555, -0.38505619764328003], ""slow"": [0.08805771172046661, 0.10097219049930573, -0.29067462682724]}","{""event"": [0.46053, 0.53947], ""fast"": [0.625351, 0.374649], ""slow"": [0.370682, 0.375501, 0.253817]}","{""event"": 1, ""fast"": 0, ""slow"": 1}",independent_head_argmax,4,4,4,event_head_prepare,"[true, false, true, true, true]",False,"[0.195819, 0.0, 0.072422, 0.120884, 0.610875]",-0.492862,-0.492862,True
frozen_check,sa_ghmappo,29,frozen_check_01,4,"{""event"": [0.3208014667034149, -0.2284320443868637], ""fast"": [0.05210559070110321, -0.41908061504364014], ""slow"": [0.05161766707897186, 0.4570241868495941, -0.3995721936225891]}","{""event"": [0.633958, 0.366042], ""fast"": [0.615664, 0.384336], ""slow"": [0.318798, 0.478169, 0.203033]}","{""event"": 0, ""fast"": 0, ""slow"": 1}",independent_head_argmax,0,0,0,slow_head_cache_fill,"[true, true, true, true, true]",False,"[0.303139, 0.128714, 0.077676, 0.124429, 0.366042]",-1.193564,-1.193564,True
frozen_check,sa_ghmappo,29,frozen_check_01,5,"{""event"": [0.39946550130844116, -0.30055662989616394], ""fast"": [-0.03755643963813782, -0.28226596117019653], ""slow"": [0.06173716485500336, 0.5710411071777344, -0.463980495929718]}","{""event"": [0.668193, 0.331807], ""fast"": [0.560874, 0.439126], ""slow"": [0.307195, 0.511213, 0.181592]}","{""event"": 0, ""fast"": 0, ""slow"": 1}",independent_head_argmax,0,0,0,slow_head_cache_fill,"[true, true, true, true, true]",False,"[0.341589, 0.121339, 0.090137, 0.115128, 0.331807]",-1.074148,-1.074148,True
frozen_check,sa_ghmappo,29,frozen_check_01,6,"{""event"": [0.37301844358444214, -0.25921374559402466], ""fast"": [0.06457215547561646, -0.3111152648925781], ""slow"": [0.07626292109489441, 0.6665717959403992, -0.5155899524688721]}","{""event"": [0.652995, 0.347005], ""fast"": [0.592833, 0.407167], ""slow"": [0.29781, 0.537412, 0.164779]}","{""event"": 0, ""fast"": 0, ""slow"": 1}",independent_head_argmax,0,0,0,slow_head_cache_fill,"[true, false, true, true, true]",False,"[0.39324, 0.0, 0.088728, 0.129188, 0.388844]",-0.933336,-0.933336,True
frozen_check,sa_ghmappo,29,frozen_check_02,0,"{""event"": [0.0958964005112648, -0.03661384433507919], ""fast"": [0.03988999128341675, -0.3280096650123596], ""slow"": [0.0656665563583374, 0.10286282002925873, -0.2804717421531677]}","{""event"": [0.533079, 0.466921], ""fast"": [0.590951, 0.409049], ""slow"": [0.364257, 0.378062, 0.257681]}","{""event"": 0, ""fast"": 0, ""slow"": 1}",independent_head_argmax,0,0,0,slow_head_cache_fill,"[true, true, true, true, true]",False,"[0.201537, 0.137364, 0.079428, 0.11475, 0.466921]",-1.601784,-1.601784,True
frozen_check,sa_ghmappo,29,frozen_check_02,1,"{""event"": [0.2085217386484146, -0.1273590326309204], ""fast"": [-0.008093535900115967, -0.212619811296463], ""slow"": [0.061537228524684906, 0.30961138010025024, -0.358263224363327]}","{""event"": [0.58319, 0.41681], ""fast"": [0.550954, 0.449046], ""slow"": [0.340283, 0.436091, 0.223626]}","{""event"": 0, ""fast"": 0, ""slow"": 1}",independent_head_argmax,0,0,0,slow_head_cache_fill,"[true, true, true, true, true]",False,"[0.254324, 0.130417, 0.089113, 0.109336, 0.41681]",-1.369147,-1.369147,True
frozen_check,sa_ghmappo,29,frozen_check_02,2,"{""event"": [0.32394036650657654, -0.21204452216625214], ""fast"": [0.04910439997911453, -0.3409246802330017], ""slow"": [0.06049215793609619, 0.6350272297859192, -0.4814518690109253]}","{""event"": [0.630878, 0.369122], ""fast"": [0.59629, 0.40371], ""slow"": [0.297803, 0.528989, 0.173207]}","{""event"": 0, ""fast"": 0, ""slow"": 1}",independent_head_argmax,0,0,0,slow_head_cache_fill,"[true, false, true, true, true]",False,"[0.374669, 0.0, 0.085153, 0.125773, 0.414405]",-0.981713,-0.981713,True
frozen_check,sa_ghmappo,29,frozen_check_02,3,"{""event"": [0.47124651074409485, -0.3790925443172455], ""fast"": [-0.047135308384895325, -0.20790228247642517], ""slow"": [0.06975382566452026, 0.6912106871604919, -0.5189136266708374]}","{""event"": [0.700638, 0.299362], ""fast"": [0.540105, 0.459895], ""slow"": [0.29268, 0.544864, 0.162457]}","{""event"": 0, ""fast"": 0, ""slow"": 1}",independent_head_argmax,0,0,0,slow_head_cache_fill,"[true, true, true, true, true]",False,"[0.381752, 0.113823, 0.094307, 0.110755, 0.299362]",-0.962983,-0.962983,True
frozen_check,sa_ghmappo,29,frozen_check_02,4,"{""event"": [0.2679246664047241, -0.18733088672161102], ""fast"": [0.09255381673574448, -0.4839407801628113], ""slow"": [0.0773683413863182, 0.38330599665641785, -0.3934474289417267]}","{""event"": [0.611888, 0.388112], ""fast"": [0.64026, 0.35974], ""slow"": [0.335302, 0.455305, 0.209393]}","{""event"": 0, ""fast"": 0, ""slow"": 1}",independent_head_argmax,0,0,0,slow_head_cache_fill,"[true, true, true, true, true]",False,"[0.278596, 0.128125, 0.073807, 0.13136, 0.388112]",-1.277993,-1.277993,True
frozen_check,sa_ghmappo,29,frozen_check_03,0,"{""event"": [0.09772931039333344, -0.037160005420446396], ""fast"": [0.020067311823368073, -0.27301809191703796], ""slow"": [0.06746931374073029, 0.03832484036684036, -0.2623215913772583]}","{""event"": [0.533671, 0.466329], ""fast"": [0.572751, 0.427249], ""slow"": [0.371699, 0.361022, 0.267279]}","{""event"": 0, ""fast"": 0, ""slow"": 0}",independent_head_argmax,3,3,3,fast_head_steady_offload,"[true, true, true, true, true]",False,"[0.192667, 0.142639, 0.084751, 0.113614, 0.466329]",-2.17495,-2.17495,True
frozen_check,sa_ghmappo,29,frozen_check_03,1,"{""event"": [0.3599865436553955, -0.24002450704574585], ""fast"": [-0.034359514713287354, -0.1738009750843048], ""slow"": [0.074496328830719, 0.6433476805686951, -0.4956043064594269]}","{""event"": [0.645659, 0.354341], ""fast"": [0.534804, 0.465196], ""slow"": [0.300147, 0.53013, 0.169723]}","{""event"": 0, ""fast"": 0, ""slow"": 1}",independent_head_argmax,0,0,0,slow_head_cache_fill,"[true, false, true, true, true]",False,"[0.384408, 0.0, 0.101246, 0.116396, 0.39795]",-0.956051,-0.956051,True
frozen_check,sa_ghmappo,29,frozen_check_03,2,"{""event"": [-0.02856791764497757, 0.10797470808029175], ""fast"": [0.08804536610841751, -0.33305394649505615], ""slow"": [0.09434536099433899, 0.05037267133593559, -0.2758736312389374]}","{""event"": [0.465917, 0.534083], ""fast"": [0.603746, 0.396254], ""slow"": [0.377706, 0.361457, 0.260837]}","{""event"": 1, ""fast"": 0, ""slow"": 0}",independent_head_argmax,4,4,4,event_head_prepare,"[true, false, true, true, true]",False,"[0.191707, 0.0, 0.079379, 0.120945, 0.607968]",-0.497633,-0.497633,True
frozen_check,sa_ghmappo,29,frozen_check_03,3,"{""event"": [-0.027542920783162117, 0.11845266073942184], ""fast"": [0.12540468573570251, -0.45668286085128784], ""slow"": [0.09849178791046143, 0.07165704667568207, -0.29060161113739014]}","{""event"": [0.463566, 0.536434], ""fast"": [0.641548, 0.358452], ""slow"": [0.377189, 0.367202, 0.25561]}","{""event"": 1, ""fast"": 0, ""slow"": 0}",independent_head_argmax,4,4,4,event_head_prepare,"[true, false, true, true, true]",False,"[0.193103, 0.0, 0.071101, 0.127254, 0.608541]",-0.49669,-0.49669,True
frozen_check,sa_ghmappo,29,frozen_check_03,4,"{""event"": [-0.03025907650589943, 0.11461203545331955], ""fast"": [0.12602585554122925, -0.4646422863006592], ""slow"": [0.09289579093456268, 0.0808163583278656, -0.2946591079235077]}","{""event"": [0.463845, 0.536155], ""fast"": [0.643518, 0.356482], ""slow"": [0.374994, 0.370492, 0.254514]}","{""event"": 1, ""fast"": 0, ""slow"": 0}",independent_head_argmax,4,4,4,event_head_prepare,"[true, false, true, true, true]",False,"[0.194854, 0.0, 0.070306, 0.126916, 0.607923]",-0.497707,-0.497707,True
frozen_check,sa_ghmappo,29,frozen_check_03,5,"{""event"": [-0.09651418775320053, 0.191683828830719], ""fast"": [0.18879729509353638, -0.5602356195449829], ""slow"": [0.1132047027349472, -0.031664881855249405, -0.2730403244495392]}","{""event"": [0.428445, 0.571555], ""fast"": [0.678968, 0.321032], ""slow"": [0.392968, 0.33997, 0.267062]}","{""event"": 1, ""fast"": 0, ""slow"": 0}",independent_head_argmax,4,4,4,event_head_prepare,"[true, false, true, true, true]",False,"[0.164478, 0.0, 0.061034, 0.129085, 0.645403]",-0.43788,-0.43788,True
frozen_check,sa_ghmappo,29,frozen_check_04,0,"{""event"": [0.14959584176540375, -0.07776379585266113], ""fast"": [0.04730111360549927, -0.3216710090637207], ""slow"": [0.06835224479436874, 0.14226186275482178, -0.3059040606021881]}","{""event"": [0.556596, 0.443404], ""fast"": [0.591211, 0.408789], ""slow"": [0.361728, 0.389476, 0.248797]}","{""event"": 0, ""fast"": 0, ""slow"": 1}",independent_head_argmax,0,0,0,slow_head_cache_fill,"[true, true, true, true, true]",False,"[0.216781, 0.138479, 0.082304, 0.119032, 0.443404]",-1.528869,-1.528869,True
frozen_check,sa_ghmappo,29,frozen_check_04,1,"{""event"": [0.37527623772621155, -0.25750428438186646], ""fast"": [-0.03748753294348717, -0.20018097758293152], ""slow"": [0.08076536655426025, 0.6779716610908508, -0.5205975770950317]}","{""event"": [0.65312, 0.34688], ""fast"": [0.540584, 0.459416], ""slow"": [0.297168, 0.539965, 0.162867]}","{""event"": 0, ""fast"": 0, ""slow"": 1}",independent_head_argmax,0,0,0,slow_head_cache_fill,"[true, false, true, true, true]",False,"[0.39464, 0.0, 0.09978, 0.117409, 0.388171]",-0.929781,-0.929781,True
frozen_check,sa_ghmappo,29,frozen_check_04,2,"{""event"": [0.04341987147927284, 0.04420868307352066], ""fast"": [0.11123459786176682, -0.4375970959663391], ""slow"": [0.09033159166574478, 0.18873870372772217, -0.33237409591674805]}","{""event"": [0.499803, 0.500197], ""fast"": [0.633864, 0.366135], ""slow"": [0.362492, 0.399978, 0.23753]}","{""event"": 1, ""fast"": 0, ""slow"": 1}",independent_head_argmax,4,4,4,event_head_prepare,"[true, false, true, true, true]",False,"[0.22684, 0.0, 0.07527, 0.13031, 0.567579]",-0.566375,-0.566375,True
frozen_check,sa_ghmappo,29,frozen_check_04,3,"{""event"": [0.2642676830291748, -0.14069700241088867], ""fast"": [0.10234805196523666, -0.45012766122817993], ""slow"": [0.07821068167686462, 0.5312090516090393, -0.45841336250305176]}","{""event"": [0.59988, 0.40012], ""fast"": [0.63471, 0.36529], ""slow"": [0.316682, 0.498148, 0.18517]}","{""event"": 0, ""fast"": 0, ""slow"": 1}",independent_head_argmax,0,0,0,slow_head_cache_fill,"[true, false, true, true, true]",False,"[0.336171, 0.0, 0.078066, 0.135644, 0.450119]",-1.090136,-1.090136,True
frozen_check,sa_ghmappo,29,frozen_check_04,4,"{""event"": [0.4828857481479645, -0.388479083776474], ""fast"": [-0.03355098143219948, -0.21096529066562653], ""slow"": [0.06503823399543762, 0.6537317633628845, -0.49712908267974854]}","{""event"": [0.70503, 0.29497], ""fast"": [0.544238, 0.455762], ""slow"": [0.296595, 0.534355, 0.169051]}","{""event"": 0, ""fast"": 0, ""slow"": 1}",independent_head_argmax,0,0,0,slow_head_cache_fill,"[true, true, true, true, true]",False,"[0.376736, 0.119186, 0.095304, 0.113804, 0.29497]",-0.976211,-0.976211,True
frozen_check,sa_ghmappo,29,frozen_check_04,5,"{""event"": [0.397102952003479, -0.28254079818725586], ""fast"": [-0.008813463151454926, -0.20289203524589539], ""slow"": [0.08083207905292511, 0.6994538307189941, -0.5322597622871399]}","{""event"": [0.663659, 0.336341], ""fast"": [0.548368, 0.451632], ""slow"": [0.294287, 0.546305, 0.159408]}","{""event"": 0, ""fast"": 0, ""slow"": 1}",independent_head_argmax,0,0,0,slow_head_cache_fill,"[true, false, true, true, true]",False,"[0.405454, 0.0, 0.098642, 0.119771, 0.376133]",-0.902747,-0.902747,True
frozen_check,sa_ghmappo,29,frozen_check_04,6,"{""event"": [-0.005737937521189451, 0.09150380641222], ""fast"": [0.1840565800666809, -0.5691847801208496], ""slow"": [0.1045042872428894, 0.09984926879405975, -0.3188263773918152]}","{""event"": [0.475709, 0.524291], ""fast"": [0.679885, 0.320115], ""slow"": [0.377327, 0.375575, 0.247097]}","{""event"": 1, ""fast"": 0, ""slow"": 0}",independent_head_argmax,4,4,4,event_head_prepare,"[true, false, true, true, true]",False,"[0.202463, 0.0, 0.065114, 0.138294, 0.594129]",-0.520659,-0.520659,True
frozen_check,sa_ghmappo,29,frozen_check_05,0,"{""event"": [0.29371118545532227, -0.21095378696918488], ""fast"": [-0.035175494849681854, -0.0930485799908638], ""slow"": [0.054987408220767975, 0.3662935793399811, -0.37481337785720825]}","{""event"": [0.623555, 0.376445], ""fast"": [0.514464, 0.485536], ""slow"": [0.331582, 0.452678, 0.21574]}","{""event"": 0, ""fast"": 0, ""slow"": 1}",independent_head_argmax,0,0,0,slow_head_cache_fill,"[true, true, true, true, true]",False,"[0.28227, 0.134526, 0.100389, 0.10637, 0.376445]",-1.264893,-1.264893,True
frozen_check,sa_ghmappo,29,frozen_check_05,1,"{""event"": [0.05714544653892517, 0.020855700597167015], ""fast"": [0.04137856513261795, -0.24548736214637756], ""slow"": [0.0795571580529213, -0.009293967857956886, -0.25328317284584045]}","{""event"": [0.509071, 0.490929], ""fast"": [0.571229, 0.428771], ""slow"": [0.379958, 0.347655, 0.272386]}","{""event"": 0, ""fast"": 0, ""slow"": 0}",independent_head_argmax,3,3,3,fast_head_steady_offload,"[true, true, true, true, true]",False,"[0.176981, 0.138664, 0.082936, 0.11049, 0.490929]",-2.202826,-2.202826,True
frozen_check,sa_ghmappo,29,frozen_check_05,2,"{""event"": [0.3421732187271118, -0.2512662410736084], ""fast"": [-0.044566310942173004, -0.08861839026212692], ""slow"": [0.054056450724601746, 0.4387519955635071, -0.4013051986694336]}","{""event"": [0.644154, 0.355846], ""fast"": [0.511011, 0.488989], ""slow"": [0.322229, 0.473408, 0.204363]}","{""event"": 0, ""fast"": 0, ""slow"": 1}",independent_head_argmax,0,0,0,slow_head_cache_fill,"[true, true, true, true, true]",False,"[0.304948, 0.131642, 0.101497, 0.106068, 0.355846]",-1.187616,-1.187616,True
frozen_check,sa_ghmappo,29,frozen_check_05,3,"{""event"": [0.064573734998703, 0.04905658960342407], ""fast"": [0.06928735226392746, -0.3912363052368164], ""slow"": [0.09594561159610748, 0.22812530398368835, -0.34529149532318115]}","{""event"": [0.503879, 0.496121], ""fast"": [0.613138, 0.386862], ""slow"": [0.359124, 0.409873, 0.231003]}","{""event"": 0, ""fast"": 0, ""slow"": 1}",independent_head_argmax,0,0,0,slow_head_cache_fill,"[true, false, true, true, true]",False,"[0.233732, 0.0, 0.079226, 0.125566, 0.561475]",-1.453578,-1.453578,True
frozen_check,sa_ghmappo,29,frozen_check_05,4,"{""event"": [0.045589249581098557, 0.047452688217163086], ""fast"": [0.11596400290727615, -0.44579821825027466], ""slow"": [0.09013644605875015, 0.1792248785495758, -0.32993459701538086]}","{""event"": [0.499534, 0.500466], ""fast"": [0.63686, 0.36314], ""slow"": [0.363613, 0.397493, 0.238894]}","{""event"": 1, ""fast"": 0, ""slow"": 1}",independent_head_argmax,4,4,4,event_head_prepare,"[true, false, true, true, true]",False,"[0.225468, 0.0, 0.074898, 0.131352, 0.568282]",-0.565137,-0.565137,True
frozen_check,sa_ghmappo,29,frozen_check_05,5,"{""event"": [-0.0007713016238994896, 0.1120150238275528], ""fast"": [0.13480839133262634, -0.41966795921325684], ""slow"": [0.10147823393344879, 0.11521841585636139, -0.3130235970020294]}","{""event"": [0.471833, 0.528167], ""fast"": [0.635173, 0.364826], ""slow"": [0.373901, 0.379074, 0.247025]}","{""event"": 1, ""fast"": 0, ""slow"": 1}",independent_head_argmax,4,4,4,event_head_prepare,"[true, false, true, true, true]",False,"[0.202457, 0.0, 0.072854, 0.12684, 0.597849]",-0.514418,-0.514418,True
frozen_check,sa_ghmappo,29,frozen_check_05,6,"{""event"": [-0.06653957068920135, 0.14992012083530426], ""fast"": [0.2032492458820343, -0.5907191634178162], ""slow"": [0.10913236439228058, -0.019216034561395645, -0.2781732380390167]}","{""event"": [0.446095, 0.553905], ""fast"": [0.688683, 0.311317], ""slow"": [0.390865, 0.343784, 0.265352]}","{""event"": 1, ""fast"": 0, ""slow"": 0}",independent_head_argmax,4,4,4,event_head_prepare,"[true, false, true, true, true]",False,"[0.173951, 0.0, 0.06157, 0.136203, 0.628275]",-0.464778,-0.464778,True
frozen_check,sa_ghmappo,29,frozen_check_06,0,"{""event"": [0.13687004148960114, -0.08627039194107056], ""fast"": [0.019307255744934082, -0.32230573892593384], ""slow"": [0.061170946806669235, 0.140906423330307, -0.28842589259147644]}","{""event"": [0.555555, 0.444445], ""fast"": [0.584582, 0.415418], ""slow"": [0.358684, 0.388454, 0.252862]}","{""event"": 0, ""fast"": 0, ""slow"": 1}",independent_head_argmax,0,0,0,slow_head_cache_fill,"[true, true, true, true, true]",False,"[0.215808, 0.140479, 0.08278, 0.116489, 0.444445]",-1.533367,-1.533367,True
frozen_check,sa_ghmappo,29,frozen_check_06,1,"{""event"": [0.2518137991428375, -0.17723603546619415], ""fast"": [-0.015183158218860626, -0.19963856041431427], ""slow"": [0.05932087451219559, 0.35332322120666504, -0.3695888817310333]}","{""event"": [0.605647, 0.394353], ""fast"": [0.545984, 0.454016], ""slow"": [0.334112, 0.448308, 0.21758]}","{""event"": 0, ""fast"": 0, ""slow"": 1}",independent_head_argmax,0,0,0,slow_head_cache_fill,"[true, true, true, true, true]",False,"[0.271516, 0.131777, 0.091872, 0.110482, 0.394353]",-1.303734,-1.303734,True
frozen_check,sa_ghmappo,29,frozen_check_06,2,"{""event"": [0.34721019864082336, -0.2441752403974533], ""fast"": [0.02160590887069702, -0.3356502950191498], ""slow"": [0.06007740646600723, 0.6414075493812561, -0.4803104102611542]}","{""event"": [0.643683, 0.356317], ""fast"": [0.588376, 0.411624], ""slow"": [0.296653, 0.530539, 0.172807]}","{""event"": 0, ""fast"": 0, ""slow"": 1}",independent_head_argmax,0,0,0,slow_head_cache_fill,"[true, false, true, true, true]",False,"[0.384239, 0.0, 0.088437, 0.126412, 0.400912]",-0.95649,-0.95649,True
frozen_check,sa_ghmappo,29,frozen_check_06,3,"{""event"": [0.4608480632305145, -0.3766903281211853], ""fast"": [-0.05744007229804993, -0.19743087887763977], ""slow"": [0.06857624650001526, 0.6602104902267456, -0.4988132119178772]}","{""event"": [0.697946, 0.302053], ""fast"": [0.534941, 0.465059], ""slow"": [0.296389, 0.535557, 0.168054]}","{""event"": 0, ""fast"": 0, ""slow"": 1}",independent_head_argmax,0,0,0,slow_head_cache_fill,"[true, true, true, true, true]",False,"[0.37379, 0.117293, 0.096204, 0.11066, 0.302053]",-0.984061,-0.984061,True
frozen_check,sa_ghmappo,29,frozen_check_06,4,"{""event"": [0.3969185948371887, -0.3166511356830597], ""fast"": [-0.013034038245677948, -0.3414190411567688], ""slow"": [0.051069118082523346, 0.5802618861198425, -0.44537392258644104]}","{""event"": [0.671189, 0.328811], ""fast"": [0.581366, 0.418634], ""slow"": [0.302457, 0.51344, 0.184103]}","{""event"": 0, ""fast"": 0, ""slow"": 1}",independent_head_argmax,0,0,0,slow_head_cache_fill,"[true, true, true, true, true]",False,"[0.344615, 0.123568, 0.084985, 0.118021, 0.328811]",-1.065327,-1.065327,True
frozen_check,sa_ghmappo,29,frozen_check_06,5,"{""event"": [0.30193039774894714, -0.21474000811576843], ""fast"": [0.09034108370542526, -0.5099226832389832], ""slow"": [0.0821065753698349, 0.42241770029067993, -0.4208097755908966]}","{""event"": [0.626369, 0.373631], ""fast"": [0.645717, 0.354283], ""slow"": [0.332209, 0.466882, 0.200908]}","{""event"": 0, ""fast"": 0, ""slow"": 1}",independent_head_argmax,0,0,0,slow_head_cache_fill,"[true, true, true, true, true]",False,"[0.29244, 0.125843, 0.073721, 0.134364, 0.373631]",-1.229494,-1.229494,True
frozen_check,sa_ghmappo,29,frozen_check_07,0,"{""event"": [0.35948535799980164, -0.2937193810939789], ""fast"": [0.03372352570295334, -0.26151275634765625], ""slow"": [0.06096583604812622, 0.4945821762084961, -0.4266274571418762]}","{""event"": [0.657732, 0.342268], ""fast"": [0.573278, 0.426722], ""slow"": [0.316763, 0.488711, 0.194525]}","{""event"": 0, ""fast"": 0, ""slow"": 1}",independent_head_argmax,0,0,0,slow_head_cache_fill,"[true, true, true, true, true]",False,"[0.321441, 0.127946, 0.088906, 0.11944, 0.342268]",-1.134941,-1.134941,True
frozen_check,sa_ghmappo,29,frozen_check_07,1,"{""event"": [0.45150190591812134, -0.37166181206703186], ""fast"": [-0.01919564977288246, -0.23344239592552185], ""slow"": [0.06583355367183685, 0.6408073902130127, -0.48840731382369995]}","{""event"": [0.694907, 0.305092], ""fast"": [0.553358, 0.446642], ""slow"": [0.298366, 0.530221, 0.171414]}","{""event"": 0, ""fast"": 0, ""slow"": 1}",independent_head_argmax,0,0,0,slow_head_cache_fill,"[true, true, true, true, true]",False,"[0.368454, 0.119117, 0.092605, 0.114731, 0.305092]",-0.998438,-0.998438,True
frozen_check,sa_ghmappo,29,frozen_check_07,2,"{""event"": [0.5200977921485901, -0.4550668001174927], ""fast"": [-0.06095714494585991, -0.11790789663791656], ""slow"": [0.07059215009212494, 0.740648090839386, -0.5350654721260071]}","{""event"": [0.726148, 0.273852], ""fast"": [0.514234, 0.485766], ""slow"": [0.285709, 0.558375, 0.155916]}","{""event"": 0, ""fast"": 0, ""slow"": 1}",independent_head_argmax,0,0,0,slow_head_cache_fill,"[true, true, true, true, true]",False,"[0.405463, 0.113218, 0.10078, 0.106687, 0.273852]",-0.902726,-0.902726,True
frozen_check,sa_ghmappo,29,frozen_check_07,3,"{""event"": [0.4805837571620941, -0.4019615948200226], ""fast"": [-0.053695064038038254, -0.2382420301437378], ""slow"": [0.06807564198970795, 0.6848577857017517, -0.5092973709106445]}","{""event"": [0.707349, 0.292651], ""fast"": [0.546006, 0.453994], ""slow"": [0.292883, 0.5427, 0.164416]}","{""event"": 0, ""fast"": 0, ""slow"": 1}",independent_head_argmax,0,0,0,slow_head_cache_fill,"[true, true, true, true, true]",False,"[0.383879, 0.1163, 0.094054, 0.113117, 0.292651]",-0.957429,-0.957429,True
frozen_check,sa_ghmappo,29,frozen_check_07,4,"{""event"": [0.5438003540039062, -0.4645703136920929], ""fast"": [-0.061519719660282135, -0.21764922142028809], ""slow"": [0.07726731151342392, 0.7923220992088318, -0.5686179995536804]}","{""event"": [0.732701, 0.267299], ""fast"": [0.538953, 0.461047], ""slow"": [0.28023, 0.572874, 0.146896]}","{""event"": 0, ""fast"": 0, ""slow"": 1}",independent_head_argmax,0,0,0,slow_head_cache_fill,"[true, true, true, true, true]",False,"[0.419745, 0.107631, 0.094664, 0.110661, 0.267299]",-0.868107,-0.868107,True
frozen_check,sa_ghmappo,29,frozen_check_07,5,"{""event"": [0.35537809133529663, -0.25233006477355957], ""fast"": [0.06972963362932205, -0.37192338705062866], ""slow"": [0.06222736835479736, 0.5212068557739258, -0.449860155582428]}","{""event"": [0.647418, 0.352582], ""fast"": [0.608653, 0.391347], ""slow"": [0.314297, 0.497362, 0.188341]}","{""event"": 0, ""fast"": 0, ""slow"": 1}",independent_head_argmax,0,0,0,slow_head_cache_fill,"[true, true, true, true, true]",False,"[0.322001, 0.121935, 0.079632, 0.12385, 0.352582]",-1.1332,-1.1332,True
frozen_check,sa_ghmappo,29,frozen_check_07,6,"{""event"": [0.5375041961669922, -0.4529156982898712], ""fast"": [-0.03921635448932648, -0.22878195345401764], ""slow"": [0.07543934881687164, 0.7710381150245667, -0.5564628839492798]}","{""event"": [0.729171, 0.270829], ""fast"": [0.54725, 0.45275], ""slow"": [0.282766, 0.566921, 0.150313]}","{""event"": 0, ""fast"": 0, ""slow"": 1}",independent_head_argmax,0,0,0,slow_head_cache_fill,"[true, true, true, true, true]",False,"[0.413382, 0.109604, 0.09335, 0.112835, 0.270829]",-0.883383,-0.883383,True
frozen_check,sa_ghmappo,29,frozen_check_07,7,"{""event"": [0.35044097900390625, -0.25426459312438965], ""fast"": [0.014157108962535858, -0.3838110864162445], ""slow"": [0.06575549393892288, 0.494412362575531, -0.4373554289340973]}","{""event"": [0.646732, 0.353268], ""fast"": [0.598199, 0.401801], ""slow"": [0.318487, 0.48894, 0.192572]}","{""event"": 0, ""fast"": 0, ""slow"": 1}",independent_head_argmax,0,0,0,slow_head_cache_fill,"[true, true, true, true, true]",False,"[0.316213, 0.124543, 0.082761, 0.123215, 0.353268]",-1.151338,-1.151338,True
frozen_check,sa_ghmappo,29,frozen_check_07,8,"{""event"": [0.43349289894104004, -0.3305964469909668], ""fast"": [-0.04214053228497505, -0.24814718961715698], ""slow"": [0.07125835120677948, 0.7468180060386658, -0.5480691194534302]}","{""event"": [0.682241, 0.317759], ""fast"": [0.55132, 0.44868], ""slow"": [0.285434, 0.560915, 0.153651]}","{""event"": 0, ""fast"": 0, ""slow"": 1}",independent_head_argmax,0,0,0,slow_head_cache_fill,"[true, false, true, true, true]",False,"[0.427492, 0.0, 0.097605, 0.119933, 0.354969]",-0.84982,-0.84982,True
frozen_check,sa_ghmappo,29,frozen_check_07,9,"{""event"": [-0.06381872296333313, 0.15727680921554565], ""fast"": [0.18331214785575867, -0.5794495344161987], ""slow"": [0.10705878585577011, 0.01898845285177231, -0.2856178879737854]}","{""event"": [0.44495, 0.55505], ""fast"": [0.681953, 0.318047], ""slow"": [0.38596, 0.353422, 0.260618]}","{""event"": 1, ""fast"": 0, ""slow"": 0}",independent_head_argmax,4,4,4,event_head_prepare,"[true, false, true, true, true]",False,"[0.177883, 0.0, 0.061784, 0.132476, 0.627858]",-0.465442,-0.465442,True
regression,ppo,7,regression_00,0,"{""flat"": [0.37363091111183167, 0.04202399402856827, 0.332633912563324, -0.2837007939815521, -0.04763440787792206]}","{""flat"": [0.259602, 0.186334, 0.249174, 0.134534, 0.170355]}","{""flat"": 0}",unspecified,0,0,0,flat_action_0,"[true, true, true, true, true]",False,"[0.259602, 0.186334, 0.249174, 0.134534, 0.170355]",-1.348605,-1.348605,True
regression,ppo,7,regression_00,1,"{""flat"": [0.4473891258239746, 0.017404843121767044, 0.3993794322013855, -0.3255162835121155, -0.1266435980796814]}","{""flat"": [0.275591, 0.179277, 0.262673, 0.127232, 0.155227]}","{""flat"": 0}",unspecified,0,0,0,flat_action_0,"[true, true, true, true, true]",False,"[0.275591, 0.179277, 0.262673, 0.127232, 0.155227]",-1.288837,-1.288837,True
regression,ppo,7,regression_00,2,"{""flat"": [0.5440261363983154, 0.002309538424015045, 0.48810964822769165, -0.40907022356987, -0.25031161308288574]}","{""flat"": [0.359319, 0.0, 0.339778, 0.138534, 0.162369]}","{""flat"": 0}",unspecified,0,0,0,flat_action_0,"[true, false, true, true, true]",False,"[0.359319, 0.0, 0.339778, 0.138534, 0.162369]",-1.023545,-1.023545,True
regression,ppo,7,regression_00,3,"{""flat"": [0.6364568471908569, -0.04452085494995117, 0.5343404412269592, -0.3856116235256195, -0.36785513162612915]}","{""flat"": [0.31896, 0.161432, 0.287996, 0.114778, 0.116834]}","{""flat"": 0}",unspecified,0,0,0,flat_action_0,"[true, true, true, true, true]",False,"[0.31896, 0.161432, 0.287996, 0.114778, 0.116834]",-1.142691,-1.142691,True
regression,ppo,7,regression_00,4,"{""flat"": [0.6306779980659485, -0.025976963341236115, 0.5778447389602661, -0.4503738284111023, -0.345578670501709]}","{""flat"": [0.375306, 0.0, 0.355992, 0.127318, 0.141385]}","{""flat"": 0}",unspecified,0,0,0,flat_action_0,"[true, false, true, true, true]",False,"[0.375306, 0.0, 0.355992, 0.127318, 0.141385]",-0.980015,-0.980015,True
regression,ppo,7,regression_01,0,"{""flat"": [0.46741074323654175, 0.0019623860716819763, 0.39444631338119507, -0.28669407963752747, -0.18199343979358673]}","{""flat"": [0.281668, 0.176846, 0.261848, 0.132506, 0.147131]}","{""flat"": 0}",unspecified,0,0,0,flat_action_0,"[true, true, true, true, true]",False,"[0.281668, 0.176846, 0.261848, 0.132506, 0.147131]",-1.267025,-1.267025,True
regression,ppo,7,regression_01,1,"{""flat"": [0.451831579208374, 0.002203211188316345, 0.38738399744033813, -0.2855851352214813, -0.16205401718616486]}","{""flat"": [0.278161, 0.177429, 0.260799, 0.133058, 0.150553]}","{""flat"": 0}",unspecified,0,0,0,flat_action_0,"[true, true, true, true, true]",False,"[0.278161, 0.177429, 0.260799, 0.133058, 0.150553]",-1.279556,-1.279556,True
regression,ppo,7,regression_01,2,"{""flat"": [0.45820850133895874, -0.00345630943775177, 0.39734214544296265, -0.2941228449344635, -0.1687033325433731]}","{""flat"": [0.279588, 0.176206, 0.263078, 0.131761, 0.149367]}","{""flat"": 0}",unspecified,0,0,0,flat_action_0,"[true, true, true, true, true]",False,"[0.279588, 0.176206, 0.263078, 0.131761, 0.149367]",-1.274437,-1.274437,True
regression,ppo,7,regression_01,3,"{""flat"": [0.4464339017868042, -0.004432953894138336, 0.39349156618118286, -0.29419443011283875, -0.15511877834796906]}","{""flat"": [0.276986, 0.176461, 0.262704, 0.132071, 0.151778]}","{""flat"": 0}",unspecified,0,0,0,flat_action_0,"[true, true, true, true, true]",False,"[0.276986, 0.176461, 0.262704, 0.132071, 0.151778]",-1.283787,-1.283787,True
regression,ppo,7,regression_01,4,"{""flat"": [0.482147216796875, 0.016012027859687805, 0.45303934812545776, -0.35407373309135437, -0.1572503000497818]}","{""flat"": [0.341033, 0.0, 0.331249, 0.147785, 0.179933]}","{""flat"": 0}",unspecified,0,0,0,flat_action_0,"[true, false, true, true, true]",False,"[0.341033, 0.0, 0.331249, 0.147785, 0.179933]",-1.075776,-1.075776,True
regression,ppo,7,regression_01,5,"{""flat"": [0.44578486680984497, 0.02204062044620514, 0.4308643937110901, -0.34570902585983276, -0.11117790639400482]}","{""flat"": [0.332082, 0.0, 0.327164, 0.150489, 0.190265]}","{""flat"": 0}",unspecified,0,0,0,flat_action_0,"[true, false, true, true, true]",False,"[0.332082, 0.0, 0.327164, 0.150489, 0.190265]",-1.102373,-1.102373,True
regression,ppo,7,regression_01,6,"{""flat"": [0.4869070053100586, 0.007661595940589905, 0.4695087671279907, -0.3692808449268341, -0.16471610963344574]}","{""flat"": [0.341445, 0.0, 0.335556, 0.145038, 0.177961]}","{""flat"": 0}",unspecified,0,0,0,flat_action_0,"[true, false, true, true, true]",False,"[0.341445, 0.0, 0.335556, 0.145038, 0.177961]",-1.074569,-1.074569,True
regression,ppo,7,regression_01,7,"{""flat"": [0.4465610384941101, 0.013964369893074036, 0.4544225335121155, -0.37307965755462646, -0.11648440361022949]}","{""flat"": [0.33135, 0.0, 0.333965, 0.14599, 0.188695]}","{""flat"": 2}",unspecified,2,2,2,flat_action_2,"[true, false, true, true, true]",False,"[0.33135, 0.0, 0.333965, 0.14599, 0.188695]",-1.096718,-1.096718,True
regression,ppo,7,regression_02,0,"{""flat"": [0.37174272537231445, 0.02478013187646866, 0.3150768280029297, -0.2423693835735321, -0.0928109735250473]}","{""flat"": [0.261693, 0.184973, 0.247276, 0.141607, 0.164452]}","{""flat"": 0}",unspecified,0,0,0,flat_action_0,"[true, true, true, true, true]",False,"[0.261693, 0.184973, 0.247276, 0.141607, 0.164452]",-1.340585,-1.340585,True
regression,ppo,7,regression_02,1,"{""flat"": [0.6132795214653015, -0.02461668848991394, 0.5196157693862915, -0.38767966628074646, -0.39076507091522217]}","{""flat"": [0.378142, 0.0, 0.344332, 0.138977, 0.138549]}","{""flat"": 0}",unspecified,0,0,0,flat_action_0,"[true, false, true, true, true]",False,"[0.378142, 0.0, 0.344332, 0.138977, 0.138549]",-0.972486,-0.972486,True
regression,ppo,7,regression_02,2,"{""flat"": [0.29702866077423096, 0.0659254640340805, 0.3025962710380554, -0.28301915526390076, 0.030853115022182465]}","{""flat"": [0.300142, 0.0, 0.301817, 0.168041, 0.23]}","{""flat"": 2}",unspecified,2,2,2,flat_action_2,"[true, false, true, true, true]",False,"[0.300142, 0.0, 0.301817, 0.168041, 0.23]",-1.197933,-1.197933,True
regression,ppo,7,regression_02,3,"{""flat"": [0.31160682439804077, 0.06236131489276886, 0.31995251774787903, -0.2823614180088043, 0.024028614163398743]}","{""flat"": [0.302061, 0.0, 0.304592, 0.166777, 0.226569]}","{""flat"": 2}",unspecified,2,2,2,flat_action_2,"[true, false, true, true, true]",False,"[0.302061, 0.0, 0.304592, 0.166777, 0.226569]",-1.188781,-1.188781,True
regression,ppo,7,regression_02,4,"{""flat"": [0.6764933466911316, -0.07217241823673248, 0.5515024662017822, -0.3644774258136749, -0.47561293840408325]}","{""flat"": [0.330624, 0.156384, 0.291777, 0.116747, 0.104467]}","{""flat"": 0}",unspecified,0,0,0,flat_action_0,"[true, true, true, true, true]",False,"[0.330624, 0.156384, 0.291777, 0.116747, 0.104467]",-1.106774,-1.106774,True
regression,ppo,7,regression_02,5,"{""flat"": [0.5638735890388489, -0.02421680837869644, 0.5049650073051453, -0.38140273094177246, -0.31409698724746704]}","{""flat"": [0.364035, 0.0, 0.343209, 0.141454, 0.151302]}","{""flat"": 0}",unspecified,0,0,0,flat_action_0,"[true, false, true, true, true]",False,"[0.364035, 0.0, 0.343209, 0.141454, 0.151302]",-1.010506,-1.010506,True
regression,ppo,7,regression_02,6,"{""flat"": [0.33616745471954346, 0.047480031847953796, 0.36511319875717163, -0.3087114095687866, 0.002970457077026367]}","{""flat"": [0.305743, 0.0, 0.314722, 0.160431, 0.219104]}","{""flat"": 2}",unspecified,2,2,2,flat_action_2,"[true, false, true, true, true]",False,"[0.305743, 0.0, 0.314722, 0.160431, 0.219104]",-1.156065,-1.156065,True
regression,ppo,7,regression_03,0,"{""flat"": [0.4140593707561493, -0.003919869661331177, 0.3083028495311737, -0.17682170867919922, -0.19470913708209991]}","{""flat"": [0.407584, 0.0, 0.36668, 0.225736, 0.0]}","{""flat"": 0}",unspecified,0,0,0,flat_action_0,"[true, false, true, true, false]",False,"[0.407584, 0.0, 0.36668, 0.225736, 0.0]",-0.897509,-0.897509,True
regression,ppo,7,regression_03,1,"{""flat"": [0.42390701174736023, 0.002530202269554138, 0.3579447865486145, -0.2383619248867035, -0.16928623616695404]}","{""flat"": [0.273183, 0.179247, 0.255745, 0.140875, 0.15095]}","{""flat"": 0}",unspecified,0,0,0,flat_action_0,"[true, true, true, true, true]",False,"[0.273183, 0.179247, 0.255745, 0.140875, 0.15095]",-1.297613,-1.297613,True
regression,ppo,7,regression_03,2,"{""flat"": [0.47399967908859253, -0.013328373432159424, 0.40259218215942383, -0.2670155465602875, -0.2279328852891922]}","{""flat"": [0.284284, 0.174626, 0.264692, 0.135498, 0.140899]}","{""flat"": 0}",unspecified,0,0,0,flat_action_0,"[true, true, true, true, true]",False,"[0.284284, 0.174626, 0.264692, 0.135498, 0.140899]",-1.25778,-1.25778,True
regression,ppo,7,regression_03,3,"{""flat"": [0.4863683581352234, -0.019765600562095642, 0.41770631074905396, -0.27835091948509216, -0.2442847043275833]}","{""flat"": [0.287066, 0.173049, 0.268017, 0.133619, 0.138249]}","{""flat"": 0}",unspecified,0,0,0,flat_action_0,"[true, true, true, true, true]",False,"[0.287066, 0.173049, 0.268017, 0.133619, 0.138249]",-1.248044,-1.248044,True
regression,ppo,7,regression_03,4,"{""flat"": [0.5737061500549316, -0.03040127456188202, 0.49244457483291626, -0.35460612177848816, -0.3619411587715149]}","{""flat"": [0.369071, 0.0, 0.340266, 0.145864, 0.144798]}","{""flat"": 0}",unspecified,0,0,0,flat_action_0,"[true, false, true, true, true]",False,"[0.369071, 0.0, 0.340266, 0.145864, 0.144798]",-0.996766,-0.996766,True
regression,ppo,7,regression_03,5,"{""flat"": [0.42844855785369873, -0.015473254024982452, 0.3490155339241028, -0.20499935746192932, -0.1908462792634964]}","{""flat"": [0.407432, 0.0, 0.37632, 0.216248, 0.0]}","{""flat"": 0}",unspecified,0,0,0,flat_action_0,"[true, false, true, true, false]",False,"[0.407432, 0.0, 0.37632, 0.216248, 0.0]",-0.897882,-0.897882,True
regression,ppo,7,regression_03,6,"{""flat"": [0.43689435720443726, 0.01834551990032196, 0.4179176688194275, -0.30389219522476196, -0.14267361164093018]}","{""flat"": [0.331336, 0.0, 0.325108, 0.157961, 0.185595]}","{""flat"": 0}",unspecified,0,0,0,flat_action_0,"[true, false, true, true, true]",False,"[0.331336, 0.0, 0.325108, 0.157961, 0.185595]",-1.104621,-1.104621,True
regression,ppo,7,regression_03,7,"{""flat"": [0.38192349672317505, 0.028945155441761017, 0.3840141296386719, -0.291929692029953, -0.0750260204076767]}","{""flat"": [0.31796, 0.0, 0.318626, 0.162077, 0.201336]}","{""flat"": 2}",unspecified,2,2,2,flat_action_2,"[true, false, true, true, true]",False,"[0.31796, 0.0, 0.318626, 0.162077, 0.201336]",-1.143738,-1.143738,True
regression,ppo,7,regression_03,8,"{""flat"": [0.3451693058013916, 0.034814223647117615, 0.3601212501525879, -0.2810561954975128, -0.03249959647655487]}","{""flat"": [0.309107, 0.0, 0.313763, 0.16525, 0.21188]}","{""flat"": 2}",unspecified,2,2,2,flat_action_2,"[true, false, true, true, true]",False,"[0.309107, 0.0, 0.313763, 0.16525, 0.21188]",-1.159116,-1.159116,True
regression,ppo,7,regression_03,9,"{""flat"": [0.4605502486228943, 0.001747921109199524, 0.4540002942085266, -0.3323778212070465, -0.1834886521100998]}","{""flat"": [0.336569, 0.0, 0.334372, 0.152304, 0.176755]}","{""flat"": 0}",unspecified,0,0,0,flat_action_0,"[true, false, true, true, true]",False,"[0.336569, 0.0, 0.334372, 0.152304, 0.176755]",-1.088951,-1.088951,True
regression,ppo,7,regression_04,0,"{""flat"": [0.3391484022140503, 0.031000003218650818, 0.29696935415267944, -0.23570039868354797, -0.06036718189716339]}","{""flat"": [0.254651, 0.187119, 0.244134, 0.143315, 0.170781]}","{""flat"": 0}",unspecified,0,0,0,flat_action_0,"[true, true, true, true, true]",False,"[0.254651, 0.187119, 0.244134, 0.143315, 0.170781]",-1.36786,-1.36786,True
regression,ppo,7,regression_04,1,"{""flat"": [0.3613395392894745, 0.020279038697481155, 0.323869526386261, -0.25331249833106995, -0.08209578692913055]}","{""flat"": [0.259276, 0.184349, 0.249741, 0.140224, 0.16641]}","{""flat"": 0}",unspecified,0,0,0,flat_action_0,"[true, true, true, true, true]",False,"[0.259276, 0.184349, 0.249741, 0.140224, 0.16641]",-1.349863,-1.349863,True
regression,ppo,7,regression_04,2,"{""flat"": [0.289054811000824, 0.06660114228725433, 0.30705156922340393, -0.2799852788448334, 0.045856501907110214]}","{""flat"": [0.296882, 0.0, 0.302273, 0.168055, 0.23279]}","{""flat"": 2}",unspecified,2,2,2,flat_action_2,"[true, false, true, true, true]",False,"[0.296882, 0.0, 0.302273, 0.168055, 0.23279]",-1.196425,-1.196425,True
regression,ppo,7,regression_04,3,"{""flat"": [0.33308953046798706, 0.05049789696931839, 0.34885507822036743, -0.30404749512672424, -0.003000810742378235]}","{""flat"": [0.306819, 0.0, 0.311694, 0.162247, 0.21924]}","{""flat"": 2}",unspecified,2,2,2,flat_action_2,"[true, false, true, true, true]",False,"[0.306819, 0.0, 0.311694, 0.162247, 0.21924]",-1.165733,-1.165733,True
regression,ppo,7,regression_04,4,"{""flat"": [0.4161939322948456, -0.004820212721824646, 0.39443451166152954, -0.2947751581668854, -0.12247671186923981]}","{""flat"": [0.269575, 0.176944, 0.263772, 0.132406, 0.157303]}","{""flat"": 0}",unspecified,0,0,0,flat_action_0,"[true, true, true, true, true]",False,"[0.269575, 0.176944, 0.263772, 0.132406, 0.157303]",-1.31091,-1.31091,True
regression,ppo,7,regression_05,0,"{""flat"": [0.5974178910255432, -0.024895429611206055, 0.4813854694366455, -0.37039199471473694, -0.3470063805580139]}","{""flat"": [0.312895, 0.167931, 0.278616, 0.118873, 0.121686]}","{""flat"": 0}",unspecified,0,0,0,flat_action_0,"[true, true, true, true, true]",False,"[0.312895, 0.167931, 0.278616, 0.118873, 0.121686]",-1.161889,-1.161889,True
regression,ppo,7,regression_05,1,"{""flat"": [0.3778854012489319, 0.037341244518756866, 0.34410256147384644, -0.30159056186676025, -0.043028414249420166]}","{""flat"": [0.260315, 0.185184, 0.251668, 0.131949, 0.170883]}","{""flat"": 0}",unspecified,0,0,0,flat_action_0,"[true, true, true, true, true]",False,"[0.260315, 0.185184, 0.251668, 0.131949, 0.170883]",-1.345861,-1.345861,True
regression,ppo,7,regression_05,2,"{""flat"": [0.5837394595146179, -0.029432028532028198, 0.4877350330352783, -0.3690652847290039, -0.31593847274780273]}","{""flat"": [0.308409, 0.167044, 0.280177, 0.11894, 0.12543]}","{""flat"": 0}",unspecified,0,0,0,flat_action_0,"[true, true, true, true, true]",False,"[0.308409, 0.167044, 0.280177, 0.11894, 0.12543]",-1.176329,-1.176329,True
regression,ppo,7,regression_05,3,"{""flat"": [0.38062116503715515, 0.05308911204338074, 0.38783329725265503, -0.3545474410057068, -0.016837000846862793]}","{""flat"": [0.316587, 0.0, 0.318879, 0.15178, 0.212755]}","{""flat"": 2}",unspecified,2,2,2,flat_action_2,"[true, false, true, true, true]",False,"[0.316587, 0.0, 0.318879, 0.15178, 0.212755]",-1.142945,-1.142945,True
regression,ppo,7,regression_05,4,"{""flat"": [0.32955604791641235, 0.0638153925538063, 0.36977124214172363, -0.348626047372818, 0.05033227801322937]}","{""flat"": [0.302577, 0.0, 0.314993, 0.15357, 0.22886]}","{""flat"": 2}",unspecified,2,2,2,flat_action_2,"[true, false, true, true, true]",False,"[0.302577, 0.0, 0.314993, 0.15357, 0.22886]",-1.155204,-1.155204,True
regression,ppo,7,regression_06,0,"{""flat"": [0.43918269872665405, -0.032417528331279755, 0.34602946043014526, -0.1915818750858307, -0.2723507881164551]}","{""flat"": [0.281046, 0.175374, 0.256048, 0.149569, 0.137963]}","{""flat"": 0}",unspecified,0,0,0,flat_action_0,"[true, true, true, true, true]",False,"[0.281046, 0.175374, 0.256048, 0.149569, 0.137963]",-1.269236,-1.269236,True
regression,ppo,7,regression_06,1,"{""flat"": [0.40871304273605347, -0.030918240547180176, 0.33012402057647705, -0.18395932018756866, -0.23582427203655243]}","{""flat"": [0.27424, 0.176685, 0.253512, 0.151613, 0.14395]}","{""flat"": 0}",unspecified,0,0,0,flat_action_0,"[true, true, true, true, true]",False,"[0.27424, 0.176685, 0.253512, 0.151613, 0.14395]",-1.293753,-1.293753,True
regression,ppo,7,regression_06,2,"{""flat"": [0.3580683469772339, 0.010468900203704834, 0.33244767785072327, -0.2212565541267395, -0.12745599448680878]}","{""flat"": [0.317424, 0.0, 0.309395, 0.177845, 0.195335]}","{""flat"": 0}",unspecified,0,0,0,flat_action_0,"[true, false, true, true, true]",False,"[0.317424, 0.0, 0.309395, 0.177845, 0.195335]",-1.147515,-1.147515,True
regression,ppo,7,regression_06,3,"{""flat"": [0.4100768268108368, -0.0071105435490608215, 0.380967378616333, -0.2475338876247406, -0.1889985352754593]}","{""flat"": [0.329086, 0.0, 0.319645, 0.170496, 0.180773]}","{""flat"": 0}",unspecified,0,0,0,flat_action_0,"[true, false, true, true, true]",False,"[0.329086, 0.0, 0.319645, 0.170496, 0.180773]",-1.111436,-1.111436,True
regression,ppo,7,regression_06,4,"{""flat"": [0.4846411347389221, -0.058518797159194946, 0.42355233430862427, -0.23481959104537964, -0.30133068561553955]}","{""flat"": [0.288655, 0.167683, 0.271549, 0.140579, 0.131533]}","{""flat"": 0}",unspecified,0,0,0,flat_action_0,"[true, true, true, true, true]",False,"[0.288655, 0.167683, 0.271549, 0.140579, 0.131533]",-1.242522,-1.242522,True
regression,ppo,7,regression_07,0,"{""flat"": [0.5430832505226135, -0.04941239207983017, 0.4264051914215088, -0.27978241443634033, -0.35018980503082275]}","{""flat"": [0.303831, 0.168002, 0.270371, 0.133434, 0.124362]}","{""flat"": 0}",unspecified,0,0,0,flat_action_0,"[true, true, true, true, true]",False,"[0.303831, 0.168002, 0.270371, 0.133434, 0.124362]",-1.191283,-1.191283,True
regression,ppo,7,regression_07,1,"{""flat"": [0.5606468319892883, -0.056194305419921875, 0.4370962977409363, -0.2804158627986908, -0.3715965747833252]}","{""flat"": [0.307849, 0.16613, 0.27207, 0.132761, 0.121191]}","{""flat"": 0}",unspecified,0,0,0,flat_action_0,"[true, true, true, true, true]",False,"[0.307849, 0.16613, 0.27207, 0.132761, 0.121191]",-1.178146,-1.178146,True
regression,ppo,7,regression_07,2,"{""flat"": [0.7287246584892273, -0.1301308423280716, 0.5627744197845459, -0.2924993336200714, -0.6899870038032532]}","{""flat"": [0.348079, 0.147462, 0.294853, 0.125362, 0.084244]}","{""flat"": 0}",unspecified,0,0,0,flat_action_0,"[true, true, true, true, true]",False,"[0.348079, 0.147462, 0.294853, 0.125362, 0.084244]",-1.055327,-1.055327,True
regression,ppo,7,regression_07,3,"{""flat"": [0.5882036685943604, -0.06522947549819946, 0.4676358699798584, -0.29580309987068176, -0.399311900138855]}","{""flat"": [0.313254, 0.162972, 0.277674, 0.129413, 0.116687]}","{""flat"": 0}",unspecified,0,0,0,flat_action_0,"[true, true, true, true, true]",False,"[0.313254, 0.162972, 0.277674, 0.129413, 0.116687]",-1.160741,-1.160741,True
regression,ppo,7,regression_07,4,"{""flat"": [0.7134332060813904, -0.10786527395248413, 0.576984167098999, -0.33154478669166565, -0.5948103666305542]}","{""flat"": [0.340796, 0.149903, 0.297328, 0.119858, 0.092115]}","{""flat"": 0}",unspecified,0,0,0,flat_action_0,"[true, true, true, true, true]",False,"[0.340796, 0.149903, 0.297328, 0.119858, 0.092115]",-1.076471,-1.076471,True
regression,ppo,7,regression_07,5,"{""flat"": [0.5167074203491211, -0.022756457328796387, 0.4238320589065552, -0.2898028790950775, -0.238728865981102]}","{""flat"": [0.293205, 0.170956, 0.2672, 0.13089, 0.137749]}","{""flat"": 0}",unspecified,0,0,0,flat_action_0,"[true, true, true, true, true]",False,"[0.293205, 0.170956, 0.2672, 0.13089, 0.137749]",-1.226884,-1.226884,True
regression,ppo,7,regression_07,6,"{""flat"": [0.7507844567298889, -0.09652344882488251, 0.6070072650909424, -0.38920167088508606, -0.5671343207359314]}","{""flat"": [0.346962, 0.148696, 0.300497, 0.110966, 0.092879]}","{""flat"": 0}",unspecified,0,0,0,flat_action_0,"[true, true, true, true, true]",False,"[0.346962, 0.148696, 0.300497, 0.110966, 0.092879]",-1.058541,-1.058541,True
regression,ppo,7,regression_07,7,"{""flat"": [0.5274848341941833, -0.030232153832912445, 0.45728200674057007, -0.3291592001914978, -0.2440321296453476]}","{""flat"": [0.294845, 0.168803, 0.274856, 0.125187, 0.13631]}","{""flat"": 0}",unspecified,0,0,0,flat_action_0,"[true, true, true, true, true]",False,"[0.294845, 0.168803, 0.274856, 0.125187, 0.13631]",-1.221306,-1.221306,True
regression,ppo,7,regression_07,8,"{""flat"": [0.6766005754470825, -0.05184808373451233, 0.5891320705413818, -0.4223320186138153, -0.4323115348815918]}","{""flat"": [0.387688, 0.0, 0.355218, 0.129188, 0.127905]}","{""flat"": 0}",unspecified,0,0,0,flat_action_0,"[true, false, true, true, true]",False,"[0.387688, 0.0, 0.355218, 0.129188, 0.127905]",-0.947554,-0.947554,True
regression,ppo,7,regression_07,9,"{""flat"": [0.4231809377670288, 0.02319648116827011, 0.4200900197029114, -0.34710022807121277, -0.0864904373884201]}","{""flat"": [0.326745, 0.0, 0.325737, 0.151245, 0.196273]}","{""flat"": 0}",unspecified,0,0,0,flat_action_0,"[true, false, true, true, true]",False,"[0.326745, 0.0, 0.325737, 0.151245, 0.196273]",-1.118575,-1.118575,True
regression,ppo,7,regression_07,10,"{""flat"": [0.4936378598213196, 0.0042785704135894775, 0.47143876552581787, -0.36391374468803406, -0.1734061986207962]}","{""flat"": [0.342998, 0.0, 0.335468, 0.1455, 0.176035]}","{""flat"": 0}",unspecified,0,0,0,flat_action_0,"[true, false, true, true, true]",False,"[0.342998, 0.0, 0.335468, 0.1455, 0.176035]",-1.07003,-1.07003,True
regression,ppo,7,regression_07,11,"{""flat"": [0.43348240852355957, 0.016865067183971405, 0.4423801302909851, -0.3638746440410614, -0.09878931939601898]}","{""flat"": [0.328221, 0.0, 0.331155, 0.14787, 0.192754]}","{""flat"": 2}",unspecified,2,2,2,flat_action_2,"[true, false, true, true, true]",False,"[0.328221, 0.0, 0.331155, 0.14787, 0.192754]",-1.105169,-1.105169,True
regression,ppo,7,regression_08,0,"{""flat"": [0.3929598331451416, 0.03549312800168991, 0.34781932830810547, -0.2974912226200104, -0.07168057560920715]}","{""flat"": [0.264199, 0.184793, 0.252538, 0.132456, 0.166013]}","{""flat"": 0}",unspecified,0,0,0,flat_action_0,"[true, true, true, true, true]",False,"[0.264199, 0.184793, 0.252538, 0.132456, 0.166013]",-1.331051,-1.331051,True
regression,ppo,7,regression_08,1,"{""flat"": [0.3573424220085144, 0.03990291431546211, 0.32757866382598877, -0.2859415113925934, -0.029792502522468567]}","{""flat"": [0.256197, 0.186514, 0.248684, 0.134648, 0.173958]}","{""flat"": 0}",unspecified,0,0,0,flat_action_0,"[true, true, true, true, true]",False,"[0.256197, 0.186514, 0.248684, 0.134648, 0.173958]",-1.361809,-1.361809,True
regression,ppo,7,regression_08,2,"{""flat"": [0.33270949125289917, 0.07270284742116928, 0.34575390815734863, -0.33562836050987244, 0.03892691433429718]}","{""flat"": [0.305705, 0.0, 0.309719, 0.156692, 0.227884]}","{""flat"": 2}",unspecified,2,2,2,flat_action_2,"[true, false, true, true, true]",False,"[0.305705, 0.0, 0.309719, 0.156692, 0.227884]",-1.172091,-1.172091,True
regression,ppo,7,regression_08,3,"{""flat"": [0.2959989309310913, 0.07796431332826614, 0.3245287537574768, -0.3233294188976288, 0.08165169507265091]}","{""flat"": [0.296356, 0.0, 0.304933, 0.15953, 0.23918]}","{""flat"": 2}",unspecified,2,2,2,flat_action_2,"[true, false, true, true, true]",False,"[0.296356, 0.0, 0.304933, 0.15953, 0.23918]",-1.187663,-1.187663,True
regression,ppo,7,regression_08,4,"{""flat"": [0.5889800786972046, -0.011622026562690735, 0.5252906680107117, -0.41817548871040344, -0.2952946424484253]}","{""flat"": [0.368112, 0.0, 0.345398, 0.134455, 0.152035]}","{""flat"": 0}",unspecified,0,0,0,flat_action_0,"[true, false, true, true, true]",False,"[0.368112, 0.0, 0.345398, 0.134455, 0.152035]",-0.999369,-0.999369,True
regression,ppo,7,regression_08,5,"{""flat"": [0.6422997117042542, -0.06136740744113922, 0.5571929216384888, -0.40307968854904175, -0.3953598737716675]}","{""flat"": [0.320613, 0.158629, 0.294456, 0.112714, 0.113588]}","{""flat"": 0}",unspecified,0,0,0,flat_action_0,"[true, true, true, true, true]",False,"[0.320613, 0.158629, 0.294456, 0.112714, 0.113588]",-1.13752,-1.13752,True
regression,ppo,7,regression_09,0,"{""flat"": [0.44117027521133423, 0.005719050765037537, 0.37310791015625, -0.2829801142215729, -0.1581985503435135]}","{""flat"": [0.27662, 0.178965, 0.258419, 0.134088, 0.151908]}","{""flat"": 0}",unspecified,0,0,0,flat_action_0,"[true, true, true, true, true]",False,"[0.27662, 0.178965, 0.258419, 0.134088, 0.151908]",-1.285111,-1.285111,True
regression,ppo,7,regression_09,1,"{""flat"": [0.4533182978630066, -0.0011714249849319458, 0.3873057961463928, -0.29411616921424866, -0.17149005830287933]}","{""flat"": [0.279343, 0.177319, 0.261498, 0.132291, 0.14955]}","{""flat"": 0}",unspecified,0,0,0,flat_action_0,"[true, true, true, true, true]",False,"[0.279343, 0.177319, 0.261498, 0.132291, 0.14955]",-1.275317,-1.275317,True
regression,ppo,7,regression_09,2,"{""flat"": [0.6567426323890686, -0.06113694608211517, 0.526704728603363, -0.3638018071651459, -0.44054633378982544]}","{""flat"": [0.326795, 0.159406, 0.286946, 0.117777, 0.109076]}","{""flat"": 0}",unspecified,0,0,0,flat_action_0,"[true, true, true, true, true]",False,"[0.326795, 0.159406, 0.286946, 0.117777, 0.109076]",-1.118422,-1.118422,True
regression,ppo,7,regression_09,3,"{""flat"": [0.4573012590408325, -0.002648770809173584, 0.39926421642303467, -0.3049126863479614, -0.15923108160495758]}","{""flat"": [0.279222, 0.176277, 0.263478, 0.130294, 0.150728]}","{""flat"": 0}",unspecified,0,0,0,flat_action_0,"[true, true, true, true, true]",False,"[0.279222, 0.176277, 0.263478, 0.130294, 0.150728]",-1.275747,-1.275747,True
regression,ppo,7,regression_09,4,"{""flat"": [0.5036512017250061, -0.020197004079818726, 0.43536317348480225, -0.31699657440185547, -0.21509762108325958]}","{""flat"": [0.289541, 0.171477, 0.270429, 0.127441, 0.141111]}","{""flat"": 0}",unspecified,0,0,0,flat_action_0,"[true, true, true, true, true]",False,"[0.289541, 0.171477, 0.270429, 0.127441, 0.141111]",-1.239457,-1.239457,True
regression,ppo,7,regression_09,5,"{""flat"": [0.5320909023284912, -0.030789323151111603, 0.4631754159927368, -0.3355766236782074, -0.24985019862651825]}","{""flat"": [0.295821, 0.16849, 0.276121, 0.124224, 0.135343]}","{""flat"": 0}",unspecified,0,0,0,flat_action_0,"[true, true, true, true, true]",False,"[0.295821, 0.16849, 0.276121, 0.124224, 0.135343]",-1.218,-1.218,True
regression,ppo,7,regression_09,6,"{""flat"": [0.6530435681343079, -0.046059511601924896, 0.5745939016342163, -0.41797104477882385, -0.4014020562171936]}","{""flat"": [0.382322, 0.0, 0.353475, 0.131007, 0.133196]}","{""flat"": 0}",unspecified,0,0,0,flat_action_0,"[true, false, true, true, true]",False,"[0.382322, 0.0, 0.353475, 0.131007, 0.133196]",-0.961492,-0.961492,True
regression,ppo,7,regression_09,7,"{""flat"": [0.4315899610519409, 0.021053552627563477, 0.4321671724319458, -0.3562792241573334, -0.09588301181793213]}","{""flat"": [0.328355, 0.0, 0.328545, 0.14934, 0.19376]}","{""flat"": 2}",unspecified,2,2,2,flat_action_2,"[true, false, true, true, true]",False,"[0.328355, 0.0, 0.328545, 0.14934, 0.19376]",-1.113083,-1.113083,True
regression,ppo,7,regression_09,8,"{""flat"": [0.5131865739822388, -0.0021058470010757446, 0.4957429766654968, -0.38266533613204956, -0.1984359472990036]}","{""flat"": [0.347004, 0.0, 0.341003, 0.141668, 0.170326]}","{""flat"": 0}",unspecified,0,0,0,flat_action_0,"[true, false, true, true, true]",False,"[0.347004, 0.0, 0.341003, 0.141668, 0.170326]",-1.05842,-1.05842,True
regression,ppo,7,regression_10,0,"{""flat"": [0.40566766262054443, 0.014454491436481476, 0.34180915355682373, -0.26260486245155334, -0.1349072903394699]}","{""flat"": [0.269587, 0.182304, 0.25291, 0.138188, 0.157011]}","{""flat"": 0}",unspecified,0,0,0,flat_action_0,"[true, true, true, true, true]",False,"[0.269587, 0.182304, 0.25291, 0.138188, 0.157011]",-1.310865,-1.310865,True
regression,ppo,7,regression_10,1,"{""flat"": [0.38613414764404297, 0.014305930584669113, 0.3353819251060486, -0.26050010323524475, -0.10912896692752838]}","{""flat"": [0.265027, 0.182729, 0.251912, 0.138823, 0.16151]}","{""flat"": 0}",unspecified,0,0,0,flat_action_0,"[true, true, true, true, true]",False,"[0.265027, 0.182729, 0.251912, 0.138823, 0.16151]",-1.327924,-1.327924,True
regression,ppo,7,regression_10,2,"{""flat"": [0.4193207323551178, 0.033814266324043274, 0.4007630944252014, -0.33102139830589294, -0.10777254402637482]}","{""flat"": [0.3285, 0.0, 0.32246, 0.15512, 0.19392]}","{""flat"": 0}",unspecified,0,0,0,flat_action_0,"[true, false, true, true, true]",False,"[0.3285, 0.0, 0.32246, 0.15512, 0.19392]",-1.113217,-1.113217,True
regression,ppo,7,regression_10,3,"{""flat"": [0.3088379204273224, 0.057347193360328674, 0.32655268907546997, -0.2927466034889221, 0.02622019499540329]}","{""flat"": [0.301239, 0.0, 0.306623, 0.165062, 0.227076]}","{""flat"": 2}",unspecified,2,2,2,flat_action_2,"[true, false, true, true, true]",False,"[0.301239, 0.0, 0.306623, 0.165062, 0.227076]",-1.182137,-1.182137,True
regression,ppo,7,regression_10,4,"{""flat"": [0.4021655321121216, -0.00081624835729599, 0.37576526403427124, -0.2825244069099426, -0.10483197867870331]}","{""flat"": [0.266751, 0.178276, 0.259801, 0.134508, 0.160664]}","{""flat"": 0}",unspecified,0,0,0,flat_action_0,"[true, true, true, true, true]",False,"[0.266751, 0.178276, 0.259801, 0.134508, 0.160664]",-1.32144,-1.32144,True
regression,ppo,7,regression_11,0,"{""flat"": [0.437358558177948, -0.0019663795828819275, 0.3563331365585327, -0.23958024382591248, -0.19597889482975006]}","{""flat"": [0.277344, 0.17874, 0.255758, 0.140938, 0.147219]}","{""flat"": 0}",unspecified,0,0,0,flat_action_0,"[true, true, true, true, true]",False,"[0.277344, 0.17874, 0.255758, 0.140938, 0.147219]",-1.282496,-1.282496,True
regression,ppo,7,regression_11,1,"{""flat"": [0.5843856930732727, -0.02906809002161026, 0.4912993311882019, -0.35563918948173523, -0.38339245319366455]}","{""flat"": [0.372903, 0.0, 0.339758, 0.145663, 0.141676]}","{""flat"": 0}",unspecified,0,0,0,flat_action_0,"[true, false, true, true, true]",False,"[0.372903, 0.0, 0.339758, 0.145663, 0.141676]",-0.986436,-0.986436,True
regression,ppo,7,regression_11,2,"{""flat"": [0.3658401370048523, 0.03693170100450516, 0.357183039188385, -0.2855384051799774, -0.06610579788684845]}","{""flat"": [0.31626, 0.0, 0.313534, 0.164875, 0.20533]}","{""flat"": 0}",unspecified,0,0,0,flat_action_0,"[true, false, true, true, true]",False,"[0.31626, 0.0, 0.313534, 0.164875, 0.20533]",-1.151189,-1.151189,True
regression,ppo,7,regression_11,3,"{""flat"": [0.3562261462211609, 0.03406018018722534, 0.35993850231170654, -0.28848186135292053, -0.053918883204460144]}","{""flat"": [0.313274, 0.0, 0.31444, 0.164411, 0.207875]}","{""flat"": 2}",unspecified,2,2,2,flat_action_2,"[true, false, true, true, true]",False,"[0.313274, 0.0, 0.31444, 0.164411, 0.207875]",-1.156963,-1.156963,True
regression,ppo,7,regression_11,4,"{""flat"": [0.543886125087738, -0.013122819364070892, 0.5026566386222839, -0.3710102140903473, -0.2759472727775574]}","{""flat"": [0.357057, 0.0, 0.342635, 0.143022, 0.157285]}","{""flat"": 0}",unspecified,0,0,0,flat_action_0,"[true, false, true, true, true]",False,"[0.357057, 0.0, 0.342635, 0.143022, 0.157285]",-1.02986,-1.02986,True
frozen_check,ppo,7,frozen_check_00,0,"{""flat"": [0.39279377460479736, 0.035568661987781525, 0.34785979986190796, -0.29760557413101196, -0.07088644802570343]}","{""flat"": [0.26413, 0.184789, 0.252524, 0.132428, 0.166128]}","{""flat"": 0}",unspecified,0,0,0,flat_action_0,"[true, true, true, true, true]",False,"[0.26413, 0.184789, 0.252524, 0.132428, 0.166128]",-1.331314,-1.331314,True
frozen_check,ppo,7,frozen_check_00,1,"{""flat"": [0.3849469721317291, 0.033277012407779694, 0.34818369150161743, -0.2994820773601532, -0.0609087198972702]}","{""flat"": [0.262325, 0.184549, 0.252856, 0.132311, 0.16796]}","{""flat"": 0}",unspecified,0,0,0,flat_action_0,"[true, true, true, true, true]",False,"[0.262325, 0.184549, 0.252856, 0.132311, 0.16796]",-1.338173,-1.338173,True
frozen_check,ppo,7,frozen_check_00,2,"{""flat"": [0.3567749261856079, 0.06717655062675476, 0.35852164030075073, -0.34159055352211, 0.010881155729293823]}","{""flat"": [0.311844, 0.0, 0.312389, 0.15511, 0.220657]}","{""flat"": 2}",unspecified,2,2,2,flat_action_2,"[true, false, true, true, true]",False,"[0.311844, 0.0, 0.312389, 0.15511, 0.220657]",-1.163506,-1.163506,True
frozen_check,ppo,7,frozen_check_00,3,"{""flat"": [0.3088158667087555, 0.07598195225000381, 0.33190345764160156, -0.3295430839061737, 0.0669260174036026]}","{""flat"": [0.299701, 0.0, 0.306701, 0.15829, 0.235308]}","{""flat"": 2}",unspecified,2,2,2,flat_action_2,"[true, false, true, true, true]",False,"[0.299701, 0.0, 0.306701, 0.15829, 0.235308]",-1.181882,-1.181882,True
frozen_check,ppo,7,frozen_check_00,4,"{""flat"": [0.45466911792755127, 0.007396996021270752, 0.4146963953971863, -0.3317089378833771, -0.12446779012680054]}","{""flat"": [0.276544, 0.176814, 0.265708, 0.125964, 0.15497]}","{""flat"": 0}",unspecified,0,0,0,flat_action_0,"[true, true, true, true, true]",False,"[0.276544, 0.176814, 0.265708, 0.125964, 0.15497]",-1.285385,-1.285385,True
frozen_check,ppo,7,frozen_check_00,5,"{""flat"": [0.5484011173248291, -0.003712952136993408, 0.5001355409622192, -0.4108511507511139, -0.24684597551822662]}","{""flat"": [0.358741, 0.0, 0.341837, 0.137462, 0.16196]}","{""flat"": 0}",unspecified,0,0,0,flat_action_0,"[true, false, true, true, true]",False,"[0.358741, 0.0, 0.341837, 0.137462, 0.16196]",-1.025156,-1.025156,True
frozen_check,ppo,7,frozen_check_00,6,"{""flat"": [0.5595315098762512, -0.009223073720932007, 0.5278794765472412, -0.4277876913547516, -0.2530767321586609]}","{""flat"": [0.359051, 0.0, 0.347865, 0.133773, 0.159311]}","{""flat"": 0}",unspecified,0,0,0,flat_action_0,"[true, false, true, true, true]",False,"[0.359051, 0.0, 0.347865, 0.133773, 0.159311]",-1.02429,-1.02429,True
frozen_check,ppo,7,frozen_check_01,0,"{""flat"": [0.44117027521133423, 0.005719050765037537, 0.37310791015625, -0.2829801142215729, -0.1581985503435135]}","{""flat"": [0.27662, 0.178965, 0.258419, 0.134088, 0.151908]}","{""flat"": 0}",unspecified,0,0,0,flat_action_0,"[true, true, true, true, true]",False,"[0.27662, 0.178965, 0.258419, 0.134088, 0.151908]",-1.285111,-1.285111,True
frozen_check,ppo,7,frozen_check_01,1,"{""flat"": [0.4401928782463074, 0.0016062483191490173, 0.37886136770248413, -0.28880107402801514, -0.1540592461824417]}","{""flat"": [0.276256, 0.178171, 0.259822, 0.133264, 0.152487]}","{""flat"": 0}",unspecified,0,0,0,flat_action_0,"[true, true, true, true, true]",False,"[0.276256, 0.178171, 0.259822, 0.133264, 0.152487]",-1.286427,-1.286427,True
frozen_check,ppo,7,frozen_check_01,2,"{""flat"": [0.6647772789001465, -0.064308762550354, 0.5361316204071045, -0.36817795038223267, -0.4470455050468445]}","{""flat"": [0.32824, 0.158327, 0.288617, 0.116838, 0.107978]}","{""flat"": 0}",unspecified,0,0,0,flat_action_0,"[true, true, true, true, true]",False,"[0.32824, 0.158327, 0.288617, 0.116838, 0.107978]",-1.114009,-1.114009,True
frozen_check,ppo,7,frozen_check_01,3,"{""flat"": [0.3766065537929535, 0.04146137088537216, 0.37261563539505005, -0.32598599791526794, -0.03835107386112213]}","{""flat"": [0.317291, 0.0, 0.316027, 0.157154, 0.209529]}","{""flat"": 0}",unspecified,0,0,0,flat_action_0,"[true, false, true, true, true]",False,"[0.317291, 0.0, 0.316027, 0.157154, 0.209529]",-1.147937,-1.147937,True
frozen_check,ppo,7,frozen_check_01,4,"{""flat"": [0.603156328201294, -0.04695313423871994, 0.5068820118904114, -0.34016719460487366, -0.3384341597557068]}","{""flat"": [0.311571, 0.162636, 0.282973, 0.121304, 0.121515]}","{""flat"": 0}",unspecified,0,0,0,flat_action_0,"[true, true, true, true, true]",False,"[0.311571, 0.162636, 0.282973, 0.121304, 0.121515]",-1.166128,-1.166128,True
frozen_check,ppo,7,frozen_check_01,5,"{""flat"": [0.558325469493866, -0.040033482015132904, 0.4911671280860901, -0.34853479266166687, -0.27991241216659546]}","{""flat"": [0.301112, 0.165525, 0.281554, 0.121586, 0.130223]}","{""flat"": 0}",unspecified,0,0,0,flat_action_0,"[true, true, true, true, true]",False,"[0.301112, 0.165525, 0.281554, 0.121586, 0.130223]",-1.200273,-1.200273,True
frozen_check,ppo,7,frozen_check_01,6,"{""flat"": [0.687566339969635, -0.05843092501163483, 0.6127256155014038, -0.4371875822544098, -0.44549089670181274]}","{""flat"": [0.388399, 0.0, 0.360392, 0.126126, 0.125083]}","{""flat"": 0}",unspecified,0,0,0,flat_action_0,"[true, false, true, true, true]",False,"[0.388399, 0.0, 0.360392, 0.126126, 0.125083]",-0.945722,-0.945722,True
frozen_check,ppo,7,frozen_check_02,0,"{""flat"": [0.42191755771636963, 0.01024319976568222, 0.3547980785369873, -0.2699882388114929, -0.1538710743188858]}","{""flat"": [0.273186, 0.180997, 0.255452, 0.136763, 0.153602]}","{""flat"": 0}",unspecified,0,0,0,flat_action_0,"[true, true, true, true, true]",False,"[0.273186, 0.180997, 0.255452, 0.136763, 0.153602]",-1.297601,-1.297601,True
frozen_check,ppo,7,frozen_check_02,1,"{""flat"": [0.3581226170063019, 0.02139853686094284, 0.31304484605789185, -0.2470860481262207, -0.07740084826946259]}","{""flat"": [0.258872, 0.184862, 0.247462, 0.141334, 0.167471]}","{""flat"": 0}",unspecified,0,0,0,flat_action_0,"[true, true, true, true, true]",False,"[0.258872, 0.184862, 0.247462, 0.141334, 0.167471]",-1.351422,-1.351422,True
frozen_check,ppo,7,frozen_check_02,2,"{""flat"": [0.30944186449050903, 0.06211337447166443, 0.3173666000366211, -0.28597715497016907, 0.023133695125579834]}","{""flat"": [0.302086, 0.0, 0.304489, 0.166549, 0.226876]}","{""flat"": 2}",unspecified,2,2,2,flat_action_2,"[true, false, true, true, true]",False,"[0.302086, 0.0, 0.304489, 0.166549, 0.226876]",-1.18912,-1.18912,True
frozen_check,ppo,7,frozen_check_02,3,"{""flat"": [0.6224735379219055, -0.06110234558582306, 0.5085567831993103, -0.34810805320739746, -0.41035276651382446]}","{""flat"": [0.319284, 0.161178, 0.284908, 0.120965, 0.113665]}","{""flat"": 0}",unspecified,0,0,0,flat_action_0,"[true, true, true, true, true]",False,"[0.319284, 0.161178, 0.284908, 0.120965, 0.113665]",-1.141673,-1.141673,True
frozen_check,ppo,7,frozen_check_02,4,"{""flat"": [0.5119232535362244, -0.02882619947195053, 0.459330677986145, -0.32564693689346313, -0.23989976942539215]}","{""flat"": [0.291092, 0.169506, 0.276178, 0.125973, 0.137251]}","{""flat"": 0}",unspecified,0,0,0,flat_action_0,"[true, true, true, true, true]",False,"[0.291092, 0.169506, 0.276178, 0.125973, 0.137251]",-1.234117,-1.234117,True
frozen_check,ppo,7,frozen_check_03,0,"{""flat"": [0.4489486813545227, -0.004267998039722443, 0.3585003614425659, -0.23282596468925476, -0.20937691628932953]}","{""flat"": [0.279913, 0.177907, 0.255707, 0.141557, 0.144916]}","{""flat"": 0}",unspecified,0,0,0,flat_action_0,"[true, true, true, true, true]",False,"[0.279913, 0.177907, 0.255707, 0.141557, 0.144916]",-1.273276,-1.273276,True
frozen_check,ppo,7,frozen_check_03,1,"{""flat"": [0.5835758447647095, -0.028086408972740173, 0.4893062114715576, -0.35512712597846985, -0.38204818964004517]}","{""flat"": [0.372868, 0.0, 0.339323, 0.145841, 0.141968]}","{""flat"": 0}",unspecified,0,0,0,flat_action_0,"[true, false, true, true, true]",False,"[0.372868, 0.0, 0.339323, 0.145841, 0.141968]",-0.986532,-0.986532,True
frozen_check,ppo,7,frozen_check_03,2,"{""flat"": [0.3661714792251587, 0.03823740780353546, 0.35449856519699097, -0.2849762439727783, -0.06683303415775299]}","{""flat"": [0.316616, 0.0, 0.312942, 0.165098, 0.205344]}","{""flat"": 0}",unspecified,0,0,0,flat_action_0,"[true, false, true, true, true]",False,"[0.316616, 0.0, 0.312942, 0.165098, 0.205344]",-1.150065,-1.150065,True
frozen_check,ppo,7,frozen_check_03,3,"{""flat"": [0.35742390155792236, 0.03564541041851044, 0.35625070333480835, -0.28786513209342957, -0.05650235712528229]}","{""flat"": [0.314032, 0.0, 0.313664, 0.164713, 0.207591]}","{""flat"": 0}",unspecified,0,0,0,flat_action_0,"[true, false, true, true, true]",False,"[0.314032, 0.0, 0.313664, 0.164713, 0.207591]",-1.15826,-1.15826,True
frozen_check,ppo,7,frozen_check_03,4,"{""flat"": [0.30444538593292236, 0.06175153702497482, 0.3350661098957062, -0.28189149498939514, 0.040621548891067505]}","{""flat"": [0.298012, 0.0, 0.307279, 0.165803, 0.228906]}","{""flat"": 2}",unspecified,2,2,2,flat_action_2,"[true, false, true, true, true]",False,"[0.298012, 0.0, 0.307279, 0.165803, 0.228906]",-1.179999,-1.179999,True
frozen_check,ppo,7,frozen_check_03,5,"{""flat"": [0.37086331844329834, 0.03908880054950714, 0.39605236053466797, -0.3196379840373993, -0.04273766279220581]}","{""flat"": [0.313667, 0.0, 0.321668, 0.157249, 0.207417]}","{""flat"": 2}",unspecified,2,2,2,flat_action_2,"[true, false, true, true, true]",False,"[0.313667, 0.0, 0.321668, 0.157249, 0.207417]",-1.134236,-1.134236,True
frozen_check,ppo,7,frozen_check_04,0,"{""flat"": [0.4355686902999878, 0.005651161074638367, 0.37280911207199097, -0.2808651030063629, -0.1703755110502243]}","{""flat"": [0.275955, 0.179526, 0.259168, 0.134801, 0.15055]}","{""flat"": 0}",unspecified,0,0,0,flat_action_0,"[true, true, true, true, true]",False,"[0.275955, 0.179526, 0.259168, 0.134801, 0.15055]",-1.287518,-1.287518,True
frozen_check,ppo,7,frozen_check_04,1,"{""flat"": [0.5114352107048035, -0.0019699931144714355, 0.4438377618789673, -0.35381558537483215, -0.27343928813934326]}","{""flat"": [0.355649, 0.0, 0.332403, 0.149709, 0.162239]}","{""flat"": 0}",unspecified,0,0,0,flat_action_0,"[true, false, true, true, true]",False,"[0.355649, 0.0, 0.332403, 0.149709, 0.162239]",-1.03381,-1.03381,True
frozen_check,ppo,7,frozen_check_04,2,"{""flat"": [0.2823143005371094, 0.07040967792272568, 0.29673516750335693, -0.27529212832450867, 0.05104184150695801]}","{""flat"": [0.295803, 0.0, 0.3001, 0.16937, 0.234727]}","{""flat"": 2}",unspecified,2,2,2,flat_action_2,"[true, false, true, true, true]",False,"[0.295803, 0.0, 0.3001, 0.16937, 0.234727]",-1.20364,-1.20364,True
frozen_check,ppo,7,frozen_check_04,3,"{""flat"": [0.2743613123893738, 0.06888984888792038, 0.29817628860473633, -0.27782976627349854, 0.06089159846305847]}","{""flat"": [0.293465, 0.0, 0.300537, 0.168944, 0.237054]}","{""flat"": 2}",unspecified,2,2,2,flat_action_2,"[true, false, true, true, true]",False,"[0.293465, 0.0, 0.300537, 0.168944, 0.237054]",-1.202183,-1.202183,True
frozen_check,ppo,7,frozen_check_04,4,"{""flat"": [0.6447027921676636, -0.0658210813999176, 0.5340389609336853, -0.35748231410980225, -0.4364314079284668]}","{""flat"": [0.32332, 0.158875, 0.289449, 0.118683, 0.109673]}","{""flat"": 0}",unspecified,0,0,0,flat_action_0,"[true, true, true, true, true]",False,"[0.32332, 0.158875, 0.289449, 0.118683, 0.109673]",-1.129113,-1.129113,True
frozen_check,ppo,7,frozen_check_04,5,"{""flat"": [0.5435614585876465, -0.02032143622636795, 0.49770331382751465, -0.37814947962760925, -0.29021400213241577]}","{""flat"": [0.358755, 0.0, 0.342674, 0.142726, 0.155845]}","{""flat"": 0}",unspecified,0,0,0,flat_action_0,"[true, false, true, true, true]",False,"[0.358755, 0.0, 0.342674, 0.142726, 0.155845]",-1.025117,-1.025117,True
frozen_check,ppo,7,frozen_check_04,6,"{""flat"": [0.30741795897483826, 0.05358037352561951, 0.3496972322463989, -0.306365042924881, 0.03629313409328461]}","{""flat"": [0.298774, 0.0, 0.311677, 0.161726, 0.227822]}","{""flat"": 2}",unspecified,2,2,2,flat_action_2,"[true, false, true, true, true]",False,"[0.298774, 0.0, 0.311677, 0.161726, 0.227822]",-1.165787,-1.165787,True
frozen_check,ppo,7,frozen_check_05,0,"{""flat"": [0.5976517200469971, -0.024991951882839203, 0.48144620656967163, -0.3703058958053589, -0.34774351119995117]}","{""flat"": [0.312969, 0.167916, 0.278634, 0.118884, 0.121597]}","{""flat"": 0}",unspecified,0,0,0,flat_action_0,"[true, true, true, true, true]",False,"[0.312969, 0.167916, 0.278634, 0.118884, 0.121597]",-1.16165,-1.16165,True
frozen_check,ppo,7,frozen_check_05,1,"{""flat"": [0.3785099685192108, 0.0382549874484539, 0.3420511484146118, -0.30115678906440735, -0.045981064438819885]}","{""flat"": [0.260642, 0.18547, 0.251311, 0.13209, 0.170487]}","{""flat"": 0}",unspecified,0,0,0,flat_action_0,"[true, true, true, true, true]",False,"[0.260642, 0.18547, 0.251311, 0.13209, 0.170487]",-1.344606,-1.344606,True
frozen_check,ppo,7,frozen_check_05,2,"{""flat"": [0.6046714186668396, -0.032414212822914124, 0.4994584321975708, -0.3768002688884735, -0.34465491771698]}","{""flat"": [0.313408, 0.16574, 0.282109, 0.117453, 0.12129]}","{""flat"": 0}",unspecified,0,0,0,flat_action_0,"[true, true, true, true, true]",False,"[0.313408, 0.16574, 0.282109, 0.117453, 0.12129]",-1.160248,-1.160248,True
frozen_check,ppo,7,frozen_check_05,3,"{""flat"": [0.3482862412929535, 0.06517655402421951, 0.35867011547088623, -0.3430372476577759, 0.020709604024887085]}","{""flat"": [0.309404, 0.0, 0.312634, 0.154984, 0.222978]}","{""flat"": 2}",unspecified,2,2,2,flat_action_2,"[true, false, true, true, true]",False,"[0.309404, 0.0, 0.312634, 0.154984, 0.222978]",-1.162723,-1.162723,True
frozen_check,ppo,7,frozen_check_05,4,"{""flat"": [0.3291688561439514, 0.0691155269742012, 0.35356974601745605, -0.33616727590560913, 0.049112468957901]}","{""flat"": [0.303532, 0.0, 0.31103, 0.156046, 0.229392]}","{""flat"": 2}",unspecified,2,2,2,flat_action_2,"[true, false, true, true, true]",False,"[0.303532, 0.0, 0.31103, 0.156046, 0.229392]",-1.167867,-1.167867,True
frozen_check,ppo,7,frozen_check_05,5,"{""flat"": [0.3439822494983673, 0.06087619811296463, 0.3681510090827942, -0.34376782178878784, 0.030557535588741302]}","{""flat"": [0.306927, 0.0, 0.314435, 0.154294, 0.224345]}","{""flat"": 2}",unspecified,2,2,2,flat_action_2,"[true, false, true, true, true]",False,"[0.306927, 0.0, 0.314435, 0.154294, 0.224345]",-1.156978,-1.156978,True
frozen_check,ppo,7,frozen_check_05,6,"{""flat"": [0.3107021450996399, 0.06821168959140778, 0.3573691248893738, -0.34025588631629944, 0.0745583176612854]}","{""flat"": [0.297709, 0.0, 0.311931, 0.155269, 0.235091]}","{""flat"": 2}",unspecified,2,2,2,flat_action_2,"[true, false, true, true, true]",False,"[0.297709, 0.0, 0.311931, 0.155269, 0.235091]",-1.164972,-1.164972,True
frozen_check,ppo,7,frozen_check_06,0,"{""flat"": [0.4656383991241455, -0.03855791687965393, 0.3680477738380432, -0.20405757427215576, -0.3026764392852783]}","{""flat"": [0.286807, 0.173229, 0.260139, 0.146806, 0.133019]}","{""flat"": 0}",unspecified,0,0,0,flat_action_0,"[true, true, true, true, true]",False,"[0.286807, 0.173229, 0.260139, 0.146806, 0.133019]",-1.248947,-1.248947,True
frozen_check,ppo,7,frozen_check_06,1,"{""flat"": [0.4079305827617645, -0.030054762959480286, 0.32806849479675293, -0.18316730856895447, -0.23562400043010712]}","{""flat"": [0.274144, 0.176915, 0.253102, 0.151799, 0.144041]}","{""flat"": 0}",unspecified,0,0,0,flat_action_0,"[true, true, true, true, true]",False,"[0.274144, 0.176915, 0.253102, 0.151799, 0.144041]",-1.294102,-1.294102,True
frozen_check,ppo,7,frozen_check_06,2,"{""flat"": [0.3573395311832428, 0.011994734406471252, 0.32882583141326904, -0.2199893295764923, -0.12771688401699066]}","{""flat"": [0.317566, 0.0, 0.308639, 0.178281, 0.195514]}","{""flat"": 0}",unspecified,0,0,0,flat_action_0,"[true, false, true, true, true]",False,"[0.317566, 0.0, 0.308639, 0.178281, 0.195514]",-1.147068,-1.147068,True
frozen_check,ppo,7,frozen_check_06,3,"{""flat"": [0.6475162506103516, -0.10450118780136108, 0.5065767168998718, -0.2705325186252594, -0.5547916293144226]}","{""flat"": [0.328974, 0.155083, 0.285728, 0.131358, 0.098857]}","{""flat"": 0}",unspecified,0,0,0,flat_action_0,"[true, true, true, true, true]",False,"[0.328974, 0.155083, 0.285728, 0.131358, 0.098857]",-1.111776,-1.111776,True
frozen_check,ppo,7,frozen_check_06,4,"{""flat"": [0.4790288209915161, -0.05481903254985809, 0.405095636844635, -0.21849888563156128, -0.29591554403305054]}","{""flat"": [0.287884, 0.168799, 0.267368, 0.143313, 0.132637]}","{""flat"": 0}",unspecified,0,0,0,flat_action_0,"[true, true, true, true, true]",False,"[0.287884, 0.168799, 0.267368, 0.143313, 0.132637]",-1.245198,-1.245198,True
frozen_check,ppo,7,frozen_check_06,5,"{""flat"": [0.5003342032432556, -0.06391467154026031, 0.4358155131340027, -0.24175116419792175, -0.3250886797904968]}","{""flat"": [0.292357, 0.166289, 0.27409, 0.139197, 0.128067]}","{""flat"": 0}",unspecified,0,0,0,flat_action_0,"[true, true, true, true, true]",False,"[0.292357, 0.166289, 0.27409, 0.139197, 0.128067]",-1.229779,-1.229779,True
frozen_check,ppo,7,frozen_check_07,0,"{""flat"": [0.5608066916465759, -0.05275583267211914, 0.4335559606552124, -0.2754262387752533, -0.37007349729537964]}","{""flat"": [0.307742, 0.166617, 0.270971, 0.133357, 0.121314]}","{""flat"": 0}",unspecified,0,0,0,flat_action_0,"[true, true, true, true, true]",False,"[0.307742, 0.166617, 0.270971, 0.133357, 0.121314]",-1.178494,-1.178494,True
frozen_check,ppo,7,frozen_check_07,1,"{""flat"": [0.5717617869377136, -0.05897003412246704, 0.44701695442199707, -0.28583797812461853, -0.38410091400146484]}","{""flat"": [0.310214, 0.165096, 0.273833, 0.131586, 0.119271]}","{""flat"": 0}",unspecified,0,0,0,flat_action_0,"[true, true, true, true, true]",False,"[0.310214, 0.165096, 0.273833, 0.131586, 0.119271]",-1.170494,-1.170494,True
frozen_check,ppo,7,frozen_check_07,2,"{""flat"": [0.7292702794075012, -0.13090427219867706, 0.5646547675132751, -0.2931534945964813, -0.689556896686554]}","{""flat"": [0.348065, 0.147262, 0.295235, 0.125207, 0.084231]}","{""flat"": 0}",unspecified,0,0,0,flat_action_0,"[true, true, true, true, true]",False,"[0.348065, 0.147262, 0.295235, 0.125207, 0.084231]",-1.055367,-1.055367,True
frozen_check,ppo,7,frozen_check_07,3,"{""flat"": [0.5866120457649231, -0.06642232835292816, 0.47615402936935425, -0.3082972764968872, -0.394942045211792]}","{""flat"": [0.312572, 0.162683, 0.279885, 0.127731, 0.11713]}","{""flat"": 0}",unspecified,0,0,0,flat_action_0,"[true, true, true, true, true]",False,"[0.312572, 0.162683, 0.279885, 0.127731, 0.11713]",-1.16292,-1.16292,True
frozen_check,ppo,7,frozen_check_07,4,"{""flat"": [0.7312442660331726, -0.11326274275779724, 0.5958867073059082, -0.3405625522136688, -0.6152319312095642]}","{""flat"": [0.344149, 0.147905, 0.300581, 0.117833, 0.089532]}","{""flat"": 0}",unspecified,0,0,0,flat_action_0,"[true, true, true, true, true]",False,"[0.344149, 0.147905, 0.300581, 0.117833, 0.089532]",-1.06668,-1.06668,True
frozen_check,ppo,7,frozen_check_07,5,"{""flat"": [0.5030962824821472, -0.022572651505470276, 0.4377555847167969, -0.3218196928501129, -0.2162228375673294]}","{""flat"": [0.289581, 0.171189, 0.271265, 0.126915, 0.14105]}","{""flat"": 0}",unspecified,0,0,0,flat_action_0,"[true, true, true, true, true]",False,"[0.289581, 0.171189, 0.271265, 0.126915, 0.14105]",-1.23932,-1.23932,True
frozen_check,ppo,7,frozen_check_07,6,"{""flat"": [0.7082847356796265, -0.0877169817686081, 0.5726978778839111, -0.3668484389781952, -0.5086968541145325]}","{""flat"": [0.337643, 0.152321, 0.294831, 0.115221, 0.099984]}","{""flat"": 0}",unspecified,0,0,0,flat_action_0,"[true, true, true, true, true]",False,"[0.337643, 0.152321, 0.294831, 0.115221, 0.099984]",-1.085766,-1.085766,True
frozen_check,ppo,7,frozen_check_07,7,"{""flat"": [0.5613046288490295, -0.04096587747335434, 0.48618757724761963, -0.34025779366493225, -0.2858898639678955]}","{""flat"": [0.302137, 0.16544, 0.280273, 0.122648, 0.129501]}","{""flat"": 0}",unspecified,0,0,0,flat_action_0,"[true, true, true, true, true]",False,"[0.302137, 0.16544, 0.280273, 0.122648, 0.129501]",-1.196873,-1.196873,True
frozen_check,ppo,7,frozen_check_07,8,"{""flat"": [0.6790621876716614, -0.054949745535850525, 0.5926046967506409, -0.42014214396476746, -0.43356019258499146]}","{""flat"": [0.387746, 0.0, 0.355631, 0.129172, 0.127451]}","{""flat"": 0}",unspecified,0,0,0,flat_action_0,"[true, false, true, true, true]",False,"[0.387746, 0.0, 0.355631, 0.129172, 0.127451]",-0.947404,-0.947404,True
frozen_check,ppo,7,frozen_check_07,9,"{""flat"": [0.4727321267127991, 0.0069761723279953, 0.4690842032432556, -0.37626442313194275, -0.147705540060997]}","{""flat"": [0.33762, 0.0, 0.33639, 0.144449, 0.181541]}","{""flat"": 0}",unspecified,0,0,0,flat_action_0,"[true, false, true, true, true]",False,"[0.33762, 0.0, 0.33639, 0.144449, 0.181541]",-1.085835,-1.085835,True
regression,ppo,17,regression_00,0,"{""flat"": [0.21645085513591766, -0.13772867619991302, -0.08016649633646011, 0.13590234518051147, 0.07297997921705246]}","{""flat"": [0.236181, 0.16574, 0.17556, 0.217903, 0.204615]}","{""flat"": 0}",unspecified,0,0,0,flat_action_0,"[true, true, true, true, true]",False,"[0.236181, 0.16574, 0.17556, 0.217903, 0.204615]",-1.443155,-1.443155,True
regression,ppo,17,regression_00,1,"{""flat"": [0.21638034284114838, -0.14654797315597534, -0.060759443789720535, 0.1216050535440445, 0.08076578378677368]}","{""flat"": [0.236053, 0.164207, 0.178916, 0.214708, 0.206116]}","{""flat"": 0}",unspecified,0,0,0,flat_action_0,"[true, true, true, true, true]",False,"[0.236053, 0.164207, 0.178916, 0.214708, 0.206116]",-1.4437,-1.4437,True
regression,ppo,17,regression_00,2,"{""flat"": [0.21017859876155853, -0.17530663311481476, -0.024592459201812744, 0.10229682922363281, 0.07271790504455566]}","{""flat"": [0.280895, 0.0, 0.222118, 0.252169, 0.244819]}","{""flat"": 0}",unspecified,0,0,0,flat_action_0,"[true, false, true, true, true]",False,"[0.280895, 0.0, 0.222118, 0.252169, 0.244819]",-1.269776,-1.269776,True
regression,ppo,17,regression_00,3,"{""flat"": [0.2029007226228714, -0.17355363070964813, -0.021782290190458298, 0.11969584971666336, 0.06181798130273819]}","{""flat"": [0.233993, 0.160587, 0.186906, 0.215311, 0.203203]}","{""flat"": 0}",unspecified,0,0,0,flat_action_0,"[true, true, true, true, true]",False,"[0.233993, 0.160587, 0.186906, 0.215311, 0.203203]",-1.452466,-1.452466,True
regression,ppo,17,regression_00,4,"{""flat"": [0.2125415951013565, -0.17598901689052582, -0.016206946223974228, 0.09111076593399048, 0.08120102435350418]}","{""flat"": [0.281049, 0.0, 0.223582, 0.248912, 0.246457]}","{""flat"": 0}",unspecified,0,0,0,flat_action_0,"[true, false, true, true, true]",False,"[0.281049, 0.0, 0.223582, 0.248912, 0.246457]",-1.269227,-1.269227,True
regression,ppo,17,regression_01,0,"{""flat"": [0.22375188767910004, -0.14674265682697296, -0.07079502195119858, 0.13014785945415497, 0.09263139963150024]}","{""flat"": [0.236798, 0.163483, 0.176383, 0.215638, 0.207698]}","{""flat"": 0}",unspecified,0,0,0,flat_action_0,"[true, true, true, true, true]",False,"[0.236798, 0.163483, 0.176383, 0.215638, 0.207698]",-1.44055,-1.44055,True
regression,ppo,17,regression_01,1,"{""flat"": [0.2170877754688263, -0.14736032485961914, -0.0632266253232956, 0.12760508060455322, 0.09228421747684479]}","{""flat"": [0.235449, 0.163538, 0.177893, 0.215296, 0.207824]}","{""flat"": 0}",unspecified,0,0,0,flat_action_0,"[true, true, true, true, true]",False,"[0.235449, 0.163538, 0.177893, 0.215296, 0.207824]",-1.44626,-1.44626,True
regression,ppo,17,regression_01,2,"{""flat"": [0.2113359421491623, -0.14859779179096222, -0.05494783818721771, 0.12188727408647537, 0.0920695886015892]}","{""flat"": [0.234414, 0.163556, 0.179613, 0.214357, 0.208059]}","{""flat"": 0}",unspecified,0,0,0,flat_action_0,"[true, true, true, true, true]",False,"[0.234414, 0.163556, 0.179613, 0.214357, 0.208059]",-1.450665,-1.450665,True
regression,ppo,17,regression_01,3,"{""flat"": [0.20416128635406494, -0.14908094704151154, -0.046613454818725586, 0.11812826991081238, 0.09201796352863312]}","{""flat"": [0.232987, 0.163652, 0.18131, 0.21378, 0.208271]}","{""flat"": 0}",unspecified,0,0,0,flat_action_0,"[true, true, true, true, true]",False,"[0.232987, 0.163652, 0.18131, 0.21378, 0.208271]",-1.456773,-1.456773,True
regression,ppo,17,regression_01,4,"{""flat"": [0.23667876422405243, -0.15481539070606232, -0.06715907156467438, 0.10706707090139389, 0.09596025943756104]}","{""flat"": [0.286932, 0.0, 0.21175, 0.252051, 0.249267]}","{""flat"": 0}",unspecified,0,0,0,flat_action_0,"[true, false, true, true, true]",False,"[0.286932, 0.0, 0.21175, 0.252051, 0.249267]",-1.248511,-1.248511,True
regression,ppo,17,regression_01,5,"{""flat"": [0.22938281297683716, -0.1533748358488083, -0.06089535355567932, 0.10690139979124069, 0.09509998559951782]}","{""flat"": [0.285134, 0.0, 0.213296, 0.252265, 0.249305]}","{""flat"": 0}",unspecified,0,0,0,flat_action_0,"[true, false, true, true, true]",False,"[0.285134, 0.0, 0.213296, 0.252265, 0.249305]",-1.254795,-1.254795,True
regression,ppo,17,regression_01,6,"{""flat"": [0.22495710849761963, -0.15550699830055237, -0.05117611587047577, 0.09749411791563034, 0.09454117715358734]}","{""flat"": [0.284352, 0.0, 0.215741, 0.250322, 0.249584]}","{""flat"": 0}",unspecified,0,0,0,flat_action_0,"[true, false, true, true, true]",False,"[0.284352, 0.0, 0.215741, 0.250322, 0.249584]",-1.257542,-1.257542,True
regression,ppo,17,regression_01,7,"{""flat"": [0.21847714483737946, -0.15724317729473114, -0.03983161598443985, 0.09319021552801132, 0.10348443686962128]}","{""flat"": [0.28201, 0.0, 0.217812, 0.248802, 0.251376]}","{""flat"": 0}",unspecified,0,0,0,flat_action_0,"[true, false, true, true, true]",False,"[0.28201, 0.0, 0.217812, 0.248802, 0.251376]",-1.265813,-1.265813,True
regression,ppo,17,regression_02,0,"{""flat"": [0.2059677541255951, -0.1336790770292282, -0.09420482814311981, 0.1346159279346466, 0.0765530988574028]}","{""flat"": [0.234607, 0.167045, 0.173771, 0.21845, 0.206128]}","{""flat"": 0}",unspecified,0,0,0,flat_action_0,"[true, true, true, true, true]",False,"[0.234607, 0.167045, 0.173771, 0.21845, 0.206128]",-1.449846,-1.449846,True
regression,ppo,17,regression_02,1,"{""flat"": [0.21885240077972412, -0.18176878988742828, -0.04405064135789871, 0.0948263555765152, 0.08173432946205139]}","{""flat"": [0.283765, 0.0, 0.218163, 0.250666, 0.247406]}","{""flat"": 0}",unspecified,0,0,0,flat_action_0,"[true, false, true, true, true]",False,"[0.283765, 0.0, 0.218163, 0.250666, 0.247406]",-1.259608,-1.259608,True
regression,ppo,17,regression_02,2,"{""flat"": [0.21616454422473907, -0.14268918335437775, -0.0880945473909378, 0.11245588958263397, 0.08527257293462753]}","{""flat"": [0.284376, 0.0, 0.209776, 0.256362, 0.249487]}","{""flat"": 0}",unspecified,0,0,0,flat_action_0,"[true, false, true, true, true]",False,"[0.284376, 0.0, 0.209776, 0.256362, 0.249487]",-1.257458,-1.257458,True
regression,ppo,17,regression_02,3,"{""flat"": [0.22373461723327637, -0.1432124674320221, -0.09047028422355652, 0.11830384284257889, 0.08531121909618378]}","{""flat"": [0.28563, 0.0, 0.208615, 0.257049, 0.248706]}","{""flat"": 0}",unspecified,0,0,0,flat_action_0,"[true, false, true, true, true]",False,"[0.28563, 0.0, 0.208615, 0.257049, 0.248706]",-1.253059,-1.253059,True
regression,ppo,17,regression_02,4,"{""flat"": [0.19562287628650665, -0.17489248514175415, -0.029606882482767105, 0.10700616985559464, 0.06766723096370697]}","{""flat"": [0.233438, 0.16116, 0.186361, 0.213641, 0.2054]}","{""flat"": 0}",unspecified,0,0,0,flat_action_0,"[true, true, true, true, true]",False,"[0.233438, 0.16116, 0.186361, 0.213641, 0.2054]",-1.454841,-1.454841,True
regression,ppo,17,regression_02,5,"{""flat"": [0.2017456442117691, -0.17857839167118073, -0.024554084986448288, 0.09559677541255951, 0.08005626499652863]}","{""flat"": [0.279159, 0.0, 0.222623, 0.251045, 0.247174]}","{""flat"": 0}",unspecified,0,0,0,flat_action_0,"[true, false, true, true, true]",False,"[0.279159, 0.0, 0.222623, 0.251045, 0.247174]",-1.275975,-1.275975,True
regression,ppo,17,regression_02,6,"{""flat"": [0.21812811493873596, -0.14651988446712494, -0.07405778765678406, 0.10980214923620224, 0.09228108823299408]}","{""flat"": [0.28363, 0.0, 0.211767, 0.254512, 0.250091]}","{""flat"": 0}",unspecified,0,0,0,flat_action_0,"[true, false, true, true, true]",False,"[0.28363, 0.0, 0.211767, 0.254512, 0.250091]",-1.260083,-1.260083,True
regression,ppo,17,regression_03,0,"{""flat"": [0.15312989056110382, -0.12051229178905487, -0.01575605571269989, 0.12431322038173676, 0.12508618831634521]}","{""flat"": [0.355088, 0.0, 0.29991, 0.345002, 0.0]}","{""flat"": 0}",unspecified,0,0,0,flat_action_0,"[true, false, true, true, false]",False,"[0.355088, 0.0, 0.29991, 0.345002, 0.0]",-1.035388,-1.035388,True
regression,ppo,17,regression_03,1,"{""flat"": [0.2110247015953064, -0.14730332791805267, -0.0442805215716362, 0.12480020523071289, 0.0926915779709816]}","{""flat"": [0.233682, 0.163308, 0.181029, 0.214378, 0.207603]}","{""flat"": 0}",unspecified,0,0,0,flat_action_0,"[true, true, true, true, true]",False,"[0.233682, 0.163308, 0.181029, 0.214378, 0.207603]",-1.453792,-1.453792,True
regression,ppo,17,regression_03,2,"{""flat"": [0.2085459977388382, -0.15253818035125732, -0.032577283680438995, 0.11385001987218857, 0.09606409072875977]}","{""flat"": [0.233322, 0.162607, 0.183331, 0.212241, 0.208499]}","{""flat"": 0}",unspecified,0,0,0,flat_action_0,"[true, true, true, true, true]",False,"[0.233322, 0.162607, 0.183331, 0.212241, 0.208499]",-1.455337,-1.455337,True
regression,ppo,17,regression_03,3,"{""flat"": [0.20249827206134796, -0.15411986410617828, -0.023050036281347275, 0.10707194358110428, 0.0978846549987793]}","{""flat"": [0.232138, 0.162506, 0.185265, 0.21101, 0.209081]}","{""flat"": 0}",unspecified,0,0,0,flat_action_0,"[true, true, true, true, true]",False,"[0.232138, 0.162506, 0.185265, 0.21101, 0.209081]",-1.460422,-1.460422,True
regression,ppo,17,regression_03,4,"{""flat"": [0.19968372583389282, -0.18163688480854034, 0.013836786150932312, 0.08808248490095139, 0.09354798495769501]}","{""flat"": [0.27593, 0.0, 0.229133, 0.246792, 0.248145]}","{""flat"": 0}",unspecified,0,0,0,flat_action_0,"[true, false, true, true, true]",False,"[0.27593, 0.0, 0.229133, 0.246792, 0.248145]",-1.287607,-1.287607,True
regression,ppo,17,regression_03,5,"{""flat"": [0.15206703543663025, -0.12006396055221558, -0.008433766663074493, 0.11968433856964111, 0.1270722895860672]}","{""flat"": [0.354628, 0.0, 0.302043, 0.343329, 0.0]}","{""flat"": 0}",unspecified,0,0,0,flat_action_0,"[true, false, true, true, false]",False,"[0.354628, 0.0, 0.302043, 0.343329, 0.0]",-1.036685,-1.036685,True
regression,ppo,17,regression_03,6,"{""flat"": [0.22889862954616547, -0.1548088788986206, -0.04082392528653145, 0.10062982887029648, 0.09769362211227417]}","{""flat"": [0.284071, 0.0, 0.216914, 0.249874, 0.249141]}","{""flat"": 0}",unspecified,0,0,0,flat_action_0,"[true, false, true, true, true]",False,"[0.284071, 0.0, 0.216914, 0.249874, 0.249141]",-1.258531,-1.258531,True
regression,ppo,17,regression_03,7,"{""flat"": [0.22116199135780334, -0.15544649958610535, -0.030420422554016113, 0.10158699005842209, 0.09953237324953079]}","{""flat"": [0.281663, 0.0, 0.219012, 0.249919, 0.249406]}","{""flat"": 0}",unspecified,0,0,0,flat_action_0,"[true, false, true, true, true]",False,"[0.281663, 0.0, 0.219012, 0.249919, 0.249406]",-1.267044,-1.267044,True
regression,ppo,17,regression_03,8,"{""flat"": [0.2133231908082962, -0.15327371656894684, -0.024550795555114746, 0.10063081234693527, 0.09865990281105042]}","{""flat"": [0.279846, 0.0, 0.220603, 0.250022, 0.249529]}","{""flat"": 0}",unspecified,0,0,0,flat_action_0,"[true, false, true, true, true]",False,"[0.279846, 0.0, 0.220603, 0.250022, 0.249529]",-1.273516,-1.273516,True
regression,ppo,17,regression_03,9,"{""flat"": [0.2086849957704544, -0.14800231158733368, -0.030143775045871735, 0.08096535503864288, 0.09602607786655426]}","{""flat"": [0.280812, 0.0, 0.221153, 0.247142, 0.250893]}","{""flat"": 0}",unspecified,0,0,0,flat_action_0,"[true, false, true, true, true]",False,"[0.280812, 0.0, 0.221153, 0.247142, 0.250893]",-1.270071,-1.270071,True
regression,ppo,17,regression_04,0,"{""flat"": [0.18487060070037842, -0.1368238478899002, -0.09023018926382065, 0.131507009267807, 0.08527173101902008]}","{""flat"": [0.23054, 0.167123, 0.175094, 0.21856, 0.208684]}","{""flat"": 0}",unspecified,0,0,0,flat_action_0,"[true, true, true, true, true]",False,"[0.23054, 0.167123, 0.175094, 0.21856, 0.208684]",-1.467333,-1.467333,True
regression,ppo,17,regression_04,1,"{""flat"": [0.1786283701658249, -0.1395118236541748, -0.0790114775300026, 0.12310671806335449, 0.08516722917556763]}","{""flat"": [0.229508, 0.166968, 0.177381, 0.217113, 0.20903]}","{""flat"": 0}",unspecified,0,0,0,flat_action_0,"[true, true, true, true, true]",False,"[0.229508, 0.166968, 0.177381, 0.217113, 0.20903]",-1.471816,-1.471816,True
regression,ppo,17,regression_04,2,"{""flat"": [0.20616352558135986, -0.1476651132106781, -0.08952191472053528, 0.11376316845417023, 0.09122457355260849]}","{""flat"": [0.281914, 0.0, 0.20975, 0.257032, 0.251304]}","{""flat"": 0}",unspecified,0,0,0,flat_action_0,"[true, false, true, true, true]",False,"[0.281914, 0.0, 0.20975, 0.257032, 0.251304]",-1.266153,-1.266153,True
regression,ppo,17,regression_04,3,"{""flat"": [0.19956862926483154, -0.14730165898799896, -0.08282934129238129, 0.10418904572725296, 0.08844124525785446]}","{""flat"": [0.281071, 0.0, 0.21192, 0.255501, 0.251509]}","{""flat"": 0}",unspecified,0,0,0,flat_action_0,"[true, false, true, true, true]",False,"[0.281071, 0.0, 0.21192, 0.255501, 0.251509]",-1.26915,-1.26915,True
regression,ppo,17,regression_04,4,"{""flat"": [0.1840256303548813, -0.14308296144008636, -0.06983690708875656, 0.11869842559099197, 0.0889122486114502]}","{""flat"": [0.230264, 0.166022, 0.178639, 0.215703, 0.209372]}","{""flat"": 0}",unspecified,0,0,0,flat_action_0,"[true, true, true, true, true]",False,"[0.230264, 0.166022, 0.178639, 0.215703, 0.209372]",-1.468527,-1.468527,True
regression,ppo,17,regression_05,0,"{""flat"": [0.20555202662944794, -0.17481093108654022, -0.030019491910934448, 0.12182268500328064, 0.06473622471094131]}","{""flat"": [0.234628, 0.160395, 0.185384, 0.215783, 0.20381]}","{""flat"": 0}",unspecified,0,0,0,flat_action_0,"[true, true, true, true, true]",False,"[0.234628, 0.160395, 0.185384, 0.215783, 0.20381]",-1.449753,-1.449753,True
regression,ppo,17,regression_05,1,"{""flat"": [0.2087710052728653, -0.14131636917591095, -0.06464703381061554, 0.12621277570724487, 0.07525968551635742]}","{""flat"": [0.234677, 0.16536, 0.178536, 0.216081, 0.205346]}","{""flat"": 0}",unspecified,0,0,0,flat_action_0,"[true, true, true, true, true]",False,"[0.234677, 0.16536, 0.178536, 0.216081, 0.205346]",-1.449545,-1.449545,True
regression,ppo,17,regression_05,2,"{""flat"": [0.1985265016555786, -0.17451952397823334, -0.019711360335350037, 0.12204451858997345, 0.06262503564357758]}","{""flat"": [0.232999, 0.160451, 0.187316, 0.215843, 0.203391]}","{""flat"": 0}",unspecified,0,0,0,flat_action_0,"[true, true, true, true, true]",False,"[0.232999, 0.160451, 0.187316, 0.215843, 0.203391]",-1.456722,-1.456722,True
regression,ppo,17,regression_05,3,"{""flat"": [0.21976755559444427, -0.1391887664794922, -0.07197558134794235, 0.10426704585552216, 0.07442847639322281]}","{""flat"": [0.285501, 0.0, 0.213258, 0.254359, 0.246881]}","{""flat"": 0}",unspecified,0,0,0,flat_action_0,"[true, false, true, true, true]",False,"[0.285501, 0.0, 0.213258, 0.254359, 0.246881]",-1.253508,-1.253508,True
regression,ppo,17,regression_05,4,"{""flat"": [0.22095972299575806, -0.14651189744472504, -0.05938664823770523, 0.10830912739038467, 0.08603648841381073]}","{""flat"": [0.283868, 0.0, 0.214468, 0.253625, 0.248039]}","{""flat"": 0}",unspecified,0,0,0,flat_action_0,"[true, false, true, true, true]",False,"[0.283868, 0.0, 0.214468, 0.253625, 0.248039]",-1.259247,-1.259247,True
regression,ppo,17,regression_06,0,"{""flat"": [0.17955012619495392, -0.14775769412517548, -0.04562113806605339, 0.10923387855291367, 0.1115381047129631]}","{""flat"": [0.22802, 0.164371, 0.182046, 0.212537, 0.213027]}","{""flat"": 0}",unspecified,0,0,0,flat_action_0,"[true, true, true, true, true]",False,"[0.22802, 0.164371, 0.182046, 0.212537, 0.213027]",-1.478324,-1.478324,True
regression,ppo,17,regression_06,1,"{""flat"": [0.16890843212604523, -0.14589694142341614, -0.03789369761943817, 0.10747228562831879, 0.10901342332363129]}","{""flat"": [0.225969, 0.164942, 0.183754, 0.212504, 0.212832]}","{""flat"": 0}",unspecified,0,0,0,flat_action_0,"[true, true, true, true, true]",False,"[0.225969, 0.164942, 0.183754, 0.212504, 0.212832]",-1.487358,-1.487358,True
regression,ppo,17,regression_06,2,"{""flat"": [0.20190323889255524, -0.1552942544221878, -0.04856273904442787, 0.09618933498859406, 0.11401225626468658]}","{""flat"": [0.278243, 0.0, 0.216595, 0.25033, 0.254832]}","{""flat"": 0}",unspecified,0,0,0,flat_action_0,"[true, false, true, true, true]",False,"[0.278243, 0.0, 0.216595, 0.25033, 0.254832]",-1.27926,-1.27926,True
regression,ppo,17,regression_06,3,"{""flat"": [0.19588474929332733, -0.15581633150577545, -0.04176462069153786, 0.08557573705911636, 0.1115303561091423]}","{""flat"": [0.277536, 0.0, 0.218831, 0.248549, 0.255084]}","{""flat"": 0}",unspecified,0,0,0,flat_action_0,"[true, false, true, true, true]",False,"[0.277536, 0.0, 0.218831, 0.248549, 0.255084]",-1.281806,-1.281806,True
regression,ppo,17,regression_06,4,"{""flat"": [0.17804335057735443, -0.15013952553272247, -0.027751263231039047, 0.09895947575569153, 0.11421322077512741]}","{""flat"": [0.227461, 0.163825, 0.185153, 0.210165, 0.213396]}","{""flat"": 0}",unspecified,0,0,0,flat_action_0,"[true, true, true, true, true]",False,"[0.227461, 0.163825, 0.185153, 0.210165, 0.213396]",-1.480777,-1.480777,True
regression,ppo,17,regression_07,0,"{""flat"": [0.21949483454227448, -0.1622684746980667, -0.03125552833080292, 0.1158510223031044, 0.11034953594207764]}","{""flat"": [0.234796, 0.160285, 0.182722, 0.211679, 0.210518]}","{""flat"": 0}",unspecified,0,0,0,flat_action_0,"[true, true, true, true, true]",False,"[0.234796, 0.160285, 0.182722, 0.211679, 0.210518]",-1.449039,-1.449039,True
regression,ppo,17,regression_07,1,"{""flat"": [0.21489877998828888, -0.16643036901950836, -0.021169111132621765, 0.11192790418863297, 0.1069406270980835]}","{""flat"": [0.234055, 0.159849, 0.18484, 0.211154, 0.210103]}","{""flat"": 0}",unspecified,0,0,0,flat_action_0,"[true, true, true, true, true]",False,"[0.234055, 0.159849, 0.18484, 0.211154, 0.210103]",-1.452199,-1.452199,True
regression,ppo,17,regression_07,2,"{""flat"": [0.18262739479541779, -0.19935595989227295, 0.05023312568664551, 0.09410553425550461, 0.11525702476501465]}","{""flat"": [0.226828, 0.154811, 0.1987, 0.207611, 0.21205]}","{""flat"": 0}",unspecified,0,0,0,flat_action_0,"[true, true, true, true, true]",False,"[0.226828, 0.154811, 0.1987, 0.207611, 0.21205]",-1.483565,-1.483565,True
regression,ppo,17,regression_07,3,"{""flat"": [0.215169757604599, -0.1686732918024063, -0.014697842299938202, 0.1076805591583252, 0.10819219052791595]}","{""flat"": [0.234055, 0.159447, 0.185989, 0.210201, 0.210309]}","{""flat"": 0}",unspecified,0,0,0,flat_action_0,"[true, true, true, true, true]",False,"[0.234055, 0.159447, 0.185989, 0.210201, 0.210309]",-1.452201,-1.452201,True
regression,ppo,17,regression_07,4,"{""flat"": [0.18193991482257843, -0.18987764418125153, 0.017546750605106354, 0.10132893919944763, 0.09389405697584152]}","{""flat"": [0.228511, 0.157554, 0.193871, 0.210813, 0.209252]}","{""flat"": 0}",unspecified,0,0,0,flat_action_0,"[true, true, true, true, true]",False,"[0.228511, 0.157554, 0.193871, 0.210813, 0.209252]",-1.476171,-1.476171,True
regression,ppo,17,regression_07,5,"{""flat"": [0.20792002975940704, -0.15143536031246185, -0.04979949817061424, 0.12383344769477844, 0.07007047533988953]}","{""flat"": [0.234658, 0.163821, 0.181347, 0.215733, 0.204441]}","{""flat"": 0}",unspecified,0,0,0,flat_action_0,"[true, true, true, true, true]",False,"[0.234658, 0.163821, 0.181347, 0.215733, 0.204441]",-1.449626,-1.449626,True
regression,ppo,17,regression_07,6,"{""flat"": [0.20256654918193817, -0.18320244550704956, -0.007950887084007263, 0.10402944684028625, 0.0821566954255104]}","{""flat"": [0.233491, 0.158757, 0.189167, 0.211581, 0.207004]}","{""flat"": 0}",unspecified,0,0,0,flat_action_0,"[true, true, true, true, true]",False,"[0.233491, 0.158757, 0.189167, 0.211581, 0.207004]",-1.45461,-1.45461,True
regression,ppo,17,regression_07,7,"{""flat"": [0.20653574168682098, -0.1487543135881424, -0.05037025734782219, 0.11277753114700317, 0.08804240822792053]}","{""flat"": [0.234018, 0.16404, 0.180999, 0.213074, 0.207869]}","{""flat"": 0}",unspecified,0,0,0,flat_action_0,"[true, true, true, true, true]",False,"[0.234018, 0.16404, 0.180999, 0.213074, 0.207869]",-1.452356,-1.452356,True
regression,ppo,17,regression_07,8,"{""flat"": [0.2155134081840515, -0.1843530535697937, -0.010334748774766922, 0.09154979139566422, 0.08953562378883362]}","{""flat"": [0.280671, 0.0, 0.223931, 0.247948, 0.24745]}","{""flat"": 0}",unspecified,0,0,0,flat_action_0,"[true, false, true, true, true]",False,"[0.280671, 0.0, 0.223931, 0.247948, 0.24745]",-1.270571,-1.270571,True
regression,ppo,17,regression_07,9,"{""flat"": [0.21914373338222504, -0.15313521027565002, -0.04996678978204727, 0.10049065947532654, 0.09453711658716202]}","{""flat"": [0.282884, 0.0, 0.21614, 0.251234, 0.249742]}","{""flat"": 0}",unspecified,0,0,0,flat_action_0,"[true, false, true, true, true]",False,"[0.282884, 0.0, 0.21614, 0.251234, 0.249742]",-1.262719,-1.262719,True
regression,ppo,17,regression_07,10,"{""flat"": [0.21946047246456146, -0.14650236070156097, -0.05999987572431564, 0.0971379354596138, 0.08675102889537811]}","{""flat"": [0.284351, 0.0, 0.215024, 0.251612, 0.249012]}","{""flat"": 0}",unspecified,0,0,0,flat_action_0,"[true, false, true, true, true]",False,"[0.284351, 0.0, 0.215024, 0.251612, 0.249012]",-1.257544,-1.257544,True
regression,ppo,17,regression_07,11,"{""flat"": [0.21557241678237915, -0.15218959748744965, -0.04566263407468796, 0.09487742185592651, 0.09881970286369324]}","{""flat"": [0.281991, 0.0, 0.217161, 0.24993, 0.250917]}","{""flat"": 0}",unspecified,0,0,0,flat_action_0,"[true, false, true, true, true]",False,"[0.281991, 0.0, 0.217161, 0.24993, 0.250917]",-1.265879,-1.265879,True
regression,ppo,17,regression_08,0,"{""flat"": [0.21352949738502502, -0.13981109857559204, -0.07384209334850311, 0.12903235852718353, 0.07505936920642853]}","{""flat"": [0.235725, 0.165558, 0.176849, 0.216625, 0.205243]}","{""flat"": 0}",unspecified,0,0,0,flat_action_0,"[true, true, true, true, true]",False,"[0.235725, 0.165558, 0.176849, 0.216625, 0.205243]",-1.44509,-1.44509,True
regression,ppo,17,regression_08,1,"{""flat"": [0.20445416867733002, -0.13991005718708038, -0.06490141153335571, 0.1278594732284546, 0.0746108815073967]}","{""flat"": [0.233807, 0.165692, 0.178598, 0.216567, 0.205337]}","{""flat"": 0}",unspecified,0,0,0,flat_action_0,"[true, true, true, true, true]",False,"[0.233807, 0.165692, 0.178598, 0.216567, 0.205337]",-1.453261,-1.453261,True
regression,ppo,17,regression_08,2,"{""flat"": [0.22925922274589539, -0.14519567787647247, -0.07554598897695541, 0.1142878532409668, 0.08063068240880966]}","{""flat"": [0.286488, 0.0, 0.211218, 0.255373, 0.246921]}","{""flat"": 0}",unspecified,0,0,0,flat_action_0,"[true, false, true, true, true]",False,"[0.286488, 0.0, 0.211218, 0.255373, 0.246921]",-1.250059,-1.250059,True
regression,ppo,17,regression_08,3,"{""flat"": [0.22047008574008942, -0.1436975747346878, -0.06789465248584747, 0.113032765686512, 0.07911128550767899]}","{""flat"": [0.28443, 0.0, 0.213177, 0.255456, 0.246936]}","{""flat"": 0}",unspecified,0,0,0,flat_action_0,"[true, false, true, true, true]",False,"[0.28443, 0.0, 0.213177, 0.255456, 0.246936]",-1.257267,-1.257267,True
regression,ppo,17,regression_08,4,"{""flat"": [0.2135036736726761, -0.17187680304050446, -0.022163555026054382, 0.09920036047697067, 0.07149025797843933]}","{""flat"": [0.281719, 0.0, 0.22257, 0.251289, 0.244422]}","{""flat"": 0}",unspecified,0,0,0,flat_action_0,"[true, false, true, true, true]",False,"[0.281719, 0.0, 0.22257, 0.251289, 0.244422]",-1.266846,-1.266846,True
regression,ppo,17,regression_08,5,"{""flat"": [0.18771769106388092, -0.17514699697494507, -0.00334804505109787, 0.10703227669000626, 0.07138980180025101]}","{""flat"": [0.230711, 0.160501, 0.190585, 0.212827, 0.205375]}","{""flat"": 0}",unspecified,0,0,0,flat_action_0,"[true, true, true, true, true]",False,"[0.230711, 0.160501, 0.190585, 0.212827, 0.205375]",-1.466589,-1.466589,True
regression,ppo,17,regression_09,0,"{""flat"": [0.21289858222007751, -0.14610864222049713, -0.06402330845594406, 0.12462757527828217, 0.09193797409534454]}","{""flat"": [0.234848, 0.164011, 0.178042, 0.215007, 0.208092]}","{""flat"": 0}",unspecified,0,0,0,flat_action_0,"[true, true, true, true, true]",False,"[0.234848, 0.164011, 0.178042, 0.215007, 0.208092]",-1.448815,-1.448815,True
regression,ppo,17,regression_09,1,"{""flat"": [0.20782919228076935, -0.14826831221580505, -0.054773710668087006, 0.11812729388475418, 0.09338198602199554]}","{""flat"": [0.23389, 0.163818, 0.179872, 0.213823, 0.208597]}","{""flat"": 0}",unspecified,0,0,0,flat_action_0,"[true, true, true, true, true]",False,"[0.23389, 0.163818, 0.179872, 0.213823, 0.208597]",-1.452904,-1.452904,True
regression,ppo,17,regression_09,2,"{""flat"": [0.2044307142496109, -0.1819419264793396, -0.01372360810637474, 0.11497095227241516, 0.08143377304077148]}","{""flat"": [0.233524, 0.158684, 0.187754, 0.21354, 0.206498]}","{""flat"": 0}",unspecified,0,0,0,flat_action_0,"[true, true, true, true, true]",False,"[0.233524, 0.158684, 0.187754, 0.21354, 0.206498]",-1.454469,-1.454469,True
regression,ppo,17,regression_09,3,"{""flat"": [0.20826205611228943, -0.14878146350383759, -0.05085010826587677, 0.11799534410238266, 0.09125838428735733]}","{""flat"": [0.233932, 0.163692, 0.180534, 0.213741, 0.208102]}","{""flat"": 0}",unspecified,0,0,0,flat_action_0,"[true, true, true, true, true]",False,"[0.233932, 0.163692, 0.180534, 0.213741, 0.208102]",-1.452725,-1.452725,True
regression,ppo,17,regression_09,4,"{""flat"": [0.2124662548303604, -0.14933420717716217, -0.055624958127737045, 0.12041113525629044, 0.08915811032056808]}","{""flat"": [0.23489, 0.163583, 0.179653, 0.214233, 0.207641]}","{""flat"": 0}",unspecified,0,0,0,flat_action_0,"[true, true, true, true, true]",False,"[0.23489, 0.163583, 0.179653, 0.214233, 0.207641]",-1.448637,-1.448637,True
regression,ppo,17,regression_09,5,"{""flat"": [0.20883013308048248, -0.15272042155265808, -0.044502004981040955, 0.11162837594747543, 0.09238239377737045]}","{""flat"": [0.234178, 0.163127, 0.181771, 0.212487, 0.208436]}","{""flat"": 0}",unspecified,0,0,0,flat_action_0,"[true, true, true, true, true]",False,"[0.234178, 0.163127, 0.181771, 0.212487, 0.208436]",-1.451674,-1.451674,True
regression,ppo,17,regression_09,6,"{""flat"": [0.2152913212776184, -0.18649224936962128, -0.0065116286277771, 0.09399710595607758, 0.09152458608150482]}","{""flat"": [0.280078, 0.0, 0.224363, 0.248086, 0.247473]}","{""flat"": 0}",unspecified,0,0,0,flat_action_0,"[true, false, true, true, true]",False,"[0.280078, 0.0, 0.224363, 0.248086, 0.247473]",-1.272687,-1.272687,True
regression,ppo,17,regression_09,7,"{""flat"": [0.22017040848731995, -0.15760262310504913, -0.04281102120876312, 0.09881118685007095, 0.09787996113300323]}","{""flat"": [0.282537, 0.0, 0.217202, 0.250247, 0.250014]}","{""flat"": 0}",unspecified,0,0,0,flat_action_0,"[true, false, true, true, true]",False,"[0.282537, 0.0, 0.217202, 0.250247, 0.250014]",-1.263947,-1.263947,True
regression,ppo,17,regression_09,8,"{""flat"": [0.21948619186878204, -0.14790503680706024, -0.05711144581437111, 0.09173528850078583, 0.09378136694431305]}","{""flat"": [0.284066, 0.0, 0.215424, 0.249999, 0.250511]}","{""flat"": 0}",unspecified,0,0,0,flat_action_0,"[true, false, true, true, true]",False,"[0.284066, 0.0, 0.215424, 0.249999, 0.250511]",-1.258548,-1.258548,True
regression,ppo,17,regression_10,0,"{""flat"": [0.20404209196567535, -0.137187197804451, -0.08765153586864471, 0.1258915811777115, 0.07904286682605743]}","{""flat"": [0.234455, 0.166673, 0.175137, 0.21683, 0.206906]}","{""flat"": 0}",unspecified,0,0,0,flat_action_0,"[true, true, true, true, true]",False,"[0.234455, 0.166673, 0.175137, 0.21683, 0.206906]",-1.450493,-1.450493,True
regression,ppo,17,regression_10,1,"{""flat"": [0.19547738134860992, -0.13751576840877533, -0.0781913697719574, 0.1229495257139206, 0.07826051115989685]}","{""flat"": [0.232732, 0.166816, 0.177012, 0.21645, 0.20699]}","{""flat"": 0}",unspecified,0,0,0,flat_action_0,"[true, true, true, true, true]",False,"[0.232732, 0.166816, 0.177012, 0.21645, 0.20699]",-1.457868,-1.457868,True
regression,ppo,17,regression_10,2,"{""flat"": [0.2249080091714859, -0.1464586704969406, -0.0878535658121109, 0.1033540740609169, 0.08603785932064056]}","{""flat"": [0.286754, 0.0, 0.209739, 0.253933, 0.249574]}","{""flat"": 0}",unspecified,0,0,0,flat_action_0,"[true, false, true, true, true]",False,"[0.286754, 0.0, 0.209739, 0.253933, 0.249574]",-1.24913,-1.24913,True
regression,ppo,17,regression_10,3,"{""flat"": [0.21282929182052612, -0.14481079578399658, -0.07692660391330719, 0.10959544032812119, 0.0854867622256279]}","{""flat"": [0.283222, 0.0, 0.211977, 0.255443, 0.249358]}","{""flat"": 0}",unspecified,0,0,0,flat_action_0,"[true, false, true, true, true]",False,"[0.283222, 0.0, 0.211977, 0.255443, 0.249358]",-1.261523,-1.261523,True
regression,ppo,17,regression_10,4,"{""flat"": [0.19543783366680145, -0.138077512383461, -0.07045760005712509, 0.1241728737950325, 0.08100627362728119]}","{""flat"": [0.232234, 0.166372, 0.178012, 0.216259, 0.207123]}","{""flat"": 0}",unspecified,0,0,0,flat_action_0,"[true, true, true, true, true]",False,"[0.232234, 0.166372, 0.178012, 0.216259, 0.207123]",-1.460011,-1.460011,True
regression,ppo,17,regression_11,0,"{""flat"": [0.2000473439693451, -0.1483333259820938, -0.03705141693353653, 0.11745274811983109, 0.08704720437526703]}","{""flat"": [0.232093, 0.163818, 0.183101, 0.213694, 0.207294]}","{""flat"": 0}",unspecified,0,0,0,flat_action_0,"[true, true, true, true, true]",False,"[0.232093, 0.163818, 0.183101, 0.213694, 0.207294]",-1.460617,-1.460617,True
regression,ppo,17,regression_11,1,"{""flat"": [0.2015930861234665, -0.18119700253009796, 0.00725419819355011, 0.0869390144944191, 0.0916864201426506]}","{""flat"": [0.276934, 0.0, 0.228021, 0.246935, 0.24811]}","{""flat"": 0}",unspecified,0,0,0,flat_action_0,"[true, false, true, true, true]",False,"[0.276934, 0.0, 0.228021, 0.246935, 0.24811]",-1.283977,-1.283977,True
regression,ppo,17,regression_11,2,"{""flat"": [0.21946965157985687, -0.15298433601856232, -0.038331348448991776, 0.1005067452788353, 0.09785918891429901]}","{""flat"": [0.282001, 0.0, 0.217916, 0.250372, 0.24971]}","{""flat"": 0}",unspecified,0,0,0,flat_action_0,"[true, false, true, true, true]",False,"[0.282001, 0.0, 0.217916, 0.250372, 0.24971]",-1.265844,-1.265844,True
regression,ppo,17,regression_11,3,"{""flat"": [0.21117375791072845, -0.15298955142498016, -0.027568727731704712, 0.0959346741437912, 0.09798170626163483]}","{""flat"": [0.279975, 0.0, 0.220513, 0.2495, 0.250012]}","{""flat"": 0}",unspecified,0,0,0,flat_action_0,"[true, false, true, true, true]",False,"[0.279975, 0.0, 0.220513, 0.2495, 0.250012]",-1.273056,-1.273056,True
regression,ppo,17,regression_11,4,"{""flat"": [0.19882245361804962, -0.16950957477092743, -0.00031907856464385986, 0.08871538937091827, 0.08524475991725922]}","{""flat"": [0.277177, 0.0, 0.227128, 0.248278, 0.247418]}","{""flat"": 0}",unspecified,0,0,0,flat_action_0,"[true, false, true, true, true]",False,"[0.277177, 0.0, 0.227128, 0.248278, 0.247418]",-1.2831,-1.2831,True
frozen_check,ppo,17,frozen_check_00,0,"{""flat"": [0.21394012868404388, -0.14059750735759735, -0.072849802672863, 0.12910455465316772, 0.07618844509124756]}","{""flat"": [0.23573, 0.165364, 0.176955, 0.216556, 0.205395]}","{""flat"": 0}",unspecified,0,0,0,flat_action_0,"[true, true, true, true, true]",False,"[0.23573, 0.165364, 0.176955, 0.216556, 0.205395]",-1.445069,-1.445069,True
frozen_check,ppo,17,frozen_check_00,1,"{""flat"": [0.20681841671466827, -0.14147813618183136, -0.06375961005687714, 0.12471302598714828, 0.07642539590597153]}","{""flat"": [0.234315, 0.165401, 0.178768, 0.215845, 0.20567]}","{""flat"": 0}",unspecified,0,0,0,flat_action_0,"[true, true, true, true, true]",False,"[0.234315, 0.165401, 0.178768, 0.215845, 0.20567]",-1.451087,-1.451087,True
frozen_check,ppo,17,frozen_check_00,2,"{""flat"": [0.2305828183889389, -0.14316999912261963, -0.08011433482170105, 0.11265221238136292, 0.08046898990869522]}","{""flat"": [0.287166, 0.0, 0.210474, 0.255221, 0.247138]}","{""flat"": 0}",unspecified,0,0,0,flat_action_0,"[true, false, true, true, true]",False,"[0.287166, 0.0, 0.210474, 0.255221, 0.247138]",-1.247694,-1.247694,True
frozen_check,ppo,17,frozen_check_00,3,"{""flat"": [0.2230253666639328, -0.14574100077152252, -0.067692831158638, 0.11231590062379837, 0.08208797872066498]}","{""flat"": [0.284781, 0.0, 0.212938, 0.254936, 0.247345]}","{""flat"": 0}",unspecified,0,0,0,flat_action_0,"[true, false, true, true, true]",False,"[0.284781, 0.0, 0.212938, 0.254936, 0.247345]",-1.256034,-1.256034,True
frozen_check,ppo,17,frozen_check_00,4,"{""flat"": [0.2118901163339615, -0.14519622921943665, -0.05963435024023056, 0.12377288937568665, 0.07420258224010468]}","{""flat"": [0.235352, 0.164679, 0.179389, 0.215501, 0.205079]}","{""flat"": 0}",unspecified,0,0,0,flat_action_0,"[true, true, true, true, true]",False,"[0.235352, 0.164679, 0.179389, 0.215501, 0.205079]",-1.446673,-1.446673,True
frozen_check,ppo,17,frozen_check_00,5,"{""flat"": [0.20775090157985687, -0.17437489330768585, -0.012000177055597305, 0.09923488646745682, 0.07462260127067566]}","{""flat"": [0.279702, 0.0, 0.224522, 0.250939, 0.244838]}","{""flat"": 0}",unspecified,0,0,0,flat_action_0,"[true, false, true, true, true]",False,"[0.279702, 0.0, 0.224522, 0.250939, 0.244838]",-1.274031,-1.274031,True
frozen_check,ppo,17,frozen_check_00,6,"{""flat"": [0.20898745954036713, -0.17623765766620636, -0.013161081820726395, 0.09910175204277039, 0.08130385726690292]}","{""flat"": [0.279574, 0.0, 0.223882, 0.250481, 0.246062]}","{""flat"": 0}",unspecified,0,0,0,flat_action_0,"[true, false, true, true, true]",False,"[0.279574, 0.0, 0.223882, 0.250481, 0.246062]",-1.274487,-1.274487,True
frozen_check,ppo,17,frozen_check_01,0,"{""flat"": [0.21289858222007751, -0.14610864222049713, -0.06402330845594406, 0.12462757527828217, 0.09193797409534454]}","{""flat"": [0.234848, 0.164011, 0.178042, 0.215007, 0.208092]}","{""flat"": 0}",unspecified,0,0,0,flat_action_0,"[true, true, true, true, true]",False,"[0.234848, 0.164011, 0.178042, 0.215007, 0.208092]",-1.448815,-1.448815,True
frozen_check,ppo,17,frozen_check_01,1,"{""flat"": [0.20759402215480804, -0.14972634613513947, -0.051974646747112274, 0.11984685063362122, 0.09545332193374634]}","{""flat"": [0.233599, 0.163414, 0.180194, 0.213975, 0.208818]}","{""flat"": 0}",unspecified,0,0,0,flat_action_0,"[true, true, true, true, true]",False,"[0.233599, 0.163414, 0.180194, 0.213975, 0.208818]",-1.45415,-1.45415,True
frozen_check,ppo,17,frozen_check_01,2,"{""flat"": [0.20466269552707672, -0.18331436812877655, -0.010161381214857101, 0.11382713168859482, 0.08333797752857208]}","{""flat"": [0.233425, 0.158362, 0.1883, 0.213157, 0.206756]}","{""flat"": 0}",unspecified,0,0,0,flat_action_0,"[true, true, true, true, true]",False,"[0.233425, 0.158362, 0.1883, 0.213157, 0.206756]",-1.454893,-1.454893,True
frozen_check,ppo,17,frozen_check_01,3,"{""flat"": [0.22393596172332764, -0.15347832441329956, -0.05871216207742691, 0.10619273036718369, 0.09625615179538727]}","{""flat"": [0.283862, 0.0, 0.213971, 0.252331, 0.249837]}","{""flat"": 0}",unspecified,0,0,0,flat_action_0,"[true, false, true, true, true]",False,"[0.283862, 0.0, 0.213971, 0.252331, 0.249837]",-1.259269,-1.259269,True
frozen_check,ppo,17,frozen_check_01,4,"{""flat"": [0.2140132039785385, -0.14912356436252594, -0.05594708025455475, 0.11075694859027863, 0.08020280301570892]}","{""flat"": [0.236097, 0.164203, 0.180239, 0.212935, 0.206527]}","{""flat"": 0}",unspecified,0,0,0,flat_action_0,"[true, true, true, true, true]",False,"[0.236097, 0.164203, 0.180239, 0.212935, 0.206527]",-1.443514,-1.443514,True
frozen_check,ppo,17,frozen_check_01,5,"{""flat"": [0.2080218344926834, -0.15484483540058136, -0.03669010102748871, 0.10732481628656387, 0.09393119812011719]}","{""flat"": [0.233919, 0.162732, 0.183142, 0.211511, 0.208697]}","{""flat"": 0}",unspecified,0,0,0,flat_action_0,"[true, true, true, true, true]",False,"[0.233919, 0.162732, 0.183142, 0.211511, 0.208697]",-1.452782,-1.452782,True
frozen_check,ppo,17,frozen_check_01,6,"{""flat"": [0.21255254745483398, -0.18308284878730774, -0.004804551601409912, 0.08564481884241104, 0.09583952277898788]}","{""flat"": [0.279697, 0.0, 0.225056, 0.246361, 0.248886]}","{""flat"": 0}",unspecified,0,0,0,flat_action_0,"[true, false, true, true, true]",False,"[0.279697, 0.0, 0.225056, 0.246361, 0.248886]",-1.274049,-1.274049,True
frozen_check,ppo,17,frozen_check_02,0,"{""flat"": [0.20544089376926422, -0.1384197473526001, -0.0865190252661705, 0.12378465384244919, 0.07999897003173828]}","{""flat"": [0.234768, 0.166457, 0.175324, 0.21636, 0.207091]}","{""flat"": 0}",unspecified,0,0,0,flat_action_0,"[true, true, true, true, true]",False,"[0.234768, 0.166457, 0.175324, 0.21636, 0.207091]",-1.449157,-1.449157,True
frozen_check,ppo,17,frozen_check_02,1,"{""flat"": [0.193128302693367, -0.1353880614042282, -0.07991888374090195, 0.12639030814170837, 0.07653530687093735]}","{""flat"": [0.232211, 0.16719, 0.176725, 0.217219, 0.206655]}","{""flat"": 0}",unspecified,0,0,0,flat_action_0,"[true, true, true, true, true]",False,"[0.232211, 0.16719, 0.176725, 0.217219, 0.206655]",-1.460111,-1.460111,True
frozen_check,ppo,17,frozen_check_02,2,"{""flat"": [0.21993836760520935, -0.14343920350074768, -0.08799296617507935, 0.11469908803701401, 0.08508498966693878]}","{""flat"": [0.284988, 0.0, 0.209456, 0.25652, 0.249035]}","{""flat"": 0}",unspecified,0,0,0,flat_action_0,"[true, false, true, true, true]",False,"[0.284988, 0.0, 0.209456, 0.25652, 0.249035]",-1.255308,-1.255308,True
frozen_check,ppo,17,frozen_check_02,3,"{""flat"": [0.18440161645412445, -0.17176751792430878, -0.027521025389432907, 0.110563263297081, 0.06399193406105042]}","{""flat"": [0.231227, 0.161941, 0.187069, 0.214768, 0.204996]}","{""flat"": 0}",unspecified,0,0,0,flat_action_0,"[true, true, true, true, true]",False,"[0.231227, 0.161941, 0.187069, 0.214768, 0.204996]",-1.464357,-1.464357,True
frozen_check,ppo,17,frozen_check_02,4,"{""flat"": [0.20180357992649078, -0.14186620712280273, -0.07069451361894608, 0.11114868521690369, 0.08273082226514816]}","{""flat"": [0.234098, 0.166014, 0.17826, 0.213809, 0.207819]}","{""flat"": 0}",unspecified,0,0,0,flat_action_0,"[true, true, true, true, true]",False,"[0.234098, 0.166014, 0.17826, 0.213809, 0.207819]",-1.452015,-1.452015,True
frozen_check,ppo,17,frozen_check_03,0,"{""flat"": [0.20030729472637177, -0.1495627611875534, -0.035757601261138916, 0.11938085407018661, 0.08151710033416748]}","{""flat"": [0.232301, 0.163721, 0.183455, 0.214242, 0.206282]}","{""flat"": 0}",unspecified,0,0,0,flat_action_0,"[true, true, true, true, true]",False,"[0.232301, 0.163721, 0.183455, 0.214242, 0.206282]",-1.459723,-1.459723,True
frozen_check,ppo,17,frozen_check_03,1,"{""flat"": [0.20263998210430145, -0.18258528411388397, 0.008078910410404205, 0.08742474764585495, 0.09405115246772766]}","{""flat"": [0.276896, 0.0, 0.227939, 0.246762, 0.248403]}","{""flat"": 0}",unspecified,0,0,0,flat_action_0,"[true, false, true, true, true]",False,"[0.276896, 0.0, 0.227939, 0.246762, 0.248403]",-1.284115,-1.284115,True
frozen_check,ppo,17,frozen_check_03,2,"{""flat"": [0.22102946043014526, -0.1543053388595581, -0.03866317495703697, 0.10107220709323883, 0.10019078850746155]}","{""flat"": [0.282133, 0.0, 0.217606, 0.250241, 0.25002]}","{""flat"": 0}",unspecified,0,0,0,flat_action_0,"[true, false, true, true, true]",False,"[0.282133, 0.0, 0.217606, 0.250241, 0.25002]",-1.265376,-1.265376,True
frozen_check,ppo,17,frozen_check_03,3,"{""flat"": [0.21307256817817688, -0.15399040281772614, -0.029469013214111328, 0.09658850729465485, 0.09982272982597351]}","{""flat"": [0.2803, 0.0, 0.219932, 0.24948, 0.250288]}","{""flat"": 0}",unspecified,0,0,0,flat_action_0,"[true, false, true, true, true]",False,"[0.2803, 0.0, 0.219932, 0.24948, 0.250288]",-1.271894,-1.271894,True
frozen_check,ppo,17,frozen_check_03,4,"{""flat"": [0.2123982012271881, -0.14728540182113647, -0.04140926152467728, 0.10332149267196655, 0.0917571559548378]}","{""flat"": [0.280989, 0.0, 0.218003, 0.251952, 0.249055]}","{""flat"": 0}",unspecified,0,0,0,flat_action_0,"[true, false, true, true, true]",False,"[0.280989, 0.0, 0.218003, 0.251952, 0.249055]",-1.269439,-1.269439,True
frozen_check,ppo,17,frozen_check_03,5,"{""flat"": [0.20571257174015045, -0.1431417465209961, -0.04073966294527054, 0.08854975551366806, 0.09251147508621216]}","{""flat"": [0.280585, 0.0, 0.219297, 0.249564, 0.250554]}","{""flat"": 0}",unspecified,0,0,0,flat_action_0,"[true, false, true, true, true]",False,"[0.280585, 0.0, 0.219297, 0.249564, 0.250554]",-1.270878,-1.270878,True
frozen_check,ppo,17,frozen_check_04,0,"{""flat"": [0.192380890250206, -0.1434355527162552, -0.08363711833953857, 0.1189742162823677, 0.0895843431353569]}","{""flat"": [0.232283, 0.166026, 0.176256, 0.215843, 0.209592]}","{""flat"": 0}",unspecified,0,0,0,flat_action_0,"[true, true, true, true, true]",False,"[0.232283, 0.166026, 0.176256, 0.215843, 0.209592]",-1.459797,-1.459797,True
frozen_check,ppo,17,frozen_check_04,1,"{""flat"": [0.19289161264896393, -0.1837836354970932, -0.04295751452445984, 0.10168403387069702, 0.08661877363920212]}","{""flat"": [0.277631, 0.0, 0.2193, 0.253429, 0.24964]}","{""flat"": 0}",unspecified,0,0,0,flat_action_0,"[true, false, true, true, true]",False,"[0.277631, 0.0, 0.2193, 0.253429, 0.24964]",-1.281464,-1.281464,True
frozen_check,ppo,17,frozen_check_04,2,"{""flat"": [0.20763786137104034, -0.1480095535516739, -0.09192389249801636, 0.11532837897539139, 0.0933055430650711]}","{""flat"": [0.282093, 0.0, 0.209071, 0.257219, 0.251616]}","{""flat"": 0}",unspecified,0,0,0,flat_action_0,"[true, false, true, true, true]",False,"[0.282093, 0.0, 0.209071, 0.257219, 0.251616]",-1.265518,-1.265518,True
frozen_check,ppo,17,frozen_check_04,3,"{""flat"": [0.2001178115606308, -0.14824791252613068, -0.08385442197322845, 0.11127781122922897, 0.09236261248588562]}","{""flat"": [0.280456, 0.0, 0.211123, 0.256615, 0.251806]}","{""flat"": 0}",unspecified,0,0,0,flat_action_0,"[true, false, true, true, true]",False,"[0.280456, 0.0, 0.211123, 0.256615, 0.251806]",-1.27134,-1.27134,True
frozen_check,ppo,17,frozen_check_04,4,"{""flat"": [0.18081630766391754, -0.17973245680332184, -0.02953936904668808, 0.10915419459342957, 0.07506559789180756]}","{""flat"": [0.230517, 0.160738, 0.186787, 0.214575, 0.207384]}","{""flat"": 0}",unspecified,0,0,0,flat_action_0,"[true, true, true, true, true]",False,"[0.230517, 0.160738, 0.186787, 0.214575, 0.207384]",-1.467433,-1.467433,True
frozen_check,ppo,17,frozen_check_04,5,"{""flat"": [0.1892404407262802, -0.18651747703552246, -0.023473571985960007, 0.09615065902471542, 0.08777089416980743]}","{""flat"": [0.276014, 0.0, 0.223126, 0.251479, 0.249381]}","{""flat"": 0}",unspecified,0,0,0,flat_action_0,"[true, false, true, true, true]",False,"[0.276014, 0.0, 0.223126, 0.251479, 0.249381]",-1.287305,-1.287305,True
frozen_check,ppo,17,frozen_check_04,6,"{""flat"": [0.20147304236888885, -0.15209268033504486, -0.07085002213716507, 0.1054229736328125, 0.09898309409618378]}","{""flat"": [0.279907, 0.0, 0.21318, 0.254273, 0.252641]}","{""flat"": 0}",unspecified,0,0,0,flat_action_0,"[true, false, true, true, true]",False,"[0.279907, 0.0, 0.21318, 0.254273, 0.252641]",-1.273297,-1.273297,True
frozen_check,ppo,17,frozen_check_05,0,"{""flat"": [0.20530526340007782, -0.17433975636959076, -0.030637037009000778, 0.12176208943128586, 0.06397175788879395]}","{""flat"": [0.234633, 0.160513, 0.185319, 0.215827, 0.203708]}","{""flat"": 0}",unspecified,0,0,0,flat_action_0,"[true, true, true, true, true]",False,"[0.234633, 0.160513, 0.185319, 0.215827, 0.203708]",-1.449734,-1.449734,True
frozen_check,ppo,17,frozen_check_05,1,"{""flat"": [0.209192156791687, -0.14049699902534485, -0.06706231832504272, 0.12635695934295654, 0.0747128501534462]}","{""flat"": [0.234841, 0.165541, 0.178155, 0.216172, 0.205291]}","{""flat"": 0}",unspecified,0,0,0,flat_action_0,"[true, true, true, true, true]",False,"[0.234841, 0.165541, 0.178155, 0.216172, 0.205291]",-1.448847,-1.448847,True
frozen_check,ppo,17,frozen_check_05,2,"{""flat"": [0.20208324491977692, -0.1756625920534134, -0.02163933962583542, 0.11991725116968155, 0.06431051343679428]}","{""flat"": [0.233789, 0.16024, 0.186923, 0.215348, 0.2037]}","{""flat"": 0}",unspecified,0,0,0,flat_action_0,"[true, true, true, true, true]",False,"[0.233789, 0.16024, 0.186923, 0.215348, 0.2037]",-1.453335,-1.453335,True
frozen_check,ppo,17,frozen_check_05,3,"{""flat"": [0.2237997204065323, -0.1434348076581955, -0.07129032909870148, 0.10851636528968811, 0.080319344997406]}","{""flat"": [0.285558, 0.0, 0.212588, 0.254465, 0.24739]}","{""flat"": 0}",unspecified,0,0,0,flat_action_0,"[true, false, true, true, true]",False,"[0.285558, 0.0, 0.212588, 0.254465, 0.24739]",-1.25331,-1.25331,True
frozen_check,ppo,17,frozen_check_05,4,"{""flat"": [0.22553153336048126, -0.1474059671163559, -0.06525663286447525, 0.11330265551805496, 0.08241404592990875]}","{""flat"": [0.285049, 0.0, 0.213124, 0.254788, 0.247039]}","{""flat"": 0}",unspecified,0,0,0,flat_action_0,"[true, false, true, true, true]",False,"[0.285049, 0.0, 0.213124, 0.254788, 0.247039]",-1.255093,-1.255093,True
frozen_check,ppo,17,frozen_check_05,5,"{""flat"": [0.21814174950122833, -0.14383043348789215, -0.06184915825724602, 0.10722234100103378, 0.07897961139678955]}","{""flat"": [0.284019, 0.0, 0.214659, 0.2542, 0.247121]}","{""flat"": 0}",unspecified,0,0,0,flat_action_0,"[true, false, true, true, true]",False,"[0.284019, 0.0, 0.214659, 0.2542, 0.247121]",-1.258713,-1.258713,True
frozen_check,ppo,17,frozen_check_05,6,"{""flat"": [0.21948273479938507, -0.14647993445396423, -0.05733358860015869, 0.11017860472202301, 0.08666868507862091]}","{""flat"": [0.283264, 0.0, 0.214769, 0.253934, 0.248034]}","{""flat"": 0}",unspecified,0,0,0,flat_action_0,"[true, false, true, true, true]",False,"[0.283264, 0.0, 0.214769, 0.253934, 0.248034]",-1.261377,-1.261377,True
frozen_check,ppo,17,frozen_check_06,0,"{""flat"": [0.1819276660680771, -0.15034900605678558, -0.04323733597993851, 0.10580737143754959, 0.11350936442613602]}","{""flat"": [0.228506, 0.163905, 0.182436, 0.211758, 0.213395]}","{""flat"": 0}",unspecified,0,0,0,flat_action_0,"[true, true, true, true, true]",False,"[0.228506, 0.163905, 0.182436, 0.211758, 0.213395]",-1.476192,-1.476192,True
frozen_check,ppo,17,frozen_check_06,1,"{""flat"": [0.16943474113941193, -0.1464960128068924, -0.03798745572566986, 0.10772266238927841, 0.11012841761112213]}","{""flat"": [0.226021, 0.164795, 0.183682, 0.212495, 0.213007]}","{""flat"": 0}",unspecified,0,0,0,flat_action_0,"[true, true, true, true, true]",False,"[0.226021, 0.164795, 0.183682, 0.212495, 0.213007]",-1.487125,-1.487125,True
frozen_check,ppo,17,frozen_check_06,2,"{""flat"": [0.20297078788280487, -0.15625327825546265, -0.04939436912536621, 0.09664091467857361, 0.11566756665706635]}","{""flat"": [0.278359, 0.0, 0.216274, 0.25028, 0.255088]}","{""flat"": 0}",unspecified,0,0,0,flat_action_0,"[true, false, true, true, true]",False,"[0.278359, 0.0, 0.216274, 0.25028, 0.255088]",-1.278845,-1.278845,True
frozen_check,ppo,17,frozen_check_06,3,"{""flat"": [0.16181401908397675, -0.18276377022266388, 0.016243115067481995, 0.09268497675657272, 0.10059244185686111]}","{""flat"": [0.224877, 0.15933, 0.194413, 0.209857, 0.211523]}","{""flat"": 0}",unspecified,0,0,0,flat_action_0,"[true, true, true, true, true]",False,"[0.224877, 0.15933, 0.194413, 0.209857, 0.211523]",-1.4922,-1.4922,True
frozen_check,ppo,17,frozen_check_06,4,"{""flat"": [0.1800425499677658, -0.1517530083656311, -0.030288171023130417, 0.10436683148145676, 0.10963058471679688]}","{""flat"": [0.227942, 0.163579, 0.184705, 0.211329, 0.212444]}","{""flat"": 0}",unspecified,0,0,0,flat_action_0,"[true, true, true, true, true]",False,"[0.227942, 0.163579, 0.184705, 0.211329, 0.212444]",-1.478663,-1.478663,True
frozen_check,ppo,17,frozen_check_06,5,"{""flat"": [0.17205797135829926, -0.14959417283535004, -0.026486515998840332, 0.09222452342510223, 0.11337011307477951]}","{""flat"": [0.226699, 0.164345, 0.185875, 0.209304, 0.213777]}","{""flat"": 0}",unspecified,0,0,0,flat_action_0,"[true, true, true, true, true]",False,"[0.226699, 0.164345, 0.185875, 0.209304, 0.213777]",-1.484134,-1.484134,True
frozen_check,ppo,17,frozen_check_07,0,"{""flat"": [0.2210950404405594, -0.16537049412727356, -0.028938569128513336, 0.11683477461338043, 0.1057090312242508]}","{""flat"": [0.235281, 0.159862, 0.183231, 0.211986, 0.20964]}","{""flat"": 0}",unspecified,0,0,0,flat_action_0,"[true, true, true, true, true]",False,"[0.235281, 0.159862, 0.183231, 0.211986, 0.20964]",-1.446976,-1.446976,True
frozen_check,ppo,17,frozen_check_07,1,"{""flat"": [0.2155776172876358, -0.1671912521123886, -0.02008415013551712, 0.11041709780693054, 0.10755392909049988]}","{""flat"": [0.234203, 0.159719, 0.185031, 0.210825, 0.210222]}","{""flat"": 0}",unspecified,0,0,0,flat_action_0,"[true, true, true, true, true]",False,"[0.234203, 0.159719, 0.185031, 0.210825, 0.210222]",-1.451568,-1.451568,True
frozen_check,ppo,17,frozen_check_07,2,"{""flat"": [0.18241994082927704, -0.19938556849956512, 0.05120109021663666, 0.09393561631441116, 0.11529276520013809]}","{""flat"": [0.226755, 0.154789, 0.19887, 0.207553, 0.212033]}","{""flat"": 0}",unspecified,0,0,0,flat_action_0,"[true, true, true, true, true]",False,"[0.226755, 0.154789, 0.19887, 0.207553, 0.212033]",-1.483885,-1.483885,True
frozen_check,ppo,17,frozen_check_07,3,"{""flat"": [0.21522924304008484, -0.16848896443843842, -0.012782644480466843, 0.1045607253909111, 0.11645446717739105]}","{""flat"": [0.23372, 0.159239, 0.186068, 0.209235, 0.211738]}","{""flat"": 0}",unspecified,0,0,0,flat_action_0,"[true, true, true, true, true]",False,"[0.23372, 0.159239, 0.186068, 0.209235, 0.211738]",-1.453631,-1.453631,True
frozen_check,ppo,17,frozen_check_07,4,"{""flat"": [0.18372006714344025, -0.19189004600048065, 0.021761037409305573, 0.09810186177492142, 0.0969032496213913]}","{""flat"": [0.228721, 0.157102, 0.194522, 0.209953, 0.209702]}","{""flat"": 0}",unspecified,0,0,0,flat_action_0,"[true, true, true, true, true]",False,"[0.228721, 0.157102, 0.194522, 0.209953, 0.209702]",-1.475252,-1.475252,True
frozen_check,ppo,17,frozen_check_07,5,"{""flat"": [0.2077050656080246, -0.15096025168895721, -0.0481707900762558, 0.11560667306184769, 0.09097170829772949]}","{""flat"": [0.233935, 0.163429, 0.181122, 0.213353, 0.208161]}","{""flat"": 0}",unspecified,0,0,0,flat_action_0,"[true, true, true, true, true]",False,"[0.233935, 0.163429, 0.181122, 0.213353, 0.208161]",-1.45271,-1.45271,True
frozen_check,ppo,17,frozen_check_07,6,"{""flat"": [0.1971283257007599, -0.1840510368347168, -0.001726001501083374, 0.11303377151489258, 0.07456576824188232]}","{""flat"": [0.232195, 0.158602, 0.190323, 0.213467, 0.205412]}","{""flat"": 0}",unspecified,0,0,0,flat_action_0,"[true, true, true, true, true]",False,"[0.232195, 0.158602, 0.190323, 0.213467, 0.205412]",-1.460177,-1.460177,True
frozen_check,ppo,17,frozen_check_07,7,"{""flat"": [0.2044665366411209, -0.1460682600736618, -0.051544513553380966, 0.10820291936397552, 0.0841749832034111]}","{""flat"": [0.234009, 0.164816, 0.181155, 0.212533, 0.207487]}","{""flat"": 0}",unspecified,0,0,0,flat_action_0,"[true, true, true, true, true]",False,"[0.234009, 0.164816, 0.181155, 0.212533, 0.207487]",-1.452394,-1.452394,True
frozen_check,ppo,17,frozen_check_07,8,"{""flat"": [0.21112313866615295, -0.17945674061775208, -0.012245405465364456, 0.09127043932676315, 0.08499398082494736]}","{""flat"": [0.28024, 0.0, 0.224141, 0.248587, 0.247032]}","{""flat"": 0}",unspecified,0,0,0,flat_action_0,"[true, false, true, true, true]",False,"[0.28024, 0.0, 0.224141, 0.248587, 0.247032]",-1.27211,-1.27211,True
frozen_check,ppo,17,frozen_check_07,9,"{""flat"": [0.21621182560920715, -0.15075324475765228, -0.049070823937654495, 0.09151066094636917, 0.09760230779647827]}","{""flat"": [0.282653, 0.0, 0.216792, 0.249515, 0.25104]}","{""flat"": 0}",unspecified,0,0,0,flat_action_0,"[true, false, true, true, true]",False,"[0.282653, 0.0, 0.216792, 0.249515, 0.25104]",-1.263535,-1.263535,True
regression,ppo,29,regression_00,0,"{""flat"": [-0.035438165068626404, 0.13790445029735565, 0.04042398929595947, -0.02524225227534771, 0.035640884190797806]}","{""flat"": [0.186846, 0.222211, 0.201572, 0.188761, 0.20061]}","{""flat"": 1}",unspecified,1,1,1,flat_action_1,"[true, true, true, true, true]",False,"[0.186846, 0.222211, 0.201572, 0.188761, 0.20061]",-1.504128,-1.504128,True
regression,ppo,29,regression_00,1,"{""flat"": [0.032831668853759766, 0.12432355433702469, 0.04659281671047211, -0.03748229891061783, 0.002102244645357132]}","{""flat"": [0.255383, 0.0, 0.258921, 0.238042, 0.247654]}","{""flat"": 2}",unspecified,2,2,2,flat_action_2,"[true, false, true, true, true]",False,"[0.255383, 0.0, 0.258921, 0.238042, 0.247654]",-1.351232,-1.351232,True
regression,ppo,29,regression_00,2,"{""flat"": [0.11943353712558746, 0.09388285875320435, 0.18176807463169098, -0.11501563340425491, -0.14771491289138794]}","{""flat"": [0.217597, 0.212107, 0.231592, 0.17212, 0.166583]}","{""flat"": 2}",unspecified,2,2,2,flat_action_2,"[true, true, true, true, true]",False,"[0.217597, 0.212107, 0.231592, 0.17212, 0.166583]",-1.462777,-1.462777,True
regression,ppo,29,regression_00,3,"{""flat"": [0.016916945576667786, 0.11238474398851395, 0.09186971187591553, -0.0582912340760231, 0.0006458275020122528]}","{""flat"": [0.196486, 0.216169, 0.211779, 0.182251, 0.193315]}","{""flat"": 1}",unspecified,1,1,1,flat_action_1,"[true, true, true, true, true]",False,"[0.196486, 0.216169, 0.211779, 0.182251, 0.193315]",-1.531695,-1.531695,True
regression,ppo,29,regression_00,4,"{""flat"": [0.1735386848449707, 0.07117731869220734, 0.2151063233613968, -0.13667626678943634, -0.19201384484767914]}","{""flat"": [0.228715, 0.206462, 0.238423, 0.167714, 0.158686]}","{""flat"": 2}",unspecified,2,2,2,flat_action_2,"[true, true, true, true, true]",False,"[0.228715, 0.206462, 0.238423, 0.167714, 0.158686]",-1.43371,-1.43371,True
regression,ppo,29,regression_01,0,"{""flat"": [-0.04198278486728668, 0.13940174877643585, 0.04982730746269226, -0.029570864513516426, 0.017764050513505936]}","{""flat"": [0.186251, 0.223292, 0.204161, 0.188577, 0.197718]}","{""flat"": 1}",unspecified,1,1,1,flat_action_1,"[true, true, true, true, true]",False,"[0.186251, 0.223292, 0.204161, 0.188577, 0.197718]",-1.499274,-1.499274,True
regression,ppo,29,regression_01,1,"{""flat"": [-0.008706554770469666, 0.13200438022613525, 0.03497128188610077, -0.038864366710186005, 0.02754336968064308]}","{""flat"": [0.246801, 0.0, 0.257819, 0.239469, 0.255911]}","{""flat"": 2}",unspecified,2,2,2,flat_action_2,"[true, false, true, true, true]",False,"[0.246801, 0.0, 0.257819, 0.239469, 0.255911]",-1.355497,-1.355497,True
regression,ppo,29,regression_01,2,"{""flat"": [0.01189875602722168, 0.12566852569580078, 0.04903075098991394, -0.0415324941277504, 0.009452123194932938]}","{""flat"": [0.251044, 0.0, 0.260541, 0.237983, 0.250431]}","{""flat"": 2}",unspecified,2,2,2,flat_action_2,"[true, false, true, true, true]",False,"[0.251044, 0.0, 0.260541, 0.237983, 0.250431]",-1.344993,-1.344993,True
regression,ppo,29,regression_01,3,"{""flat"": [0.029428884387016296, 0.11965852230787277, 0.06404885649681091, -0.04583928734064102, -0.0045077502727508545]}","{""flat"": [0.254495, 0.0, 0.26346, 0.236043, 0.246003]}","{""flat"": 2}",unspecified,2,2,2,flat_action_2,"[true, false, true, true, true]",False,"[0.254495, 0.0, 0.26346, 0.236043, 0.246003]",-1.333855,-1.333855,True
regression,ppo,29,regression_01,4,"{""flat"": [0.03168441355228424, 0.11498044431209564, 0.06435087323188782, -0.05985603481531143, -0.010444600135087967]}","{""flat"": [0.256116, 0.0, 0.264621, 0.233712, 0.24555]}","{""flat"": 2}",unspecified,2,2,2,flat_action_2,"[true, false, true, true, true]",False,"[0.256116, 0.0, 0.264621, 0.233712, 0.24555]",-1.329457,-1.329457,True
regression,ppo,29,regression_01,5,"{""flat"": [0.041633084416389465, 0.11071468889713287, 0.07863752543926239, -0.06581100821495056, -0.013058360666036606]}","{""flat"": [0.257559, 0.0, 0.267269, 0.231321, 0.243851]}","{""flat"": 2}",unspecified,2,2,2,flat_action_2,"[true, false, true, true, true]",False,"[0.257559, 0.0, 0.267269, 0.231321, 0.243851]",-1.319501,-1.319501,True
regression,ppo,29,regression_01,6,"{""flat"": [0.07534459233283997, 0.1029028445482254, 0.0945756584405899, -0.06536495685577393, -0.04745388403534889]}","{""flat"": [0.265069, 0.0, 0.270216, 0.230277, 0.234438]}","{""flat"": 2}",unspecified,2,2,2,flat_action_2,"[true, false, true, true, true]",False,"[0.265069, 0.0, 0.270216, 0.230277, 0.234438]",-1.308534,-1.308534,True
regression,ppo,29,regression_01,7,"{""flat"": [0.0977972000837326, 0.09124992787837982, 0.11296780407428741, -0.06797955185174942, -0.06094434857368469]}","{""flat"": [0.269125, 0.0, 0.273239, 0.228013, 0.229622]}","{""flat"": 2}",unspecified,2,2,2,flat_action_2,"[true, false, true, true, true]",False,"[0.269125, 0.0, 0.273239, 0.228013, 0.229622]",-1.297407,-1.297407,True
regression,ppo,29,regression_02,0,"{""flat"": [-0.04659758508205414, 0.1321447491645813, 0.012078389525413513, -0.004352280870079994, 0.039864737540483475]}","{""flat"": [0.185542, 0.221855, 0.196755, 0.193549, 0.202299]}","{""flat"": 1}",unspecified,1,1,1,flat_action_1,"[true, true, true, true, true]",False,"[0.185542, 0.221855, 0.196755, 0.193549, 0.202299]",-1.50573,-1.50573,True
regression,ppo,29,regression_02,1,"{""flat"": [0.09834557771682739, 0.09269343316555023, 0.12992848455905914, -0.08047494292259216, -0.1514226645231247]}","{""flat"": [0.215439, 0.214225, 0.222352, 0.180162, 0.167823]}","{""flat"": 2}",unspecified,2,2,2,flat_action_2,"[true, true, true, true, true]",False,"[0.215439, 0.214225, 0.222352, 0.180162, 0.167823]",-1.503495,-1.503495,True
regression,ppo,29,regression_02,2,"{""flat"": [0.09592419862747192, 0.09042376279830933, 0.14417029917240143, -0.08867187052965164, -0.13971471786499023]}","{""flat"": [0.214342, 0.213166, 0.224936, 0.178212, 0.169344]}","{""flat"": 2}",unspecified,2,2,2,flat_action_2,"[true, true, true, true, true]",False,"[0.214342, 0.213166, 0.224936, 0.178212, 0.169344]",-1.491938,-1.491938,True
regression,ppo,29,regression_02,3,"{""flat"": [0.09328411519527435, 0.08425714075565338, 0.10376210510730743, -0.1032814010977745, -0.08792724460363388]}","{""flat"": [0.272752, 0.0, 0.275625, 0.224078, 0.227545]}","{""flat"": 2}",unspecified,2,2,2,flat_action_2,"[true, false, true, true, true]",False,"[0.272752, 0.0, 0.275625, 0.224078, 0.227545]",-1.288716,-1.288716,True
regression,ppo,29,regression_02,4,"{""flat"": [0.02729588747024536, 0.10497995465993881, 0.06346674263477325, -0.027821475639939308, -0.0260222889482975]}","{""flat"": [0.199519, 0.215636, 0.206867, 0.188819, 0.189159]}","{""flat"": 1}",unspecified,1,1,1,flat_action_1,"[true, true, true, true, true]",False,"[0.199519, 0.215636, 0.206867, 0.188819, 0.189159]",-1.534164,-1.534164,True
regression,ppo,29,regression_02,5,"{""flat"": [0.1375247687101364, 0.07213348895311356, 0.17956306040287018, -0.1103518083691597, -0.16664329171180725]}","{""flat"": [0.22233, 0.208256, 0.231875, 0.173518, 0.164021]}","{""flat"": 2}",unspecified,2,2,2,flat_action_2,"[true, true, true, true, true]",False,"[0.22233, 0.208256, 0.231875, 0.173518, 0.164021]",-1.461556,-1.461556,True
regression,ppo,29,regression_02,6,"{""flat"": [0.13656330108642578, 0.06115660071372986, 0.18076567351818085, -0.12236174196004868, -0.1574908047914505]}","{""flat"": [0.222733, 0.206555, 0.232799, 0.171923, 0.165989]}","{""flat"": 2}",unspecified,2,2,2,flat_action_2,"[true, true, true, true, true]",False,"[0.222733, 0.206555, 0.232799, 0.171923, 0.165989]",-1.457578,-1.457578,True
regression,ppo,29,regression_03,0,"{""flat"": [0.011213056743144989, 0.1628711223602295, 0.10118086636066437, -0.022920740768313408, -0.024472001940011978]}","{""flat"": [0.326735, 0.0, 0.357494, 0.315771, 0.0]}","{""flat"": 2}",unspecified,2,2,2,flat_action_2,"[true, false, true, true, false]",False,"[0.326735, 0.0, 0.357494, 0.315771, 0.0]",-1.028637,-1.028637,True
regression,ppo,29,regression_03,1,"{""flat"": [-0.022109627723693848, 0.13721436262130737, 0.07680504024028778, -0.0406586229801178, 0.006056588143110275]}","{""flat"": [0.189148, 0.221817, 0.208814, 0.185671, 0.194551]}","{""flat"": 1}",unspecified,1,1,1,flat_action_1,"[true, true, true, true, true]",False,"[0.189148, 0.221817, 0.208814, 0.185671, 0.194551]",-1.505904,-1.505904,True
regression,ppo,29,regression_03,2,"{""flat"": [0.008894950151443481, 0.12979453802108765, 0.03901185095310211, -0.045214325189590454, 0.02278544381260872]}","{""flat"": [0.250508, 0.0, 0.258167, 0.237313, 0.254012]}","{""flat"": 2}",unspecified,2,2,2,flat_action_2,"[true, false, true, true, true]",False,"[0.250508, 0.0, 0.258167, 0.237313, 0.254012]",-1.354148,-1.354148,True
regression,ppo,29,regression_03,3,"{""flat"": [0.03236043453216553, 0.12371139973402023, 0.05371786653995514, -0.0472816526889801, 0.0010920874774456024]}","{""flat"": [0.255477, 0.0, 0.260992, 0.235919, 0.247612]}","{""flat"": 2}",unspecified,2,2,2,flat_action_2,"[true, false, true, true, true]",False,"[0.255477, 0.0, 0.260992, 0.235919, 0.247612]",-1.343266,-1.343266,True
regression,ppo,29,regression_03,4,"{""flat"": [0.12449201941490173, 0.09349124133586884, 0.15084676444530487, -0.12756609916687012, -0.12051379680633545]}","{""flat"": [0.278815, 0.0, 0.286261, 0.216695, 0.218229]}","{""flat"": 2}",unspecified,2,2,2,flat_action_2,"[true, false, true, true, true]",False,"[0.278815, 0.0, 0.286261, 0.216695, 0.218229]",-1.250851,-1.250851,True
regression,ppo,29,regression_03,5,"{""flat"": [0.057298123836517334, 0.1447407305240631, 0.1273544430732727, -0.04550810903310776, -0.03711610287427902]}","{""flat"": [0.336149, 0.0, 0.360543, 0.303308, 0.0]}","{""flat"": 2}",unspecified,2,2,2,flat_action_2,"[true, false, true, true, false]",False,"[0.336149, 0.0, 0.360543, 0.303308, 0.0]",-1.020144,-1.020144,True
regression,ppo,29,regression_03,6,"{""flat"": [0.05106517672538757, 0.12118767201900482, 0.07275083661079407, -0.06569961458444595, -0.005831722170114517]}","{""flat"": [0.259309, 0.0, 0.264993, 0.230731, 0.244967]}","{""flat"": 2}",unspecified,2,2,2,flat_action_2,"[true, false, true, true, true]",False,"[0.259309, 0.0, 0.264993, 0.230731, 0.244967]",-1.328051,-1.328051,True
regression,ppo,29,regression_03,7,"{""flat"": [0.057768695056438446, 0.11618585139513016, 0.08255936205387115, -0.06718889623880386, -0.004294291138648987]}","{""flat"": [0.259912, 0.0, 0.266436, 0.229381, 0.244271]}","{""flat"": 2}",unspecified,2,2,2,flat_action_2,"[true, false, true, true, true]",False,"[0.259912, 0.0, 0.266436, 0.229381, 0.244271]",-1.322622,-1.322622,True
regression,ppo,29,regression_03,8,"{""flat"": [0.06794016063213348, 0.1121516227722168, 0.09354957938194275, -0.07171504944562912, -0.009573683142662048]}","{""flat"": [0.261711, 0.0, 0.2685, 0.227599, 0.242191]}","{""flat"": 2}",unspecified,2,2,2,flat_action_2,"[true, false, true, true, true]",False,"[0.261711, 0.0, 0.2685, 0.227599, 0.242191]",-1.314906,-1.314906,True
regression,ppo,29,regression_03,9,"{""flat"": [0.12174768000841141, 0.10523609071969986, 0.11454944312572479, -0.07698711007833481, -0.07069434225559235]}","{""flat"": [0.274911, 0.0, 0.27294, 0.225363, 0.226786]}","{""flat"": 0}",unspecified,0,0,0,flat_action_0,"[true, false, true, true, true]",False,"[0.274911, 0.0, 0.27294, 0.225363, 0.226786]",-1.291307,-1.291307,True
regression,ppo,29,regression_04,0,"{""flat"": [-0.022921502590179443, 0.11901088804006577, 0.07169932126998901, -0.02286604605615139, 0.011916879564523697]}","{""flat"": [0.189134, 0.217977, 0.207904, 0.189145, 0.19584]}","{""flat"": 1}",unspecified,1,1,1,flat_action_1,"[true, true, true, true, true]",False,"[0.189134, 0.217977, 0.207904, 0.189145, 0.19584]",-1.523366,-1.523366,True
regression,ppo,29,regression_04,1,"{""flat"": [0.02848033607006073, 0.10792014002799988, 0.06743879616260529, -0.03458385914564133, -0.00267048180103302]}","{""flat"": [0.253297, 0.0, 0.263359, 0.237816, 0.245528]}","{""flat"": 2}",unspecified,2,2,2,flat_action_2,"[true, false, true, true, true]",False,"[0.253297, 0.0, 0.263359, 0.237816, 0.245528]",-1.334235,-1.334235,True
regression,ppo,29,regression_04,2,"{""flat"": [0.11730683594942093, 0.07311645895242691, 0.1560036689043045, -0.11695326119661331, -0.11631849408149719]}","{""flat"": [0.27607, 0.0, 0.286962, 0.218414, 0.218553]}","{""flat"": 2}",unspecified,2,2,2,flat_action_2,"[true, false, true, true, true]",False,"[0.27607, 0.0, 0.286962, 0.218414, 0.218553]",-1.248404,-1.248404,True
regression,ppo,29,regression_04,3,"{""flat"": [0.15244558453559875, 0.06383537501096725, 0.17875264585018158, -0.1265050321817398, -0.14933684468269348]}","{""flat"": [0.283871, 0.0, 0.291437, 0.21477, 0.209922]}","{""flat"": 2}",unspecified,2,2,2,flat_action_2,"[true, false, true, true, true]",False,"[0.283871, 0.0, 0.291437, 0.21477, 0.209922]",-1.23293,-1.23293,True
regression,ppo,29,regression_04,4,"{""flat"": [0.05907183885574341, 0.07801762968301773, 0.14516164362430573, -0.06362451612949371, -0.04858410358428955]}","{""flat"": [0.204436, 0.208346, 0.222816, 0.18083, 0.183571]}","{""flat"": 2}",unspecified,2,2,2,flat_action_2,"[true, true, true, true, true]",False,"[0.204436, 0.208346, 0.222816, 0.18083, 0.183571]",-1.501409,-1.501409,True
regression,ppo,29,regression_05,0,"{""flat"": [0.07149390876293182, 0.11304748058319092, 0.12914560735225677, -0.09097405523061752, -0.10263398289680481]}","{""flat"": [0.208681, 0.217535, 0.221065, 0.177388, 0.175331]}","{""flat"": 2}",unspecified,2,2,2,flat_action_2,"[true, true, true, true, true]",False,"[0.208681, 0.217535, 0.221065, 0.177388, 0.175331]",-1.509298,-1.509298,True
regression,ppo,29,regression_05,1,"{""flat"": [0.09790158271789551, 0.10462994873523712, 0.1508985012769699, -0.09859079867601395, -0.12249420583248138]}","{""flat"": [0.213448, 0.214889, 0.225065, 0.17537, 0.171228]}","{""flat"": 2}",unspecified,2,2,2,flat_action_2,"[true, true, true, true, true]",False,"[0.213448, 0.214889, 0.225065, 0.17537, 0.171228]",-1.491366,-1.491366,True
regression,ppo,29,regression_05,2,"{""flat"": [0.09628544747829437, 0.09739223122596741, 0.16019414365291595, -0.11245224624872208, -0.1109561026096344]}","{""flat"": [0.21315, 0.213386, 0.227217, 0.172994, 0.173253]}","{""flat"": 2}",unspecified,2,2,2,flat_action_2,"[true, true, true, true, true]",False,"[0.21315, 0.213386, 0.227217, 0.172994, 0.173253]",-1.481851,-1.481851,True
regression,ppo,29,regression_05,3,"{""flat"": [0.06458248198032379, 0.10960423946380615, 0.07385751605033875, -0.062112241983413696, -0.017391160130500793]}","{""flat"": [0.262356, 0.0, 0.264801, 0.231136, 0.241707]}","{""flat"": 2}",unspecified,2,2,2,flat_action_2,"[true, false, true, true, true]",False,"[0.262356, 0.0, 0.264801, 0.231136, 0.241707]",-1.328779,-1.328779,True
regression,ppo,29,regression_05,4,"{""flat"": [0.06980541348457336, 0.09469117969274521, 0.08752594888210297, -0.0703066810965538, -0.008689414709806442]}","{""flat"": [0.262354, 0.0, 0.267044, 0.228054, 0.242548]}","{""flat"": 2}",unspecified,2,2,2,flat_action_2,"[true, false, true, true, true]",False,"[0.262354, 0.0, 0.267044, 0.228054, 0.242548]",-1.320341,-1.320341,True
regression,ppo,29,regression_06,0,"{""flat"": [-0.010844692587852478, 0.12635940313339233, 0.08862167596817017, -0.021441379562020302, -0.03429734706878662]}","{""flat"": [0.191647, 0.219831, 0.21169, 0.189627, 0.187205]}","{""flat"": 1}",unspecified,1,1,1,flat_action_1,"[true, true, true, true, true]",False,"[0.191647, 0.219831, 0.21169, 0.189627, 0.187205]",-1.514895,-1.514895,True
regression,ppo,29,regression_06,1,"{""flat"": [0.006475016474723816, 0.11763817071914673, 0.051134318113327026, -0.033548690378665924, 0.00796467438340187]}","{""flat"": [0.249505, 0.0, 0.260901, 0.239717, 0.249877]}","{""flat"": 2}",unspecified,2,2,2,flat_action_2,"[true, false, true, true, true]",False,"[0.249505, 0.0, 0.260901, 0.239717, 0.249877]",-1.343615,-1.343615,True
regression,ppo,29,regression_06,2,"{""flat"": [0.027399256825447083, 0.11639057099819183, 0.06478872895240784, -0.04095718264579773, -0.00452331081032753]}","{""flat"": [0.253768, 0.0, 0.263436, 0.237001, 0.245795]}","{""flat"": 2}",unspecified,2,2,2,flat_action_2,"[true, false, true, true, true]",False,"[0.253768, 0.0, 0.263436, 0.237001, 0.245795]",-1.333945,-1.333945,True
regression,ppo,29,regression_06,3,"{""flat"": [0.0644906535744667, 0.10791850090026855, 0.08762998878955841, -0.04815410077571869, -0.040831632912158966]}","{""flat"": [0.261992, 0.0, 0.268125, 0.234081, 0.235802]}","{""flat"": 2}",unspecified,2,2,2,flat_action_2,"[true, false, true, true, true]",False,"[0.261992, 0.0, 0.268125, 0.234081, 0.235802]",-1.316302,-1.316302,True
regression,ppo,29,regression_06,4,"{""flat"": [0.06787560880184174, 0.08785220980644226, 0.15695729851722717, -0.062393687665462494, -0.0873313620686531]}","{""flat"": [0.206294, 0.210457, 0.225515, 0.181097, 0.176637]}","{""flat"": 2}",unspecified,2,2,2,flat_action_2,"[true, true, true, true, true]",False,"[0.206294, 0.210457, 0.225515, 0.181097, 0.176637]",-1.48937,-1.48937,True
regression,ppo,29,regression_07,0,"{""flat"": [0.018220804631710052, 0.14236034452915192, 0.11001923680305481, -0.02629970945417881, -0.06622498482465744]}","{""flat"": [0.195933, 0.22183, 0.21477, 0.187401, 0.180066]}","{""flat"": 1}",unspecified,1,1,1,flat_action_1,"[true, true, true, true, true]",False,"[0.195933, 0.22183, 0.21477, 0.187401, 0.180066]",-1.505845,-1.505845,True
regression,ppo,29,regression_07,1,"{""flat"": [0.03319031000137329, 0.14406746625900269, 0.12261749804019928, -0.0264261607080698, -0.0821961760520935]}","{""flat"": [0.198257, 0.221504, 0.216804, 0.186783, 0.176651]}","{""flat"": 1}",unspecified,1,1,1,flat_action_1,"[true, true, true, true, true]",False,"[0.198257, 0.221504, 0.216804, 0.186783, 0.176651]",-1.507313,-1.507313,True
regression,ppo,29,regression_07,2,"{""flat"": [0.13569507002830505, 0.09716569632291794, 0.23179350793361664, -0.10982132703065872, -0.22616629302501678]}","{""flat"": [0.220179, 0.211857, 0.242388, 0.172246, 0.153328]}","{""flat"": 2}",unspecified,2,2,2,flat_action_2,"[true, true, true, true, true]",False,"[0.220179, 0.211857, 0.242388, 0.172246, 0.153328]",-1.417214,-1.417214,True
regression,ppo,29,regression_07,3,"{""flat"": [0.15771174430847168, 0.0981375128030777, 0.24335749447345734, -0.10753994435071945, -0.2513490319252014]}","{""flat"": [0.224071, 0.211112, 0.244107, 0.171865, 0.148844]}","{""flat"": 2}",unspecified,2,2,2,flat_action_2,"[true, true, true, true, true]",False,"[0.224071, 0.211112, 0.244107, 0.171865, 0.148844]",-1.410147,-1.410147,True
regression,ppo,29,regression_07,4,"{""flat"": [0.11301030218601227, 0.08474791795015335, 0.21247424185276031, -0.12499576061964035, -0.19220329821109772]}","{""flat"": [0.217303, 0.211247, 0.240028, 0.171278, 0.160145]}","{""flat"": 2}",unspecified,2,2,2,flat_action_2,"[true, true, true, true, true]",False,"[0.217303, 0.211247, 0.240028, 0.171278, 0.160145]",-1.427,-1.427,True
regression,ppo,29,regression_07,5,"{""flat"": [0.113189198076725, 0.09562286734580994, 0.2204628437757492, -0.1264011114835739, -0.1978316456079483]}","{""flat"": [0.216662, 0.21289, 0.241197, 0.170503, 0.158748]}","{""flat"": 2}",unspecified,2,2,2,flat_action_2,"[true, true, true, true, true]",False,"[0.216662, 0.21289, 0.241197, 0.170503, 0.158748]",-1.422141,-1.422141,True
regression,ppo,29,regression_07,6,"{""flat"": [0.17153744399547577, 0.09814207255840302, 0.23538674414157867, -0.11771570891141891, -0.2403687685728073]}","{""flat"": [0.226944, 0.210884, 0.241907, 0.169941, 0.150325]}","{""flat"": 2}",unspecified,2,2,2,flat_action_2,"[true, true, true, true, true]",False,"[0.226944, 0.210884, 0.241907, 0.169941, 0.150325]",-1.419203,-1.419203,True
regression,ppo,29,regression_07,7,"{""flat"": [0.17959678173065186, 0.096517413854599, 0.24395503103733063, -0.1197277382016182, -0.24391640722751617]}","{""flat"": [0.228164, 0.209974, 0.243331, 0.169142, 0.149389]}","{""flat"": 2}",unspecified,2,2,2,flat_action_2,"[true, true, true, true, true]",False,"[0.228164, 0.209974, 0.243331, 0.169142, 0.149389]",-1.413333,-1.413333,True
regression,ppo,29,regression_07,8,"{""flat"": [0.1916976422071457, 0.0779726505279541, 0.2703810930252075, -0.13370637595653534, -0.2746638357639313]}","{""flat"": [0.231274, 0.206413, 0.250206, 0.167034, 0.145073]}","{""flat"": 2}",unspecified,2,2,2,flat_action_2,"[true, true, true, true, true]",False,"[0.231274, 0.206413, 0.250206, 0.167034, 0.145073]",-1.38547,-1.38547,True
regression,ppo,29,regression_07,9,"{""flat"": [0.19979070127010345, 0.07539339363574982, 0.27910780906677246, -0.1361490786075592, -0.27870115637779236]}","{""flat"": [0.23256, 0.205357, 0.251758, 0.166203, 0.144122]}","{""flat"": 2}",unspecified,2,2,2,flat_action_2,"[true, true, true, true, true]",False,"[0.23256, 0.205357, 0.251758, 0.166203, 0.144122]",-1.379289,-1.379289,True
regression,ppo,29,regression_07,10,"{""flat"": [0.17250680923461914, 0.06738007813692093, 0.24462361633777618, -0.1520049273967743, -0.24383017420768738]}","{""flat"": [0.229498, 0.206597, 0.24666, 0.1659, 0.151345]}","{""flat"": 2}",unspecified,2,2,2,flat_action_2,"[true, true, true, true, true]",False,"[0.229498, 0.206597, 0.24666, 0.1659, 0.151345]",-1.399743,-1.399743,True
regression,ppo,29,regression_07,11,"{""flat"": [0.18827784061431885, 0.05720176547765732, 0.25801628828048706, -0.14813219010829926, -0.24925197660923004]}","{""flat"": [0.232054, 0.203547, 0.248815, 0.165763, 0.149821]}","{""flat"": 2}",unspecified,2,2,2,flat_action_2,"[true, true, true, true, true]",False,"[0.232054, 0.203547, 0.248815, 0.165763, 0.149821]",-1.391046,-1.391046,True
regression,ppo,29,regression_08,0,"{""flat"": [-0.019470080733299255, 0.13686774671077728, 0.04698353260755539, -0.022065969184041023, 0.016776587814092636]}","{""flat"": [0.189672, 0.221769, 0.202705, 0.189181, 0.196673]}","{""flat"": 1}",unspecified,1,1,1,flat_action_1,"[true, true, true, true, true]",False,"[0.189672, 0.221769, 0.202705, 0.189181, 0.196673]",-1.50612,-1.50612,True
regression,ppo,29,regression_08,1,"{""flat"": [0.019576072692871094, 0.1265331506729126, 0.0422007292509079, -0.036752671003341675, 0.01788608357310295]}","{""flat"": [0.252116, 0.0, 0.257885, 0.238308, 0.251691]}","{""flat"": 2}",unspecified,2,2,2,flat_action_2,"[true, false, true, true, true]",False,"[0.252116, 0.0, 0.257885, 0.238308, 0.251691]",-1.35524,-1.35524,True
regression,ppo,29,regression_08,2,"{""flat"": [0.11746932566165924, 0.09402559697628021, 0.132905974984169, -0.11647925525903702, -0.10858283936977386]}","{""flat"": [0.277421, 0.0, 0.281736, 0.219551, 0.221292]}","{""flat"": 2}",unspecified,2,2,2,flat_action_2,"[true, false, true, true, true]",False,"[0.277421, 0.0, 0.281736, 0.219551, 0.221292]",-1.266784,-1.266784,True
regression,ppo,29,regression_08,3,"{""flat"": [0.13358797132968903, 0.0874769389629364, 0.15085168182849884, -0.12463901191949844, -0.11837157607078552]}","{""flat"": [0.280339, 0.0, 0.285221, 0.216539, 0.217901]}","{""flat"": 2}",unspecified,2,2,2,flat_action_2,"[true, false, true, true, true]",False,"[0.280339, 0.0, 0.285221, 0.216539, 0.217901]",-1.254492,-1.254492,True
regression,ppo,29,regression_08,4,"{""flat"": [0.14663507044315338, 0.08751571923494339, 0.1540275514125824, -0.1333339512348175, -0.12327392399311066]}","{""flat"": [0.283553, 0.0, 0.285657, 0.214311, 0.216478]}","{""flat"": 2}",unspecified,2,2,2,flat_action_2,"[true, false, true, true, true]",False,"[0.283553, 0.0, 0.285657, 0.214311, 0.216478]",-1.252963,-1.252963,True
regression,ppo,29,regression_08,5,"{""flat"": [0.07009553164243698, 0.09613937139511108, 0.1314283013343811, -0.06569720804691315, -0.045709483325481415]}","{""flat"": [0.206045, 0.211482, 0.219078, 0.179882, 0.183514]}","{""flat"": 2}",unspecified,2,2,2,flat_action_2,"[true, true, true, true, true]",False,"[0.206045, 0.211482, 0.219078, 0.179882, 0.183514]",-1.518328,-1.518328,True
regression,ppo,29,regression_09,0,"{""flat"": [-0.026525691151618958, 0.13891801238059998, 0.05896401405334473, -0.024707777425646782, 0.0009719543159008026]}","{""flat"": [0.18872, 0.222673, 0.205563, 0.189063, 0.193981]}","{""flat"": 1}",unspecified,1,1,1,flat_action_1,"[true, true, true, true, true]",False,"[0.18872, 0.222673, 0.205563, 0.189063, 0.193981]",-1.502049,-1.502049,True
regression,ppo,29,regression_09,1,"{""flat"": [0.013499177992343903, 0.13015492260456085, 0.04466303437948227, -0.03283364325761795, 0.0011862851679325104]}","{""flat"": [0.251627, 0.0, 0.259592, 0.240234, 0.248547]}","{""flat"": 2}",unspecified,2,2,2,flat_action_2,"[true, false, true, true, true]",False,"[0.251627, 0.0, 0.259592, 0.240234, 0.248547]",-1.348645,-1.348645,True
regression,ppo,29,regression_09,2,"{""flat"": [-0.007119759917259216, 0.13106296956539154, 0.072925865650177, -0.03293991833925247, -0.007762368768453598]}","{""flat"": [0.192109, 0.220576, 0.208118, 0.187212, 0.191985]}","{""flat"": 1}",unspecified,1,1,1,flat_action_1,"[true, true, true, true, true]",False,"[0.192109, 0.220576, 0.208118, 0.187212, 0.191985]",-1.511512,-1.511512,True
regression,ppo,29,regression_09,3,"{""flat"": [0.0297769233584404, 0.1226472556591034, 0.05623163282871246, -0.04048377275466919, -0.0038983412086963654]}","{""flat"": [0.254722, 0.0, 0.261551, 0.23744, 0.246287]}","{""flat"": 2}",unspecified,2,2,2,flat_action_2,"[true, false, true, true, true]",False,"[0.254722, 0.0, 0.261551, 0.23744, 0.246287]",-1.341127,-1.341127,True
regression,ppo,29,regression_09,4,"{""flat"": [0.01868324726819992, 0.1199500560760498, 0.10306909680366516, -0.04796209931373596, -0.03456069901585579]}","{""flat"": [0.196916, 0.217902, 0.214255, 0.184221, 0.186706]}","{""flat"": 1}",unspecified,1,1,1,flat_action_1,"[true, true, true, true, true]",False,"[0.196916, 0.217902, 0.214255, 0.184221, 0.186706]",-1.523709,-1.523709,True
regression,ppo,29,regression_09,5,"{""flat"": [0.05842569097876549, 0.11057443916797638, 0.08415961265563965, -0.05422074347734451, -0.03222472220659256]}","{""flat"": [0.260901, 0.0, 0.267702, 0.233106, 0.238291]}","{""flat"": 2}",unspecified,2,2,2,flat_action_2,"[true, false, true, true, true]",False,"[0.260901, 0.0, 0.267702, 0.233106, 0.238291]",-1.31788,-1.31788,True
regression,ppo,29,regression_09,6,"{""flat"": [0.054942190647125244, 0.10694539546966553, 0.08701823651790619, -0.06223773956298828, -0.023304250091314316]}","{""flat"": [0.259959, 0.0, 0.268433, 0.231214, 0.240394]}","{""flat"": 2}",unspecified,2,2,2,flat_action_2,"[true, false, true, true, true]",False,"[0.259959, 0.0, 0.268433, 0.231214, 0.240394]",-1.315155,-1.315155,True
regression,ppo,29,regression_09,7,"{""flat"": [0.07708942890167236, 0.10133648663759232, 0.10228699445724487, -0.06472562998533249, -0.043272487819194794]}","{""flat"": [0.264557, 0.0, 0.271308, 0.229578, 0.234556]}","{""flat"": 2}",unspecified,2,2,2,flat_action_2,"[true, false, true, true, true]",False,"[0.264557, 0.0, 0.271308, 0.229578, 0.234556]",-1.3045,-1.3045,True
regression,ppo,29,regression_09,8,"{""flat"": [0.09651155024766922, 0.0940244197845459, 0.10932567715644836, -0.078624427318573, -0.06831665337085724]}","{""flat"": [0.27025, 0.0, 0.273735, 0.226832, 0.229183]}","{""flat"": 2}",unspecified,2,2,2,flat_action_2,"[true, false, true, true, true]",False,"[0.27025, 0.0, 0.273735, 0.226832, 0.229183]",-1.295594,-1.295594,True
regression,ppo,29,regression_10,0,"{""flat"": [-0.02847270667552948, 0.13081416487693787, 0.018237270414829254, 0.0001609940081834793, 0.0174802727997303]}","{""flat"": [0.188802, 0.221403, 0.19783, 0.194286, 0.19768]}","{""flat"": 1}",unspecified,1,1,1,flat_action_1,"[true, true, true, true, true]",False,"[0.188802, 0.221403, 0.19783, 0.194286, 0.19768]",-1.507772,-1.507772,True
regression,ppo,29,regression_10,1,"{""flat"": [0.01590682566165924, 0.11983776837587357, 0.017274096608161926, -0.014032939448952675, 0.014594841748476028]}","{""flat"": [0.251854, 0.0, 0.252198, 0.244425, 0.251523]}","{""flat"": 2}",unspecified,2,2,2,flat_action_2,"[true, false, true, true, true]",False,"[0.251854, 0.0, 0.252198, 0.244425, 0.251523]",-1.37754,-1.37754,True
regression,ppo,29,regression_10,2,"{""flat"": [0.1293414682149887, 0.08222147822380066, 0.11284048855304718, -0.09754446893930435, -0.13480760157108307]}","{""flat"": [0.281809, 0.0, 0.277197, 0.224605, 0.216389]}","{""flat"": 0}",unspecified,0,0,0,flat_action_0,"[true, false, true, true, true]",False,"[0.281809, 0.0, 0.277197, 0.224605, 0.216389]",-1.266526,-1.266526,True
regression,ppo,29,regression_10,3,"{""flat"": [0.03936997801065445, 0.10283420234918594, 0.04575362801551819, -0.036772459745407104, 0.005923818796873093]}","{""flat"": [0.256397, 0.0, 0.258039, 0.237599, 0.247964]}","{""flat"": 2}",unspecified,2,2,2,flat_action_2,"[true, false, true, true, true]",False,"[0.256397, 0.0, 0.258039, 0.237599, 0.247964]",-1.354643,-1.354643,True
regression,ppo,29,regression_10,4,"{""flat"": [0.03583409637212753, 0.0922686755657196, 0.09263230860233307, -0.04599033296108246, -0.019404906779527664]}","{""flat"": [0.200634, 0.212283, 0.21236, 0.184871, 0.189852]}","{""flat"": 2}",unspecified,2,2,2,flat_action_2,"[true, true, true, true, true]",False,"[0.200634, 0.212283, 0.21236, 0.184871, 0.189852]",-1.549473,-1.549473,True
regression,ppo,29,regression_11,0,"{""flat"": [-0.010941430926322937, 0.14573286473751068, 0.07624682784080505, -0.028559723868966103, -0.013690594583749771]}","{""flat"": [0.190821, 0.223187, 0.208205, 0.187489, 0.190297]}","{""flat"": 1}",unspecified,1,1,1,flat_action_1,"[true, true, true, true, true]",False,"[0.190821, 0.223187, 0.208205, 0.187489, 0.190297]",-1.499744,-1.499744,True
regression,ppo,29,regression_11,1,"{""flat"": [0.11193783581256866, 0.10140841454267502, 0.13128350675106049, -0.11423847824335098, -0.11664135754108429]}","{""flat"": [0.276796, 0.0, 0.282202, 0.220766, 0.220236]}","{""flat"": 2}",unspecified,2,2,2,flat_action_2,"[true, false, true, true, true]",False,"[0.276796, 0.0, 0.282202, 0.220766, 0.220236]",-1.26513,-1.26513,True
regression,ppo,29,regression_11,2,"{""flat"": [0.04152766615152359, 0.12798865139484406, 0.05987557768821716, -0.04975835233926773, 0.0007304735481739044]}","{""flat"": [0.256984, 0.0, 0.261742, 0.234564, 0.24671]}","{""flat"": 2}",unspecified,2,2,2,flat_action_2,"[true, false, true, true, true]",False,"[0.256984, 0.0, 0.261742, 0.234564, 0.24671]",-1.340395,-1.340395,True
regression,ppo,29,regression_11,3,"{""flat"": [0.06668856739997864, 0.11937446892261505, 0.08077260851860046, -0.05749759078025818, -0.01763204112648964]}","{""flat"": [0.262018, 0.0, 0.265734, 0.231418, 0.24083]}","{""flat"": 2}",unspecified,2,2,2,flat_action_2,"[true, false, true, true, true]",False,"[0.262018, 0.0, 0.265734, 0.231418, 0.24083]",-1.325259,-1.325259,True
regression,ppo,29,regression_11,4,"{""flat"": [0.17581775784492493, 0.07953472435474396, 0.19585393369197845, -0.14887259900569916, -0.16294124722480774]}","{""flat"": [0.289382, 0.0, 0.295238, 0.209151, 0.206229]}","{""flat"": 2}",unspecified,2,2,2,flat_action_2,"[true, false, true, true, true]",False,"[0.289382, 0.0, 0.295238, 0.209151, 0.206229]",-1.219972,-1.219972,True
frozen_check,ppo,29,frozen_check_00,0,"{""flat"": [-0.019033610820770264, 0.1367815136909485, 0.048605337738990784, -0.02279369719326496, 0.01635577157139778]}","{""flat"": [0.189722, 0.221712, 0.202999, 0.18901, 0.196557]}","{""flat"": 1}",unspecified,1,1,1,flat_action_1,"[true, true, true, true, true]",False,"[0.189722, 0.221712, 0.202999, 0.18901, 0.196557]",-1.506378,-1.506378,True
frozen_check,ppo,29,frozen_check_00,1,"{""flat"": [0.02426999807357788, 0.12707999348640442, 0.04180999845266342, -0.03429517149925232, 0.010901365429162979]}","{""flat"": [0.253323, 0.0, 0.257805, 0.238913, 0.249959]}","{""flat"": 2}",unspecified,2,2,2,flat_action_2,"[true, false, true, true, true]",False,"[0.253323, 0.0, 0.257805, 0.238913, 0.249959]",-1.355551,-1.355551,True
frozen_check,ppo,29,frozen_check_00,2,"{""flat"": [0.1172894835472107, 0.09729744493961334, 0.13284924626350403, -0.1177574023604393, -0.11319337785243988]}","{""flat"": [0.27775, 0.0, 0.282105, 0.21957, 0.220575]}","{""flat"": 2}",unspecified,2,2,2,flat_action_2,"[true, false, true, true, true]",False,"[0.27775, 0.0, 0.282105, 0.21957, 0.220575]",-1.265476,-1.265476,True
frozen_check,ppo,29,frozen_check_00,3,"{""flat"": [0.13225899636745453, 0.09005849063396454, 0.1493094116449356, -0.12167046219110489, -0.1203172355890274]}","{""flat"": [0.280132, 0.0, 0.28495, 0.217312, 0.217606]}","{""flat"": 2}",unspecified,2,2,2,flat_action_2,"[true, false, true, true, true]",False,"[0.280132, 0.0, 0.28495, 0.217312, 0.217606]",-1.255442,-1.255442,True
frozen_check,ppo,29,frozen_check_00,4,"{""flat"": [0.03743599355220795, 0.11163338273763657, 0.10503530502319336, -0.05396927148103714, -0.02519410476088524]}","{""flat"": [0.200044, 0.215452, 0.214035, 0.18257, 0.1879]}","{""flat"": 1}",unspecified,1,1,1,flat_action_1,"[true, true, true, true, true]",False,"[0.200044, 0.215452, 0.214035, 0.18257, 0.1879]",-1.535019,-1.535019,True
frozen_check,ppo,29,frozen_check_00,5,"{""flat"": [0.1382165551185608, 0.08504877239465714, 0.19149400293827057, -0.12850314378738403, -0.14531098306179047]}","{""flat"": [0.221143, 0.209693, 0.233245, 0.169371, 0.166548]}","{""flat"": 2}",unspecified,2,2,2,flat_action_2,"[true, true, true, true, true]",False,"[0.221143, 0.209693, 0.233245, 0.169371, 0.166548]",-1.455667,-1.455667,True
frozen_check,ppo,29,frozen_check_00,6,"{""flat"": [0.06165601313114166, 0.09544936567544937, 0.13028603792190552, -0.07044079154729843, -0.035367146134376526]}","{""flat"": [0.204532, 0.211562, 0.219062, 0.179223, 0.18562]}","{""flat"": 2}",unspecified,2,2,2,flat_action_2,"[true, true, true, true, true]",False,"[0.204532, 0.211562, 0.219062, 0.179223, 0.18562]",-1.518399,-1.518399,True
frozen_check,ppo,29,frozen_check_01,0,"{""flat"": [-0.026525691151618958, 0.13891801238059998, 0.05896401405334473, -0.024707777425646782, 0.0009719543159008026]}","{""flat"": [0.18872, 0.222673, 0.205563, 0.189063, 0.193981]}","{""flat"": 1}",unspecified,1,1,1,flat_action_1,"[true, true, true, true, true]",False,"[0.18872, 0.222673, 0.205563, 0.189063, 0.193981]",-1.502049,-1.502049,True
frozen_check,ppo,29,frozen_check_01,1,"{""flat"": [0.01368732750415802, 0.128923699259758, 0.050618916749954224, -0.03693382441997528, 0.003016505390405655]}","{""flat"": [0.251405, 0.0, 0.260863, 0.238995, 0.248737]}","{""flat"": 2}",unspecified,2,2,2,flat_action_2,"[true, false, true, true, true]",False,"[0.251405, 0.0, 0.260863, 0.238995, 0.248737]",-1.343759,-1.343759,True
frozen_check,ppo,29,frozen_check_01,2,"{""flat"": [0.00018081814050674438, 0.12816037237644196, 0.08021089434623718, -0.03637826442718506, -0.013340875506401062]}","{""flat"": [0.193404, 0.21981, 0.209519, 0.186461, 0.190807]}","{""flat"": 1}",unspecified,1,1,1,flat_action_1,"[true, true, true, true, true]",False,"[0.193404, 0.21981, 0.209519, 0.186461, 0.190807]",-1.514994,-1.514994,True
frozen_check,ppo,29,frozen_check_01,3,"{""flat"": [0.03537952899932861, 0.1172826737165451, 0.07004645466804504, -0.05043991655111313, -0.010137371718883514]}","{""flat"": [0.25585, 0.0, 0.264875, 0.234809, 0.244466]}","{""flat"": 2}",unspecified,2,2,2,flat_action_2,"[true, false, true, true, true]",False,"[0.25585, 0.0, 0.264875, 0.234809, 0.244466]",-1.328497,-1.328497,True
frozen_check,ppo,29,frozen_check_01,4,"{""flat"": [0.04628484696149826, 0.11893258988857269, 0.11614544689655304, -0.058165259659290314, -0.0719427838921547]}","{""flat"": [0.202551, 0.217814, 0.217208, 0.182462, 0.179965]}","{""flat"": 1}",unspecified,1,1,1,flat_action_1,"[true, true, true, true, true]",False,"[0.202551, 0.217814, 0.217208, 0.182462, 0.179965]",-1.524115,-1.524115,True
frozen_check,ppo,29,frozen_check_01,5,"{""flat"": [0.07992660254240036, 0.10297177731990814, 0.09943263232707977, -0.06017711013555527, -0.05025676265358925]}","{""flat"": [0.26547, 0.0, 0.270699, 0.230765, 0.233066]}","{""flat"": 2}",unspecified,2,2,2,flat_action_2,"[true, false, true, true, true]",False,"[0.26547, 0.0, 0.270699, 0.230765, 0.233066]",-1.306746,-1.306746,True
frozen_check,ppo,29,frozen_check_01,6,"{""flat"": [0.08915267139673233, 0.09333290904760361, 0.1082574874162674, -0.07277356088161469, -0.05531035736203194]}","{""flat"": [0.267718, 0.0, 0.272881, 0.227695, 0.231706]}","{""flat"": 2}",unspecified,2,2,2,flat_action_2,"[true, false, true, true, true]",False,"[0.267718, 0.0, 0.272881, 0.227695, 0.231706]",-1.298718,-1.298718,True
frozen_check,ppo,29,frozen_check_02,0,"{""flat"": [-0.024841085076332092, 0.13042037189006805, 0.01852922886610031, 0.0010209064930677414, 0.012678969651460648]}","{""flat"": [0.189512, 0.221343, 0.197912, 0.194477, 0.196757]}","{""flat"": 1}",unspecified,1,1,1,flat_action_1,"[true, true, true, true, true]",False,"[0.189512, 0.221343, 0.197912, 0.194477, 0.196757]",-1.508043,-1.508043,True
frozen_check,ppo,29,frozen_check_02,1,"{""flat"": [0.010047547519207, 0.12040973454713821, 0.016591578722000122, -0.01573043130338192, 0.022133085876703262]}","{""flat"": [0.250421, 0.0, 0.252065, 0.244048, 0.253466]}","{""flat"": 4}",unspecified,4,4,4,flat_action_4,"[true, false, true, true, true]",False,"[0.250421, 0.0, 0.252065, 0.244048, 0.253466]",-1.372526,-1.372526,True
frozen_check,ppo,29,frozen_check_02,2,"{""flat"": [0.10300440341234207, 0.08471525460481644, 0.10801155865192413, -0.09930122643709183, -0.1003667563199997]}","{""flat"": [0.274888, 0.0, 0.276268, 0.224541, 0.224302]}","{""flat"": 2}",unspecified,2,2,2,flat_action_2,"[true, false, true, true, true]",False,"[0.274888, 0.0, 0.276268, 0.224541, 0.224302]",-1.286383,-1.286383,True
frozen_check,ppo,29,frozen_check_02,3,"{""flat"": [0.023587405681610107, 0.10539276152849197, 0.07028807699680328, -0.030347498133778572, -0.017014190554618835]}","{""flat"": [0.198383, 0.215294, 0.207867, 0.187967, 0.19049]}","{""flat"": 1}",unspecified,1,1,1,flat_action_1,"[true, true, true, true, true]",False,"[0.198383, 0.215294, 0.207867, 0.187967, 0.19049]",-1.535751,-1.535751,True
frozen_check,ppo,29,frozen_check_02,4,"{""flat"": [0.06213199347257614, 0.08989924937486649, 0.09618629515171051, -0.04433346539735794, -0.05708174780011177]}","{""flat"": [0.20621, 0.212016, 0.213353, 0.185384, 0.183036]}","{""flat"": 2}",unspecified,2,2,2,flat_action_2,"[true, true, true, true, true]",False,"[0.20621, 0.212016, 0.213353, 0.185384, 0.183036]",-1.544805,-1.544805,True
frozen_check,ppo,29,frozen_check_03,0,"{""flat"": [-0.015742331743240356, 0.15060269832611084, 0.0754275918006897, -0.028443770483136177, -0.010409124195575714]}","{""flat"": [0.189783, 0.224131, 0.207899, 0.187388, 0.190798]}","{""flat"": 1}",unspecified,1,1,1,flat_action_1,"[true, true, true, true, true]",False,"[0.189783, 0.224131, 0.207899, 0.187388, 0.190798]",-1.495526,-1.495526,True
frozen_check,ppo,29,frozen_check_03,1,"{""flat"": [0.1102430671453476, 0.10272561013698578, 0.13207027316093445, -0.11382461339235306, -0.11622339487075806]}","{""flat"": [0.276344, 0.0, 0.282442, 0.220871, 0.220342]}","{""flat"": 2}",unspecified,2,2,2,flat_action_2,"[true, false, true, true, true]",False,"[0.276344, 0.0, 0.282442, 0.220871, 0.220342]",-1.264281,-1.264281,True
frozen_check,ppo,29,frozen_check_03,2,"{""flat"": [0.037738025188446045, 0.13051308691501617, 0.05818787217140198, -0.048044353723526, 0.0019342489540576935]}","{""flat"": [0.256195, 0.0, 0.261488, 0.235134, 0.247184]}","{""flat"": 2}",unspecified,2,2,2,flat_action_2,"[true, false, true, true, true]",False,"[0.256195, 0.0, 0.261488, 0.235134, 0.247184]",-1.341368,-1.341368,True
frozen_check,ppo,29,frozen_check_03,3,"{""flat"": [0.06007735803723335, 0.12328492850065231, 0.07544615864753723, -0.053649187088012695, -0.014878932386636734]}","{""flat"": [0.260704, 0.0, 0.264741, 0.232678, 0.241877]}","{""flat"": 2}",unspecified,2,2,2,flat_action_2,"[true, false, true, true, true]",False,"[0.260704, 0.0, 0.264741, 0.232678, 0.241877]",-1.329002,-1.329002,True
frozen_check,ppo,29,frozen_check_03,4,"{""flat"": [0.053448691964149475, 0.11339279264211655, 0.14029265940189362, -0.06702863425016403, -0.054948195815086365]}","{""flat"": [0.202582, 0.215097, 0.220962, 0.179588, 0.181771]}","{""flat"": 2}",unspecified,2,2,2,flat_action_2,"[true, true, true, true, true]",False,"[0.202582, 0.215097, 0.220962, 0.179588, 0.181771]",-1.509766,-1.509766,True
frozen_check,ppo,29,frozen_check_03,5,"{""flat"": [0.102023646235466, 0.10322035104036331, 0.16326214373111725, -0.07744144648313522, -0.10394330322742462]}","{""flat"": [0.212137, 0.212391, 0.225534, 0.177287, 0.17265]}","{""flat"": 2}",unspecified,2,2,2,flat_action_2,"[true, true, true, true, true]",False,"[0.212137, 0.212391, 0.225534, 0.177287, 0.17265]",-1.489283,-1.489283,True
frozen_check,ppo,29,frozen_check_04,0,"{""flat"": [-0.0021686404943466187, 0.1156662106513977, 0.0746878981590271, -0.0199838038533926, -0.015166644006967545]}","{""flat"": [0.19326, 0.217429, 0.208699, 0.189848, 0.190764]}","{""flat"": 1}",unspecified,1,1,1,flat_action_1,"[true, true, true, true, true]",False,"[0.19326, 0.217429, 0.208699, 0.189848, 0.190764]",-1.525883,-1.525883,True
frozen_check,ppo,29,frozen_check_04,1,"{""flat"": [0.10063675791025162, 0.0830325335264206, 0.18394891917705536, -0.10008532553911209, -0.14925281703472137]}","{""flat"": [0.214295, 0.210556, 0.232914, 0.175324, 0.166912]}","{""flat"": 2}",unspecified,2,2,2,flat_action_2,"[true, true, true, true, true]",False,"[0.214295, 0.210556, 0.232914, 0.175324, 0.166912]",-1.457088,-1.457088,True
frozen_check,ppo,29,frozen_check_04,2,"{""flat"": [0.10803652554750443, 0.07828141748905182, 0.14994287490844727, -0.11235854774713516, -0.1108345240354538]}","{""flat"": [0.274091, 0.0, 0.285821, 0.219876, 0.220212]}","{""flat"": 2}",unspecified,2,2,2,flat_action_2,"[true, false, true, true, true]",False,"[0.274091, 0.0, 0.285821, 0.219876, 0.220212]",-1.252389,-1.252389,True
frozen_check,ppo,29,frozen_check_04,3,"{""flat"": [0.12926563620567322, 0.07136590778827667, 0.16641078889369965, -0.11757782846689224, -0.12825672328472137]}","{""flat"": [0.278391, 0.0, 0.288926, 0.217497, 0.215186]}","{""flat"": 2}",unspecified,2,2,2,flat_action_2,"[true, false, true, true, true]",False,"[0.278391, 0.0, 0.288926, 0.217497, 0.215186]",-1.241584,-1.241584,True
frozen_check,ppo,29,frozen_check_04,4,"{""flat"": [0.14924895763397217, 0.06860284507274628, 0.16884256899356842, -0.12127796560525894, -0.14085020124912262]}","{""flat"": [0.28321, 0.0, 0.288813, 0.216083, 0.211894]}","{""flat"": 2}",unspecified,2,2,2,flat_action_2,"[true, false, true, true, true]",False,"[0.28321, 0.0, 0.288813, 0.216083, 0.211894]",-1.241974,-1.241974,True
frozen_check,ppo,29,frozen_check_04,5,"{""flat"": [0.056190505623817444, 0.0861661285161972, 0.14491163194179535, -0.05821225792169571, -0.05061417818069458]}","{""flat"": [0.203508, 0.209701, 0.222389, 0.181509, 0.182893]}","{""flat"": 2}",unspecified,2,2,2,flat_action_2,"[true, true, true, true, true]",False,"[0.203508, 0.209701, 0.222389, 0.181509, 0.182893]",-1.503327,-1.503327,True
frozen_check,ppo,29,frozen_check_04,6,"{""flat"": [0.16133911907672882, 0.049022212624549866, 0.2360927313566208, -0.13709242641925812, -0.1832210123538971]}","{""flat"": [0.226148, 0.202122, 0.243701, 0.167797, 0.160233]}","{""flat"": 2}",unspecified,2,2,2,flat_action_2,"[true, true, true, true, true]",False,"[0.226148, 0.202122, 0.243701, 0.167797, 0.160233]",-1.411814,-1.411814,True
frozen_check,ppo,29,frozen_check_05,0,"{""flat"": [0.07121223211288452, 0.1130642294883728, 0.1280626803636551, -0.09051324427127838, -0.10242068767547607]}","{""flat"": [0.208659, 0.217577, 0.220865, 0.177501, 0.1754]}","{""flat"": 2}",unspecified,2,2,2,flat_action_2,"[true, true, true, true, true]",False,"[0.208659, 0.217577, 0.220865, 0.177501, 0.1754]",-1.510205,-1.510205,True
frozen_check,ppo,29,frozen_check_05,1,"{""flat"": [0.09315946698188782, 0.1069452315568924, 0.14505673944950104, -0.09510430693626404, -0.12001258879899979]}","{""flat"": [0.212605, 0.215556, 0.22393, 0.176121, 0.171788]}","{""flat"": 2}",unspecified,2,2,2,flat_action_2,"[true, true, true, true, true]",False,"[0.212605, 0.215556, 0.22393, 0.176121, 0.171788]",-1.496423,-1.496423,True
frozen_check,ppo,29,frozen_check_05,2,"{""flat"": [0.09419605135917664, 0.1012149527668953, 0.1520882546901703, -0.10564971715211868, -0.11467821896076202]}","{""flat"": [0.212902, 0.214402, 0.225591, 0.174336, 0.172769]}","{""flat"": 2}",unspecified,2,2,2,flat_action_2,"[true, true, true, true, true]",False,"[0.212902, 0.214402, 0.225591, 0.174336, 0.172769]",-1.489032,-1.489032,True
frozen_check,ppo,29,frozen_check_05,3,"{""flat"": [0.047711923718452454, 0.11570799350738525, 0.06361724436283112, -0.05320055037736893, -0.003546185791492462]}","{""flat"": [0.258393, 0.0, 0.262535, 0.23359, 0.245482]}","{""flat"": 2}",unspecified,2,2,2,flat_action_2,"[true, false, true, true, true]",False,"[0.258393, 0.0, 0.262535, 0.23359, 0.245482]",-1.337369,-1.337369,True
frozen_check,ppo,29,frozen_check_05,4,"{""flat"": [0.04448675364255905, 0.10967101901769638, 0.06848475337028503, -0.059619225561618805, 0.007942985743284225]}","{""flat"": [0.2571, 0.0, 0.263345, 0.231681, 0.247874]}","{""flat"": 2}",unspecified,2,2,2,flat_action_2,"[true, false, true, true, true]",False,"[0.2571, 0.0, 0.263345, 0.231681, 0.247874]",-1.334291,-1.334291,True
frozen_check,ppo,29,frozen_check_05,5,"{""flat"": [0.06812730431556702, 0.10400738567113876, 0.08561412990093231, -0.06757295876741409, -0.013379402458667755]}","{""flat"": [0.262297, 0.0, 0.266924, 0.229013, 0.241766]}","{""flat"": 2}",unspecified,2,2,2,flat_action_2,"[true, false, true, true, true]",False,"[0.262297, 0.0, 0.266924, 0.229013, 0.241766]",-1.320791,-1.320791,True
frozen_check,ppo,29,frozen_check_05,6,"{""flat"": [0.07034698128700256, 0.09282083064317703, 0.09344901144504547, -0.07511795312166214, -0.006011303514242172]}","{""flat"": [0.262159, 0.0, 0.268286, 0.226668, 0.242886]}","{""flat"": 2}",unspecified,2,2,2,flat_action_2,"[true, false, true, true, true]",False,"[0.262159, 0.0, 0.268286, 0.226668, 0.242886]",-1.315701,-1.315701,True
frozen_check,ppo,29,frozen_check_06,0,"{""flat"": [-0.003428943455219269, 0.12573973834514618, 0.0907357782125473, -0.020497804507613182, -0.043881483376026154]}","{""flat"": [0.193048, 0.219666, 0.21211, 0.189781, 0.185395]}","{""flat"": 1}",unspecified,1,1,1,flat_action_1,"[true, true, true, true, true]",False,"[0.193048, 0.219666, 0.21211, 0.189781, 0.185395]",-1.515647,-1.515647,True
frozen_check,ppo,29,frozen_check_06,1,"{""flat"": [0.004629343748092651, 0.1189671978354454, 0.05027541518211365, -0.03267034888267517, 0.008640553802251816]}","{""flat"": [0.249121, 0.0, 0.260756, 0.24, 0.250122]}","{""flat"": 2}",unspecified,2,2,2,flat_action_2,"[true, false, true, true, true]",False,"[0.249121, 0.0, 0.260756, 0.24, 0.250122]",-1.34417,-1.34417,True
frozen_check,ppo,29,frozen_check_06,2,"{""flat"": [0.02343415468931198, 0.11900119483470917, 0.06235729157924652, -0.03891090303659439, -0.0029786676168441772]}","{""flat"": [0.252961, 0.0, 0.263001, 0.237671, 0.246367]}","{""flat"": 2}",unspecified,2,2,2,flat_action_2,"[true, false, true, true, true]",False,"[0.252961, 0.0, 0.263001, 0.237671, 0.246367]",-1.335598,-1.335598,True
frozen_check,ppo,29,frozen_check_06,3,"{""flat"": [0.0350867435336113, 0.11419027298688889, 0.11147230863571167, -0.03819829970598221, -0.04971471056342125]}","{""flat"": [0.199612, 0.216043, 0.215457, 0.185506, 0.183382]}","{""flat"": 1}",unspecified,1,1,1,flat_action_1,"[true, true, true, true, true]",False,"[0.199612, 0.216043, 0.215457, 0.185506, 0.183382]",-1.532278,-1.532278,True
frozen_check,ppo,29,frozen_check_06,4,"{""flat"": [0.04708962142467499, 0.09849359095096588, 0.14744852483272552, -0.057711437344551086, -0.07228930294513702]}","{""flat"": [0.202172, 0.212836, 0.223514, 0.182056, 0.179422]}","{""flat"": 2}",unspecified,2,2,2,flat_action_2,"[true, true, true, true, true]",False,"[0.202172, 0.212836, 0.223514, 0.182056, 0.179422]",-1.498279,-1.498279,True
frozen_check,ppo,29,frozen_check_06,5,"{""flat"": [0.08749144524335861, 0.08724278211593628, 0.16884548962116241, -0.06518208980560303, -0.11029213666915894]}","{""flat"": [0.209931, 0.209879, 0.227724, 0.180207, 0.172259]}","{""flat"": 2}",unspecified,2,2,2,flat_action_2,"[true, true, true, true, true]",False,"[0.209931, 0.209879, 0.227724, 0.180207, 0.172259]",-1.479621,-1.479621,True
frozen_check,ppo,29,frozen_check_07,0,"{""flat"": [0.01535537838935852, 0.14703764021396637, 0.11095769703388214, -0.02619805745780468, -0.06570777297019958]}","{""flat"": [0.195217, 0.222693, 0.214802, 0.187271, 0.180017]}","{""flat"": 1}",unspecified,1,1,1,flat_action_1,"[true, true, true, true, true]",False,"[0.195217, 0.222693, 0.214802, 0.187271, 0.180017]",-1.50196,-1.50196,True
frozen_check,ppo,29,frozen_check_07,1,"{""flat"": [0.037891119718551636, 0.1432121992111206, 0.1246381551027298, -0.02646392025053501, -0.0872543454170227]}","{""flat"": [0.199135, 0.221252, 0.21718, 0.186723, 0.17571]}","{""flat"": 1}",unspecified,1,1,1,flat_action_1,"[true, true, true, true, true]",False,"[0.199135, 0.221252, 0.21718, 0.186723, 0.17571]",-1.508453,-1.508453,True
frozen_check,ppo,29,frozen_check_07,2,"{""flat"": [0.13799023628234863, 0.09595459699630737, 0.23422105610370636, -0.11139778047800064, -0.22746431827545166]}","{""flat"": [0.220604, 0.211523, 0.242888, 0.171912, 0.153073]}","{""flat"": 2}",unspecified,2,2,2,flat_action_2,"[true, true, true, true, true]",False,"[0.220604, 0.211523, 0.242888, 0.171912, 0.153073]",-1.415155,-1.415155,True
frozen_check,ppo,29,frozen_check_07,3,"{""flat"": [0.16908809542655945, 0.09167125076055527, 0.24890996515750885, -0.10968995839357376, -0.2587154507637024]}","{""flat"": [0.226385, 0.209521, 0.245197, 0.171308, 0.14759]}","{""flat"": 2}",unspecified,2,2,2,flat_action_2,"[true, true, true, true, true]",False,"[0.226385, 0.209521, 0.245197, 0.171308, 0.14759]",-1.405694,-1.405694,True
frozen_check,ppo,29,frozen_check_07,4,"{""flat"": [0.12626029551029205, 0.08134694397449493, 0.2197108119726181, -0.12752942740917206, -0.20475955307483673]}","{""flat"": [0.219873, 0.210216, 0.241411, 0.170589, 0.157911]}","{""flat"": 2}",unspecified,2,2,2,flat_action_2,"[true, true, true, true, true]",False,"[0.219873, 0.210216, 0.241411, 0.170589, 0.157911]",-1.421255,-1.421255,True
frozen_check,ppo,29,frozen_check_07,5,"{""flat"": [0.14190280437469482, 0.07747294008731842, 0.23193548619747162, -0.1296474188566208, -0.21699978411197662]}","{""flat"": [0.222596, 0.208706, 0.243566, 0.169662, 0.15547]}","{""flat"": 2}",unspecified,2,2,2,flat_action_2,"[true, true, true, true, true]",False,"[0.222596, 0.208706, 0.243566, 0.169662, 0.15547]",-1.412366,-1.412366,True
frozen_check,ppo,29,frozen_check_07,6,"{""flat"": [0.15620507299900055, 0.0994175374507904, 0.2389763742685318, -0.12398675829172134, -0.21845483779907227]}","{""flat"": [0.223501, 0.211163, 0.242788, 0.168886, 0.153662]}","{""flat"": 2}",unspecified,2,2,2,flat_action_2,"[true, true, true, true, true]",False,"[0.223501, 0.211163, 0.242788, 0.168886, 0.153662]",-1.415567,-1.415567,True
frozen_check,ppo,29,frozen_check_07,7,"{""flat"": [0.1941201239824295, 0.09267531335353851, 0.24979187548160553, -0.12468466907739639, -0.2572334110736847]}","{""flat"": [0.231237, 0.20893, 0.244476, 0.168113, 0.147244]}","{""flat"": 2}",unspecified,2,2,2,flat_action_2,"[true, true, true, true, true]",False,"[0.231237, 0.20893, 0.244476, 0.168113, 0.147244]",-1.40864,-1.40864,True
frozen_check,ppo,29,frozen_check_07,8,"{""flat"": [0.19741685688495636, 0.07451069355010986, 0.2763919234275818, -0.14276114106178284, -0.2762797772884369]}","{""flat"": [0.232511, 0.205621, 0.251619, 0.165465, 0.144784]}","{""flat"": 2}",unspecified,2,2,2,flat_action_2,"[true, true, true, true, true]",False,"[0.232511, 0.205621, 0.251619, 0.165465, 0.144784]",-1.379841,-1.379841,True
frozen_check,ppo,29,frozen_check_07,9,"{""flat"": [0.22520175576210022, 0.06703339517116547, 0.2840732932090759, -0.13879303634166718, -0.2988120913505554]}","{""flat"": [0.238017, 0.203197, 0.25245, 0.165397, 0.140939]}","{""flat"": 2}",unspecified,2,2,2,flat_action_2,"[true, true, true, true, true]",False,"[0.238017, 0.203197, 0.25245, 0.165397, 0.140939]",-1.376541,-1.376541,True
regression,mappo,7,regression_00,0,"{""event"": [-0.053852688521146774, 0.151873379945755], ""fast"": [0.2780117988586426, -0.39117175340652466], ""slow"": [-0.13457122445106506, 0.23436936736106873, -0.0734369307756424]}","{""event"": [0.448749, 0.551251], ""fast"": [0.66132, 0.33868], ""slow"": [0.284962, 0.412112, 0.302926]}","{""event"": 1, ""fast"": 0, ""slow"": 1}",independent_head_argmax,4,4,4,event_head_prepare,"[true, true, true, true, true]",False,"[0.184935, 0.135938, 0.043309, 0.084567, 0.551251]",-0.595565,-0.595565,True
regression,mappo,7,regression_00,1,"{""event"": [-0.05239482596516609, 0.16165590286254883], ""fast"": [0.206573948264122, -0.33027470111846924], ""slow"": [-0.1678929626941681, 0.22909316420555115, -0.03162357211112976]}","{""event"": [0.446691, 0.553309], ""fast"": [0.631079, 0.368921], ""slow"": [0.27523, 0.409359, 0.315411]}","{""event"": 1, ""fast"": 0, ""slow"": 1}",independent_head_argmax,4,4,4,event_head_prepare,"[true, false, true, true, true]",False,"[0.212845, 0.0, 0.052794, 0.09031, 0.64405]",-0.439978,-0.439978,True
regression,mappo,7,regression_00,2,"{""event"": [0.05313988775014877, 0.022395476698875427], ""fast"": [-0.27852511405944824, 0.18021073937416077], ""slow"": [-0.028283677995204926, 0.11279430240392685, -0.07423359155654907]}","{""event"": [0.507685, 0.492314], ""fast"": [0.387286, 0.612714], ""slow"": [0.321895, 0.370667, 0.307439]}","{""event"": 0, ""fast"": 1, ""slow"": 1}",independent_head_argmax,0,0,0,slow_head_cache_fill,"[true, true, true, true, true]",False,"[0.188182, 0.156082, 0.100131, 0.063291, 0.492314]",-1.670346,-1.670346,True
regression,mappo,7,regression_00,3,"{""event"": [-0.07334429025650024, 0.17161822319030762], ""fast"": [0.1972224861383438, -0.30483514070510864], ""slow"": [-0.11449472606182098, 0.19381389021873474, -0.02624550461769104]}","{""event"": [0.439064, 0.560936], ""fast"": [0.622943, 0.377057], ""slow"": [0.289571, 0.394142, 0.316287]}","{""event"": 1, ""fast"": 0, ""slow"": 1}",independent_head_argmax,4,4,4,event_head_prepare,"[true, true, true, true, true]",False,"[0.173053, 0.13887, 0.047939, 0.079201, 0.560936]",-0.578148,-0.578148,True
regression,mappo,7,regression_00,4,"{""event"": [0.0643879622220993, 0.01065148413181305], ""fast"": [-0.4399418830871582, 0.3231027126312256], ""slow"": [-0.0013752877712249756, 0.0608367845416069, -0.018938332796096802]}","{""event"": [0.513431, 0.486569], ""fast"": [0.317986, 0.682014], ""slow"": [0.328216, 0.349283, 0.322501]}","{""event"": 0, ""fast"": 1, ""slow"": 1}",independent_head_argmax,0,0,0,slow_head_cache_fill,"[true, true, true, true, true]",False,"[0.179333, 0.165582, 0.11493, 0.053586, 0.486569]",-1.718513,-1.718513,True
regression,mappo,7,regression_01,0,"{""event"": [-0.004480208270251751, 0.1013430804014206], ""fast"": [0.08477705717086792, -0.21084104478359222], ""slow"": [-0.0897715836763382, 0.15615883469581604, -0.04570557177066803]}","{""event"": [0.473569, 0.526431], ""fast"": [0.573371, 0.426629], ""slow"": [0.300855, 0.384736, 0.314409]}","{""event"": 1, ""fast"": 0, ""slow"": 1}",independent_head_argmax,4,4,4,event_head_prepare,"[true, true, true, true, true]",False,"[0.182199, 0.148894, 0.060784, 0.081691, 0.526431]",-0.641635,-0.641635,True
regression,mappo,7,regression_01,1,"{""event"": [-0.030775997787714005, 0.14780950546264648], ""fast"": [0.16722847521305084, -0.2919435501098633], ""slow"": [-0.14861252903938293, 0.19549784064292908, -0.03303748369216919]}","{""event"": [0.455472, 0.544528], ""fast"": [0.612818, 0.387182], ""slow"": [0.283025, 0.399274, 0.317701]}","{""event"": 1, ""fast"": 0, ""slow"": 1}",independent_head_argmax,4,4,4,event_head_prepare,"[true, false, true, true, true]",False,"[0.212626, 0.0, 0.058356, 0.092364, 0.636654]",-0.451528,-0.451528,True
regression,mappo,7,regression_01,2,"{""event"": [-0.04132360965013504, 0.15557239949703217], ""fast"": [0.15471123158931732, -0.2739294171333313], ""slow"": [-0.15026548504829407, 0.19483128190040588, -0.028102010488510132]}","{""event"": [0.450934, 0.549066], ""fast"": [0.605549, 0.394451], ""slow"": [0.282321, 0.398673, 0.319006]}","{""event"": 1, ""fast"": 0, ""slow"": 1}",independent_head_argmax,4,4,4,event_head_prepare,"[true, false, true, true, true]",False,"[0.209981, 0.0, 0.058654, 0.090044, 0.64132]",-0.444227,-0.444227,True
regression,mappo,7,regression_01,3,"{""event"": [-0.05610067397356033, 0.16859261691570282], ""fast"": [0.16136310994625092, -0.2730855941772461], ""slow"": [-0.15435650944709778, 0.19749966263771057, -0.027320265769958496]}","{""event"": [0.444062, 0.555938], ""fast"": [0.606935, 0.393064], ""slow"": [0.281123, 0.399674, 0.319203]}","{""event"": 1, ""fast"": 0, ""slow"": 1}",independent_head_argmax,4,4,4,event_head_prepare,"[true, false, true, true, true]",False,"[0.206792, 0.0, 0.057173, 0.088281, 0.647755]",-0.434243,-0.434243,True
regression,mappo,7,regression_01,4,"{""event"": [-0.01974337548017502, 0.13902471959590912], ""fast"": [-0.00512358546257019, -0.13131223618984222], ""slow"": [-0.11290121078491211, 0.1413375437259674, 0.016186796128749847]}","{""event"": [0.460391, 0.539609], ""fast"": [0.531505, 0.468495], ""slow"": [0.291777, 0.376241, 0.331982]}","{""event"": 1, ""fast"": 0, ""slow"": 1}",independent_head_argmax,4,4,4,event_head_prepare,"[true, false, true, true, true]",False,"[0.204469, 0.0, 0.074288, 0.084279, 0.636963]",-0.451043,-0.451043,True
regression,mappo,7,regression_01,5,"{""event"": [-0.04310380294919014, 0.16286396980285645], ""fast"": [0.042070165276527405, -0.16752243041992188], ""slow"": [-0.12305555492639542, 0.1531893014907837, 0.010333448648452759]}","{""event"": [0.448689, 0.551311], ""fast"": [0.552207, 0.447793], ""slow"": [0.288945, 0.380879, 0.330176]}","{""event"": 1, ""fast"": 0, ""slow"": 1}",independent_head_argmax,4,4,4,event_head_prepare,"[true, false, true, true, true]",False,"[0.200617, 0.0, 0.068151, 0.084042, 0.647189]",-0.435116,-0.435116,True
regression,mappo,7,regression_01,6,"{""event"": [-0.04085037484765053, 0.1542985588312149], ""fast"": [-0.036511845886707306, -0.08875253796577454], ""slow"": [-0.11562231928110123, 0.1378767490386963, 0.025748886168003082]}","{""event"": [0.451367, 0.548633], ""fast"": [0.513057, 0.486943], ""slow"": [0.290666, 0.37453, 0.334804]}","{""event"": 1, ""fast"": 0, ""slow"": 1}",independent_head_argmax,4,4,4,event_head_prepare,"[true, false, true, true, true]",False,"[0.199145, 0.0, 0.075258, 0.079294, 0.646302]",-0.436489,-0.436489,True
regression,mappo,7,regression_01,7,"{""event"": [-0.05542642995715141, 0.1653115600347519], ""fast"": [0.0058531686663627625, -0.12664927542209625], ""slow"": [-0.13386711478233337, 0.1579575538635254, 0.019291386008262634]}","{""event"": [0.445038, 0.554962], ""fast"": [0.533077, 0.466923], ""slow"": [0.285357, 0.382056, 0.332587]}","{""event"": 1, ""fast"": 0, ""slow"": 1}",independent_head_argmax,4,4,4,event_head_prepare,"[true, false, true, true, true]",False,"[0.199568, 0.0, 0.069598, 0.079459, 0.651374]",-0.428671,-0.428671,True
regression,mappo,7,regression_02,0,"{""event"": [0.006539251655340195, 0.09424684941768646], ""fast"": [0.024029448628425598, -0.15244857966899872], ""slow"": [-0.09399667382240295, 0.17496955394744873, -0.08925360441207886]}","{""event"": [0.478087, 0.521913], ""fast"": [0.544005, 0.455995], ""slow"": [0.301808, 0.394949, 0.303243]}","{""event"": 1, ""fast"": 0, ""slow"": 1}",independent_head_argmax,4,4,4,event_head_prepare,"[true, true, true, true, true]",False,"[0.18882, 0.144976, 0.065796, 0.078495, 0.521913]",-0.650255,-0.650255,True
regression,mappo,7,regression_02,1,"{""event"": [0.15396180748939514, -0.08368594944477081], ""fast"": [-0.6483092904090881, 0.5135679244995117], ""slow"": [0.030800193548202515, 0.02483654022216797, -0.06943398714065552]}","{""event"": [0.559134, 0.440866], ""fast"": [0.238326, 0.761674], ""slow"": [0.344985, 0.342933, 0.312082]}","{""event"": 0, ""fast"": 1, ""slow"": 0}",independent_head_argmax,2,2,2,fast_head_vehicle_fallback,"[true, true, true, true, true]",False,"[0.191746, 0.174496, 0.146921, 0.045971, 0.440866]",-1.917859,-1.917859,True
regression,mappo,7,regression_02,2,"{""event"": [0.12167070806026459, -0.04694630205631256], ""fast"": [-0.5510954260826111, 0.43451589345932007], ""slow"": [0.013151958584785461, 0.049464888870716095, -0.09365388751029968]}","{""event"": [0.542055, 0.457945], ""fast"": [0.27178, 0.72822], ""slow"": [0.340637, 0.353233, 0.30613]}","{""event"": 0, ""fast"": 1, ""slow"": 1}",independent_head_argmax,0,0,0,slow_head_cache_fill,"[true, true, true, true, true]",False,"[0.191472, 0.165939, 0.134461, 0.050182, 0.457945]",-1.653015,-1.653015,True
regression,mappo,7,regression_02,3,"{""event"": [0.11555463075637817, -0.008958220481872559], ""fast"": [-0.4558372497558594, 0.3265541195869446], ""slow"": [-0.03561650216579437, 0.08944524079561234, -0.06155365705490112]}","{""event"": [0.531088, 0.468912], ""fast"": [0.313805, 0.686195], ""slow"": [0.32179, 0.364659, 0.313551]}","{""event"": 0, ""fast"": 1, ""slow"": 1}",independent_head_argmax,0,0,0,slow_head_cache_fill,"[true, false, true, true, true]",False,"[0.232359, 0.0, 0.1407, 0.064344, 0.562598]",-1.459471,-1.459471,True
regression,mappo,7,regression_02,4,"{""event"": [0.11825227737426758, -0.04342040419578552], ""fast"": [-0.5740697979927063, 0.4443663954734802], ""slow"": [0.017990022897720337, 0.04349071532487869, -0.05213245749473572]}","{""event"": [0.54033, 0.45967], ""fast"": [0.265332, 0.734668], ""slow"": [0.338054, 0.346785, 0.315161]}","{""event"": 0, ""fast"": 1, ""slow"": 1}",independent_head_argmax,0,0,0,slow_head_cache_fill,"[true, true, true, true, true]",False,"[0.187379, 0.170291, 0.134195, 0.048466, 0.45967]",-1.674624,-1.674624,True
regression,mappo,7,regression_02,5,"{""event"": [0.09545953571796417, 0.003946028649806976], ""fast"": [-0.4953118562698364, 0.3771620988845825], ""slow"": [-0.036345697939395905, 0.08112908154726028, -0.04589459300041199]}","{""event"": [0.522862, 0.477138], ""fast"": [0.29474, 0.70526], ""slow"": [0.321012, 0.361027, 0.317961]}","{""event"": 0, ""fast"": 1, ""slow"": 1}",independent_head_argmax,0,0,0,slow_head_cache_fill,"[true, false, true, true, true]",False,"[0.226408, 0.0, 0.141978, 0.059335, 0.572279]",-1.485418,-1.485418,True
regression,mappo,7,regression_02,6,"{""event"": [-0.031340342015028, 0.15498508512973785], ""fast"": [-0.01976156234741211, -0.11058476567268372], ""slow"": [-0.1302310675382614, 0.1675296127796173, -0.011324860155582428]}","{""event"": [0.453553, 0.546447], ""fast"": [0.52269, 0.47731], ""slow"": [0.287927, 0.387791, 0.324282]}","{""event"": 1, ""fast"": 0, ""slow"": 1}",independent_head_argmax,4,4,4,event_head_prepare,"[true, false, true, true, true]",False,"[0.206214, 0.0, 0.073081, 0.080029, 0.640677]",-0.445229,-0.445229,True
regression,mappo,7,regression_03,0,"{""event"": [-0.03793182596564293, 0.1150616854429245], ""fast"": [0.03469182550907135, -0.13853336870670319], ""slow"": [-0.06687295436859131, 0.07456309348344803, -0.02255694568157196]}","{""event"": [0.461826, 0.538174], ""fast"": [0.543198, 0.456802], ""slow"": [0.31277, 0.360288, 0.326942]}","{""event"": 1, ""fast"": 0, ""slow"": 1}",independent_head_argmax,4,0,0,slow_head_cache_fill,"[true, false, true, true, false]",True,"[0.5353, 0.0, 0.212276, 0.252424, 0.0]",-0.624928,-0.624928,True
regression,mappo,7,regression_03,1,"{""event"": [-0.03137382119894028, 0.11461968719959259], ""fast"": [0.08604642748832703, -0.20337699353694916], ""slow"": [-0.08452419936656952, 0.12533551454544067, -0.030171528458595276]}","{""event"": [0.463566, 0.536434], ""fast"": [0.571855, 0.428145], ""slow"": [0.30401, 0.374998, 0.320991]}","{""event"": 1, ""fast"": 0, ""slow"": 1}",independent_head_argmax,4,4,4,event_head_prepare,"[true, true, true, true, true]",False,"[0.173837, 0.148801, 0.060338, 0.080591, 0.536434]",-0.622812,-0.622812,True
regression,mappo,7,regression_03,2,"{""event"": [-0.05259251222014427, 0.16220009326934814], ""fast"": [0.22545485198497772, -0.347548246383667], ""slow"": [-0.16240230202674866, 0.20887485146522522, -0.02048720419406891]}","{""event"": [0.446507, 0.553493], ""fast"": [0.639456, 0.360544], ""slow"": [0.277619, 0.402432, 0.31995]}","{""event"": 1, ""fast"": 0, ""slow"": 1}",independent_head_argmax,4,4,4,event_head_prepare,"[true, false, true, true, true]",False,"[0.209638, 0.0, 0.052142, 0.092477, 0.645743]",-0.437353,-0.437353,True
regression,mappo,7,regression_03,3,"{""event"": [-0.058654386550188065, 0.16507941484451294], ""fast"": [0.20097653567790985, -0.3202069401741028], ""slow"": [-0.16286632418632507, 0.20579096674919128, -0.014298059046268463]}","{""event"": [0.444299, 0.555701], ""fast"": [0.627424, 0.372576], ""slow"": [0.277318, 0.400945, 0.321737]}","{""event"": 1, ""fast"": 0, ""slow"": 1}",independent_head_argmax,4,4,4,event_head_prepare,"[true, false, true, true, true]",False,"[0.207851, 0.0, 0.053562, 0.0902, 0.648386]",-0.433268,-0.433268,True
regression,mappo,7,regression_03,4,"{""event"": [0.04264139384031296, 0.054643698036670685], ""fast"": [-0.2053183764219284, 0.10126999020576477], ""slow"": [-0.07792048156261444, 0.13331300020217896, -0.05435687303543091]}","{""event"": [0.496999, 0.503001], ""fast"": [0.423948, 0.576052], ""slow"": [0.306838, 0.379007, 0.314155]}","{""event"": 1, ""fast"": 1, ""slow"": 1}",independent_head_argmax,4,4,4,event_head_prepare,"[true, false, true, true, true]",False,"[0.223218, 0.0, 0.104101, 0.076613, 0.596067]",-0.517402,-0.517402,True
regression,mappo,7,regression_03,5,"{""event"": [-0.07783941179513931, 0.1628284603357315], ""fast"": [0.11861853301525116, -0.23264198005199432], ""slow"": [-0.09062566608190536, 0.1173381432890892, -0.015784859657287598]}","{""event"": [0.440122, 0.559878], ""fast"": [0.586923, 0.413077], ""slow"": [0.302217, 0.37208, 0.325703]}","{""event"": 1, ""fast"": 0, ""slow"": 1}",independent_head_argmax,4,0,0,slow_head_cache_fill,"[true, false, true, true, false]",True,"[0.551804, 0.0, 0.185139, 0.263056, 0.0]",-0.594562,-0.594562,True
regression,mappo,7,regression_03,6,"{""event"": [-0.07936164736747742, 0.18801790475845337], ""fast"": [0.2121569961309433, -0.3395620584487915], ""slow"": [-0.15187519788742065, 0.1861650049686432, -0.008372962474822998]}","{""event"": [0.433551, 0.566449], ""fast"": [0.634534, 0.365466], ""slow"": [0.281175, 0.394262, 0.324563]}","{""event"": 1, ""fast"": 0, ""slow"": 1}",independent_head_argmax,4,4,4,event_head_prepare,"[true, false, true, true, true]",False,"[0.198924, 0.0, 0.051847, 0.090019, 0.65921]",-0.416714,-0.416714,True
regression,mappo,7,regression_03,7,"{""event"": [-0.07456149905920029, 0.18055108189582825], ""fast"": [0.10869266092777252, -0.2391589730978012], ""slow"": [-0.13738112151622772, 0.1648167073726654, 0.008865483105182648]}","{""event"": [0.436566, 0.563434], ""fast"": [0.586096, 0.413903], ""slow"": [0.284875, 0.385387, 0.329738]}","{""event"": 1, ""fast"": 0, ""slow"": 1}",independent_head_argmax,4,4,4,event_head_prepare,"[true, false, true, true, true]",False,"[0.196539, 0.0, 0.060132, 0.085148, 0.658181]",-0.418275,-0.418275,True
regression,mappo,7,regression_03,8,"{""event"": [-0.09661352634429932, 0.19906829297542572], ""fast"": [0.1812562197446823, -0.298445463180542], ""slow"": [-0.15446177124977112, 0.18503203988075256, -0.0004325658082962036]}","{""event"": [0.426613, 0.573387], ""fast"": [0.617677, 0.382323], ""slow"": [0.280052, 0.39326, 0.326688]}","{""event"": 1, ""fast"": 0, ""slow"": 1}",independent_head_argmax,4,4,4,event_head_prepare,"[true, false, true, true, true]",False,"[0.194938, 0.0, 0.053075, 0.085747, 0.66624]",-0.406105,-0.406105,True
regression,mappo,7,regression_03,9,"{""event"": [-0.11643833667039871, 0.2187601774930954], ""fast"": [0.21777458488941193, -0.32466500997543335], ""slow"": [-0.16292667388916016, 0.19390997290611267, -0.006487555801868439]}","{""event"": [0.416976, 0.583024], ""fast"": [0.63238, 0.36762], ""slow"": [0.277921, 0.397095, 0.324984]}","{""event"": 1, ""fast"": 0, ""slow"": 1}",independent_head_argmax,4,4,4,event_head_prepare,"[true, false, true, true, true]",False,"[0.191534, 0.0, 0.04928, 0.084772, 0.674414]",-0.393911,-0.393911,True
regression,mappo,7,regression_03,10,"{""event"": [-0.056158874183893204, 0.1413743495941162], ""fast"": [-0.221853107213974, 0.09931714832782745], ""slow"": [-0.029187694191932678, -0.003566443920135498, 0.06320588290691376]}","{""event"": [0.450777, 0.549223], ""fast"": [0.420391, 0.579609], ""slow"": [0.320231, 0.328541, 0.351228]}","{""event"": 1, ""fast"": 1, ""slow"": 2}",independent_head_argmax,4,0,0,slow_head_cache_fill,"[true, false, true, true, false]",True,"[0.506405, 0.0, 0.286092, 0.207503, 0.0]",-0.680419,-0.680419,True
regression,mappo,7,regression_04,0,"{""event"": [-0.037742529064416885, 0.12735094130039215], ""fast"": [0.11819586157798767, -0.22959844768047333], ""slow"": [-0.11714433878660202, 0.19947806000709534, -0.09352530539035797]}","{""event"": [0.45882, 0.54118], ""fast"": [0.586083, 0.413917], ""slow"": [0.294431, 0.404102, 0.301468]}","{""event"": 1, ""fast"": 0, ""slow"": 1}",independent_head_argmax,4,4,4,event_head_prepare,"[true, true, true, true, true]",False,"[0.18541, 0.138319, 0.055916, 0.079174, 0.54118]",-0.614004,-0.614004,True
regression,mappo,7,regression_04,1,"{""event"": [-0.04788254573941231, 0.13314208388328552], ""fast"": [0.08083255589008331, -0.18652798235416412], ""slow"": [-0.11435719579458237, 0.19053974747657776, -0.07832801342010498]}","{""event"": [0.454867, 0.545133], ""fast"": [0.566445, 0.433555], ""slow"": [0.29471, 0.399769, 0.305521]}","{""event"": 1, ""fast"": 0, ""slow"": 1}",independent_head_argmax,4,4,4,event_head_prepare,"[true, true, true, true, true]",False,"[0.181842, 0.138972, 0.05812, 0.075934, 0.545133]",-0.606725,-0.606725,True
regression,mappo,7,regression_04,2,"{""event"": [-0.06349459290504456, 0.17783507704734802], ""fast"": [0.12234058976173401, -0.23527638614177704], ""slow"": [-0.15600775182247162, 0.20878291130065918, -0.04872751235961914]}","{""event"": [0.439959, 0.560041], ""fast"": [0.588463, 0.411537], ""slow"": [0.281416, 0.405299, 0.313285]}","{""event"": 1, ""fast"": 0, ""slow"": 1}",independent_head_argmax,4,4,4,event_head_prepare,"[true, false, true, true, true]",False,"[0.206821, 0.0, 0.059099, 0.084506, 0.649574]",-0.431439,-0.431439,True
regression,mappo,7,regression_04,3,"{""event"": [-0.07164221256971359, 0.1850333958864212], ""fast"": [0.05027991533279419, -0.16073648631572723], ""slow"": [-0.14591649174690247, 0.1905786693096161, -0.029830068349838257]}","{""event"": [0.436181, 0.563819], ""fast"": [0.552559, 0.447441], ""slow"": [0.283839, 0.397384, 0.318777]}","{""event"": 1, ""fast"": 0, ""slow"": 1}",independent_head_argmax,4,4,4,event_head_prepare,"[true, false, true, true, true]",False,"[0.201324, 0.0, 0.064342, 0.079458, 0.654876]",-0.42331,-0.42331,True
regression,mappo,7,regression_04,4,"{""event"": [-0.06190038099884987, 0.14936846494674683], ""fast"": [-0.03112727403640747, -0.07638587057590485], ""slow"": [-0.09063296020030975, 0.14286360144615173, -0.028106689453125]}","{""event"": [0.447378, 0.552622], ""fast"": [0.511313, 0.488687], ""slow"": [0.300523, 0.379563, 0.319914]}","{""event"": 1, ""fast"": 0, ""slow"": 1}",independent_head_argmax,4,4,4,event_head_prepare,"[true, true, true, true, true]",False,"[0.169808, 0.143122, 0.065703, 0.068745, 0.552622]",-0.593082,-0.593082,True
regression,mappo,7,regression_05,0,"{""event"": [0.06831734627485275, 0.010952718555927277], ""fast"": [-0.15445348620414734, 0.03898505121469498], ""slow"": [-0.055690545588731766, 0.16788539290428162, -0.10764086246490479]}","{""event"": [0.514337, 0.485663], ""fast"": [0.451791, 0.548209], ""slow"": [0.312508, 0.390804, 0.296688]}","{""event"": 0, ""fast"": 1, ""slow"": 1}",independent_head_argmax,0,0,0,slow_head_cache_fill,"[true, true, true, true, true]",False,"[0.201005, 0.152598, 0.088116, 0.072618, 0.485663]",-1.604425,-1.604425,True
regression,mappo,7,regression_05,1,"{""event"": [-0.07529377937316895, 0.1685003936290741], ""fast"": [0.2833847999572754, -0.3901686668395996], ""slow"": [-0.14435222744941711, 0.24651774764060974, -0.07097592949867249]}","{""event"": [0.439352, 0.560648], ""fast"": [0.662298, 0.337702], ""slow"": [0.281341, 0.415897, 0.302761]}","{""event"": 1, ""fast"": 0, ""slow"": 1}",independent_head_argmax,4,4,4,event_head_prepare,"[true, true, true, true, true]",False,"[0.182725, 0.133019, 0.041743, 0.081865, 0.560648]",-0.578661,-0.578661,True
regression,mappo,7,regression_05,2,"{""event"": [-0.08402170240879059, 0.17977119982242584], ""fast"": [0.2983802556991577, -0.40240079164505005], ""slow"": [-0.14098361134529114, 0.23726391792297363, -0.05742383003234863]}","{""event"": [0.434432, 0.565568], ""fast"": [0.668361, 0.331639], ""slow"": [0.281938, 0.411552, 0.306509]}","{""event"": 1, ""fast"": 0, ""slow"": 1}",independent_head_argmax,4,4,4,event_head_prepare,"[true, true, true, true, true]",False,"[0.178791, 0.133157, 0.04062, 0.081863, 0.565568]",-0.569924,-0.569924,True
regression,mappo,7,regression_05,3,"{""event"": [-0.09231197834014893, 0.2142186164855957], ""fast"": [0.19110606610774994, -0.30413728952407837], ""slow"": [-0.161967933177948, 0.2221491038799286, -0.018659234046936035]}","{""event"": [0.423962, 0.576038], ""fast"": [0.621341, 0.378659], ""slow"": [0.27606, 0.405343, 0.318597]}","{""event"": 1, ""fast"": 0, ""slow"": 1}",independent_head_argmax,4,4,4,event_head_prepare,"[true, false, true, true, true]",False,"[0.198687, 0.0, 0.051239, 0.084078, 0.665996]",-0.406471,-0.406471,True
regression,mappo,7,regression_05,4,"{""event"": [-0.0955527275800705, 0.21147695183753967], ""fast"": [0.2440030425786972, -0.3584359288215637], ""slow"": [-0.17665039002895355, 0.2334369719028473, -0.012281075119972229]}","{""event"": [0.42384, 0.57616], ""fast"": [0.646214, 0.353786], ""slow"": [0.271326, 0.408875, 0.319799]}","{""event"": 1, ""fast"": 0, ""slow"": 1}",independent_head_argmax,4,4,4,event_head_prepare,"[true, false, true, true, true]",False,"[0.20047, 0.0, 0.047064, 0.085966, 0.6665]",-0.405716,-0.405716,True
regression,mappo,7,regression_06,0,"{""event"": [0.025039339438080788, 0.04378802329301834], ""fast"": [-0.2549373507499695, 0.12839987874031067], ""slow"": [-0.03853132575750351, 0.04241672158241272, -0.047580868005752563]}","{""event"": [0.495313, 0.504687], ""fast"": [0.405322, 0.594678], ""slow"": [0.325171, 0.352588, 0.322242]}","{""event"": 1, ""fast"": 1, ""slow"": 1}",independent_head_argmax,4,4,4,event_head_prepare,"[true, true, true, true, true]",False,"[0.174641, 0.15961, 0.09578, 0.065282, 0.504687]",-0.683817,-0.683817,True
regression,mappo,7,regression_06,1,"{""event"": [-9.214738383889198e-06, 0.06797245144844055], ""fast"": [-0.22982078790664673, 0.11731016635894775], ""slow"": [-0.04456081613898277, 0.04615309089422226, -0.04712185263633728]}","{""event"": [0.483011, 0.516989], ""fast"": [0.414078, 0.585922], ""slow"": [0.323374, 0.35408, 0.322547]}","{""event"": 1, ""fast"": 1, ""slow"": 1}",independent_head_argmax,4,4,4,event_head_prepare,"[true, true, true, true, true]",False,"[0.171024, 0.155794, 0.091517, 0.064676, 0.516989]",-0.659734,-0.659734,True
regression,mappo,7,regression_06,2,"{""event"": [-0.011669966392219067, 0.10969711095094681], ""fast"": [-0.2042757123708725, 0.08037957549095154], ""slow"": [-0.08493542671203613, 0.06174797564744949, -0.007207304239273071]}","{""event"": [0.469695, 0.530305], ""fast"": [0.429313, 0.570687], ""slow"": [0.308755, 0.357534, 0.333711]}","{""event"": 1, ""fast"": 1, ""slow"": 1}",independent_head_argmax,4,4,4,event_head_prepare,"[true, false, true, true, true]",False,"[0.199147, 0.0, 0.098145, 0.073832, 0.628876]",-0.463821,-0.463821,True
regression,mappo,7,regression_06,3,"{""event"": [-0.016584109514951706, 0.11111414432525635], ""fast"": [-0.2979739308357239, 0.1746790111064911], ""slow"": [-0.07127200067043304, 0.03767342120409012, 0.015297144651412964]}","{""event"": [0.468119, 0.531881], ""fast"": [0.383989, 0.616012], ""slow"": [0.311961, 0.347868, 0.340171]}","{""event"": 1, ""fast"": 1, ""slow"": 1}",independent_head_argmax,4,4,4,event_head_prepare,"[true, false, true, true, true]",False,"[0.193686, 0.0, 0.106997, 0.066696, 0.63262]",-0.457886,-0.457886,True
regression,mappo,7,regression_06,4,"{""event"": [-0.006526866927742958, 0.07516300678253174], ""fast"": [-0.36819934844970703, 0.24781042337417603], ""slow"": [-0.018084794282913208, -0.006027229130268097, 0.016374334692955017]}","{""event"": [0.479589, 0.520411], ""fast"": [0.35069, 0.64931], ""slow"": [0.328171, 0.332152, 0.339677]}","{""event"": 1, ""fast"": 1, ""slow"": 2}",independent_head_argmax,4,4,4,event_head_prepare,"[true, true, true, true, true]",False,"[0.159296, 0.162905, 0.102193, 0.055194, 0.520411]",-0.653136,-0.653136,True
regression,mappo,7,regression_07,0,"{""event"": [0.014597127214074135, 0.05003133416175842], ""fast"": [-0.23099806904792786, 0.10542835295200348], ""slow"": [-0.0333995446562767, 0.03330979496240616, -0.02122880518436432]}","{""event"": [0.491142, 0.508858], ""fast"": [0.416678, 0.583322], ""slow"": [0.324546, 0.346934, 0.32852]}","{""event"": 1, ""fast"": 1, ""slow"": 1}",independent_head_argmax,4,4,4,event_head_prepare,"[true, true, true, true, true]",False,"[0.170394, 0.16135, 0.092981, 0.066418, 0.508858]",-0.675587,-0.675587,True
regression,mappo,7,regression_07,1,"{""event"": [0.007352123036980629, 0.05166391283273697], ""fast"": [-0.25663208961486816, 0.14245668053627014], ""slow"": [-0.026024140417575836, 0.02289331704378128, -0.01350337266921997]}","{""event"": [0.488924, 0.511076], ""fast"": [0.401531, 0.598469], ""slow"": [0.326506, 0.342875, 0.33062]}","{""event"": 1, ""fast"": 1, ""slow"": 1}",independent_head_argmax,4,4,4,event_head_prepare,"[true, true, true, true, true]",False,"[0.16764, 0.161648, 0.095537, 0.064099, 0.511076]",-0.671237,-0.671237,True
regression,mappo,7,regression_07,2,"{""event"": [0.16573438048362732, -0.12453070282936096], ""fast"": [-0.8455907702445984, 0.741601288318634], ""slow"": [0.09686274826526642, -0.1589677333831787, 0.009133316576480865]}","{""event"": [0.572061, 0.427939], ""fast"": [0.169779, 0.830221], ""slow"": [0.371708, 0.287804, 0.340488]}","{""event"": 0, ""fast"": 1, ""slow"": 0}",independent_head_argmax,2,2,2,fast_head_vehicle_fallback,"[true, true, true, true, true]",False,"[0.164641, 0.19478, 0.176538, 0.036102, 0.427939]",-1.734219,-1.734219,True
regression,mappo,7,regression_07,3,"{""event"": [0.16384413838386536, -0.12788166105747223], ""fast"": [-0.8830111026763916, 0.7845713496208191], ""slow"": [0.10356244444847107, -0.1713741421699524, 0.023666001856327057]}","{""event"": [0.572419, 0.427581], ""fast"": [0.158747, 0.841253], ""slow"": [0.37274, 0.283141, 0.344118]}","{""event"": 0, ""fast"": 1, ""slow"": 0}",independent_head_argmax,2,2,2,fast_head_vehicle_fallback,"[true, true, true, true, true]",False,"[0.162075, 0.19698, 0.179493, 0.033871, 0.427581]",-1.71762,-1.71762,True
regression,mappo,7,regression_07,4,"{""event"": [0.1418316811323166, -0.07719962298870087], ""fast"": [-0.6760073900222778, 0.580717921257019], ""slow"": [0.06441587209701538, -0.07164762914180756, -0.01146787405014038]}","{""event"": [0.55454, 0.44546], ""fast"": [0.221538, 0.778462], ""slow"": [0.35718, 0.311742, 0.331078]}","{""event"": 0, ""fast"": 1, ""slow"": 0}",independent_head_argmax,2,2,2,fast_head_vehicle_fallback,"[true, true, true, true, true]",False,"[0.172873, 0.183596, 0.15419, 0.04388, 0.44546]",-1.869568,-1.869568,True
regression,mappo,7,regression_07,5,"{""event"": [0.1311434805393219, -0.07553309202194214], ""fast"": [-0.6937264204025269, 0.6222180128097534], ""slow"": [0.0799165740609169, -0.0948684811592102, 0.003066927194595337]}","{""event"": [0.551486, 0.448514], ""fast"": [0.211494, 0.788506], ""slow"": [0.361576, 0.303593, 0.33483]}","{""event"": 0, ""fast"": 1, ""slow"": 0}",independent_head_argmax,2,2,2,fast_head_vehicle_fallback,"[true, true, true, true, true]",False,"[0.167427, 0.184654, 0.157232, 0.042173, 0.448514]",-1.850035,-1.850035,True
regression,mappo,7,regression_07,6,"{""event"": [0.13908904790878296, -0.09213577210903168], ""fast"": [-0.8139849305152893, 0.6913002133369446], ""slow"": [0.08258217573165894, -0.11301179230213165, 0.016292378306388855]}","{""event"": [0.55755, 0.44245], ""fast"": [0.181639, 0.818361], ""slow"": [0.362555, 0.298145, 0.3393]}","{""event"": 0, ""fast"": 1, ""slow"": 0}",independent_head_argmax,2,2,2,fast_head_vehicle_fallback,"[true, true, true, true, true]",False,"[0.166231, 0.189177, 0.165425, 0.036717, 0.44245]",-1.799235,-1.799235,True
regression,mappo,7,regression_07,7,"{""event"": [0.12272220849990845, -0.0756591260433197], ""fast"": [-0.7866170406341553, 0.6727214455604553], ""slow"": [0.07600089907646179, -0.10473819077014923, 0.00883379578590393]}","{""event"": [0.549433, 0.450567], ""fast"": [0.188569, 0.811431], ""slow"": [0.361051, 0.301352, 0.337597]}","{""event"": 0, ""fast"": 1, ""slow"": 0}",independent_head_argmax,2,2,2,fast_head_vehicle_fallback,"[true, true, true, true, true]",False,"[0.165573, 0.185487, 0.160966, 0.037407, 0.450567]",-1.826559,-1.826559,True
regression,mappo,7,regression_07,8,"{""event"": [0.16134598851203918, -0.11690627038478851], ""fast"": [-0.9570602178573608, 0.8520459532737732], ""slow"": [0.12047445774078369, -0.2040305733680725, 0.0599626749753952]}","{""event"": [0.569118, 0.430882], ""fast"": [0.140746, 0.859254], ""slow"": [0.375352, 0.271336, 0.353312]}","{""event"": 0, ""fast"": 1, ""slow"": 0}",independent_head_argmax,2,2,2,fast_head_vehicle_fallback,"[true, true, true, true, true]",False,"[0.154422, 0.201076, 0.183553, 0.030066, 0.430882]",-1.695251,-1.695251,True
regression,mappo,7,regression_07,9,"{""event"": [0.14751315116882324, -0.10307218134403229], ""fast"": [-0.9371206760406494, 0.8402303457260132], ""slow"": [0.1151028424501419, -0.19727158546447754, 0.05301029980182648]}","{""event"": [0.562321, 0.437679], ""fast"": [0.144631, 0.855369], ""slow"": [0.374321, 0.273894, 0.351785]}","{""event"": 0, ""fast"": 1, ""slow"": 0}",independent_head_argmax,2,2,2,fast_head_vehicle_fallback,"[true, true, true, true, true]",False,"[0.154016, 0.197816, 0.180045, 0.030443, 0.437679]",-1.714546,-1.714546,True
regression,mappo,7,regression_07,10,"{""event"": [0.13432814180850983, -0.06663951277732849], ""fast"": [-0.8230209946632385, 0.7214579582214355], ""slow"": [0.09553094208240509, -0.131023108959198, 0.04429631680250168]}","{""event"": [0.550074, 0.449927], ""fast"": [0.175885, 0.824115], ""slow"": [0.363989, 0.2902, 0.34581]}","{""event"": 0, ""fast"": 1, ""slow"": 0}",independent_head_argmax,2,2,2,fast_head_vehicle_fallback,"[true, true, true, true, true]",False,"[0.159631, 0.190221, 0.165005, 0.035216, 0.449926]",-1.801779,-1.801779,True
regression,mappo,7,regression_07,11,"{""event"": [0.11995450407266617, -0.057349398732185364], ""fast"": [-0.7644890546798706, 0.6663720011711121], ""slow"": [0.07226943224668503, -0.10232561826705933, 0.03423120081424713]}","{""event"": [0.54421, 0.45579], ""fast"": [0.192965, 0.807035], ""slow"": [0.356828, 0.299663, 0.343509]}","{""event"": 0, ""fast"": 1, ""slow"": 0}",independent_head_argmax,2,2,2,fast_head_vehicle_fallback,"[true, true, true, true, true]",False,"[0.16308, 0.186941, 0.156718, 0.037472, 0.45579]",-1.85331,-1.85331,True
regression,mappo,7,regression_08,0,"{""event"": [-0.054295238107442856, 0.14908260107040405], ""fast"": [0.256473183631897, -0.36841630935668945], ""slow"": [-0.1354827731847763, 0.2360098958015442, -0.07412326335906982]}","{""event"": [0.44933, 0.55067], ""fast"": [0.65133, 0.34867], ""slow"": [0.284643, 0.412702, 0.302655]}","{""event"": 1, ""fast"": 0, ""slow"": 1}",independent_head_argmax,4,4,4,event_head_prepare,"[true, true, true, true, true]",False,"[0.18544, 0.135992, 0.044594, 0.083304, 0.55067]",-0.59662,-0.59662,True
regression,mappo,7,regression_08,1,"{""event"": [-0.08124160766601562, 0.19353310763835907], ""fast"": [0.3052941560745239, -0.41485297679901123], ""slow"": [-0.18575942516326904, 0.25504347681999207, -0.057774633169174194]}","{""event"": [0.431735, 0.568265], ""fast"": [0.672639, 0.327361], ""slow"": [0.270967, 0.42107, 0.307963]}","{""event"": 1, ""fast"": 0, ""slow"": 1}",independent_head_argmax,4,4,4,event_head_prepare,"[true, false, true, true, true]",False,"[0.209668, 0.0, 0.044169, 0.090756, 0.655407]",-0.422499,-0.422499,True
regression,mappo,7,regression_08,2,"{""event"": [0.05828237906098366, 0.0445207804441452], ""fast"": [-0.20995032787322998, 0.09624706208705902], ""slow"": [-0.08079756051301956, 0.15816155076026917, -0.05882939696311951]}","{""event"": [0.50344, 0.49656], ""fast"": [0.424043, 0.575957], ""slow"": [0.303754, 0.385745, 0.310501]}","{""event"": 0, ""fast"": 1, ""slow"": 1}",independent_head_argmax,0,0,0,slow_head_cache_fill,"[true, false, true, true, true]",False,"[0.230181, 0.0, 0.104395, 0.07686, 0.588563]",-1.468888,-1.468888,True
regression,mappo,7,regression_08,3,"{""event"": [-0.09983611106872559, 0.2169301062822342], ""fast"": [0.3010280132293701, -0.40718865394592285], ""slow"": [-0.18395091593265533, 0.2528930604457855, -0.03932394087314606]}","{""event"": [0.421464, 0.578536], ""fast"": [0.670007, 0.329993], ""slow"": [0.27002, 0.417942, 0.312038]}","{""event"": 1, ""fast"": 0, ""slow"": 1}",independent_head_argmax,4,4,4,event_head_prepare,"[true, false, true, true, true]",False,"[0.202821, 0.0, 0.043241, 0.087796, 0.666142]",-0.406252,-0.406252,True
regression,mappo,7,regression_08,4,"{""event"": [0.036475833505392075, 0.06535635143518448], ""fast"": [-0.24313126504421234, 0.12845566868782043], ""slow"": [-0.07131674885749817, 0.13603654503822327, -0.03501012921333313]}","{""event"": [0.49278, 0.50722], ""fast"": [0.408158, 0.591842], ""slow"": [0.306055, 0.376575, 0.317371]}","{""event"": 1, ""fast"": 1, ""slow"": 1}",independent_head_argmax,4,4,4,event_head_prepare,"[true, false, true, true, true]",False,"[0.219971, 0.0, 0.105808, 0.072969, 0.601252]",-0.508741,-0.508741,True
regression,mappo,7,regression_08,5,"{""event"": [0.029282862320542336, 0.07072141021490097], ""fast"": [-0.23857381939888, 0.12857995927333832], ""slow"": [-0.07620596140623093, 0.14253774285316467, -0.040750011801719666]}","{""event"": [0.489642, 0.510358], ""fast"": [0.409229, 0.590771], ""slow"": [0.304822, 0.379355, 0.315824]}","{""event"": 1, ""fast"": 1, ""slow"": 1}",independent_head_argmax,4,4,4,event_head_prepare,"[true, false, true, true, true]",False,"[0.219726, 0.0, 0.104304, 0.072252, 0.603717]",-0.504649,-0.504649,True
regression,mappo,7,regression_08,6,"{""event"": [-0.0826885849237442, 0.18207292258739471], ""fast"": [0.16273291409015656, -0.26685893535614014], ""slow"": [-0.10998030751943588, 0.18616369366645813, -0.02376788854598999]}","{""event"": [0.434194, 0.565806], ""fast"": [0.605776, 0.394224], ""slow"": [0.291146, 0.391494, 0.31736]}","{""event"": 1, ""fast"": 0, ""slow"": 1}",independent_head_argmax,4,4,4,event_head_prepare,"[true, true, true, true, true]",False,"[0.169984, 0.137796, 0.049835, 0.076578, 0.565806]",-0.569503,-0.569503,True
regression,mappo,7,regression_08,7,"{""event"": [0.03732495754957199, 0.03736788034439087], ""fast"": [-0.32212167978286743, 0.22296001017093658], ""slow"": [-0.024872612208127975, 0.0941237285733223, -0.04122385382652283]}","{""event"": [0.499989, 0.500011], ""fast"": [0.367006, 0.632994], ""slow"": [0.321528, 0.362158, 0.316314]}","{""event"": 1, ""fast"": 1, ""slow"": 1}",independent_head_argmax,4,4,4,event_head_prepare,"[true, true, true, true, true]",False,"[0.181075, 0.158153, 0.10176, 0.059, 0.500011]",-0.693126,-0.693126,True
regression,mappo,7,regression_08,8,"{""event"": [-0.10109030455350876, 0.21767044067382812], ""fast"": [0.26043474674224854, -0.37238752841949463], ""slow"": [-0.17862068116664886, 0.23535719513893127, -0.013554304838180542]}","{""event"": [0.420978, 0.579022], ""fast"": [0.653129, 0.346871], ""slow"": [0.270834, 0.409724, 0.319441]}","{""event"": 1, ""fast"": 0, ""slow"": 1}",independent_head_argmax,4,4,4,event_head_prepare,"[true, false, true, true, true]",False,"[0.199284, 0.0, 0.045693, 0.086037, 0.668986]",-0.401992,-0.401992,True
regression,mappo,7,regression_09,0,"{""event"": [-0.02305695042014122, 0.11704951524734497], ""fast"": [0.11292071640491486, -0.22750605642795563], ""slow"": [-0.10203924775123596, 0.17459604144096375, -0.06273043155670166]}","{""event"": [0.465031, 0.534969], ""fast"": [0.584294, 0.415706], ""slow"": [0.297727, 0.392609, 0.309664]}","{""event"": 1, ""fast"": 0, ""slow"": 1}",independent_head_argmax,4,4,4,event_head_prepare,"[true, true, true, true, true]",False,"[0.182575, 0.144003, 0.057555, 0.080897, 0.534969]",-0.625546,-0.625546,True
regression,mappo,7,regression_09,1,"{""event"": [-0.040930476039648056, 0.15392674505710602], ""fast"": [0.16045360267162323, -0.27794766426086426], ""slow"": [-0.1557895392179489, 0.20649245381355286, -0.04268345236778259]}","{""event"": [0.451439, 0.548561], ""fast"": [0.607878, 0.392122], ""slow"": [0.281187, 0.403954, 0.314859]}","{""event"": 1, ""fast"": 0, ""slow"": 1}",independent_head_argmax,4,4,4,event_head_prepare,"[true, false, true, true, true]",False,"[0.212576, 0.0, 0.058023, 0.089949, 0.639452]",-0.447143,-0.447143,True
regression,mappo,7,regression_09,2,"{""event"": [-0.03516875579953194, 0.1281244307756424], ""fast"": [0.11753560602664948, -0.2330983728170395], ""slow"": [-0.1031753197312355, 0.17579957842826843, -0.04824836552143097]}","{""event"": [0.459267, 0.540733], ""fast"": [0.586771, 0.413229], ""slow"": [0.296012, 0.391261, 0.312726]}","{""event"": 1, ""fast"": 0, ""slow"": 1}",independent_head_argmax,4,4,4,event_head_prepare,"[true, true, true, true, true]",False,"[0.179694, 0.143625, 0.056178, 0.079771, 0.540733]",-0.61483,-0.61483,True
regression,mappo,7,regression_09,3,"{""event"": [-0.05506158992648125, 0.16711704432964325], ""fast"": [0.17292259633541107, -0.2900223135948181], ""slow"": [-0.1586916744709015, 0.20891794562339783, -0.03059178590774536]}","{""event"": [0.444683, 0.555317], ""fast"": [0.613713, 0.386287], ""slow"": [0.279256, 0.403323, 0.317421]}","{""event"": 1, ""fast"": 0, ""slow"": 1}",independent_head_argmax,4,4,4,event_head_prepare,"[true, false, true, true, true]",False,"[0.208827, 0.0, 0.055853, 0.088736, 0.646584]",-0.436053,-0.436053,True
regression,mappo,7,regression_09,4,"{""event"": [-0.03629375621676445, 0.1284710168838501], ""fast"": [0.00791652500629425, -0.12029996514320374], ""slow"": [-0.07877729088068008, 0.13209888339042664, -0.023122325539588928]}","{""event"": [0.458902, 0.541098], ""fast"": [0.53201, 0.46799], ""slow"": [0.303767, 0.37508, 0.321153]}","{""event"": 1, ""fast"": 0, ""slow"": 1}",independent_head_argmax,4,4,4,event_head_prepare,"[true, true, true, true, true]",False,"[0.172125, 0.147378, 0.065237, 0.074162, 0.541098]",-0.614154,-0.614154,True
regression,mappo,7,regression_09,5,"{""event"": [-0.05126384273171425, 0.16419826447963715], ""fast"": [0.06958816945552826, -0.1872224360704422], ""slow"": [-0.13885366916656494, 0.17612072825431824, -0.004519641399383545]}","{""event"": [0.446342, 0.553658], ""fast"": [0.563852, 0.436148], ""slow"": [0.284576, 0.389933, 0.325491]}","{""event"": 1, ""fast"": 0, ""slow"": 1}",independent_head_argmax,4,4,4,event_head_prepare,"[true, false, true, true, true]",False,"[0.203626, 0.0, 0.064815, 0.083793, 0.647766]",-0.434226,-0.434226,True
regression,mappo,7,regression_09,6,"{""event"": [-0.050835657864809036, 0.16496801376342773], ""fast"": [0.06643025577068329, -0.18534910678863525], ""slow"": [-0.133755162358284, 0.1659577488899231, 0.006900385022163391]}","{""event"": [0.446257, 0.553742], ""fast"": [0.562614, 0.437386], ""slow"": [0.285673, 0.385508, 0.328818]}","{""event"": 1, ""fast"": 0, ""slow"": 1}",independent_head_argmax,4,4,4,event_head_prepare,"[true, false, true, true, true]",False,"[0.201621, 0.0, 0.065349, 0.084059, 0.648971]",-0.432367,-0.432367,True
regression,mappo,7,regression_09,7,"{""event"": [-0.0592375174164772, 0.1703805774450302], ""fast"": [0.04732498526573181, -0.16143052279949188], ""slow"": [-0.13443788886070251, 0.16362786293029785, 0.011445671319961548]}","{""event"": [0.442846, 0.557154], ""fast"": [0.552, 0.448], ""slow"": [0.285363, 0.384455, 0.330182]}","{""event"": 1, ""fast"": 0, ""slow"": 1}",independent_head_argmax,4,4,4,event_head_prepare,"[true, false, true, true, true]",False,"[0.199413, 0.0, 0.06631, 0.081704, 0.652573]",-0.426832,-0.426832,True
regression,mappo,7,regression_09,8,"{""event"": [-0.04411746561527252, 0.1653253436088562], ""fast"": [-0.1017071008682251, -0.03168328106403351], ""slow"": [-0.10540249943733215, 0.1216978207230568, 0.03473933786153793]}","{""event"": [0.44783, 0.55217], ""fast"": [0.482501, 0.517499], ""slow"": [0.293652, 0.36852, 0.337828]}","{""event"": 1, ""fast"": 1, ""slow"": 1}",independent_head_argmax,4,4,4,event_head_prepare,"[true, false, true, true, true]",False,"[0.194453, 0.0, 0.080185, 0.074763, 0.650599]",-0.429862,-0.429862,True
regression,mappo,7,regression_10,0,"{""event"": [0.009949417784810066, 0.08593590557575226], ""fast"": [-0.02065102756023407, -0.1087864488363266], ""slow"": [-0.09175660461187363, 0.17158663272857666, -0.08586481213569641]}","{""event"": [0.481013, 0.518987], ""fast"": [0.52202, 0.47798], ""slow"": [0.302372, 0.393469, 0.304159]}","{""event"": 1, ""fast"": 0, ""slow"": 1}",independent_head_argmax,4,4,4,event_head_prepare,"[true, true, true, true, true]",False,"[0.189263, 0.146304, 0.06952, 0.075925, 0.518988]",-0.655875,-0.655875,True
regression,mappo,7,regression_10,1,"{""event"": [-0.015408942475914955, 0.129932701587677], ""fast"": [0.014147147536277771, -0.1408073753118515], ""slow"": [-0.14173048734664917, 0.18990370631217957, -0.06133471429347992]}","{""event"": [0.463728, 0.536272], ""fast"": [0.538661, 0.461339], ""slow"": [0.287608, 0.400707, 0.311685]}","{""event"": 1, ""fast"": 0, ""slow"": 1}",independent_head_argmax,4,4,4,event_head_prepare,"[true, false, true, true, true]",False,"[0.217215, 0.0, 0.071925, 0.083981, 0.626879]",-0.467002,-0.467002,True
regression,mappo,7,regression_10,2,"{""event"": [0.13246087729930878, -0.032992884516716], ""fast"": [-0.5876671671867371, 0.4493139386177063], ""slow"": [-0.016338743269443512, 0.06254544109106064, -0.041020721197128296]}","{""event"": [0.541269, 0.458731], ""fast"": [0.261733, 0.738267], ""slow"": [0.327043, 0.353887, 0.31907]}","{""event"": 0, ""fast"": 1, ""slow"": 1}",independent_head_argmax,0,0,0,slow_head_cache_fill,"[true, false, true, true, true]",False,"[0.231535, 0.0, 0.157969, 0.056004, 0.554493]",-1.463025,-1.463025,True
regression,mappo,7,regression_10,3,"{""event"": [-0.0420735664665699, 0.16367541253566742], ""fast"": [0.03085888922214508, -0.14995144307613373], ""slow"": [-0.1418212354183197, 0.1909315586090088, -0.04143683612346649]}","{""event"": [0.448743, 0.551257], ""fast"": [0.54508, 0.45492], ""slow"": [0.285682, 0.39847, 0.315849]}","{""event"": 1, ""fast"": 0, ""slow"": 1}",independent_head_argmax,4,4,4,event_head_prepare,"[true, false, true, true, true]",False,"[0.20834, 0.0, 0.067951, 0.081418, 0.642292]",-0.442713,-0.442713,True
regression,mappo,7,regression_10,4,"{""event"": [-0.03464455157518387, 0.13457617163658142], ""fast"": [-0.0688042938709259, -0.04806391894817352], ""slow"": [-0.08022476732730865, 0.13619482517242432, -0.03947862982749939]}","{""event"": [0.457796, 0.542204], ""fast"": [0.494815, 0.505185], ""slow"": [0.30458, 0.378174, 0.317247]}","{""event"": 1, ""fast"": 1, ""slow"": 1}",independent_head_argmax,4,4,4,event_head_prepare,"[true, true, true, true, true]",False,"[0.173126, 0.145234, 0.070441, 0.068995, 0.542204]",-0.612112,-0.612112,True
regression,mappo,7,regression_11,0,"{""event"": [-0.037292297929525375, 0.11323912441730499], ""fast"": [0.07130539417266846, -0.17639777064323425], ""slow"": [-0.085098497569561, 0.13016238808631897, -0.04196694493293762]}","{""event"": [0.462438, 0.537562], ""fast"": [0.561611, 0.438389], ""slow"": [0.304483, 0.377615, 0.317903]}","{""event"": 1, ""fast"": 0, ""slow"": 1}",independent_head_argmax,4,4,4,event_head_prepare,"[true, true, true, true, true]",False,"[0.174623, 0.14701, 0.061727, 0.079077, 0.537562]",-0.620711,-0.620711,True
regression,mappo,7,regression_11,1,"{""event"": [0.05583900585770607, 0.040748998522758484], ""fast"": [-0.21814489364624023, 0.10950922966003418], ""slow"": [-0.07802633941173553, 0.13838675618171692, -0.06495502591133118]}","{""event"": [0.503772, 0.496228], ""fast"": [0.418812, 0.581188], ""slow"": [0.307241, 0.381475, 0.311284]}","{""event"": 0, ""fast"": 1, ""slow"": 1}",independent_head_argmax,0,0,0,slow_head_cache_fill,"[true, false, true, true, true]",False,"[0.227918, 0.0, 0.106686, 0.076879, 0.588516]",-1.47877,-1.47877,True
regression,mappo,7,regression_11,2,"{""event"": [-0.08662666380405426, 0.191441610455513], ""fast"": [0.20803646743297577, -0.32972443103790283], ""slow"": [-0.15999607741832733, 0.20061013102531433, -0.0224573016166687]}","{""event"": [0.430927, 0.569073], ""fast"": [0.631291, 0.368709], ""slow"": [0.279201, 0.40043, 0.320368]}","{""event"": 1, ""fast"": 0, ""slow"": 1}",independent_head_argmax,4,4,4,event_head_prepare,"[true, false, true, true, true]",False,"[0.200194, 0.0, 0.051467, 0.08812, 0.66022]",-0.415183,-0.415183,True
regression,mappo,7,regression_11,3,"{""event"": [-0.10359761118888855, 0.2058122754096985], ""fast"": [0.2057344764471054, -0.3182949423789978], ""slow"": [-0.1624719202518463, 0.19870880246162415, -0.015391141176223755]}","{""event"": [0.423259, 0.576741], ""fast"": [0.62809, 0.371911], ""slow"": [0.278283, 0.399342, 0.322376]}","{""event"": 1, ""fast"": 0, ""slow"": 1}",independent_head_argmax,4,4,4,event_head_prepare,"[true, false, true, true, true]",False,"[0.195732, 0.0, 0.050727, 0.085669, 0.667871]",-0.40366,-0.40366,True
regression,mappo,7,regression_11,4,"{""event"": [0.02781473845243454, 0.07354788482189178], ""fast"": [-0.24374857544898987, 0.13056586682796478], ""slow"": [-0.07025816291570663, 0.11304283887147903, -0.019808515906333923]}","{""event"": [0.488569, 0.511431], ""fast"": [0.407499, 0.592501], ""slow"": [0.307416, 0.369261, 0.323323]}","{""event"": 1, ""fast"": 1, ""slow"": 1}",independent_head_argmax,4,4,4,event_head_prepare,"[true, false, true, true, true]",False,"[0.214254, 0.0, 0.105685, 0.072686, 0.607376]",-0.498608,-0.498608,True
regression,mappo,7,regression_11,5,"{""event"": [0.020558252930641174, 0.07906658947467804], ""fast"": [-0.2395070493221283, 0.1307944357395172], ""slow"": [-0.07531094551086426, 0.11930883675813675, -0.02572973072528839]}","{""event"": [0.485377, 0.514623], ""fast"": [0.408468, 0.591532], ""slow"": [0.306215, 0.372005, 0.32178]}","{""event"": 1, ""fast"": 1, ""slow"": 1}",independent_head_argmax,4,4,4,event_head_prepare,"[true, false, true, true, true]",False,"[0.213984, 0.0, 0.104192, 0.071948, 0.609876]",-0.494499,-0.494499,True
regression,mappo,7,regression_11,6,"{""event"": [-0.11974439024925232, 0.23594053089618683], ""fast"": [0.3204094171524048, -0.44181525707244873], ""slow"": [-0.18657304346561432, 0.24305883049964905, -0.016537845134735107]}","{""event"": [0.412005, 0.587995], ""fast"": [0.681837, 0.318163], ""slow"": [0.26867, 0.412863, 0.318467]}","{""event"": 1, ""fast"": 0, ""slow"": 1}",independent_head_argmax,4,4,4,event_head_prepare,"[true, false, true, true, true]",False,"[0.195791, 0.0, 0.040537, 0.086873, 0.676798]",-0.390382,-0.390382,True
frozen_check,mappo,7,frozen_check_00,0,"{""event"": [-0.054003018885850906, 0.14892616868019104], ""fast"": [0.25744467973709106, -0.3698132634162903], ""slow"": [-0.13563793897628784, 0.2362254559993744, -0.074257493019104]}","{""event"": [0.449441, 0.550559], ""fast"": [0.651867, 0.348133], ""slow"": [0.284597, 0.41279, 0.302613]}","{""event"": 1, ""fast"": 0, ""slow"": 1}",independent_head_argmax,4,4,4,event_head_prepare,"[true, true, true, true, true]",False,"[0.185525, 0.136007, 0.04453, 0.08338, 0.550559]",-0.596821,-0.596821,True
frozen_check,mappo,7,frozen_check_00,1,"{""event"": [-0.07283157110214233, 0.18384382128715515], ""fast"": [0.27711111307144165, -0.3901234269142151], ""slow"": [-0.18203260004520416, 0.25072455406188965, -0.05339707434177399]}","{""event"": [0.436181, 0.563819], ""fast"": [0.660884, 0.339116], ""slow"": [0.271829, 0.419026, 0.309145]}","{""event"": 1, ""fast"": 0, ""slow"": 1}",independent_head_argmax,4,4,4,event_head_prepare,"[true, false, true, true, true]",False,"[0.211258, 0.0, 0.046475, 0.090572, 0.651696]",-0.428178,-0.428178,True
frozen_check,mappo,7,frozen_check_00,2,"{""event"": [0.06287486106157303, 0.04348447173833847], ""fast"": [-0.24088521301746368, 0.12228123098611832], ""slow"": [-0.07326453179121017, 0.15020951628684998, -0.059168726205825806]}","{""event"": [0.504847, 0.495153], ""fast"": [0.410193, 0.589807], ""slow"": [0.306315, 0.383021, 0.310664]}","{""event"": 0, ""fast"": 1, ""slow"": 1}",independent_head_argmax,0,0,0,slow_head_cache_fill,"[true, false, true, true, true]",False,"[0.229336, 0.0, 0.108175, 0.075233, 0.587257]",-1.472569,-1.472569,True
frozen_check,mappo,7,frozen_check_00,3,"{""event"": [-0.09273306280374527, 0.20988987386226654], ""fast"": [0.29305922985076904, -0.40264689922332764], ""slow"": [-0.18319007754325867, 0.25421181321144104, -0.04167759418487549]}","{""event"": [0.424916, 0.575084], ""fast"": [0.667235, 0.332765], ""slow"": [0.27022, 0.418483, 0.311297]}","{""event"": 1, ""fast"": 0, ""slow"": 1}",independent_head_argmax,4,4,4,event_head_prepare,"[true, false, true, true, true]",False,"[0.204927, 0.0, 0.044033, 0.088291, 0.662749]",-0.411359,-0.411359,True
frozen_check,mappo,7,frozen_check_00,4,"{""event"": [-0.07190750539302826, 0.165228933095932], ""fast"": [0.1505347043275833, -0.25749242305755615], ""slow"": [-0.11118333041667938, 0.1892571747303009, -0.028475776314735413]}","{""event"": [0.440992, 0.559008], ""fast"": [0.600615, 0.399385], ""slow"": [0.290979, 0.392953, 0.316068]}","{""event"": 1, ""fast"": 0, ""slow"": 1}",independent_head_argmax,4,4,4,event_head_prepare,"[true, true, true, true, true]",False,"[0.173289, 0.139384, 0.051249, 0.07707, 0.559008]",-0.581592,-0.581592,True
frozen_check,mappo,7,frozen_check_00,5,"{""event"": [0.024270297959446907, 0.05500279366970062], ""fast"": [-0.20101827383041382, 0.10446169227361679], ""slow"": [-0.04212615638971329, 0.1341916024684906, -0.06134547293186188]}","{""event"": [0.492317, 0.507683], ""fast"": [0.424218, 0.575782], ""slow"": [0.315082, 0.375835, 0.309084]}","{""event"": 1, ""fast"": 1, ""slow"": 1}",independent_head_argmax,4,4,4,event_head_prepare,"[true, true, true, true, true]",False,"[0.18503, 0.152167, 0.089315, 0.065805, 0.507683]",-0.677899,-0.677899,True
frozen_check,mappo,7,frozen_check_00,6,"{""event"": [-0.0892779529094696, 0.1864282786846161], ""fast"": [0.21318422257900238, -0.31201255321502686], ""slow"": [-0.12023690342903137, 0.19849935173988342, -0.027655959129333496]}","{""event"": [0.431507, 0.568493], ""fast"": [0.628362, 0.371638], ""slow"": [0.287986, 0.396093, 0.315921]}","{""event"": 1, ""fast"": 0, ""slow"": 1}",independent_head_argmax,4,4,4,event_head_prepare,"[true, true, true, true, true]",False,"[0.170917, 0.136322, 0.046183, 0.078085, 0.568493]",-0.564766,-0.564766,True
frozen_check,mappo,7,frozen_check_00,7,"{""event"": [0.03646189346909523, 0.03849843144416809], ""fast"": [-0.3199760913848877, 0.22071367502212524], ""slow"": [-0.024929389357566833, 0.09373534470796585, -0.040035396814346313]}","{""event"": [0.499491, 0.500509], ""fast"": [0.368027, 0.631973], ""slow"": [0.32144, 0.361939, 0.316621]}","{""event"": 1, ""fast"": 1, ""slow"": 1}",independent_head_argmax,4,4,4,event_head_prepare,"[true, true, true, true, true]",False,"[0.180785, 0.158149, 0.101467, 0.059089, 0.500509]",-0.692129,-0.692129,True
frozen_check,mappo,7,frozen_check_00,8,"{""event"": [-0.10172278434038162, 0.2183952033519745], ""fast"": [0.2623138427734375, -0.3743371367454529], ""slow"": [-0.17865882813930511, 0.23509672284126282, -0.012601703405380249]}","{""event"": [0.420647, 0.579353], ""fast"": [0.653996, 0.346004], ""slow"": [0.270773, 0.409541, 0.319686]}","{""event"": 1, ""fast"": 0, ""slow"": 1}",independent_head_argmax,4,4,4,event_head_prepare,"[true, false, true, true, true]",False,"[0.199038, 0.0, 0.045533, 0.086063, 0.669366]",-0.401424,-0.401424,True
frozen_check,mappo,7,frozen_check_01,0,"{""event"": [-0.02305695042014122, 0.11704951524734497], ""fast"": [0.11292071640491486, -0.22750605642795563], ""slow"": [-0.10203924775123596, 0.17459604144096375, -0.06273043155670166]}","{""event"": [0.465031, 0.534969], ""fast"": [0.584294, 0.415706], ""slow"": [0.297727, 0.392609, 0.309664]}","{""event"": 1, ""fast"": 0, ""slow"": 1}",independent_head_argmax,4,4,4,event_head_prepare,"[true, true, true, true, true]",False,"[0.182575, 0.144003, 0.057555, 0.080897, 0.534969]",-0.625546,-0.625546,True
frozen_check,mappo,7,frozen_check_01,1,"{""event"": [-0.04535260796546936, 0.15935175120830536], ""fast"": [0.17796830832958221, -0.29413896799087524], ""slow"": [-0.157882958650589, 0.2089417576789856, -0.04431968927383423]}","{""event"": [0.449002, 0.550998], ""fast"": [0.615882, 0.384118], ""slow"": [0.28063, 0.40499, 0.31438]}","{""event"": 1, ""fast"": 0, ""slow"": 1}",independent_head_argmax,4,4,4,event_head_prepare,"[true, false, true, true, true]",False,"[0.211728, 0.0, 0.056355, 0.090358, 0.641559]",-0.443855,-0.443855,True
frozen_check,mappo,7,frozen_check_01,2,"{""event"": [-0.03566184267401695, 0.1279703676700592], ""fast"": [0.10579347610473633, -0.22178535163402557], ""slow"": [-0.10088218003511429, 0.1711292266845703, -0.042144984006881714]}","{""event"": [0.459183, 0.540817], ""fast"": [0.58117, 0.41883], ""slow"": [0.296463, 0.389138, 0.314398]}","{""event"": 1, ""fast"": 0, ""slow"": 1}",independent_head_argmax,4,4,4,event_head_prepare,"[true, true, true, true, true]",False,"[0.178686, 0.144366, 0.057016, 0.079115, 0.540817]",-0.614674,-0.614674,True
frozen_check,mappo,7,frozen_check_01,3,"{""event"": [-0.0607556588947773, 0.1775774210691452], ""fast"": [0.14144833385944366, -0.2543278932571411], ""slow"": [-0.1494961380958557, 0.19475272297859192, -0.025254741311073303]}","{""event"": [0.440697, 0.559303], ""fast"": [0.597672, 0.402328], ""slow"": [0.282229, 0.398206, 0.319565]}","{""event"": 1, ""fast"": 0, ""slow"": 1}",independent_head_argmax,4,4,4,event_head_prepare,"[true, false, true, true, true]",False,"[0.204253, 0.0, 0.058243, 0.086522, 0.650981]",-0.429274,-0.429274,True
frozen_check,mappo,7,frozen_check_01,4,"{""event"": [-0.020646095275878906, 0.1116034984588623], ""fast"": [-0.16472916305065155, 0.04444030672311783], ""slow"": [-0.04148530215024948, 0.0762024000287056, 0.012285783886909485]}","{""event"": [0.466986, 0.533014], ""fast"": [0.447897, 0.552103], ""slow"": [0.314452, 0.353725, 0.331823]}","{""event"": 1, ""fast"": 1, ""slow"": 1}",independent_head_argmax,4,4,4,event_head_prepare,"[true, true, true, true, true]",False,"[0.165184, 0.154957, 0.081073, 0.065771, 0.533014]",-0.629207,-0.629207,True
frozen_check,mappo,7,frozen_check_01,5,"{""event"": [-0.04834457114338875, 0.15811175107955933], ""fast"": [0.015093423426151276, -0.1344071626663208], ""slow"": [-0.13033315539360046, 0.15904965996742249, 0.013655602931976318]}","{""event"": [0.448568, 0.551432], ""fast"": [0.537306, 0.462694], ""slow"": [0.286494, 0.382642, 0.330864]}","{""event"": 1, ""fast"": 0, ""slow"": 1}",independent_head_argmax,4,4,4,event_head_prepare,"[true, false, true, true, true]",False,"[0.201555, 0.0, 0.069825, 0.081084, 0.647536]",-0.434582,-0.434582,True
frozen_check,mappo,7,frozen_check_01,6,"{""event"": [-0.04612031206488609, 0.16115108132362366], ""fast"": [-0.026418060064315796, -0.10211022198200226], ""slow"": [-0.12238692492246628, 0.14448264241218567, 0.025940656661987305]}","{""event"": [0.448367, 0.551633], ""fast"": [0.518914, 0.481086], ""slow"": [0.288537, 0.376792, 0.334672]}","{""event"": 1, ""fast"": 0, ""slow"": 1}",independent_head_argmax,4,4,4,event_head_prepare,"[true, false, true, true, true]",False,"[0.198767, 0.0, 0.073226, 0.078984, 0.649023]",-0.432288,-0.432288,True
frozen_check,mappo,7,frozen_check_02,0,"{""event"": [0.014371313154697418, 0.08030301332473755], ""fast"": [-0.04194517433643341, -0.08982245624065399], ""slow"": [-0.08860962092876434, 0.1668740212917328, -0.08150854706764221]}","{""event"": [0.483523, 0.516477], ""fast"": [0.511967, 0.488033], ""slow"": [0.303195, 0.39145, 0.305355]}","{""event"": 1, ""fast"": 0, ""slow"": 1}",independent_head_argmax,4,4,4,event_head_prepare,"[true, true, true, true, true]",False,"[0.189275, 0.147646, 0.071546, 0.075055, 0.516477]",-0.660725,-0.660725,True
frozen_check,mappo,7,frozen_check_02,1,"{""event"": [-0.023336749523878098, 0.13964881002902985], ""fast"": [0.04877151548862457, -0.17180423438549042], ""slow"": [-0.14666327834129333, 0.19666847586631775, -0.06849312782287598]}","{""event"": [0.459344, 0.540656], ""fast"": [0.554921, 0.445079], ""slow"": [0.286456, 0.403798, 0.309746]}","{""event"": 1, ""fast"": 0, ""slow"": 1}",independent_head_argmax,4,4,4,event_head_prepare,"[true, false, true, true, true]",False,"[0.21625, 0.0, 0.068279, 0.08513, 0.630341]",-0.461494,-0.461494,True
frozen_check,mappo,7,frozen_check_02,2,"{""event"": [0.11133955419063568, -0.006978929042816162], ""fast"": [-0.4576658010482788, 0.3316107392311096], ""slow"": [-0.04024060443043709, 0.09597335010766983, -0.06906653940677643]}","{""event"": [0.529545, 0.470455], ""fast"": [0.312324, 0.687676], ""slow"": [0.320769, 0.367577, 0.311654]}","{""event"": 0, ""fast"": 1, ""slow"": 1}",independent_head_argmax,0,0,0,slow_head_cache_fill,"[true, false, true, true, true]",False,"[0.233122, 0.0, 0.139898, 0.063538, 0.563443]",-1.456193,-1.456193,True
frozen_check,mappo,7,frozen_check_02,3,"{""event"": [0.09602393954992294, -0.01852881908416748], ""fast"": [-0.4962860345840454, 0.37966591119766235], ""slow"": [0.0022542625665664673, 0.06758099049329758, -0.07567046582698822]}","{""event"": [0.528607, 0.471393], ""fast"": [0.294017, 0.705983], ""slow"": [0.334164, 0.356723, 0.309113]}","{""event"": 0, ""fast"": 1, ""slow"": 1}",independent_head_argmax,0,0,0,slow_head_cache_fill,"[true, true, true, true, true]",False,"[0.188566, 0.163399, 0.124706, 0.051936, 0.471393]",-1.668307,-1.668307,True
frozen_check,mappo,7,frozen_check_02,4,"{""event"": [-0.0075779929757118225, 0.10299429297447205], ""fast"": [-0.231611430644989, 0.09833811223506927], ""slow"": [-0.053860507905483246, 0.09766242653131485, -0.012861087918281555]}","{""event"": [0.472385, 0.527615], ""fast"": [0.418253, 0.581747], ""slow"": [0.311968, 0.363008, 0.325024]}","{""event"": 1, ""fast"": 1, ""slow"": 1}",independent_head_argmax,4,4,4,event_head_prepare,"[true, true, true, true, true]",False,"[0.171479, 0.153537, 0.085732, 0.061638, 0.527615]",-0.639389,-0.639389,True
frozen_check,mappo,7,frozen_check_03,0,"{""event"": [-0.03609701991081238, 0.11012604087591171], ""fast"": [0.06157214939594269, -0.16069342195987701], ""slow"": [-0.0771118625998497, 0.12008223682641983, -0.0366499125957489]}","{""event"": [0.463509, 0.536491], ""fast"": [0.555339, 0.444661], ""slow"": [0.306817, 0.373697, 0.319486]}","{""event"": 1, ""fast"": 0, ""slow"": 1}",independent_head_argmax,4,4,4,event_head_prepare,"[true, true, true, true, true]",False,"[0.173212, 0.148085, 0.063236, 0.078976, 0.536491]",-0.622706,-0.622706,True
frozen_check,mappo,7,frozen_check_03,1,"{""event"": [0.058031048625707626, 0.039027802646160126], ""fast"": [-0.2134418487548828, 0.10336001962423325], ""slow"": [-0.07884759455919266, 0.1405978798866272, -0.06792309880256653]}","{""event"": [0.504751, 0.495249], ""fast"": [0.421455, 0.578545], ""slow"": [0.30709, 0.382446, 0.310464]}","{""event"": 0, ""fast"": 1, ""slow"": 1}",independent_head_argmax,0,0,0,slow_head_cache_fill,"[true, false, true, true, true]",False,"[0.228912, 0.0, 0.106341, 0.077467, 0.58728]",-1.474418,-1.474418,True
frozen_check,mappo,7,frozen_check_03,2,"{""event"": [-0.08269667625427246, 0.18813568353652954], ""fast"": [0.21306835114955902, -0.3370380401611328], ""slow"": [-0.16096356511116028, 0.20401492714881897, -0.027111947536468506]}","{""event"": [0.432703, 0.567297], ""fast"": [0.63416, 0.36584], ""slow"": [0.279041, 0.401953, 0.319006]}","{""event"": 1, ""fast"": 0, ""slow"": 1}",independent_head_argmax,4,4,4,event_head_prepare,"[true, false, true, true, true]",False,"[0.201779, 0.0, 0.051246, 0.088831, 0.658144]",-0.418332,-0.418332,True
frozen_check,mappo,7,frozen_check_03,3,"{""event"": [-0.09827253222465515, 0.20123796164989471], ""fast"": [0.2116687148809433, -0.32711052894592285], ""slow"": [-0.16380161046981812, 0.2035166323184967, -0.02208399772644043]}","{""event"": [0.425677, 0.574323], ""fast"": [0.631528, 0.368472], ""slow"": [0.278078, 0.401505, 0.320416]}","{""event"": 1, ""fast"": 0, ""slow"": 1}",independent_head_argmax,4,4,4,event_head_prepare,"[true, false, true, true, true]",False,"[0.197905, 0.0, 0.050505, 0.086561, 0.665029]",-0.407925,-0.407925,True
frozen_check,mappo,7,frozen_check_03,4,"{""event"": [-0.09238921105861664, 0.204613596200943], ""fast"": [0.23616276681423187, -0.343558132648468], ""slow"": [-0.16293741762638092, 0.20030304789543152, -0.004648163914680481]}","{""event"": [0.42629, 0.57371], ""fast"": [0.641003, 0.358997], ""slow"": [0.277048, 0.398389, 0.324563]}","{""event"": 1, ""fast"": 0, ""slow"": 1}",independent_head_argmax,4,4,4,event_head_prepare,"[true, false, true, true, true]",False,"[0.1971, 0.0, 0.049207, 0.08786, 0.665833]",-0.406716,-0.406716,True
frozen_check,mappo,7,frozen_check_03,5,"{""event"": [-0.09267116338014603, 0.20815807580947876], ""fast"": [0.11926896870136261, -0.2352113574743271], ""slow"": [-0.14961689710617065, 0.17623960971832275, 0.013109579682350159]}","{""event"": [0.425355, 0.574645], ""fast"": [0.587704, 0.412296], ""slow"": [0.280747, 0.388895, 0.330359]}","{""event"": 1, ""fast"": 0, ""slow"": 1}",independent_head_argmax,4,4,4,event_head_prepare,"[true, false, true, true, true]",False,"[0.192463, 0.0, 0.057285, 0.081656, 0.668596]",-0.402575,-0.402575,True
frozen_check,mappo,7,frozen_check_04,0,"{""event"": [-0.012915119528770447, 0.09599357098340988], ""fast"": [0.0010740458965301514, -0.12409299612045288], ""slow"": [-0.09919477999210358, 0.17495378851890564, -0.07086431980133057]}","{""event"": [0.4728, 0.5272], ""fast"": [0.531251, 0.468749], ""slow"": [0.29903, 0.393347, 0.307623]}","{""event"": 1, ""fast"": 0, ""slow"": 1}",independent_head_argmax,4,4,4,event_head_prepare,"[true, true, true, true, true]",False,"[0.185974, 0.145444, 0.066272, 0.075109, 0.5272]",-0.640175,-0.640175,True
frozen_check,mappo,7,frozen_check_04,1,"{""event"": [0.07586786150932312, 0.018539518117904663], ""fast"": [-0.34403127431869507, 0.23255029320716858], ""slow"": [-0.06863696873188019, 0.13439351320266724, -0.0941014289855957]}","{""event"": [0.514328, 0.485672], ""fast"": [0.35972, 0.64028], ""slow"": [0.312503, 0.382851, 0.304646]}","{""event"": 0, ""fast"": 1, ""slow"": 1}",independent_head_argmax,0,0,0,slow_head_cache_fill,"[true, false, true, true, true]",False,"[0.233497, 0.0, 0.122033, 0.06856, 0.57591]",-1.454586,-1.454586,True
frozen_check,mappo,7,frozen_check_04,2,"{""event"": [-0.05936679616570473, 0.1745576411485672], ""fast"": [0.13659943640232086, -0.2520509362220764], ""slow"": [-0.1586115062236786, 0.2153664529323578, -0.05814535915851593]}","{""event"": [0.441784, 0.558216], ""fast"": [0.595958, 0.404042], ""slow"": [0.280963, 0.408381, 0.310657]}","{""event"": 1, ""fast"": 0, ""slow"": 1}",independent_head_argmax,4,4,4,event_head_prepare,"[true, false, true, true, true]",False,"[0.209116, 0.0, 0.05813, 0.08574, 0.647014]",-0.435387,-0.435387,True
frozen_check,mappo,7,frozen_check_04,3,"{""event"": [-0.07349509000778198, 0.18638205528259277], ""fast"": [0.13507606089115143, -0.2432788759469986], ""slow"": [-0.1619458794593811, 0.21555715799331665, -0.053239092230796814]}","{""event"": [0.435394, 0.564606], ""fast"": [0.593476, 0.406524], ""slow"": [0.27984, 0.408185, 0.311975]}","{""event"": 1, ""fast"": 0, ""slow"": 1}",independent_head_argmax,4,4,4,event_head_prepare,"[true, false, true, true, true]",False,"[0.205656, 0.0, 0.057316, 0.083675, 0.653352]",-0.425639,-0.425639,True
frozen_check,mappo,7,frozen_check_04,4,"{""event"": [0.07627111673355103, -0.009275481104850769], ""fast"": [-0.46302229166030884, 0.3490319848060608], ""slow"": [-0.003303173929452896, 0.06873748451471329, -0.056373849511146545]}","{""event"": [0.521374, 0.478626], ""fast"": [0.307453, 0.692547], ""slow"": [0.330796, 0.355506, 0.313698]}","{""event"": 0, ""fast"": 1, ""slow"": 1}",independent_head_argmax,0,0,0,slow_head_cache_fill,"[true, true, true, true, true]",False,"[0.185351, 0.163554, 0.119442, 0.053026, 0.478626]",-1.685501,-1.685501,True
frozen_check,mappo,7,frozen_check_04,5,"{""event"": [0.05639299377799034, 0.033417873084545135], ""fast"": [-0.4052038788795471, 0.30108922719955444], ""slow"": [-0.054944973438978195, 0.09998700767755508, -0.04330240190029144]}","{""event"": [0.505744, 0.494256], ""fast"": [0.330418, 0.669582], ""slow"": [0.314536, 0.367245, 0.318219]}","{""event"": 0, ""fast"": 1, ""slow"": 1}",independent_head_argmax,0,0,0,slow_head_cache_fill,"[true, false, true, true, true]",False,"[0.221356, 0.0, 0.126943, 0.062643, 0.589058]",-1.507981,-1.507981,True
frozen_check,mappo,7,frozen_check_04,6,"{""event"": [-0.07478255033493042, 0.1873445063829422], ""fast"": [0.07156841456890106, -0.18416552245616913], ""slow"": [-0.15174633264541626, 0.19070693850517273, -0.016495168209075928]}","{""event"": [0.434841, 0.565159], ""fast"": [0.563587, 0.436413], ""slow"": [0.281435, 0.396372, 0.322193]}","{""event"": 1, ""fast"": 0, ""slow"": 1}",independent_head_argmax,4,4,4,event_head_prepare,"[true, false, true, true, true]",False,"[0.200441, 0.0, 0.06211, 0.080209, 0.65724]",-0.419706,-0.419706,True
frozen_check,mappo,7,frozen_check_05,0,"{""event"": [0.06819058954715729, 0.010969959199428558], ""fast"": [-0.15545505285263062, 0.04025592654943466], ""slow"": [-0.055533938109874725, 0.16767632961273193, -0.1075180172920227]}","{""event"": [0.514301, 0.485699], ""fast"": [0.451228, 0.548772], ""slow"": [0.312556, 0.390721, 0.296723]}","{""event"": 0, ""fast"": 1, ""slow"": 1}",independent_head_argmax,0,0,0,slow_head_cache_fill,"[true, true, true, true, true]",False,"[0.200948, 0.152605, 0.088214, 0.072534, 0.485699]",-1.604708,-1.604708,True
frozen_check,mappo,7,frozen_check_05,1,"{""event"": [-0.07270614802837372, 0.16588877141475677], ""fast"": [0.2840278744697571, -0.391654908657074], ""slow"": [-0.14488181471824646, 0.2486056387424469, -0.07443927228450775]}","{""event"": [0.440633, 0.559367], ""fast"": [0.662775, 0.337226], ""slow"": [0.281284, 0.416903, 0.301813]}","{""event"": 1, ""fast"": 0, ""slow"": 1}",independent_head_argmax,4,4,4,event_head_prepare,"[true, true, true, true, true]",False,"[0.183701, 0.132989, 0.041797, 0.082146, 0.559367]",-0.580949,-0.580949,True
frozen_check,mappo,7,frozen_check_05,2,"{""event"": [-0.07257114350795746, 0.16700519621372223], ""fast"": [0.27450013160705566, -0.3839160203933716], ""slow"": [-0.13816718757152557, 0.23645317554473877, -0.05940748751163483]}","{""event"": [0.440391, 0.559609], ""fast"": [0.658904, 0.341095], ""slow"": [0.282775, 0.411279, 0.305947]}","{""event"": 1, ""fast"": 0, ""slow"": 1}",independent_head_argmax,4,4,4,event_head_prepare,"[true, true, true, true, true]",False,"[0.181123, 0.134736, 0.042477, 0.082054, 0.559609]",-0.580516,-0.580516,True
frozen_check,mappo,7,frozen_check_05,3,"{""event"": [-0.08797459304332733, 0.2080746293067932], ""fast"": [0.2473670393228531, -0.36115890741348267], ""slow"": [-0.17373378574848175, 0.24256232380867004, -0.035600557923316956]}","{""event"": [0.426524, 0.573476], ""fast"": [0.647604, 0.352396], ""slow"": [0.272891, 0.413795, 0.313314]}","{""event"": 1, ""fast"": 0, ""slow"": 1}",independent_head_argmax,4,4,4,event_head_prepare,"[true, false, true, true, true]",False,"[0.203717, 0.0, 0.047344, 0.087005, 0.661935]",-0.412588,-0.412588,True
frozen_check,mappo,7,frozen_check_05,4,"{""event"": [-0.08864295482635498, 0.2057606428861618], ""fast"": [0.2681427597999573, -0.3809989094734192], ""slow"": [-0.17519639432430267, 0.23937079310417175, -0.024547696113586426]}","{""event"": [0.426926, 0.573074], ""fast"": [0.656817, 0.343183], ""slow"": [0.272012, 0.411749, 0.316238]}","{""event"": 1, ""fast"": 0, ""slow"": 1}",independent_head_argmax,4,4,4,event_head_prepare,"[true, false, true, true, true]",False,"[0.203224, 0.0, 0.046074, 0.088181, 0.662521]",-0.411703,-0.411703,True
frozen_check,mappo,7,frozen_check_05,5,"{""event"": [-0.10100609064102173, 0.21956798434257507], ""fast"": [0.23607783019542694, -0.3439122438430786], ""slow"": [-0.17056594789028168, 0.23025387525558472, -0.01804468035697937]}","{""event"": [0.420536, 0.579464], ""fast"": [0.641065, 0.358935], ""slow"": [0.273387, 0.40818, 0.318432]}","{""event"": 1, ""fast"": 0, ""slow"": 1}",independent_head_argmax,4,4,4,event_head_prepare,"[true, false, true, true, true]",False,"[0.198195, 0.0, 0.047647, 0.085098, 0.669059]",-0.401882,-0.401882,True
frozen_check,mappo,7,frozen_check_05,6,"{""event"": [-0.10205212980508804, 0.21869584918022156], ""fast"": [0.2639949917793274, -0.3761478662490845], ""slow"": [-0.17896850407123566, 0.23550644516944885, -0.012734606862068176]}","{""event"": [0.420493, 0.579507], ""fast"": [0.654786, 0.345214], ""slow"": [0.270678, 0.409692, 0.31963]}","{""event"": 1, ""fast"": 0, ""slow"": 1}",independent_head_argmax,4,4,4,event_head_prepare,"[true, false, true, true, true]",False,"[0.199022, 0.0, 0.045393, 0.086098, 0.669487]",-0.401243,-0.401243,True
frozen_check,mappo,7,frozen_check_06,0,"{""event"": [0.03266884386539459, 0.03388962149620056], ""fast"": [-0.29029035568237305, 0.15945006906986237], ""slow"": [-0.033418864011764526, 0.034833699464797974, -0.03951554000377655]}","{""event"": [0.499695, 0.500305], ""fast"": [0.389422, 0.610578], ""slow"": [0.326311, 0.349361, 0.324328]}","{""event"": 1, ""fast"": 1, ""slow"": 1}",independent_head_argmax,4,4,4,event_head_prepare,"[true, true, true, true, true]",False,"[0.174574, 0.162065, 0.099558, 0.063498, 0.500305]",-0.692537,-0.692537,True
frozen_check,mappo,7,frozen_check_06,1,"{""event"": [0.0019044538494199514, 0.0662682056427002], ""fast"": [-0.22673484683036804, 0.11307142674922943], ""slow"": [-0.04530852288007736, 0.0479741171002388, -0.049835845828056335]}","{""event"": [0.483915, 0.516085], ""fast"": [0.415857, 0.584143], ""slow"": [0.323284, 0.354892, 0.321824]}","{""event"": 1, ""fast"": 1, ""slow"": 1}",independent_head_argmax,4,4,4,event_head_prepare,"[true, true, true, true, true]",False,"[0.171737, 0.155735, 0.091385, 0.065057, 0.516085]",-0.661483,-0.661483,True
frozen_check,mappo,7,frozen_check_06,2,"{""event"": [-0.008062910288572311, 0.10653218626976013], ""fast"": [-0.19827616214752197, 0.07219112664461136], ""slow"": [-0.08621830493211746, 0.06542206555604935, -0.012409895658493042]}","{""event"": [0.471383, 0.528617], ""fast"": [0.432792, 0.567208], ""slow"": [0.308609, 0.359142, 0.332249]}","{""event"": 1, ""fast"": 1, ""slow"": 1}",independent_head_argmax,4,4,4,event_head_prepare,"[true, false, true, true, true]",False,"[0.200731, 0.0, 0.097836, 0.074651, 0.626782]",-0.467157,-0.467157,True
frozen_check,mappo,7,frozen_check_06,3,"{""event"": [0.11876807361841202, -0.06849941611289978], ""fast"": [-0.7222120761871338, 0.6092959642410278], ""slow"": [0.05501216650009155, -0.06701163947582245, -0.03439188003540039]}","{""event"": [0.546681, 0.453319], ""fast"": [0.20891, 0.79109], ""slow"": [0.357193, 0.316162, 0.326645]}","{""event"": 0, ""fast"": 1, ""slow"": 0}",independent_head_argmax,2,2,2,fast_head_vehicle_fallback,"[true, true, true, true, true]",False,"[0.172839, 0.17857, 0.154477, 0.040794, 0.453319]",-1.867712,-1.867712,True
frozen_check,mappo,7,frozen_check_06,4,"{""event"": [-0.004146704450249672, 0.07246647775173187], ""fast"": [-0.3427337408065796, 0.22734211385250092], ""slow"": [-0.01609746366739273, -0.003783904016017914, 0.006844542920589447]}","{""event"": [0.480856, 0.519144], ""fast"": [0.361219, 0.638781], ""slow"": [0.329425, 0.333506, 0.33707]}","{""event"": 1, ""fast"": 1, ""slow"": 2}",independent_head_argmax,4,4,4,event_head_prepare,"[true, true, true, true, true]",False,"[0.160368, 0.162082, 0.101187, 0.057219, 0.519144]",-0.655574,-0.655574,True
frozen_check,mappo,7,frozen_check_06,5,"{""event"": [-0.011832935735583305, 0.080838643014431], ""fast"": [-0.405245304107666, 0.28485196828842163], ""slow"": [-0.014387156814336777, -0.012958057224750519, 0.017793357372283936]}","{""event"": [0.476849, 0.523151], ""fast"": [0.334011, 0.665989], ""slow"": [0.329583, 0.330055, 0.340362]}","{""event"": 1, ""fast"": 1, ""slow"": 2}",independent_head_argmax,4,4,4,event_head_prepare,"[true, true, true, true, true]",False,"[0.157386, 0.162301, 0.104668, 0.052494, 0.523151]",-0.647885,-0.647885,True
frozen_check,mappo,7,frozen_check_07,0,"{""event"": [0.01753867045044899, 0.044285982847213745], ""fast"": [-0.24871230125427246, 0.12834382057189941], ""slow"": [-0.02404448390007019, 0.02166285365819931, -0.01371879130601883]}","{""event"": [0.493314, 0.506686], ""fast"": [0.406837, 0.593163], ""slow"": [0.327102, 0.3424, 0.330497]}","{""event"": 1, ""fast"": 1, ""slow"": 1}",independent_head_argmax,4,4,4,event_head_prepare,"[true, true, true, true, true]",False,"[0.168911, 0.163039, 0.095715, 0.065649, 0.506686]",-0.679863,-0.679863,True
frozen_check,mappo,7,frozen_check_07,1,"{""event"": [0.00999128632247448, 0.04798375815153122], ""fast"": [-0.2732979655265808, 0.15768128633499146], ""slow"": [-0.023564297705888748, 0.01904798299074173, -0.009170398116111755]}","{""event"": [0.490503, 0.509497], ""fast"": [0.393893, 0.606107], ""slow"": [0.327008, 0.341243, 0.331749]}","{""event"": 1, ""fast"": 1, ""slow"": 1}",independent_head_argmax,4,4,4,event_head_prepare,"[true, true, true, true, true]",False,"[0.167381, 0.162724, 0.097219, 0.06318, 0.509497]",-0.674331,-0.674331,True
frozen_check,mappo,7,frozen_check_07,2,"{""event"": [0.16435065865516663, -0.1232176423072815], ""fast"": [-0.8466613292694092, 0.7432199120521545], ""slow"": [0.09730644524097443, -0.16020643711090088, 0.011384978890419006]}","{""event"": [0.571401, 0.428599], ""fast"": [0.169401, 0.830599], ""slow"": [0.371659, 0.287282, 0.341059]}","{""event"": 0, ""fast"": 1, ""slow"": 0}",independent_head_argmax,2,2,2,fast_head_vehicle_fallback,"[true, true, true, true, true]",False,"[0.164153, 0.194881, 0.176391, 0.035975, 0.428599]",-1.735051,-1.735051,True
frozen_check,mappo,7,frozen_check_07,3,"{""event"": [0.16386905312538147, -0.12649978697299957], ""fast"": [-0.8869140148162842, 0.7816900610923767], ""slow"": [0.09865756332874298, -0.16725850105285645, 0.024974793195724487]}","{""event"": [0.572086, 0.427914], ""fast"": [0.15861, 0.84139], ""slow"": [0.370993, 0.284367, 0.34464]}","{""event"": 0, ""fast"": 1, ""slow"": 0}",independent_head_argmax,2,2,2,fast_head_vehicle_fallback,"[true, true, true, true, true]",False,"[0.162683, 0.197164, 0.178576, 0.033663, 0.427914]",-1.722738,-1.722738,True
frozen_check,mappo,7,frozen_check_07,4,"{""event"": [0.144556924700737, -0.08200432360172272], ""fast"": [-0.7055320739746094, 0.6069476008415222], ""slow"": [0.0686805248260498, -0.08097846806049347, 0.0007951706647872925]}","{""event"": [0.556399, 0.443601], ""fast"": [0.212072, 0.787928], ""slow"": [0.357735, 0.30801, 0.334256]}","{""event"": 0, ""fast"": 1, ""slow"": 0}",independent_head_argmax,2,2,2,fast_head_vehicle_fallback,"[true, true, true, true, true]",False,"[0.171376, 0.18598, 0.156832, 0.042212, 0.443601]",-1.852582,-1.852582,True
frozen_check,mappo,7,frozen_check_07,5,"{""event"": [0.13148538768291473, -0.07044188678264618], ""fast"": [-0.6984086036682129, 0.606653094291687], ""slow"": [0.06407387554645538, -0.07748892158269882, -0.0009191185235977173]}","{""event"": [0.550311, 0.449689], ""fast"": [0.213314, 0.786686], ""slow"": [0.356497, 0.309439, 0.334064]}","{""event"": 0, ""fast"": 1, ""slow"": 0}",independent_head_argmax,2,2,2,fast_head_vehicle_fallback,"[true, true, true, true, true]",False,"[0.170288, 0.183839, 0.154335, 0.041849, 0.449689]",-1.868629,-1.868629,True
frozen_check,mappo,7,frozen_check_07,6,"{""event"": [0.12101302295923233, -0.07636307179927826], ""fast"": [-0.7449017763137817, 0.6392435431480408], ""slow"": [0.07737722992897034, -0.10447843372821808, 0.012821786105632782]}","{""event"": [0.549184, 0.450816], ""fast"": [0.200344, 0.799656], ""slow"": [0.360854, 0.300852, 0.338295]}","{""event"": 0, ""fast"": 1, ""slow"": 0}",independent_head_argmax,2,2,2,fast_head_vehicle_fallback,"[true, true, true, true, true]",False,"[0.165223, 0.185786, 0.158472, 0.039703, 0.450816]",-1.842177,-1.842177,True
frozen_check,mappo,7,frozen_check_07,7,"{""event"": [0.1230868399143219, -0.07343626022338867], ""fast"": [-0.8304108381271362, 0.7149526476860046], ""slow"": [0.08553113043308258, -0.12143687903881073, 0.023302190005779266]}","{""event"": [0.548973, 0.451027], ""fast"": [0.175757, 0.824243], ""slow"": [0.363278, 0.295362, 0.341361]}","{""event"": 0, ""fast"": 1, ""slow"": 0}",independent_head_argmax,2,2,2,fast_head_vehicle_fallback,"[true, true, true, true, true]",False,"[0.162146, 0.187398, 0.164379, 0.035051, 0.451027]",-1.805583,-1.805583,True
frozen_check,mappo,7,frozen_check_07,8,"{""event"": [0.15384820103645325, -0.10544368624687195], ""fast"": [-0.9647608995437622, 0.862619936466217], ""slow"": [0.12512122094631195, -0.21163704991340637, 0.06484523415565491]}","{""event"": [0.564462, 0.435538], ""fast"": [0.138551, 0.861449], ""slow"": [0.376565, 0.268898, 0.354537]}","{""event"": 0, ""fast"": 1, ""slow"": 0}",independent_head_argmax,2,2,2,fast_head_vehicle_fallback,"[true, true, true, true, true]",False,"[0.151783, 0.200123, 0.183107, 0.02945, 0.435538]",-1.697686,-1.697686,True
frozen_check,mappo,7,frozen_check_07,9,"{""event"": [0.1502179503440857, -0.10278892517089844], ""fast"": [-0.9822923541069031, 0.874884843826294], ""slow"": [0.11732597649097443, -0.20680788159370422, 0.06861106306314468]}","{""event"": [0.562916, 0.437084], ""fast"": [0.135032, 0.864968], ""slow"": [0.373747, 0.270276, 0.355976]}","{""event"": 0, ""fast"": 1, ""slow"": 0}",independent_head_argmax,2,2,2,fast_head_vehicle_fallback,"[true, true, true, true, true]",False,"[0.152143, 0.200385, 0.181979, 0.028409, 0.437084]",-1.703863,-1.703863,True
regression,mappo,17,regression_00,0,"{""event"": [-0.44439995288848877, 0.3245474398136139], ""fast"": [0.655613362789154, -0.949070930480957], ""slow"": [-0.10445268452167511, -0.11836058646440506, 0.010135404765605927]}","{""event"": [0.316707, 0.683293], ""fast"": [0.832672, 0.167328], ""slow"": [0.321792, 0.317347, 0.360861]}","{""event"": 1, ""fast"": 0, ""slow"": 2}",independent_head_argmax,4,4,4,event_head_prepare,"[true, true, true, true, true]",False,"[0.100506, 0.114287, 0.017053, 0.084861, 0.683293]",-0.380831,-0.380831,True
regression,mappo,17,regression_00,1,"{""event"": [-0.5255768895149231, 0.4086056053638458], ""fast"": [0.5852676630020142, -0.8875155448913574], ""slow"": [-0.10572771728038788, -0.18584126234054565, 0.10103310644626617]}","{""event"": [0.282077, 0.717923], ""fast"": [0.81348, 0.18652], ""slow"": [0.317188, 0.292769, 0.390043]}","{""event"": 1, ""fast"": 0, ""slow"": 2}",independent_head_argmax,4,4,4,event_head_prepare,"[true, false, true, true, true]",False,"[0.092792, 0.0, 0.018751, 0.081781, 0.806675]",-0.214834,-0.214834,True
regression,mappo,17,regression_00,2,"{""event"": [0.11615975201129913, -0.17178195714950562], ""fast"": [-0.44028913974761963, 0.25715872645378113], ""slow"": [-0.11916905641555786, 0.33599230647087097, -0.4338616728782654]}","{""event"": [0.571492, 0.428508], ""fast"": [0.332378, 0.667622], ""slow"": [0.30244, 0.476775, 0.220785]}","{""event"": 0, ""fast"": 1, ""slow"": 1}",independent_head_argmax,0,0,0,slow_head_cache_fill,"[true, true, true, true, true]",False,"[0.272473, 0.126177, 0.115393, 0.057449, 0.428508]",-1.300215,-1.300215,True
regression,mappo,17,regression_00,3,"{""event"": [-0.32109177112579346, 0.22045235335826874], ""fast"": [0.3390893340110779, -0.6025058031082153], ""slow"": [-0.11617088317871094, 0.0201442688703537, -0.11040595173835754]}","{""event"": [0.367828, 0.632172], ""fast"": [0.719422, 0.280578], ""slow"": [0.317277, 0.363613, 0.319111]}","{""event"": 1, ""fast"": 0, ""slow"": 1}",independent_head_argmax,4,4,4,event_head_prepare,"[true, true, true, true, true]",False,"[0.133747, 0.117378, 0.032744, 0.083959, 0.632172]",-0.458594,-0.458594,True
regression,mappo,17,regression_00,4,"{""event"": [0.20510929822921753, -0.25298604369163513], ""fast"": [-0.6932235360145569, 0.5292352437973022], ""slow"": [-0.1166592538356781, 0.4262654781341553, -0.5101687908172607]}","{""event"": [0.612562, 0.387438], ""fast"": [0.227504, 0.772496], ""slow"": [0.294489, 0.506824, 0.198687]}","{""event"": 0, ""fast"": 1, ""slow"": 1}",independent_head_argmax,0,0,0,slow_head_cache_fill,"[true, true, true, true, true]",False,"[0.310462, 0.121708, 0.139353, 0.04104, 0.387438]",-1.169695,-1.169695,True
regression,mappo,17,regression_01,0,"{""event"": [-0.280636727809906, 0.19158494472503662], ""fast"": [0.43251121044158936, -0.6939970254898071], ""slow"": [-0.09925469756126404, 0.01991448551416397, -0.12150812149047852]}","{""event"": [0.384091, 0.615909], ""fast"": [0.755194, 0.244806], ""slow"": [0.322108, 0.362874, 0.315019]}","{""event"": 1, ""fast"": 0, ""slow"": 1}",independent_head_argmax,4,4,4,event_head_prepare,"[true, true, true, true, true]",False,"[0.139376, 0.120996, 0.030287, 0.093431, 0.615909]",-0.484655,-0.484655,True
regression,mappo,17,regression_01,1,"{""event"": [-0.4219461679458618, 0.3363594114780426], ""fast"": [0.5230069756507874, -0.8151103258132935], ""slow"": [-0.10531564056873322, -0.10927224159240723, 0.022537648677825928]}","{""event"": [0.319014, 0.680986], ""fast"": [0.79218, 0.20782], ""slow"": [0.31924, 0.31798, 0.36278]}","{""event"": 1, ""fast"": 0, ""slow"": 2}",independent_head_argmax,4,4,4,event_head_prepare,"[true, false, true, true, true]",False,"[0.114716, 0.0, 0.023935, 0.091236, 0.770112]",-0.261219,-0.261219,True
regression,mappo,17,regression_01,2,"{""event"": [-0.42529958486557007, 0.3385428488254547], ""fast"": [0.48526519536972046, -0.7719739079475403], ""slow"": [-0.10987772047519684, -0.10880815237760544, 0.026856139302253723]}","{""event"": [0.317813, 0.682187], ""fast"": [0.77855, 0.22145], ""slow"": [0.317703, 0.318043, 0.364254]}","{""event"": 1, ""fast"": 0, ""slow"": 2}",independent_head_argmax,4,4,4,event_head_prepare,"[true, false, true, true, true]",False,"[0.114311, 0.0, 0.025287, 0.088902, 0.7715]",-0.259419,-0.259419,True
regression,mappo,17,regression_01,3,"{""event"": [-0.42589491605758667, 0.340094655752182], ""fast"": [0.4563371539115906, -0.7390514612197876], ""slow"": [-0.11504848301410675, -0.10766667127609253, 0.030517078936100006]}","{""event"": [0.317347, 0.682653], ""fast"": [0.767703, 0.232297], ""slow"": [0.316045, 0.318387, 0.365568]}","{""event"": 1, ""fast"": 0, ""slow"": 2}",independent_head_argmax,4,4,4,event_head_prepare,"[true, false, true, true, true]",False,"[0.114299, 0.0, 0.026356, 0.087103, 0.772242]",-0.258457,-0.258457,True
regression,mappo,17,regression_01,4,"{""event"": [-0.29506486654281616, 0.22430384159088135], ""fast"": [0.21359631419181824, -0.46767672896385193], ""slow"": [-0.1088593602180481, 0.01652267575263977, -0.09976901113986969]}","{""event"": [0.373, 0.627], ""fast"": [0.664023, 0.335977], ""slow"": [0.318196, 0.360702, 0.321102]}","{""event"": 1, ""fast"": 0, ""slow"": 1}",independent_head_argmax,4,4,4,event_head_prepare,"[true, false, true, true, true]",False,"[0.152848, 0.0, 0.045302, 0.089535, 0.712315]",-0.339235,-0.339235,True
regression,mappo,17,regression_01,5,"{""event"": [-0.29435107111930847, 0.22717717289924622], ""fast"": [0.2064947783946991, -0.45987436175346375], ""slow"": [-0.1153101772069931, 0.017313607037067413, -0.0958436131477356]}","{""event"": [0.372495, 0.627505], ""fast"": [0.66069, 0.33931], ""slow"": [0.316308, 0.361167, 0.322526]}","{""event"": 1, ""fast"": 0, ""slow"": 1}",independent_head_argmax,4,4,4,event_head_prepare,"[true, false, true, true, true]",False,"[0.152902, 0.0, 0.045437, 0.088474, 0.713187]",-0.338012,-0.338012,True
regression,mappo,17,regression_01,6,"{""event"": [-0.2972039580345154, 0.2239595651626587], ""fast"": [0.12471095472574234, -0.3679520785808563], ""slow"": [-0.1183321624994278, 0.0213497132062912, -0.09401658922433853]}","{""event"": [0.37258, 0.62742], ""fast"": [0.620734, 0.379266], ""slow"": [0.315008, 0.36223, 0.322762]}","{""event"": 1, ""fast"": 0, ""slow"": 1}",independent_head_argmax,4,4,4,event_head_prepare,"[true, false, true, true, true]",False,"[0.153408, 0.0, 0.050597, 0.082811, 0.713183]",-0.338017,-0.338017,True
regression,mappo,17,regression_01,7,"{""event"": [-0.32564908266067505, 0.24691376090049744], ""fast"": [0.15829673409461975, -0.40640735626220703], ""slow"": [-0.12481695413589478, 0.003285124897956848, -0.06801535934209824]}","{""event"": [0.360646, 0.639354], ""fast"": [0.63754, 0.36246], ""slow"": [0.312978, 0.355752, 0.33127]}","{""event"": 1, ""fast"": 0, ""slow"": 1}",independent_head_argmax,4,4,4,event_head_prepare,"[true, false, true, true, true]",False,"[0.145708, 0.0, 0.046463, 0.081726, 0.726103]",-0.320064,-0.320064,True
regression,mappo,17,regression_02,0,"{""event"": [-0.2697182297706604, 0.1804482489824295], ""fast"": [0.45175498723983765, -0.7219817638397217], ""slow"": [-0.10015015304088593, 0.020793624222278595, -0.14467741549015045]}","{""event"": [0.389321, 0.610679], ""fast"": [0.76382, 0.23618], ""slow"": [0.324148, 0.365821, 0.310031]}","{""event"": 1, ""fast"": 0, ""slow"": 1}",independent_head_argmax,4,4,4,event_head_prepare,"[true, true, true, true, true]",False,"[0.142422, 0.120702, 0.029805, 0.096392, 0.610679]",-0.493184,-0.493184,True
regression,mappo,17,regression_02,1,"{""event"": [0.27393776178359985, -0.30627986788749695], ""fast"": [-0.6423990726470947, 0.4834097921848297], ""slow"": [-0.09708255529403687, 0.439736545085907, -0.5563861727714539]}","{""event"": [0.641117, 0.358883], ""fast"": [0.244935, 0.755065], ""slow"": [0.299197, 0.511793, 0.18901]}","{""event"": 0, ""fast"": 1, ""slow"": 1}",independent_head_argmax,0,0,0,slow_head_cache_fill,"[true, true, true, true, true]",False,"[0.32812, 0.121177, 0.144837, 0.046984, 0.358883]",-1.114377,-1.114377,True
regression,mappo,17,regression_02,2,"{""event"": [-0.21201229095458984, 0.12924620509147644], ""fast"": [0.2983393669128418, -0.5404055118560791], ""slow"": [-0.11006668955087662, 0.06729572266340256, -0.18812470138072968]}","{""event"": [0.415504, 0.584496], ""fast"": [0.698201, 0.301799], ""slow"": [0.320618, 0.382839, 0.296543]}","{""event"": 1, ""fast"": 0, ""slow"": 1}",independent_head_argmax,4,4,4,event_head_prepare,"[true, true, true, true, true]",False,"[0.159071, 0.123215, 0.040205, 0.093013, 0.584496]",-0.537005,-0.537005,True
regression,mappo,17,regression_02,3,"{""event"": [0.17106571793556213, -0.18616220355033875], ""fast"": [-0.5712679624557495, 0.3718666732311249], ""slow"": [-0.10752061009407043, 0.3761039078235626, -0.47387975454330444]}","{""event"": [0.588369, 0.411631], ""fast"": [0.280268, 0.719732], ""slow"": [0.301641, 0.489245, 0.209114]}","{""event"": 0, ""fast"": 1, ""slow"": 1}",independent_head_argmax,0,0,0,slow_head_cache_fill,"[true, false, true, true, true]",False,"[0.328242, 0.0, 0.145657, 0.056719, 0.469382]",-1.114003,-1.114003,True
regression,mappo,17,regression_02,4,"{""event"": [0.2783033549785614, -0.31229838728904724], ""fast"": [-0.7414785623550415, 0.5770707726478577], ""slow"": [-0.10519564896821976, 0.47250595688819885, -0.5745844841003418]}","{""event"": [0.643503, 0.356497], ""fast"": [0.21106, 0.78894], ""slow"": [0.293486, 0.522973, 0.183541]}","{""event"": 0, ""fast"": 1, ""slow"": 1}",independent_head_argmax,0,0,0,slow_head_cache_fill,"[true, true, true, true, true]",False,"[0.336535, 0.118109, 0.148998, 0.039861, 0.356497]",-1.089054,-1.089054,True
regression,mappo,17,regression_02,5,"{""event"": [0.17012304067611694, -0.18854108452796936], ""fast"": [-0.6638902425765991, 0.4760129153728485], ""slow"": [-0.11701647937297821, 0.38343581557273865, -0.46972620487213135]}","{""event"": [0.588717, 0.411283], ""fast"": [0.242338, 0.757662], ""slow"": [0.298307, 0.492048, 0.209645]}","{""event"": 0, ""fast"": 1, ""slow"": 1}",independent_head_argmax,0,0,0,slow_head_cache_fill,"[true, false, true, true, true]",False,"[0.330463, 0.0, 0.151794, 0.048551, 0.469191]",-1.10726,-1.10726,True
regression,mappo,17,regression_02,6,"{""event"": [-0.2392890453338623, 0.17657946050167084], ""fast"": [0.1271834373474121, -0.387174516916275], ""slow"": [-0.11855623871088028, 0.08025939017534256, -0.16778481006622314]}","{""event"": [0.397506, 0.602494], ""fast"": [0.625827, 0.374172], ""slow"": [0.315266, 0.384611, 0.300122]}","{""event"": 1, ""fast"": 0, ""slow"": 1}",independent_head_argmax,4,4,4,event_head_prepare,"[true, false, true, true, true]",False,"[0.173595, 0.0, 0.053243, 0.089053, 0.684109]",-0.379639,-0.379639,True
regression,mappo,17,regression_03,0,"{""event"": [-0.27955305576324463, 0.18877172470092773], ""fast"": [0.43603867292404175, -0.6909209489822388], ""slow"": [-0.11233887076377869, -0.03054967150092125, -0.043970897793769836]}","{""event"": [0.385013, 0.614987], ""fast"": [0.755277, 0.244723], ""slow"": [0.316858, 0.343863, 0.339279]}","{""event"": 1, ""fast"": 0, ""slow"": 1}",independent_head_argmax,4,0,0,slow_head_cache_fill,"[true, false, true, true, false]",True,"[0.520436, 0.0, 0.11736, 0.362204, 0.0]",-0.653089,-0.653089,True
regression,mappo,17,regression_03,1,"{""event"": [-0.29545700550079346, 0.19184064865112305], ""fast"": [0.39422664046287537, -0.6793612241744995], ""slow"": [-0.0938933864235878, 0.016351893544197083, -0.10478407889604568]}","{""event"": [0.38053, 0.61947], ""fast"": [0.745279, 0.254721], ""slow"": [0.321986, 0.359515, 0.318499]}","{""event"": 1, ""fast"": 0, ""slow"": 1}",independent_head_argmax,4,4,4,event_head_prepare,"[true, true, true, true, true]",False,"[0.136806, 0.121198, 0.03121, 0.091316, 0.61947]",-0.478892,-0.478892,True
regression,mappo,17,regression_03,2,"{""event"": [-0.5374727249145508, 0.4263482093811035], ""fast"": [0.6009032726287842, -0.9239295125007629], ""slow"": [-0.10302668809890747, -0.19643351435661316, 0.11913968622684479]}","{""event"": [0.276114, 0.723886], ""fast"": [0.821249, 0.178751], ""slow"": [0.316496, 0.288271, 0.395233]}","{""event"": 1, ""fast"": 0, ""slow"": 2}",independent_head_argmax,4,4,4,event_head_prepare,"[true, false, true, true, true]",False,"[0.089346, 0.0, 0.017534, 0.080559, 0.81256]",-0.207565,-0.207565,True
regression,mappo,17,regression_03,3,"{""event"": [-0.5387429594993591, 0.42590418457984924], ""fast"": [0.5615646243095398, -0.8772002458572388], ""slow"": [-0.10694955289363861, -0.19606462121009827, 0.12360717356204987]}","{""event"": [0.275949, 0.724051], ""fast"": [0.808263, 0.191737], ""slow"": [0.315056, 0.288194, 0.39675]}","{""event"": 1, ""fast"": 0, ""slow"": 2}",independent_head_argmax,4,4,4,event_head_prepare,"[true, false, true, true, true]",False,"[0.089304, 0.0, 0.018719, 0.078909, 0.813068]",-0.20694,-0.20694,True
regression,mappo,17,regression_03,4,"{""event"": [-0.08836615830659866, 0.032469309866428375], ""fast"": [-0.2679668962955475, 0.02806658297777176], ""slow"": [-0.11946184188127518, 0.16760104894638062, -0.23591358959674835]}","{""event"": [0.469828, 0.530172], ""fast"": [0.426527, 0.573473], ""slow"": [0.31031, 0.413491, 0.276199]}","{""event"": 1, ""fast"": 1, ""slow"": 1}",independent_head_argmax,4,4,4,event_head_prepare,"[true, false, true, true, true]",False,"[0.223238, 0.0, 0.096075, 0.071457, 0.609229]",-0.495561,-0.495561,True
regression,mappo,17,regression_03,5,"{""event"": [-0.26223504543304443, 0.16220815479755402], ""fast"": [0.36209994554519653, -0.6088476181030273], ""slow"": [-0.1234506219625473, 0.013030342757701874, -0.08336897194385529]}","{""event"": [0.395454, 0.604546], ""fast"": [0.725308, 0.274692], ""slow"": [0.313762, 0.359644, 0.326594]}","{""event"": 1, ""fast"": 0, ""slow"": 1}",independent_head_argmax,4,0,0,slow_head_cache_fill,"[true, false, true, true, false]",True,"[0.534067, 0.0, 0.127988, 0.337945, 0.0]",-0.627233,-0.627233,True
regression,mappo,17,regression_03,6,"{""event"": [-0.3951457142829895, 0.2905469238758087], ""fast"": [0.3773295283317566, -0.6829847097396851], ""slow"": [-0.10322590172290802, -0.049911148846149445, -0.024099037051200867]}","{""event"": [0.334992, 0.665008], ""fast"": [0.742751, 0.257249], ""slow"": [0.318765, 0.336222, 0.345013]}","{""event"": 1, ""fast"": 0, ""slow"": 2}",independent_head_argmax,4,4,4,event_head_prepare,"[true, false, true, true, true]",False,"[0.12735, 0.0, 0.03106, 0.089678, 0.751911]",-0.285137,-0.285137,True
regression,mappo,17,regression_03,7,"{""event"": [-0.3890922963619232, 0.2809991240501404], ""fast"": [0.28633302450180054, -0.5757744312286377], ""slow"": [-0.10523061454296112, -0.04720437899231911, -0.02521875500679016]}","{""event"": [0.338476, 0.661524], ""fast"": [0.703101, 0.296899], ""slow"": [0.318163, 0.337171, 0.344666]}","{""event"": 1, ""fast"": 0, ""slow"": 2}",independent_head_argmax,4,4,4,event_head_prepare,"[true, false, true, true, true]",False,"[0.129197, 0.0, 0.036196, 0.085717, 0.74889]",-0.289163,-0.289163,True
regression,mappo,17,regression_03,8,"{""event"": [-0.4060544967651367, 0.29754742980003357], ""fast"": [0.30829352140426636, -0.602973461151123], ""slow"": [-0.11122215539216995, -0.055442094802856445, -0.009985953569412231]}","{""event"": [0.331014, 0.668986], ""fast"": [0.713259, 0.286741], ""slow"": [0.316065, 0.334196, 0.349738]}","{""event"": 1, ""fast"": 0, ""slow"": 2}",independent_head_argmax,4,4,4,event_head_prepare,"[true, false, true, true, true]",False,"[0.125107, 0.0, 0.033927, 0.084393, 0.756573]",-0.278956,-0.278956,True
regression,mappo,17,regression_03,9,"{""event"": [-0.4112340807914734, 0.30511027574539185], ""fast"": [0.3102143406867981, -0.6048808097839355], ""slow"": [-0.11650948971509933, -0.06135793775320053, -0.0008335113525390625]}","{""event"": [0.328198, 0.671802], ""fast"": [0.714042, 0.285958], ""slow"": [0.314531, 0.332366, 0.353103]}","{""event"": 1, ""fast"": 0, ""slow"": 2}",independent_head_argmax,4,4,4,event_head_prepare,"[true, false, true, true, true]",False,"[0.12338, 0.0, 0.033388, 0.083371, 0.75986]",-0.274621,-0.274621,True
regression,mappo,17,regression_03,10,"{""event"": [-0.08790799975395203, 0.022547751665115356], ""fast"": [-0.07757531106472015, -0.11936380714178085], ""slow"": [-0.12966445088386536, 0.15697357058525085, -0.21723711490631104]}","{""event"": [0.472414, 0.527586], ""fast"": [0.510446, 0.489554], ""slow"": [0.307873, 0.410069, 0.282058]}","{""event"": 1, ""fast"": 0, ""slow"": 1}",independent_head_argmax,4,0,0,slow_head_cache_fill,"[true, false, true, true, false]",True,"[0.571173, 0.0, 0.209934, 0.218893, 0.0]",-0.560063,-0.560063,True
regression,mappo,17,regression_04,0,"{""event"": [-0.3099934160709381, 0.19939503073692322], ""fast"": [0.533521831035614, -0.8142991065979004], ""slow"": [-0.11751747131347656, -0.0007708370685577393, -0.12935024499893188]}","{""event"": [0.375337, 0.624663], ""fast"": [0.793773, 0.206227], ""slow"": [0.321329, 0.361121, 0.31755]}","{""event"": 1, ""fast"": 0, ""slow"": 1}",independent_head_argmax,4,4,4,event_head_prepare,"[true, true, true, true, true]",False,"[0.135542, 0.119188, 0.024872, 0.095734, 0.624663]",-0.470543,-0.470543,True
regression,mappo,17,regression_04,1,"{""event"": [-0.3004474341869354, 0.18815696239471436], ""fast"": [0.4528973698616028, -0.7235136032104492], ""slow"": [-0.12316729128360748, 0.014713294804096222, -0.13826879858970642]}","{""event"": [0.380222, 0.619778], ""fast"": [0.764302, 0.235698], ""slow"": [0.319198, 0.366388, 0.314414]}","{""event"": 1, ""fast"": 0, ""slow"": 1}",independent_head_argmax,4,4,4,event_head_prepare,"[true, true, true, true, true]",False,"[0.139309, 0.119547, 0.028606, 0.09276, 0.619778]",-0.478395,-0.478395,True
regression,mappo,17,regression_04,2,"{""event"": [-0.36354678869247437, 0.266629159450531], ""fast"": [0.4521963596343994, -0.7412089109420776], ""slow"": [-0.12707924842834473, -0.03576340526342392, -0.076637864112854]}","{""event"": [0.347471, 0.652529], ""fast"": [0.767349, 0.23265], ""slow"": [0.317728, 0.348107, 0.334165]}","{""event"": 1, ""fast"": 0, ""slow"": 1}",independent_head_argmax,4,4,4,event_head_prepare,"[true, false, true, true, true]",False,"[0.136847, 0.0, 0.029059, 0.095845, 0.738249]",-0.303474,-0.303474,True
regression,mappo,17,regression_04,3,"{""event"": [-0.3407967686653137, 0.24607771635055542], ""fast"": [0.340861976146698, -0.6140209436416626], ""slow"": [-0.13265839219093323, -0.01569501683115959, -0.09328072518110275]}","{""event"": [0.357352, 0.642648], ""fast"": [0.722096, 0.277904], ""slow"": [0.316032, 0.355244, 0.328724]}","{""event"": 1, ""fast"": 0, ""slow"": 1}",independent_head_argmax,4,4,4,event_head_prepare,"[true, false, true, true, true]",False,"[0.143845, 0.0, 0.035563, 0.092404, 0.728188]",-0.317196,-0.317196,True
regression,mappo,17,regression_04,4,"{""event"": [-0.12146984785795212, 0.030754096806049347], ""fast"": [0.09009184688329697, -0.3275870978832245], ""slow"": [-0.130397230386734, 0.19799134135246277, -0.30742064118385315]}","{""event"": [0.462017, 0.537983], ""fast"": [0.602928, 0.397072], ""slow"": [0.309934, 0.430415, 0.259651]}","{""event"": 1, ""fast"": 0, ""slow"": 1}",independent_head_argmax,4,4,4,event_head_prepare,"[true, true, true, true, true]",False,"[0.198859, 0.119963, 0.056859, 0.086336, 0.537983]",-0.619929,-0.619929,True
regression,mappo,17,regression_05,0,"{""event"": [-0.020069770514965057, -0.06249435245990753], ""fast"": [-0.15880833566188812, -0.05509619414806366], ""slow"": [-0.11135740578174591, 0.2248881757259369, -0.3308336138725281]}","{""event"": [0.510605, 0.489395], ""fast"": [0.474095, 0.525905], ""slow"": [0.312244, 0.437043, 0.250713]}","{""event"": 0, ""fast"": 1, ""slow"": 1}",independent_head_argmax,0,0,0,slow_head_cache_fill,"[true, true, true, true, true]",False,"[0.223156, 0.128015, 0.083847, 0.075587, 0.489395]",-1.499884,-1.499884,True
regression,mappo,17,regression_05,1,"{""event"": [-0.4659266769886017, 0.3392639458179474], ""fast"": [0.6175308227539062, -0.902498722076416], ""slow"": [-0.11221298575401306, -0.1332818567752838, 0.03341825306415558]}","{""event"": [0.308916, 0.691084], ""fast"": [0.820543, 0.179457], ""slow"": [0.318886, 0.312237, 0.368877]}","{""event"": 1, ""fast"": 0, ""slow"": 2}",independent_head_argmax,4,4,4,event_head_prepare,"[true, true, true, true, true]",False,"[0.096455, 0.113952, 0.017678, 0.080831, 0.691084]",-0.369494,-0.369494,True
regression,mappo,17,regression_05,2,"{""event"": [-0.40843451023101807, 0.292483925819397], ""fast"": [0.5247774124145508, -0.8062376976013184], ""slow"": [-0.11569944769144058, -0.06594985723495483, -0.028889425098896027]}","{""event"": [0.331609, 0.668391], ""fast"": [0.791009, 0.208991], ""slow"": [0.318299, 0.334535, 0.347166]}","{""event"": 1, ""fast"": 0, ""slow"": 2}",independent_head_argmax,4,4,4,event_head_prepare,"[true, true, true, true, true]",False,"[0.110935, 0.115123, 0.022059, 0.083492, 0.668391]",-0.402881,-0.402881,True
regression,mappo,17,regression_05,3,"{""event"": [-0.4732477068901062, 0.3720227777957916], ""fast"": [0.4620280861854553, -0.7413771152496338], ""slow"": [-0.1196223571896553, -0.14682987332344055, 0.05832935869693756]}","{""event"": [0.300426, 0.699574], ""fast"": [0.76913, 0.23087], ""slow"": [0.315664, 0.307191, 0.377145]}","{""event"": 1, ""fast"": 0, ""slow"": 2}",independent_head_argmax,4,4,4,event_head_prepare,"[true, false, true, true, true]",False,"[0.104081, 0.0, 0.024692, 0.08226, 0.788967]",-0.23703,-0.23703,True
regression,mappo,17,regression_05,4,"{""event"": [-0.44655394554138184, 0.34782835841178894], ""fast"": [0.40845274925231934, -0.6945933103561401], ""slow"": [-0.12398631870746613, -0.09472306072711945, 0.01918240636587143]}","{""event"": [0.311228, 0.688772], ""fast"": [0.75083, 0.24917], ""slow"": [0.314108, 0.323435, 0.362457]}","{""event"": 1, ""fast"": 0, ""slow"": 2}",independent_head_argmax,4,4,4,event_head_prepare,"[true, false, true, true, true]",False,"[0.113462, 0.0, 0.027456, 0.082734, 0.776349]",-0.253153,-0.253153,True
regression,mappo,17,regression_06,0,"{""event"": [-0.10818669945001602, 0.03299889713525772], ""fast"": [0.17795002460479736, -0.428472101688385], ""slow"": [-0.09870554506778717, 0.14431491494178772, -0.2512438893318176]}","{""event"": [0.464762, 0.535238], ""fast"": [0.647124, 0.352876], ""slow"": [0.31912, 0.406908, 0.273973]}","{""event"": 1, ""fast"": 0, ""slow"": 1}",independent_head_argmax,4,4,4,event_head_prepare,"[true, true, true, true, true]",False,"[0.189115, 0.127332, 0.052337, 0.095978, 0.535238]",-0.625044,-0.625044,True
regression,mappo,17,regression_06,1,"{""event"": [-0.09609618037939072, 0.02545502781867981], ""fast"": [0.12826770544052124, -0.37577685713768005], ""slow"": [-0.1066906601190567, 0.15869462490081787, -0.2600192725658417]}","{""event"": [0.46965, 0.53035], ""fast"": [0.623409, 0.376591], ""slow"": [0.316277, 0.412405, 0.271318]}","{""event"": 1, ""fast"": 0, ""slow"": 1}",independent_head_argmax,4,4,4,event_head_prepare,"[true, true, true, true, true]",False,"[0.193686, 0.127424, 0.055939, 0.092601, 0.53035]",-0.634217,-0.634217,True
regression,mappo,17,regression_06,2,"{""event"": [-0.1730925738811493, 0.112889863550663], ""fast"": [0.11012280732393265, -0.38063937425613403], ""slow"": [-0.10650509595870972, 0.10537049919366837, -0.19381582736968994]}","{""event"": [0.428988, 0.571012], ""fast"": [0.620286, 0.379714], ""slow"": [0.31722, 0.392082, 0.290698]}","{""event"": 1, ""fast"": 0, ""slow"": 1}",independent_head_argmax,4,4,4,event_head_prepare,"[true, false, true, true, true]",False,"[0.192162, 0.0, 0.059035, 0.096437, 0.652366]",-0.427149,-0.427149,True
regression,mappo,17,regression_06,3,"{""event"": [-0.14943674206733704, 0.0905914232134819], ""fast"": [-0.019081689417362213, -0.23270174860954285], ""slow"": [-0.11217854917049408, 0.12636369466781616, -0.21079695224761963]}","{""event"": [0.440279, 0.559721], ""fast"": [0.553203, 0.446797], ""slow"": [0.314912, 0.399749, 0.285339]}","{""event"": 1, ""fast"": 0, ""slow"": 1}",independent_head_argmax,4,4,4,event_head_prepare,"[true, false, true, true, true]",False,"[0.201289, 0.0, 0.070849, 0.087722, 0.640141]",-0.446067,-0.446067,True
regression,mappo,17,regression_06,4,"{""event"": [0.06742344051599503, -0.11818048357963562], ""fast"": [-0.25804221630096436, 0.041965506970882416], ""slow"": [-0.11039036512374878, 0.3273153603076935, -0.4103474020957947]}","{""event"": [0.546268, 0.453732], ""fast"": [0.425556, 0.574444], ""slow"": [0.303951, 0.470866, 0.225182]}","{""event"": 0, ""fast"": 1, ""slow"": 1}",independent_head_argmax,0,0,0,slow_head_cache_fill,"[true, true, true, true, true]",False,"[0.257219, 0.12301, 0.09538, 0.070659, 0.453732]",-1.357826,-1.357826,True
regression,mappo,17,regression_07,0,"{""event"": [-0.06999290734529495, -0.004859700798988342], ""fast"": [0.10122329741716385, -0.3236963748931885], ""slow"": [-0.08606599271297455, 0.16941088438034058, -0.26227492094039917]}","{""event"": [0.483722, 0.516278], ""fast"": [0.60466, 0.39534], ""slow"": [0.319538, 0.412548, 0.267914]}","{""event"": 1, ""fast"": 0, ""slow"": 1}",independent_head_argmax,4,4,4,event_head_prepare,"[true, true, true, true, true]",False,"[0.199559, 0.129596, 0.061107, 0.093461, 0.516278]",-0.661111,-0.661111,True
regression,mappo,17,regression_07,1,"{""event"": [-0.05659636855125427, -0.016690880060195923], ""fast"": [0.018663913011550903, -0.2291487157344818], ""slow"": [-0.08894239366054535, 0.18282461166381836, -0.27098262310028076]}","{""event"": [0.490025, 0.509975], ""fast"": [0.561638, 0.438362], ""slow"": [0.317879, 0.417147, 0.264974]}","{""event"": 1, ""fast"": 0, ""slow"": 1}",independent_head_argmax,4,4,4,event_head_prepare,"[true, true, true, true, true]",False,"[0.204412, 0.129844, 0.068283, 0.087486, 0.509975]",-0.673393,-0.673393,True
regression,mappo,17,regression_07,2,"{""event"": [0.5344697833061218, -0.5028475522994995], ""fast"": [-0.9914128184318542, 0.8531908392906189], ""slow"": [-0.0803840160369873, 0.6031115651130676, -0.6747274398803711]}","{""event"": [0.738332, 0.261668], ""fast"": [0.136508, 0.863492], ""slow"": [0.283068, 0.560699, 0.156233]}","{""event"": 0, ""fast"": 1, ""slow"": 1}",independent_head_argmax,0,0,0,slow_head_cache_fill,"[true, true, true, true, true]",False,"[0.413982, 0.115351, 0.180469, 0.02853, 0.261668]",-0.881933,-0.881933,True
regression,mappo,17,regression_07,3,"{""event"": [-0.02679350972175598, -0.04439769685268402], ""fast"": [-0.09156662970781326, -0.10933487117290497], ""slow"": [-0.09049121290445328, 0.21931001543998718, -0.3002675175666809]}","{""event"": [0.504401, 0.495599], ""fast"": [0.504442, 0.495558], ""slow"": [0.315068, 0.429486, 0.255446]}","{""event"": 0, ""fast"": 0, ""slow"": 1}",independent_head_argmax,0,0,0,slow_head_cache_fill,"[true, true, true, true, true]",False,"[0.216633, 0.128847, 0.078754, 0.080166, 0.495599]",-1.52955,-1.52955,True
regression,mappo,17,regression_07,4,"{""event"": [0.39168471097946167, -0.3665335774421692], ""fast"": [-0.8207727074623108, 0.674951434135437], ""slow"": [-0.10409383475780487, 0.5142310857772827, -0.5957499146461487]}","{""event"": [0.680967, 0.319033], ""fast"": [0.183064, 0.816936], ""slow"": [0.288398, 0.535214, 0.176388]}","{""event"": 0, ""fast"": 1, ""slow"": 1}",independent_head_argmax,0,0,0,slow_head_cache_fill,"[true, true, true, true, true]",False,"[0.364463, 0.120114, 0.160438, 0.035952, 0.319033]",-1.00933,-1.00933,True
regression,mappo,17,regression_07,5,"{""event"": [-0.16606080532073975, 0.0933762639760971], ""fast"": [0.09400927275419235, -0.3099514842033386], ""slow"": [-0.11168242990970612, 0.12441042810678482, -0.21611471474170685]}","{""event"": [0.435502, 0.564498], ""fast"": [0.599639, 0.400361], ""slow"": [0.315744, 0.399823, 0.284433]}","{""event"": 1, ""fast"": 0, ""slow"": 1}",independent_head_argmax,4,4,4,event_head_prepare,"[true, true, true, true, true]",False,"[0.174124, 0.123871, 0.055052, 0.082455, 0.564498]",-0.571819,-0.571819,True
regression,mappo,17,regression_07,6,"{""event"": [0.3171444535255432, -0.33215829730033875], ""fast"": [-0.7744182348251343, 0.629490315914154], ""slow"": [-0.10684510320425034, 0.4851880371570587, -0.571761965751648]}","{""event"": [0.656853, 0.343147], ""fast"": [0.197197, 0.802803], ""slow"": [0.291049, 0.526118, 0.182833]}","{""event"": 0, ""fast"": 1, ""slow"": 1}",independent_head_argmax,0,0,0,slow_head_cache_fill,"[true, true, true, true, true]",False,"[0.345582, 0.120095, 0.153477, 0.037699, 0.343147]",-1.062525,-1.062525,True
regression,mappo,17,regression_07,7,"{""event"": [-0.17812111973762512, 0.10289938747882843], ""fast"": [0.12140554934740067, -0.3368147611618042], ""slow"": [-0.11726129055023193, 0.10975228995084763, -0.2001388669013977]}","{""event"": [0.430204, 0.569796], ""fast"": [0.612592, 0.387408], ""slow"": [0.31493, 0.395189, 0.289881]}","{""event"": 1, ""fast"": 0, ""slow"": 1}",independent_head_argmax,4,4,4,event_head_prepare,"[true, true, true, true, true]",False,"[0.170012, 0.124708, 0.052488, 0.082996, 0.569796]",-0.562476,-0.562476,True
regression,mappo,17,regression_07,8,"{""event"": [0.15704190731048584, -0.1754469871520996], ""fast"": [-0.6756194233894348, 0.499135285615921], ""slow"": [-0.11544832587242126, 0.370524138212204, -0.44038355350494385]}","{""event"": [0.582365, 0.417635], ""fast"": [0.235997, 0.764003], ""slow"": [0.298656, 0.485542, 0.215801]}","{""event"": 0, ""fast"": 1, ""slow"": 1}",independent_head_argmax,0,0,0,slow_head_cache_fill,"[true, false, true, true, true]",False,"[0.323407, 0.0, 0.151981, 0.046946, 0.477666]",-1.128844,-1.128844,True
regression,mappo,17,regression_07,9,"{""event"": [-0.32095906138420105, 0.2508155405521393], ""fast"": [0.20864719152450562, -0.45851945877075195], ""slow"": [-0.12311828881502151, -0.008047647774219513, -0.06515785306692123]}","{""event"": [0.360827, 0.639173], ""fast"": [0.660868, 0.339132], ""slow"": [0.314305, 0.352635, 0.33306]}","{""event"": 1, ""fast"": 0, ""slow"": 1}",independent_head_argmax,4,4,4,event_head_prepare,"[true, false, true, true, true]",False,"[0.144621, 0.0, 0.043714, 0.085186, 0.726479]",-0.319546,-0.319546,True
regression,mappo,17,regression_07,10,"{""event"": [-0.25827255845069885, 0.19615349173545837], ""fast"": [0.07421574741601944, -0.3072231113910675], ""slow"": [-0.12053432315587997, 0.039907097816467285, -0.11833982914686203]}","{""event"": [0.388309, 0.611691], ""fast"": [0.59422, 0.40578], ""slow"": [0.314839, 0.36963, 0.315531]}","{""event"": 1, ""fast"": 0, ""slow"": 1}",independent_head_argmax,4,4,4,event_head_prepare,"[true, false, true, true, true]",False,"[0.163572, 0.0, 0.056535, 0.08279, 0.697102]",-0.360823,-0.360823,True
regression,mappo,17,regression_07,11,"{""event"": [-0.3090505003929138, 0.23763525485992432], ""fast"": [0.15164649486541748, -0.3974217474460602], ""slow"": [-0.1268230676651001, 0.009967885911464691, -0.0782463550567627]}","{""event"": [0.366634, 0.633366], ""fast"": [0.633919, 0.366081], ""slow"": [0.312855, 0.358716, 0.328428]}","{""event"": 1, ""fast"": 0, ""slow"": 1}",independent_head_argmax,4,4,4,event_head_prepare,"[true, false, true, true, true]",False,"[0.149522, 0.0, 0.047739, 0.082667, 0.720072]",-0.328404,-0.328404,True
regression,mappo,17,regression_08,0,"{""event"": [-0.46767565608024597, 0.3423014283180237], ""fast"": [0.6613811254501343, -0.9516211152076721], ""slow"": [-0.10532943904399872, -0.14285112917423248, 0.03597572445869446]}","{""event"": [0.307895, 0.692105], ""fast"": [0.833828, 0.166172], ""slow"": [0.321032, 0.30921, 0.369758]}","{""event"": 1, ""fast"": 0, ""slow"": 2}",independent_head_argmax,4,4,4,event_head_prepare,"[true, true, true, true, true]",False,"[0.095204, 0.113847, 0.016425, 0.082419, 0.692105]",-0.368018,-0.368018,True
regression,mappo,17,regression_08,1,"{""event"": [-0.5570635795593262, 0.4422617256641388], ""fast"": [0.686505138874054, -0.9998281598091125], ""slow"": [-0.11033140122890472, -0.22790297865867615, 0.13879035413265228]}","{""event"": [0.269074, 0.730926], ""fast"": [0.843741, 0.156259], ""slow"": [0.315261, 0.280291, 0.404448]}","{""event"": 1, ""fast"": 0, ""slow"": 2}",independent_head_argmax,4,4,4,event_head_prepare,"[true, false, true, true, true]",False,"[0.084629, 0.0, 0.014874, 0.080314, 0.820184]",-0.198227,-0.198227,True
regression,mappo,17,regression_08,2,"{""event"": [-0.06511595100164413, 0.004459574818611145], ""fast"": [-0.2611953020095825, 0.03945080190896988], ""slow"": [-0.11774755269289017, 0.19503509998321533, -0.2809240221977234]}","{""event"": [0.482613, 0.517387], ""fast"": [0.4254, 0.5746], ""slow"": [0.310881, 0.425044, 0.264075]}","{""event"": 1, ""fast"": 1, ""slow"": 1}",independent_head_argmax,4,4,4,event_head_prepare,"[true, false, true, true, true]",False,"[0.235094, 0.0, 0.098802, 0.073147, 0.592957]",-0.522633,-0.522633,True
regression,mappo,17,regression_08,3,"{""event"": [-0.091426320374012, 0.02652059495449066], ""fast"": [-0.22867175936698914, 0.007461346685886383], ""slow"": [-0.12063854932785034, 0.16796717047691345, -0.2531701326370239]}","{""event"": [0.470547, 0.529453], ""fast"": [0.44124, 0.55876], ""slow"": [0.311484, 0.415695, 0.272821]}","{""event"": 1, ""fast"": 1, ""slow"": 1}",independent_head_argmax,4,4,4,event_head_prepare,"[true, false, true, true, true]",False,"[0.224413, 0.0, 0.093958, 0.074197, 0.607432]",-0.498515,-0.498515,True
regression,mappo,17,regression_08,4,"{""event"": [-0.3608610928058624, 0.2478007674217224], ""fast"": [0.4514368176460266, -0.7142524719238281], ""slow"": [-0.11185842007398605, -0.035001933574676514, -0.06755639612674713]}","{""event"": [0.352365, 0.647636], ""fast"": [0.762365, 0.237635], ""slow"": [0.319981, 0.345543, 0.334476]}","{""event"": 1, ""fast"": 0, ""slow"": 1}",independent_head_argmax,4,4,4,event_head_prepare,"[true, true, true, true, true]",False,"[0.121757, 0.117857, 0.026793, 0.085957, 0.647636]",-0.434427,-0.434427,True
regression,mappo,17,regression_08,5,"{""event"": [-0.5098370313644409, 0.40505358576774597], ""fast"": [0.5695938467979431, -0.8666890859603882], ""slow"": [-0.12020761519670486, -0.17280703783035278, 0.08679379522800446]}","{""event"": [0.286, 0.714], ""fast"": [0.807878, 0.192122], ""slow"": [0.31459, 0.29847, 0.38694]}","{""event"": 1, ""fast"": 0, ""slow"": 2}",independent_head_argmax,4,4,4,event_head_prepare,"[true, false, true, true, true]",False,"[0.095985, 0.0, 0.019437, 0.081732, 0.802847]",-0.219591,-0.219591,True
regression,mappo,17,regression_08,6,"{""event"": [0.0023122206330299377, -0.058730751276016235], ""fast"": [-0.4467063844203949, 0.2329990565776825], ""slow"": [-0.11902791261672974, 0.26253601908683777, -0.33817899227142334]}","{""event"": [0.515256, 0.484744], ""fast"": [0.336327, 0.663673], ""slow"": [0.306019, 0.448187, 0.245794]}","{""event"": 0, ""fast"": 1, ""slow"": 1}",independent_head_argmax,0,0,0,slow_head_cache_fill,"[true, false, true, true, true]",False,"[0.264419, 0.0, 0.119822, 0.060722, 0.555038]",-1.330221,-1.330221,True
regression,mappo,17,regression_08,7,"{""event"": [0.17657071352005005, -0.22438377141952515], ""fast"": [-0.6155000925064087, 0.44137343764305115], ""slow"": [-0.12425221502780914, 0.40530163049697876, -0.4875199794769287]}","{""event"": [0.598917, 0.401083], ""fast"": [0.257907, 0.742093], ""slow"": [0.294675, 0.500409, 0.204917]}","{""event"": 0, ""fast"": 1, ""slow"": 1}",independent_head_argmax,0,0,0,slow_head_cache_fill,"[true, true, true, true, true]",False,"[0.299703, 0.122728, 0.130969, 0.045517, 0.401083]",-1.204962,-1.204962,True
regression,mappo,17,regression_09,0,"{""event"": [-0.32900717854499817, 0.23418168723583221], ""fast"": [0.4957513213157654, -0.7584874033927917], ""slow"": [-0.10501956194639206, -0.03445560112595558, -0.06733813136816025]}","{""event"": [0.36281, 0.63719], ""fast"": [0.778033, 0.221967], ""slow"": [0.321387, 0.344885, 0.333728]}","{""event"": 1, ""fast"": 0, ""slow"": 1}",independent_head_argmax,4,4,4,event_head_prepare,"[true, true, true, true, true]",False,"[0.125128, 0.12108, 0.025882, 0.090721, 0.63719]",-0.450687,-0.450687,True
regression,mappo,17,regression_09,1,"{""event"": [-0.4717971980571747, 0.3770359456539154], ""fast"": [0.5699399709701538, -0.8601762056350708], ""slow"": [-0.10932821035385132, -0.16285830736160278, 0.07638882100582123]}","{""event"": [0.299678, 0.700322], ""fast"": [0.806919, 0.193081], ""slow"": [0.317263, 0.300726, 0.382011]}","{""event"": 1, ""fast"": 0, ""slow"": 2}",independent_head_argmax,4,4,4,event_head_prepare,"[true, false, true, true, true]",False,"[0.101772, 0.0, 0.020731, 0.086637, 0.79086]",-0.234634,-0.234634,True
regression,mappo,17,regression_09,2,"{""event"": [-0.30304333567619324, 0.20815309882164001], ""fast"": [0.4032765030860901, -0.6585447788238525], ""slow"": [-0.10928378254175186, 0.005881033837795258, -0.09992679208517075]}","{""event"": [0.374913, 0.625087], ""fast"": [0.743038, 0.256962], ""slow"": [0.31934, 0.358318, 0.322342]}","{""event"": 1, ""fast"": 0, ""slow"": 1}",independent_head_argmax,4,4,4,event_head_prepare,"[true, true, true, true, true]",False,"[0.134338, 0.12085, 0.030765, 0.08896, 0.625087]",-0.469865,-0.469865,True
regression,mappo,17,regression_09,3,"{""event"": [-0.4474675953388214, 0.35356560349464417], ""fast"": [0.4864826798439026, -0.7706536054611206], ""slow"": [-0.11430864036083221, -0.1253652274608612, 0.04587040841579437]}","{""event"": [0.309805, 0.690195], ""fast"": [0.778533, 0.221467], ""slow"": [0.316183, 0.312706, 0.371111]}","{""event"": 1, ""fast"": 0, ""slow"": 2}",independent_head_argmax,4,4,4,event_head_prepare,"[true, false, true, true, true]",False,"[0.109463, 0.0, 0.024512, 0.086168, 0.779857]",-0.248645,-0.248645,True
regression,mappo,17,regression_09,4,"{""event"": [-0.19371983408927917, 0.11516161262989044], ""fast"": [0.20027250051498413, -0.4291538894176483], ""slow"": [-0.11252585798501968, 0.10157874971628189, -0.19419315457344055]}","{""event"": [0.423388, 0.576612], ""fast"": [0.652359, 0.347641], ""slow"": [0.316423, 0.391969, 0.291608]}","{""event"": 1, ""fast"": 0, ""slow"": 1}",independent_head_argmax,4,4,4,event_head_prepare,"[true, true, true, true, true]",False,"[0.165955, 0.123463, 0.046573, 0.087396, 0.576612]",-0.550585,-0.550585,True
regression,mappo,17,regression_09,5,"{""event"": [-0.3725774586200714, 0.2907777428627014], ""fast"": [0.31136488914489746, -0.5711503028869629], ""slow"": [-0.11870314180850983, -0.05383607745170593, -0.02229161560535431]}","{""event"": [0.339986, 0.660014], ""fast"": [0.707343, 0.292657], ""slow"": [0.315634, 0.336787, 0.34758]}","{""event"": 1, ""fast"": 0, ""slow"": 2}",independent_head_argmax,4,4,4,event_head_prepare,"[true, false, true, true, true]",False,"[0.129847, 0.0, 0.035614, 0.086078, 0.748461]",-0.289736,-0.289736,True
regression,mappo,17,regression_09,6,"{""event"": [-0.3255455493927002, 0.25174054503440857], ""fast"": [0.22738397121429443, -0.4839785397052765], ""slow"": [-0.1188424602150917, -0.0024731308221817017, -0.07016824185848236]}","{""event"": [0.359557, 0.640443], ""fast"": [0.670702, 0.329298], ""slow"": [0.31513, 0.354021, 0.330849]}","{""event"": 1, ""fast"": 0, ""slow"": 1}",independent_head_argmax,4,4,4,event_head_prepare,"[true, false, true, true, true]",False,"[0.144478, 0.0, 0.04235, 0.086257, 0.726916]",-0.318944,-0.318944,True
regression,mappo,17,regression_09,7,"{""event"": [-0.3280695676803589, 0.2528509497642517], ""fast"": [0.18659496307373047, -0.4371984302997589], ""slow"": [-0.12310507893562317, -0.0025205761194229126, -0.06505787372589111]}","{""event"": [0.358721, 0.641279], ""fast"": [0.651081, 0.348919], ""slow"": [0.313684, 0.353885, 0.332431]}","{""event"": 1, ""fast"": 0, ""slow"": 1}",independent_head_argmax,4,4,4,event_head_prepare,"[true, false, true, true, true]",False,"[0.144134, 0.0, 0.044578, 0.083182, 0.728106]",-0.317309,-0.317309,True
regression,mappo,17,regression_09,8,"{""event"": [-0.26464760303497314, 0.19750988483428955], ""fast"": [0.06041707843542099, -0.2920842468738556], ""slow"": [-0.12157750129699707, 0.03712166100740433, -0.11389957368373871]}","{""event"": [0.386474, 0.613526], ""fast"": [0.587224, 0.412776], ""slow"": [0.314496, 0.368584, 0.31692]}","{""event"": 1, ""fast"": 0, ""slow"": 1}",independent_head_argmax,4,4,4,event_head_prepare,"[true, false, true, true, true]",False,"[0.162331, 0.0, 0.057173, 0.081336, 0.69916]",-0.357876,-0.357876,True
regression,mappo,17,regression_10,0,"{""event"": [-0.2966310381889343, 0.19932368397712708], ""fast"": [0.4494996666908264, -0.7142955660820007], ""slow"": [-0.10068640857934952, -0.00540924072265625, -0.11749958992004395]}","{""event"": [0.378492, 0.621508], ""fast"": [0.762022, 0.237978], ""slow"": [0.324329, 0.35675, 0.318921]}","{""event"": 1, ""fast"": 0, ""slow"": 1}",independent_head_argmax,4,4,4,event_head_prepare,"[true, true, true, true, true]",False,"[0.135027, 0.120709, 0.029213, 0.093543, 0.621508]",-0.475606,-0.475606,True
regression,mappo,17,regression_10,1,"{""event"": [-0.395235538482666, 0.30638960003852844], ""fast"": [0.4633387327194214, -0.7493740320205688], ""slow"": [-0.10736483335494995, -0.09210431575775146, -0.009767770767211914]}","{""event"": [0.331452, 0.668548], ""fast"": [0.770779, 0.229221], ""slow"": [0.320729, 0.325661, 0.35361]}","{""event"": 1, ""fast"": 0, ""slow"": 2}",independent_head_argmax,4,4,4,event_head_prepare,"[true, false, true, true, true]",False,"[0.122272, 0.0, 0.027603, 0.092817, 0.757308]",-0.277985,-0.277985,True
regression,mappo,17,regression_10,2,"{""event"": [0.14196619391441345, -0.17086805403232574], ""fast"": [-0.6053690314292908, 0.4213820993900299], ""slow"": [-0.1065116673707962, 0.3459022343158722, -0.4461851716041565]}","{""event"": [0.577577, 0.422423], ""fast"": [0.263714, 0.736286], ""slow"": [0.304497, 0.4787, 0.216803]}","{""event"": 0, ""fast"": 1, ""slow"": 1}",independent_head_argmax,0,0,0,slow_head_cache_fill,"[true, false, true, true, true]",False,"[0.316064, 0.0, 0.148027, 0.053019, 0.482891]",-1.151811,-1.151811,True
regression,mappo,17,regression_10,3,"{""event"": [-0.3279326558113098, 0.2544625997543335], ""fast"": [0.3044706881046295, -0.5720392465591431], ""slow"": [-0.11917924880981445, -0.017776135355234146, -0.07825993001461029]}","{""event"": [0.358382, 0.641618], ""fast"": [0.706098, 0.293902], ""slow"": [0.317612, 0.351509, 0.330879]}","{""event"": 1, ""fast"": 0, ""slow"": 1}",independent_head_argmax,4,4,4,event_head_prepare,"[true, false, true, true, true]",False,"[0.142922, 0.0, 0.037954, 0.091186, 0.727938]",-0.31754,-0.31754,True
regression,mappo,17,regression_10,4,"{""event"": [-0.0999201163649559, 0.03464139997959137], ""fast"": [0.04839600622653961, -0.27720269560813904], ""slow"": [-0.11807654052972794, 0.19399631023406982, -0.29664358496665955]}","{""event"": [0.46641, 0.53359], ""fast"": [0.580688, 0.419312], ""slow"": [0.312234, 0.426592, 0.261174]}","{""event"": 1, ""fast"": 0, ""slow"": 1}",independent_head_argmax,4,4,4,event_head_prepare,"[true, true, true, true, true]",False,"[0.198967, 0.121814, 0.061064, 0.084565, 0.53359]",-0.628128,-0.628128,True
regression,mappo,17,regression_11,0,"{""event"": [-0.3467637598514557, 0.23349100351333618], ""fast"": [0.43921959400177, -0.7188829183578491], ""slow"": [-0.09605847299098969, -0.04344695433974266, -0.048234723508358]}","{""event"": [0.358874, 0.641126], ""fast"": [0.760988, 0.239012], ""slow"": [0.322268, 0.339677, 0.338055]}","{""event"": 1, ""fast"": 0, ""slow"": 1}",independent_head_argmax,4,4,4,event_head_prepare,"[true, true, true, true, true]",False,"[0.121901, 0.121319, 0.027643, 0.088011, 0.641126]",-0.444529,-0.444529,True
regression,mappo,17,regression_11,1,"{""event"": [-0.1310674250125885, 0.06531873345375061], ""fast"": [-0.17066343128681183, -0.07386954128742218], ""slow"": [-0.11605765670537949, 0.12145308405160904, -0.19748322665691376]}","{""event"": [0.451061, 0.548939], ""fast"": [0.47582, 0.52418], ""slow"": [0.31349, 0.397534, 0.288976]}","{""event"": 1, ""fast"": 1, ""slow"": 1}",independent_head_argmax,4,4,4,event_head_prepare,"[true, false, true, true, true]",False,"[0.206187, 0.0, 0.08523, 0.077367, 0.631216]",-0.460108,-0.460108,True
regression,mappo,17,regression_11,2,"{""event"": [-0.4998839497566223, 0.37609365582466125], ""fast"": [0.565193772315979, -0.8776957392692566], ""slow"": [-0.10162688791751862, -0.16803225874900818, 0.08318853378295898]}","{""event"": [0.294012, 0.705988], ""fast"": [0.808902, 0.191098], ""slow"": [0.318598, 0.298129, 0.383273]}","{""event"": 1, ""fast"": 0, ""slow"": 2}",independent_head_argmax,4,4,4,event_head_prepare,"[true, false, true, true, true]",False,"[0.098785, 0.0, 0.020174, 0.085394, 0.795647]",-0.2286,-0.2286,True
regression,mappo,17,regression_11,3,"{""event"": [-0.48794054985046387, 0.3668869137763977], ""fast"": [0.4997853636741638, -0.8057239055633545], ""slow"": [-0.1081346720457077, -0.15126317739486694, 0.07385209202766418]}","{""event"": [0.298421, 0.701579], ""fast"": [0.786761, 0.213239], ""slow"": [0.316718, 0.303348, 0.379934]}","{""event"": 1, ""fast"": 0, ""slow"": 2}",independent_head_argmax,4,4,4,event_head_prepare,"[true, false, true, true, true]",False,"[0.102102, 0.0, 0.022732, 0.08387, 0.791296]",-0.234083,-0.234083,True
regression,mappo,17,regression_11,4,"{""event"": [-0.2151009440422058, 0.12163914740085602], ""fast"": [0.13657036423683167, -0.3902797996997833], ""slow"": [-0.10772602260112762, 0.09795419126749039, -0.17316803336143494]}","{""event"": [0.416602, 0.583398], ""fast"": [0.628748, 0.371252], ""slow"": [0.315954, 0.388106, 0.29594]}","{""event"": 1, ""fast"": 0, ""slow"": 1}",independent_head_argmax,4,4,4,event_head_prepare,"[true, true, true, true, true]",False,"[0.161685, 0.123289, 0.048867, 0.08276, 0.583398]",-0.538885,-0.538885,True
regression,mappo,17,regression_11,5,"{""event"": [0.09410308301448822, -0.13787585496902466], ""fast"": [-0.6277855038642883, 0.4129404127597809], ""slow"": [-0.11236683279275894, 0.3219710886478424, -0.3768121004104614]}","{""event"": [0.557736, 0.442264], ""fast"": [0.26101, 0.73899], ""slow"": [0.301971, 0.466226, 0.231803]}","{""event"": 0, ""fast"": 1, ""slow"": 1}",independent_head_argmax,0,0,0,slow_head_cache_fill,"[true, false, true, true, true]",False,"[0.298641, 0.0, 0.142941, 0.050487, 0.507932]",-1.208514,-1.208514,True
frozen_check,mappo,17,frozen_check_00,0,"{""event"": [-0.46582889556884766, 0.34118327498435974], ""fast"": [0.6590667366981506, -0.9489247798919678], ""slow"": [-0.10535284876823425, -0.14131587743759155, 0.03495520353317261]}","{""event"": [0.308528, 0.691472], ""fast"": [0.833132, 0.166868], ""slow"": [0.320996, 0.309657, 0.369347]}","{""event"": 1, ""fast"": 0, ""slow"": 2}",independent_head_argmax,4,4,4,event_head_prepare,"[true, true, true, true, true]",False,"[0.095538, 0.113954, 0.016526, 0.08251, 0.691472]",-0.368932,-0.368932,True
frozen_check,mappo,17,frozen_check_00,1,"{""event"": [-0.560595691204071, 0.442743182182312], ""fast"": [0.6783031821250916, -0.989219069480896], ""slow"": [-0.1088889092206955, -0.230224609375, 0.14125694334506989]}","{""event"": [0.268285, 0.731715], ""fast"": [0.841245, 0.158755], ""slow"": [0.315462, 0.279417, 0.405121]}","{""event"": 1, ""fast"": 0, ""slow"": 2}",independent_head_argmax,4,4,4,event_head_prepare,"[true, false, true, true, true]",False,"[0.084105, 0.0, 0.015074, 0.07988, 0.820941]",-0.197304,-0.197304,True
frozen_check,mappo,17,frozen_check_00,2,"{""event"": [-0.05989658832550049, 0.0018007159233093262], ""fast"": [-0.2610355019569397, 0.044273100793361664], ""slow"": [-0.11655399203300476, 0.18898484110832214, -0.27916812896728516]}","{""event"": [0.484581, 0.515419], ""fast"": [0.42426, 0.57574], ""slow"": [0.311791, 0.423212, 0.264997]}","{""event"": 1, ""fast"": 1, ""slow"": 1}",independent_head_argmax,4,4,4,event_head_prepare,"[true, false, true, true, true]",False,"[0.235295, 0.0, 0.099803, 0.073545, 0.591357]",-0.525335,-0.525335,True
frozen_check,mappo,17,frozen_check_00,3,"{""event"": [-0.08617565780878067, 0.02382393181324005], ""fast"": [-0.22898456454277039, 0.012672491371631622], ""slow"": [-0.11938832700252533, 0.16204410791397095, -0.2515453100204468]}","{""event"": [0.472528, 0.527472], ""fast"": [0.439878, 0.560122], ""slow"": [0.31238, 0.413912, 0.273708]}","{""event"": 1, ""fast"": 1, ""slow"": 1}",independent_head_argmax,4,4,4,event_head_prepare,"[true, false, true, true, true]",False,"[0.224638, 0.0, 0.09496, 0.074575, 0.605827]",-0.501161,-0.501161,True
frozen_check,mappo,17,frozen_check_00,4,"{""event"": [-0.3544585704803467, 0.24419021606445312], ""fast"": [0.4497693181037903, -0.7080397605895996], ""slow"": [-0.11029519140720367, -0.040682602673769, -0.06659691035747528]}","{""event"": [0.354653, 0.645347], ""fast"": [0.760934, 0.239066], ""slow"": [0.320846, 0.343977, 0.335177]}","{""event"": 1, ""fast"": 0, ""slow"": 1}",independent_head_argmax,4,4,4,event_head_prepare,"[true, true, true, true, true]",False,"[0.121992, 0.118872, 0.027203, 0.086586, 0.645347]",-0.437967,-0.437967,True
frozen_check,mappo,17,frozen_check_00,5,"{""event"": [-0.518599808216095, 0.41199782490730286], ""fast"": [0.5875473618507385, -0.8850130438804626], ""slow"": [-0.11836735159158707, -0.18372301757335663, 0.09661273658275604]}","{""event"": [0.282803, 0.717197], ""fast"": [0.813446, 0.186554], ""slow"": [0.314805, 0.294888, 0.390307]}","{""event"": 1, ""fast"": 0, ""slow"": 2}",independent_head_argmax,4,4,4,event_head_prepare,"[true, false, true, true, true]",False,"[0.093743, 0.0, 0.018669, 0.081405, 0.806183]",-0.215444,-0.215444,True
frozen_check,mappo,17,frozen_check_00,6,"{""event"": [-0.31182804703712463, 0.2059507668018341], ""fast"": [0.31689974665641785, -0.5684654116630554], ""slow"": [-0.11658826470375061, 0.022549539804458618, -0.1154792457818985]}","{""event"": [0.373372, 0.626628], ""fast"": [0.707933, 0.292067], ""slow"": [0.317421, 0.364806, 0.317773]}","{""event"": 1, ""fast"": 0, ""slow"": 1}",independent_head_argmax,4,4,4,event_head_prepare,"[true, true, true, true, true]",False,"[0.136208, 0.118647, 0.034615, 0.083901, 0.626628]",-0.467402,-0.467402,True
frozen_check,mappo,17,frozen_check_00,7,"{""event"": [0.10256266593933105, -0.16232725977897644], ""fast"": [-0.49990543723106384, 0.31113240122795105], ""slow"": [-0.1254008710384369, 0.34913870692253113, -0.43520617485046387]}","{""event"": [0.565838, 0.434162], ""fast"": [0.307669, 0.692331], ""slow"": [0.299324, 0.481095, 0.219581]}","{""event"": 0, ""fast"": 1, ""slow"": 1}",independent_head_argmax,0,0,0,slow_head_cache_fill,"[true, true, true, true, true]",False,"[0.272222, 0.124247, 0.117259, 0.05211, 0.434162]",-1.301137,-1.301137,True
frozen_check,mappo,17,frozen_check_00,8,"{""event"": [-0.4315890073776245, 0.3376116156578064], ""fast"": [0.3887816071510315, -0.6738536953926086], ""slow"": [-0.12603235244750977, -0.07989606261253357, 0.006398506462574005]}","{""event"": [0.316652, 0.683348], ""fast"": [0.743194, 0.256806], ""slow"": [0.313596, 0.328403, 0.358001]}","{""event"": 1, ""fast"": 0, ""slow"": 2}",independent_head_argmax,4,4,4,event_head_prepare,"[true, false, true, true, true]",False,"[0.117285, 0.0, 0.028762, 0.083235, 0.770718]",-0.260433,-0.260433,True
frozen_check,mappo,17,frozen_check_01,0,"{""event"": [-0.32900717854499817, 0.23418168723583221], ""fast"": [0.4957513213157654, -0.7584874033927917], ""slow"": [-0.10501956194639206, -0.03445560112595558, -0.06733813136816025]}","{""event"": [0.36281, 0.63719], ""fast"": [0.778033, 0.221967], ""slow"": [0.321387, 0.344885, 0.333728]}","{""event"": 1, ""fast"": 0, ""slow"": 1}",independent_head_argmax,4,4,4,event_head_prepare,"[true, true, true, true, true]",False,"[0.125128, 0.12108, 0.025882, 0.090721, 0.63719]",-0.450687,-0.450687,True
frozen_check,mappo,17,frozen_check_01,1,"{""event"": [-0.4617289900779724, 0.37081897258758545], ""fast"": [0.5590218305587769, -0.8489401340484619], ""slow"": [-0.11055278778076172, -0.153264582157135, 0.06873060762882233]}","{""event"": [0.303107, 0.696893], ""fast"": [0.803444, 0.196556], ""slow"": [0.317003, 0.303748, 0.379249]}","{""event"": 1, ""fast"": 0, ""slow"": 2}",independent_head_argmax,4,4,4,event_head_prepare,"[true, false, true, true, true]",False,"[0.104026, 0.0, 0.021339, 0.087226, 0.787408]",-0.239008,-0.239008,True
frozen_check,mappo,17,frozen_check_01,2,"{""event"": [-0.28913354873657227, 0.19629475474357605], ""fast"": [0.36273157596588135, -0.6142063140869141], ""slow"": [-0.11026661843061447, 0.022239908576011658, -0.11306534707546234]}","{""event"": [0.380971, 0.619029], ""fast"": [0.7265, 0.2735], ""slow"": [0.318584, 0.363723, 0.317693]}","{""event"": 1, ""fast"": 0, ""slow"": 1}",independent_head_argmax,4,4,4,event_head_prepare,"[true, true, true, true, true]",False,"[0.138568, 0.121032, 0.033195, 0.088176, 0.619029]",-0.479603,-0.479603,True
frozen_check,mappo,17,frozen_check_01,3,"{""event"": [-0.3977523446083069, 0.3159330487251282], ""fast"": [0.4198230504989624, -0.6909472942352295], ""slow"": [-0.11767126619815826, -0.08702438324689865, 0.004181236028671265]}","{""event"": [0.328785, 0.671215], ""fast"": [0.752273, 0.247727], ""slow"": [0.316385, 0.326231, 0.357384]}","{""event"": 1, ""fast"": 0, ""slow"": 2}",independent_head_argmax,4,4,4,event_head_prepare,"[true, false, true, true, true]",False,"[0.121541, 0.0, 0.0292, 0.088673, 0.760586]",-0.273666,-0.273666,True
frozen_check,mappo,17,frozen_check_01,4,"{""event"": [-0.12613219022750854, 0.05468371510505676], ""fast"": [-0.019853465259075165, -0.18058249354362488], ""slow"": [-0.11023280024528503, 0.15616971254348755, -0.24931120872497559]}","{""event"": [0.454919, 0.545081], ""fast"": [0.540096, 0.459904], ""slow"": [0.314919, 0.411051, 0.27403]}","{""event"": 1, ""fast"": 0, ""slow"": 1}",independent_head_argmax,4,4,4,event_head_prepare,"[true, true, true, true, true]",False,"[0.186995, 0.124661, 0.065887, 0.077376, 0.545081]",-0.60682,-0.60682,True
frozen_check,mappo,17,frozen_check_01,5,"{""event"": [-0.3392394185066223, 0.2599135637283325], ""fast"": [0.19617488980293274, -0.4456208050251007], ""slow"": [-0.12087090313434601, -0.014136143028736115, -0.054712988436222076]}","{""event"": [0.354538, 0.645463], ""fast"": [0.655159, 0.344841], ""slow"": [0.314363, 0.349773, 0.335864]}","{""event"": 1, ""fast"": 0, ""slow"": 1}",independent_head_argmax,4,4,4,event_head_prepare,"[true, false, true, true, true]",False,"[0.14077, 0.0, 0.043629, 0.08289, 0.732711]",-0.311004,-0.311004,True
frozen_check,mappo,17,frozen_check_01,6,"{""event"": [-0.2923097610473633, 0.22031736373901367], ""fast"": [0.11539445072412491, -0.3589649200439453], ""slow"": [-0.1219380721449852, 0.02805895358324051, -0.09746207296848297]}","{""event"": [0.374578, 0.625422], ""fast"": [0.616415, 0.383585], ""slow"": [0.313813, 0.364598, 0.321589]}","{""event"": 1, ""fast"": 0, ""slow"": 1}",independent_head_argmax,4,4,4,event_head_prepare,"[true, false, true, true, true]",False,"[0.155275, 0.0, 0.051265, 0.082382, 0.711079]",-0.340972,-0.340972,True
frozen_check,mappo,17,frozen_check_02,0,"{""event"": [-0.297054260969162, 0.1979348361492157], ""fast"": [0.43692630529403687, -0.6996341943740845], ""slow"": [-0.0997694805264473, -0.004647836089134216, -0.11780750006437302]}","{""event"": [0.378719, 0.621281], ""fast"": [0.757048, 0.242952], ""slow"": [0.324473, 0.356853, 0.318673]}","{""event"": 1, ""fast"": 0, ""slow"": 1}",independent_head_argmax,4,4,4,event_head_prepare,"[true, true, true, true, true]",False,"[0.135147, 0.120688, 0.029855, 0.093029, 0.621281]",-0.475972,-0.475972,True
frozen_check,mappo,17,frozen_check_02,1,"{""event"": [-0.39423152804374695, 0.3081848621368408], ""fast"": [0.48307085037231445, -0.7725753784179688], ""slow"": [-0.10837794095277786, -0.09334082901477814, -0.00897236168384552]}","{""event"": [0.331277, 0.668723], ""fast"": [0.778276, 0.221724], ""slow"": [0.320547, 0.325404, 0.354049]}","{""event"": 1, ""fast"": 0, ""slow"": 2}",independent_head_argmax,4,4,4,event_head_prepare,"[true, false, true, true, true]",False,"[0.122122, 0.0, 0.026673, 0.093626, 0.757578]",-0.277628,-0.277628,True
frozen_check,mappo,17,frozen_check_02,2,"{""event"": [0.1398332715034485, -0.1607368290424347], ""fast"": [-0.531825065612793, 0.3332824110984802], ""slow"": [-0.11070452630519867, 0.34620365500450134, -0.4450177550315857]}","{""event"": [0.574582, 0.425418], ""fast"": [0.296273, 0.703727], ""slow"": [0.303489, 0.479265, 0.217246]}","{""event"": 0, ""fast"": 1, ""slow"": 1}",independent_head_argmax,0,0,0,slow_head_cache_fill,"[true, false, true, true, true]",False,"[0.314654, 0.0, 0.140218, 0.059033, 0.486095]",-1.156282,-1.156282,True
frozen_check,mappo,17,frozen_check_02,3,"{""event"": [0.26681220531463623, -0.2964898943901062], ""fast"": [-0.6919420957565308, 0.522972822189331], ""slow"": [-0.11294768750667572, 0.45671167969703674, -0.5605641603469849]}","{""event"": [0.637216, 0.362784], ""fast"": [0.228833, 0.771167], ""slow"": [0.293529, 0.518861, 0.187609]}","{""event"": 0, ""fast"": 1, ""slow"": 1}",independent_head_argmax,0,0,0,slow_head_cache_fill,"[true, true, true, true, true]",False,"[0.330627, 0.119548, 0.14424, 0.042801, 0.362784]",-1.106765,-1.106765,True
frozen_check,mappo,17,frozen_check_02,4,"{""event"": [-0.09458112716674805, 0.02150873839855194], ""fast"": [-0.05016075447201729, -0.1622147560119629], ""slow"": [-0.11313482373952866, 0.1969614326953888, -0.3015427589416504]}","{""event"": [0.47101, 0.52899], ""fast"": [0.527984, 0.472016], ""slow"": [0.3133, 0.427202, 0.259499]}","{""event"": 1, ""fast"": 0, ""slow"": 1}",independent_head_argmax,4,4,4,event_head_prepare,"[true, true, true, true, true]",False,"[0.201216, 0.122227, 0.069654, 0.077913, 0.52899]",-0.636786,-0.636786,True
frozen_check,mappo,17,frozen_check_03,0,"{""event"": [-0.32809484004974365, 0.21795544028282166], ""fast"": [0.3897777497768402, -0.6641516089439392], ""slow"": [-0.09522956609725952, -0.024416428059339523, -0.0664762556552887]}","{""event"": [0.366781, 0.633219], ""fast"": [0.741529, 0.258471], ""slow"": [0.322315, 0.345967, 0.331718]}","{""event"": 1, ""fast"": 0, ""slow"": 1}",independent_head_argmax,4,4,4,event_head_prepare,"[true, true, true, true, true]",False,"[0.126894, 0.121668, 0.030556, 0.087663, 0.633219]",-0.456939,-0.456939,True
frozen_check,mappo,17,frozen_check_03,1,"{""event"": [-0.1336555778980255, 0.06842800229787827], ""fast"": [-0.15803128480911255, -0.08654406666755676], ""slow"": [-0.11568945646286011, 0.11730945855379105, -0.19336017966270447]}","{""event"": [0.44965, 0.55035], ""fast"": [0.482136, 0.517864], ""slow"": [0.313711, 0.396022, 0.290267]}","{""event"": 1, ""fast"": 1, ""slow"": 1}",independent_head_argmax,4,4,4,event_head_prepare,"[true, false, true, true, true]",False,"[0.204802, 0.0, 0.084016, 0.078219, 0.632963]",-0.457343,-0.457343,True
frozen_check,mappo,17,frozen_check_03,2,"{""event"": [-0.5016653537750244, 0.3784114718437195], ""fast"": [0.5749108791351318, -0.8875147700309753], ""slow"": [-0.10117135941982269, -0.17159545421600342, 0.08659262955188751]}","{""event"": [0.293162, 0.706838], ""fast"": [0.811903, 0.188097], ""slow"": [0.318619, 0.296952, 0.384429]}","{""event"": 1, ""fast"": 0, ""slow"": 2}",independent_head_argmax,4,4,4,event_head_prepare,"[true, false, true, true, true]",False,"[0.098112, 0.0, 0.019801, 0.08547, 0.796617]",-0.227381,-0.227381,True
frozen_check,mappo,17,frozen_check_03,3,"{""event"": [-0.4955747723579407, 0.3740604519844055], ""fast"": [0.5253704190254211, -0.8324790000915527], ""slow"": [-0.1070014089345932, -0.16202344000339508, 0.0832303911447525]}","{""event"": [0.29533, 0.70467], ""fast"": [0.79541, 0.20459], ""slow"": [0.316857, 0.299894, 0.383248]}","{""event"": 1, ""fast"": 0, ""slow"": 2}",independent_head_argmax,4,4,4,event_head_prepare,"[true, false, true, true, true]",False,"[0.099872, 0.0, 0.021589, 0.083932, 0.794607]",-0.229907,-0.229907,True
frozen_check,mappo,17,frozen_check_03,4,"{""event"": [-0.2324276566505432, 0.13694186508655548], ""fast"": [0.1864255666732788, -0.4428883492946625], ""slow"": [-0.10582044720649719, 0.07708323746919632, -0.15521666407585144]}","{""event"": [0.408693, 0.591307], ""fast"": [0.652334, 0.347666], ""slow"": [0.317208, 0.380872, 0.30192]}","{""event"": 1, ""fast"": 0, ""slow"": 1}",independent_head_argmax,4,4,4,event_head_prepare,"[true, true, true, true, true]",False,"[0.15566, 0.123393, 0.045072, 0.084569, 0.591307]",-0.525421,-0.525421,True
frozen_check,mappo,17,frozen_check_03,5,"{""event"": [-0.22402560710906982, 0.13040637969970703], ""fast"": [0.12653836607933044, -0.37604254484176636], ""slow"": [-0.1120261698961258, 0.08763150125741959, -0.15925511717796326]}","{""event"": [0.412308, 0.587692], ""fast"": [0.623066, 0.376934], ""slow"": [0.314975, 0.38458, 0.300445]}","{""event"": 1, ""fast"": 0, ""slow"": 1}",independent_head_argmax,4,4,4,event_head_prepare,"[true, true, true, true, true]",False,"[0.158565, 0.123876, 0.048951, 0.080916, 0.587692]",-0.531552,-0.531552,True
frozen_check,mappo,17,frozen_check_03,6,"{""event"": [0.026280421763658524, -0.06866100430488586], ""fast"": [-0.5509756207466125, 0.3351581394672394], ""slow"": [-0.11981049925088882, 0.2746647298336029, -0.33536583185195923]}","{""event"": [0.523718, 0.476282], ""fast"": [0.291908, 0.708092], ""slow"": [0.303979, 0.450985, 0.245036]}","{""event"": 0, ""fast"": 1, ""slow"": 1}",independent_head_argmax,0,0,0,slow_head_cache_fill,"[true, false, true, true, true]",False,"[0.270961, 0.0, 0.129324, 0.053313, 0.546402]",-1.30578,-1.30578,True
frozen_check,mappo,17,frozen_check_04,0,"{""event"": [-0.31055450439453125, 0.1894053816795349], ""fast"": [0.4632818102836609, -0.7321674823760986], ""slow"": [-0.11222156882286072, 0.0036217495799064636, -0.13157060742378235]}","{""event"": [0.37755, 0.62245], ""fast"": [0.767714, 0.232286], ""slow"": [0.322201, 0.361773, 0.316026]}","{""event"": 1, ""fast"": 0, ""slow"": 1}",independent_head_argmax,4,4,4,event_head_prepare,"[true, true, true, true, true]",False,"[0.136588, 0.119316, 0.028257, 0.09339, 0.62245]",-0.474092,-0.474092,True
frozen_check,mappo,17,frozen_check_04,1,"{""event"": [0.040723372250795364, -0.09482389688491821], ""fast"": [-0.28494101762771606, 0.06650473922491074], ""slow"": [-0.12666702270507812, 0.2640237510204315, -0.38188624382019043]}","{""event"": [0.533835, 0.466165], ""fast"": [0.413032, 0.586968], ""slow"": [0.307432, 0.454385, 0.238182]}","{""event"": 0, ""fast"": 1, ""slow"": 1}",independent_head_argmax,0,0,0,slow_head_cache_fill,"[true, false, true, true, true]",False,"[0.277902, 0.0, 0.110365, 0.077661, 0.534072]",-1.280486,-1.280486,True
frozen_check,mappo,17,frozen_check_04,2,"{""event"": [-0.380748450756073, 0.2825073003768921], ""fast"": [0.5047283172607422, -0.7973891496658325], ""slow"": [-0.12528786063194275, -0.05780399590730667, -0.057563185691833496]}","{""event"": [0.340009, 0.659991], ""fast"": [0.786191, 0.213809], ""slow"": [0.318483, 0.340717, 0.340799]}","{""event"": 1, ""fast"": 0, ""slow"": 2}",independent_head_argmax,4,4,4,event_head_prepare,"[true, false, true, true, true]",False,"[0.13103, 0.0, 0.026187, 0.096292, 0.746491]",-0.292372,-0.292372,True
frozen_check,mappo,17,frozen_check_04,3,"{""event"": [-0.37929099798202515, 0.2816142439842224], ""fast"": [0.4644089341163635, -0.7521001100540161], ""slow"": [-0.13115453720092773, -0.05384714901447296, -0.056704629212617874]}","{""event"": [0.340536, 0.659464], ""fast"": [0.771449, 0.228551], ""slow"": [0.31669, 0.342143, 0.341167]}","{""event"": 1, ""fast"": 0, ""slow"": 1}",independent_head_argmax,4,4,4,event_head_prepare,"[true, false, true, true, true]",False,"[0.131828, 0.0, 0.027888, 0.094133, 0.746151]",-0.292827,-0.292827,True
frozen_check,mappo,17,frozen_check_04,4,"{""event"": [0.25721505284309387, -0.31019607186317444], ""fast"": [-0.6522840857505798, 0.474905401468277], ""slow"": [-0.11998758465051651, 0.47115030884742737, -0.5822429656982422]}","{""event"": [0.638166, 0.361834], ""fast"": [0.24468, 0.75532], ""slow"": [0.291044, 0.525638, 0.183318]}","{""event"": 0, ""fast"": 1, ""slow"": 1}",independent_head_argmax,0,0,0,slow_head_cache_fill,"[true, true, true, true, true]",False,"[0.335444, 0.116987, 0.140289, 0.045446, 0.361834]",-1.0923,-1.0923,True
frozen_check,mappo,17,frozen_check_04,5,"{""event"": [0.14556899666786194, -0.1862606406211853], ""fast"": [-0.5835016369819641, 0.3838840425014496], ""slow"": [-0.13090398907661438, 0.3796304762363434, -0.4757918119430542]}","{""event"": [0.582205, 0.417796], ""fast"": [0.275402, 0.724598], ""slow"": [0.296342, 0.493759, 0.209899]}","{""event"": 0, ""fast"": 1, ""slow"": 1}",independent_head_argmax,0,0,0,slow_head_cache_fill,"[true, false, true, true, true]",False,"[0.327489, 0.0, 0.14242, 0.05413, 0.47596]",-1.1163,-1.1163,True
frozen_check,mappo,17,frozen_check_04,6,"{""event"": [-0.28494715690612793, 0.19772011041641235], ""fast"": [0.2304227650165558, -0.5029560923576355], ""slow"": [-0.13570758700370789, 0.05576927959918976, -0.15145456790924072]}","{""event"": [0.381622, 0.618378], ""fast"": [0.675546, 0.324454], ""slow"": [0.312949, 0.378992, 0.308059]}","{""event"": 1, ""fast"": 0, ""slow"": 1}",independent_head_argmax,4,4,4,event_head_prepare,"[true, false, true, true, true]",False,"[0.163901, 0.0, 0.043911, 0.091428, 0.700761]",-0.355589,-0.355589,True
frozen_check,mappo,17,frozen_check_05,0,"{""event"": [-0.021246835589408875, -0.061844080686569214], ""fast"": [-0.15732049942016602, -0.05684623867273331], ""slow"": [-0.11134136468172073, 0.22401157021522522, -0.3303268551826477]}","{""event"": [0.510148, 0.489852], ""fast"": [0.474903, 0.525097], ""slow"": [0.312328, 0.436769, 0.250903]}","{""event"": 0, ""fast"": 1, ""slow"": 1}",independent_head_argmax,0,0,0,slow_head_cache_fill,"[true, true, true, true, true]",False,"[0.222817, 0.127998, 0.083665, 0.075668, 0.489852]",-1.501405,-1.501405,True
frozen_check,mappo,17,frozen_check_05,1,"{""event"": [-0.47645413875579834, 0.3477451503276825], ""fast"": [0.6422243714332581, -0.9293079376220703], ""slow"": [-0.11086858808994293, -0.14604276418685913, 0.04397024214267731]}","{""event"": [0.304873, 0.695127], ""fast"": [0.828002, 0.171998], ""slow"": [0.319192, 0.30816, 0.372647]}","{""event"": 1, ""fast"": 0, ""slow"": 2}",independent_head_argmax,4,4,4,event_head_prepare,"[true, true, true, true, true]",False,"[0.09395, 0.11361, 0.016738, 0.080575, 0.695127]",-0.363661,-0.363661,True
frozen_check,mappo,17,frozen_check_05,2,"{""event"": [-0.42984333634376526, 0.30783408880233765], ""fast"": [0.5571132302284241, -0.8396916389465332], ""slow"": [-0.11186249554157257, -0.08939788490533829, -0.008415021002292633]}","{""event"": [0.323512, 0.676488], ""fast"": [0.801676, 0.198324], ""slow"": [0.319315, 0.326569, 0.354116]}","{""event"": 1, ""fast"": 0, ""slow"": 2}",independent_head_argmax,4,4,4,event_head_prepare,"[true, true, true, true, true]",False,"[0.105649, 0.114561, 0.020487, 0.082815, 0.676488]",-0.390841,-0.390841,True
frozen_check,mappo,17,frozen_check_05,3,"{""event"": [-0.5098831057548523, 0.40410810708999634], ""fast"": [0.5614973902702332, -0.8525314331054688], ""slow"": [-0.11704374849796295, -0.18218564987182617, 0.09231433272361755]}","{""event"": [0.286184, 0.713816], ""fast"": [0.804401, 0.195599], ""slow"": [0.315475, 0.29558, 0.388945]}","{""event"": 1, ""fast"": 0, ""slow"": 2}",independent_head_argmax,4,4,4,event_head_prepare,"[true, false, true, true, true]",False,"[0.095185, 0.0, 0.019871, 0.081721, 0.803223]",-0.219123,-0.219123,True
frozen_check,mappo,17,frozen_check_05,4,"{""event"": [-0.4707601070404053, 0.3705541789531708], ""fast"": [0.48497074842453003, -0.7763599157333374], ""slow"": [-0.11880853027105331, -0.1267360895872116, 0.04475186765193939]}","{""event"": [0.301258, 0.698742], ""fast"": [0.779255, 0.220745], ""slow"": [0.315477, 0.312986, 0.371536]}","{""event"": 1, ""fast"": 0, ""slow"": 2}",independent_head_argmax,4,4,4,event_head_prepare,"[true, false, true, true, true]",False,"[0.106173, 0.0, 0.023624, 0.083395, 0.786808]",-0.239771,-0.239771,True
frozen_check,mappo,17,frozen_check_05,5,"{""event"": [-0.4590838551521301, 0.3618641793727875], ""fast"": [0.42840421199798584, -0.7096664905548096], ""slow"": [-0.12341242283582687, -0.12107249349355698, 0.04083545506000519]}","{""event"": [0.305562, 0.694438], ""fast"": [0.757325, 0.242675], ""slow"": [0.314381, 0.315118, 0.370501]}","{""event"": 1, ""fast"": 0, ""slow"": 2}",independent_head_argmax,4,4,4,event_head_prepare,"[true, false, true, true, true]",False,"[0.108581, 0.0, 0.026288, 0.082039, 0.783092]",-0.244505,-0.244505,True
frozen_check,mappo,17,frozen_check_05,6,"{""event"": [-0.4330739378929138, 0.3388344347476959], ""fast"": [0.3905147910118103, -0.6761021018028259], ""slow"": [-0.12594616413116455, -0.08113811910152435, 0.007789894938468933]}","{""event"": [0.316066, 0.683934], ""fast"": [0.743953, 0.256047], ""slow"": [0.313586, 0.327957, 0.358457]}","{""event"": 1, ""fast"": 0, ""slow"": 2}",independent_head_argmax,4,4,4,event_head_prepare,"[true, false, true, true, true]",False,"[0.116901, 0.0, 0.02862, 0.083158, 0.771321]",-0.25965,-0.25965,True
frozen_check,mappo,17,frozen_check_06,0,"{""event"": [-0.10784604400396347, 0.029883168637752533], ""fast"": [0.15556266903877258, -0.4017684757709503], ""slow"": [-0.09721879661083221, 0.14576807618141174, -0.2517518997192383]}","{""event"": [0.465622, 0.534378], ""fast"": [0.635835, 0.364165], ""slow"": [0.319298, 0.407122, 0.27358]}","{""event"": 1, ""fast"": 0, ""slow"": 1}",independent_head_argmax,4,4,4,event_head_prepare,"[true, true, true, true, true]",False,"[0.189565, 0.127385, 0.054141, 0.094531, 0.534378]",-0.626652,-0.626652,True
frozen_check,mappo,17,frozen_check_06,1,"{""event"": [-0.10066459327936172, 0.029809407889842987], ""fast"": [0.14258965849876404, -0.3907316029071808], ""slow"": [-0.10620562732219696, 0.15271785855293274, -0.2547578811645508]}","{""event"": [0.467428, 0.532572], ""fast"": [0.630257, 0.369743], ""slow"": [0.316707, 0.410305, 0.272987]}","{""event"": 1, ""fast"": 0, ""slow"": 1}",independent_head_argmax,4,4,4,event_head_prepare,"[true, true, true, true, true]",False,"[0.191788, 0.127602, 0.054736, 0.093302, 0.532572]",-0.630037,-0.630037,True
frozen_check,mappo,17,frozen_check_06,2,"{""event"": [-0.18337282538414001, 0.12222060561180115], ""fast"": [0.14097672700881958, -0.4128706157207489], ""slow"": [-0.10557752847671509, 0.09281861037015915, -0.18307480216026306]}","{""event"": [0.424191, 0.575809], ""fast"": [0.635028, 0.364972], ""slow"": [0.317978, 0.387756, 0.294266]}","{""event"": 1, ""fast"": 0, ""slow"": 1}",independent_head_argmax,4,4,4,event_head_prepare,"[true, false, true, true, true]",False,"[0.187943, 0.0, 0.05625, 0.097871, 0.657936]",-0.418647,-0.418647,True
frozen_check,mappo,17,frozen_check_06,3,"{""event"": [0.44006624817848206, -0.4418139159679413], ""fast"": [-0.9021363854408264, 0.7420666217803955], ""slow"": [-0.10335343331098557, 0.5695483088493347, -0.6559569835662842]}","{""event"": [0.707212, 0.292788], ""fast"": [0.161894, 0.838106], ""slow"": [0.282856, 0.554374, 0.162769]}","{""event"": 0, ""fast"": 1, ""slow"": 1}",independent_head_argmax,0,0,0,slow_head_cache_fill,"[true, true, true, true, true]",False,"[0.39206, 0.115112, 0.167654, 0.032385, 0.292788]",-0.93634,-0.93634,True
frozen_check,mappo,17,frozen_check_06,4,"{""event"": [0.06388700008392334, -0.11183953285217285], ""fast"": [-0.22825124859809875, 0.011048875749111176], ""slow"": [-0.10772056877613068, 0.3184230923652649, -0.40551596879959106]}","{""event"": [0.543819, 0.456181], ""fast"": [0.440459, 0.559541], ""slow"": [0.305456, 0.467757, 0.226787]}","{""event"": 0, ""fast"": 1, ""slow"": 1}",independent_head_argmax,0,0,0,slow_head_cache_fill,"[true, true, true, true, true]",False,"[0.254375, 0.123331, 0.092947, 0.073166, 0.456181]",-1.368945,-1.368945,True
frozen_check,mappo,17,frozen_check_06,5,"{""event"": [0.06073882430791855, -0.11075899004936218], ""fast"": [-0.2747046947479248, 0.06858552247285843], ""slow"": [-0.11477680504322052, 0.3111880123615265, -0.39648324251174927]}","{""event"": [0.54277, 0.45723], ""fast"": [0.41501, 0.584989], ""slow"": [0.304362, 0.465998, 0.22964]}","{""event"": 0, ""fast"": 1, ""slow"": 1}",independent_head_argmax,0,0,0,slow_head_cache_fill,"[true, true, true, true, true]",False,"[0.25293, 0.124641, 0.096639, 0.068559, 0.45723]",-1.374643,-1.374643,True
frozen_check,mappo,17,frozen_check_07,0,"{""event"": [-0.04928889870643616, -0.022220812737941742], ""fast"": [0.03932998329401016, -0.2545539438724518], ""slow"": [-0.08468016237020493, 0.1898607611656189, -0.2816395163536072]}","{""event"": [0.493233, 0.506767], ""fast"": [0.572947, 0.427053], ""slow"": [0.318761, 0.419466, 0.261774]}","{""event"": 1, ""fast"": 0, ""slow"": 1}",independent_head_argmax,4,4,4,event_head_prepare,"[true, true, true, true, true]",False,"[0.206894, 0.129116, 0.067143, 0.090081, 0.506767]",-0.679705,-0.679705,True
frozen_check,mappo,17,frozen_check_07,1,"{""event"": [-0.0546703115105629, -0.019389063119888306], ""fast"": [0.001793190836906433, -0.2100798487663269], ""slow"": [-0.08870190382003784, 0.18623873591423035, -0.2733616828918457]}","{""event"": [0.491181, 0.508819], ""fast"": [0.552771, 0.447229], ""slow"": [0.317678, 0.418208, 0.264114]}","{""event"": 1, ""fast"": 0, ""slow"": 1}",independent_head_argmax,4,4,4,event_head_prepare,"[true, true, true, true, true]",False,"[0.205416, 0.129727, 0.069784, 0.086253, 0.508819]",-0.675662,-0.675662,True
frozen_check,mappo,17,frozen_check_07,2,"{""event"": [0.539846658706665, -0.5071489810943604], ""fast"": [-1.0040216445922852, 0.8662838339805603], ""slow"": [-0.080530546605587, 0.6088637113571167, -0.6793215274810791]}","{""event"": [0.740198, 0.259802], ""fast"": [0.133506, 0.866494], ""slow"": [0.282328, 0.56254, 0.155132]}","{""event"": 0, ""fast"": 1, ""slow"": 1}",independent_head_argmax,0,0,0,slow_head_cache_fill,"[true, true, true, true, true]",False,"[0.416391, 0.114828, 0.181078, 0.0279, 0.259802]",-0.876131,-0.876131,True
frozen_check,mappo,17,frozen_check_07,3,"{""event"": [-0.035728875547647476, -0.0370849072933197], ""fast"": [-0.07020933926105499, -0.1332605481147766], ""slow"": [-0.09207330644130707, 0.2125341296195984, -0.29105105996131897]}","{""event"": [0.500339, 0.499661], ""fast"": [0.515758, 0.484242], ""slow"": [0.314895, 0.427027, 0.258078]}","{""event"": 0, ""fast"": 0, ""slow"": 1}",independent_head_argmax,0,0,0,slow_head_cache_fill,"[true, true, true, true, true]",False,"[0.213658, 0.129127, 0.076294, 0.08126, 0.499661]",-1.543378,-1.543378,True
frozen_check,mappo,17,frozen_check_07,4,"{""event"": [0.4031347632408142, -0.3778698146343231], ""fast"": [-0.8645796179771423, 0.7230607271194458], ""slow"": [-0.10308504849672318, 0.5278928875923157, -0.6054849028587341]}","{""event"": [0.685897, 0.314103], ""fast"": [0.169716, 0.830284], ""slow"": [0.286983, 0.53937, 0.173647]}","{""event"": 0, ""fast"": 1, ""slow"": 1}",independent_head_argmax,0,0,0,slow_head_cache_fill,"[true, true, true, true, true]",False,"[0.369952, 0.119104, 0.163434, 0.033407, 0.314103]",-0.994382,-0.994382,True
frozen_check,mappo,17,frozen_check_07,5,"{""event"": [-0.20580178499221802, 0.12579743564128876], ""fast"": [0.19023650884628296, -0.41516968607902527], ""slow"": [-0.1160518229007721, 0.08915077894926071, -0.17843446135520935]}","{""event"": [0.417852, 0.582148], ""fast"": [0.646892, 0.353108], ""slow"": [0.315727, 0.387641, 0.296633]}","{""event"": 1, ""fast"": 0, ""slow"": 1}",independent_head_argmax,4,4,4,event_head_prepare,"[true, true, true, true, true]",False,"[0.161976, 0.123948, 0.046584, 0.085342, 0.582148]",-0.54103,-0.54103,True
frozen_check,mappo,17,frozen_check_07,6,"{""event"": [0.3454728424549103, -0.3521994352340698], ""fast"": [-0.8137288689613342, 0.6631549596786499], ""slow"": [-0.10854992270469666, 0.5182373523712158, -0.5991510152816772]}","{""event"": [0.667672, 0.332329], ""fast"": [0.185899, 0.814101], ""slow"": [0.287039, 0.537219, 0.175742]}","{""event"": 0, ""fast"": 1, ""slow"": 1}",independent_head_argmax,0,0,0,slow_head_cache_fill,"[true, true, true, true, true]",False,"[0.358686, 0.117338, 0.156021, 0.035627, 0.332329]",-1.025309,-1.025309,True
frozen_check,mappo,17,frozen_check_07,7,"{""event"": [-0.1455022096633911, 0.07408581674098969], ""fast"": [0.02365279197692871, -0.22730989754199982], ""slow"": [-0.11846566200256348, 0.1368834674358368, -0.22720356285572052]}","{""event"": [0.445323, 0.554677], ""fast"": [0.562413, 0.437587], ""slow"": [0.313688, 0.404944, 0.281368]}","{""event"": 1, ""fast"": 0, ""slow"": 1}",independent_head_argmax,4,4,4,event_head_prepare,"[true, true, true, true, true]",False,"[0.180331, 0.125299, 0.061128, 0.078565, 0.554677]",-0.589368,-0.589368,True
frozen_check,mappo,17,frozen_check_07,8,"{""event"": [0.19284403324127197, -0.20317211747169495], ""fast"": [-0.737172544002533, 0.5661532878875732], ""slow"": [-0.11741331964731216, 0.39666396379470825, -0.46642595529556274]}","{""event"": [0.59773, 0.40227], ""fast"": [0.213606, 0.786394], ""slow"": [0.296079, 0.495072, 0.208849]}","{""event"": 0, ""fast"": 1, ""slow"": 1}",independent_head_argmax,0,0,0,slow_head_cache_fill,"[true, false, true, true, true]",False,"[0.33813, 0.0, 0.159024, 0.043195, 0.459651]",-1.084325,-1.084325,True
frozen_check,mappo,17,frozen_check_07,9,"{""event"": [-0.29805976152420044, 0.22727252542972565], ""fast"": [0.1190207228064537, -0.35703331232070923], ""slow"": [-0.12539169192314148, 0.01169518381357193, -0.08361437171697617]}","{""event"": [0.371606, 0.628394], ""fast"": [0.616816, 0.383184], ""slow"": [0.31352, 0.359585, 0.326895]}","{""event"": 1, ""fast"": 0, ""slow"": 1}",independent_head_argmax,4,4,4,event_head_prepare,"[true, false, true, true, true]",False,"[0.152101, 0.0, 0.050816, 0.081799, 0.715284]",-0.335076,-0.335076,True
regression,mappo,29,regression_00,0,"{""event"": [-0.07602694630622864, 0.06657187640666962], ""fast"": [0.2723727226257324, -0.02953994646668434], ""slow"": [-0.48665425181388855, 0.17260979115962982, 0.09288178384304047]}","{""event"": [0.464411, 0.535589], ""fast"": [0.57491, 0.42509], ""slow"": [0.211928, 0.409735, 0.378336]}","{""event"": 1, ""fast"": 0, ""slow"": 1}",independent_head_argmax,4,4,4,event_head_prepare,"[true, true, true, true, true]",False,"[0.190285, 0.175703, 0.041838, 0.056584, 0.535589]",-0.624387,-0.624387,True
regression,mappo,29,regression_00,1,"{""event"": [-0.1364639848470688, 0.1150258481502533], ""fast"": [0.41368788480758667, -0.09444820880889893], ""slow"": [-0.550432026386261, 0.2410304844379425, 0.06220678985118866]}","{""event"": [0.437457, 0.562543], ""fast"": [0.624369, 0.375631], ""slow"": [0.197945, 0.436789, 0.365266]}","{""event"": 1, ""fast"": 0, ""slow"": 1}",independent_head_argmax,4,4,4,event_head_prepare,"[true, false, true, true, true]",False,"[0.227415, 0.0, 0.038713, 0.064348, 0.669526]",-0.401186,-0.401186,True
regression,mappo,29,regression_00,2,"{""event"": [0.03912658244371414, -0.09564489126205444], ""fast"": [-0.005907095968723297, 0.14988036453723907], ""slow"": [-0.28359583020210266, 0.1462041586637497, 0.024188414216041565]}","{""event"": [0.533642, 0.466358], ""fast"": [0.461132, 0.538868], ""slow"": [0.256584, 0.394357, 0.349059]}","{""event"": 0, ""fast"": 1, ""slow"": 1}",independent_head_argmax,0,0,0,slow_head_cache_fill,"[true, true, true, true, true]",False,"[0.210445, 0.186273, 0.073784, 0.06314, 0.466358]",-1.558529,-1.558529,True
regression,mappo,29,regression_00,3,"{""event"": [-0.09699250012636185, 0.0801997184753418], ""fast"": [0.30877161026000977, -0.029584351927042007], ""slow"": [-0.4658280611038208, 0.1955394446849823, 0.06116834282875061]}","{""event"": [0.455817, 0.544182], ""fast"": [0.583791, 0.416209], ""slow"": [0.215923, 0.418338, 0.365739]}","{""event"": 1, ""fast"": 0, ""slow"": 1}",independent_head_argmax,4,4,4,event_head_prepare,"[true, true, true, true, true]",False,"[0.190686, 0.16671, 0.040964, 0.057458, 0.544182]",-0.608471,-0.608471,True
regression,mappo,29,regression_00,4,"{""event"": [0.007375769317150116, -0.06568636745214462], ""fast"": [0.030505642294883728, 0.15150205790996552], ""slow"": [-0.26463043689727783, 0.15202398598194122, -0.0055268555879592896]}","{""event"": [0.518257, 0.481743], ""fast"": [0.469788, 0.530212], ""slow"": [0.262285, 0.397854, 0.339861]}","{""event"": 0, ""fast"": 1, ""slow"": 1}",independent_head_argmax,0,0,0,slow_head_cache_fill,"[true, true, true, true, true]",False,"[0.206191, 0.176135, 0.072072, 0.063859, 0.481743]",-1.578952,-1.578952,True
regression,mappo,29,regression_01,0,"{""event"": [-0.04357350617647171, 0.013425253331661224], ""fast"": [0.20325395464897156, 0.016872588545084], ""slow"": [-0.439522385597229, 0.1487780660390854, 0.08445307612419128]}","{""event"": [0.485754, 0.514246], ""fast"": [0.546461, 0.453539], ""slow"": [0.222734, 0.401128, 0.376138]}","{""event"": 1, ""fast"": 0, ""slow"": 1}",independent_head_argmax,4,4,4,event_head_prepare,"[true, true, true, true, true]",False,"[0.19485, 0.18271, 0.04907, 0.059124, 0.514246]",-0.665054,-0.665054,True
regression,mappo,29,regression_01,1,"{""event"": [-0.07813442498445511, 0.04522201046347618], ""fast"": [0.3521053194999695, -0.057869505137205124], ""slow"": [-0.5210325121879578, 0.2356041967868805, 0.04784500598907471]}","{""event"": [0.4692, 0.5308], ""fast"": [0.601082, 0.398918], ""slow"": [0.204191, 0.43515, 0.360659]}","{""event"": 1, ""fast"": 0, ""slow"": 1}",independent_head_argmax,4,4,4,event_head_prepare,"[true, false, true, true, true]",False,"[0.24576, 0.0, 0.046004, 0.069317, 0.638919]",-0.447978,-0.447978,True
regression,mappo,29,regression_01,2,"{""event"": [-0.08932482451200485, 0.05125478282570839], ""fast"": [0.3589533269405365, -0.0585135854780674], ""slow"": [-0.5150399208068848, 0.2432222068309784, 0.04185928404331207]}","{""event"": [0.464913, 0.535087], ""fast"": [0.602877, 0.397123], ""slow"": [0.204926, 0.437427, 0.357647]}","{""event"": 1, ""fast"": 0, ""slow"": 1}",independent_head_argmax,4,4,4,event_head_prepare,"[true, false, true, true, true]",False,"[0.243924, 0.0, 0.045381, 0.068893, 0.641803]",-0.443474,-0.443474,True
regression,mappo,29,regression_01,3,"{""event"": [-0.09511299431324005, 0.05103610083460808], ""fast"": [0.3617141544818878, -0.058108020573854446], ""slow"": [-0.5063837766647339, 0.25076916813850403, 0.03669625520706177]}","{""event"": [0.463528, 0.536472], ""fast"": [0.603441, 0.396559], ""slow"": [0.206037, 0.439311, 0.354652]}","{""event"": 1, ""fast"": 0, ""slow"": 1}",independent_head_argmax,4,4,4,event_head_prepare,"[true, false, true, true, true]",False,"[0.243694, 0.0, 0.045324, 0.068969, 0.642013]",-0.443146,-0.443146,True
regression,mappo,29,regression_01,4,"{""event"": [-0.09995412081480026, 0.0662585198879242], ""fast"": [0.3705892264842987, -0.04635043814778328], ""slow"": [-0.5169168710708618, 0.24320024251937866, 0.027609258890151978]}","{""event"": [0.458542, 0.541458], ""fast"": [0.602751, 0.397249], ""slow"": [0.205663, 0.439816, 0.35452]}","{""event"": 1, ""fast"": 0, ""slow"": 1}",independent_head_argmax,4,4,4,event_head_prepare,"[true, false, true, true, true]",False,"[0.240823, 0.0, 0.044735, 0.067877, 0.646565]",-0.436081,-0.436081,True
regression,mappo,29,regression_01,5,"{""event"": [-0.09737150371074677, 0.058703791350126266], ""fast"": [0.3735867142677307, -0.04773848131299019], ""slow"": [-0.5103211402893066, 0.25391364097595215, 0.02400679886341095]}","{""event"": [0.46106, 0.53894], ""fast"": [0.6038, 0.3962], ""slow"": [0.20603, 0.44242, 0.35155]}","{""event"": 1, ""fast"": 0, ""slow"": 1}",independent_head_argmax,4,4,4,event_head_prepare,"[true, false, true, true, true]",False,"[0.24344, 0.0, 0.044916, 0.068451, 0.643192]",-0.441312,-0.441312,True
regression,mappo,29,regression_01,6,"{""event"": [-0.12196242064237595, 0.07634483277797699], ""fast"": [0.38085827231407166, -0.04674314334988594], ""slow"": [-0.4996957778930664, 0.25455498695373535, 0.018732577562332153]}","{""event"": [0.450585, 0.549415], ""fast"": [0.605301, 0.394699], ""slow"": [0.208099, 0.442422, 0.349479]}","{""event"": 1, ""fast"": 0, ""slow"": 1}",independent_head_argmax,4,4,4,event_head_prepare,"[true, false, true, true, true]",False,"[0.236607, 0.0, 0.043927, 0.067365, 0.652101]",-0.427555,-0.427555,True
regression,mappo,29,regression_01,7,"{""event"": [-0.13192452490329742, 0.07773721218109131], ""fast"": [0.38733378052711487, -0.05178321525454521], ""slow"": [-0.48816412687301636, 0.2661477029323578, 0.006768062710762024]}","{""event"": [0.447776, 0.552224], ""fast"": [0.608049, 0.391951], ""slow"": [0.209796, 0.446057, 0.344147]}","{""event"": 1, ""fast"": 0, ""slow"": 1}",independent_head_argmax,4,4,4,event_head_prepare,"[true, false, true, true, true]",False,"[0.23612, 0.0, 0.043528, 0.067527, 0.652825]",-0.426446,-0.426446,True
regression,mappo,29,regression_02,0,"{""event"": [-0.04311235994100571, 0.005697336047887802], ""fast"": [0.15613792836666107, 0.03186633437871933], ""slow"": [-0.40152931213378906, 0.14091843366622925, 0.06285983324050903]}","{""event"": [0.4878, 0.5122], ""fast"": [0.531028, 0.468972], ""slow"": [0.231951, 0.399005, 0.369044]}","{""event"": 1, ""fast"": 0, ""slow"": 1}",independent_head_argmax,4,4,4,event_head_prepare,"[true, true, true, true, true]",False,"[0.194635, 0.18002, 0.053062, 0.060084, 0.5122]",-0.66904,-0.66904,True
regression,mappo,29,regression_02,1,"{""event"": [0.05701092630624771, -0.13944405317306519], ""fast"": [-0.12641197443008423, 0.21561789512634277], ""slow"": [-0.19902539253234863, 0.0876099169254303, -0.0031104236841201782]}","{""event"": [0.548956, 0.451044], ""fast"": [0.415316, 0.584683], ""slow"": [0.28182, 0.375367, 0.342813]}","{""event"": 0, ""fast"": 1, ""slow"": 1}",independent_head_argmax,0,0,0,slow_head_cache_fill,"[true, true, true, true, true]",False,"[0.20606, 0.188189, 0.090455, 0.064252, 0.451044]",-1.579587,-1.579587,True
regression,mappo,29,regression_02,2,"{""event"": [-0.05180343985557556, -0.00025289878249168396], ""fast"": [0.14381667971611023, 0.0501137413084507], ""slow"": [-0.37781164050102234, 0.15218988060951233, 0.057338863611221313]}","{""event"": [0.487115, 0.512885], ""fast"": [0.523409, 0.476591], ""slow"": [0.23562, 0.400302, 0.364078]}","{""event"": 1, ""fast"": 0, ""slow"": 1}",independent_head_argmax,4,4,4,event_head_prepare,"[true, true, true, true, true]",False,"[0.194993, 0.177348, 0.0547, 0.060074, 0.512885]",-0.667704,-0.667704,True
regression,mappo,29,regression_02,3,"{""event"": [0.035798124969005585, -0.11464650928974152], ""fast"": [0.06307969242334366, 0.12361428141593933], ""slow"": [-0.31697386503219604, 0.20386213064193726, -0.05415276437997818]}","{""event"": [0.53754, 0.46246], ""fast"": [0.484871, 0.515129], ""slow"": [0.251002, 0.422546, 0.326452]}","{""event"": 0, ""fast"": 1, ""slow"": 1}",independent_head_argmax,0,0,0,slow_head_cache_fill,"[true, false, true, true, true]",False,"[0.275476, 0.0, 0.084295, 0.079344, 0.560884]",-1.289254,-1.289254,True
regression,mappo,29,regression_02,4,"{""event"": [0.032732583582401276, -0.11418716609477997], ""fast"": [-0.061529047787189484, 0.1962859183549881], ""slow"": [-0.21490034461021423, 0.1378602832555771, -0.04316963255405426]}","{""event"": [0.536664, 0.463336], ""fast"": [0.435901, 0.564099], ""slow"": [0.276982, 0.394142, 0.328876]}","{""event"": 0, ""fast"": 1, ""slow"": 1}",independent_head_argmax,0,0,0,slow_head_cache_fill,"[true, true, true, true, true]",False,"[0.211522, 0.176496, 0.083851, 0.064795, 0.463336]",-1.553427,-1.553427,True
regression,mappo,29,regression_02,5,"{""event"": [0.015545643866062164, -0.10730020701885223], ""fast"": [0.07036842405796051, 0.12712526321411133], ""slow"": [-0.2918465733528137, 0.2201155424118042, -0.06901954114437103]}","{""event"": [0.530673, 0.469327], ""fast"": [0.485815, 0.514185], ""slow"": [0.255221, 0.425853, 0.318926]}","{""event"": 0, ""fast"": 1, ""slow"": 1}",independent_head_argmax,0,0,0,slow_head_cache_fill,"[true, false, true, true, true]",False,"[0.272028, 0.0, 0.083828, 0.079203, 0.564941]",-1.30185,-1.30185,True
regression,mappo,29,regression_02,6,"{""event"": [-0.10733531415462494, 0.0532650463283062], ""fast"": [0.3506246507167816, -0.03951404616236687], ""slow"": [-0.46676892042160034, 0.25960931181907654, -0.019769690930843353]}","{""event"": [0.459936, 0.540064], ""fast"": [0.596316, 0.403684], ""slow"": [0.215927, 0.446446, 0.337626]}","{""event"": 1, ""fast"": 0, ""slow"": 1}",independent_head_argmax,4,4,4,event_head_prepare,"[true, false, true, true, true]",False,"[0.243084, 0.0, 0.047461, 0.070109, 0.639346]",-0.44731,-0.44731,True
regression,mappo,29,regression_03,0,"{""event"": [-0.07476825267076492, 0.010319259017705917], ""fast"": [0.24369698762893677, -0.0281536765396595], ""slow"": [-0.3757207989692688, 0.114016592502594, 0.14818672835826874]}","{""event"": [0.478741, 0.521259], ""fast"": [0.567547, 0.432453], ""slow"": [0.231455, 0.377708, 0.390837]}","{""event"": 1, ""fast"": 0, ""slow"": 2}",independent_head_argmax,4,0,0,slow_head_cache_fill,"[true, false, true, true, false]",True,"[0.620045, 0.0, 0.164313, 0.215643, 0.0]",-0.477964,-0.477964,True
regression,mappo,29,regression_03,1,"{""event"": [-0.055113114416599274, 0.035829152911901474], ""fast"": [0.2381313443183899, -0.024583537131547928], ""slow"": [-0.42101263999938965, 0.10468496382236481, 0.13273365795612335]}","{""event"": [0.47728, 0.52272], ""fast"": [0.565304, 0.434696], ""slow"": [0.225662, 0.381739, 0.392598]}","{""event"": 1, ""fast"": 0, ""slow"": 2}",independent_head_argmax,4,4,4,event_head_prepare,"[true, true, true, true, true]",False,"[0.182197, 0.187379, 0.046819, 0.060886, 0.52272]",-0.648709,-0.648709,True
regression,mappo,29,regression_03,2,"{""event"": [-0.1188083291053772, 0.10825423896312714], ""fast"": [0.4246114492416382, -0.10973961651325226], ""slow"": [-0.5382966995239258, 0.23112080991268158, 0.05813415348529816]}","{""event"": [0.443477, 0.556523], ""fast"": [0.630497, 0.369503], ""slow"": [0.20104, 0.433946, 0.365014]}","{""event"": 1, ""fast"": 0, ""slow"": 1}",independent_head_argmax,4,4,4,event_head_prepare,"[true, false, true, true, true]",False,"[0.229614, 0.0, 0.039306, 0.06707, 0.66401]",-0.409459,-0.409459,True
regression,mappo,29,regression_03,3,"{""event"": [-0.13151049613952637, 0.1159965842962265], ""fast"": [0.427543967962265, -0.10887172818183899], ""slow"": [-0.5298199653625488, 0.23445343971252441, 0.05467766523361206]}","{""event"": [0.438437, 0.561563], ""fast"": [0.630978, 0.369022], ""slow"": [0.202367, 0.434569, 0.363064]}","{""event"": 1, ""fast"": 0, ""slow"": 1}",independent_head_argmax,4,4,4,event_head_prepare,"[true, false, true, true, true]",False,"[0.226602, 0.0, 0.03894, 0.066582, 0.667876]",-0.403653,-0.403653,True
regression,mappo,29,regression_03,4,"{""event"": [0.008082427084445953, -0.05405105650424957], ""fast"": [0.16997404396533966, 0.051238659769296646], ""slow"": [-0.3693997859954834, 0.21148422360420227, -0.0018152818083763123]}","{""event"": [0.515528, 0.484472], ""fast"": [0.529649, 0.470351], ""slow"": [0.236303, 0.422419, 0.341278]}","{""event"": 0, ""fast"": 0, ""slow"": 1}",independent_head_argmax,0,0,0,slow_head_cache_fill,"[true, false, true, true, true]",False,"[0.264263, 0.0, 0.069532, 0.078298, 0.587907]",-1.33081,-1.33081,True
regression,mappo,29,regression_03,5,"{""event"": [-0.10362107306718826, 0.04083021357655525], ""fast"": [0.31679239869117737, -0.03612827882170677], ""slow"": [-0.4136436879634857, 0.19019827246665955, 0.09792260825634003]}","{""event"": [0.46395, 0.53605], ""fast"": [0.587326, 0.412674], ""slow"": [0.222369, 0.406742, 0.370889]}","{""event"": 1, ""fast"": 0, ""slow"": 1}",independent_head_argmax,4,0,0,slow_head_cache_fill,"[true, false, true, true, false]",True,"[0.646535, 0.0, 0.145866, 0.207599, 0.0]",-0.436128,-0.436128,True
regression,mappo,29,regression_03,6,"{""event"": [-0.1267949491739273, 0.1105189323425293], ""fast"": [0.441301554441452, -0.0975087583065033], ""slow"": [-0.5427553653717041, 0.23914697766304016, 0.06392191350460052]}","{""event"": [0.440948, 0.559052], ""fast"": [0.631536, 0.368464], ""slow"": [0.199205, 0.435388, 0.365407]}","{""event"": 1, ""fast"": 0, ""slow"": 1}",independent_head_argmax,4,4,4,event_head_prepare,"[true, false, true, true, true]",False,"[0.228859, 0.0, 0.038582, 0.066129, 0.666431]",-0.405819,-0.405819,True
regression,mappo,29,regression_03,7,"{""event"": [-0.1285647600889206, 0.10423325002193451], ""fast"": [0.4481651484966278, -0.10331325232982635], ""slow"": [-0.537264347076416, 0.25166475772857666, 0.05736793577671051]}","{""event"": [0.442062, 0.557938], ""fast"": [0.634479, 0.365521], ""slow"": [0.199465, 0.439031, 0.361504]}","{""event"": 1, ""fast"": 0, ""slow"": 1}",independent_head_argmax,4,4,4,event_head_prepare,"[true, false, true, true, true]",False,"[0.230993, 0.0, 0.038361, 0.066587, 0.66406]",-0.409384,-0.409384,True
regression,mappo,29,regression_03,8,"{""event"": [-0.1268695890903473, 0.09759856760501862], ""fast"": [0.4483546018600464, -0.10387931764125824], ""slow"": [-0.5293815732002258, 0.2595509886741638, 0.05336804687976837]}","{""event"": [0.444117, 0.555883], ""fast"": [0.634654, 0.365346], ""slow"": [0.20032, 0.440914, 0.358765]}","{""event"": 1, ""fast"": 0, ""slow"": 1}",independent_head_argmax,4,4,4,event_head_prepare,"[true, false, true, true, true]",False,"[0.232932, 0.0, 0.038664, 0.067164, 0.661241]",-0.413638,-0.413638,True
regression,mappo,29,regression_03,9,"{""event"": [-0.1499176323413849, 0.1267402172088623], ""fast"": [0.4408346712589264, -0.09161512553691864], ""slow"": [-0.5160260200500488, 0.24757131934165955, 0.053971514105796814]}","{""event"": [0.431273, 0.568727], ""fast"": [0.630054, 0.369946], ""slow"": [0.20349, 0.436686, 0.359824]}","{""event"": 1, ""fast"": 0, ""slow"": 1}",independent_head_argmax,4,4,4,event_head_prepare,"[true, false, true, true, true]",False,"[0.222925, 0.0, 0.03843, 0.06545, 0.673195]",-0.395721,-0.395721,True
regression,mappo,29,regression_04,0,"{""event"": [-0.025587737560272217, -0.008318442851305008], ""fast"": [0.14574584364891052, 0.046146441251039505], ""slow"": [-0.38425230979919434, 0.13728199899196625, 0.08063308894634247]}","{""event"": [0.495683, 0.504317], ""fast"": [0.524879, 0.475121], ""slow"": [0.233839, 0.393928, 0.372233]}","{""event"": 1, ""fast"": 0, ""slow"": 1}",independent_head_argmax,4,4,4,event_head_prepare,"[true, true, true, true, true]",False,"[0.195263, 0.184509, 0.055071, 0.060839, 0.504317]",-0.68455,-0.68455,True
regression,mappo,29,regression_04,1,"{""event"": [-0.04290495067834854, 0.0015229098498821259], ""fast"": [0.1604440063238144, 0.04470367357134819], ""slow"": [-0.37681180238723755, 0.15144658088684082, 0.06618519127368927]}","{""event"": [0.488895, 0.511105], ""fast"": [0.528903, 0.471097], ""slow"": [0.235109, 0.398739, 0.366151]}","{""event"": 1, ""fast"": 0, ""slow"": 1}",independent_head_argmax,4,4,4,event_head_prepare,"[true, true, true, true, true]",False,"[0.194942, 0.17901, 0.05415, 0.060794, 0.511105]",-0.67118,-0.67118,True
regression,mappo,29,regression_04,2,"{""event"": [-0.07211972773075104, 0.031773775815963745], ""fast"": [0.32184481620788574, -0.025954242795705795], ""slow"": [-0.4752969741821289, 0.23738548159599304, 0.02892962098121643]}","{""event"": [0.47405, 0.52595], ""fast"": [0.586084, 0.413916], ""slow"": [0.212985, 0.434374, 0.352641]}","{""event"": 1, ""fast"": 0, ""slow"": 1}",independent_head_argmax,4,4,4,event_head_prepare,"[true, false, true, true, true]",False,"[0.247247, 0.0, 0.05018, 0.071052, 0.631521]",-0.459624,-0.459624,True
regression,mappo,29,regression_04,3,"{""event"": [-0.0869363322854042, 0.04295236989855766], ""fast"": [0.33186134696006775, -0.02356163039803505], ""slow"": [-0.46772754192352295, 0.24414843320846558, 0.022091761231422424]}","{""event"": [0.467573, 0.532427], ""fast"": [0.587932, 0.412068], ""slow"": [0.21414, 0.436378, 0.349482]}","{""event"": 1, ""fast"": 0, ""slow"": 1}",independent_head_argmax,4,4,4,event_head_prepare,"[true, false, true, true, true]",False,"[0.243893, 0.0, 0.049318, 0.070366, 0.636424]",-0.451891,-0.451891,True
regression,mappo,29,regression_04,4,"{""event"": [-0.05222470313310623, 0.00010922178626060486], ""fast"": [0.18860316276550293, 0.05146009847521782], ""slow"": [-0.35309064388275146, 0.17301951348781586, 0.030692070722579956]}","{""event"": [0.486919, 0.51308], ""fast"": [0.534232, 0.465768], ""slow"": [0.240375, 0.406796, 0.352829]}","{""event"": 1, ""fast"": 0, ""slow"": 1}",independent_head_argmax,4,4,4,event_head_prepare,"[true, true, true, true, true]",False,"[0.198077, 0.171799, 0.054515, 0.062528, 0.513081]",-0.667323,-0.667323,True
regression,mappo,29,regression_05,0,"{""event"": [0.026768185198307037, -0.07051500678062439], ""fast"": [0.022238846868276596, 0.1284416764974594], ""slow"": [-0.33912888169288635, 0.14959490299224854, 0.036159977316856384]}","{""event"": [0.524302, 0.475698], ""fast"": [0.473474, 0.526526], ""slow"": [0.244759, 0.399015, 0.356226]}","{""event"": 0, ""fast"": 1, ""slow"": 1}",independent_head_argmax,0,0,0,slow_head_cache_fill,"[true, true, true, true, true]",False,"[0.209204, 0.18677, 0.067568, 0.06076, 0.475698]",-1.564444,-1.564444,True
regression,mappo,29,regression_05,1,"{""event"": [-0.10206823796033859, 0.08261162042617798], ""fast"": [0.2897801399230957, -0.03036666288971901], ""slow"": [-0.4847475588321686, 0.1948852241039276, 0.082382932305336]}","{""event"": [0.453961, 0.546039], ""fast"": [0.57936, 0.42064], ""slow"": [0.211133, 0.416598, 0.37227]}","{""event"": 1, ""fast"": 0, ""slow"": 1}",independent_head_argmax,4,4,4,event_head_prepare,"[true, true, true, true, true]",False,"[0.189119, 0.168996, 0.040317, 0.055529, 0.546039]",-0.605065,-0.605065,True
regression,mappo,29,regression_05,2,"{""event"": [-0.09521699696779251, 0.07643367350101471], ""fast"": [0.30408287048339844, -0.03411129489541054], ""slow"": [-0.48069334030151367, 0.2039131224155426, 0.06888864934444427]}","{""event"": [0.457192, 0.542808], ""fast"": [0.583752, 0.416248], ""slow"": [0.212066, 0.420524, 0.36741]}","{""event"": 1, ""fast"": 0, ""slow"": 1}",independent_head_argmax,4,4,4,event_head_prepare,"[true, true, true, true, true]",False,"[0.192261, 0.167977, 0.040357, 0.056598, 0.542808]",-0.611,-0.611,True
regression,mappo,29,regression_05,3,"{""event"": [-0.1349899172782898, 0.11760863661766052], ""fast"": [0.43019142746925354, -0.08771876990795135], ""slow"": [-0.5510216951370239, 0.2691189646720886, 0.03915907442569733]}","{""event"": [0.437184, 0.562816], ""fast"": [0.626659, 0.373341], ""slow"": [0.197039, 0.44744, 0.355521]}","{""event"": 1, ""fast"": 0, ""slow"": 1}",independent_head_argmax,4,4,4,event_head_prepare,"[true, false, true, true, true]",False,"[0.231613, 0.0, 0.038079, 0.063916, 0.666392]",-0.405877,-0.405877,True
regression,mappo,29,regression_05,4,"{""event"": [-0.1413835734128952, 0.1154838353395462], ""fast"": [0.4492305517196655, -0.0978020578622818], ""slow"": [-0.5435241460800171, 0.283152312040329, 0.01628100872039795]}","{""event"": [0.436134, 0.563866], ""fast"": [0.633447, 0.366553], ""slow"": [0.198569, 0.45387, 0.347561]}","{""event"": 1, ""fast"": 0, ""slow"": 1}",independent_head_argmax,4,4,4,event_head_prepare,"[true, false, true, true, true]",False,"[0.233315, 0.0, 0.037416, 0.064659, 0.66461]",-0.408555,-0.408555,True
regression,mappo,29,regression_06,0,"{""event"": [-0.00033092498779296875, -0.06289303302764893], ""fast"": [0.06216104328632355, 0.07253988087177277], ""slow"": [-0.2853938937187195, 0.04923339933156967, 0.11890415847301483]}","{""event"": [0.515635, 0.484365], ""fast"": [0.497405, 0.502595], ""slow"": [0.256695, 0.358711, 0.384594]}","{""event"": 0, ""fast"": 1, ""slow"": 2}",independent_head_argmax,1,1,1,slow_head_prefetch,"[true, true, true, true, true]",False,"[0.184964, 0.19831, 0.066524, 0.065837, 0.484365]",-1.617923,-1.617923,True
regression,mappo,29,regression_06,1,"{""event"": [-0.048088736832141876, -0.004620242863893509], ""fast"": [0.2698012590408325, -0.02264750376343727], ""slow"": [-0.41954222321510315, 0.19752243161201477, 0.03787355124950409]}","{""event"": [0.489135, 0.510865], ""fast"": [0.572596, 0.427404], ""slow"": [0.225557, 0.418066, 0.356377]}","{""event"": 1, ""fast"": 0, ""slow"": 1}",independent_head_argmax,4,4,4,event_head_prepare,"[true, false, true, true, true]",False,"[0.247662, 0.0, 0.05711, 0.07651, 0.618718]",-0.480106,-0.480106,True
regression,mappo,29,regression_06,2,"{""event"": [-0.056809552013874054, 0.00024976953864097595], ""fast"": [0.2933589518070221, -0.019388113170862198], ""slow"": [-0.4404865503311157, 0.2045266330242157, 0.05298216640949249]}","{""event"": [0.485739, 0.514261], ""fast"": [0.577556, 0.422444], ""slow"": [0.22007, 0.419457, 0.360473]}","{""event"": 1, ""fast"": 0, ""slow"": 1}",independent_head_argmax,4,4,4,event_head_prepare,"[true, false, true, true, true]",False,"[0.246994, 0.0, 0.054743, 0.074844, 0.623419]",-0.472537,-0.472537,True
regression,mappo,29,regression_06,3,"{""event"": [-0.07554616034030914, 0.01499762013554573], ""fast"": [0.30291199684143066, -0.015993524342775345], ""slow"": [-0.43022000789642334, 0.2098744809627533, 0.04578694701194763]}","{""event"": [0.47738, 0.52262], ""fast"": [0.579058, 0.420943], ""slow"": [0.221912, 0.420891, 0.357197]}","{""event"": 1, ""fast"": 0, ""slow"": 1}",independent_head_argmax,4,4,4,event_head_prepare,"[true, false, true, true, true]",False,"[0.242229, 0.0, 0.05376, 0.073954, 0.630057]",-0.461945,-0.461945,True
regression,mappo,29,regression_06,4,"{""event"": [-0.022721655666828156, -0.05477464199066162], ""fast"": [0.10877837985754013, 0.07495514303445816], ""slow"": [-0.2518118619918823, 0.09076513350009918, 0.062210649251937866]}","{""event"": [0.508013, 0.491987], ""fast"": [0.508455, 0.491545], ""slow"": [0.264726, 0.372886, 0.362389]}","{""event"": 0, ""fast"": 0, ""slow"": 1}",independent_head_argmax,0,0,0,slow_head_cache_fill,"[true, true, true, true, true]",False,"[0.189431, 0.184098, 0.066105, 0.068379, 0.491987]",-1.663733,-1.663733,True
regression,mappo,29,regression_07,0,"{""event"": [-0.024368390440940857, -0.04374108090996742], ""fast"": [0.10426882654428482, 0.05180414021015167], ""slow"": [-0.3483749330043793, 0.05870936065912247, 0.1667248159646988]}","{""event"": [0.504843, 0.495157], ""fast"": [0.513113, 0.486887], ""slow"": [0.23945, 0.359757, 0.400793]}","{""event"": 0, ""fast"": 0, ""slow"": 2}",independent_head_argmax,1,1,1,slow_head_prefetch,"[true, true, true, true, true]",False,"[0.181621, 0.202337, 0.058857, 0.062028, 0.495157]",-1.597818,-1.597818,True
regression,mappo,29,regression_07,1,"{""event"": [-0.03431807458400726, -0.04217802733182907], ""fast"": [0.10298854112625122, 0.05570437014102936], ""slow"": [-0.3373923897743225, 0.058315735310316086, 0.17303027212619781]}","{""event"": [0.501965, 0.498035], ""fast"": [0.511819, 0.488181], ""slow"": [0.240881, 0.357813, 0.401306]}","{""event"": 0, ""fast"": 0, ""slow"": 2}",independent_head_argmax,1,1,1,slow_head_prefetch,"[true, true, true, true, true]",False,"[0.17961, 0.201442, 0.059028, 0.061886, 0.498035]",-1.602255,-1.602255,True
regression,mappo,29,regression_07,2,"{""event"": [0.13469237089157104, -0.25131306052207947], ""fast"": [-0.24174803495407104, 0.2375679314136505], ""slow"": [-0.04704431816935539, -0.05765895918011665, 0.10754837095737457]}","{""event"": [0.595321, 0.404679], ""fast"": [0.382414, 0.617586], ""slow"": [0.316794, 0.313449, 0.369757]}","{""event"": 0, ""fast"": 1, ""slow"": 2}",independent_head_argmax,1,1,1,slow_head_prefetch,"[true, true, true, true, true]",False,"[0.186603, 0.220124, 0.116473, 0.072121, 0.404679]",-1.513566,-1.513566,True
regression,mappo,29,regression_07,3,"{""event"": [0.13066604733467102, -0.25104543566703796], ""fast"": [-0.2457934021949768, 0.23808284103870392], ""slow"": [-0.04208396375179291, -0.05435497686266899, 0.10834191739559174]}","{""event"": [0.594286, 0.405714], ""fast"": [0.381337, 0.618663], ""slow"": [0.317447, 0.313575, 0.368978]}","{""event"": 0, ""fast"": 1, ""slow"": 2}",independent_head_argmax,1,1,1,slow_head_prefetch,"[true, true, true, true, true]",False,"[0.186353, 0.219278, 0.116713, 0.071941, 0.405714]",-1.517414,-1.517414,True
regression,mappo,29,regression_07,4,"{""event"": [0.07769400626420975, -0.1637391299009323], ""fast"": [-0.004174843430519104, 0.12868419289588928], ""slow"": [-0.24682384729385376, 0.11782553791999817, 0.00992630422115326]}","{""event"": [0.560067, 0.439933], ""fast"": [0.466834, 0.533166], ""slow"": [0.2679, 0.385779, 0.346321]}","{""event"": 0, ""fast"": 1, ""slow"": 1}",independent_head_argmax,0,0,0,slow_head_cache_fill,"[true, false, true, true, true]",False,"[0.268055, 0.0, 0.099248, 0.0869, 0.545798]",-1.316565,-1.316565,True
regression,mappo,29,regression_07,5,"{""event"": [-0.09974464029073715, 0.051401156932115555], ""fast"": [0.3441682457923889, -0.049835946410894394], ""slow"": [-0.5004141926765442, 0.22758159041404724, 0.060670405626297]}","{""event"": [0.462285, 0.537715], ""fast"": [0.597246, 0.402754], ""slow"": [0.207318, 0.429341, 0.36334]}","{""event"": 1, ""fast"": 0, ""slow"": 1}",independent_head_argmax,4,4,4,event_head_prepare,"[true, false, true, true, true]",False,"[0.238546, 0.0, 0.046392, 0.068796, 0.646266]",-0.436544,-0.436544,True
regression,mappo,29,regression_07,6,"{""event"": [0.09937230497598648, -0.20319931209087372], ""fast"": [-0.1569126546382904, 0.22455774247646332], ""slow"": [-0.15371784567832947, 0.03212935850024223, 0.08947782218456268]}","{""event"": [0.575071, 0.424929], ""fast"": [0.405772, 0.594228], ""slow"": [0.287393, 0.34609, 0.366517]}","{""event"": 0, ""fast"": 1, ""slow"": 2}",independent_head_argmax,1,1,1,slow_head_prefetch,"[true, true, true, true, true]",False,"[0.199026, 0.210774, 0.098209, 0.067063, 0.424929]",-1.556971,-1.556971,True
regression,mappo,29,regression_07,7,"{""event"": [0.09525356441736221, -0.20241637527942657], ""fast"": [-0.16080248355865479, 0.22485551238059998], ""slow"": [-0.14914581179618835, 0.035682015120983124, 0.09076128900051117]}","{""event"": [0.573873, 0.426127], ""fast"": [0.404763, 0.595237], ""slow"": [0.287841, 0.346276, 0.365883]}","{""event"": 0, ""fast"": 1, ""slow"": 2}",independent_head_argmax,1,1,1,slow_head_prefetch,"[true, true, true, true, true]",False,"[0.198718, 0.209971, 0.098324, 0.06686, 0.426127]",-1.560788,-1.560788,True
regression,mappo,29,regression_07,8,"{""event"": [0.12110880762338638, -0.2126425951719284], ""fast"": [-0.1835154891014099, 0.22706551849842072], ""slow"": [-0.11175274848937988, 0.02863132767379284, 0.02685132622718811]}","{""event"": [0.582672, 0.417328], ""fast"": [0.398773, 0.601227], ""slow"": [0.303087, 0.348767, 0.348146]}","{""event"": 0, ""fast"": 1, ""slow"": 1}",independent_head_argmax,0,0,0,slow_head_cache_fill,"[true, true, true, true, true]",False,"[0.203217, 0.202855, 0.106177, 0.070423, 0.417328]",-1.593483,-1.593483,True
regression,mappo,29,regression_07,9,"{""event"": [-0.056738413870334625, 0.002710726112127304], ""fast"": [0.1931116133928299, 0.03731640428304672], ""slow"": [-0.40840402245521545, 0.1571386754512787, 0.09546531736850739]}","{""event"": [0.485142, 0.514858], ""fast"": [0.53887, 0.46113], ""slow"": [0.226474, 0.398686, 0.37484]}","{""event"": 1, ""fast"": 0, ""slow"": 1}",independent_head_argmax,4,4,4,event_head_prepare,"[true, true, true, true, true]",False,"[0.193419, 0.181851, 0.050665, 0.059207, 0.514858]",-0.663864,-0.663864,True
regression,mappo,29,regression_07,10,"{""event"": [0.06312064081430435, -0.1417912393808365], ""fast"": [-0.07575460523366928, 0.20628145337104797], ""slow"": [-0.22113902866840363, 0.1146642416715622, 0.007792666554450989]}","{""event"": [0.551049, 0.448951], ""fast"": [0.429955, 0.570045], ""slow"": [0.273499, 0.382643, 0.343858]}","{""event"": 0, ""fast"": 1, ""slow"": 1}",independent_head_argmax,0,0,0,slow_head_cache_fill,"[true, true, true, true, true]",False,"[0.210855, 0.189483, 0.085912, 0.064799, 0.44895]",-1.556585,-1.556585,True
regression,mappo,29,regression_07,11,"{""event"": [-0.06553930789232254, 0.016296524554491043], ""fast"": [0.20665639638900757, 0.03713766857981682], ""slow"": [-0.4032568335533142, 0.17119789123535156, 0.06729184091091156]}","{""event"": [0.479552, 0.520448], ""fast"": [0.542278, 0.457722], ""slow"": [0.228465, 0.405791, 0.365744]}","{""event"": 1, ""fast"": 0, ""slow"": 1}",independent_head_argmax,4,4,4,event_head_prepare,"[true, true, true, true, true]",False,"[0.194598, 0.175393, 0.050148, 0.059413, 0.520448]",-0.653066,-0.653066,True
regression,mappo,29,regression_07,12,"{""event"": [0.015946082770824432, -0.09247283637523651], ""fast"": [0.11241497844457626, 0.11609987914562225], ""slow"": [-0.33448854088783264, 0.2173038274049759, -0.036851875483989716]}","{""event"": [0.527078, 0.472922], ""fast"": [0.499079, 0.500921], ""slow"": [0.244916, 0.425263, 0.329821]}","{""event"": 0, ""fast"": 1, ""slow"": 1}",independent_head_argmax,0,0,0,slow_head_cache_fill,"[true, false, true, true, true]",False,"[0.271312, 0.0, 0.07827, 0.077983, 0.572435]",-1.304486,-1.304486,True
regression,mappo,29,regression_07,13,"{""event"": [-0.1066761165857315, 0.058265071362257004], ""fast"": [0.3728574216365814, -0.04612291231751442], ""slow"": [-0.4972333014011383, 0.262798011302948, 0.02185717225074768]}","{""event"": [0.458858, 0.541142], ""fast"": [0.603239, 0.396761], ""slow"": [0.207519, 0.443746, 0.348735]}","{""event"": 1, ""fast"": 0, ""slow"": 1}",independent_head_argmax,4,4,4,event_head_prepare,"[true, false, true, true, true]",False,"[0.242406, 0.0, 0.044977, 0.068384, 0.644232]",-0.439696,-0.439696,True
regression,mappo,29,regression_07,14,"{""event"": [-0.10848933458328247, 0.06970436871051788], ""fast"": [0.37540945410728455, -0.04053030535578728], ""slow"": [-0.4984566569328308, 0.25404617190361023, 0.01913633942604065]}","{""event"": [0.455569, 0.544431], ""fast"": [0.602511, 0.397489], ""slow"": [0.208321, 0.44212, 0.349559]}","{""event"": 1, ""fast"": 0, ""slow"": 1}",independent_head_argmax,4,4,4,event_head_prepare,"[true, false, true, true, true]",False,"[0.239567, 0.0, 0.044869, 0.068012, 0.647552]",-0.434555,-0.434555,True
regression,mappo,29,regression_07,15,"{""event"": [-0.11967212706804276, 0.06893154978752136], ""fast"": [0.3850827217102051, -0.04917101934552193], ""slow"": [-0.4893908202648163, 0.26920920610427856, 0.005916126072406769]}","{""event"": [0.452988, 0.547012], ""fast"": [0.606889, 0.393111], ""slow"": [0.209368, 0.44706, 0.343573]}","{""event"": 1, ""fast"": 0, ""slow"": 1}",independent_head_argmax,4,4,4,event_head_prepare,"[true, false, true, true, true]",False,"[0.23984, 0.0, 0.044155, 0.068167, 0.647837]",-0.434115,-0.434115,True
regression,mappo,29,regression_08,0,"{""event"": [-0.08858375251293182, 0.0753161609172821], ""fast"": [0.2720576524734497, -0.02824392542243004], ""slow"": [-0.48471352458000183, 0.1736815720796585, 0.0940498560667038]}","{""event"": [0.459117, 0.540883], ""fast"": [0.574516, 0.425484], ""slow"": [0.212066, 0.409645, 0.378289]}","{""event"": 1, ""fast"": 0, ""slow"": 1}",independent_head_argmax,4,4,4,event_head_prepare,"[true, true, true, true, true]",False,"[0.188075, 0.173679, 0.041426, 0.055937, 0.540883]",-0.614551,-0.614551,True
regression,mappo,29,regression_08,1,"{""event"": [-0.11523860692977905, 0.09281744062900543], ""fast"": [0.40340521931648254, -0.09499464929103851], ""slow"": [-0.5488460659980774, 0.2476682960987091, 0.06417888402938843]}","{""event"": [0.448173, 0.551827], ""fast"": [0.622083, 0.377917], ""slow"": [0.19748, 0.437971, 0.364549]}","{""event"": 1, ""fast"": 0, ""slow"": 1}",independent_head_argmax,4,4,4,event_head_prepare,"[true, false, true, true, true]",False,"[0.234619, 0.0, 0.039979, 0.06581, 0.659592]",-0.416134,-0.416134,True
regression,mappo,29,regression_08,2,"{""event"": [-0.007526405155658722, -0.040046971291303635], ""fast"": [0.1794467717409134, 0.05878061801195145], ""slow"": [-0.40984565019607544, 0.22962863743305206, -0.00745004415512085]}","{""event"": [0.508129, 0.491871], ""fast"": [0.53013, 0.46987], ""slow"": [0.227744, 0.431686, 0.34057]}","{""event"": 0, ""fast"": 0, ""slow"": 1}",independent_head_argmax,0,0,0,slow_head_cache_fill,"[true, false, true, true, true]",False,"[0.265256, 0.0, 0.065754, 0.074187, 0.594803]",-1.327061,-1.327061,True
regression,mappo,29,regression_08,3,"{""event"": [-0.12499541789293289, 0.10172116756439209], ""fast"": [0.42734280228614807, -0.0932186096906662], ""slow"": [-0.5518419742584229, 0.2745416760444641, 0.03786949813365936]}","{""event"": [0.443562, 0.556438], ""fast"": [0.627279, 0.372721], ""slow"": [0.196521, 0.449059, 0.35442]}","{""event"": 1, ""fast"": 0, ""slow"": 1}",independent_head_argmax,4,4,4,event_head_prepare,"[true, false, true, true, true]",False,"[0.23634, 0.0, 0.03855, 0.064879, 0.660231]",-0.415166,-0.415166,True
regression,mappo,29,regression_08,4,"{""event"": [-0.01969420164823532, -0.026801638305187225], ""fast"": [0.2134862244129181, 0.05127990245819092], ""slow"": [-0.4088875651359558, 0.24692237377166748, -0.01659831404685974]}","{""event"": [0.501777, 0.498223], ""fast"": [0.540463, 0.459537], ""slow"": [0.226908, 0.437185, 0.335907]}","{""event"": 0, ""fast"": 0, ""slow"": 1}",independent_head_argmax,0,0,0,slow_head_cache_fill,"[true, false, true, true, true]",False,"[0.263839, 0.0, 0.062928, 0.07401, 0.599222]",-1.332415,-1.332415,True
regression,mappo,29,regression_08,5,"{""event"": [0.019630350172519684, -0.08519381284713745], ""fast"": [0.02437053993344307, 0.14686612784862518], ""slow"": [-0.260293185710907, 0.16997894644737244, -0.011990681290626526]}","{""event"": [0.526182, 0.473818], ""fast"": [0.469414, 0.530586], ""slow"": [0.261813, 0.402583, 0.335604]}","{""event"": 0, ""fast"": 1, ""slow"": 1}",independent_head_argmax,0,0,0,slow_head_cache_fill,"[true, true, true, true, true]",False,"[0.211832, 0.176589, 0.073094, 0.064667, 0.473818]",-1.551961,-1.551961,True
regression,mappo,29,regression_09,0,"{""event"": [-0.04530632495880127, 0.010252382606267929], ""fast"": [0.1918344795703888, 0.01987757720053196], ""slow"": [-0.4323863387107849, 0.15412397682666779, 0.08778458833694458]}","{""event"": [0.486114, 0.513886], ""fast"": [0.542884, 0.457116], ""slow"": [0.223213, 0.401271, 0.375515]}","{""event"": 1, ""fast"": 0, ""slow"": 1}",independent_head_argmax,4,4,4,event_head_prepare,"[true, true, true, true, true]",False,"[0.195064, 0.182543, 0.0496, 0.058907, 0.513886]",-0.665754,-0.665754,True
regression,mappo,29,regression_09,1,"{""event"": [-0.09009642899036407, 0.05171925947070122], ""fast"": [0.34546688199043274, -0.0548495389521122], ""slow"": [-0.5151112079620361, 0.23714539408683777, 0.05199810862541199]}","{""event"": [0.464605, 0.535395], ""fast"": [0.598764, 0.401236], ""slow"": [0.204711, 0.434351, 0.360938]}","{""event"": 1, ""fast"": 0, ""slow"": 1}",independent_head_argmax,4,4,4,event_head_prepare,"[true, false, true, true, true]",False,"[0.242461, 0.0, 0.04585, 0.068422, 0.643266]",-0.441196,-0.441196,True
regression,mappo,29,regression_09,2,"{""event"": [-0.06281518936157227, 0.02373174950480461], ""fast"": [0.2211388349533081, 0.015345247462391853], ""slow"": [-0.4387655556201935, 0.17573808133602142, 0.07182872295379639]}","{""event"": [0.478377, 0.521623], ""fast"": [0.551268, 0.448732], ""slow"": [0.221483, 0.409464, 0.369053]}","{""event"": 1, ""fast"": 0, ""slow"": 1}",independent_head_argmax,4,4,4,event_head_prepare,"[true, true, true, true, true]",False,"[0.195878, 0.176546, 0.047544, 0.058408, 0.521623]",-0.65081,-0.65081,True
regression,mappo,29,regression_09,3,"{""event"": [-0.10455447435379028, 0.06330886483192444], ""fast"": [0.3720647394657135, -0.06042047217488289], ""slow"": [-0.5210162401199341, 0.2576174736022949, 0.036628738045692444]}","{""event"": [0.458132, 0.541868], ""fast"": [0.606467, 0.393533], ""slow"": [0.203044, 0.442329, 0.354627]}","{""event"": 1, ""fast"": 0, ""slow"": 1}",independent_head_argmax,4,4,4,event_head_prepare,"[true, false, true, true, true]",False,"[0.241955, 0.0, 0.043708, 0.067357, 0.64698]",-0.43544,-0.43544,True
regression,mappo,29,regression_09,4,"{""event"": [-0.05712635815143585, 0.011461813002824783], ""fast"": [0.20739901065826416, 0.030398054048419], ""slow"": [-0.41488975286483765, 0.1683390885591507, 0.07000522315502167]}","{""event"": [0.48286, 0.51714], ""fast"": [0.544135, 0.455865], ""slow"": [0.226459, 0.405772, 0.36777]}","{""event"": 1, ""fast"": 0, ""slow"": 1}",independent_head_argmax,4,4,4,event_head_prepare,"[true, true, true, true, true]",False,"[0.195931, 0.177581, 0.049848, 0.0595, 0.51714]",-0.659441,-0.659441,True
regression,mappo,29,regression_09,5,"{""event"": [-0.11196257174015045, 0.06465357542037964], ""fast"": [0.36864593625068665, -0.048692990094423294], ""slow"": [-0.5049647688865662, 0.2566741406917572, 0.028707042336463928]}","{""event"": [0.45596, 0.54404], ""fast"": [0.602846, 0.397154], ""slow"": [0.206315, 0.441881, 0.351804]}","{""event"": 1, ""fast"": 0, ""slow"": 1}",independent_head_argmax,4,4,4,event_head_prepare,"[true, false, true, true, true]",False,"[0.239974, 0.0, 0.044499, 0.067545, 0.647981]",-0.433893,-0.433893,True
regression,mappo,29,regression_09,6,"{""event"": [-0.10933196544647217, 0.06251189112663269], ""fast"": [0.3781282901763916, -0.050839636474847794], ""slow"": [-0.504630982875824, 0.26064708828926086, 0.020332954823970795]}","{""event"": [0.457144, 0.542856], ""fast"": [0.605627, 0.394373], ""slow"": [0.206612, 0.444132, 0.349256]}","{""event"": 1, ""fast"": 0, ""slow"": 1}",independent_head_argmax,4,4,4,event_head_prepare,"[true, false, true, true, true]",False,"[0.241607, 0.0, 0.044326, 0.068071, 0.645996]",-0.436963,-0.436963,True
regression,mappo,29,regression_09,7,"{""event"": [-0.12074436992406845, 0.0673961490392685], ""fast"": [0.3806924819946289, -0.04993588104844093], ""slow"": [-0.4947870969772339, 0.26465749740600586, 0.01695491373538971]}","{""event"": [0.453103, 0.546897], ""fast"": [0.606024, 0.393976], ""slow"": [0.208104, 0.444737, 0.347158]}","{""event"": 1, ""fast"": 0, ""slow"": 1}",independent_head_argmax,4,4,4,event_head_prepare,"[true, false, true, true, true]",False,"[0.239126, 0.0, 0.044083, 0.06781, 0.648981]",-0.432352,-0.432352,True
regression,mappo,29,regression_09,8,"{""event"": [-0.12111740559339523, 0.08070096373558044], ""fast"": [0.3785703480243683, -0.039945345371961594], ""slow"": [-0.49235159158706665, 0.2534751296043396, 0.011136040091514587]}","{""event"": [0.449716, 0.550284], ""fast"": [0.603128, 0.396872], ""slow"": [0.209966, 0.442648, 0.347386]}","{""event"": 1, ""fast"": 0, ""slow"": 1}",independent_head_argmax,4,4,4,event_head_prepare,"[true, false, true, true, true]",False,"[0.235923, 0.0, 0.044413, 0.067495, 0.652169]",-0.427451,-0.427451,True
regression,mappo,29,regression_10,0,"{""event"": [-0.05968622863292694, 0.01773475855588913], ""fast"": [0.1573783904314041, 0.03349830210208893], ""slow"": [-0.3994044363498688, 0.1415676474571228, 0.0624690055847168]}","{""event"": [0.480654, 0.519346], ""fast"": [0.53093, 0.46907], ""slow"": [0.232303, 0.399021, 0.368675]}","{""event"": 1, ""fast"": 0, ""slow"": 1}",independent_head_argmax,4,4,4,event_head_prepare,"[true, true, true, true, true]",False,"[0.191791, 0.177205, 0.052375, 0.059282, 0.519346]",-0.655186,-0.655186,True
regression,mappo,29,regression_10,1,"{""event"": [-0.09527378529310226, 0.0436735562980175], ""fast"": [0.3041651248931885, -0.0389091856777668], ""slow"": [-0.4723639190196991, 0.22108924388885498, 0.03441275656223297]}","{""event"": [0.465319, 0.534681], ""fast"": [0.584937, 0.415063], ""slow"": [0.214567, 0.429266, 0.356167]}","{""event"": 1, ""fast"": 0, ""slow"": 1}",independent_head_argmax,4,4,4,event_head_prepare,"[true, false, true, true, true]",False,"[0.239426, 0.0, 0.049673, 0.070003, 0.640898]",-0.444885,-0.444885,True
regression,mappo,29,regression_10,2,"{""event"": [0.010981179773807526, -0.08820588886737823], ""fast"": [0.059496596455574036, 0.13260115683078766], ""slow"": [-0.30959463119506836, 0.1893327832221985, -0.04741665720939636]}","{""event"": [0.524776, 0.475224], ""fast"": [0.481732, 0.518268], ""slow"": [0.253376, 0.417298, 0.329327]}","{""event"": 0, ""fast"": 1, ""slow"": 1}",independent_head_argmax,0,0,0,slow_head_cache_fill,"[true, false, true, true, true]",False,"[0.264741, 0.0, 0.08331, 0.077437, 0.574512]",-1.329002,-1.329002,True
regression,mappo,29,regression_10,3,"{""event"": [-0.10116487741470337, 0.045516159385442734], ""fast"": [0.3273727595806122, -0.034112442284822464], ""slow"": [-0.470590204000473, 0.253369003534317, 0.003739655017852783]}","{""event"": [0.463395, 0.536605], ""fast"": [0.5894, 0.4106], ""slow"": [0.214155, 0.441712, 0.344133]}","{""event"": 1, ""fast"": 0, ""slow"": 1}",independent_head_argmax,4,4,4,event_head_prepare,"[true, false, true, true, true]",False,"[0.243522, 0.0, 0.048478, 0.069588, 0.638412]",-0.448771,-0.448771,True
regression,mappo,29,regression_10,4,"{""event"": [-0.06172242760658264, 0.0026842541992664337], ""fast"": [0.1824387013912201, 0.04296106472611427], ""slow"": [-0.35979342460632324, 0.1798173487186432, 0.01568925380706787]}","{""event"": [0.483904, 0.516096], ""fast"": [0.534813, 0.465187], ""slow"": [0.239749, 0.41125, 0.349001]}","{""event"": 1, ""fast"": 0, ""slow"": 1}",independent_head_argmax,4,4,4,event_head_prepare,"[true, true, true, true, true]",False,"[0.199006, 0.168883, 0.053969, 0.062047, 0.516096]",-0.661462,-0.661462,True
regression,mappo,29,regression_11,0,"{""event"": [-0.06614688783884048, 0.04081771895289421], ""fast"": [0.22555014491081238, -0.021038908511400223], ""slow"": [-0.417664498090744, 0.09900297224521637, 0.14913691580295563]}","{""event"": [0.473284, 0.526716], ""fast"": [0.561337, 0.438663], ""slow"": [0.225273, 0.377655, 0.397071]}","{""event"": 1, ""fast"": 0, ""slow"": 2}",independent_head_argmax,4,4,4,event_head_prepare,"[true, true, true, true, true]",False,"[0.178738, 0.187928, 0.04677, 0.059849, 0.526716]",-0.641094,-0.641094,True
regression,mappo,29,regression_11,1,"{""event"": [0.007633909583091736, -0.04822086542844772], ""fast"": [0.16392934322357178, 0.05005033686757088], ""slow"": [-0.3818397521972656, 0.20114776492118835, 0.009444743394851685]}","{""event"": [0.51396, 0.48604], ""fast"": [0.528439, 0.471561], ""slow"": [0.234178, 0.419502, 0.346321]}","{""event"": 0, ""fast"": 0, ""slow"": 1}",independent_head_argmax,0,0,0,slow_head_cache_fill,"[true, false, true, true, true]",False,"[0.262294, 0.0, 0.069046, 0.077374, 0.591286]",-1.338289,-1.338289,True
regression,mappo,29,regression_11,2,"{""event"": [-0.12136834114789963, 0.10202920436859131], ""fast"": [0.43171098828315735, -0.10297755897045135], ""slow"": [-0.5476648807525635, 0.2432517260313034, 0.07330898940563202]}","{""event"": [0.444382, 0.555618], ""fast"": [0.630576, 0.369424], ""slow"": [0.197388, 0.435324, 0.367288]}","{""event"": 1, ""fast"": 0, ""slow"": 1}",independent_head_argmax,4,4,4,event_head_prepare,"[true, false, true, true, true]",False,"[0.231183, 0.0, 0.038725, 0.0661, 0.663993]",-0.409484,-0.409484,True
regression,mappo,29,regression_11,3,"{""event"": [-0.13129191100597382, 0.10429687798023224], ""fast"": [0.43921908736228943, -0.10365408658981323], ""slow"": [-0.5359578132629395, 0.2532200515270233, 0.06441311538219452]}","{""event"": [0.441374, 0.558626], ""fast"": [0.632481, 0.367519], ""slow"": [0.19903, 0.438181, 0.36279]}","{""event"": 1, ""fast"": 0, ""slow"": 1}",independent_head_argmax,4,4,4,event_head_prepare,"[true, false, true, true, true]",False,"[0.230274, 0.0, 0.038441, 0.066154, 0.665131]",-0.407771,-0.407771,True
regression,mappo,29,regression_11,4,"{""event"": [-0.005242101848125458, -0.03556304797530174], ""fast"": [0.21432313323020935, 0.04131436347961426], ""slow"": [-0.3697230815887451, 0.23696278035640717, -0.036144405603408813]}","{""event"": [0.50758, 0.49242], ""fast"": [0.543145, 0.456855], ""slow"": [0.23639, 0.43362, 0.32999]}","{""event"": 0, ""fast"": 0, ""slow"": 1}",independent_head_argmax,0,0,0,slow_head_cache_fill,"[true, false, true, true, true]",False,"[0.264379, 0.0, 0.065845, 0.078282, 0.591493]",-1.33037,-1.33037,True
frozen_check,mappo,29,frozen_check_00,0,"{""event"": [-0.08830683678388596, 0.07450132071971893], ""fast"": [0.27055823802948, -0.02734174206852913], ""slow"": [-0.483511745929718, 0.17289701104164124, 0.09498341381549835]}","{""event"": [0.459388, 0.540612], ""fast"": [0.573929, 0.426071], ""slow"": [0.21226, 0.409206, 0.378534]}","{""event"": 1, ""fast"": 0, ""slow"": 1}",independent_head_argmax,4,4,4,event_head_prepare,"[true, true, true, true, true]",False,"[0.187984, 0.173894, 0.041546, 0.055964, 0.540612]",-0.615053,-0.615053,True
frozen_check,mappo,29,frozen_check_00,1,"{""event"": [-0.12287589907646179, 0.1009843647480011], ""fast"": [0.40485522150993347, -0.09479501843452454], ""slow"": [-0.5506329536437988, 0.2450624704360962, 0.06575082242488861]}","{""event"": [0.444268, 0.555733], ""fast"": [0.622377, 0.377623], ""slow"": [0.197309, 0.437232, 0.365459]}","{""event"": 1, ""fast"": 0, ""slow"": 1}",independent_head_argmax,4,4,4,event_head_prepare,"[true, false, true, true, true]",False,"[0.2319, 0.0, 0.039518, 0.065131, 0.663451]",-0.4103,-0.4103,True
frozen_check,mappo,29,frozen_check_00,2,"{""event"": [-0.0027256980538368225, -0.04045373201370239], ""fast"": [0.1695593297481537, 0.0650305226445198], ""slow"": [-0.4099957346916199, 0.22170577943325043, 0.0010730922222137451]}","{""event"": [0.509431, 0.490569], ""fast"": [0.526108, 0.473892], ""slow"": [0.22783, 0.428505, 0.343665]}","{""event"": 0, ""fast"": 0, ""slow"": 1}",independent_head_argmax,0,0,0,slow_head_cache_fill,"[true, false, true, true, true]",False,"[0.264622, 0.0, 0.066675, 0.074021, 0.594682]",-1.329454,-1.329454,True
frozen_check,mappo,29,frozen_check_00,3,"{""event"": [-0.1262751668691635, 0.10321852564811707], ""fast"": [0.42168596386909485, -0.0907534658908844], ""slow"": [-0.5524510741233826, 0.2693138122558594, 0.04368948936462402]}","{""event"": [0.442877, 0.557123], ""fast"": [0.625378, 0.374622], ""slow"": [0.196479, 0.446893, 0.356628]}","{""event"": 1, ""fast"": 0, ""slow"": 1}",independent_head_argmax,4,4,4,event_head_prepare,"[true, false, true, true, true]",False,"[0.235042, 0.0, 0.038712, 0.064625, 0.661621]",-0.413062,-0.413062,True
frozen_check,mappo,29,frozen_check_00,4,"{""event"": [-0.10325953364372253, 0.07686404883861542], ""fast"": [0.2914679944515228, -0.017303381115198135], ""slow"": [-0.45921385288238525, 0.19082874059677124, 0.07112114131450653]}","{""event"": [0.45509, 0.54491], ""fast"": [0.576585, 0.423415], ""slow"": [0.216679, 0.415075, 0.368246]}","{""event"": 1, ""fast"": 0, ""slow"": 1}",independent_head_argmax,4,4,4,event_head_prepare,"[true, true, true, true, true]",False,"[0.188897, 0.167585, 0.041752, 0.056856, 0.54491]",-0.607135,-0.607135,True
frozen_check,mappo,29,frozen_check_00,5,"{""event"": [0.013814873993396759, -0.06856654584407806], ""fast"": [0.05336242914199829, 0.13203293085098267], ""slow"": [-0.3006635010242462, 0.1883660852909088, -0.007359564304351807]}","{""event"": [0.520584, 0.479416], ""fast"": [0.480343, 0.519657], ""slow"": [0.251789, 0.4106, 0.337611]}","{""event"": 0, ""fast"": 1, ""slow"": 1}",independent_head_argmax,0,0,0,slow_head_cache_fill,"[true, true, true, true, true]",False,"[0.213752, 0.175755, 0.068115, 0.062962, 0.479416]",-1.54294,-1.54294,True
frozen_check,mappo,29,frozen_check_00,6,"{""event"": [-0.1366100013256073, 0.10851588845252991], ""fast"": [0.4473063051700592, -0.09618136286735535], ""slow"": [-0.538473904132843, 0.2854820489883423, 0.014049500226974487]}","{""event"": [0.439024, 0.560976], ""fast"": [0.632623, 0.367377], ""slow"": [0.199317, 0.454343, 0.34634]}","{""event"": 1, ""fast"": 0, ""slow"": 1}",independent_head_argmax,4,4,4,event_head_prepare,"[true, false, true, true, true]",False,"[0.235235, 0.0, 0.037912, 0.065284, 0.661569]",-0.413141,-0.413141,True
frozen_check,mappo,29,frozen_check_01,0,"{""event"": [-0.04530632495880127, 0.010252382606267929], ""fast"": [0.1918344795703888, 0.01987757720053196], ""slow"": [-0.4323863387107849, 0.15412397682666779, 0.08778458833694458]}","{""event"": [0.486114, 0.513886], ""fast"": [0.542884, 0.457116], ""slow"": [0.223213, 0.401271, 0.375515]}","{""event"": 1, ""fast"": 0, ""slow"": 1}",independent_head_argmax,4,4,4,event_head_prepare,"[true, true, true, true, true]",False,"[0.195064, 0.182543, 0.0496, 0.058907, 0.513886]",-0.665754,-0.665754,True
frozen_check,mappo,29,frozen_check_01,1,"{""event"": [-0.08622655272483826, 0.045642074197530746], ""fast"": [0.3422464430332184, -0.05286518111824989], ""slow"": [-0.5106648206710815, 0.23777693510055542, 0.05231224000453949]}","{""event"": [0.467081, 0.532919], ""fast"": [0.597513, 0.402487], ""slow"": [0.205356, 0.434061, 0.360583]}","{""event"": 1, ""fast"": 0, ""slow"": 1}",independent_head_argmax,4,4,4,event_head_prepare,"[true, false, true, true, true]",False,"[0.243803, 0.0, 0.046425, 0.06892, 0.640853]",-0.444956,-0.444956,True
frozen_check,mappo,29,frozen_check_01,2,"{""event"": [-0.06728911399841309, 0.025724157691001892], ""fast"": [0.2246803641319275, 0.016002535820007324], ""slow"": [-0.435117244720459, 0.17750045657157898, 0.06888630986213684]}","{""event"": [0.476763, 0.523237], ""fast"": [0.551981, 0.448019], ""slow"": [0.222193, 0.410003, 0.367804]}","{""event"": 1, ""fast"": 0, ""slow"": 1}",independent_head_argmax,4,4,4,event_head_prepare,"[true, true, true, true, true]",False,"[0.195474, 0.175356, 0.04746, 0.058473, 0.523237]",-0.647722,-0.647722,True
frozen_check,mappo,29,frozen_check_01,3,"{""event"": [-0.09193234145641327, 0.04905937984585762], ""fast"": [0.3582412004470825, -0.04902689531445503], ""slow"": [-0.5110815763473511, 0.25630879402160645, 0.03473399579524994]}","{""event"": [0.46481, 0.53519], ""fast"": [0.600433, 0.399567], ""slow"": [0.204912, 0.441408, 0.353681]}","{""event"": 1, ""fast"": 0, ""slow"": 1}",independent_head_argmax,4,4,4,event_head_prepare,"[true, false, true, true, true]",False,"[0.245536, 0.0, 0.045544, 0.068439, 0.640481]",-0.445536,-0.445536,True
frozen_check,mappo,29,frozen_check_01,4,"{""event"": [-0.07457569241523743, 0.031474627554416656], ""fast"": [0.21237391233444214, 0.04064605012536049], ""slow"": [-0.40723907947540283, 0.1551619917154312, 0.0746103972196579]}","{""event"": [0.473512, 0.526488], ""fast"": [0.542827, 0.457173], ""slow"": [0.228626, 0.401212, 0.370161]}","{""event"": 1, ""fast"": 0, ""slow"": 1}",independent_head_argmax,4,4,4,event_head_prepare,"[true, true, true, true, true]",False,"[0.189979, 0.175276, 0.049492, 0.058765, 0.526488]",-0.641527,-0.641527,True
frozen_check,mappo,29,frozen_check_01,5,"{""event"": [-0.12646061182022095, 0.0739315003156662], ""fast"": [0.37726345658302307, -0.04816625639796257], ""slow"": [-0.49522191286087036, 0.2584095895290375, 0.021062403917312622]}","{""event"": [0.450069, 0.549931], ""fast"": [0.604782, 0.395218], ""slow"": [0.208312, 0.442601, 0.349087]}","{""event"": 1, ""fast"": 0, ""slow"": 1}",independent_head_argmax,4,4,4,event_head_prepare,"[true, false, true, true, true]",False,"[0.236332, 0.0, 0.04396, 0.06727, 0.652438]",-0.42704,-0.42704,True
frozen_check,mappo,29,frozen_check_01,6,"{""event"": [-0.12455250322818756, 0.07690641283988953], ""fast"": [0.3849683105945587, -0.047509435564279556], ""slow"": [-0.4931163787841797, 0.26049479842185974, 0.008319564163684845]}","{""event"": [0.449805, 0.550195], ""fast"": [0.606465, 0.393535], ""slow"": [0.209391, 0.444885, 0.345724]}","{""event"": 1, ""fast"": 0, ""slow"": 1}",independent_head_argmax,4,4,4,event_head_prepare,"[true, false, true, true, true]",False,"[0.236961, 0.0, 0.043891, 0.067638, 0.65151]",-0.428462,-0.428462,True
frozen_check,mappo,29,frozen_check_02,0,"{""event"": [-0.0650070458650589, 0.02252698689699173], ""fast"": [0.1600266396999359, 0.03330731391906738], ""slow"": [-0.39974093437194824, 0.14065665006637573, 0.06174398958683014]}","{""event"": [0.47813, 0.52187], ""fast"": [0.531637, 0.468362], ""slow"": [0.23239, 0.398941, 0.368669]}","{""event"": 1, ""fast"": 0, ""slow"": 1}",independent_head_argmax,4,4,4,event_head_prepare,"[true, true, true, true, true]",False,"[0.190746, 0.176272, 0.052041, 0.059072, 0.52187]",-0.650338,-0.650338,True
frozen_check,mappo,29,frozen_check_02,1,"{""event"": [-0.08698941767215729, 0.0354553647339344], ""fast"": [0.3009960651397705, -0.03895353898406029], ""slow"": [-0.47159630060195923, 0.22302888333797455, 0.034669727087020874]}","{""event"": [0.469427, 0.530573], ""fast"": [0.584178, 0.415822], ""slow"": [0.214498, 0.429631, 0.355871]}","{""event"": 1, ""fast"": 0, ""slow"": 1}",independent_head_argmax,4,4,4,event_head_prepare,"[true, false, true, true, true]",False,"[0.242129, 0.0, 0.050267, 0.070619, 0.636985]",-0.45101,-0.45101,True
frozen_check,mappo,29,frozen_check_02,2,"{""event"": [0.03191211074590683, -0.11353608965873718], ""fast"": [0.05611979961395264, 0.12588277459144592], ""slow"": [-0.3138538599014282, 0.20499056577682495, -0.05102861672639847]}","{""event"": [0.536298, 0.463702], ""fast"": [0.482566, 0.517434], ""slow"": [0.251213, 0.422059, 0.326728]}","{""event"": 0, ""fast"": 1, ""slow"": 1}",independent_head_argmax,0,0,0,slow_head_cache_fill,"[true, false, true, true, true]",False,"[0.274437, 0.0, 0.084521, 0.078826, 0.562215]",-1.293032,-1.293032,True
frozen_check,mappo,29,frozen_check_02,3,"{""event"": [0.04797730594873428, -0.1325553059577942], ""fast"": [-0.07602079957723618, 0.19806961715221405], ""slow"": [-0.20957016944885254, 0.14995381236076355, -0.04329359531402588]}","{""event"": [0.545011, 0.454989], ""fast"": [0.431903, 0.568097], ""slow"": [0.276736, 0.396466, 0.326798]}","{""event"": 0, ""fast"": 1, ""slow"": 1}",independent_head_argmax,0,0,0,slow_head_cache_fill,"[true, true, true, true, true]",False,"[0.216078, 0.178108, 0.085683, 0.065142, 0.454989]",-1.532115,-1.532115,True
frozen_check,mappo,29,frozen_check_02,4,"{""event"": [-0.08925584703683853, 0.03206672891974449], ""fast"": [0.1927242875099182, 0.04693957418203354], ""slow"": [-0.3614376187324524, 0.16617348790168762, 0.018407553434371948]}","{""event"": [0.469707, 0.530294], ""fast"": [0.536382, 0.463618], ""slow"": [0.240562, 0.407723, 0.351715]}","{""event"": 1, ""fast"": 0, ""slow"": 1}",independent_head_argmax,4,4,4,event_head_prepare,"[true, true, true, true, true]",False,"[0.19151, 0.165203, 0.052386, 0.060608, 0.530294]",-0.634325,-0.634325,True
frozen_check,mappo,29,frozen_check_03,0,"{""event"": [-0.06661447882652283, 0.038619089871644974], ""fast"": [0.22315743565559387, -0.01831674948334694], ""slow"": [-0.4154295325279236, 0.0937541276216507, 0.15765370428562164]}","{""event"": [0.473716, 0.526284], ""fast"": [0.560077, 0.439923], ""slow"": [0.225344, 0.374957, 0.399699]}","{""event"": 1, ""fast"": 0, ""slow"": 2}",independent_head_argmax,4,4,4,event_head_prepare,"[true, true, true, true, true]",False,"[0.177623, 0.189344, 0.046961, 0.059788, 0.526284]",-0.641914,-0.641914,True
frozen_check,mappo,29,frozen_check_03,1,"{""event"": [0.008989796042442322, -0.05036523565649986], ""fast"": [0.15878838300704956, 0.05221587046980858], ""slow"": [-0.38057902455329895, 0.19781799614429474, 0.013577789068222046]}","{""event"": [0.514834, 0.485166], ""fast"": [0.526618, 0.473382], ""slow"": [0.234395, 0.417967, 0.347638]}","{""event"": 0, ""fast"": 0, ""slow"": 1}",independent_head_argmax,0,0,0,slow_head_cache_fill,"[true, false, true, true, true]",False,"[0.262092, 0.0, 0.069578, 0.077402, 0.590927]",-1.339059,-1.339059,True
frozen_check,mappo,29,frozen_check_03,2,"{""event"": [-0.11872704327106476, 0.09959976375102997], ""fast"": [0.4246774911880493, -0.1004219800233841], ""slow"": [-0.5473514199256897, 0.23873724043369293, 0.07864712178707123]}","{""event"": [0.445634, 0.554366], ""fast"": [0.628339, 0.371661], ""slow"": [0.197437, 0.433334, 0.369229]}","{""event"": 1, ""fast"": 0, ""slow"": 1}",independent_head_argmax,4,4,4,event_head_prepare,"[true, false, true, true, true]",False,"[0.23114, 0.0, 0.039141, 0.066172, 0.663547]",-0.410156,-0.410156,True
frozen_check,mappo,29,frozen_check_03,3,"{""event"": [-0.1279076635837555, 0.10234814882278442], ""fast"": [0.4314819276332855, -0.10142354667186737], ""slow"": [-0.5379164218902588, 0.24792437255382538, 0.07100510597229004]}","{""event"": [0.442689, 0.557311], ""fast"": [0.630161, 0.369839], ""slow"": [0.198701, 0.435999, 0.365301]}","{""event"": 1, ""fast"": 0, ""slow"": 1}",independent_head_argmax,4,4,4,event_head_prepare,"[true, false, true, true, true]",False,"[0.230246, 0.0, 0.038808, 0.066124, 0.664822]",-0.408235,-0.408235,True
frozen_check,mappo,29,frozen_check_03,4,"{""event"": [-0.11945302039384842, 0.09954629838466644], ""fast"": [0.43775224685668945, -0.10622523725032806], ""slow"": [-0.5203801393508911, 0.25418826937675476, 0.03704458475112915]}","{""event"": [0.445468, 0.554532], ""fast"": [0.632737, 0.367263], ""slow"": [0.203425, 0.441361, 0.355214]}","{""event"": 1, ""fast"": 0, ""slow"": 1}",independent_head_argmax,4,4,4,event_head_prepare,"[true, false, true, true, true]",False,"[0.233572, 0.0, 0.039537, 0.068117, 0.658774]",-0.417374,-0.417374,True
frozen_check,mappo,29,frozen_check_03,5,"{""event"": [-0.134453684091568, 0.11503951251506805], ""fast"": [0.43531766533851624, -0.09779758751392365], ""slow"": [-0.5060175657272339, 0.2519771158695221, 0.030317232012748718]}","{""event"": [0.437948, 0.562052], ""fast"": [0.630209, 0.369791], ""slow"": [0.206453, 0.440569, 0.352978]}","{""event"": 1, ""fast"": 0, ""slow"": 1}",independent_head_argmax,4,4,4,event_head_prepare,"[true, false, true, true, true]",False,"[0.228227, 0.0, 0.039549, 0.0674, 0.664824]",-0.408232,-0.408232,True
frozen_check,mappo,29,frozen_check_04,0,"{""event"": [-0.055193670094013214, 0.01902018114924431], ""fast"": [0.1627494990825653, 0.044228602200746536], ""slow"": [-0.3907507658004761, 0.13332119584083557, 0.07784475386142731]}","{""event"": [0.481455, 0.518545], ""fast"": [0.529596, 0.470404], ""slow"": [0.233283, 0.393989, 0.372728]}","{""event"": 1, ""fast"": 0, ""slow"": 1}",independent_head_argmax,4,4,4,event_head_prepare,"[true, true, true, true, true]",False,"[0.189688, 0.179452, 0.052834, 0.059482, 0.518545]",-0.656729,-0.656729,True
frozen_check,mappo,29,frozen_check_04,1,"{""event"": [0.05121510475873947, -0.12461085617542267], ""fast"": [0.037964556366205215, 0.1360325962305069], ""slow"": [-0.3133167326450348, 0.18974491953849792, -0.014127738773822784]}","{""event"": [0.543844, 0.456156], ""fast"": [0.475503, 0.524497], ""slow"": [0.249841, 0.413182, 0.336977]}","{""event"": 0, ""fast"": 1, ""slow"": 1}",independent_head_argmax,0,0,0,slow_head_cache_fill,"[true, false, true, true, true]",False,"[0.275127, 0.0, 0.087257, 0.079106, 0.558511]",-1.290524,-1.290524,True
frozen_check,mappo,29,frozen_check_04,2,"{""event"": [-0.0670682042837143, 0.02811272069811821], ""fast"": [0.3109799027442932, -0.022843357175588608], ""slow"": [-0.4762788712978363, 0.2306743562221527, 0.03751881420612335]}","{""event"": [0.476223, 0.523777], ""fast"": [0.582689, 0.417311], ""slow"": [0.212792, 0.4315, 0.355708]}","{""event"": 1, ""fast"": 0, ""slow"": 1}",independent_head_argmax,4,4,4,event_head_prepare,"[true, false, true, true, true]",False,"[0.247398, 0.0, 0.050913, 0.07109, 0.630598]",-0.461086,-0.461086,True
frozen_check,mappo,29,frozen_check_04,3,"{""event"": [-0.07433383166790009, 0.0290788896381855], ""fast"": [0.3168211579322815, -0.022997606545686722], ""slow"": [-0.4681410789489746, 0.24103981256484985, 0.028991207480430603]}","{""event"": [0.47417, 0.52583], ""fast"": [0.584146, 0.415854], ""slow"": [0.213843, 0.434599, 0.351558]}","{""event"": 1, ""fast"": 0, ""slow"": 1}",independent_head_argmax,4,4,4,event_head_prepare,"[true, false, true, true, true]",False,"[0.247298, 0.0, 0.050602, 0.07108, 0.63102]",-0.460418,-0.460418,True
frozen_check,mappo,29,frozen_check_04,4,"{""event"": [0.05696240812540054, -0.13068370521068573], ""fast"": [-0.060921989381313324, 0.20227307081222534], ""slow"": [-0.21085552871227264, 0.1373942792415619, -0.023298822343349457]}","{""event"": [0.546774, 0.453226], ""fast"": [0.434578, 0.565422], ""slow"": [0.276023, 0.39101, 0.332966]}","{""event"": 0, ""fast"": 1, ""slow"": 1}",independent_head_argmax,0,0,0,slow_head_cache_fill,"[true, true, true, true, true]",False,"[0.213795, 0.182057, 0.085335, 0.065588, 0.453226]",-1.54274,-1.54274,True
frozen_check,mappo,29,frozen_check_04,5,"{""event"": [0.03273423761129379, -0.11712992191314697], ""fast"": [0.0757189467549324, 0.13246381282806396], ""slow"": [-0.2873089015483856, 0.21669286489486694, -0.050295036286115646]}","{""event"": [0.537396, 0.462604], ""fast"": [0.485818, 0.514182], ""slow"": [0.254921, 0.421978, 0.323101]}","{""event"": 0, ""fast"": 1, ""slow"": 1}",independent_head_argmax,0,0,0,slow_head_cache_fill,"[true, false, true, true, true]",False,"[0.274417, 0.0, 0.08524, 0.080538, 0.559805]",-1.293105,-1.293105,True
frozen_check,mappo,29,frozen_check_04,6,"{""event"": [-0.0920581966638565, 0.04083419218659401], ""fast"": [0.34859025478363037, -0.029359478503465652], ""slow"": [-0.4555055499076843, 0.25605353713035583, -0.0012363046407699585]}","{""event"": [0.466826, 0.533174], ""fast"": [0.593378, 0.406621], ""slow"": [0.216817, 0.441692, 0.341491]}","{""event"": 1, ""fast"": 0, ""slow"": 1}",independent_head_argmax,4,4,4,event_head_prepare,"[true, false, true, true, true]",False,"[0.245298, 0.0, 0.048962, 0.071449, 0.634291]",-0.455247,-0.455247,True
frozen_check,mappo,29,frozen_check_05,0,"{""event"": [0.026581652462482452, -0.06993209570646286], ""fast"": [0.023221611976623535, 0.12784989178180695], ""slow"": [-0.3399866819381714, 0.1500982642173767, 0.035508304834365845]}","{""event"": [0.52411, 0.47589], ""fast"": [0.473867, 0.526133], ""slow"": [0.244608, 0.399312, 0.356079]}","{""event"": 0, ""fast"": 1, ""slow"": 1}",independent_head_argmax,0,0,0,slow_head_cache_fill,"[true, true, true, true, true]",False,"[0.209283, 0.186625, 0.067451, 0.060751, 0.47589]",-1.564066,-1.564066,True
frozen_check,mappo,29,frozen_check_05,1,"{""event"": [-0.10081952810287476, 0.08280794322490692], ""fast"": [0.28712981939315796, -0.03039650246500969], ""slow"": [-0.48756128549575806, 0.19256775081157684, 0.08511444926261902]}","{""event"": [0.454222, 0.545778], ""fast"": [0.578721, 0.421279], ""slow"": [0.210653, 0.415857, 0.373489]}","{""event"": 1, ""fast"": 0, ""slow"": 1}",independent_head_argmax,4,4,4,event_head_prepare,"[true, true, true, true, true]",False,"[0.188891, 0.169647, 0.040309, 0.055374, 0.545778]",-0.605542,-0.605542,True
frozen_check,mappo,29,frozen_check_05,2,"{""event"": [-0.10141308605670929, 0.08396391570568085], ""fast"": [0.30152592062950134, -0.03366001322865486], ""slow"": [-0.4867752492427826, 0.1973509043455124, 0.07559236884117126]}","{""event"": [0.453788, 0.546212], ""fast"": [0.583021, 0.416979], ""slow"": [0.21111, 0.418429, 0.370461]}","{""event"": 1, ""fast"": 0, ""slow"": 1}",independent_head_argmax,4,4,4,event_head_prepare,"[true, true, true, true, true]",False,"[0.189878, 0.168111, 0.039946, 0.055853, 0.546212]",-0.604748,-0.604748,True
frozen_check,mappo,29,frozen_check_05,3,"{""event"": [-0.1285172700881958, 0.1096249669790268], ""fast"": [0.4203343987464905, -0.08781369030475616], ""slow"": [-0.5540072917938232, 0.26497992873191833, 0.047202855348587036]}","{""event"": [0.440744, 0.559256], ""fast"": [0.624372, 0.375628], ""slow"": [0.196366, 0.445398, 0.358236]}","{""event"": 1, ""fast"": 0, ""slow"": 1}",independent_head_argmax,4,4,4,event_head_prepare,"[true, false, true, true, true]",False,"[0.233113, 0.0, 0.038605, 0.064169, 0.664113]",-0.409303,-0.409303,True
frozen_check,mappo,29,frozen_check_05,4,"{""event"": [-0.13079573214054108, 0.10798715054988861], ""fast"": [0.4350389838218689, -0.09391139447689056], ""slow"": [-0.5520626306533813, 0.27297890186309814, 0.034690096974372864]}","{""event"": [0.440586, 0.559414], ""fast"": [0.629238, 0.370762], ""slow"": [0.196846, 0.449198, 0.353956]}","{""event"": 1, ""fast"": 0, ""slow"": 1}",independent_head_argmax,4,4,4,event_head_prepare,"[true, false, true, true, true]",False,"[0.234477, 0.0, 0.038096, 0.064655, 0.662772]",-0.411324,-0.411324,True
frozen_check,mappo,29,frozen_check_05,5,"{""event"": [-0.13637003302574158, 0.11115030944347382], ""fast"": [0.4360922873020172, -0.0903577208518982], ""slow"": [-0.5435637831687927, 0.2769412398338318, 0.031861335039138794]}","{""event"": [0.438434, 0.561566], ""fast"": [0.628655, 0.371345], ""slow"": [0.198038, 0.449873, 0.352089]}","{""event"": 1, ""fast"": 0, ""slow"": 1}",independent_head_argmax,4,4,4,event_head_prepare,"[true, false, true, true, true]",False,"[0.233245, 0.0, 0.038128, 0.064548, 0.664078]",-0.409355,-0.409355,True
frozen_check,mappo,29,frozen_check_05,6,"{""event"": [-0.1368962675333023, 0.10905541479587555], ""fast"": [0.4482037425041199, -0.09678372740745544], ""slow"": [-0.5389960408210754, 0.2857692539691925, 0.0140218585729599]}","{""event"": [0.43882, 0.56118], ""fast"": [0.632972, 0.367028], ""slow"": [0.19921, 0.454466, 0.346324]}","{""event"": 1, ""fast"": 0, ""slow"": 1}",independent_head_argmax,4,4,4,event_head_prepare,"[true, false, true, true, true]",False,"[0.235168, 0.0, 0.037834, 0.065249, 0.661748]",-0.41287,-0.41287,True
frozen_check,mappo,29,frozen_check_06,0,"{""event"": [-0.008917853236198425, -0.055505264550447464], ""fast"": [0.06538154929876328, 0.07325520366430283], ""slow"": [-0.28462284803390503, 0.04657634347677231, 0.11903858184814453]}","{""event"": [0.511645, 0.488355], ""fast"": [0.498032, 0.501968], ""slow"": [0.257074, 0.358011, 0.384916]}","{""event"": 0, ""fast"": 1, ""slow"": 2}",independent_head_argmax,1,1,1,slow_head_prefetch,"[true, true, true, true, true]",False,"[0.183174, 0.19694, 0.066024, 0.065506, 0.488355]",-1.624856,-1.624856,True
frozen_check,mappo,29,frozen_check_06,1,"{""event"": [-0.046943143010139465, -0.005610574036836624], ""fast"": [0.2662094831466675, -0.02139967307448387], ""slow"": [-0.41949424147605896, 0.1949862539768219, 0.04092484712600708]}","{""event"": [0.489668, 0.510332], ""fast"": [0.571411, 0.428589], ""slow"": [0.225559, 0.41699, 0.357452]}","{""event"": 1, ""fast"": 0, ""slow"": 1}",independent_head_argmax,4,4,4,event_head_prepare,"[true, false, true, true, true]",False,"[0.247509, 0.0, 0.057381, 0.076502, 0.618608]",-0.480283,-0.480283,True
frozen_check,mappo,29,frozen_check_06,2,"{""event"": [-0.05455492064356804, -0.0013640448451042175], ""fast"": [0.28669843077659607, -0.01731860637664795], ""slow"": [-0.4408870041370392, 0.19989340007305145, 0.05846048891544342]}","{""event"": [0.486705, 0.513295], ""fast"": [0.575424, 0.424576], ""slow"": [0.219993, 0.417537, 0.36247]}","{""event"": 1, ""fast"": 0, ""slow"": 1}",independent_head_argmax,4,4,4,event_head_prepare,"[true, false, true, true, true]",False,"[0.246748, 0.0, 0.055198, 0.074809, 0.623245]",-0.472815,-0.472815,True
frozen_check,mappo,29,frozen_check_06,3,"{""event"": [-0.03767251968383789, -0.02716517262160778], ""fast"": [0.144316166639328, 0.05985010042786598], ""slow"": [-0.32910624146461487, 0.12863776087760925, 0.07831011712551117]}","{""event"": [0.497373, 0.502627], ""fast"": [0.521104, 0.478896], ""slow"": [0.244892, 0.387053, 0.368055]}","{""event"": 1, ""fast"": 0, ""slow"": 1}",independent_head_argmax,4,4,4,event_head_prepare,"[true, true, true, true, true]",False,"[0.19251, 0.183061, 0.058331, 0.063472, 0.502627]",-0.687907,-0.687907,True
frozen_check,mappo,29,frozen_check_06,4,"{""event"": [-0.012272365391254425, -0.06437034159898758], ""fast"": [0.09261365234851837, 0.07952529191970825], ""slow"": [-0.25390517711639404, 0.078165203332901, 0.0823260098695755]}","{""event"": [0.513022, 0.486978], ""fast"": [0.503272, 0.496728], ""slow"": [0.263608, 0.36743, 0.368962]}","{""event"": 0, ""fast"": 0, ""slow"": 2}",independent_head_argmax,1,1,1,slow_head_prefetch,"[true, true, true, true, true]",False,"[0.1885, 0.189286, 0.067176, 0.068061, 0.486978]",-1.664499,-1.664499,True
frozen_check,mappo,29,frozen_check_06,5,"{""event"": [-0.025953061878681183, -0.052491795271635056], ""fast"": [0.10003868490457535, 0.08268602192401886], ""slow"": [-0.24299414455890656, 0.08899600803852081, 0.06588433682918549]}","{""event"": [0.506634, 0.493366], ""fast"": [0.504338, 0.495662], ""slow"": [0.266266, 0.371106, 0.362628]}","{""event"": 0, ""fast"": 0, ""slow"": 1}",independent_head_argmax,0,0,0,slow_head_cache_fill,"[true, true, true, true, true]",False,"[0.188015, 0.18372, 0.066865, 0.068035, 0.493366]",-1.671233,-1.671233,True
frozen_check,mappo,29,frozen_check_07,0,"{""event"": [-0.027028240263462067, -0.04460872709751129], ""fast"": [0.10208511352539062, 0.05477673560380936], ""slow"": [-0.34517019987106323, 0.05189322307705879, 0.1764356642961502]}","{""event"": [0.504395, 0.495605], ""fast"": [0.511825, 0.488175], ""slow"": [0.239683, 0.356516, 0.403801]}","{""event"": 0, ""fast"": 0, ""slow"": 2}",independent_head_argmax,1,1,1,slow_head_prefetch,"[true, true, true, true, true]",False,"[0.179825, 0.203675, 0.059018, 0.061877, 0.495605]",-1.591229,-1.591229,True
frozen_check,mappo,29,frozen_check_07,1,"{""event"": [-0.038559675216674805, -0.038567040115594864], ""fast"": [0.10563424229621887, 0.05573417246341705], ""slow"": [-0.3365001082420349, 0.0579206645488739, 0.17228706181049347]}","{""event"": [0.500002, 0.499998], ""fast"": [0.512472, 0.487528], ""slow"": [0.24115, 0.357752, 0.401098]}","{""event"": 0, ""fast"": 0, ""slow"": 2}",independent_head_argmax,1,1,1,slow_head_prefetch,"[true, true, true, true, true]",False,"[0.178877, 0.20055, 0.058784, 0.061792, 0.499998]",-1.606693,-1.606693,True
frozen_check,mappo,29,frozen_check_07,2,"{""event"": [0.1342277228832245, -0.25150802731513977], ""fast"": [-0.2403649389743805, 0.23774275183677673], ""slow"": [-0.04517069086432457, -0.05617987737059593, 0.10562336444854736]}","{""event"": [0.595256, 0.404744], ""fast"": [0.382699, 0.617301], ""slow"": [0.317278, 0.313804, 0.368917]}","{""event"": 0, ""fast"": 1, ""slow"": 2}",independent_head_argmax,1,1,1,slow_head_prefetch,"[true, true, true, true, true]",False,"[0.186794, 0.2196, 0.116584, 0.072277, 0.404744]",-1.515946,-1.515946,True
frozen_check,mappo,29,frozen_check_07,3,"{""event"": [0.13020649552345276, -0.25126218795776367], ""fast"": [-0.24445116519927979, 0.23826715350151062], ""slow"": [-0.04021121561527252, -0.052877265959978104, 0.10644431412220001]}","{""event"": [0.594227, 0.405773], ""fast"": [0.38161, 0.61839], ""slow"": [0.317928, 0.313926, 0.368146]}","{""event"": 0, ""fast"": 1, ""slow"": 2}",independent_head_argmax,1,1,1,slow_head_prefetch,"[true, true, true, true, true]",False,"[0.186544, 0.218762, 0.116827, 0.072094, 0.405773]",-1.519769,-1.519769,True
frozen_check,mappo,29,frozen_check_07,4,"{""event"": [0.07707075029611588, -0.1637410819530487], ""fast"": [-0.0023499727249145508, 0.12862250208854675], ""slow"": [-0.24518972635269165, 0.1196378767490387, 0.00765690952539444]}","{""event"": [0.559914, 0.440086], ""fast"": [0.467304, 0.532696], ""slow"": [0.268244, 0.386342, 0.345414]}","{""event"": 0, ""fast"": 1, ""slow"": 1}",independent_head_argmax,0,0,0,slow_head_cache_fill,"[true, false, true, true, true]",False,"[0.268186, 0.0, 0.099191, 0.087015, 0.545608]",-1.316074,-1.316074,True
frozen_check,mappo,29,frozen_check_07,5,"{""event"": [-0.1033901572227478, 0.055269498378038406], ""fast"": [0.3472294211387634, -0.050747428089380264], ""slow"": [-0.49694713950157166, 0.23098795115947723, 0.05285842716693878]}","{""event"": [0.460418, 0.539582], ""fast"": [0.598201, 0.401799], ""slow"": [0.208172, 0.431083, 0.360745]}","{""event"": 1, ""fast"": 0, ""slow"": 1}",independent_head_argmax,4,4,4,event_head_prepare,"[true, false, true, true, true]",False,"[0.23801, 0.0, 0.046181, 0.068755, 0.647053]",-0.435327,-0.435327,True
frozen_check,mappo,29,frozen_check_07,6,"{""event"": [0.09080184251070023, -0.1972096562385559], ""fast"": [-0.15228551626205444, 0.22650332748889923], ""slow"": [-0.147633358836174, 0.03125860542058945, 0.08693403005599976]}","{""event"": [0.571509, 0.428491], ""fast"": [0.406419, 0.593581], ""slow"": [0.288996, 0.345608, 0.365396]}","{""event"": 0, ""fast"": 1, ""slow"": 2}",independent_head_argmax,1,1,1,slow_head_prefetch,"[true, true, true, true, true]",False,"[0.197518, 0.208827, 0.098038, 0.067126, 0.428491]",-1.566249,-1.566249,True
frozen_check,mappo,29,frozen_check_07,7,"{""event"": [0.08673917502164841, -0.1964086890220642], ""fast"": [-0.15643319487571716, 0.22681854665279388], ""slow"": [-0.14299322664737701, 0.0346616692841053, 0.08837254345417023]}","{""event"": [0.570318, 0.429682], ""fast"": [0.405343, 0.594657], ""slow"": [0.289458, 0.345732, 0.36481]}","{""event"": 0, ""fast"": 1, ""slow"": 2}",independent_head_argmax,1,1,1,slow_head_prefetch,"[true, true, true, true, true]",False,"[0.197177, 0.208057, 0.098168, 0.066915, 0.429682]",-1.569941,-1.569941,True
frozen_check,mappo,29,frozen_check_07,8,"{""event"": [0.11242222040891647, -0.20680497586727142], ""fast"": [-0.17873984575271606, 0.2292640060186386], ""slow"": [-0.105525903403759, 0.028259051963686943, 0.023100152611732483]}","{""event"": [0.579136, 0.420864], ""fast"": [0.399391, 0.600609], ""slow"": [0.30484, 0.348477, 0.346684]}","{""event"": 0, ""fast"": 1, ""slow"": 1}",independent_head_argmax,0,0,0,slow_head_cache_fill,"[true, true, true, true, true]",False,"[0.201815, 0.200777, 0.106034, 0.07051, 0.420864]",-1.600402,-1.600402,True
frozen_check,mappo,29,frozen_check_07,9,"{""event"": [-0.06431819498538971, 0.012339193373918533], ""fast"": [0.2036375105381012, 0.03349064290523529], ""slow"": [-0.40539753437042236, 0.17110641300678253, 0.06938651204109192]}","{""event"": [0.480845, 0.519155], ""fast"": [0.542434, 0.457566], ""slow"": [0.227922, 0.405656, 0.366422]}","{""event"": 1, ""fast"": 0, ""slow"": 1}",independent_head_argmax,4,4,4,event_head_prepare,"[true, true, true, true, true]",False,"[0.195058, 0.176192, 0.050147, 0.059448, 0.519155]",-0.655553,-0.655553,True
frozen_check,mappo,29,frozen_check_07,10,"{""event"": [0.07412182539701462, -0.15977302193641663], ""fast"": [-0.0744132325053215, 0.20205874741077423], ""slow"": [-0.21550403535366058, 0.12560288608074188, 0.005455687642097473]}","{""event"": [0.558209, 0.441791], ""fast"": [0.431319, 0.568681], ""slow"": [0.273689, 0.384945, 0.341365]}","{""event"": 0, ""fast"": 1, ""slow"": 1}",independent_head_argmax,0,0,0,slow_head_cache_fill,"[true, true, true, true, true]",False,"[0.21488, 0.190553, 0.086881, 0.065895, 0.441791]",-1.537677,-1.537677,True
frozen_check,mappo,29,frozen_check_07,11,"{""event"": [-0.07213500142097473, 0.024717386811971664], ""fast"": [0.2134028971195221, 0.040112610906362534], ""slow"": [-0.39897769689559937, 0.17122496664524078, 0.061880677938461304]}","{""event"": [0.475806, 0.524194], ""fast"": [0.543214, 0.456786], ""slow"": [0.229671, 0.406201, 0.364128]}","{""event"": 1, ""fast"": 0, ""slow"": 1}",independent_head_argmax,4,4,4,event_head_prepare,"[true, true, true, true, true]",False,"[0.193273, 0.173254, 0.049917, 0.059362, 0.524194]",-0.645893,-0.645893,True
frozen_check,mappo,29,frozen_check_07,12,"{""event"": [0.02145681530237198, -0.09526614844799042], ""fast"": [0.1159275695681572, 0.11827357113361359], ""slow"": [-0.3302954137325287, 0.2221999317407608, -0.04256060719490051]}","{""event"": [0.529148, 0.470852], ""fast"": [0.499414, 0.500587], ""slow"": [0.245641, 0.426821, 0.327538]}","{""event"": 0, ""fast"": 1, ""slow"": 1}",independent_head_argmax,0,0,0,slow_head_cache_fill,"[true, false, true, true, true]",False,"[0.273202, 0.0, 0.078708, 0.078523, 0.569568]",-1.297545,-1.297545,True
frozen_check,mappo,29,frozen_check_07,13,"{""event"": [-0.12253514677286148, 0.07464516162872314], ""fast"": [0.3789549767971039, -0.043098170310258865], ""slow"": [-0.4880526661872864, 0.2610945999622345, 0.011465057730674744]}","{""event"": [0.450864, 0.549136], ""fast"": [0.603974, 0.396026], ""slow"": [0.209946, 0.444078, 0.345976]}","{""event"": 1, ""fast"": 0, ""slow"": 1}",independent_head_argmax,4,4,4,event_head_prepare,"[true, false, true, true, true]",False,"[0.237222, 0.0, 0.044415, 0.067737, 0.650626]",-0.42982,-0.42982,True
