controller,condition_id,seed,scenario_id,unit_id,window_id,workflow_id,workflow_completed,workflow_continuity_rate,handoff_failure_rate,failure_category,request_count,request_success_count,request_failure_count,dependency_miss_count,handoff_unprepared_count,capacity_rejection_count,denominator_consistent,transfer_mb_per_request,backhaul_traffic_cost,migration_overhead,state_migration_size_mb,realized_migration_count,migration_suppressed_count,end_to_end_workflow_delay,delay_available,total_steps,override_count,override_rate,action_sequence,action_count,request_exposure_fingerprint,outcome_fingerprint,raw_episode_path,raw_episode_sha256
crdcm_critical_path_heuristic,crdcm_critical_path_heuristic,,ample_resource_negative,ample_resource_negative/window_peachtree_off244_len24_t1163059400_1163061700/j_3,window_peachtree_off244_len24_t1163059400_1163061700,j_3,False,0.8888888888888888,1.0,handoff_unprepared,9,8,1,0,1,0,True,48.666666666666664,438.0,1.0,0.0,0,0,,False,9,0,0.0,3|0|0|0|0|0|3|0|0,9,a506bc091a8049bae0a39c1e6d18df4b21878f30bebff5acf7d17d0691e04d04,70709753ece44b18d02b69d8ca7904a1f83a209c1d437c563b562942919ccff3,/Users/howen/.codex/worktrees/1aed/PPO_MEC/artifacts/training/crdcm_performance_matrix_v2_20260928/evaluation/episodes/crdcm_critical_path_heuristic/ample_resource_negative_0.json,99ab7d7b8176d1758d2c8ece327c7d00a44c144e6f8bacf500b9cd129886b8b6
crdcm_critical_path_heuristic,crdcm_critical_path_heuristic,,ample_resource_negative,ample_resource_negative/window_peachtree_off298_len24_t1163064800_1163067100/j_8,window_peachtree_off298_len24_t1163064800_1163067100,j_8,True,1.0,0.0,completed,17,17,0,0,0,0,True,19.176470588235293,326.0,0.0,0.0,0,0,1601.0,True,17,0,0.0,3|0|0|0|0|0|3|3|3|3|3|3|3|3|3|3|3,17,347efc6318bd8c7fce06ddb8b81938b42e53384721c01ca52868ef88cd4cccbe,0cd616df0c4629f3c39b513580fb94a70f90886288d8b8ca2c5241fd95e27d54,/Users/howen/.codex/worktrees/1aed/PPO_MEC/artifacts/training/crdcm_performance_matrix_v2_20260928/evaluation/episodes/crdcm_critical_path_heuristic/ample_resource_negative_1.json,c149e58284f2bf7b04b26fd046acccd4c6e53aea1b7406abcba90cbbcbfe8bcd
crdcm_critical_path_heuristic,crdcm_critical_path_heuristic,,ample_resource_negative,ample_resource_negative/window_peachtree_off1578_len24_t1163637300_1163639600/j_15,window_peachtree_off1578_len24_t1163637300_1163639600,j_15,False,0.8,1.0,handoff_unprepared,5,4,1,0,1,0,True,52.4,262.0,1.0,0.0,0,0,,False,5,0,0.0,3|0|0|0|0,5,a07cd99144bc63df15f30d2ff6e918b6f27309613e28aa57f8bd218b96de978c,49f7ef0a36d88c22efcf66c7d68a7c5141524ec64e953710111495036b26af52,/Users/howen/.codex/worktrees/1aed/PPO_MEC/artifacts/training/crdcm_performance_matrix_v2_20260928/evaluation/episodes/crdcm_critical_path_heuristic/ample_resource_negative_2.json,1e032eb5625db7864a1ff7007f95081405746609363034705253c23ae4886b93
crdcm_critical_path_heuristic,crdcm_critical_path_heuristic,,capacity_competition,capacity_competition/window_peachtree_off244_len24_t1163059400_1163061700/j_3,window_peachtree_off244_len24_t1163059400_1163061700,j_3,False,0.8888888888888888,1.0,handoff_unprepared,9,8,1,0,1,0,True,10.666666666666666,96.0,1.0,0.0,0,0,,False,9,0,0.0,0|3|3|3|0|3|3|3|3,9,4a941a95fbc05b864c50a7ac94f014e02de4b2972efa1aebd94e89c858fd8776,3f0a952eef6c50fe553aa393b39db69a74100c863562bb1b78a2745a827370ea,/Users/howen/.codex/worktrees/1aed/PPO_MEC/artifacts/training/crdcm_performance_matrix_v2_20260928/evaluation/episodes/crdcm_critical_path_heuristic/capacity_competition_0.json,119406f2634b019a121c675dc2c7544475f3eb417fe630266fca13852086cbed
crdcm_critical_path_heuristic,crdcm_critical_path_heuristic,,capacity_competition,capacity_competition/window_peachtree_off298_len24_t1163064800_1163067100/j_8,window_peachtree_off298_len24_t1163064800_1163067100,j_8,True,1.0,0.0,completed,17,17,0,0,0,0,True,2.823529411764706,48.0,0.0,0.0,0,0,1601.0,True,17,0,0.0,0|3|3|3|3|3|3|3|3|3|3|3|3|3|3|3|3,17,86f23c70988f110d0f5749b8a6039c71807127fd84bc421f3cc1290be73862ab,2b8d8062c7d9d225f8aaf84e04c12266a2fefe7654a131055e8da6c81810eeba,/Users/howen/.codex/worktrees/1aed/PPO_MEC/artifacts/training/crdcm_performance_matrix_v2_20260928/evaluation/episodes/crdcm_critical_path_heuristic/capacity_competition_1.json,a54c3622745d54cae0289db471ed4eccf498e7705e340f00dc7ad772694dc60f
crdcm_critical_path_heuristic,crdcm_critical_path_heuristic,,capacity_competition,capacity_competition/window_peachtree_off1578_len24_t1163637300_1163639600/j_15,window_peachtree_off1578_len24_t1163637300_1163639600,j_15,True,1.0,0.0,completed,5,5,0,0,0,0,True,23.2,116.0,0.18,20.0,1,0,401.0,True,5,0,0.0,0|3|4|3|3,5,46b3f989b924cdbcbbb3d823fa0645f0e8c5e35e9d6edb44d3284acc124f27f4,b7a190de1b0b9dd468ecb696b4ceef9271a0399ccbe2da2c50ccbfe624f7d7ce,/Users/howen/.codex/worktrees/1aed/PPO_MEC/artifacts/training/crdcm_performance_matrix_v2_20260928/evaluation/episodes/crdcm_critical_path_heuristic/capacity_competition_2.json,1f9125506474f51f06b67d489cd2311847e9dc2cb6d9b7ed428ce1074e05e06a
crdcm_critical_path_heuristic,crdcm_critical_path_heuristic,,low_reuse_no_migration_negative,low_reuse_no_migration_negative/window_peachtree_off244_len24_t1163059400_1163061700/j_3,window_peachtree_off244_len24_t1163059400_1163061700,j_3,False,0.8888888888888888,1.0,handoff_unprepared,9,8,1,0,1,0,True,52.666666666666664,474.0,1.0,0.0,0,0,,False,9,0,0.0,3|0|0|0|0|0|0|0|0,9,614caa155c6b0ead19ea954f3b0779e90eaba4704d91a7c2add1b6c3a0ca5d3a,38b4a20ecdb08583cc2c8d493b80f9e1ff89265e344119808f4a94574ad7cf75,/Users/howen/.codex/worktrees/1aed/PPO_MEC/artifacts/training/crdcm_performance_matrix_v2_20260928/evaluation/episodes/crdcm_critical_path_heuristic/low_reuse_no_migration_negative_0.json,9498278044f770639e5bd7b8a0d00aa0cce10fdf9c6cbba322f02749c9fb297e
crdcm_critical_path_heuristic,crdcm_critical_path_heuristic,,low_reuse_no_migration_negative,low_reuse_no_migration_negative/window_peachtree_off298_len24_t1163064800_1163067100/j_8,window_peachtree_off298_len24_t1163064800_1163067100,j_8,True,1.0,0.0,completed,17,17,0,0,0,0,True,58.0,986.0,0.0,0.0,0,0,1601.0,True,17,0,0.0,3|0|0|0|0|0|0|0|0|0|0|0|0|0|0|0|0,17,6685a67159a8cffb629c6ff3da0b3ab814d7f6b179ee689341f6c00156e064b7,5c33876ab441703718391dcdf3b174a12be1fc48653478dc02daa726e2e47e1e,/Users/howen/.codex/worktrees/1aed/PPO_MEC/artifacts/training/crdcm_performance_matrix_v2_20260928/evaluation/episodes/crdcm_critical_path_heuristic/low_reuse_no_migration_negative_1.json,a7cd3e198dda71bcfe296e160ceff9c465592d24d7e19b5a843b0f0c0a4b0e46
crdcm_critical_path_heuristic,crdcm_critical_path_heuristic,,low_reuse_no_migration_negative,low_reuse_no_migration_negative/window_peachtree_off1578_len24_t1163637300_1163639600/j_15,window_peachtree_off1578_len24_t1163637300_1163639600,j_15,False,0.8,1.0,handoff_unprepared,5,4,1,0,1,0,True,52.4,262.0,1.0,0.0,0,0,,False,5,0,0.0,3|0|0|0|0,5,1535789dc57e1e6601a855b5cb43e7fffe7e13c3da101577fcd18c59ed7ac938,e3d83caef087386bbe695cdfd2cf495e5ebf2940b27ce4f34553b8cd61a8bc56,/Users/howen/.codex/worktrees/1aed/PPO_MEC/artifacts/training/crdcm_performance_matrix_v2_20260928/evaluation/episodes/crdcm_critical_path_heuristic/low_reuse_no_migration_negative_2.json,d556fafb386fd24686285d2916d589657a67f6a6ac816dc13f8c8ebc210ceda8
crdcm_critical_path_heuristic,crdcm_critical_path_heuristic,,shared_adapter_reuse_prepare,shared_adapter_reuse_prepare/window_peachtree_off244_len24_t1163059400_1163061700/j_3,window_peachtree_off244_len24_t1163059400_1163061700,j_3,False,0.8888888888888888,1.0,handoff_unprepared,9,8,1,0,1,0,True,10.666666666666666,96.0,1.0,0.0,0,0,,False,9,0,0.0,0|3|3|3|0|3|3|3|3,9,3979b030cf733c9753930a80bd3b9e10fc78e1372a14cee07008001311f2006c,81b3a2c40cac681c7c6ee041928868e6c57649be155a5716c68d65555ab6bd0b,/Users/howen/.codex/worktrees/1aed/PPO_MEC/artifacts/training/crdcm_performance_matrix_v2_20260928/evaluation/episodes/crdcm_critical_path_heuristic/shared_adapter_reuse_prepare_0.json,9680a08dc5b29576c9a295303f4f4125c0dafe69e0f26eed9db0ade534167631
crdcm_critical_path_heuristic,crdcm_critical_path_heuristic,,shared_adapter_reuse_prepare,shared_adapter_reuse_prepare/window_peachtree_off298_len24_t1163064800_1163067100/j_8,window_peachtree_off298_len24_t1163064800_1163067100,j_8,True,1.0,0.0,completed,17,17,0,0,0,0,True,2.823529411764706,48.0,0.0,0.0,0,0,1601.0,True,17,0,0.0,0|3|3|3|3|3|3|3|3|3|3|3|3|3|3|3|3,17,734dfd2ffe51ec5e71510e68d41facfa63bf34cb351a146d90acb75f1e5e0491,cfb0fea21f89a2e45495659224ffd8137031e03ced4091fb4f15954b727ed49c,/Users/howen/.codex/worktrees/1aed/PPO_MEC/artifacts/training/crdcm_performance_matrix_v2_20260928/evaluation/episodes/crdcm_critical_path_heuristic/shared_adapter_reuse_prepare_1.json,786570cde55d7fcb8528cbe7062526cfbf8d57e1be1dd3c890962399b1259efb
crdcm_critical_path_heuristic,crdcm_critical_path_heuristic,,shared_adapter_reuse_prepare,shared_adapter_reuse_prepare/window_peachtree_off1578_len24_t1163637300_1163639600/j_15,window_peachtree_off1578_len24_t1163637300_1163639600,j_15,True,1.0,0.0,completed,5,5,0,0,0,0,True,23.2,116.0,0.18,20.0,1,0,401.0,True,5,0,0.0,0|3|4|3|3,5,20d889a0541a65bd0d5f685cefa25792ffa424fe362b1026c56707154266f2be,4d46d5b81ef643116aa27130b0a34f21668908676861c2c1fee663abcbe66d1f,/Users/howen/.codex/worktrees/1aed/PPO_MEC/artifacts/training/crdcm_performance_matrix_v2_20260928/evaluation/episodes/crdcm_critical_path_heuristic/shared_adapter_reuse_prepare_2.json,b2bba10478483a88d5005441106866c3338e8bdd41b3d44c4fc2420616895199
crdcm_full_mappo/seed_1401,crdcm_full_mappo,1401,ample_resource_negative,ample_resource_negative/window_peachtree_off244_len24_t1163059400_1163061700/j_3,window_peachtree_off244_len24_t1163059400_1163061700,j_3,True,1.0,0.0,completed,9,9,0,0,0,0,True,50.888888888888886,458.0,0.18,20.0,1,0,801.0,True,9,0,0.0,0|0|0|4|0|0|0|0|0,9,a506bc091a8049bae0a39c1e6d18df4b21878f30bebff5acf7d17d0691e04d04,75ad266de6ab43177a03be7761564c9cad81b4521fe48272590ef255b57bb5f5,/Users/howen/.codex/worktrees/1aed/PPO_MEC/artifacts/training/crdcm_performance_matrix_v2_20260928/evaluation/episodes/crdcm_full_mappo/seed_1401/ample_resource_negative_0.json,1456bded83c4c28c7f5dbb549f3243d1e2d82ebb04657a28b053e10628592b95
crdcm_full_mappo/seed_1401,crdcm_full_mappo,1401,ample_resource_negative,ample_resource_negative/window_peachtree_off298_len24_t1163064800_1163067100/j_8,window_peachtree_off298_len24_t1163064800_1163067100,j_8,True,1.0,0.0,completed,17,17,0,0,0,0,True,19.176470588235293,326.0,0.0,0.0,0,0,1601.0,True,17,0,0.0,0|0|0|0|0|0|0|0|0|0|0|0|0|0|0|0|0,17,347efc6318bd8c7fce06ddb8b81938b42e53384721c01ca52868ef88cd4cccbe,a8b18125428bf0f715bbbc1e896d5891a7063826b3ded687d1c924f7ad5c9cf0,/Users/howen/.codex/worktrees/1aed/PPO_MEC/artifacts/training/crdcm_performance_matrix_v2_20260928/evaluation/episodes/crdcm_full_mappo/seed_1401/ample_resource_negative_1.json,70af75f6b3f87f3156eb9a199b4f97930dd67fd6686aa183aeb33c94f3179715
crdcm_full_mappo/seed_1401,crdcm_full_mappo,1401,ample_resource_negative,ample_resource_negative/window_peachtree_off1578_len24_t1163637300_1163639600/j_15,window_peachtree_off1578_len24_t1163637300_1163639600,j_15,False,0.8,0.0,cache_dependency_miss,5,4,1,1,0,0,True,60.4,282.0,0.18,40.0,1,0,,False,5,0,0.0,0|4|4|0|0,5,a07cd99144bc63df15f30d2ff6e918b6f27309613e28aa57f8bd218b96de978c,a6b764ff30dfad027ca4c8343809538493d7ef9c02f96a467ce81d5f1035ae59,/Users/howen/.codex/worktrees/1aed/PPO_MEC/artifacts/training/crdcm_performance_matrix_v2_20260928/evaluation/episodes/crdcm_full_mappo/seed_1401/ample_resource_negative_2.json,28dcb294211f6c87f5132388ec315adee894aab815b02d0bef39e317d2f3e13c
crdcm_full_mappo/seed_1401,crdcm_full_mappo,1401,capacity_competition,capacity_competition/window_peachtree_off244_len24_t1163059400_1163061700/j_3,window_peachtree_off244_len24_t1163059400_1163061700,j_3,True,1.0,0.0,completed,9,9,0,0,0,0,True,12.88888888888889,116.0,0.18,20.0,1,0,801.0,True,9,0,0.0,0|0|0|4|0|0|0|0|0,9,4a941a95fbc05b864c50a7ac94f014e02de4b2972efa1aebd94e89c858fd8776,9567f55aa686234e34893a0f9ff388d82826ea1fa7fa13ca8798b6a5d2f98cff,/Users/howen/.codex/worktrees/1aed/PPO_MEC/artifacts/training/crdcm_performance_matrix_v2_20260928/evaluation/episodes/crdcm_full_mappo/seed_1401/capacity_competition_0.json,6c7d04244654b8f5ab2fde5febfd80bc51e41cfe41be24e92d6cb36d209fd46b
crdcm_full_mappo/seed_1401,crdcm_full_mappo,1401,capacity_competition,capacity_competition/window_peachtree_off298_len24_t1163064800_1163067100/j_8,window_peachtree_off298_len24_t1163064800_1163067100,j_8,True,1.0,0.0,completed,17,17,0,0,0,0,True,2.823529411764706,48.0,0.0,0.0,0,0,1601.0,True,17,0,0.0,0|0|0|0|0|0|0|0|0|0|0|0|0|0|0|0|0,17,86f23c70988f110d0f5749b8a6039c71807127fd84bc421f3cc1290be73862ab,c001df1f84dfdbbc9870d60d5ade205d97005c70e33897cdb7b3ef6956746d90,/Users/howen/.codex/worktrees/1aed/PPO_MEC/artifacts/training/crdcm_performance_matrix_v2_20260928/evaluation/episodes/crdcm_full_mappo/seed_1401/capacity_competition_1.json,fecc70e69ff7d6796d8c79c0e4d19da3a3600f4cd2f16a4396117fd6fe611e74
crdcm_full_mappo/seed_1401,crdcm_full_mappo,1401,capacity_competition,capacity_competition/window_peachtree_off1578_len24_t1163637300_1163639600/j_15,window_peachtree_off1578_len24_t1163637300_1163639600,j_15,True,1.0,0.0,completed,5,5,0,0,0,0,True,27.2,116.0,0.18,40.0,1,0,401.0,True,5,0,0.0,0|4|4|0|0,5,46b3f989b924cdbcbbb3d823fa0645f0e8c5e35e9d6edb44d3284acc124f27f4,0fe7a7e396cacc41609fd855d116a3aa7cf3416b4e63e848bacd1e7bec62708a,/Users/howen/.codex/worktrees/1aed/PPO_MEC/artifacts/training/crdcm_performance_matrix_v2_20260928/evaluation/episodes/crdcm_full_mappo/seed_1401/capacity_competition_2.json,461a6988bb96a6e32ee3d3aaa2effc737b9f690df7bd689585c342e63c8af59f
crdcm_full_mappo/seed_1401,crdcm_full_mappo,1401,low_reuse_no_migration_negative,low_reuse_no_migration_negative/window_peachtree_off244_len24_t1163059400_1163061700/j_3,window_peachtree_off244_len24_t1163059400_1163061700,j_3,False,0.8888888888888888,1.0,handoff_unprepared,9,8,1,0,1,0,True,52.666666666666664,474.0,1.0,0.0,0,1,,False,9,0,0.0,0|0|0|4|0|0|0|0|0,9,614caa155c6b0ead19ea954f3b0779e90eaba4704d91a7c2add1b6c3a0ca5d3a,0f22f9c13f86355e163ac8f84271de5f17c21e0121334e2ddb3b5ed2534d2156,/Users/howen/.codex/worktrees/1aed/PPO_MEC/artifacts/training/crdcm_performance_matrix_v2_20260928/evaluation/episodes/crdcm_full_mappo/seed_1401/low_reuse_no_migration_negative_0.json,4fd0d200f06d55cc251a0b2c5513ccd4db31c681a55e01d1fdbfd54abcc0d7cc
crdcm_full_mappo/seed_1401,crdcm_full_mappo,1401,low_reuse_no_migration_negative,low_reuse_no_migration_negative/window_peachtree_off298_len24_t1163064800_1163067100/j_8,window_peachtree_off298_len24_t1163064800_1163067100,j_8,True,1.0,0.0,completed,17,17,0,0,0,0,True,58.0,986.0,0.0,0.0,0,0,1601.0,True,17,0,0.0,0|0|0|0|0|0|0|0|0|0|0|0|0|0|0|0|0,17,6685a67159a8cffb629c6ff3da0b3ab814d7f6b179ee689341f6c00156e064b7,35b8a89556ff4dc75797e26f8a053bb0991fe91cc9a372546961fd2d849b1ee7,/Users/howen/.codex/worktrees/1aed/PPO_MEC/artifacts/training/crdcm_performance_matrix_v2_20260928/evaluation/episodes/crdcm_full_mappo/seed_1401/low_reuse_no_migration_negative_1.json,ed4d33cfd5becf441db60a3ae793974974e4eed98efbe0673429cf69bcdb19cf
crdcm_full_mappo/seed_1401,crdcm_full_mappo,1401,low_reuse_no_migration_negative,low_reuse_no_migration_negative/window_peachtree_off1578_len24_t1163637300_1163639600/j_15,window_peachtree_off1578_len24_t1163637300_1163639600,j_15,False,0.6,1.0,handoff_unprepared,5,3,2,1,1,0,True,52.4,262.0,1.0,0.0,0,2,,False,5,0,0.0,0|4|4|0|0,5,1535789dc57e1e6601a855b5cb43e7fffe7e13c3da101577fcd18c59ed7ac938,4ab2ec81ff82839f6a33e24706225aafef9a84ad8a3da29f34f1c865e6110d02,/Users/howen/.codex/worktrees/1aed/PPO_MEC/artifacts/training/crdcm_performance_matrix_v2_20260928/evaluation/episodes/crdcm_full_mappo/seed_1401/low_reuse_no_migration_negative_2.json,ebae364c7e23a42ff818cb884a6f8ad23a533b0f69068bc567f5863f50a50d63
crdcm_full_mappo/seed_1401,crdcm_full_mappo,1401,shared_adapter_reuse_prepare,shared_adapter_reuse_prepare/window_peachtree_off244_len24_t1163059400_1163061700/j_3,window_peachtree_off244_len24_t1163059400_1163061700,j_3,True,1.0,0.0,completed,9,9,0,0,0,0,True,12.88888888888889,116.0,0.18,20.0,1,0,801.0,True,9,0,0.0,0|0|0|4|0|0|0|0|0,9,3979b030cf733c9753930a80bd3b9e10fc78e1372a14cee07008001311f2006c,891c45455155cd0fcc550d32175e54610d688b775f1e099649b96d93e9396758,/Users/howen/.codex/worktrees/1aed/PPO_MEC/artifacts/training/crdcm_performance_matrix_v2_20260928/evaluation/episodes/crdcm_full_mappo/seed_1401/shared_adapter_reuse_prepare_0.json,565709d8daadb458b9ef133655c19dd591eea7d78a9df39ee5efda78dbca3b74
crdcm_full_mappo/seed_1401,crdcm_full_mappo,1401,shared_adapter_reuse_prepare,shared_adapter_reuse_prepare/window_peachtree_off298_len24_t1163064800_1163067100/j_8,window_peachtree_off298_len24_t1163064800_1163067100,j_8,True,1.0,0.0,completed,17,17,0,0,0,0,True,2.823529411764706,48.0,0.0,0.0,0,0,1601.0,True,17,0,0.0,0|0|0|0|0|0|0|0|0|0|0|0|0|0|0|0|0,17,734dfd2ffe51ec5e71510e68d41facfa63bf34cb351a146d90acb75f1e5e0491,995ac207e69da38806c0ffabffcc5544b610a7d28798666664be16d040157c45,/Users/howen/.codex/worktrees/1aed/PPO_MEC/artifacts/training/crdcm_performance_matrix_v2_20260928/evaluation/episodes/crdcm_full_mappo/seed_1401/shared_adapter_reuse_prepare_1.json,e65b47357c9b37c5bf45e48336a105c1c9863066dc8e93052aa05e71d7fe6fd2
crdcm_full_mappo/seed_1401,crdcm_full_mappo,1401,shared_adapter_reuse_prepare,shared_adapter_reuse_prepare/window_peachtree_off1578_len24_t1163637300_1163639600/j_15,window_peachtree_off1578_len24_t1163637300_1163639600,j_15,True,1.0,0.0,completed,5,5,0,0,0,0,True,27.2,116.0,0.18,40.0,1,0,401.0,True,5,0,0.0,0|4|4|0|0,5,20d889a0541a65bd0d5f685cefa25792ffa424fe362b1026c56707154266f2be,9eedb205e90f18841190a5dd272408ae8cde8c2d4a345f6a8657edc5db2475d9,/Users/howen/.codex/worktrees/1aed/PPO_MEC/artifacts/training/crdcm_performance_matrix_v2_20260928/evaluation/episodes/crdcm_full_mappo/seed_1401/shared_adapter_reuse_prepare_2.json,ad387d486b6f37ce4a873c7a65c0a0d7666441158a5ffffb0ab3044ef1e8efa4
crdcm_full_mappo/seed_1402,crdcm_full_mappo,1402,ample_resource_negative,ample_resource_negative/window_peachtree_off244_len24_t1163059400_1163061700/j_3,window_peachtree_off244_len24_t1163059400_1163061700,j_3,True,1.0,0.0,completed,9,9,0,0,0,0,True,50.888888888888886,458.0,0.18,20.0,1,0,801.0,True,9,0,0.0,0|0|0|4|0|0|0|0|0,9,a506bc091a8049bae0a39c1e6d18df4b21878f30bebff5acf7d17d0691e04d04,75ad266de6ab43177a03be7761564c9cad81b4521fe48272590ef255b57bb5f5,/Users/howen/.codex/worktrees/1aed/PPO_MEC/artifacts/training/crdcm_performance_matrix_v2_20260928/evaluation/episodes/crdcm_full_mappo/seed_1402/ample_resource_negative_0.json,9b817c2d4bda1eff2741026185d3513ed5b0df4d99c77f66b0636595edf22328
crdcm_full_mappo/seed_1402,crdcm_full_mappo,1402,ample_resource_negative,ample_resource_negative/window_peachtree_off298_len24_t1163064800_1163067100/j_8,window_peachtree_off298_len24_t1163064800_1163067100,j_8,True,1.0,0.0,completed,17,17,0,0,0,0,True,19.176470588235293,326.0,0.0,0.0,0,0,1601.0,True,17,0,0.0,0|0|0|0|0|0|0|0|0|0|0|0|0|0|0|0|0,17,347efc6318bd8c7fce06ddb8b81938b42e53384721c01ca52868ef88cd4cccbe,a8b18125428bf0f715bbbc1e896d5891a7063826b3ded687d1c924f7ad5c9cf0,/Users/howen/.codex/worktrees/1aed/PPO_MEC/artifacts/training/crdcm_performance_matrix_v2_20260928/evaluation/episodes/crdcm_full_mappo/seed_1402/ample_resource_negative_1.json,2dc3c4e2028169196526a3998672a190ce4e6a7f6cd838e36ac5929fe0be87f1
crdcm_full_mappo/seed_1402,crdcm_full_mappo,1402,ample_resource_negative,ample_resource_negative/window_peachtree_off1578_len24_t1163637300_1163639600/j_15,window_peachtree_off1578_len24_t1163637300_1163639600,j_15,False,0.8,0.0,cache_dependency_miss,5,4,1,1,0,0,True,60.4,282.0,0.18,40.0,1,0,,False,5,0,0.0,0|4|4|0|0,5,a07cd99144bc63df15f30d2ff6e918b6f27309613e28aa57f8bd218b96de978c,a6b764ff30dfad027ca4c8343809538493d7ef9c02f96a467ce81d5f1035ae59,/Users/howen/.codex/worktrees/1aed/PPO_MEC/artifacts/training/crdcm_performance_matrix_v2_20260928/evaluation/episodes/crdcm_full_mappo/seed_1402/ample_resource_negative_2.json,48a9fa4a0050588abf1e0f537a86c859c5702022976a9d12ba70d12dd5e7bbaf
crdcm_full_mappo/seed_1402,crdcm_full_mappo,1402,capacity_competition,capacity_competition/window_peachtree_off244_len24_t1163059400_1163061700/j_3,window_peachtree_off244_len24_t1163059400_1163061700,j_3,True,1.0,0.0,completed,9,9,0,0,0,0,True,12.88888888888889,116.0,0.18,20.0,1,0,801.0,True,9,0,0.0,0|0|0|4|0|0|0|0|0,9,4a941a95fbc05b864c50a7ac94f014e02de4b2972efa1aebd94e89c858fd8776,9567f55aa686234e34893a0f9ff388d82826ea1fa7fa13ca8798b6a5d2f98cff,/Users/howen/.codex/worktrees/1aed/PPO_MEC/artifacts/training/crdcm_performance_matrix_v2_20260928/evaluation/episodes/crdcm_full_mappo/seed_1402/capacity_competition_0.json,de465af4dd98ffd52b59a12bb740c07cf1cbd8f1bac8b175a4559282f0cebd6e
crdcm_full_mappo/seed_1402,crdcm_full_mappo,1402,capacity_competition,capacity_competition/window_peachtree_off298_len24_t1163064800_1163067100/j_8,window_peachtree_off298_len24_t1163064800_1163067100,j_8,True,1.0,0.0,completed,17,17,0,0,0,0,True,2.823529411764706,48.0,0.0,0.0,0,0,1601.0,True,17,0,0.0,0|0|0|0|0|0|0|0|0|0|0|0|0|0|0|0|0,17,86f23c70988f110d0f5749b8a6039c71807127fd84bc421f3cc1290be73862ab,c001df1f84dfdbbc9870d60d5ade205d97005c70e33897cdb7b3ef6956746d90,/Users/howen/.codex/worktrees/1aed/PPO_MEC/artifacts/training/crdcm_performance_matrix_v2_20260928/evaluation/episodes/crdcm_full_mappo/seed_1402/capacity_competition_1.json,d91347b477500560b486f1f2ddd9895b173ea2874dd6b0bbcd80119bcb7c165f
crdcm_full_mappo/seed_1402,crdcm_full_mappo,1402,capacity_competition,capacity_competition/window_peachtree_off1578_len24_t1163637300_1163639600/j_15,window_peachtree_off1578_len24_t1163637300_1163639600,j_15,True,1.0,0.0,completed,5,5,0,0,0,0,True,27.2,116.0,0.18,40.0,1,0,401.0,True,5,0,0.0,0|4|4|0|0,5,46b3f989b924cdbcbbb3d823fa0645f0e8c5e35e9d6edb44d3284acc124f27f4,0fe7a7e396cacc41609fd855d116a3aa7cf3416b4e63e848bacd1e7bec62708a,/Users/howen/.codex/worktrees/1aed/PPO_MEC/artifacts/training/crdcm_performance_matrix_v2_20260928/evaluation/episodes/crdcm_full_mappo/seed_1402/capacity_competition_2.json,d57d2750d5418481e2a39fc1ed24bd53248450e503e68a9d91f228da25183674
crdcm_full_mappo/seed_1402,crdcm_full_mappo,1402,low_reuse_no_migration_negative,low_reuse_no_migration_negative/window_peachtree_off244_len24_t1163059400_1163061700/j_3,window_peachtree_off244_len24_t1163059400_1163061700,j_3,False,0.8888888888888888,1.0,handoff_unprepared,9,8,1,0,1,0,True,52.666666666666664,474.0,1.0,0.0,0,1,,False,9,0,0.0,0|0|0|4|0|0|0|0|0,9,614caa155c6b0ead19ea954f3b0779e90eaba4704d91a7c2add1b6c3a0ca5d3a,0f22f9c13f86355e163ac8f84271de5f17c21e0121334e2ddb3b5ed2534d2156,/Users/howen/.codex/worktrees/1aed/PPO_MEC/artifacts/training/crdcm_performance_matrix_v2_20260928/evaluation/episodes/crdcm_full_mappo/seed_1402/low_reuse_no_migration_negative_0.json,b587cb2e91d8b4887e6df7f5f65aa54a8b3401dc3abe8bf6cf620f8983b2972e
crdcm_full_mappo/seed_1402,crdcm_full_mappo,1402,low_reuse_no_migration_negative,low_reuse_no_migration_negative/window_peachtree_off298_len24_t1163064800_1163067100/j_8,window_peachtree_off298_len24_t1163064800_1163067100,j_8,True,1.0,0.0,completed,17,17,0,0,0,0,True,58.0,986.0,0.0,0.0,0,0,1601.0,True,17,0,0.0,0|0|0|0|0|0|0|0|0|0|0|0|0|0|0|0|0,17,6685a67159a8cffb629c6ff3da0b3ab814d7f6b179ee689341f6c00156e064b7,35b8a89556ff4dc75797e26f8a053bb0991fe91cc9a372546961fd2d849b1ee7,/Users/howen/.codex/worktrees/1aed/PPO_MEC/artifacts/training/crdcm_performance_matrix_v2_20260928/evaluation/episodes/crdcm_full_mappo/seed_1402/low_reuse_no_migration_negative_1.json,09d471d1096f0cdf941520510cac950b30d4503e4377b151a11332c4ac3305fb
crdcm_full_mappo/seed_1402,crdcm_full_mappo,1402,low_reuse_no_migration_negative,low_reuse_no_migration_negative/window_peachtree_off1578_len24_t1163637300_1163639600/j_15,window_peachtree_off1578_len24_t1163637300_1163639600,j_15,False,0.6,1.0,handoff_unprepared,5,3,2,1,1,0,True,52.4,262.0,1.0,0.0,0,2,,False,5,0,0.0,0|4|4|0|0,5,1535789dc57e1e6601a855b5cb43e7fffe7e13c3da101577fcd18c59ed7ac938,4ab2ec81ff82839f6a33e24706225aafef9a84ad8a3da29f34f1c865e6110d02,/Users/howen/.codex/worktrees/1aed/PPO_MEC/artifacts/training/crdcm_performance_matrix_v2_20260928/evaluation/episodes/crdcm_full_mappo/seed_1402/low_reuse_no_migration_negative_2.json,232ed5e322bbb4b9a5454ecb30fa613a6c1e7c51fb1785f310b1e41be4963c06
crdcm_full_mappo/seed_1402,crdcm_full_mappo,1402,shared_adapter_reuse_prepare,shared_adapter_reuse_prepare/window_peachtree_off244_len24_t1163059400_1163061700/j_3,window_peachtree_off244_len24_t1163059400_1163061700,j_3,True,1.0,0.0,completed,9,9,0,0,0,0,True,12.88888888888889,116.0,0.18,20.0,1,0,801.0,True,9,0,0.0,0|0|0|4|0|0|0|0|0,9,3979b030cf733c9753930a80bd3b9e10fc78e1372a14cee07008001311f2006c,891c45455155cd0fcc550d32175e54610d688b775f1e099649b96d93e9396758,/Users/howen/.codex/worktrees/1aed/PPO_MEC/artifacts/training/crdcm_performance_matrix_v2_20260928/evaluation/episodes/crdcm_full_mappo/seed_1402/shared_adapter_reuse_prepare_0.json,a77a2ecb3d0bb23eae40a816890b39fe15465aedc053bcf9fb3394e21f80d97d
crdcm_full_mappo/seed_1402,crdcm_full_mappo,1402,shared_adapter_reuse_prepare,shared_adapter_reuse_prepare/window_peachtree_off298_len24_t1163064800_1163067100/j_8,window_peachtree_off298_len24_t1163064800_1163067100,j_8,True,1.0,0.0,completed,17,17,0,0,0,0,True,2.823529411764706,48.0,0.0,0.0,0,0,1601.0,True,17,0,0.0,0|0|0|0|0|0|0|0|0|0|0|0|0|0|0|0|0,17,734dfd2ffe51ec5e71510e68d41facfa63bf34cb351a146d90acb75f1e5e0491,995ac207e69da38806c0ffabffcc5544b610a7d28798666664be16d040157c45,/Users/howen/.codex/worktrees/1aed/PPO_MEC/artifacts/training/crdcm_performance_matrix_v2_20260928/evaluation/episodes/crdcm_full_mappo/seed_1402/shared_adapter_reuse_prepare_1.json,6a22e270fbbad0f6588d8b9af7880a47ef119e828e19e92b433bb5ace5bcd12a
crdcm_full_mappo/seed_1402,crdcm_full_mappo,1402,shared_adapter_reuse_prepare,shared_adapter_reuse_prepare/window_peachtree_off1578_len24_t1163637300_1163639600/j_15,window_peachtree_off1578_len24_t1163637300_1163639600,j_15,True,1.0,0.0,completed,5,5,0,0,0,0,True,27.2,116.0,0.18,40.0,1,0,401.0,True,5,0,0.0,0|4|4|0|0,5,20d889a0541a65bd0d5f685cefa25792ffa424fe362b1026c56707154266f2be,9eedb205e90f18841190a5dd272408ae8cde8c2d4a345f6a8657edc5db2475d9,/Users/howen/.codex/worktrees/1aed/PPO_MEC/artifacts/training/crdcm_performance_matrix_v2_20260928/evaluation/episodes/crdcm_full_mappo/seed_1402/shared_adapter_reuse_prepare_2.json,2fb322724a8ac7f4ec57afed3654968d18392bb79aedcb4d86ddd31006da4633
crdcm_full_mappo/seed_1403,crdcm_full_mappo,1403,ample_resource_negative,ample_resource_negative/window_peachtree_off244_len24_t1163059400_1163061700/j_3,window_peachtree_off244_len24_t1163059400_1163061700,j_3,False,0.1111111111111111,0.0,cache_dependency_miss,9,1,8,8,0,0,True,8.666666666666666,78.0,0.18,20.0,1,0,,False,9,0,0.0,2|2|2|4|2|2|2|2|2,9,a506bc091a8049bae0a39c1e6d18df4b21878f30bebff5acf7d17d0691e04d04,353cb30a1a04657827d70382042103291733c7ff993c6638aff933ecbfd5d34c,/Users/howen/.codex/worktrees/1aed/PPO_MEC/artifacts/training/crdcm_performance_matrix_v2_20260928/evaluation/episodes/crdcm_full_mappo/seed_1403/ample_resource_negative_0.json,f225a5e257190573d957bcc8c7e4fd0b77774b452297a059eb27282ac0d5c15a
crdcm_full_mappo/seed_1403,crdcm_full_mappo,1403,ample_resource_negative,ample_resource_negative/window_peachtree_off298_len24_t1163064800_1163067100/j_8,window_peachtree_off298_len24_t1163064800_1163067100,j_8,False,0.0,0.0,cache_dependency_miss,17,0,17,17,0,0,True,0.0,0.0,0.0,0.0,0,0,,False,17,0,0.0,2|2|2|2|2|2|2|2|2|2|2|2|2|2|2|2|2,17,347efc6318bd8c7fce06ddb8b81938b42e53384721c01ca52868ef88cd4cccbe,70d745b20d5741561a54d890610e87fe5b1c68b52494e2c51fc3f9a598242499,/Users/howen/.codex/worktrees/1aed/PPO_MEC/artifacts/training/crdcm_performance_matrix_v2_20260928/evaluation/episodes/crdcm_full_mappo/seed_1403/ample_resource_negative_1.json,bfbd14d3c52e1f94a524002656d69a548dda4ba782b77d9914e7614cbd7944e4
crdcm_full_mappo/seed_1403,crdcm_full_mappo,1403,ample_resource_negative,ample_resource_negative/window_peachtree_off1578_len24_t1163637300_1163639600/j_15,window_peachtree_off1578_len24_t1163637300_1163639600,j_15,False,0.2,0.0,cache_dependency_miss,5,1,4,4,0,0,True,30.4,132.0,0.18,40.0,1,0,,False,5,0,0.0,2|4|4|2|2,5,a07cd99144bc63df15f30d2ff6e918b6f27309613e28aa57f8bd218b96de978c,55c88be3d502147d101b0fc948194c20e03d949acc047a32db970dcb962c245d,/Users/howen/.codex/worktrees/1aed/PPO_MEC/artifacts/training/crdcm_performance_matrix_v2_20260928/evaluation/episodes/crdcm_full_mappo/seed_1403/ample_resource_negative_2.json,1e5f98be06d3bb073d7cbc587ff230b8144fe1fa9bafe4435377169df5c9d300
crdcm_full_mappo/seed_1403,crdcm_full_mappo,1403,capacity_competition,capacity_competition/window_peachtree_off244_len24_t1163059400_1163061700/j_3,window_peachtree_off244_len24_t1163059400_1163061700,j_3,False,0.1111111111111111,0.0,cache_dependency_miss,9,1,8,8,0,0,True,2.2222222222222223,20.0,0.18,20.0,1,0,,False,9,0,0.0,2|2|2|4|2|2|2|2|2,9,4a941a95fbc05b864c50a7ac94f014e02de4b2972efa1aebd94e89c858fd8776,a11098c5fb4c8513c833060a46b54f14ed96242ed0b76e78c97d2a8dfc7a4c5b,/Users/howen/.codex/worktrees/1aed/PPO_MEC/artifacts/training/crdcm_performance_matrix_v2_20260928/evaluation/episodes/crdcm_full_mappo/seed_1403/capacity_competition_0.json,8e19be07f87ba1f6b25190a486c9b8a851a31140030af61f372bf5df70cf35f8
crdcm_full_mappo/seed_1403,crdcm_full_mappo,1403,capacity_competition,capacity_competition/window_peachtree_off298_len24_t1163064800_1163067100/j_8,window_peachtree_off298_len24_t1163064800_1163067100,j_8,False,0.0,0.0,cache_dependency_miss,17,0,17,17,0,0,True,0.0,0.0,0.0,0.0,0,0,,False,17,0,0.0,2|2|2|2|2|2|2|2|2|2|2|2|2|2|2|2|2,17,86f23c70988f110d0f5749b8a6039c71807127fd84bc421f3cc1290be73862ab,28ab9d3b93476fac56e25fd5e40f13b43e3bae53cca2e91b6f8c7571f8d7baf3,/Users/howen/.codex/worktrees/1aed/PPO_MEC/artifacts/training/crdcm_performance_matrix_v2_20260928/evaluation/episodes/crdcm_full_mappo/seed_1403/capacity_competition_1.json,7510cdde587fa79101d63a1879e1861b81a3cba4d5141570a94598315af4fe85
crdcm_full_mappo/seed_1403,crdcm_full_mappo,1403,capacity_competition,capacity_competition/window_peachtree_off1578_len24_t1163637300_1163639600/j_15,window_peachtree_off1578_len24_t1163637300_1163639600,j_15,False,0.4,0.0,cache_dependency_miss,5,2,3,3,0,0,True,17.6,68.0,0.18,40.0,1,0,,False,5,0,0.0,2|4|4|2|2,5,46b3f989b924cdbcbbb3d823fa0645f0e8c5e35e9d6edb44d3284acc124f27f4,f9be6a93a5c44ef59b9cfeabf8a26687fda5a3d4a50ee1093669a91b89be7481,/Users/howen/.codex/worktrees/1aed/PPO_MEC/artifacts/training/crdcm_performance_matrix_v2_20260928/evaluation/episodes/crdcm_full_mappo/seed_1403/capacity_competition_2.json,535286611c28e7a0644d0a048badf62435a5cff584b02e8d5ba3955075fb267b
crdcm_full_mappo/seed_1403,crdcm_full_mappo,1403,low_reuse_no_migration_negative,low_reuse_no_migration_negative/window_peachtree_off244_len24_t1163059400_1163061700/j_3,window_peachtree_off244_len24_t1163059400_1163061700,j_3,False,0.0,1.0,handoff_unprepared,9,0,9,8,1,0,True,6.444444444444445,58.0,1.0,0.0,0,1,,False,9,0,0.0,2|2|2|4|2|2|2|2|2,9,614caa155c6b0ead19ea954f3b0779e90eaba4704d91a7c2add1b6c3a0ca5d3a,eabe4c41e07e4bae9cc9c6ee8cfa9747bfd3e05ce0ca710ee7b9d8e27339979c,/Users/howen/.codex/worktrees/1aed/PPO_MEC/artifacts/training/crdcm_performance_matrix_v2_20260928/evaluation/episodes/crdcm_full_mappo/seed_1403/low_reuse_no_migration_negative_0.json,5e45d0838f45cd2e6b6c5ccb48ad2de47edc4844637b74e757504711791a4729
crdcm_full_mappo/seed_1403,crdcm_full_mappo,1403,low_reuse_no_migration_negative,low_reuse_no_migration_negative/window_peachtree_off298_len24_t1163064800_1163067100/j_8,window_peachtree_off298_len24_t1163064800_1163067100,j_8,False,0.0,0.0,cache_dependency_miss,17,0,17,17,0,0,True,0.0,0.0,0.0,0.0,0,0,,False,17,0,0.0,2|2|2|2|2|2|2|2|2|2|2|2|2|2|2|2|2,17,6685a67159a8cffb629c6ff3da0b3ab814d7f6b179ee689341f6c00156e064b7,64fba7b6360c9975cedbb3f1b8c2a648181a12e518e07a609e7f56025c425f8a,/Users/howen/.codex/worktrees/1aed/PPO_MEC/artifacts/training/crdcm_performance_matrix_v2_20260928/evaluation/episodes/crdcm_full_mappo/seed_1403/low_reuse_no_migration_negative_1.json,0f127c3d4318429ac6dfa13870e47ffcd8b71470e3a46621563f080e1d391803
crdcm_full_mappo/seed_1403,crdcm_full_mappo,1403,low_reuse_no_migration_negative,low_reuse_no_migration_negative/window_peachtree_off1578_len24_t1163637300_1163639600/j_15,window_peachtree_off1578_len24_t1163637300_1163639600,j_15,False,0.0,1.0,handoff_unprepared,5,0,5,4,1,0,True,22.4,112.0,1.0,0.0,0,2,,False,5,0,0.0,2|4|4|2|2,5,1535789dc57e1e6601a855b5cb43e7fffe7e13c3da101577fcd18c59ed7ac938,35affd51b67cfd9f90b201708bf25db705a48387654d345c08867c659c9817a0,/Users/howen/.codex/worktrees/1aed/PPO_MEC/artifacts/training/crdcm_performance_matrix_v2_20260928/evaluation/episodes/crdcm_full_mappo/seed_1403/low_reuse_no_migration_negative_2.json,66a2e9667bf920c920a7fde97ae3effbb52fd8895fa6510f110c70807000da64
crdcm_full_mappo/seed_1403,crdcm_full_mappo,1403,shared_adapter_reuse_prepare,shared_adapter_reuse_prepare/window_peachtree_off244_len24_t1163059400_1163061700/j_3,window_peachtree_off244_len24_t1163059400_1163061700,j_3,False,0.1111111111111111,0.0,cache_dependency_miss,9,1,8,8,0,0,True,2.2222222222222223,20.0,0.18,20.0,1,0,,False,9,0,0.0,2|2|2|4|2|2|2|2|2,9,3979b030cf733c9753930a80bd3b9e10fc78e1372a14cee07008001311f2006c,c9c53c3a0a13e55c9324c98b09f140a3f5d012d69850a4197efe7bb45121aaa8,/Users/howen/.codex/worktrees/1aed/PPO_MEC/artifacts/training/crdcm_performance_matrix_v2_20260928/evaluation/episodes/crdcm_full_mappo/seed_1403/shared_adapter_reuse_prepare_0.json,fb166298b55d76c9b4b9bbc43e7c48ce0b706e02077b69d5bca4179e150f798f
crdcm_full_mappo/seed_1403,crdcm_full_mappo,1403,shared_adapter_reuse_prepare,shared_adapter_reuse_prepare/window_peachtree_off298_len24_t1163064800_1163067100/j_8,window_peachtree_off298_len24_t1163064800_1163067100,j_8,False,0.0,0.0,cache_dependency_miss,17,0,17,17,0,0,True,0.0,0.0,0.0,0.0,0,0,,False,17,0,0.0,2|2|2|2|2|2|2|2|2|2|2|2|2|2|2|2|2,17,734dfd2ffe51ec5e71510e68d41facfa63bf34cb351a146d90acb75f1e5e0491,cea823d6ec5b69ce9a1c9ba344f2b1d9f92da265207604ffb10f2c3cc2b0656c,/Users/howen/.codex/worktrees/1aed/PPO_MEC/artifacts/training/crdcm_performance_matrix_v2_20260928/evaluation/episodes/crdcm_full_mappo/seed_1403/shared_adapter_reuse_prepare_1.json,ec4ced6d5602ce8abbea1b3adf66273330519263cc7c150cd2eeae58f81183e6
crdcm_full_mappo/seed_1403,crdcm_full_mappo,1403,shared_adapter_reuse_prepare,shared_adapter_reuse_prepare/window_peachtree_off1578_len24_t1163637300_1163639600/j_15,window_peachtree_off1578_len24_t1163637300_1163639600,j_15,False,0.4,0.0,cache_dependency_miss,5,2,3,3,0,0,True,17.6,68.0,0.18,40.0,1,0,,False,5,0,0.0,2|4|4|2|2,5,20d889a0541a65bd0d5f685cefa25792ffa424fe362b1026c56707154266f2be,5c912b1544bae0104c97f92fd98d1d927215cb8e076567612e5479e399510ce1,/Users/howen/.codex/worktrees/1aed/PPO_MEC/artifacts/training/crdcm_performance_matrix_v2_20260928/evaluation/episodes/crdcm_full_mappo/seed_1403/shared_adapter_reuse_prepare_2.json,d6ba1ebada3c5198599e7ee81abe1c84adc8486735697956c39cd8d040ef8502
crdcm_full_ppo/seed_1401,crdcm_full_ppo,1401,ample_resource_negative,ample_resource_negative/window_peachtree_off244_len24_t1163059400_1163061700/j_3,window_peachtree_off244_len24_t1163059400_1163061700,j_3,True,1.0,0.0,completed,9,9,0,0,0,0,True,50.888888888888886,458.0,0.18,20.0,1,0,801.0,True,9,0,0.0,0|0|0|4|0|0|0|0|0,9,a506bc091a8049bae0a39c1e6d18df4b21878f30bebff5acf7d17d0691e04d04,75ad266de6ab43177a03be7761564c9cad81b4521fe48272590ef255b57bb5f5,/Users/howen/.codex/worktrees/1aed/PPO_MEC/artifacts/training/crdcm_performance_matrix_v2_20260928/evaluation/episodes/crdcm_full_ppo/seed_1401/ample_resource_negative_0.json,0265b114d7daee1dce2d78ea9ea6a229b9454d43a0428ee9b46e03890d430cd8
crdcm_full_ppo/seed_1401,crdcm_full_ppo,1401,ample_resource_negative,ample_resource_negative/window_peachtree_off298_len24_t1163064800_1163067100/j_8,window_peachtree_off298_len24_t1163064800_1163067100,j_8,True,1.0,0.0,completed,17,17,0,0,0,0,True,19.176470588235293,326.0,0.0,0.0,0,0,1601.0,True,17,0,0.0,0|0|0|0|0|0|0|0|0|0|0|0|0|0|0|0|0,17,347efc6318bd8c7fce06ddb8b81938b42e53384721c01ca52868ef88cd4cccbe,a8b18125428bf0f715bbbc1e896d5891a7063826b3ded687d1c924f7ad5c9cf0,/Users/howen/.codex/worktrees/1aed/PPO_MEC/artifacts/training/crdcm_performance_matrix_v2_20260928/evaluation/episodes/crdcm_full_ppo/seed_1401/ample_resource_negative_1.json,b2b3c9229108bae9dd728b74e1c8dc650a995ed6a4bb89c6ebc4e2ce7603a84d
crdcm_full_ppo/seed_1401,crdcm_full_ppo,1401,ample_resource_negative,ample_resource_negative/window_peachtree_off1578_len24_t1163637300_1163639600/j_15,window_peachtree_off1578_len24_t1163637300_1163639600,j_15,False,0.8,0.0,cache_dependency_miss,5,4,1,1,0,0,True,60.4,282.0,0.18,40.0,1,0,,False,5,0,0.0,0|4|4|0|0,5,a07cd99144bc63df15f30d2ff6e918b6f27309613e28aa57f8bd218b96de978c,a6b764ff30dfad027ca4c8343809538493d7ef9c02f96a467ce81d5f1035ae59,/Users/howen/.codex/worktrees/1aed/PPO_MEC/artifacts/training/crdcm_performance_matrix_v2_20260928/evaluation/episodes/crdcm_full_ppo/seed_1401/ample_resource_negative_2.json,d84566fe6f291189909d6cb7c60bfb6f24bec95c295ea3ea6a0bec74a005570f
crdcm_full_ppo/seed_1401,crdcm_full_ppo,1401,capacity_competition,capacity_competition/window_peachtree_off244_len24_t1163059400_1163061700/j_3,window_peachtree_off244_len24_t1163059400_1163061700,j_3,True,1.0,0.0,completed,9,9,0,0,0,0,True,12.88888888888889,116.0,0.18,20.0,1,0,801.0,True,9,0,0.0,0|0|0|4|0|0|0|0|0,9,4a941a95fbc05b864c50a7ac94f014e02de4b2972efa1aebd94e89c858fd8776,9567f55aa686234e34893a0f9ff388d82826ea1fa7fa13ca8798b6a5d2f98cff,/Users/howen/.codex/worktrees/1aed/PPO_MEC/artifacts/training/crdcm_performance_matrix_v2_20260928/evaluation/episodes/crdcm_full_ppo/seed_1401/capacity_competition_0.json,0e0ee7c8269368777fca3dddfb849c7e37cea4815337dd337d99150ed79c3974
crdcm_full_ppo/seed_1401,crdcm_full_ppo,1401,capacity_competition,capacity_competition/window_peachtree_off298_len24_t1163064800_1163067100/j_8,window_peachtree_off298_len24_t1163064800_1163067100,j_8,True,1.0,0.0,completed,17,17,0,0,0,0,True,2.823529411764706,48.0,0.0,0.0,0,0,1601.0,True,17,0,0.0,0|0|0|0|0|0|0|0|0|0|0|0|0|0|0|0|0,17,86f23c70988f110d0f5749b8a6039c71807127fd84bc421f3cc1290be73862ab,c001df1f84dfdbbc9870d60d5ade205d97005c70e33897cdb7b3ef6956746d90,/Users/howen/.codex/worktrees/1aed/PPO_MEC/artifacts/training/crdcm_performance_matrix_v2_20260928/evaluation/episodes/crdcm_full_ppo/seed_1401/capacity_competition_1.json,85d0f9dcc027f18f20fef834b9cac50fd2ae444f867046a607e55db0394b6618
crdcm_full_ppo/seed_1401,crdcm_full_ppo,1401,capacity_competition,capacity_competition/window_peachtree_off1578_len24_t1163637300_1163639600/j_15,window_peachtree_off1578_len24_t1163637300_1163639600,j_15,True,1.0,0.0,completed,5,5,0,0,0,0,True,27.2,116.0,0.18,40.0,1,0,401.0,True,5,0,0.0,0|4|4|0|0,5,46b3f989b924cdbcbbb3d823fa0645f0e8c5e35e9d6edb44d3284acc124f27f4,0fe7a7e396cacc41609fd855d116a3aa7cf3416b4e63e848bacd1e7bec62708a,/Users/howen/.codex/worktrees/1aed/PPO_MEC/artifacts/training/crdcm_performance_matrix_v2_20260928/evaluation/episodes/crdcm_full_ppo/seed_1401/capacity_competition_2.json,90a2704d8002793f0821a9e34acfa878623fc21a630b92d53e3ba3763ff5caea
crdcm_full_ppo/seed_1401,crdcm_full_ppo,1401,low_reuse_no_migration_negative,low_reuse_no_migration_negative/window_peachtree_off244_len24_t1163059400_1163061700/j_3,window_peachtree_off244_len24_t1163059400_1163061700,j_3,False,0.8888888888888888,1.0,handoff_unprepared,9,8,1,0,1,0,True,52.666666666666664,474.0,1.0,0.0,0,1,,False,9,0,0.0,0|0|0|4|0|0|0|0|0,9,614caa155c6b0ead19ea954f3b0779e90eaba4704d91a7c2add1b6c3a0ca5d3a,0f22f9c13f86355e163ac8f84271de5f17c21e0121334e2ddb3b5ed2534d2156,/Users/howen/.codex/worktrees/1aed/PPO_MEC/artifacts/training/crdcm_performance_matrix_v2_20260928/evaluation/episodes/crdcm_full_ppo/seed_1401/low_reuse_no_migration_negative_0.json,78a94a64734727070010c08ac1946a73dd8f3600bf9564e8a53d70a93dccbd77
crdcm_full_ppo/seed_1401,crdcm_full_ppo,1401,low_reuse_no_migration_negative,low_reuse_no_migration_negative/window_peachtree_off298_len24_t1163064800_1163067100/j_8,window_peachtree_off298_len24_t1163064800_1163067100,j_8,True,1.0,0.0,completed,17,17,0,0,0,0,True,58.0,986.0,0.0,0.0,0,0,1601.0,True,17,0,0.0,0|0|0|0|0|0|0|0|0|0|0|0|0|0|0|0|0,17,6685a67159a8cffb629c6ff3da0b3ab814d7f6b179ee689341f6c00156e064b7,35b8a89556ff4dc75797e26f8a053bb0991fe91cc9a372546961fd2d849b1ee7,/Users/howen/.codex/worktrees/1aed/PPO_MEC/artifacts/training/crdcm_performance_matrix_v2_20260928/evaluation/episodes/crdcm_full_ppo/seed_1401/low_reuse_no_migration_negative_1.json,b6221b33b4c13c8461d99c4f5ee31cd628602d5cbd4548fe1dcdc2509ac944c8
crdcm_full_ppo/seed_1401,crdcm_full_ppo,1401,low_reuse_no_migration_negative,low_reuse_no_migration_negative/window_peachtree_off1578_len24_t1163637300_1163639600/j_15,window_peachtree_off1578_len24_t1163637300_1163639600,j_15,False,0.6,1.0,handoff_unprepared,5,3,2,1,1,0,True,52.4,262.0,1.0,0.0,0,2,,False,5,0,0.0,0|4|4|0|0,5,1535789dc57e1e6601a855b5cb43e7fffe7e13c3da101577fcd18c59ed7ac938,4ab2ec81ff82839f6a33e24706225aafef9a84ad8a3da29f34f1c865e6110d02,/Users/howen/.codex/worktrees/1aed/PPO_MEC/artifacts/training/crdcm_performance_matrix_v2_20260928/evaluation/episodes/crdcm_full_ppo/seed_1401/low_reuse_no_migration_negative_2.json,a156ce4f73890fb794d4821a1a9abf4b67062d0034b6841971a000d8f59cd998
crdcm_full_ppo/seed_1401,crdcm_full_ppo,1401,shared_adapter_reuse_prepare,shared_adapter_reuse_prepare/window_peachtree_off244_len24_t1163059400_1163061700/j_3,window_peachtree_off244_len24_t1163059400_1163061700,j_3,True,1.0,0.0,completed,9,9,0,0,0,0,True,12.88888888888889,116.0,0.18,20.0,1,0,801.0,True,9,0,0.0,0|0|0|4|0|0|0|0|0,9,3979b030cf733c9753930a80bd3b9e10fc78e1372a14cee07008001311f2006c,891c45455155cd0fcc550d32175e54610d688b775f1e099649b96d93e9396758,/Users/howen/.codex/worktrees/1aed/PPO_MEC/artifacts/training/crdcm_performance_matrix_v2_20260928/evaluation/episodes/crdcm_full_ppo/seed_1401/shared_adapter_reuse_prepare_0.json,f9a3bb0f824ae85af22d14561b32bc8a0515ae9ce82ebc86317f89b8b26c5959
crdcm_full_ppo/seed_1401,crdcm_full_ppo,1401,shared_adapter_reuse_prepare,shared_adapter_reuse_prepare/window_peachtree_off298_len24_t1163064800_1163067100/j_8,window_peachtree_off298_len24_t1163064800_1163067100,j_8,True,1.0,0.0,completed,17,17,0,0,0,0,True,2.823529411764706,48.0,0.0,0.0,0,0,1601.0,True,17,0,0.0,0|0|0|0|0|0|0|0|0|0|0|0|0|0|0|0|0,17,734dfd2ffe51ec5e71510e68d41facfa63bf34cb351a146d90acb75f1e5e0491,995ac207e69da38806c0ffabffcc5544b610a7d28798666664be16d040157c45,/Users/howen/.codex/worktrees/1aed/PPO_MEC/artifacts/training/crdcm_performance_matrix_v2_20260928/evaluation/episodes/crdcm_full_ppo/seed_1401/shared_adapter_reuse_prepare_1.json,aef7f651ef5bd3d843edd305f428b8b9b02b842be9d77694e8be756ccc29308f
crdcm_full_ppo/seed_1401,crdcm_full_ppo,1401,shared_adapter_reuse_prepare,shared_adapter_reuse_prepare/window_peachtree_off1578_len24_t1163637300_1163639600/j_15,window_peachtree_off1578_len24_t1163637300_1163639600,j_15,True,1.0,0.0,completed,5,5,0,0,0,0,True,27.2,116.0,0.18,40.0,1,0,401.0,True,5,0,0.0,0|4|4|0|0,5,20d889a0541a65bd0d5f685cefa25792ffa424fe362b1026c56707154266f2be,9eedb205e90f18841190a5dd272408ae8cde8c2d4a345f6a8657edc5db2475d9,/Users/howen/.codex/worktrees/1aed/PPO_MEC/artifacts/training/crdcm_performance_matrix_v2_20260928/evaluation/episodes/crdcm_full_ppo/seed_1401/shared_adapter_reuse_prepare_2.json,b259b7c2d44d0352f3c2549ba0007c61cbe99974cb9abab092af40f80396ee9c
crdcm_full_ppo/seed_1402,crdcm_full_ppo,1402,ample_resource_negative,ample_resource_negative/window_peachtree_off244_len24_t1163059400_1163061700/j_3,window_peachtree_off244_len24_t1163059400_1163061700,j_3,True,1.0,0.0,completed,9,9,0,0,0,0,True,50.888888888888886,458.0,0.18,20.0,1,0,801.0,True,9,0,0.0,0|0|0|4|0|0|0|0|0,9,a506bc091a8049bae0a39c1e6d18df4b21878f30bebff5acf7d17d0691e04d04,75ad266de6ab43177a03be7761564c9cad81b4521fe48272590ef255b57bb5f5,/Users/howen/.codex/worktrees/1aed/PPO_MEC/artifacts/training/crdcm_performance_matrix_v2_20260928/evaluation/episodes/crdcm_full_ppo/seed_1402/ample_resource_negative_0.json,8fcf599528348c5b63ed87b9b058b8013a56507a7b16f2aefc82c39fb26e85ea
crdcm_full_ppo/seed_1402,crdcm_full_ppo,1402,ample_resource_negative,ample_resource_negative/window_peachtree_off298_len24_t1163064800_1163067100/j_8,window_peachtree_off298_len24_t1163064800_1163067100,j_8,True,1.0,0.0,completed,17,17,0,0,0,0,True,19.176470588235293,326.0,0.0,0.0,0,0,1601.0,True,17,0,0.0,0|0|0|0|0|0|0|0|0|0|0|0|0|0|0|0|0,17,347efc6318bd8c7fce06ddb8b81938b42e53384721c01ca52868ef88cd4cccbe,a8b18125428bf0f715bbbc1e896d5891a7063826b3ded687d1c924f7ad5c9cf0,/Users/howen/.codex/worktrees/1aed/PPO_MEC/artifacts/training/crdcm_performance_matrix_v2_20260928/evaluation/episodes/crdcm_full_ppo/seed_1402/ample_resource_negative_1.json,01e78f0bd1032ceb7957b765c8e6c287463b23cc419c9bbd8e25a154ee462a9b
crdcm_full_ppo/seed_1402,crdcm_full_ppo,1402,ample_resource_negative,ample_resource_negative/window_peachtree_off1578_len24_t1163637300_1163639600/j_15,window_peachtree_off1578_len24_t1163637300_1163639600,j_15,False,0.8,0.0,cache_dependency_miss,5,4,1,1,0,0,True,60.4,282.0,0.18,40.0,1,0,,False,5,0,0.0,0|4|4|0|0,5,a07cd99144bc63df15f30d2ff6e918b6f27309613e28aa57f8bd218b96de978c,a6b764ff30dfad027ca4c8343809538493d7ef9c02f96a467ce81d5f1035ae59,/Users/howen/.codex/worktrees/1aed/PPO_MEC/artifacts/training/crdcm_performance_matrix_v2_20260928/evaluation/episodes/crdcm_full_ppo/seed_1402/ample_resource_negative_2.json,f1f80ddbbc977aab0c79181786510c5590e0ba317f291c5ea26762dd83abc5a1
crdcm_full_ppo/seed_1402,crdcm_full_ppo,1402,capacity_competition,capacity_competition/window_peachtree_off244_len24_t1163059400_1163061700/j_3,window_peachtree_off244_len24_t1163059400_1163061700,j_3,True,1.0,0.0,completed,9,9,0,0,0,0,True,12.88888888888889,116.0,0.18,20.0,1,0,801.0,True,9,0,0.0,0|0|0|4|0|0|0|0|0,9,4a941a95fbc05b864c50a7ac94f014e02de4b2972efa1aebd94e89c858fd8776,9567f55aa686234e34893a0f9ff388d82826ea1fa7fa13ca8798b6a5d2f98cff,/Users/howen/.codex/worktrees/1aed/PPO_MEC/artifacts/training/crdcm_performance_matrix_v2_20260928/evaluation/episodes/crdcm_full_ppo/seed_1402/capacity_competition_0.json,26547cce8e7d9ac2674bad5af1b2835d0d28fb68482ad0675b6776c8ffdd1a2d
crdcm_full_ppo/seed_1402,crdcm_full_ppo,1402,capacity_competition,capacity_competition/window_peachtree_off298_len24_t1163064800_1163067100/j_8,window_peachtree_off298_len24_t1163064800_1163067100,j_8,True,1.0,0.0,completed,17,17,0,0,0,0,True,2.823529411764706,48.0,0.0,0.0,0,0,1601.0,True,17,0,0.0,0|0|0|0|0|0|0|0|0|0|0|0|0|0|0|0|0,17,86f23c70988f110d0f5749b8a6039c71807127fd84bc421f3cc1290be73862ab,c001df1f84dfdbbc9870d60d5ade205d97005c70e33897cdb7b3ef6956746d90,/Users/howen/.codex/worktrees/1aed/PPO_MEC/artifacts/training/crdcm_performance_matrix_v2_20260928/evaluation/episodes/crdcm_full_ppo/seed_1402/capacity_competition_1.json,afa2b36f756dbd676b4aafc5471d9d5fb2a9d1afe701ad2c010a8fdf13a4ef3f
crdcm_full_ppo/seed_1402,crdcm_full_ppo,1402,capacity_competition,capacity_competition/window_peachtree_off1578_len24_t1163637300_1163639600/j_15,window_peachtree_off1578_len24_t1163637300_1163639600,j_15,True,1.0,0.0,completed,5,5,0,0,0,0,True,27.2,116.0,0.18,40.0,1,0,401.0,True,5,0,0.0,0|4|4|0|0,5,46b3f989b924cdbcbbb3d823fa0645f0e8c5e35e9d6edb44d3284acc124f27f4,0fe7a7e396cacc41609fd855d116a3aa7cf3416b4e63e848bacd1e7bec62708a,/Users/howen/.codex/worktrees/1aed/PPO_MEC/artifacts/training/crdcm_performance_matrix_v2_20260928/evaluation/episodes/crdcm_full_ppo/seed_1402/capacity_competition_2.json,7b1fa5b57c858877d8a289d3ba6b92685e56ac38541acaed66ab196451e7506d
crdcm_full_ppo/seed_1402,crdcm_full_ppo,1402,low_reuse_no_migration_negative,low_reuse_no_migration_negative/window_peachtree_off244_len24_t1163059400_1163061700/j_3,window_peachtree_off244_len24_t1163059400_1163061700,j_3,False,0.8888888888888888,1.0,handoff_unprepared,9,8,1,0,1,0,True,52.666666666666664,474.0,1.0,0.0,0,1,,False,9,0,0.0,0|0|0|4|0|0|0|0|0,9,614caa155c6b0ead19ea954f3b0779e90eaba4704d91a7c2add1b6c3a0ca5d3a,0f22f9c13f86355e163ac8f84271de5f17c21e0121334e2ddb3b5ed2534d2156,/Users/howen/.codex/worktrees/1aed/PPO_MEC/artifacts/training/crdcm_performance_matrix_v2_20260928/evaluation/episodes/crdcm_full_ppo/seed_1402/low_reuse_no_migration_negative_0.json,9d491089b6fb5cee698bbd290ff06420280d35136a123b13cf39979c256d67b0
crdcm_full_ppo/seed_1402,crdcm_full_ppo,1402,low_reuse_no_migration_negative,low_reuse_no_migration_negative/window_peachtree_off298_len24_t1163064800_1163067100/j_8,window_peachtree_off298_len24_t1163064800_1163067100,j_8,True,1.0,0.0,completed,17,17,0,0,0,0,True,58.0,986.0,0.0,0.0,0,0,1601.0,True,17,0,0.0,0|0|0|0|0|0|0|0|0|0|0|0|0|0|0|0|0,17,6685a67159a8cffb629c6ff3da0b3ab814d7f6b179ee689341f6c00156e064b7,35b8a89556ff4dc75797e26f8a053bb0991fe91cc9a372546961fd2d849b1ee7,/Users/howen/.codex/worktrees/1aed/PPO_MEC/artifacts/training/crdcm_performance_matrix_v2_20260928/evaluation/episodes/crdcm_full_ppo/seed_1402/low_reuse_no_migration_negative_1.json,3d75c74a420d48ced75b5caf7ee86dcc2f4e956a411306d05a703f1679fd5a73
crdcm_full_ppo/seed_1402,crdcm_full_ppo,1402,low_reuse_no_migration_negative,low_reuse_no_migration_negative/window_peachtree_off1578_len24_t1163637300_1163639600/j_15,window_peachtree_off1578_len24_t1163637300_1163639600,j_15,False,0.6,1.0,handoff_unprepared,5,3,2,1,1,0,True,52.4,262.0,1.0,0.0,0,2,,False,5,0,0.0,0|4|4|0|0,5,1535789dc57e1e6601a855b5cb43e7fffe7e13c3da101577fcd18c59ed7ac938,4ab2ec81ff82839f6a33e24706225aafef9a84ad8a3da29f34f1c865e6110d02,/Users/howen/.codex/worktrees/1aed/PPO_MEC/artifacts/training/crdcm_performance_matrix_v2_20260928/evaluation/episodes/crdcm_full_ppo/seed_1402/low_reuse_no_migration_negative_2.json,92ce5a6c8ae27b9a9b16164512a3e6623edf38edb6e5dd0d1dae1f076c686ae1
crdcm_full_ppo/seed_1402,crdcm_full_ppo,1402,shared_adapter_reuse_prepare,shared_adapter_reuse_prepare/window_peachtree_off244_len24_t1163059400_1163061700/j_3,window_peachtree_off244_len24_t1163059400_1163061700,j_3,True,1.0,0.0,completed,9,9,0,0,0,0,True,12.88888888888889,116.0,0.18,20.0,1,0,801.0,True,9,0,0.0,0|0|0|4|0|0|0|0|0,9,3979b030cf733c9753930a80bd3b9e10fc78e1372a14cee07008001311f2006c,891c45455155cd0fcc550d32175e54610d688b775f1e099649b96d93e9396758,/Users/howen/.codex/worktrees/1aed/PPO_MEC/artifacts/training/crdcm_performance_matrix_v2_20260928/evaluation/episodes/crdcm_full_ppo/seed_1402/shared_adapter_reuse_prepare_0.json,4e2cc2641022e53bc1c6b4c0e7ad0f8ed6e409b94cfc092eb44ffc4b9f1aaf7b
crdcm_full_ppo/seed_1402,crdcm_full_ppo,1402,shared_adapter_reuse_prepare,shared_adapter_reuse_prepare/window_peachtree_off298_len24_t1163064800_1163067100/j_8,window_peachtree_off298_len24_t1163064800_1163067100,j_8,True,1.0,0.0,completed,17,17,0,0,0,0,True,2.823529411764706,48.0,0.0,0.0,0,0,1601.0,True,17,0,0.0,0|0|0|0|0|0|0|0|0|0|0|0|0|0|0|0|0,17,734dfd2ffe51ec5e71510e68d41facfa63bf34cb351a146d90acb75f1e5e0491,995ac207e69da38806c0ffabffcc5544b610a7d28798666664be16d040157c45,/Users/howen/.codex/worktrees/1aed/PPO_MEC/artifacts/training/crdcm_performance_matrix_v2_20260928/evaluation/episodes/crdcm_full_ppo/seed_1402/shared_adapter_reuse_prepare_1.json,3769ec7067bca4fa74ed934eeec86b4e3bb482d63f7e370766c3364ec0259431
crdcm_full_ppo/seed_1402,crdcm_full_ppo,1402,shared_adapter_reuse_prepare,shared_adapter_reuse_prepare/window_peachtree_off1578_len24_t1163637300_1163639600/j_15,window_peachtree_off1578_len24_t1163637300_1163639600,j_15,True,1.0,0.0,completed,5,5,0,0,0,0,True,27.2,116.0,0.18,40.0,1,0,401.0,True,5,0,0.0,0|4|4|0|0,5,20d889a0541a65bd0d5f685cefa25792ffa424fe362b1026c56707154266f2be,9eedb205e90f18841190a5dd272408ae8cde8c2d4a345f6a8657edc5db2475d9,/Users/howen/.codex/worktrees/1aed/PPO_MEC/artifacts/training/crdcm_performance_matrix_v2_20260928/evaluation/episodes/crdcm_full_ppo/seed_1402/shared_adapter_reuse_prepare_2.json,c2f03598097d01b51c834831790aeb3ac87651f4b1027b86120e64d97ae4e5aa
crdcm_full_ppo/seed_1403,crdcm_full_ppo,1403,ample_resource_negative,ample_resource_negative/window_peachtree_off244_len24_t1163059400_1163061700/j_3,window_peachtree_off244_len24_t1163059400_1163061700,j_3,True,1.0,0.0,completed,9,9,0,0,0,0,True,50.888888888888886,458.0,0.18,20.0,1,0,801.0,True,9,0,0.0,0|0|0|4|0|0|0|0|0,9,a506bc091a8049bae0a39c1e6d18df4b21878f30bebff5acf7d17d0691e04d04,75ad266de6ab43177a03be7761564c9cad81b4521fe48272590ef255b57bb5f5,/Users/howen/.codex/worktrees/1aed/PPO_MEC/artifacts/training/crdcm_performance_matrix_v2_20260928/evaluation/episodes/crdcm_full_ppo/seed_1403/ample_resource_negative_0.json,e0a6cf6e10c7425bec07ab71f9bd813800508549637b5ea34165c0cd29a48f60
crdcm_full_ppo/seed_1403,crdcm_full_ppo,1403,ample_resource_negative,ample_resource_negative/window_peachtree_off298_len24_t1163064800_1163067100/j_8,window_peachtree_off298_len24_t1163064800_1163067100,j_8,True,1.0,0.0,completed,17,17,0,0,0,0,True,19.176470588235293,326.0,0.0,0.0,0,0,1601.0,True,17,0,0.0,0|0|0|0|0|0|0|0|0|0|0|0|0|0|0|0|0,17,347efc6318bd8c7fce06ddb8b81938b42e53384721c01ca52868ef88cd4cccbe,a8b18125428bf0f715bbbc1e896d5891a7063826b3ded687d1c924f7ad5c9cf0,/Users/howen/.codex/worktrees/1aed/PPO_MEC/artifacts/training/crdcm_performance_matrix_v2_20260928/evaluation/episodes/crdcm_full_ppo/seed_1403/ample_resource_negative_1.json,79a7b59454e166279af64d5e4ecb5fe7e8734c6338677e0369343906f6f39d4a
crdcm_full_ppo/seed_1403,crdcm_full_ppo,1403,ample_resource_negative,ample_resource_negative/window_peachtree_off1578_len24_t1163637300_1163639600/j_15,window_peachtree_off1578_len24_t1163637300_1163639600,j_15,False,0.8,0.0,cache_dependency_miss,5,4,1,1,0,0,True,60.4,282.0,0.18,40.0,1,0,,False,5,0,0.0,0|4|4|0|0,5,a07cd99144bc63df15f30d2ff6e918b6f27309613e28aa57f8bd218b96de978c,a6b764ff30dfad027ca4c8343809538493d7ef9c02f96a467ce81d5f1035ae59,/Users/howen/.codex/worktrees/1aed/PPO_MEC/artifacts/training/crdcm_performance_matrix_v2_20260928/evaluation/episodes/crdcm_full_ppo/seed_1403/ample_resource_negative_2.json,c570f7361eaa191867d2e6ad0e5e474ebd57c80ef6824818c167f54414e12d73
crdcm_full_ppo/seed_1403,crdcm_full_ppo,1403,capacity_competition,capacity_competition/window_peachtree_off244_len24_t1163059400_1163061700/j_3,window_peachtree_off244_len24_t1163059400_1163061700,j_3,True,1.0,0.0,completed,9,9,0,0,0,0,True,12.88888888888889,116.0,0.18,20.0,1,0,801.0,True,9,0,0.0,0|0|0|4|0|0|0|0|0,9,4a941a95fbc05b864c50a7ac94f014e02de4b2972efa1aebd94e89c858fd8776,9567f55aa686234e34893a0f9ff388d82826ea1fa7fa13ca8798b6a5d2f98cff,/Users/howen/.codex/worktrees/1aed/PPO_MEC/artifacts/training/crdcm_performance_matrix_v2_20260928/evaluation/episodes/crdcm_full_ppo/seed_1403/capacity_competition_0.json,3071595cf72a484fe344186e81818e0c3ebd27d51cc614238973d01ce92a46fd
crdcm_full_ppo/seed_1403,crdcm_full_ppo,1403,capacity_competition,capacity_competition/window_peachtree_off298_len24_t1163064800_1163067100/j_8,window_peachtree_off298_len24_t1163064800_1163067100,j_8,True,1.0,0.0,completed,17,17,0,0,0,0,True,2.823529411764706,48.0,0.0,0.0,0,0,1601.0,True,17,0,0.0,0|0|0|0|0|0|0|0|0|0|0|0|0|0|0|0|0,17,86f23c70988f110d0f5749b8a6039c71807127fd84bc421f3cc1290be73862ab,c001df1f84dfdbbc9870d60d5ade205d97005c70e33897cdb7b3ef6956746d90,/Users/howen/.codex/worktrees/1aed/PPO_MEC/artifacts/training/crdcm_performance_matrix_v2_20260928/evaluation/episodes/crdcm_full_ppo/seed_1403/capacity_competition_1.json,b63c363919ebba6aa0b7e34d094510a28e8a9c856ba63b5e554ce9fb160bdbfc
crdcm_full_ppo/seed_1403,crdcm_full_ppo,1403,capacity_competition,capacity_competition/window_peachtree_off1578_len24_t1163637300_1163639600/j_15,window_peachtree_off1578_len24_t1163637300_1163639600,j_15,True,1.0,0.0,completed,5,5,0,0,0,0,True,27.2,116.0,0.18,40.0,1,0,401.0,True,5,0,0.0,0|4|4|0|0,5,46b3f989b924cdbcbbb3d823fa0645f0e8c5e35e9d6edb44d3284acc124f27f4,0fe7a7e396cacc41609fd855d116a3aa7cf3416b4e63e848bacd1e7bec62708a,/Users/howen/.codex/worktrees/1aed/PPO_MEC/artifacts/training/crdcm_performance_matrix_v2_20260928/evaluation/episodes/crdcm_full_ppo/seed_1403/capacity_competition_2.json,0ae6ee9db94adfc1d5ecd45a8853dab819918eb59da6939d1c6e8caadc241cf9
crdcm_full_ppo/seed_1403,crdcm_full_ppo,1403,low_reuse_no_migration_negative,low_reuse_no_migration_negative/window_peachtree_off244_len24_t1163059400_1163061700/j_3,window_peachtree_off244_len24_t1163059400_1163061700,j_3,False,0.8888888888888888,1.0,handoff_unprepared,9,8,1,0,1,0,True,52.666666666666664,474.0,1.0,0.0,0,1,,False,9,0,0.0,0|0|0|4|0|0|0|0|0,9,614caa155c6b0ead19ea954f3b0779e90eaba4704d91a7c2add1b6c3a0ca5d3a,0f22f9c13f86355e163ac8f84271de5f17c21e0121334e2ddb3b5ed2534d2156,/Users/howen/.codex/worktrees/1aed/PPO_MEC/artifacts/training/crdcm_performance_matrix_v2_20260928/evaluation/episodes/crdcm_full_ppo/seed_1403/low_reuse_no_migration_negative_0.json,254082540be655f32e9630f9e9b1cea7b2bd963fd0c8eb502145bdb80257e739
crdcm_full_ppo/seed_1403,crdcm_full_ppo,1403,low_reuse_no_migration_negative,low_reuse_no_migration_negative/window_peachtree_off298_len24_t1163064800_1163067100/j_8,window_peachtree_off298_len24_t1163064800_1163067100,j_8,True,1.0,0.0,completed,17,17,0,0,0,0,True,58.0,986.0,0.0,0.0,0,0,1601.0,True,17,0,0.0,0|0|0|0|0|0|0|0|0|0|0|0|0|0|0|0|0,17,6685a67159a8cffb629c6ff3da0b3ab814d7f6b179ee689341f6c00156e064b7,35b8a89556ff4dc75797e26f8a053bb0991fe91cc9a372546961fd2d849b1ee7,/Users/howen/.codex/worktrees/1aed/PPO_MEC/artifacts/training/crdcm_performance_matrix_v2_20260928/evaluation/episodes/crdcm_full_ppo/seed_1403/low_reuse_no_migration_negative_1.json,aacca41fef5d99de59d16a8afb99f4b6a85098a601a931c239f8799eb1cd87bd
crdcm_full_ppo/seed_1403,crdcm_full_ppo,1403,low_reuse_no_migration_negative,low_reuse_no_migration_negative/window_peachtree_off1578_len24_t1163637300_1163639600/j_15,window_peachtree_off1578_len24_t1163637300_1163639600,j_15,False,0.6,1.0,handoff_unprepared,5,3,2,1,1,0,True,52.4,262.0,1.0,0.0,0,2,,False,5,0,0.0,0|4|4|0|0,5,1535789dc57e1e6601a855b5cb43e7fffe7e13c3da101577fcd18c59ed7ac938,4ab2ec81ff82839f6a33e24706225aafef9a84ad8a3da29f34f1c865e6110d02,/Users/howen/.codex/worktrees/1aed/PPO_MEC/artifacts/training/crdcm_performance_matrix_v2_20260928/evaluation/episodes/crdcm_full_ppo/seed_1403/low_reuse_no_migration_negative_2.json,e2ac64ad8881c5c6dd369e5c8d6d3759714c6d730fc8c14692b64763356bb2d8
crdcm_full_ppo/seed_1403,crdcm_full_ppo,1403,shared_adapter_reuse_prepare,shared_adapter_reuse_prepare/window_peachtree_off244_len24_t1163059400_1163061700/j_3,window_peachtree_off244_len24_t1163059400_1163061700,j_3,True,1.0,0.0,completed,9,9,0,0,0,0,True,12.88888888888889,116.0,0.18,20.0,1,0,801.0,True,9,0,0.0,0|0|0|4|0|0|0|0|0,9,3979b030cf733c9753930a80bd3b9e10fc78e1372a14cee07008001311f2006c,891c45455155cd0fcc550d32175e54610d688b775f1e099649b96d93e9396758,/Users/howen/.codex/worktrees/1aed/PPO_MEC/artifacts/training/crdcm_performance_matrix_v2_20260928/evaluation/episodes/crdcm_full_ppo/seed_1403/shared_adapter_reuse_prepare_0.json,7ad6243d0948d912991ad42edf5107b0f10962a340693877aa76336bf58a0b55
crdcm_full_ppo/seed_1403,crdcm_full_ppo,1403,shared_adapter_reuse_prepare,shared_adapter_reuse_prepare/window_peachtree_off298_len24_t1163064800_1163067100/j_8,window_peachtree_off298_len24_t1163064800_1163067100,j_8,True,1.0,0.0,completed,17,17,0,0,0,0,True,2.823529411764706,48.0,0.0,0.0,0,0,1601.0,True,17,0,0.0,0|0|0|0|0|0|0|0|0|0|0|0|0|0|0|0|0,17,734dfd2ffe51ec5e71510e68d41facfa63bf34cb351a146d90acb75f1e5e0491,995ac207e69da38806c0ffabffcc5544b610a7d28798666664be16d040157c45,/Users/howen/.codex/worktrees/1aed/PPO_MEC/artifacts/training/crdcm_performance_matrix_v2_20260928/evaluation/episodes/crdcm_full_ppo/seed_1403/shared_adapter_reuse_prepare_1.json,79f8827c2f2eda213a1f7860417dbba68bf0e3056d8b351101a45a1bb79a9fc0
crdcm_full_ppo/seed_1403,crdcm_full_ppo,1403,shared_adapter_reuse_prepare,shared_adapter_reuse_prepare/window_peachtree_off1578_len24_t1163637300_1163639600/j_15,window_peachtree_off1578_len24_t1163637300_1163639600,j_15,True,1.0,0.0,completed,5,5,0,0,0,0,True,27.2,116.0,0.18,40.0,1,0,401.0,True,5,0,0.0,0|4|4|0|0,5,20d889a0541a65bd0d5f685cefa25792ffa424fe362b1026c56707154266f2be,9eedb205e90f18841190a5dd272408ae8cde8c2d4a345f6a8657edc5db2475d9,/Users/howen/.codex/worktrees/1aed/PPO_MEC/artifacts/training/crdcm_performance_matrix_v2_20260928/evaluation/episodes/crdcm_full_ppo/seed_1403/shared_adapter_reuse_prepare_2.json,cc6b36b9f0d26ccb53f0f5ffb5931afd6d84fbc2b89d9e6954ac847e4f04d5b1
crdcm_full_sa/seed_1401,crdcm_full_sa,1401,ample_resource_negative,ample_resource_negative/window_peachtree_off244_len24_t1163059400_1163061700/j_3,window_peachtree_off244_len24_t1163059400_1163061700,j_3,True,1.0,0.0,completed,9,9,0,0,0,0,True,50.888888888888886,458.0,0.18,20.0,1,0,801.0,True,9,0,0.0,0|0|0|4|0|0|0|0|0,9,a506bc091a8049bae0a39c1e6d18df4b21878f30bebff5acf7d17d0691e04d04,75ad266de6ab43177a03be7761564c9cad81b4521fe48272590ef255b57bb5f5,/Users/howen/.codex/worktrees/1aed/PPO_MEC/artifacts/training/crdcm_performance_matrix_v2_20260928/evaluation/episodes/crdcm_full_sa/seed_1401/ample_resource_negative_0.json,9b177dc6cc4243e63d2f6fc9051d6fc4c15470b7a63107ed1d5db0e68033988e
crdcm_full_sa/seed_1401,crdcm_full_sa,1401,ample_resource_negative,ample_resource_negative/window_peachtree_off298_len24_t1163064800_1163067100/j_8,window_peachtree_off298_len24_t1163064800_1163067100,j_8,True,1.0,0.0,completed,17,17,0,0,0,0,True,19.176470588235293,326.0,0.0,0.0,0,0,1601.0,True,17,0,0.0,0|0|0|0|0|0|0|0|0|0|0|0|0|0|0|0|0,17,347efc6318bd8c7fce06ddb8b81938b42e53384721c01ca52868ef88cd4cccbe,a8b18125428bf0f715bbbc1e896d5891a7063826b3ded687d1c924f7ad5c9cf0,/Users/howen/.codex/worktrees/1aed/PPO_MEC/artifacts/training/crdcm_performance_matrix_v2_20260928/evaluation/episodes/crdcm_full_sa/seed_1401/ample_resource_negative_1.json,3fffbebadc844dec29b59ce5959f002f86385d1283c96d50cefdcb571038f36c
crdcm_full_sa/seed_1401,crdcm_full_sa,1401,ample_resource_negative,ample_resource_negative/window_peachtree_off1578_len24_t1163637300_1163639600/j_15,window_peachtree_off1578_len24_t1163637300_1163639600,j_15,False,0.8,0.0,cache_dependency_miss,5,4,1,1,0,0,True,60.4,282.0,0.18,40.0,1,0,,False,5,0,0.0,0|4|4|0|0,5,a07cd99144bc63df15f30d2ff6e918b6f27309613e28aa57f8bd218b96de978c,a6b764ff30dfad027ca4c8343809538493d7ef9c02f96a467ce81d5f1035ae59,/Users/howen/.codex/worktrees/1aed/PPO_MEC/artifacts/training/crdcm_performance_matrix_v2_20260928/evaluation/episodes/crdcm_full_sa/seed_1401/ample_resource_negative_2.json,704fa934c8a63e54b6d6c5ad5436ed32d077de6842245ef047c4fbb25a7d9478
crdcm_full_sa/seed_1401,crdcm_full_sa,1401,capacity_competition,capacity_competition/window_peachtree_off244_len24_t1163059400_1163061700/j_3,window_peachtree_off244_len24_t1163059400_1163061700,j_3,True,1.0,0.0,completed,9,9,0,0,0,0,True,12.88888888888889,116.0,0.18,20.0,1,0,801.0,True,9,0,0.0,0|0|0|4|0|0|0|0|0,9,4a941a95fbc05b864c50a7ac94f014e02de4b2972efa1aebd94e89c858fd8776,9567f55aa686234e34893a0f9ff388d82826ea1fa7fa13ca8798b6a5d2f98cff,/Users/howen/.codex/worktrees/1aed/PPO_MEC/artifacts/training/crdcm_performance_matrix_v2_20260928/evaluation/episodes/crdcm_full_sa/seed_1401/capacity_competition_0.json,f455d772cfa81319670880ed18f11a0a154ed1e5fe2274311a6895bb623f616b
crdcm_full_sa/seed_1401,crdcm_full_sa,1401,capacity_competition,capacity_competition/window_peachtree_off298_len24_t1163064800_1163067100/j_8,window_peachtree_off298_len24_t1163064800_1163067100,j_8,True,1.0,0.0,completed,17,17,0,0,0,0,True,2.823529411764706,48.0,0.0,0.0,0,0,1601.0,True,17,0,0.0,0|0|0|0|0|0|0|0|0|0|0|0|0|0|0|0|0,17,86f23c70988f110d0f5749b8a6039c71807127fd84bc421f3cc1290be73862ab,c001df1f84dfdbbc9870d60d5ade205d97005c70e33897cdb7b3ef6956746d90,/Users/howen/.codex/worktrees/1aed/PPO_MEC/artifacts/training/crdcm_performance_matrix_v2_20260928/evaluation/episodes/crdcm_full_sa/seed_1401/capacity_competition_1.json,75f156873642530fb762a9008f45004762d7a4e5ccec86540648ef824844cfa1
crdcm_full_sa/seed_1401,crdcm_full_sa,1401,capacity_competition,capacity_competition/window_peachtree_off1578_len24_t1163637300_1163639600/j_15,window_peachtree_off1578_len24_t1163637300_1163639600,j_15,True,1.0,0.0,completed,5,5,0,0,0,0,True,27.2,116.0,0.18,40.0,1,0,401.0,True,5,0,0.0,0|4|4|0|0,5,46b3f989b924cdbcbbb3d823fa0645f0e8c5e35e9d6edb44d3284acc124f27f4,0fe7a7e396cacc41609fd855d116a3aa7cf3416b4e63e848bacd1e7bec62708a,/Users/howen/.codex/worktrees/1aed/PPO_MEC/artifacts/training/crdcm_performance_matrix_v2_20260928/evaluation/episodes/crdcm_full_sa/seed_1401/capacity_competition_2.json,4b8e3077499ac2a14257d69e0dea8efc764a462dc7664cf595046e0225056e17
crdcm_full_sa/seed_1401,crdcm_full_sa,1401,low_reuse_no_migration_negative,low_reuse_no_migration_negative/window_peachtree_off244_len24_t1163059400_1163061700/j_3,window_peachtree_off244_len24_t1163059400_1163061700,j_3,False,0.8888888888888888,1.0,handoff_unprepared,9,8,1,0,1,0,True,52.666666666666664,474.0,1.0,0.0,0,1,,False,9,0,0.0,0|0|0|4|0|0|0|0|0,9,614caa155c6b0ead19ea954f3b0779e90eaba4704d91a7c2add1b6c3a0ca5d3a,0f22f9c13f86355e163ac8f84271de5f17c21e0121334e2ddb3b5ed2534d2156,/Users/howen/.codex/worktrees/1aed/PPO_MEC/artifacts/training/crdcm_performance_matrix_v2_20260928/evaluation/episodes/crdcm_full_sa/seed_1401/low_reuse_no_migration_negative_0.json,99334329cd4b39f4afe00b80ce54814e7e1d8462284514b205afedbeafa1b614
crdcm_full_sa/seed_1401,crdcm_full_sa,1401,low_reuse_no_migration_negative,low_reuse_no_migration_negative/window_peachtree_off298_len24_t1163064800_1163067100/j_8,window_peachtree_off298_len24_t1163064800_1163067100,j_8,True,1.0,0.0,completed,17,17,0,0,0,0,True,58.0,986.0,0.0,0.0,0,0,1601.0,True,17,0,0.0,0|0|0|0|0|0|0|0|0|0|0|0|0|0|0|0|0,17,6685a67159a8cffb629c6ff3da0b3ab814d7f6b179ee689341f6c00156e064b7,35b8a89556ff4dc75797e26f8a053bb0991fe91cc9a372546961fd2d849b1ee7,/Users/howen/.codex/worktrees/1aed/PPO_MEC/artifacts/training/crdcm_performance_matrix_v2_20260928/evaluation/episodes/crdcm_full_sa/seed_1401/low_reuse_no_migration_negative_1.json,a9b240af7b8b76160864f7299b272ee49ff414756de002f2fc69871878a5c99e
crdcm_full_sa/seed_1401,crdcm_full_sa,1401,low_reuse_no_migration_negative,low_reuse_no_migration_negative/window_peachtree_off1578_len24_t1163637300_1163639600/j_15,window_peachtree_off1578_len24_t1163637300_1163639600,j_15,False,0.6,1.0,handoff_unprepared,5,3,2,1,1,0,True,52.4,262.0,1.0,0.0,0,2,,False,5,0,0.0,0|4|4|0|0,5,1535789dc57e1e6601a855b5cb43e7fffe7e13c3da101577fcd18c59ed7ac938,4ab2ec81ff82839f6a33e24706225aafef9a84ad8a3da29f34f1c865e6110d02,/Users/howen/.codex/worktrees/1aed/PPO_MEC/artifacts/training/crdcm_performance_matrix_v2_20260928/evaluation/episodes/crdcm_full_sa/seed_1401/low_reuse_no_migration_negative_2.json,e5350e4f5cdb6f91b1e0ac76baf6ceaa289e443b1c9cd058033c743f74b3d75f
crdcm_full_sa/seed_1401,crdcm_full_sa,1401,shared_adapter_reuse_prepare,shared_adapter_reuse_prepare/window_peachtree_off244_len24_t1163059400_1163061700/j_3,window_peachtree_off244_len24_t1163059400_1163061700,j_3,True,1.0,0.0,completed,9,9,0,0,0,0,True,12.88888888888889,116.0,0.18,20.0,1,0,801.0,True,9,0,0.0,0|0|0|4|0|0|0|0|0,9,3979b030cf733c9753930a80bd3b9e10fc78e1372a14cee07008001311f2006c,891c45455155cd0fcc550d32175e54610d688b775f1e099649b96d93e9396758,/Users/howen/.codex/worktrees/1aed/PPO_MEC/artifacts/training/crdcm_performance_matrix_v2_20260928/evaluation/episodes/crdcm_full_sa/seed_1401/shared_adapter_reuse_prepare_0.json,d9a2c9fafa56aab5cf169c3f1987d2bdd29d1e12e5abd49e871bfa54b42ad969
crdcm_full_sa/seed_1401,crdcm_full_sa,1401,shared_adapter_reuse_prepare,shared_adapter_reuse_prepare/window_peachtree_off298_len24_t1163064800_1163067100/j_8,window_peachtree_off298_len24_t1163064800_1163067100,j_8,True,1.0,0.0,completed,17,17,0,0,0,0,True,2.823529411764706,48.0,0.0,0.0,0,0,1601.0,True,17,0,0.0,0|0|0|0|0|0|0|0|0|0|0|0|0|0|0|0|0,17,734dfd2ffe51ec5e71510e68d41facfa63bf34cb351a146d90acb75f1e5e0491,995ac207e69da38806c0ffabffcc5544b610a7d28798666664be16d040157c45,/Users/howen/.codex/worktrees/1aed/PPO_MEC/artifacts/training/crdcm_performance_matrix_v2_20260928/evaluation/episodes/crdcm_full_sa/seed_1401/shared_adapter_reuse_prepare_1.json,1b23b0e5b616c7c75ecdb8317ee4da2d625fd4e16418683d962d9874b34df15d
crdcm_full_sa/seed_1401,crdcm_full_sa,1401,shared_adapter_reuse_prepare,shared_adapter_reuse_prepare/window_peachtree_off1578_len24_t1163637300_1163639600/j_15,window_peachtree_off1578_len24_t1163637300_1163639600,j_15,True,1.0,0.0,completed,5,5,0,0,0,0,True,27.2,116.0,0.18,40.0,1,0,401.0,True,5,0,0.0,0|4|4|0|0,5,20d889a0541a65bd0d5f685cefa25792ffa424fe362b1026c56707154266f2be,9eedb205e90f18841190a5dd272408ae8cde8c2d4a345f6a8657edc5db2475d9,/Users/howen/.codex/worktrees/1aed/PPO_MEC/artifacts/training/crdcm_performance_matrix_v2_20260928/evaluation/episodes/crdcm_full_sa/seed_1401/shared_adapter_reuse_prepare_2.json,52c0c37802475917c047063423956145e16a1df28f7d81a4f09e545274bfe2dc
crdcm_full_sa/seed_1402,crdcm_full_sa,1402,ample_resource_negative,ample_resource_negative/window_peachtree_off244_len24_t1163059400_1163061700/j_3,window_peachtree_off244_len24_t1163059400_1163061700,j_3,True,1.0,0.0,completed,9,9,0,0,0,0,True,50.888888888888886,458.0,0.18,20.0,1,0,801.0,True,9,0,0.0,0|0|0|4|0|0|0|0|0,9,a506bc091a8049bae0a39c1e6d18df4b21878f30bebff5acf7d17d0691e04d04,75ad266de6ab43177a03be7761564c9cad81b4521fe48272590ef255b57bb5f5,/Users/howen/.codex/worktrees/1aed/PPO_MEC/artifacts/training/crdcm_performance_matrix_v2_20260928/evaluation/episodes/crdcm_full_sa/seed_1402/ample_resource_negative_0.json,23219aa4453d40b774c51ff91ed2aecd6f3e7e70d81e63f49d341ff65862e23a
crdcm_full_sa/seed_1402,crdcm_full_sa,1402,ample_resource_negative,ample_resource_negative/window_peachtree_off298_len24_t1163064800_1163067100/j_8,window_peachtree_off298_len24_t1163064800_1163067100,j_8,True,1.0,0.0,completed,17,17,0,0,0,0,True,19.176470588235293,326.0,0.0,0.0,0,0,1601.0,True,17,0,0.0,0|0|0|0|0|0|0|0|0|0|0|0|0|0|0|0|0,17,347efc6318bd8c7fce06ddb8b81938b42e53384721c01ca52868ef88cd4cccbe,a8b18125428bf0f715bbbc1e896d5891a7063826b3ded687d1c924f7ad5c9cf0,/Users/howen/.codex/worktrees/1aed/PPO_MEC/artifacts/training/crdcm_performance_matrix_v2_20260928/evaluation/episodes/crdcm_full_sa/seed_1402/ample_resource_negative_1.json,1c4555f60b307e4c7081b69eded03f934f303866d483709115501195757b0cc6
crdcm_full_sa/seed_1402,crdcm_full_sa,1402,ample_resource_negative,ample_resource_negative/window_peachtree_off1578_len24_t1163637300_1163639600/j_15,window_peachtree_off1578_len24_t1163637300_1163639600,j_15,False,0.8,0.0,cache_dependency_miss,5,4,1,1,0,0,True,60.4,282.0,0.18,40.0,1,0,,False,5,0,0.0,0|4|4|0|0,5,a07cd99144bc63df15f30d2ff6e918b6f27309613e28aa57f8bd218b96de978c,a6b764ff30dfad027ca4c8343809538493d7ef9c02f96a467ce81d5f1035ae59,/Users/howen/.codex/worktrees/1aed/PPO_MEC/artifacts/training/crdcm_performance_matrix_v2_20260928/evaluation/episodes/crdcm_full_sa/seed_1402/ample_resource_negative_2.json,b96a14b53da6fb4ef67cacb5a97ee4c4d1a00c34efad20ee47be0f2feb3572a8
crdcm_full_sa/seed_1402,crdcm_full_sa,1402,capacity_competition,capacity_competition/window_peachtree_off244_len24_t1163059400_1163061700/j_3,window_peachtree_off244_len24_t1163059400_1163061700,j_3,True,1.0,0.0,completed,9,9,0,0,0,0,True,12.88888888888889,116.0,0.18,20.0,1,0,801.0,True,9,0,0.0,0|0|0|4|0|0|0|0|0,9,4a941a95fbc05b864c50a7ac94f014e02de4b2972efa1aebd94e89c858fd8776,9567f55aa686234e34893a0f9ff388d82826ea1fa7fa13ca8798b6a5d2f98cff,/Users/howen/.codex/worktrees/1aed/PPO_MEC/artifacts/training/crdcm_performance_matrix_v2_20260928/evaluation/episodes/crdcm_full_sa/seed_1402/capacity_competition_0.json,c5cc3afc044ad9c5130aac1d89430bdc19c81991755b86026594c90bbb4d5153
crdcm_full_sa/seed_1402,crdcm_full_sa,1402,capacity_competition,capacity_competition/window_peachtree_off298_len24_t1163064800_1163067100/j_8,window_peachtree_off298_len24_t1163064800_1163067100,j_8,True,1.0,0.0,completed,17,17,0,0,0,0,True,2.823529411764706,48.0,0.0,0.0,0,0,1601.0,True,17,0,0.0,0|0|0|0|0|0|0|0|0|0|0|0|0|0|0|0|0,17,86f23c70988f110d0f5749b8a6039c71807127fd84bc421f3cc1290be73862ab,c001df1f84dfdbbc9870d60d5ade205d97005c70e33897cdb7b3ef6956746d90,/Users/howen/.codex/worktrees/1aed/PPO_MEC/artifacts/training/crdcm_performance_matrix_v2_20260928/evaluation/episodes/crdcm_full_sa/seed_1402/capacity_competition_1.json,66835f991ee8d6cd1f86a23c4de73a0a465f15f54959aa77f827c357e064020e
crdcm_full_sa/seed_1402,crdcm_full_sa,1402,capacity_competition,capacity_competition/window_peachtree_off1578_len24_t1163637300_1163639600/j_15,window_peachtree_off1578_len24_t1163637300_1163639600,j_15,True,1.0,0.0,completed,5,5,0,0,0,0,True,27.2,116.0,0.18,40.0,1,0,401.0,True,5,0,0.0,0|4|4|0|0,5,46b3f989b924cdbcbbb3d823fa0645f0e8c5e35e9d6edb44d3284acc124f27f4,0fe7a7e396cacc41609fd855d116a3aa7cf3416b4e63e848bacd1e7bec62708a,/Users/howen/.codex/worktrees/1aed/PPO_MEC/artifacts/training/crdcm_performance_matrix_v2_20260928/evaluation/episodes/crdcm_full_sa/seed_1402/capacity_competition_2.json,9a469ec4d0785e5e6b2e1405cf99db81e3ba7361bad4fa4ba4ee2197a7404b11
crdcm_full_sa/seed_1402,crdcm_full_sa,1402,low_reuse_no_migration_negative,low_reuse_no_migration_negative/window_peachtree_off244_len24_t1163059400_1163061700/j_3,window_peachtree_off244_len24_t1163059400_1163061700,j_3,False,0.8888888888888888,1.0,handoff_unprepared,9,8,1,0,1,0,True,52.666666666666664,474.0,1.0,0.0,0,1,,False,9,0,0.0,0|0|0|4|0|0|0|0|0,9,614caa155c6b0ead19ea954f3b0779e90eaba4704d91a7c2add1b6c3a0ca5d3a,0f22f9c13f86355e163ac8f84271de5f17c21e0121334e2ddb3b5ed2534d2156,/Users/howen/.codex/worktrees/1aed/PPO_MEC/artifacts/training/crdcm_performance_matrix_v2_20260928/evaluation/episodes/crdcm_full_sa/seed_1402/low_reuse_no_migration_negative_0.json,da658e6a8c8f9d6c3f1afdf7b3257a8f7516619b6065cfcb0d2e3ad94fb9425e
crdcm_full_sa/seed_1402,crdcm_full_sa,1402,low_reuse_no_migration_negative,low_reuse_no_migration_negative/window_peachtree_off298_len24_t1163064800_1163067100/j_8,window_peachtree_off298_len24_t1163064800_1163067100,j_8,True,1.0,0.0,completed,17,17,0,0,0,0,True,58.0,986.0,0.0,0.0,0,0,1601.0,True,17,0,0.0,0|0|0|0|0|0|0|0|0|0|0|0|0|0|0|0|0,17,6685a67159a8cffb629c6ff3da0b3ab814d7f6b179ee689341f6c00156e064b7,35b8a89556ff4dc75797e26f8a053bb0991fe91cc9a372546961fd2d849b1ee7,/Users/howen/.codex/worktrees/1aed/PPO_MEC/artifacts/training/crdcm_performance_matrix_v2_20260928/evaluation/episodes/crdcm_full_sa/seed_1402/low_reuse_no_migration_negative_1.json,0ed2e1c1a7a4f0d35ff0798f834eddf3d56b67e18181ec0cb7364ef6cbdf2fa4
crdcm_full_sa/seed_1402,crdcm_full_sa,1402,low_reuse_no_migration_negative,low_reuse_no_migration_negative/window_peachtree_off1578_len24_t1163637300_1163639600/j_15,window_peachtree_off1578_len24_t1163637300_1163639600,j_15,False,0.6,1.0,handoff_unprepared,5,3,2,1,1,0,True,52.4,262.0,1.0,0.0,0,2,,False,5,0,0.0,0|4|4|0|0,5,1535789dc57e1e6601a855b5cb43e7fffe7e13c3da101577fcd18c59ed7ac938,4ab2ec81ff82839f6a33e24706225aafef9a84ad8a3da29f34f1c865e6110d02,/Users/howen/.codex/worktrees/1aed/PPO_MEC/artifacts/training/crdcm_performance_matrix_v2_20260928/evaluation/episodes/crdcm_full_sa/seed_1402/low_reuse_no_migration_negative_2.json,a1824e6a354349f8fb5715d589441919fe9332b0daa82313db4f8eb4f7c4c8f7
crdcm_full_sa/seed_1402,crdcm_full_sa,1402,shared_adapter_reuse_prepare,shared_adapter_reuse_prepare/window_peachtree_off244_len24_t1163059400_1163061700/j_3,window_peachtree_off244_len24_t1163059400_1163061700,j_3,True,1.0,0.0,completed,9,9,0,0,0,0,True,12.88888888888889,116.0,0.18,20.0,1,0,801.0,True,9,0,0.0,0|0|0|4|0|0|0|0|0,9,3979b030cf733c9753930a80bd3b9e10fc78e1372a14cee07008001311f2006c,891c45455155cd0fcc550d32175e54610d688b775f1e099649b96d93e9396758,/Users/howen/.codex/worktrees/1aed/PPO_MEC/artifacts/training/crdcm_performance_matrix_v2_20260928/evaluation/episodes/crdcm_full_sa/seed_1402/shared_adapter_reuse_prepare_0.json,3c3ec40ec333bbc84c03cf46a1a329bf3bd1bc8a2742c858730d611b65d6f3bb
crdcm_full_sa/seed_1402,crdcm_full_sa,1402,shared_adapter_reuse_prepare,shared_adapter_reuse_prepare/window_peachtree_off298_len24_t1163064800_1163067100/j_8,window_peachtree_off298_len24_t1163064800_1163067100,j_8,True,1.0,0.0,completed,17,17,0,0,0,0,True,2.823529411764706,48.0,0.0,0.0,0,0,1601.0,True,17,0,0.0,0|0|0|0|0|0|0|0|0|0|0|0|0|0|0|0|0,17,734dfd2ffe51ec5e71510e68d41facfa63bf34cb351a146d90acb75f1e5e0491,995ac207e69da38806c0ffabffcc5544b610a7d28798666664be16d040157c45,/Users/howen/.codex/worktrees/1aed/PPO_MEC/artifacts/training/crdcm_performance_matrix_v2_20260928/evaluation/episodes/crdcm_full_sa/seed_1402/shared_adapter_reuse_prepare_1.json,326b07e7e8fc93b6ed9a8b7841a1865bce69e5d50db0fd6a7b6a5c36a0b0323a
crdcm_full_sa/seed_1402,crdcm_full_sa,1402,shared_adapter_reuse_prepare,shared_adapter_reuse_prepare/window_peachtree_off1578_len24_t1163637300_1163639600/j_15,window_peachtree_off1578_len24_t1163637300_1163639600,j_15,True,1.0,0.0,completed,5,5,0,0,0,0,True,27.2,116.0,0.18,40.0,1,0,401.0,True,5,0,0.0,0|4|4|0|0,5,20d889a0541a65bd0d5f685cefa25792ffa424fe362b1026c56707154266f2be,9eedb205e90f18841190a5dd272408ae8cde8c2d4a345f6a8657edc5db2475d9,/Users/howen/.codex/worktrees/1aed/PPO_MEC/artifacts/training/crdcm_performance_matrix_v2_20260928/evaluation/episodes/crdcm_full_sa/seed_1402/shared_adapter_reuse_prepare_2.json,ea92e91245aa2e83615f154194ac458f91a5dbd672400f63b1f47dba85829cb8
crdcm_full_sa/seed_1403,crdcm_full_sa,1403,ample_resource_negative,ample_resource_negative/window_peachtree_off244_len24_t1163059400_1163061700/j_3,window_peachtree_off244_len24_t1163059400_1163061700,j_3,False,0.3333333333333333,0.0,cache_dependency_miss,9,3,6,6,0,0,True,8.666666666666666,78.0,0.18,20.0,1,0,,False,9,0,0.0,3|3|3|4|3|3|3|3|3,9,a506bc091a8049bae0a39c1e6d18df4b21878f30bebff5acf7d17d0691e04d04,0a88bc0a5fb911f0e493aea8d9955df4124fcd17e52b1da858dc7f1a427f692a,/Users/howen/.codex/worktrees/1aed/PPO_MEC/artifacts/training/crdcm_performance_matrix_v2_20260928/evaluation/episodes/crdcm_full_sa/seed_1403/ample_resource_negative_0.json,9ad0f2e9adbfaa6f58f3da63ba6b591d7d2f677fee3785d64bff35d3f4fc1086
crdcm_full_sa/seed_1403,crdcm_full_sa,1403,ample_resource_negative,ample_resource_negative/window_peachtree_off298_len24_t1163064800_1163067100/j_8,window_peachtree_off298_len24_t1163064800_1163067100,j_8,False,0.17647058823529413,0.0,cache_dependency_miss,17,3,14,14,0,0,True,0.0,0.0,0.0,0.0,0,0,,False,17,0,0.0,3|3|3|3|3|3|3|3|3|3|3|3|3|3|3|3|3,17,347efc6318bd8c7fce06ddb8b81938b42e53384721c01ca52868ef88cd4cccbe,7ec59a0316759092499e0093b70e688f647b681d9958c359fc7fcd0eebd9b967,/Users/howen/.codex/worktrees/1aed/PPO_MEC/artifacts/training/crdcm_performance_matrix_v2_20260928/evaluation/episodes/crdcm_full_sa/seed_1403/ample_resource_negative_1.json,9365d33094d845f2af0dd20fdf7ad3cc4ce32925f9c2a0b86eac304837c5156f
crdcm_full_sa/seed_1403,crdcm_full_sa,1403,ample_resource_negative,ample_resource_negative/window_peachtree_off1578_len24_t1163637300_1163639600/j_15,window_peachtree_off1578_len24_t1163637300_1163639600,j_15,False,0.4,0.0,cache_dependency_miss,5,2,3,3,0,0,True,30.4,132.0,0.18,40.0,1,0,,False,5,0,0.0,3|4|4|3|3,5,a07cd99144bc63df15f30d2ff6e918b6f27309613e28aa57f8bd218b96de978c,c41e635f74b0413548fffa097d9e4df08df5d45f66147cce3cd189fe14608155,/Users/howen/.codex/worktrees/1aed/PPO_MEC/artifacts/training/crdcm_performance_matrix_v2_20260928/evaluation/episodes/crdcm_full_sa/seed_1403/ample_resource_negative_2.json,5d2200dc40cbaea8842c9643e4f3544d30837801553f6e1aaa9ae763e5d5989c
crdcm_full_sa/seed_1403,crdcm_full_sa,1403,capacity_competition,capacity_competition/window_peachtree_off244_len24_t1163059400_1163061700/j_3,window_peachtree_off244_len24_t1163059400_1163061700,j_3,False,0.4444444444444444,0.0,cache_dependency_miss,9,4,5,5,0,0,True,2.2222222222222223,20.0,0.18,20.0,1,0,,False,9,0,0.0,3|3|3|4|3|3|3|3|3,9,4a941a95fbc05b864c50a7ac94f014e02de4b2972efa1aebd94e89c858fd8776,8d0bc1c4699015f047dfd9ece85c16b1933b2fb7d54fc308630f4fd21a75927c,/Users/howen/.codex/worktrees/1aed/PPO_MEC/artifacts/training/crdcm_performance_matrix_v2_20260928/evaluation/episodes/crdcm_full_sa/seed_1403/capacity_competition_0.json,bcb170ebda17d477c54f5d233da673d8107dc6be8305f70964426f0e9205da9d
crdcm_full_sa/seed_1403,crdcm_full_sa,1403,capacity_competition,capacity_competition/window_peachtree_off298_len24_t1163064800_1163067100/j_8,window_peachtree_off298_len24_t1163064800_1163067100,j_8,False,0.47058823529411764,0.0,cache_dependency_miss,17,8,9,9,0,0,True,0.0,0.0,0.0,0.0,0,0,,False,17,0,0.0,3|3|3|3|3|3|3|3|3|3|3|3|3|3|3|3|3,17,86f23c70988f110d0f5749b8a6039c71807127fd84bc421f3cc1290be73862ab,f0568d9f8a1fe2b5724c92a1fc829c96947eeb43ab45b754f3243443e4985bd0,/Users/howen/.codex/worktrees/1aed/PPO_MEC/artifacts/training/crdcm_performance_matrix_v2_20260928/evaluation/episodes/crdcm_full_sa/seed_1403/capacity_competition_1.json,bb56c2337663a4db46a816e18d72cd67c4dc09821c9e44a8f8bd62e7ce906c48
crdcm_full_sa/seed_1403,crdcm_full_sa,1403,capacity_competition,capacity_competition/window_peachtree_off1578_len24_t1163637300_1163639600/j_15,window_peachtree_off1578_len24_t1163637300_1163639600,j_15,False,0.8,0.0,cache_dependency_miss,5,4,1,1,0,0,True,17.6,68.0,0.18,40.0,1,0,,False,5,0,0.0,3|4|4|3|3,5,46b3f989b924cdbcbbb3d823fa0645f0e8c5e35e9d6edb44d3284acc124f27f4,6ff6d6ec2210ed0e2ad75c197228725e30dc850c2b7246c461d318dfe5a8cf99,/Users/howen/.codex/worktrees/1aed/PPO_MEC/artifacts/training/crdcm_performance_matrix_v2_20260928/evaluation/episodes/crdcm_full_sa/seed_1403/capacity_competition_2.json,dec7563d7c5059821384b5a281d9cc6af5923808be602d54ca267b682f8dca35
crdcm_full_sa/seed_1403,crdcm_full_sa,1403,low_reuse_no_migration_negative,low_reuse_no_migration_negative/window_peachtree_off244_len24_t1163059400_1163061700/j_3,window_peachtree_off244_len24_t1163059400_1163061700,j_3,False,0.2222222222222222,1.0,handoff_unprepared,9,2,7,6,1,0,True,6.444444444444445,58.0,1.0,0.0,0,1,,False,9,0,0.0,3|3|3|4|3|3|3|3|3,9,614caa155c6b0ead19ea954f3b0779e90eaba4704d91a7c2add1b6c3a0ca5d3a,7fcdfcdb78f6eb39da1ad3f80917a66c6a81de7176909820712cedc9876a88bb,/Users/howen/.codex/worktrees/1aed/PPO_MEC/artifacts/training/crdcm_performance_matrix_v2_20260928/evaluation/episodes/crdcm_full_sa/seed_1403/low_reuse_no_migration_negative_0.json,1228a376bf6d232baccf6057adf6a2adb4e8495c65b1fc4bbeb9dd50d0114cfe
crdcm_full_sa/seed_1403,crdcm_full_sa,1403,low_reuse_no_migration_negative,low_reuse_no_migration_negative/window_peachtree_off298_len24_t1163064800_1163067100/j_8,window_peachtree_off298_len24_t1163064800_1163067100,j_8,False,0.17647058823529413,0.0,cache_dependency_miss,17,3,14,14,0,0,True,0.0,0.0,0.0,0.0,0,0,,False,17,0,0.0,3|3|3|3|3|3|3|3|3|3|3|3|3|3|3|3|3,17,6685a67159a8cffb629c6ff3da0b3ab814d7f6b179ee689341f6c00156e064b7,1f5a60006706b85e67e341cdc87f7aadca62124e4d24f62d2d251f56c15c3598,/Users/howen/.codex/worktrees/1aed/PPO_MEC/artifacts/training/crdcm_performance_matrix_v2_20260928/evaluation/episodes/crdcm_full_sa/seed_1403/low_reuse_no_migration_negative_1.json,e6b4182bc72006ccb62855cd87ae6a0a39976a0b546b4a9e549c3f6f4badf047
crdcm_full_sa/seed_1403,crdcm_full_sa,1403,low_reuse_no_migration_negative,low_reuse_no_migration_negative/window_peachtree_off1578_len24_t1163637300_1163639600/j_15,window_peachtree_off1578_len24_t1163637300_1163639600,j_15,False,0.2,1.0,handoff_unprepared,5,1,4,3,1,0,True,22.4,112.0,1.0,0.0,0,2,,False,5,0,0.0,3|4|4|3|3,5,1535789dc57e1e6601a855b5cb43e7fffe7e13c3da101577fcd18c59ed7ac938,8e689dccbe67aa47f42e3c1596d7d5cf23d5f1c22104725dfaec22c431dddbb1,/Users/howen/.codex/worktrees/1aed/PPO_MEC/artifacts/training/crdcm_performance_matrix_v2_20260928/evaluation/episodes/crdcm_full_sa/seed_1403/low_reuse_no_migration_negative_2.json,43e5c83f6aeb8641269c25fba6e8f1d32fad4f658a12e19c21a17851b0d2cf4d
crdcm_full_sa/seed_1403,crdcm_full_sa,1403,shared_adapter_reuse_prepare,shared_adapter_reuse_prepare/window_peachtree_off244_len24_t1163059400_1163061700/j_3,window_peachtree_off244_len24_t1163059400_1163061700,j_3,False,0.4444444444444444,0.0,cache_dependency_miss,9,4,5,5,0,0,True,2.2222222222222223,20.0,0.18,20.0,1,0,,False,9,0,0.0,3|3|3|4|3|3|3|3|3,9,3979b030cf733c9753930a80bd3b9e10fc78e1372a14cee07008001311f2006c,9b7e15fb872cb01caf3956cc1725def3290518b209d832061e0d55915c04ac00,/Users/howen/.codex/worktrees/1aed/PPO_MEC/artifacts/training/crdcm_performance_matrix_v2_20260928/evaluation/episodes/crdcm_full_sa/seed_1403/shared_adapter_reuse_prepare_0.json,80d825e7094a38396a0c1e3cee2d1f5e8bcef0c344bc6bc46b573633240e59cd
crdcm_full_sa/seed_1403,crdcm_full_sa,1403,shared_adapter_reuse_prepare,shared_adapter_reuse_prepare/window_peachtree_off298_len24_t1163064800_1163067100/j_8,window_peachtree_off298_len24_t1163064800_1163067100,j_8,False,0.47058823529411764,0.0,cache_dependency_miss,17,8,9,9,0,0,True,0.0,0.0,0.0,0.0,0,0,,False,17,0,0.0,3|3|3|3|3|3|3|3|3|3|3|3|3|3|3|3|3,17,734dfd2ffe51ec5e71510e68d41facfa63bf34cb351a146d90acb75f1e5e0491,0d759d44bae517966a2fb66511417b58922c9199e3f3887dbc7af9e7587232fe,/Users/howen/.codex/worktrees/1aed/PPO_MEC/artifacts/training/crdcm_performance_matrix_v2_20260928/evaluation/episodes/crdcm_full_sa/seed_1403/shared_adapter_reuse_prepare_1.json,18e0ce7a9a303ad3d97290d358697a5c3bc93d6548b16afe3032512c8d0b1306
crdcm_full_sa/seed_1403,crdcm_full_sa,1403,shared_adapter_reuse_prepare,shared_adapter_reuse_prepare/window_peachtree_off1578_len24_t1163637300_1163639600/j_15,window_peachtree_off1578_len24_t1163637300_1163639600,j_15,False,0.8,0.0,cache_dependency_miss,5,4,1,1,0,0,True,17.6,68.0,0.18,40.0,1,0,,False,5,0,0.0,3|4|4|3|3,5,20d889a0541a65bd0d5f685cefa25792ffa424fe362b1026c56707154266f2be,33834471acaba6bf16056e1e9c80fb4bd075cd33f493033e2f68a527d572fe79,/Users/howen/.codex/worktrees/1aed/PPO_MEC/artifacts/training/crdcm_performance_matrix_v2_20260928/evaluation/episodes/crdcm_full_sa/seed_1403/shared_adapter_reuse_prepare_2.json,fdd65bb5a971b2382963edfb7e14e65e7c9453b5907ae1e0916fa49f2a7ef7b2
crdcm_signal_off_sa/seed_1401,crdcm_signal_off_sa,1401,ample_resource_negative,ample_resource_negative/window_peachtree_off244_len24_t1163059400_1163061700/j_3,window_peachtree_off244_len24_t1163059400_1163061700,j_3,False,0.8888888888888888,1.0,handoff_unprepared,9,8,1,0,1,0,True,48.666666666666664,438.0,1.0,0.0,0,0,,False,9,0,0.0,0|0|0|0|0|0|0|0|0,9,a506bc091a8049bae0a39c1e6d18df4b21878f30bebff5acf7d17d0691e04d04,1f2f5d6c352f7ee567071c5cad769d132ec81098f3bad1f54a27855a3ab2baf6,/Users/howen/.codex/worktrees/1aed/PPO_MEC/artifacts/training/crdcm_performance_matrix_v2_20260928/evaluation/episodes/crdcm_signal_off_sa/seed_1401/ample_resource_negative_0.json,47407ca9788436a393fcdfa3f5dd8d9eedfd1132bdc616f73c1d8734076ef921
crdcm_signal_off_sa/seed_1401,crdcm_signal_off_sa,1401,ample_resource_negative,ample_resource_negative/window_peachtree_off298_len24_t1163064800_1163067100/j_8,window_peachtree_off298_len24_t1163064800_1163067100,j_8,True,1.0,0.0,completed,17,17,0,0,0,0,True,19.176470588235293,326.0,0.0,0.0,0,0,1601.0,True,17,0,0.0,0|0|0|0|0|0|0|0|0|0|0|0|0|0|0|0|0,17,347efc6318bd8c7fce06ddb8b81938b42e53384721c01ca52868ef88cd4cccbe,a8b18125428bf0f715bbbc1e896d5891a7063826b3ded687d1c924f7ad5c9cf0,/Users/howen/.codex/worktrees/1aed/PPO_MEC/artifacts/training/crdcm_performance_matrix_v2_20260928/evaluation/episodes/crdcm_signal_off_sa/seed_1401/ample_resource_negative_1.json,cd3417a44f7256fa270e0ecc809ef722a10eaaa08a21b507f18964fe36ac4cf5
crdcm_signal_off_sa/seed_1401,crdcm_signal_off_sa,1401,ample_resource_negative,ample_resource_negative/window_peachtree_off1578_len24_t1163637300_1163639600/j_15,window_peachtree_off1578_len24_t1163637300_1163639600,j_15,False,0.8,1.0,handoff_unprepared,5,4,1,0,1,0,True,52.4,262.0,1.0,0.0,0,0,,False,5,0,0.0,0|0|0|0|0,5,a07cd99144bc63df15f30d2ff6e918b6f27309613e28aa57f8bd218b96de978c,d50af5234af7f9c18643174af3c84e68a47bcb88e1563441debfd705383fa5e5,/Users/howen/.codex/worktrees/1aed/PPO_MEC/artifacts/training/crdcm_performance_matrix_v2_20260928/evaluation/episodes/crdcm_signal_off_sa/seed_1401/ample_resource_negative_2.json,8289a38b31e5bb6412c54da169925c38b6caff5a08d2b05a075723b9d1cb381e
crdcm_signal_off_sa/seed_1401,crdcm_signal_off_sa,1401,capacity_competition,capacity_competition/window_peachtree_off244_len24_t1163059400_1163061700/j_3,window_peachtree_off244_len24_t1163059400_1163061700,j_3,False,0.8888888888888888,1.0,handoff_unprepared,9,8,1,0,1,0,True,10.666666666666666,96.0,1.0,0.0,0,0,,False,9,0,0.0,0|0|0|0|0|0|0|0|0,9,4a941a95fbc05b864c50a7ac94f014e02de4b2972efa1aebd94e89c858fd8776,1d1f877df0f3a25c76619662f3a1f6d461e06952de258242f8d2c84733799b59,/Users/howen/.codex/worktrees/1aed/PPO_MEC/artifacts/training/crdcm_performance_matrix_v2_20260928/evaluation/episodes/crdcm_signal_off_sa/seed_1401/capacity_competition_0.json,c568c05e5cc01c3b2fed702b5938e9eb6f46c2863c4f4f894cfb70a73cd51a00
crdcm_signal_off_sa/seed_1401,crdcm_signal_off_sa,1401,capacity_competition,capacity_competition/window_peachtree_off298_len24_t1163064800_1163067100/j_8,window_peachtree_off298_len24_t1163064800_1163067100,j_8,True,1.0,0.0,completed,17,17,0,0,0,0,True,2.823529411764706,48.0,0.0,0.0,0,0,1601.0,True,17,0,0.0,0|0|0|0|0|0|0|0|0|0|0|0|0|0|0|0|0,17,86f23c70988f110d0f5749b8a6039c71807127fd84bc421f3cc1290be73862ab,c001df1f84dfdbbc9870d60d5ade205d97005c70e33897cdb7b3ef6956746d90,/Users/howen/.codex/worktrees/1aed/PPO_MEC/artifacts/training/crdcm_performance_matrix_v2_20260928/evaluation/episodes/crdcm_signal_off_sa/seed_1401/capacity_competition_1.json,c696f502c873a9e666450e80d13d030a0f6bf445be255c9dc087e06a0b90def4
crdcm_signal_off_sa/seed_1401,crdcm_signal_off_sa,1401,capacity_competition,capacity_competition/window_peachtree_off1578_len24_t1163637300_1163639600/j_15,window_peachtree_off1578_len24_t1163637300_1163639600,j_15,False,0.8,1.0,handoff_unprepared,5,4,1,0,1,0,True,19.2,96.0,1.0,0.0,0,0,,False,5,0,0.0,0|0|0|0|0,5,46b3f989b924cdbcbbb3d823fa0645f0e8c5e35e9d6edb44d3284acc124f27f4,64daa5d3ff6e27f7d81fcf301d374d3a5dede0221d1ed11a3834c2fefc922b1d,/Users/howen/.codex/worktrees/1aed/PPO_MEC/artifacts/training/crdcm_performance_matrix_v2_20260928/evaluation/episodes/crdcm_signal_off_sa/seed_1401/capacity_competition_2.json,da923b3270442dfcbcc13dfbe7c1c69e8d1658b738a54e371b27bb83240f52af
crdcm_signal_off_sa/seed_1401,crdcm_signal_off_sa,1401,low_reuse_no_migration_negative,low_reuse_no_migration_negative/window_peachtree_off244_len24_t1163059400_1163061700/j_3,window_peachtree_off244_len24_t1163059400_1163061700,j_3,False,0.8888888888888888,1.0,handoff_unprepared,9,8,1,0,1,0,True,52.666666666666664,474.0,1.0,0.0,0,0,,False,9,0,0.0,0|0|0|0|0|0|0|0|0,9,614caa155c6b0ead19ea954f3b0779e90eaba4704d91a7c2add1b6c3a0ca5d3a,f17b6f3f1e16b25b288922932ec8a1eb25183db47441571a8728a951c0716b03,/Users/howen/.codex/worktrees/1aed/PPO_MEC/artifacts/training/crdcm_performance_matrix_v2_20260928/evaluation/episodes/crdcm_signal_off_sa/seed_1401/low_reuse_no_migration_negative_0.json,1c445a6775f5d17e4556639ad691bd8359489bfa44a59b81de1893df586bc920
crdcm_signal_off_sa/seed_1401,crdcm_signal_off_sa,1401,low_reuse_no_migration_negative,low_reuse_no_migration_negative/window_peachtree_off298_len24_t1163064800_1163067100/j_8,window_peachtree_off298_len24_t1163064800_1163067100,j_8,True,1.0,0.0,completed,17,17,0,0,0,0,True,58.0,986.0,0.0,0.0,0,0,1601.0,True,17,0,0.0,0|0|0|0|0|0|0|0|0|0|0|0|0|0|0|0|0,17,6685a67159a8cffb629c6ff3da0b3ab814d7f6b179ee689341f6c00156e064b7,35b8a89556ff4dc75797e26f8a053bb0991fe91cc9a372546961fd2d849b1ee7,/Users/howen/.codex/worktrees/1aed/PPO_MEC/artifacts/training/crdcm_performance_matrix_v2_20260928/evaluation/episodes/crdcm_signal_off_sa/seed_1401/low_reuse_no_migration_negative_1.json,5311da2b9560001ed341c2d765272bcc1d55e26833e81f68bdc147c1d8553045
crdcm_signal_off_sa/seed_1401,crdcm_signal_off_sa,1401,low_reuse_no_migration_negative,low_reuse_no_migration_negative/window_peachtree_off1578_len24_t1163637300_1163639600/j_15,window_peachtree_off1578_len24_t1163637300_1163639600,j_15,False,0.8,1.0,handoff_unprepared,5,4,1,0,1,0,True,52.4,262.0,1.0,0.0,0,0,,False,5,0,0.0,0|0|0|0|0,5,1535789dc57e1e6601a855b5cb43e7fffe7e13c3da101577fcd18c59ed7ac938,3a9eb5f4c3dc3c792f3d3d60fc9afc9f4798a3cb557ce4d2172d959271c1ac54,/Users/howen/.codex/worktrees/1aed/PPO_MEC/artifacts/training/crdcm_performance_matrix_v2_20260928/evaluation/episodes/crdcm_signal_off_sa/seed_1401/low_reuse_no_migration_negative_2.json,9ee24adbd262416e9b5a5693586591ce7b99a03ef2c08085d7a136f63079ff09
crdcm_signal_off_sa/seed_1401,crdcm_signal_off_sa,1401,shared_adapter_reuse_prepare,shared_adapter_reuse_prepare/window_peachtree_off244_len24_t1163059400_1163061700/j_3,window_peachtree_off244_len24_t1163059400_1163061700,j_3,False,0.8888888888888888,1.0,handoff_unprepared,9,8,1,0,1,0,True,10.666666666666666,96.0,1.0,0.0,0,0,,False,9,0,0.0,0|0|0|0|0|0|0|0|0,9,3979b030cf733c9753930a80bd3b9e10fc78e1372a14cee07008001311f2006c,fb1f01033bc19a877467e1442f15ba5a5d609126cce9e4da45b0edf919bc4035,/Users/howen/.codex/worktrees/1aed/PPO_MEC/artifacts/training/crdcm_performance_matrix_v2_20260928/evaluation/episodes/crdcm_signal_off_sa/seed_1401/shared_adapter_reuse_prepare_0.json,befc2fb670f76a816ec58674b395c80fd9a7e64a2bf1f500ef01977fc619fb40
crdcm_signal_off_sa/seed_1401,crdcm_signal_off_sa,1401,shared_adapter_reuse_prepare,shared_adapter_reuse_prepare/window_peachtree_off298_len24_t1163064800_1163067100/j_8,window_peachtree_off298_len24_t1163064800_1163067100,j_8,True,1.0,0.0,completed,17,17,0,0,0,0,True,2.823529411764706,48.0,0.0,0.0,0,0,1601.0,True,17,0,0.0,0|0|0|0|0|0|0|0|0|0|0|0|0|0|0|0|0,17,734dfd2ffe51ec5e71510e68d41facfa63bf34cb351a146d90acb75f1e5e0491,995ac207e69da38806c0ffabffcc5544b610a7d28798666664be16d040157c45,/Users/howen/.codex/worktrees/1aed/PPO_MEC/artifacts/training/crdcm_performance_matrix_v2_20260928/evaluation/episodes/crdcm_signal_off_sa/seed_1401/shared_adapter_reuse_prepare_1.json,e3c01e59a1d88cfd15e57c0071ac1e131154d781248d26ef2d1cdbea0577524c
crdcm_signal_off_sa/seed_1401,crdcm_signal_off_sa,1401,shared_adapter_reuse_prepare,shared_adapter_reuse_prepare/window_peachtree_off1578_len24_t1163637300_1163639600/j_15,window_peachtree_off1578_len24_t1163637300_1163639600,j_15,False,0.8,1.0,handoff_unprepared,5,4,1,0,1,0,True,19.2,96.0,1.0,0.0,0,0,,False,5,0,0.0,0|0|0|0|0,5,20d889a0541a65bd0d5f685cefa25792ffa424fe362b1026c56707154266f2be,5f3cf03df3fadf232483e5f3d934e61b480d2ec8ce301d37fe085eac194ca51d,/Users/howen/.codex/worktrees/1aed/PPO_MEC/artifacts/training/crdcm_performance_matrix_v2_20260928/evaluation/episodes/crdcm_signal_off_sa/seed_1401/shared_adapter_reuse_prepare_2.json,7f6c075a766932c602ebfc85f6b796f1b199f57e356b95eaf020dba429a4d5eb
crdcm_signal_off_sa/seed_1402,crdcm_signal_off_sa,1402,ample_resource_negative,ample_resource_negative/window_peachtree_off244_len24_t1163059400_1163061700/j_3,window_peachtree_off244_len24_t1163059400_1163061700,j_3,True,1.0,0.0,completed,9,9,0,0,0,0,True,50.888888888888886,458.0,0.18,20.0,1,0,801.0,True,9,0,0.0,3|0|0|4|0|0|0|0|0,9,a506bc091a8049bae0a39c1e6d18df4b21878f30bebff5acf7d17d0691e04d04,145d1746e0ccb27b5f5f0f285e9ffcb5fbdc0c62fb106f0594c5bf6adfb3d8a4,/Users/howen/.codex/worktrees/1aed/PPO_MEC/artifacts/training/crdcm_performance_matrix_v2_20260928/evaluation/episodes/crdcm_signal_off_sa/seed_1402/ample_resource_negative_0.json,35685c86135ec58202bd67b289936964b211ff3161410795d5521fbaa976b38c
crdcm_signal_off_sa/seed_1402,crdcm_signal_off_sa,1402,ample_resource_negative,ample_resource_negative/window_peachtree_off298_len24_t1163064800_1163067100/j_8,window_peachtree_off298_len24_t1163064800_1163067100,j_8,False,0.7647058823529411,0.0,cache_dependency_miss,17,13,4,4,0,0,True,19.176470588235293,326.0,0.0,0.0,0,0,,False,17,0,0.0,3|3|3|3|3|0|3|0|0|0|0|3|3|3|3|3|0,17,347efc6318bd8c7fce06ddb8b81938b42e53384721c01ca52868ef88cd4cccbe,7d07ddcf074f2430154f600c7976ce50c7ab27d186fce5e633f5f9a6b31e91fc,/Users/howen/.codex/worktrees/1aed/PPO_MEC/artifacts/training/crdcm_performance_matrix_v2_20260928/evaluation/episodes/crdcm_signal_off_sa/seed_1402/ample_resource_negative_1.json,67a94d3a6340e59a466baff8746929a08fcf202613db57022538d711fe411de4
crdcm_signal_off_sa/seed_1402,crdcm_signal_off_sa,1402,ample_resource_negative,ample_resource_negative/window_peachtree_off1578_len24_t1163637300_1163639600/j_15,window_peachtree_off1578_len24_t1163637300_1163639600,j_15,False,0.8,0.0,cache_dependency_miss,5,4,1,1,0,0,True,60.4,282.0,0.18,40.0,1,0,,False,5,0,0.0,3|4|4|0|0,5,a07cd99144bc63df15f30d2ff6e918b6f27309613e28aa57f8bd218b96de978c,cc00075097bae4c17d35322b78aa0e147099d37b6c81189d8a373557db395d46,/Users/howen/.codex/worktrees/1aed/PPO_MEC/artifacts/training/crdcm_performance_matrix_v2_20260928/evaluation/episodes/crdcm_signal_off_sa/seed_1402/ample_resource_negative_2.json,3d1053a68a270e6a108cf8eb49be69bd4e1e16566d1141d9f3a04591fb70432c
crdcm_signal_off_sa/seed_1402,crdcm_signal_off_sa,1402,capacity_competition,capacity_competition/window_peachtree_off244_len24_t1163059400_1163061700/j_3,window_peachtree_off244_len24_t1163059400_1163061700,j_3,False,0.5555555555555556,0.0,cache_dependency_miss,9,5,4,4,0,0,True,7.555555555555555,68.0,0.18,20.0,1,0,,False,9,0,0.0,3|3|3|4|3|3|3|0|0,9,4a941a95fbc05b864c50a7ac94f014e02de4b2972efa1aebd94e89c858fd8776,7e8cdd3753f547e95a9d48826adca92de210502a773b083db4fbb1a74969d9de,/Users/howen/.codex/worktrees/1aed/PPO_MEC/artifacts/training/crdcm_performance_matrix_v2_20260928/evaluation/episodes/crdcm_signal_off_sa/seed_1402/capacity_competition_0.json,c67dfc2079d4c0995d1c2130820407082c233b400652d3921cdecb510c84340d
crdcm_signal_off_sa/seed_1402,crdcm_signal_off_sa,1402,capacity_competition,capacity_competition/window_peachtree_off298_len24_t1163064800_1163067100/j_8,window_peachtree_off298_len24_t1163064800_1163067100,j_8,False,0.47058823529411764,0.0,cache_dependency_miss,17,8,9,9,0,0,True,0.0,0.0,0.0,0.0,0,0,,False,17,0,0.0,3|3|3|3|3|3|3|3|3|3|3|3|3|3|3|0|3,17,86f23c70988f110d0f5749b8a6039c71807127fd84bc421f3cc1290be73862ab,fde9fb31a7c5065e81b462d76c16c75f382980c93409dc6a294a17f8d41b346c,/Users/howen/.codex/worktrees/1aed/PPO_MEC/artifacts/training/crdcm_performance_matrix_v2_20260928/evaluation/episodes/crdcm_signal_off_sa/seed_1402/capacity_competition_1.json,216eb30341d21024f364353936bc305ee90977b76176cfa5eb403b0ac3daff44
crdcm_signal_off_sa/seed_1402,crdcm_signal_off_sa,1402,capacity_competition,capacity_competition/window_peachtree_off1578_len24_t1163637300_1163639600/j_15,window_peachtree_off1578_len24_t1163637300_1163639600,j_15,False,0.8,0.0,cache_dependency_miss,5,4,1,1,0,0,True,17.6,68.0,0.18,40.0,1,0,,False,5,0,0.0,3|4|4|3|0,5,46b3f989b924cdbcbbb3d823fa0645f0e8c5e35e9d6edb44d3284acc124f27f4,e6a617fe91f92d7a647f4972840126741cfc8ca6779822fffc44f9a2279a0b47,/Users/howen/.codex/worktrees/1aed/PPO_MEC/artifacts/training/crdcm_performance_matrix_v2_20260928/evaluation/episodes/crdcm_signal_off_sa/seed_1402/capacity_competition_2.json,0219fdc5e3fa95ad233cd2671399dbeb6ca62ef50310d75422b9220950e4d0d6
crdcm_signal_off_sa/seed_1402,crdcm_signal_off_sa,1402,low_reuse_no_migration_negative,low_reuse_no_migration_negative/window_peachtree_off244_len24_t1163059400_1163061700/j_3,window_peachtree_off244_len24_t1163059400_1163061700,j_3,False,0.8888888888888888,1.0,handoff_unprepared,9,8,1,0,1,0,True,52.666666666666664,474.0,1.0,0.0,0,1,,False,9,0,0.0,3|0|0|4|0|0|0|0|0,9,614caa155c6b0ead19ea954f3b0779e90eaba4704d91a7c2add1b6c3a0ca5d3a,3c769f7e95d407956eaef19e2945a025800b64a14b9fb6bca9a22a159e5c83ac,/Users/howen/.codex/worktrees/1aed/PPO_MEC/artifacts/training/crdcm_performance_matrix_v2_20260928/evaluation/episodes/crdcm_signal_off_sa/seed_1402/low_reuse_no_migration_negative_0.json,e1bf4f8806ad3f43b9903c752bc7c323ba8b0c1c243139568c01e0ec05563a43
crdcm_signal_off_sa/seed_1402,crdcm_signal_off_sa,1402,low_reuse_no_migration_negative,low_reuse_no_migration_negative/window_peachtree_off298_len24_t1163064800_1163067100/j_8,window_peachtree_off298_len24_t1163064800_1163067100,j_8,False,0.7058823529411765,0.0,cache_dependency_miss,17,12,5,5,0,0,True,37.64705882352941,640.0,0.0,0.0,0,0,,False,17,0,0.0,3|3|3|3|3|0|3|0|0|0|0|0|0|3|0|0|0,17,6685a67159a8cffb629c6ff3da0b3ab814d7f6b179ee689341f6c00156e064b7,ffe63d7f7bbe6f7155c8a5f327710d057ee1a66cf4df5877dc62dd0eddc758a1,/Users/howen/.codex/worktrees/1aed/PPO_MEC/artifacts/training/crdcm_performance_matrix_v2_20260928/evaluation/episodes/crdcm_signal_off_sa/seed_1402/low_reuse_no_migration_negative_1.json,7fee6a8ea182b86b3a9ef4fe401a6710c55c34e8b667e246b16db012a51e26de
crdcm_signal_off_sa/seed_1402,crdcm_signal_off_sa,1402,low_reuse_no_migration_negative,low_reuse_no_migration_negative/window_peachtree_off1578_len24_t1163637300_1163639600/j_15,window_peachtree_off1578_len24_t1163637300_1163639600,j_15,False,0.6,1.0,handoff_unprepared,5,3,2,1,1,0,True,52.4,262.0,1.0,0.0,0,2,,False,5,0,0.0,3|4|4|0|0,5,1535789dc57e1e6601a855b5cb43e7fffe7e13c3da101577fcd18c59ed7ac938,798fcb7c813e60d5da01907226b2595427401710ff2346ec365255940015ecb5,/Users/howen/.codex/worktrees/1aed/PPO_MEC/artifacts/training/crdcm_performance_matrix_v2_20260928/evaluation/episodes/crdcm_signal_off_sa/seed_1402/low_reuse_no_migration_negative_2.json,a3ea8e8f3d167f1dd1a27a10348d4fa28c22da8e333d3c4cbda4eaedbb4b2aba
crdcm_signal_off_sa/seed_1402,crdcm_signal_off_sa,1402,shared_adapter_reuse_prepare,shared_adapter_reuse_prepare/window_peachtree_off244_len24_t1163059400_1163061700/j_3,window_peachtree_off244_len24_t1163059400_1163061700,j_3,False,0.5555555555555556,0.0,cache_dependency_miss,9,5,4,4,0,0,True,7.555555555555555,68.0,0.18,20.0,1,0,,False,9,0,0.0,3|3|3|4|3|3|3|0|0,9,3979b030cf733c9753930a80bd3b9e10fc78e1372a14cee07008001311f2006c,47593559b03362395cb7d12919204c2dd9ed57acc33dd90825905e810e0aea80,/Users/howen/.codex/worktrees/1aed/PPO_MEC/artifacts/training/crdcm_performance_matrix_v2_20260928/evaluation/episodes/crdcm_signal_off_sa/seed_1402/shared_adapter_reuse_prepare_0.json,fbadd60bbb957606e9fc9352e842db51638c3e779b6c2efb309903afd1c00794
crdcm_signal_off_sa/seed_1402,crdcm_signal_off_sa,1402,shared_adapter_reuse_prepare,shared_adapter_reuse_prepare/window_peachtree_off298_len24_t1163064800_1163067100/j_8,window_peachtree_off298_len24_t1163064800_1163067100,j_8,False,0.47058823529411764,0.0,cache_dependency_miss,17,8,9,9,0,0,True,0.0,0.0,0.0,0.0,0,0,,False,17,0,0.0,3|3|3|3|3|3|3|3|3|3|3|3|3|3|3|0|3,17,734dfd2ffe51ec5e71510e68d41facfa63bf34cb351a146d90acb75f1e5e0491,294a5182b6b03a55f5ce9ac41623dedc94e2b9920a59b006bd54185d83ed864f,/Users/howen/.codex/worktrees/1aed/PPO_MEC/artifacts/training/crdcm_performance_matrix_v2_20260928/evaluation/episodes/crdcm_signal_off_sa/seed_1402/shared_adapter_reuse_prepare_1.json,58cab469313b9203fe82fde94a891597dcd900c1ac69e29aace6712d8ff07a7b
crdcm_signal_off_sa/seed_1402,crdcm_signal_off_sa,1402,shared_adapter_reuse_prepare,shared_adapter_reuse_prepare/window_peachtree_off1578_len24_t1163637300_1163639600/j_15,window_peachtree_off1578_len24_t1163637300_1163639600,j_15,False,0.8,0.0,cache_dependency_miss,5,4,1,1,0,0,True,17.6,68.0,0.18,40.0,1,0,,False,5,0,0.0,3|4|4|3|0,5,20d889a0541a65bd0d5f685cefa25792ffa424fe362b1026c56707154266f2be,9fbc9536c795692ed36bb9c635331f15de5e0496cb9ab903faba3db978c575cd,/Users/howen/.codex/worktrees/1aed/PPO_MEC/artifacts/training/crdcm_performance_matrix_v2_20260928/evaluation/episodes/crdcm_signal_off_sa/seed_1402/shared_adapter_reuse_prepare_2.json,6d64c725756a22c4ee4d70bc19090872986528ce77877bb5fec0f39d497cda1c
crdcm_signal_off_sa/seed_1403,crdcm_signal_off_sa,1403,ample_resource_negative,ample_resource_negative/window_peachtree_off244_len24_t1163059400_1163061700/j_3,window_peachtree_off244_len24_t1163059400_1163061700,j_3,True,1.0,0.0,completed,9,9,0,0,0,0,True,50.888888888888886,458.0,0.18,20.0,1,0,801.0,True,9,0,0.0,0|0|0|4|0|0|0|0|0,9,a506bc091a8049bae0a39c1e6d18df4b21878f30bebff5acf7d17d0691e04d04,75ad266de6ab43177a03be7761564c9cad81b4521fe48272590ef255b57bb5f5,/Users/howen/.codex/worktrees/1aed/PPO_MEC/artifacts/training/crdcm_performance_matrix_v2_20260928/evaluation/episodes/crdcm_signal_off_sa/seed_1403/ample_resource_negative_0.json,470d13e465fae3ba63488c5747c02856f615cae70d0aa8fa14823e379963642a
crdcm_signal_off_sa/seed_1403,crdcm_signal_off_sa,1403,ample_resource_negative,ample_resource_negative/window_peachtree_off298_len24_t1163064800_1163067100/j_8,window_peachtree_off298_len24_t1163064800_1163067100,j_8,True,1.0,0.0,completed,17,17,0,0,0,0,True,19.176470588235293,326.0,0.0,0.0,0,0,1601.0,True,17,0,0.0,0|0|0|0|0|0|0|0|0|0|0|0|0|0|0|0|0,17,347efc6318bd8c7fce06ddb8b81938b42e53384721c01ca52868ef88cd4cccbe,a8b18125428bf0f715bbbc1e896d5891a7063826b3ded687d1c924f7ad5c9cf0,/Users/howen/.codex/worktrees/1aed/PPO_MEC/artifacts/training/crdcm_performance_matrix_v2_20260928/evaluation/episodes/crdcm_signal_off_sa/seed_1403/ample_resource_negative_1.json,915ef7e45d9189c9f4dc9e2b5709c928930ef9d876bd134cae513f551b850bea
crdcm_signal_off_sa/seed_1403,crdcm_signal_off_sa,1403,ample_resource_negative,ample_resource_negative/window_peachtree_off1578_len24_t1163637300_1163639600/j_15,window_peachtree_off1578_len24_t1163637300_1163639600,j_15,False,0.8,0.0,cache_dependency_miss,5,4,1,1,0,0,True,60.4,282.0,0.18,40.0,1,0,,False,5,0,0.0,0|4|4|0|0,5,a07cd99144bc63df15f30d2ff6e918b6f27309613e28aa57f8bd218b96de978c,a6b764ff30dfad027ca4c8343809538493d7ef9c02f96a467ce81d5f1035ae59,/Users/howen/.codex/worktrees/1aed/PPO_MEC/artifacts/training/crdcm_performance_matrix_v2_20260928/evaluation/episodes/crdcm_signal_off_sa/seed_1403/ample_resource_negative_2.json,8b505bc9badb103d68cdd609e6b7f67041e24e1bd0098cc63acaa97c87d8e881
crdcm_signal_off_sa/seed_1403,crdcm_signal_off_sa,1403,capacity_competition,capacity_competition/window_peachtree_off244_len24_t1163059400_1163061700/j_3,window_peachtree_off244_len24_t1163059400_1163061700,j_3,True,1.0,0.0,completed,9,9,0,0,0,0,True,12.88888888888889,116.0,0.18,20.0,1,0,801.0,True,9,0,0.0,0|0|0|4|0|0|0|0|0,9,4a941a95fbc05b864c50a7ac94f014e02de4b2972efa1aebd94e89c858fd8776,9567f55aa686234e34893a0f9ff388d82826ea1fa7fa13ca8798b6a5d2f98cff,/Users/howen/.codex/worktrees/1aed/PPO_MEC/artifacts/training/crdcm_performance_matrix_v2_20260928/evaluation/episodes/crdcm_signal_off_sa/seed_1403/capacity_competition_0.json,97bdac019e637fe249229b5fb9bbee84c06cc052d79d8e4b29c2c00fb4990d8a
crdcm_signal_off_sa/seed_1403,crdcm_signal_off_sa,1403,capacity_competition,capacity_competition/window_peachtree_off298_len24_t1163064800_1163067100/j_8,window_peachtree_off298_len24_t1163064800_1163067100,j_8,True,1.0,0.0,completed,17,17,0,0,0,0,True,2.823529411764706,48.0,0.0,0.0,0,0,1601.0,True,17,0,0.0,0|0|0|0|0|0|0|0|0|0|0|0|0|0|0|0|0,17,86f23c70988f110d0f5749b8a6039c71807127fd84bc421f3cc1290be73862ab,c001df1f84dfdbbc9870d60d5ade205d97005c70e33897cdb7b3ef6956746d90,/Users/howen/.codex/worktrees/1aed/PPO_MEC/artifacts/training/crdcm_performance_matrix_v2_20260928/evaluation/episodes/crdcm_signal_off_sa/seed_1403/capacity_competition_1.json,5cf4ed2463fec916ed374c52a3dd187887b8b88c0bc3fdb7176f8e19fc66b205
crdcm_signal_off_sa/seed_1403,crdcm_signal_off_sa,1403,capacity_competition,capacity_competition/window_peachtree_off1578_len24_t1163637300_1163639600/j_15,window_peachtree_off1578_len24_t1163637300_1163639600,j_15,True,1.0,0.0,completed,5,5,0,0,0,0,True,27.2,116.0,0.18,40.0,1,0,401.0,True,5,0,0.0,0|4|4|0|0,5,46b3f989b924cdbcbbb3d823fa0645f0e8c5e35e9d6edb44d3284acc124f27f4,0fe7a7e396cacc41609fd855d116a3aa7cf3416b4e63e848bacd1e7bec62708a,/Users/howen/.codex/worktrees/1aed/PPO_MEC/artifacts/training/crdcm_performance_matrix_v2_20260928/evaluation/episodes/crdcm_signal_off_sa/seed_1403/capacity_competition_2.json,d57af3ccee4870f579a3ca33cbf2cd9593b33bcb4de578b53dbb0454148b6f9f
crdcm_signal_off_sa/seed_1403,crdcm_signal_off_sa,1403,low_reuse_no_migration_negative,low_reuse_no_migration_negative/window_peachtree_off244_len24_t1163059400_1163061700/j_3,window_peachtree_off244_len24_t1163059400_1163061700,j_3,False,0.8888888888888888,1.0,handoff_unprepared,9,8,1,0,1,0,True,52.666666666666664,474.0,1.0,0.0,0,1,,False,9,0,0.0,0|0|0|4|0|0|0|0|0,9,614caa155c6b0ead19ea954f3b0779e90eaba4704d91a7c2add1b6c3a0ca5d3a,0f22f9c13f86355e163ac8f84271de5f17c21e0121334e2ddb3b5ed2534d2156,/Users/howen/.codex/worktrees/1aed/PPO_MEC/artifacts/training/crdcm_performance_matrix_v2_20260928/evaluation/episodes/crdcm_signal_off_sa/seed_1403/low_reuse_no_migration_negative_0.json,8a6da22bb4d9b5ec6bca149641582d2f9add68a66effc2ac364350099a04a03b
crdcm_signal_off_sa/seed_1403,crdcm_signal_off_sa,1403,low_reuse_no_migration_negative,low_reuse_no_migration_negative/window_peachtree_off298_len24_t1163064800_1163067100/j_8,window_peachtree_off298_len24_t1163064800_1163067100,j_8,True,1.0,0.0,completed,17,17,0,0,0,0,True,58.0,986.0,0.0,0.0,0,0,1601.0,True,17,0,0.0,0|0|0|0|0|0|0|0|0|0|0|0|0|0|0|0|0,17,6685a67159a8cffb629c6ff3da0b3ab814d7f6b179ee689341f6c00156e064b7,35b8a89556ff4dc75797e26f8a053bb0991fe91cc9a372546961fd2d849b1ee7,/Users/howen/.codex/worktrees/1aed/PPO_MEC/artifacts/training/crdcm_performance_matrix_v2_20260928/evaluation/episodes/crdcm_signal_off_sa/seed_1403/low_reuse_no_migration_negative_1.json,622102e15257804471ce4af6e8ecec8e68703bfebbfe4f692dcc1e2462089702
crdcm_signal_off_sa/seed_1403,crdcm_signal_off_sa,1403,low_reuse_no_migration_negative,low_reuse_no_migration_negative/window_peachtree_off1578_len24_t1163637300_1163639600/j_15,window_peachtree_off1578_len24_t1163637300_1163639600,j_15,False,0.6,1.0,handoff_unprepared,5,3,2,1,1,0,True,52.4,262.0,1.0,0.0,0,2,,False,5,0,0.0,0|4|4|0|0,5,1535789dc57e1e6601a855b5cb43e7fffe7e13c3da101577fcd18c59ed7ac938,4ab2ec81ff82839f6a33e24706225aafef9a84ad8a3da29f34f1c865e6110d02,/Users/howen/.codex/worktrees/1aed/PPO_MEC/artifacts/training/crdcm_performance_matrix_v2_20260928/evaluation/episodes/crdcm_signal_off_sa/seed_1403/low_reuse_no_migration_negative_2.json,548c11f50b177283305bde9c809eb403344b734347a41df499ea441c10888d52
crdcm_signal_off_sa/seed_1403,crdcm_signal_off_sa,1403,shared_adapter_reuse_prepare,shared_adapter_reuse_prepare/window_peachtree_off244_len24_t1163059400_1163061700/j_3,window_peachtree_off244_len24_t1163059400_1163061700,j_3,True,1.0,0.0,completed,9,9,0,0,0,0,True,12.88888888888889,116.0,0.18,20.0,1,0,801.0,True,9,0,0.0,0|0|0|4|0|0|0|0|0,9,3979b030cf733c9753930a80bd3b9e10fc78e1372a14cee07008001311f2006c,891c45455155cd0fcc550d32175e54610d688b775f1e099649b96d93e9396758,/Users/howen/.codex/worktrees/1aed/PPO_MEC/artifacts/training/crdcm_performance_matrix_v2_20260928/evaluation/episodes/crdcm_signal_off_sa/seed_1403/shared_adapter_reuse_prepare_0.json,09536e40ee1e65529d7f592825428e27be3322a964cefa9fc15df423f5d26549
crdcm_signal_off_sa/seed_1403,crdcm_signal_off_sa,1403,shared_adapter_reuse_prepare,shared_adapter_reuse_prepare/window_peachtree_off298_len24_t1163064800_1163067100/j_8,window_peachtree_off298_len24_t1163064800_1163067100,j_8,True,1.0,0.0,completed,17,17,0,0,0,0,True,2.823529411764706,48.0,0.0,0.0,0,0,1601.0,True,17,0,0.0,0|0|0|0|0|0|0|0|0|0|0|0|0|0|0|0|0,17,734dfd2ffe51ec5e71510e68d41facfa63bf34cb351a146d90acb75f1e5e0491,995ac207e69da38806c0ffabffcc5544b610a7d28798666664be16d040157c45,/Users/howen/.codex/worktrees/1aed/PPO_MEC/artifacts/training/crdcm_performance_matrix_v2_20260928/evaluation/episodes/crdcm_signal_off_sa/seed_1403/shared_adapter_reuse_prepare_1.json,f9cba1fbba13e77c1c5ead192eb489432c64a604507747109781959af136a6f0
crdcm_signal_off_sa/seed_1403,crdcm_signal_off_sa,1403,shared_adapter_reuse_prepare,shared_adapter_reuse_prepare/window_peachtree_off1578_len24_t1163637300_1163639600/j_15,window_peachtree_off1578_len24_t1163637300_1163639600,j_15,True,1.0,0.0,completed,5,5,0,0,0,0,True,27.2,116.0,0.18,40.0,1,0,401.0,True,5,0,0.0,0|4|4|0|0,5,20d889a0541a65bd0d5f685cefa25792ffa424fe362b1026c56707154266f2be,9eedb205e90f18841190a5dd272408ae8cde8c2d4a345f6a8657edc5db2475d9,/Users/howen/.codex/worktrees/1aed/PPO_MEC/artifacts/training/crdcm_performance_matrix_v2_20260928/evaluation/episodes/crdcm_signal_off_sa/seed_1403/shared_adapter_reuse_prepare_2.json,a925c04728d8e943e5e6b1ea9a97d84fd7951bd2c84b0a181341fd5763b68900
