arm,split,method,seed,design_id,step_index,cap_predicate,direct_ledger_cache_fields,replay_validation_mismatch_count_for_episode,current_rsu_id,target_rsu_id,adapter_id,cache_event_committed,cache_event_reason,admitted,victims,target_residents_before,target_residents_after,resident_set_changed,target_last_used_changed,prepared_state_changed,model_transfer_bytes,state_transfer_bytes,future_target_visit_step,future_same_bundle_need_step,future_reuse_step,admitted_lineage_intact_until_episode_end,factual_reuse_had_zero_model_transfer,future_victim_reload_step,future_victim_service_failure_step,future_recorded_cost_seconds_after_trigger,counterfactual_avoided_loading,classification
candidate_popart_critic_target,frozen_check,mappo,7,frozen_check_00,2,executed_action==4 AND service_completed==false AND progressed==false AND migration_success==false,unknown_not_recorded,0,rsu_1,rsu_2,alpr,True,noop_all_resident,[],[],"[""base:family_a"",""adapter:alpr""]","[""base:family_a"",""adapter:alpr""]",False,True,False,0,0,4,4,4,False,False,,,52.16400768,unknown_not_identifiable_from_factual_ledger,noop_resident_set_no_new_admission
candidate_popart_critic_target,frozen_check,mappo,7,frozen_check_00,3,executed_action==4 AND service_completed==false AND progressed==false AND migration_success==false,unknown_not_recorded,0,rsu_1,rsu_2,alpr,True,noop_all_resident,[],[],"[""base:family_a"",""adapter:alpr""]","[""base:family_a"",""adapter:alpr""]",False,True,False,0,0,4,4,4,False,False,,,50.16400768,unknown_not_identifiable_from_factual_ledger,noop_resident_set_no_new_admission
candidate_popart_critic_target,frozen_check,mappo,7,frozen_check_00,7,executed_action==4 AND service_completed==false AND progressed==false AND migration_success==false,unknown_not_recorded,0,rsu_0,rsu_1,helmet_shared,True,committed,"[""adapter:helmet_shared""]","[""adapter:alpr""]","[""base:family_a"",""adapter:alpr""]","[""base:family_a"",""adapter:helmet_shared""]",True,True,False,9641944,0,8,8,8,True,False,9,9,10.746539912,unknown_not_identifiable_from_factual_ledger,committed_warm_reused_with_observed_victim_cost
candidate_popart_critic_target,frozen_check,mappo,7,frozen_check_00,9,executed_action==4 AND service_completed==false AND progressed==false AND migration_success==false,unknown_not_recorded,0,rsu_1,rsu_2,alpr,True,committed,"[""adapter:alpr""]","[""adapter:helmet_shared""]","[""base:family_a"",""adapter:helmet_shared""]","[""base:family_a"",""adapter:alpr""]",True,True,False,154423432,0,10,10,10,True,True,,,3.8316679519999997,unknown_not_identifiable_from_factual_ledger,committed_warm_reused_no_observed_victim_cost
candidate_popart_critic_target,frozen_check,mappo,7,frozen_check_02,2,executed_action==4 AND service_completed==false AND progressed==false AND migration_success==false,unknown_not_recorded,0,rsu_1,rsu_2,alpr,True,noop_all_resident,[],[],"[""base:family_a"",""adapter:alpr""]","[""base:family_a"",""adapter:alpr""]",False,True,False,0,0,4,4,4,False,True,,,45.693491319164664,unknown_not_identifiable_from_factual_ledger,noop_resident_set_no_new_admission
candidate_popart_critic_target,frozen_check,mappo,7,frozen_check_02,3,executed_action==4 AND service_completed==false AND progressed==false AND migration_success==false,unknown_not_recorded,0,rsu_1,rsu_2,alpr,True,noop_all_resident,[],[],"[""base:family_a"",""adapter:alpr""]","[""base:family_a"",""adapter:alpr""]",False,True,False,0,0,4,4,4,False,True,,,43.693491319164664,unknown_not_identifiable_from_factual_ledger,noop_resident_set_no_new_admission
candidate_popart_critic_target,frozen_check,mappo,7,frozen_check_02,5,executed_action==4 AND service_completed==false AND progressed==false AND migration_success==false,unknown_not_recorded,0,rsu_2,rsu_0,helmet_distinct,True,noop_all_resident,[],[],"[""base:family_b"",""adapter:helmet_distinct""]","[""base:family_b"",""adapter:helmet_distinct""]",False,True,False,0,0,6,6,6,False,True,,,35.451052977582336,unknown_not_identifiable_from_factual_ledger,noop_resident_set_no_new_admission
candidate_popart_critic_target,frozen_check,mappo,7,frozen_check_02,7,executed_action==4 AND service_completed==false AND progressed==false AND migration_success==false,unknown_not_recorded,0,rsu_0,rsu_1,alpr,False,contact_budget_exceeded,"[""adapter:alpr"",""base:family_a""]","[""adapter:helmet_distinct"",""base:family_b""]","[""base:family_b"",""adapter:helmet_distinct""]","[""base:family_b"",""adapter:helmet_distinct""]",False,False,False,0,0,8,8,,False,False,,,19.886491112,unknown_not_identifiable_from_factual_ledger,rollback_or_rejection_no_resident_change
candidate_popart_critic_target,frozen_check,mappo,7,frozen_check_03,1,executed_action==4 AND service_completed==false AND progressed==false AND migration_success==false,unknown_not_recorded,0,rsu_0,rsu_1,alpr,True,noop_all_resident,[],[],"[""base:family_a"",""adapter:alpr"",""base:family_b"",""adapter:helmet_distinct""]","[""base:family_a"",""adapter:alpr"",""base:family_b"",""adapter:helmet_distinct""]",False,True,False,0,0,2,2,2,False,True,,,80.89285936,unknown_not_identifiable_from_factual_ledger,noop_resident_set_no_new_admission
candidate_popart_critic_target,frozen_check,mappo,7,frozen_check_03,6,executed_action==4 AND service_completed==false AND progressed==false AND migration_success==false,unknown_not_recorded,0,rsu_0,rsu_1,alpr,True,noop_all_resident,[],[],"[""base:family_a"",""adapter:alpr"",""base:family_b"",""adapter:helmet_distinct""]","[""base:family_a"",""adapter:alpr"",""base:family_b"",""adapter:helmet_distinct""]",False,True,False,0,0,8,8,8,False,True,,,63.61228976,unknown_not_identifiable_from_factual_ledger,noop_resident_set_no_new_admission
candidate_popart_critic_target,frozen_check,mappo,7,frozen_check_03,7,executed_action==4 AND service_completed==false AND progressed==false AND migration_success==false,unknown_not_recorded,0,rsu_0,rsu_1,alpr,True,noop_all_resident,[],[],"[""base:family_a"",""adapter:alpr"",""base:family_b"",""adapter:helmet_distinct""]","[""base:family_a"",""adapter:alpr"",""base:family_b"",""adapter:helmet_distinct""]",False,True,False,0,0,8,8,8,False,True,,,61.61228976,unknown_not_identifiable_from_factual_ledger,noop_resident_set_no_new_admission
candidate_popart_critic_target,frozen_check,mappo,7,frozen_check_04,1,executed_action==4 AND service_completed==false AND progressed==false AND migration_success==false,unknown_not_recorded,0,rsu_0,rsu_1,alpr,False,contact_budget_exceeded,[],[],"[""base:family_a"",""adapter:alpr""]","[""base:family_a"",""adapter:alpr""]",False,False,False,0,0,2,2,2,False,True,,,189.86714841188447,unknown_not_identifiable_from_factual_ledger,rollback_or_rejection_no_resident_change
candidate_popart_critic_target,frozen_check,mappo,7,frozen_check_04,5,executed_action==4 AND service_completed==false AND progressed==false AND migration_success==false,unknown_not_recorded,0,rsu_2,rsu_0,helmet_shared,False,contact_budget_exceeded,[],[],"[""base:family_a"",""adapter:helmet_shared""]","[""base:family_a"",""adapter:helmet_shared""]",False,False,False,0,0,6,6,6,False,True,,,120.6452475047198,unknown_not_identifiable_from_factual_ledger,rollback_or_rejection_no_resident_change
candidate_popart_critic_target,frozen_check,mappo,7,frozen_check_04,7,executed_action==4 AND service_completed==false AND progressed==false AND migration_success==false,unknown_not_recorded,0,rsu_0,rsu_1,alpr,False,contact_budget_exceeded,[],[],"[""base:family_a"",""adapter:alpr""]","[""base:family_a"",""adapter:alpr""]",False,False,False,0,0,8,8,8,False,True,,,70.8323106039728,unknown_not_identifiable_from_factual_ledger,rollback_or_rejection_no_resident_change
candidate_popart_critic_target,frozen_check,mappo,7,frozen_check_05,0,executed_action==4 AND service_completed==false AND progressed==false AND migration_success==false,unknown_not_recorded,0,rsu_0,rsu_1,helmet_shared,True,committed,"[""adapter:helmet_shared""]",[],"[""adapter:alpr"",""base:family_a""]","[""adapter:alpr"",""base:family_a"",""adapter:helmet_shared""]",True,True,False,9641944,0,2,2,2,True,False,,,29.61542344,unknown_not_identifiable_from_factual_ledger,committed_warm_reused_no_observed_victim_cost
candidate_popart_critic_target,frozen_check,mappo,7,frozen_check_05,1,executed_action==4 AND service_completed==false AND progressed==false AND migration_success==false,unknown_not_recorded,0,rsu_0,rsu_1,helmet_shared,True,noop_all_resident,[],[],"[""adapter:alpr"",""base:family_a"",""adapter:helmet_shared""]","[""adapter:alpr"",""base:family_a"",""adapter:helmet_shared""]",False,True,False,0,0,2,2,2,False,False,,,27.61542344,unknown_not_identifiable_from_factual_ledger,noop_resident_set_no_new_admission
candidate_popart_critic_target,frozen_check,mappo,7,frozen_check_06,3,executed_action==4 AND service_completed==false AND progressed==false AND migration_success==false,unknown_not_recorded,0,rsu_1,rsu_2,helmet_distinct,False,contact_budget_exceeded,"[""adapter:helmet_distinct"",""base:family_b""]",[],"[""base:family_a"",""adapter:alpr""]","[""base:family_a"",""adapter:alpr""]",False,False,False,0,0,4,4,,False,False,,,47.85190215596932,unknown_not_identifiable_from_factual_ledger,rollback_or_rejection_no_resident_change
candidate_popart_critic_target,frozen_check,mappo,7,frozen_check_06,4,executed_action==4 AND service_completed==false AND progressed==false AND migration_success==false,unknown_not_recorded,0,rsu_2,rsu_0,helmet_distinct,False,contact_budget_exceeded,[],[],"[""base:family_b"",""adapter:helmet_distinct""]","[""base:family_b"",""adapter:helmet_distinct""]",False,False,False,0,0,6,6,6,False,True,,,45.85190215596932,unknown_not_identifiable_from_factual_ledger,rollback_or_rejection_no_resident_change
candidate_popart_critic_target,frozen_check,mappo,7,frozen_check_06,5,executed_action==4 AND service_completed==false AND progressed==false AND migration_success==false,unknown_not_recorded,0,rsu_2,rsu_0,helmet_distinct,False,contact_budget_exceeded,[],[],"[""base:family_b"",""adapter:helmet_distinct""]","[""base:family_b"",""adapter:helmet_distinct""]",False,False,False,0,0,6,6,6,False,True,,,43.85190215596933,unknown_not_identifiable_from_factual_ledger,rollback_or_rejection_no_resident_change
candidate_popart_critic_target,frozen_check,mappo,7,frozen_check_06,7,executed_action==4 AND service_completed==false AND progressed==false AND migration_success==false,unknown_not_recorded,0,rsu_0,rsu_1,alpr,False,contact_budget_exceeded,[],[],"[""base:family_a"",""adapter:alpr""]","[""base:family_a"",""adapter:alpr""]",False,False,False,0,0,8,8,8,False,True,,,29.418324448804658,unknown_not_identifiable_from_factual_ledger,rollback_or_rejection_no_resident_change
candidate_popart_critic_target,frozen_check,mappo,7,frozen_check_07,2,executed_action==4 AND service_completed==false AND progressed==false AND migration_success==false,unknown_not_recorded,0,rsu_1,rsu_2,helmet_shared,False,contact_budget_exceeded,"[""adapter:helmet_shared"",""base:family_a""]",[],[],[],False,False,False,0,0,4,4,,False,False,,,50.70724628,unknown_not_identifiable_from_factual_ledger,rollback_or_rejection_no_resident_change
candidate_popart_critic_target,frozen_check,mappo,7,frozen_check_07,3,executed_action==4 AND service_completed==false AND progressed==false AND migration_success==false,unknown_not_recorded,0,rsu_1,rsu_2,helmet_shared,False,contact_budget_exceeded,"[""adapter:helmet_shared"",""base:family_a""]",[],[],[],False,False,False,0,0,4,4,,False,False,,,48.70724628,unknown_not_identifiable_from_factual_ledger,rollback_or_rejection_no_resident_change
candidate_popart_critic_target,frozen_check,mappo,7,frozen_check_07,4,executed_action==4 AND service_completed==false AND progressed==false AND migration_success==false,unknown_not_recorded,0,rsu_2,rsu_0,helmet_shared,True,noop_all_resident,[],[],"[""base:family_a"",""adapter:helmet_shared""]","[""base:family_a"",""adapter:helmet_shared""]",False,True,False,0,0,6,6,6,False,True,,,46.70724628,unknown_not_identifiable_from_factual_ledger,noop_resident_set_no_new_admission
candidate_popart_critic_target,frozen_check,mappo,7,frozen_check_07,5,executed_action==4 AND service_completed==false AND progressed==false AND migration_success==false,unknown_not_recorded,0,rsu_2,rsu_0,helmet_shared,True,noop_all_resident,[],[],"[""base:family_a"",""adapter:helmet_shared""]","[""base:family_a"",""adapter:helmet_shared""]",False,True,False,0,0,6,6,6,False,True,,,44.70724628,unknown_not_identifiable_from_factual_ledger,noop_resident_set_no_new_admission
candidate_popart_critic_target,frozen_check,mappo,7,frozen_check_07,8,executed_action==4 AND service_completed==false AND progressed==false AND migration_success==false,unknown_not_recorded,0,rsu_1,rsu_2,alpr,False,contact_budget_exceeded,"[""adapter:alpr"",""base:family_a""]",[],[],[],False,False,False,0,0,10,10,,False,False,,,34.96224428,unknown_not_identifiable_from_factual_ledger,rollback_or_rejection_no_resident_change
candidate_popart_critic_target,frozen_check,mappo,7,frozen_check_07,9,executed_action==4 AND service_completed==false AND progressed==false AND migration_success==false,unknown_not_recorded,0,rsu_1,rsu_2,alpr,False,contact_budget_exceeded,"[""adapter:alpr"",""base:family_a""]",[],[],[],False,False,False,0,0,10,10,,False,False,,,32.96224428,unknown_not_identifiable_from_factual_ledger,rollback_or_rejection_no_resident_change
candidate_popart_critic_target,frozen_check,mappo,7,frozen_check_07,10,executed_action==4 AND service_completed==false AND progressed==false AND migration_success==false,unknown_not_recorded,0,rsu_2,rsu_0,alpr,True,committed,"[""adapter:alpr""]",[],"[""base:family_a"",""adapter:helmet_shared""]","[""base:family_a"",""adapter:helmet_shared"",""adapter:alpr""]",True,True,False,154423432,0,12,12,12,True,True,,,24.054132000000003,unknown_not_identifiable_from_factual_ledger,committed_warm_reused_no_observed_victim_cost
candidate_popart_critic_target,frozen_check,mappo,7,frozen_check_07,11,executed_action==4 AND service_completed==false AND progressed==false AND migration_success==false,unknown_not_recorded,0,rsu_2,rsu_0,alpr,True,noop_all_resident,[],[],"[""base:family_a"",""adapter:helmet_shared"",""adapter:alpr""]","[""base:family_a"",""adapter:helmet_shared"",""adapter:alpr""]",False,True,False,0,0,12,12,12,False,True,,,22.054132,unknown_not_identifiable_from_factual_ledger,noop_resident_set_no_new_admission
candidate_popart_critic_target,frozen_check,mappo,7,frozen_check_07,14,executed_action==4 AND service_completed==false AND progressed==false AND migration_success==false,unknown_not_recorded,0,rsu_1,rsu_2,alpr,False,contact_budget_exceeded,"[""adapter:alpr"",""base:family_a""]",[],[],[],False,False,False,0,0,16,16,,False,False,,,12.874777,unknown_not_identifiable_from_factual_ledger,rollback_or_rejection_no_resident_change
candidate_popart_critic_target,frozen_check,mappo,7,frozen_check_07,15,executed_action==4 AND service_completed==false AND progressed==false AND migration_success==false,unknown_not_recorded,0,rsu_1,rsu_2,alpr,False,contact_budget_exceeded,"[""adapter:alpr"",""base:family_a""]",[],[],[],False,False,False,0,0,16,16,,False,False,,,10.874777,unknown_not_identifiable_from_factual_ledger,rollback_or_rejection_no_resident_change
candidate_popart_critic_target,frozen_check,mappo,7,frozen_check_07,16,executed_action==4 AND service_completed==false AND progressed==false AND migration_success==false,unknown_not_recorded,0,rsu_2,rsu_0,alpr,True,noop_all_resident,[],[],"[""base:family_a"",""adapter:helmet_shared"",""adapter:alpr""]","[""base:family_a"",""adapter:helmet_shared"",""adapter:alpr""]",False,True,False,0,0,18,18,18,False,True,,,8.874777,unknown_not_identifiable_from_factual_ledger,noop_resident_set_no_new_admission
candidate_popart_critic_target,frozen_check,mappo,7,frozen_check_07,17,executed_action==4 AND service_completed==false AND progressed==false AND migration_success==false,unknown_not_recorded,0,rsu_2,rsu_0,alpr,True,noop_all_resident,[],[],"[""base:family_a"",""adapter:helmet_shared"",""adapter:alpr""]","[""base:family_a"",""adapter:helmet_shared"",""adapter:alpr""]",False,True,False,0,0,18,18,18,False,True,,,6.874777,unknown_not_identifiable_from_factual_ledger,noop_resident_set_no_new_admission
candidate_popart_critic_target,frozen_check,mappo,17,frozen_check_00,2,executed_action==4 AND service_completed==false AND progressed==false AND migration_success==false,unknown_not_recorded,0,rsu_1,rsu_2,alpr,True,noop_all_resident,[],[],"[""base:family_a"",""adapter:alpr""]","[""base:family_a"",""adapter:alpr""]",False,True,False,0,0,4,4,4,False,False,,,167.224373528,unknown_not_identifiable_from_factual_ledger,noop_resident_set_no_new_admission
candidate_popart_critic_target,frozen_check,mappo,17,frozen_check_00,3,executed_action==4 AND service_completed==false AND progressed==false AND migration_success==false,unknown_not_recorded,0,rsu_1,rsu_2,alpr,True,noop_all_resident,[],[],"[""base:family_a"",""adapter:alpr""]","[""base:family_a"",""adapter:alpr""]",False,True,False,0,0,4,4,4,False,False,,,165.224373528,unknown_not_identifiable_from_factual_ledger,noop_resident_set_no_new_admission
candidate_popart_critic_target,frozen_check,mappo,17,frozen_check_02,2,executed_action==4 AND service_completed==false AND progressed==false AND migration_success==false,unknown_not_recorded,0,rsu_1,rsu_2,alpr,True,noop_all_resident,[],[],"[""base:family_a"",""adapter:alpr""]","[""base:family_a"",""adapter:alpr""]",False,True,False,0,0,4,4,4,False,True,,,45.693491319164664,unknown_not_identifiable_from_factual_ledger,noop_resident_set_no_new_admission
candidate_popart_critic_target,frozen_check,mappo,17,frozen_check_02,3,executed_action==4 AND service_completed==false AND progressed==false AND migration_success==false,unknown_not_recorded,0,rsu_1,rsu_2,alpr,True,noop_all_resident,[],[],"[""base:family_a"",""adapter:alpr""]","[""base:family_a"",""adapter:alpr""]",False,True,False,0,0,4,4,4,False,True,,,43.693491319164664,unknown_not_identifiable_from_factual_ledger,noop_resident_set_no_new_admission
candidate_popart_critic_target,frozen_check,mappo,17,frozen_check_02,5,executed_action==4 AND service_completed==false AND progressed==false AND migration_success==false,unknown_not_recorded,0,rsu_2,rsu_0,helmet_distinct,True,noop_all_resident,[],[],"[""base:family_b"",""adapter:helmet_distinct""]","[""base:family_b"",""adapter:helmet_distinct""]",False,True,False,0,0,6,6,6,False,True,,,35.451052977582336,unknown_not_identifiable_from_factual_ledger,noop_resident_set_no_new_admission
candidate_popart_critic_target,frozen_check,mappo,17,frozen_check_03,1,executed_action==4 AND service_completed==false AND progressed==false AND migration_success==false,unknown_not_recorded,0,rsu_0,rsu_1,alpr,True,noop_all_resident,[],[],"[""base:family_a"",""adapter:alpr"",""base:family_b"",""adapter:helmet_distinct""]","[""base:family_a"",""adapter:alpr"",""base:family_b"",""adapter:helmet_distinct""]",False,True,False,0,0,2,2,2,False,True,,,91.7061704,unknown_not_identifiable_from_factual_ledger,noop_resident_set_no_new_admission
candidate_popart_critic_target,frozen_check,mappo,17,frozen_check_03,6,executed_action==4 AND service_completed==false AND progressed==false AND migration_success==false,unknown_not_recorded,0,rsu_0,rsu_1,alpr,True,noop_all_resident,[],[],"[""base:family_a"",""adapter:alpr"",""base:family_b"",""adapter:helmet_distinct""]","[""base:family_a"",""adapter:alpr"",""base:family_b"",""adapter:helmet_distinct""]",False,True,False,0,0,8,8,8,False,True,,,63.61228976,unknown_not_identifiable_from_factual_ledger,noop_resident_set_no_new_admission
candidate_popart_critic_target,frozen_check,mappo,17,frozen_check_03,7,executed_action==4 AND service_completed==false AND progressed==false AND migration_success==false,unknown_not_recorded,0,rsu_0,rsu_1,alpr,True,noop_all_resident,[],[],"[""base:family_a"",""adapter:alpr"",""base:family_b"",""adapter:helmet_distinct""]","[""base:family_a"",""adapter:alpr"",""base:family_b"",""adapter:helmet_distinct""]",False,True,False,0,0,8,8,8,False,True,,,61.61228976,unknown_not_identifiable_from_factual_ledger,noop_resident_set_no_new_admission
candidate_popart_critic_target,frozen_check,mappo,17,frozen_check_04,2,executed_action==4 AND service_completed==false AND progressed==false AND migration_success==false,unknown_not_recorded,0,rsu_1,rsu_2,alpr,False,contact_budget_exceeded,[],[],"[""base:family_a"",""adapter:alpr""]","[""base:family_a"",""adapter:alpr""]",False,False,False,0,0,4,4,4,False,False,,,211.0718964918845,unknown_not_identifiable_from_factual_ledger,rollback_or_rejection_no_resident_change
candidate_popart_critic_target,frozen_check,mappo,17,frozen_check_04,3,executed_action==4 AND service_completed==false AND progressed==false AND migration_success==false,unknown_not_recorded,0,rsu_1,rsu_2,alpr,False,contact_budget_exceeded,[],[],"[""base:family_a"",""adapter:alpr""]","[""base:family_a"",""adapter:alpr""]",False,False,False,0,0,4,4,4,False,False,,,209.0718964918845,unknown_not_identifiable_from_factual_ledger,rollback_or_rejection_no_resident_change
candidate_popart_critic_target,frozen_check,mappo,17,frozen_check_04,10,executed_action==4 AND service_completed==false AND progressed==false AND migration_success==false,unknown_not_recorded,0,rsu_2,rsu_0,alpr,False,contact_budget_exceeded,[],[],"[""base:family_a"",""adapter:alpr""]","[""base:family_a"",""adapter:alpr""]",False,False,False,0,0,12,12,12,False,True,,,72.8323106039728,unknown_not_identifiable_from_factual_ledger,rollback_or_rejection_no_resident_change
candidate_popart_critic_target,frozen_check,mappo,17,frozen_check_04,11,executed_action==4 AND service_completed==false AND progressed==false AND migration_success==false,unknown_not_recorded,0,rsu_2,rsu_0,alpr,False,contact_budget_exceeded,[],[],"[""base:family_a"",""adapter:alpr""]","[""base:family_a"",""adapter:alpr""]",False,False,False,0,0,12,12,12,False,True,,,70.8323106039728,unknown_not_identifiable_from_factual_ledger,rollback_or_rejection_no_resident_change
candidate_popart_critic_target,frozen_check,mappo,17,frozen_check_05,1,executed_action==4 AND service_completed==false AND progressed==false AND migration_success==false,unknown_not_recorded,0,rsu_0,rsu_1,helmet_shared,True,noop_all_resident,[],[],"[""adapter:alpr"",""base:family_a"",""adapter:helmet_shared""]","[""adapter:alpr"",""base:family_a"",""adapter:helmet_shared""]",False,True,False,0,0,2,2,2,False,False,,,27.56656432,unknown_not_identifiable_from_factual_ledger,noop_resident_set_no_new_admission
candidate_popart_critic_target,frozen_check,mappo,17,frozen_check_07,4,executed_action==4 AND service_completed==false AND progressed==false AND migration_success==false,unknown_not_recorded,0,rsu_2,rsu_0,helmet_shared,True,noop_all_resident,[],[],"[""base:family_a"",""adapter:helmet_shared""]","[""base:family_a"",""adapter:helmet_shared""]",False,True,False,0,0,6,6,6,False,True,,,46.70724628,unknown_not_identifiable_from_factual_ledger,noop_resident_set_no_new_admission
candidate_popart_critic_target,frozen_check,mappo,17,frozen_check_07,5,executed_action==4 AND service_completed==false AND progressed==false AND migration_success==false,unknown_not_recorded,0,rsu_2,rsu_0,helmet_shared,True,noop_all_resident,[],[],"[""base:family_a"",""adapter:helmet_shared""]","[""base:family_a"",""adapter:helmet_shared""]",False,True,False,0,0,6,6,6,False,True,,,44.70724628,unknown_not_identifiable_from_factual_ledger,noop_resident_set_no_new_admission
candidate_popart_critic_target,frozen_check,mappo,17,frozen_check_07,11,executed_action==4 AND service_completed==false AND progressed==false AND migration_success==false,unknown_not_recorded,0,rsu_2,rsu_0,alpr,True,noop_all_resident,[],[],"[""base:family_a"",""adapter:helmet_shared"",""adapter:alpr""]","[""base:family_a"",""adapter:helmet_shared"",""adapter:alpr""]",False,True,False,0,0,12,12,12,False,True,,,22.054132,unknown_not_identifiable_from_factual_ledger,noop_resident_set_no_new_admission
candidate_popart_critic_target,frozen_check,mappo,17,frozen_check_07,16,executed_action==4 AND service_completed==false AND progressed==false AND migration_success==false,unknown_not_recorded,0,rsu_2,rsu_0,alpr,True,noop_all_resident,[],[],"[""base:family_a"",""adapter:helmet_shared"",""adapter:alpr""]","[""base:family_a"",""adapter:helmet_shared"",""adapter:alpr""]",False,True,False,0,0,18,18,18,False,True,,,8.874777,unknown_not_identifiable_from_factual_ledger,noop_resident_set_no_new_admission
candidate_popart_critic_target,frozen_check,mappo,17,frozen_check_07,17,executed_action==4 AND service_completed==false AND progressed==false AND migration_success==false,unknown_not_recorded,0,rsu_2,rsu_0,alpr,True,noop_all_resident,[],[],"[""base:family_a"",""adapter:helmet_shared"",""adapter:alpr""]","[""base:family_a"",""adapter:helmet_shared"",""adapter:alpr""]",False,True,False,0,0,18,18,18,False,True,,,6.874777,unknown_not_identifiable_from_factual_ledger,noop_resident_set_no_new_admission
candidate_popart_critic_target,frozen_check,mappo,29,frozen_check_00,2,executed_action==4 AND service_completed==false AND progressed==false AND migration_success==false,unknown_not_recorded,0,rsu_1,rsu_2,alpr,True,noop_all_resident,[],[],"[""base:family_a"",""adapter:alpr""]","[""base:family_a"",""adapter:alpr""]",False,True,False,0,0,4,4,4,False,False,,,52.16400768,unknown_not_identifiable_from_factual_ledger,noop_resident_set_no_new_admission
candidate_popart_critic_target,frozen_check,mappo,29,frozen_check_00,3,executed_action==4 AND service_completed==false AND progressed==false AND migration_success==false,unknown_not_recorded,0,rsu_1,rsu_2,alpr,True,noop_all_resident,[],[],"[""base:family_a"",""adapter:alpr""]","[""base:family_a"",""adapter:alpr""]",False,True,False,0,0,4,4,4,False,False,,,50.16400768,unknown_not_identifiable_from_factual_ledger,noop_resident_set_no_new_admission
candidate_popart_critic_target,frozen_check,mappo,29,frozen_check_00,7,executed_action==4 AND service_completed==false AND progressed==false AND migration_success==false,unknown_not_recorded,0,rsu_0,rsu_1,helmet_shared,True,committed,"[""adapter:helmet_shared""]","[""adapter:alpr""]","[""base:family_a"",""adapter:alpr""]","[""base:family_a"",""adapter:helmet_shared""]",True,True,False,9641944,0,8,8,8,True,False,9,9,10.746539912,unknown_not_identifiable_from_factual_ledger,committed_warm_reused_with_observed_victim_cost
candidate_popart_critic_target,frozen_check,mappo,29,frozen_check_00,9,executed_action==4 AND service_completed==false AND progressed==false AND migration_success==false,unknown_not_recorded,0,rsu_1,rsu_2,alpr,True,committed,"[""adapter:alpr""]","[""adapter:helmet_shared""]","[""base:family_a"",""adapter:helmet_shared""]","[""base:family_a"",""adapter:alpr""]",True,True,False,154423432,0,10,10,10,True,True,,,3.8316679519999997,unknown_not_identifiable_from_factual_ledger,committed_warm_reused_no_observed_victim_cost
candidate_popart_critic_target,frozen_check,mappo,29,frozen_check_02,2,executed_action==4 AND service_completed==false AND progressed==false AND migration_success==false,unknown_not_recorded,0,rsu_1,rsu_2,alpr,True,noop_all_resident,[],[],"[""base:family_a"",""adapter:alpr""]","[""base:family_a"",""adapter:alpr""]",False,True,False,0,0,4,4,4,False,True,,,45.693491319164664,unknown_not_identifiable_from_factual_ledger,noop_resident_set_no_new_admission
candidate_popart_critic_target,frozen_check,mappo,29,frozen_check_02,3,executed_action==4 AND service_completed==false AND progressed==false AND migration_success==false,unknown_not_recorded,0,rsu_1,rsu_2,alpr,True,noop_all_resident,[],[],"[""base:family_a"",""adapter:alpr""]","[""base:family_a"",""adapter:alpr""]",False,True,False,0,0,4,4,4,False,True,,,43.693491319164664,unknown_not_identifiable_from_factual_ledger,noop_resident_set_no_new_admission
candidate_popart_critic_target,frozen_check,mappo,29,frozen_check_02,5,executed_action==4 AND service_completed==false AND progressed==false AND migration_success==false,unknown_not_recorded,0,rsu_2,rsu_0,helmet_distinct,True,noop_all_resident,[],[],"[""base:family_b"",""adapter:helmet_distinct""]","[""base:family_b"",""adapter:helmet_distinct""]",False,True,False,0,0,6,6,6,False,True,,,35.451052977582336,unknown_not_identifiable_from_factual_ledger,noop_resident_set_no_new_admission
candidate_popart_critic_target,frozen_check,mappo,29,frozen_check_02,7,executed_action==4 AND service_completed==false AND progressed==false AND migration_success==false,unknown_not_recorded,0,rsu_0,rsu_1,alpr,False,contact_budget_exceeded,"[""adapter:alpr"",""base:family_a""]","[""adapter:helmet_distinct"",""base:family_b""]","[""base:family_b"",""adapter:helmet_distinct""]","[""base:family_b"",""adapter:helmet_distinct""]",False,False,False,0,0,8,8,,False,False,,,19.886491112,unknown_not_identifiable_from_factual_ledger,rollback_or_rejection_no_resident_change
candidate_popart_critic_target,frozen_check,mappo,29,frozen_check_03,1,executed_action==4 AND service_completed==false AND progressed==false AND migration_success==false,unknown_not_recorded,0,rsu_0,rsu_1,alpr,True,noop_all_resident,[],[],"[""base:family_a"",""adapter:alpr"",""base:family_b"",""adapter:helmet_distinct""]","[""base:family_a"",""adapter:alpr"",""base:family_b"",""adapter:helmet_distinct""]",False,True,False,0,0,2,2,2,False,True,,,80.89285936,unknown_not_identifiable_from_factual_ledger,noop_resident_set_no_new_admission
candidate_popart_critic_target,frozen_check,mappo,29,frozen_check_03,6,executed_action==4 AND service_completed==false AND progressed==false AND migration_success==false,unknown_not_recorded,0,rsu_0,rsu_1,alpr,True,noop_all_resident,[],[],"[""base:family_a"",""adapter:alpr"",""base:family_b"",""adapter:helmet_distinct""]","[""base:family_a"",""adapter:alpr"",""base:family_b"",""adapter:helmet_distinct""]",False,True,False,0,0,8,8,8,False,True,,,63.61228976,unknown_not_identifiable_from_factual_ledger,noop_resident_set_no_new_admission
candidate_popart_critic_target,frozen_check,mappo,29,frozen_check_03,7,executed_action==4 AND service_completed==false AND progressed==false AND migration_success==false,unknown_not_recorded,0,rsu_0,rsu_1,alpr,True,noop_all_resident,[],[],"[""base:family_a"",""adapter:alpr"",""base:family_b"",""adapter:helmet_distinct""]","[""base:family_a"",""adapter:alpr"",""base:family_b"",""adapter:helmet_distinct""]",False,True,False,0,0,8,8,8,False,True,,,61.61228976,unknown_not_identifiable_from_factual_ledger,noop_resident_set_no_new_admission
candidate_popart_critic_target,frozen_check,mappo,29,frozen_check_04,1,executed_action==4 AND service_completed==false AND progressed==false AND migration_success==false,unknown_not_recorded,0,rsu_0,rsu_1,alpr,False,contact_budget_exceeded,[],[],"[""base:family_a"",""adapter:alpr""]","[""base:family_a"",""adapter:alpr""]",False,False,False,0,0,2,2,2,False,True,,,189.86714841188447,unknown_not_identifiable_from_factual_ledger,rollback_or_rejection_no_resident_change
candidate_popart_critic_target,frozen_check,mappo,29,frozen_check_04,5,executed_action==4 AND service_completed==false AND progressed==false AND migration_success==false,unknown_not_recorded,0,rsu_2,rsu_0,helmet_shared,False,contact_budget_exceeded,[],[],"[""base:family_a"",""adapter:helmet_shared""]","[""base:family_a"",""adapter:helmet_shared""]",False,False,False,0,0,6,6,6,False,True,,,120.6452475047198,unknown_not_identifiable_from_factual_ledger,rollback_or_rejection_no_resident_change
candidate_popart_critic_target,frozen_check,mappo,29,frozen_check_04,7,executed_action==4 AND service_completed==false AND progressed==false AND migration_success==false,unknown_not_recorded,0,rsu_0,rsu_1,alpr,False,contact_budget_exceeded,[],[],"[""base:family_a"",""adapter:alpr""]","[""base:family_a"",""adapter:alpr""]",False,False,False,0,0,8,8,8,False,True,,,70.8323106039728,unknown_not_identifiable_from_factual_ledger,rollback_or_rejection_no_resident_change
candidate_popart_critic_target,frozen_check,mappo,29,frozen_check_05,0,executed_action==4 AND service_completed==false AND progressed==false AND migration_success==false,unknown_not_recorded,0,rsu_0,rsu_1,helmet_shared,True,committed,"[""adapter:helmet_shared""]",[],"[""adapter:alpr"",""base:family_a""]","[""adapter:alpr"",""base:family_a"",""adapter:helmet_shared""]",True,True,False,9641944,0,2,2,2,True,False,,,29.61542344,unknown_not_identifiable_from_factual_ledger,committed_warm_reused_no_observed_victim_cost
candidate_popart_critic_target,frozen_check,mappo,29,frozen_check_05,1,executed_action==4 AND service_completed==false AND progressed==false AND migration_success==false,unknown_not_recorded,0,rsu_0,rsu_1,helmet_shared,True,noop_all_resident,[],[],"[""adapter:alpr"",""base:family_a"",""adapter:helmet_shared""]","[""adapter:alpr"",""base:family_a"",""adapter:helmet_shared""]",False,True,False,0,0,2,2,2,False,False,,,27.61542344,unknown_not_identifiable_from_factual_ledger,noop_resident_set_no_new_admission
candidate_popart_critic_target,frozen_check,mappo,29,frozen_check_06,3,executed_action==4 AND service_completed==false AND progressed==false AND migration_success==false,unknown_not_recorded,0,rsu_1,rsu_2,helmet_distinct,False,contact_budget_exceeded,"[""adapter:helmet_distinct"",""base:family_b""]",[],"[""base:family_a"",""adapter:alpr""]","[""base:family_a"",""adapter:alpr""]",False,False,False,0,0,4,4,,False,False,,,47.85190215596932,unknown_not_identifiable_from_factual_ledger,rollback_or_rejection_no_resident_change
candidate_popart_critic_target,frozen_check,mappo,29,frozen_check_06,4,executed_action==4 AND service_completed==false AND progressed==false AND migration_success==false,unknown_not_recorded,0,rsu_2,rsu_0,helmet_distinct,False,contact_budget_exceeded,[],[],"[""base:family_b"",""adapter:helmet_distinct""]","[""base:family_b"",""adapter:helmet_distinct""]",False,False,False,0,0,6,6,6,False,True,,,45.85190215596932,unknown_not_identifiable_from_factual_ledger,rollback_or_rejection_no_resident_change
candidate_popart_critic_target,frozen_check,mappo,29,frozen_check_06,5,executed_action==4 AND service_completed==false AND progressed==false AND migration_success==false,unknown_not_recorded,0,rsu_2,rsu_0,helmet_distinct,False,contact_budget_exceeded,[],[],"[""base:family_b"",""adapter:helmet_distinct""]","[""base:family_b"",""adapter:helmet_distinct""]",False,False,False,0,0,6,6,6,False,True,,,43.85190215596933,unknown_not_identifiable_from_factual_ledger,rollback_or_rejection_no_resident_change
candidate_popart_critic_target,frozen_check,mappo,29,frozen_check_06,7,executed_action==4 AND service_completed==false AND progressed==false AND migration_success==false,unknown_not_recorded,0,rsu_0,rsu_1,alpr,False,contact_budget_exceeded,[],[],"[""base:family_a"",""adapter:alpr""]","[""base:family_a"",""adapter:alpr""]",False,False,False,0,0,8,8,8,False,True,,,29.418324448804658,unknown_not_identifiable_from_factual_ledger,rollback_or_rejection_no_resident_change
candidate_popart_critic_target,frozen_check,mappo,29,frozen_check_07,2,executed_action==4 AND service_completed==false AND progressed==false AND migration_success==false,unknown_not_recorded,0,rsu_1,rsu_2,helmet_shared,False,contact_budget_exceeded,"[""adapter:helmet_shared"",""base:family_a""]",[],[],[],False,False,False,0,0,4,4,,False,False,,,50.70724628,unknown_not_identifiable_from_factual_ledger,rollback_or_rejection_no_resident_change
candidate_popart_critic_target,frozen_check,mappo,29,frozen_check_07,3,executed_action==4 AND service_completed==false AND progressed==false AND migration_success==false,unknown_not_recorded,0,rsu_1,rsu_2,helmet_shared,False,contact_budget_exceeded,"[""adapter:helmet_shared"",""base:family_a""]",[],[],[],False,False,False,0,0,4,4,,False,False,,,48.70724628,unknown_not_identifiable_from_factual_ledger,rollback_or_rejection_no_resident_change
candidate_popart_critic_target,frozen_check,mappo,29,frozen_check_07,4,executed_action==4 AND service_completed==false AND progressed==false AND migration_success==false,unknown_not_recorded,0,rsu_2,rsu_0,helmet_shared,True,noop_all_resident,[],[],"[""base:family_a"",""adapter:helmet_shared""]","[""base:family_a"",""adapter:helmet_shared""]",False,True,False,0,0,6,6,6,False,True,,,46.70724628,unknown_not_identifiable_from_factual_ledger,noop_resident_set_no_new_admission
candidate_popart_critic_target,frozen_check,mappo,29,frozen_check_07,5,executed_action==4 AND service_completed==false AND progressed==false AND migration_success==false,unknown_not_recorded,0,rsu_2,rsu_0,helmet_shared,True,noop_all_resident,[],[],"[""base:family_a"",""adapter:helmet_shared""]","[""base:family_a"",""adapter:helmet_shared""]",False,True,False,0,0,6,6,6,False,True,,,44.70724628,unknown_not_identifiable_from_factual_ledger,noop_resident_set_no_new_admission
candidate_popart_critic_target,frozen_check,mappo,29,frozen_check_07,8,executed_action==4 AND service_completed==false AND progressed==false AND migration_success==false,unknown_not_recorded,0,rsu_1,rsu_2,alpr,False,contact_budget_exceeded,"[""adapter:alpr"",""base:family_a""]",[],[],[],False,False,False,0,0,10,10,,False,False,,,34.96224428,unknown_not_identifiable_from_factual_ledger,rollback_or_rejection_no_resident_change
candidate_popart_critic_target,frozen_check,mappo,29,frozen_check_07,9,executed_action==4 AND service_completed==false AND progressed==false AND migration_success==false,unknown_not_recorded,0,rsu_1,rsu_2,alpr,False,contact_budget_exceeded,"[""adapter:alpr"",""base:family_a""]",[],[],[],False,False,False,0,0,10,10,,False,False,,,32.96224428,unknown_not_identifiable_from_factual_ledger,rollback_or_rejection_no_resident_change
candidate_popart_critic_target,frozen_check,mappo,29,frozen_check_07,10,executed_action==4 AND service_completed==false AND progressed==false AND migration_success==false,unknown_not_recorded,0,rsu_2,rsu_0,alpr,True,committed,"[""adapter:alpr""]",[],"[""base:family_a"",""adapter:helmet_shared""]","[""base:family_a"",""adapter:helmet_shared"",""adapter:alpr""]",True,True,False,154423432,0,12,12,12,True,True,,,24.054132000000003,unknown_not_identifiable_from_factual_ledger,committed_warm_reused_no_observed_victim_cost
candidate_popart_critic_target,frozen_check,mappo,29,frozen_check_07,11,executed_action==4 AND service_completed==false AND progressed==false AND migration_success==false,unknown_not_recorded,0,rsu_2,rsu_0,alpr,True,noop_all_resident,[],[],"[""base:family_a"",""adapter:helmet_shared"",""adapter:alpr""]","[""base:family_a"",""adapter:helmet_shared"",""adapter:alpr""]",False,True,False,0,0,12,12,12,False,True,,,22.054132,unknown_not_identifiable_from_factual_ledger,noop_resident_set_no_new_admission
candidate_popart_critic_target,frozen_check,mappo,29,frozen_check_07,14,executed_action==4 AND service_completed==false AND progressed==false AND migration_success==false,unknown_not_recorded,0,rsu_1,rsu_2,alpr,False,contact_budget_exceeded,"[""adapter:alpr"",""base:family_a""]",[],[],[],False,False,False,0,0,16,16,,False,False,,,12.874777,unknown_not_identifiable_from_factual_ledger,rollback_or_rejection_no_resident_change
candidate_popart_critic_target,frozen_check,mappo,29,frozen_check_07,15,executed_action==4 AND service_completed==false AND progressed==false AND migration_success==false,unknown_not_recorded,0,rsu_1,rsu_2,alpr,False,contact_budget_exceeded,"[""adapter:alpr"",""base:family_a""]",[],[],[],False,False,False,0,0,16,16,,False,False,,,10.874777,unknown_not_identifiable_from_factual_ledger,rollback_or_rejection_no_resident_change
candidate_popart_critic_target,frozen_check,mappo,29,frozen_check_07,16,executed_action==4 AND service_completed==false AND progressed==false AND migration_success==false,unknown_not_recorded,0,rsu_2,rsu_0,alpr,True,noop_all_resident,[],[],"[""base:family_a"",""adapter:helmet_shared"",""adapter:alpr""]","[""base:family_a"",""adapter:helmet_shared"",""adapter:alpr""]",False,True,False,0,0,18,18,18,False,True,,,8.874777,unknown_not_identifiable_from_factual_ledger,noop_resident_set_no_new_admission
candidate_popart_critic_target,frozen_check,mappo,29,frozen_check_07,17,executed_action==4 AND service_completed==false AND progressed==false AND migration_success==false,unknown_not_recorded,0,rsu_2,rsu_0,alpr,True,noop_all_resident,[],[],"[""base:family_a"",""adapter:helmet_shared"",""adapter:alpr""]","[""base:family_a"",""adapter:helmet_shared"",""adapter:alpr""]",False,True,False,0,0,18,18,18,False,True,,,6.874777,unknown_not_identifiable_from_factual_ledger,noop_resident_set_no_new_admission
candidate_popart_critic_target,frozen_check,mappo,43,frozen_check_00,2,executed_action==4 AND service_completed==false AND progressed==false AND migration_success==false,unknown_not_recorded,0,rsu_1,rsu_2,alpr,True,noop_all_resident,[],[],"[""base:family_a"",""adapter:alpr""]","[""base:family_a"",""adapter:alpr""]",False,True,False,0,0,4,4,4,False,False,,,52.16400768,unknown_not_identifiable_from_factual_ledger,noop_resident_set_no_new_admission
candidate_popart_critic_target,frozen_check,mappo,43,frozen_check_00,3,executed_action==4 AND service_completed==false AND progressed==false AND migration_success==false,unknown_not_recorded,0,rsu_1,rsu_2,alpr,True,noop_all_resident,[],[],"[""base:family_a"",""adapter:alpr""]","[""base:family_a"",""adapter:alpr""]",False,True,False,0,0,4,4,4,False,False,,,50.16400768,unknown_not_identifiable_from_factual_ledger,noop_resident_set_no_new_admission
candidate_popart_critic_target,frozen_check,mappo,43,frozen_check_00,7,executed_action==4 AND service_completed==false AND progressed==false AND migration_success==false,unknown_not_recorded,0,rsu_0,rsu_1,helmet_shared,True,committed,"[""adapter:helmet_shared""]","[""adapter:alpr""]","[""base:family_a"",""adapter:alpr""]","[""base:family_a"",""adapter:helmet_shared""]",True,True,False,9641944,0,8,8,8,True,False,9,9,10.746539912,unknown_not_identifiable_from_factual_ledger,committed_warm_reused_with_observed_victim_cost
candidate_popart_critic_target,frozen_check,mappo,43,frozen_check_00,9,executed_action==4 AND service_completed==false AND progressed==false AND migration_success==false,unknown_not_recorded,0,rsu_1,rsu_2,alpr,True,committed,"[""adapter:alpr""]","[""adapter:helmet_shared""]","[""base:family_a"",""adapter:helmet_shared""]","[""base:family_a"",""adapter:alpr""]",True,True,False,154423432,0,10,10,10,True,True,,,3.8316679519999997,unknown_not_identifiable_from_factual_ledger,committed_warm_reused_no_observed_victim_cost
candidate_popart_critic_target,frozen_check,mappo,43,frozen_check_02,2,executed_action==4 AND service_completed==false AND progressed==false AND migration_success==false,unknown_not_recorded,0,rsu_1,rsu_2,alpr,True,noop_all_resident,[],[],"[""base:family_a"",""adapter:alpr""]","[""base:family_a"",""adapter:alpr""]",False,True,False,0,0,4,4,4,False,True,,,45.693491319164664,unknown_not_identifiable_from_factual_ledger,noop_resident_set_no_new_admission
candidate_popart_critic_target,frozen_check,mappo,43,frozen_check_02,3,executed_action==4 AND service_completed==false AND progressed==false AND migration_success==false,unknown_not_recorded,0,rsu_1,rsu_2,alpr,True,noop_all_resident,[],[],"[""base:family_a"",""adapter:alpr""]","[""base:family_a"",""adapter:alpr""]",False,True,False,0,0,4,4,4,False,True,,,43.693491319164664,unknown_not_identifiable_from_factual_ledger,noop_resident_set_no_new_admission
candidate_popart_critic_target,frozen_check,mappo,43,frozen_check_02,5,executed_action==4 AND service_completed==false AND progressed==false AND migration_success==false,unknown_not_recorded,0,rsu_2,rsu_0,helmet_distinct,True,noop_all_resident,[],[],"[""base:family_b"",""adapter:helmet_distinct""]","[""base:family_b"",""adapter:helmet_distinct""]",False,True,False,0,0,6,6,6,False,True,,,35.451052977582336,unknown_not_identifiable_from_factual_ledger,noop_resident_set_no_new_admission
candidate_popart_critic_target,frozen_check,mappo,43,frozen_check_02,7,executed_action==4 AND service_completed==false AND progressed==false AND migration_success==false,unknown_not_recorded,0,rsu_0,rsu_1,alpr,False,contact_budget_exceeded,"[""adapter:alpr"",""base:family_a""]","[""adapter:helmet_distinct"",""base:family_b""]","[""base:family_b"",""adapter:helmet_distinct""]","[""base:family_b"",""adapter:helmet_distinct""]",False,False,False,0,0,8,8,,False,False,,,19.886491112,unknown_not_identifiable_from_factual_ledger,rollback_or_rejection_no_resident_change
candidate_popart_critic_target,frozen_check,mappo,43,frozen_check_03,1,executed_action==4 AND service_completed==false AND progressed==false AND migration_success==false,unknown_not_recorded,0,rsu_0,rsu_1,alpr,True,noop_all_resident,[],[],"[""base:family_a"",""adapter:alpr"",""base:family_b"",""adapter:helmet_distinct""]","[""base:family_a"",""adapter:alpr"",""base:family_b"",""adapter:helmet_distinct""]",False,True,False,0,0,2,2,2,False,True,,,80.89285936,unknown_not_identifiable_from_factual_ledger,noop_resident_set_no_new_admission
candidate_popart_critic_target,frozen_check,mappo,43,frozen_check_03,6,executed_action==4 AND service_completed==false AND progressed==false AND migration_success==false,unknown_not_recorded,0,rsu_0,rsu_1,alpr,True,noop_all_resident,[],[],"[""base:family_a"",""adapter:alpr"",""base:family_b"",""adapter:helmet_distinct""]","[""base:family_a"",""adapter:alpr"",""base:family_b"",""adapter:helmet_distinct""]",False,True,False,0,0,8,8,8,False,True,,,63.61228976,unknown_not_identifiable_from_factual_ledger,noop_resident_set_no_new_admission
candidate_popart_critic_target,frozen_check,mappo,43,frozen_check_03,7,executed_action==4 AND service_completed==false AND progressed==false AND migration_success==false,unknown_not_recorded,0,rsu_0,rsu_1,alpr,True,noop_all_resident,[],[],"[""base:family_a"",""adapter:alpr"",""base:family_b"",""adapter:helmet_distinct""]","[""base:family_a"",""adapter:alpr"",""base:family_b"",""adapter:helmet_distinct""]",False,True,False,0,0,8,8,8,False,True,,,61.61228976,unknown_not_identifiable_from_factual_ledger,noop_resident_set_no_new_admission
candidate_popart_critic_target,frozen_check,mappo,43,frozen_check_04,1,executed_action==4 AND service_completed==false AND progressed==false AND migration_success==false,unknown_not_recorded,0,rsu_0,rsu_1,alpr,False,contact_budget_exceeded,[],[],"[""base:family_a"",""adapter:alpr""]","[""base:family_a"",""adapter:alpr""]",False,False,False,0,0,2,2,2,False,True,,,189.86714841188447,unknown_not_identifiable_from_factual_ledger,rollback_or_rejection_no_resident_change
candidate_popart_critic_target,frozen_check,mappo,43,frozen_check_04,5,executed_action==4 AND service_completed==false AND progressed==false AND migration_success==false,unknown_not_recorded,0,rsu_2,rsu_0,helmet_shared,False,contact_budget_exceeded,[],[],"[""base:family_a"",""adapter:helmet_shared""]","[""base:family_a"",""adapter:helmet_shared""]",False,False,False,0,0,6,6,6,False,True,,,120.6452475047198,unknown_not_identifiable_from_factual_ledger,rollback_or_rejection_no_resident_change
candidate_popart_critic_target,frozen_check,mappo,43,frozen_check_04,7,executed_action==4 AND service_completed==false AND progressed==false AND migration_success==false,unknown_not_recorded,0,rsu_0,rsu_1,alpr,False,contact_budget_exceeded,[],[],"[""base:family_a"",""adapter:alpr""]","[""base:family_a"",""adapter:alpr""]",False,False,False,0,0,8,8,8,False,True,,,70.8323106039728,unknown_not_identifiable_from_factual_ledger,rollback_or_rejection_no_resident_change
candidate_popart_critic_target,frozen_check,mappo,43,frozen_check_05,0,executed_action==4 AND service_completed==false AND progressed==false AND migration_success==false,unknown_not_recorded,0,rsu_0,rsu_1,helmet_shared,True,committed,"[""adapter:helmet_shared""]",[],"[""adapter:alpr"",""base:family_a""]","[""adapter:alpr"",""base:family_a"",""adapter:helmet_shared""]",True,True,False,9641944,0,2,2,2,True,False,,,29.61542344,unknown_not_identifiable_from_factual_ledger,committed_warm_reused_no_observed_victim_cost
candidate_popart_critic_target,frozen_check,mappo,43,frozen_check_05,1,executed_action==4 AND service_completed==false AND progressed==false AND migration_success==false,unknown_not_recorded,0,rsu_0,rsu_1,helmet_shared,True,noop_all_resident,[],[],"[""adapter:alpr"",""base:family_a"",""adapter:helmet_shared""]","[""adapter:alpr"",""base:family_a"",""adapter:helmet_shared""]",False,True,False,0,0,2,2,2,False,False,,,27.61542344,unknown_not_identifiable_from_factual_ledger,noop_resident_set_no_new_admission
candidate_popart_critic_target,frozen_check,mappo,43,frozen_check_06,3,executed_action==4 AND service_completed==false AND progressed==false AND migration_success==false,unknown_not_recorded,0,rsu_1,rsu_2,helmet_distinct,False,contact_budget_exceeded,"[""adapter:helmet_distinct"",""base:family_b""]",[],"[""base:family_a"",""adapter:alpr""]","[""base:family_a"",""adapter:alpr""]",False,False,False,0,0,4,4,,False,False,,,47.85190215596932,unknown_not_identifiable_from_factual_ledger,rollback_or_rejection_no_resident_change
candidate_popart_critic_target,frozen_check,mappo,43,frozen_check_06,4,executed_action==4 AND service_completed==false AND progressed==false AND migration_success==false,unknown_not_recorded,0,rsu_2,rsu_0,helmet_distinct,False,contact_budget_exceeded,[],[],"[""base:family_b"",""adapter:helmet_distinct""]","[""base:family_b"",""adapter:helmet_distinct""]",False,False,False,0,0,6,6,6,False,True,,,45.85190215596932,unknown_not_identifiable_from_factual_ledger,rollback_or_rejection_no_resident_change
candidate_popart_critic_target,frozen_check,mappo,43,frozen_check_06,5,executed_action==4 AND service_completed==false AND progressed==false AND migration_success==false,unknown_not_recorded,0,rsu_2,rsu_0,helmet_distinct,False,contact_budget_exceeded,[],[],"[""base:family_b"",""adapter:helmet_distinct""]","[""base:family_b"",""adapter:helmet_distinct""]",False,False,False,0,0,6,6,6,False,True,,,43.85190215596933,unknown_not_identifiable_from_factual_ledger,rollback_or_rejection_no_resident_change
candidate_popart_critic_target,frozen_check,mappo,43,frozen_check_06,7,executed_action==4 AND service_completed==false AND progressed==false AND migration_success==false,unknown_not_recorded,0,rsu_0,rsu_1,alpr,False,contact_budget_exceeded,[],[],"[""base:family_a"",""adapter:alpr""]","[""base:family_a"",""adapter:alpr""]",False,False,False,0,0,8,8,8,False,True,,,29.418324448804658,unknown_not_identifiable_from_factual_ledger,rollback_or_rejection_no_resident_change
candidate_popart_critic_target,frozen_check,mappo,43,frozen_check_07,2,executed_action==4 AND service_completed==false AND progressed==false AND migration_success==false,unknown_not_recorded,0,rsu_1,rsu_2,helmet_shared,False,contact_budget_exceeded,"[""adapter:helmet_shared"",""base:family_a""]",[],[],[],False,False,False,0,0,4,4,,False,False,,,50.70724628,unknown_not_identifiable_from_factual_ledger,rollback_or_rejection_no_resident_change
candidate_popart_critic_target,frozen_check,mappo,43,frozen_check_07,3,executed_action==4 AND service_completed==false AND progressed==false AND migration_success==false,unknown_not_recorded,0,rsu_1,rsu_2,helmet_shared,False,contact_budget_exceeded,"[""adapter:helmet_shared"",""base:family_a""]",[],[],[],False,False,False,0,0,4,4,,False,False,,,48.70724628,unknown_not_identifiable_from_factual_ledger,rollback_or_rejection_no_resident_change
candidate_popart_critic_target,frozen_check,mappo,43,frozen_check_07,4,executed_action==4 AND service_completed==false AND progressed==false AND migration_success==false,unknown_not_recorded,0,rsu_2,rsu_0,helmet_shared,True,noop_all_resident,[],[],"[""base:family_a"",""adapter:helmet_shared""]","[""base:family_a"",""adapter:helmet_shared""]",False,True,False,0,0,6,6,6,False,True,,,46.70724628,unknown_not_identifiable_from_factual_ledger,noop_resident_set_no_new_admission
candidate_popart_critic_target,frozen_check,mappo,43,frozen_check_07,5,executed_action==4 AND service_completed==false AND progressed==false AND migration_success==false,unknown_not_recorded,0,rsu_2,rsu_0,helmet_shared,True,noop_all_resident,[],[],"[""base:family_a"",""adapter:helmet_shared""]","[""base:family_a"",""adapter:helmet_shared""]",False,True,False,0,0,6,6,6,False,True,,,44.70724628,unknown_not_identifiable_from_factual_ledger,noop_resident_set_no_new_admission
candidate_popart_critic_target,frozen_check,mappo,43,frozen_check_07,8,executed_action==4 AND service_completed==false AND progressed==false AND migration_success==false,unknown_not_recorded,0,rsu_1,rsu_2,alpr,False,contact_budget_exceeded,"[""adapter:alpr"",""base:family_a""]",[],[],[],False,False,False,0,0,10,10,,False,False,,,34.96224428,unknown_not_identifiable_from_factual_ledger,rollback_or_rejection_no_resident_change
candidate_popart_critic_target,frozen_check,mappo,43,frozen_check_07,9,executed_action==4 AND service_completed==false AND progressed==false AND migration_success==false,unknown_not_recorded,0,rsu_1,rsu_2,alpr,False,contact_budget_exceeded,"[""adapter:alpr"",""base:family_a""]",[],[],[],False,False,False,0,0,10,10,,False,False,,,32.96224428,unknown_not_identifiable_from_factual_ledger,rollback_or_rejection_no_resident_change
candidate_popart_critic_target,frozen_check,mappo,43,frozen_check_07,10,executed_action==4 AND service_completed==false AND progressed==false AND migration_success==false,unknown_not_recorded,0,rsu_2,rsu_0,alpr,True,committed,"[""adapter:alpr""]",[],"[""base:family_a"",""adapter:helmet_shared""]","[""base:family_a"",""adapter:helmet_shared"",""adapter:alpr""]",True,True,False,154423432,0,12,12,12,True,True,,,24.054132000000003,unknown_not_identifiable_from_factual_ledger,committed_warm_reused_no_observed_victim_cost
candidate_popart_critic_target,frozen_check,mappo,43,frozen_check_07,11,executed_action==4 AND service_completed==false AND progressed==false AND migration_success==false,unknown_not_recorded,0,rsu_2,rsu_0,alpr,True,noop_all_resident,[],[],"[""base:family_a"",""adapter:helmet_shared"",""adapter:alpr""]","[""base:family_a"",""adapter:helmet_shared"",""adapter:alpr""]",False,True,False,0,0,12,12,12,False,True,,,22.054132,unknown_not_identifiable_from_factual_ledger,noop_resident_set_no_new_admission
candidate_popart_critic_target,frozen_check,mappo,43,frozen_check_07,14,executed_action==4 AND service_completed==false AND progressed==false AND migration_success==false,unknown_not_recorded,0,rsu_1,rsu_2,alpr,False,contact_budget_exceeded,"[""adapter:alpr"",""base:family_a""]",[],[],[],False,False,False,0,0,16,16,,False,False,,,12.874777,unknown_not_identifiable_from_factual_ledger,rollback_or_rejection_no_resident_change
candidate_popart_critic_target,frozen_check,mappo,43,frozen_check_07,15,executed_action==4 AND service_completed==false AND progressed==false AND migration_success==false,unknown_not_recorded,0,rsu_1,rsu_2,alpr,False,contact_budget_exceeded,"[""adapter:alpr"",""base:family_a""]",[],[],[],False,False,False,0,0,16,16,,False,False,,,10.874777,unknown_not_identifiable_from_factual_ledger,rollback_or_rejection_no_resident_change
candidate_popart_critic_target,frozen_check,mappo,43,frozen_check_07,16,executed_action==4 AND service_completed==false AND progressed==false AND migration_success==false,unknown_not_recorded,0,rsu_2,rsu_0,alpr,True,noop_all_resident,[],[],"[""base:family_a"",""adapter:helmet_shared"",""adapter:alpr""]","[""base:family_a"",""adapter:helmet_shared"",""adapter:alpr""]",False,True,False,0,0,18,18,18,False,True,,,8.874777,unknown_not_identifiable_from_factual_ledger,noop_resident_set_no_new_admission
candidate_popart_critic_target,frozen_check,mappo,43,frozen_check_07,17,executed_action==4 AND service_completed==false AND progressed==false AND migration_success==false,unknown_not_recorded,0,rsu_2,rsu_0,alpr,True,noop_all_resident,[],[],"[""base:family_a"",""adapter:helmet_shared"",""adapter:alpr""]","[""base:family_a"",""adapter:helmet_shared"",""adapter:alpr""]",False,True,False,0,0,18,18,18,False,True,,,6.874777,unknown_not_identifiable_from_factual_ledger,noop_resident_set_no_new_admission
candidate_popart_critic_target,frozen_check,ppo,7,frozen_check_00,2,executed_action==4 AND service_completed==false AND progressed==false AND migration_success==false,unknown_not_recorded,0,rsu_1,rsu_2,alpr,True,noop_all_resident,[],[],"[""base:family_a"",""adapter:alpr""]","[""base:family_a"",""adapter:alpr""]",False,True,False,0,0,4,4,4,False,False,,,52.16400768,unknown_not_identifiable_from_factual_ledger,noop_resident_set_no_new_admission
candidate_popart_critic_target,frozen_check,ppo,7,frozen_check_00,3,executed_action==4 AND service_completed==false AND progressed==false AND migration_success==false,unknown_not_recorded,0,rsu_1,rsu_2,alpr,True,noop_all_resident,[],[],"[""base:family_a"",""adapter:alpr""]","[""base:family_a"",""adapter:alpr""]",False,True,False,0,0,4,4,4,False,False,,,50.16400768,unknown_not_identifiable_from_factual_ledger,noop_resident_set_no_new_admission
candidate_popart_critic_target,frozen_check,ppo,7,frozen_check_00,7,executed_action==4 AND service_completed==false AND progressed==false AND migration_success==false,unknown_not_recorded,0,rsu_0,rsu_1,helmet_shared,True,committed,"[""adapter:helmet_shared""]","[""adapter:alpr""]","[""base:family_a"",""adapter:alpr""]","[""base:family_a"",""adapter:helmet_shared""]",True,True,False,9641944,0,8,8,8,True,False,9,9,10.746539912,unknown_not_identifiable_from_factual_ledger,committed_warm_reused_with_observed_victim_cost
candidate_popart_critic_target,frozen_check,ppo,7,frozen_check_00,9,executed_action==4 AND service_completed==false AND progressed==false AND migration_success==false,unknown_not_recorded,0,rsu_1,rsu_2,alpr,True,committed,"[""adapter:alpr""]","[""adapter:helmet_shared""]","[""base:family_a"",""adapter:helmet_shared""]","[""base:family_a"",""adapter:alpr""]",True,True,False,154423432,0,10,10,10,True,True,,,3.8316679519999997,unknown_not_identifiable_from_factual_ledger,committed_warm_reused_no_observed_victim_cost
candidate_popart_critic_target,frozen_check,ppo,7,frozen_check_02,2,executed_action==4 AND service_completed==false AND progressed==false AND migration_success==false,unknown_not_recorded,0,rsu_1,rsu_2,alpr,True,noop_all_resident,[],[],"[""base:family_a"",""adapter:alpr""]","[""base:family_a"",""adapter:alpr""]",False,True,False,0,0,4,4,4,False,True,,,43.348863247164665,unknown_not_identifiable_from_factual_ledger,noop_resident_set_no_new_admission
candidate_popart_critic_target,frozen_check,ppo,7,frozen_check_02,3,executed_action==4 AND service_completed==false AND progressed==false AND migration_success==false,unknown_not_recorded,0,rsu_1,rsu_2,alpr,True,noop_all_resident,[],[],"[""base:family_a"",""adapter:alpr""]","[""base:family_a"",""adapter:alpr""]",False,True,False,0,0,4,4,4,False,True,,,41.348863247164665,unknown_not_identifiable_from_factual_ledger,noop_resident_set_no_new_admission
candidate_popart_critic_target,frozen_check,ppo,7,frozen_check_02,5,executed_action==4 AND service_completed==false AND progressed==false AND migration_success==false,unknown_not_recorded,0,rsu_2,rsu_0,helmet_distinct,True,noop_all_resident,[],[],"[""base:family_b"",""adapter:helmet_distinct""]","[""base:family_b"",""adapter:helmet_distinct""]",False,True,False,0,0,6,6,6,False,True,,,33.10642490558233,unknown_not_identifiable_from_factual_ledger,noop_resident_set_no_new_admission
candidate_popart_critic_target,frozen_check,ppo,7,frozen_check_02,7,executed_action==4 AND service_completed==false AND progressed==false AND migration_success==false,unknown_not_recorded,0,rsu_0,rsu_1,alpr,False,contact_budget_exceeded,"[""adapter:alpr"",""base:family_a""]","[""adapter:helmet_distinct"",""base:family_b""]","[""base:family_b"",""adapter:helmet_distinct""]","[""base:family_b"",""adapter:helmet_distinct""]",False,False,False,0,0,8,8,,False,False,,,17.54186304,unknown_not_identifiable_from_factual_ledger,rollback_or_rejection_no_resident_change
candidate_popart_critic_target,frozen_check,ppo,7,frozen_check_03,1,executed_action==4 AND service_completed==false AND progressed==false AND migration_success==false,unknown_not_recorded,0,rsu_0,rsu_1,alpr,True,noop_all_resident,[],[],"[""base:family_a"",""adapter:alpr"",""base:family_b"",""adapter:helmet_distinct""]","[""base:family_a"",""adapter:alpr"",""base:family_b"",""adapter:helmet_distinct""]",False,True,False,0,0,2,2,2,False,True,,,80.89285936,unknown_not_identifiable_from_factual_ledger,noop_resident_set_no_new_admission
candidate_popart_critic_target,frozen_check,ppo,7,frozen_check_03,6,executed_action==4 AND service_completed==false AND progressed==false AND migration_success==false,unknown_not_recorded,0,rsu_0,rsu_1,alpr,True,noop_all_resident,[],[],"[""base:family_a"",""adapter:alpr"",""base:family_b"",""adapter:helmet_distinct""]","[""base:family_a"",""adapter:alpr"",""base:family_b"",""adapter:helmet_distinct""]",False,True,False,0,0,8,8,8,False,True,,,63.61228976,unknown_not_identifiable_from_factual_ledger,noop_resident_set_no_new_admission
candidate_popart_critic_target,frozen_check,ppo,7,frozen_check_03,7,executed_action==4 AND service_completed==false AND progressed==false AND migration_success==false,unknown_not_recorded,0,rsu_0,rsu_1,alpr,True,noop_all_resident,[],[],"[""base:family_a"",""adapter:alpr"",""base:family_b"",""adapter:helmet_distinct""]","[""base:family_a"",""adapter:alpr"",""base:family_b"",""adapter:helmet_distinct""]",False,True,False,0,0,8,8,8,False,True,,,61.61228976,unknown_not_identifiable_from_factual_ledger,noop_resident_set_no_new_admission
candidate_popart_critic_target,frozen_check,ppo,7,frozen_check_04,1,executed_action==4 AND service_completed==false AND progressed==false AND migration_success==false,unknown_not_recorded,0,rsu_0,rsu_1,alpr,False,contact_budget_exceeded,[],[],"[""base:family_a"",""adapter:alpr""]","[""base:family_a"",""adapter:alpr""]",False,False,False,0,0,2,2,2,False,True,,,189.86714841188447,unknown_not_identifiable_from_factual_ledger,rollback_or_rejection_no_resident_change
candidate_popart_critic_target,frozen_check,ppo,7,frozen_check_04,5,executed_action==4 AND service_completed==false AND progressed==false AND migration_success==false,unknown_not_recorded,0,rsu_2,rsu_0,helmet_shared,False,contact_budget_exceeded,[],[],"[""base:family_a"",""adapter:helmet_shared""]","[""base:family_a"",""adapter:helmet_shared""]",False,False,False,0,0,6,6,6,False,True,,,120.6452475047198,unknown_not_identifiable_from_factual_ledger,rollback_or_rejection_no_resident_change
candidate_popart_critic_target,frozen_check,ppo,7,frozen_check_04,7,executed_action==4 AND service_completed==false AND progressed==false AND migration_success==false,unknown_not_recorded,0,rsu_0,rsu_1,alpr,False,contact_budget_exceeded,[],[],"[""base:family_a"",""adapter:alpr""]","[""base:family_a"",""adapter:alpr""]",False,False,False,0,0,8,8,8,False,True,,,70.8323106039728,unknown_not_identifiable_from_factual_ledger,rollback_or_rejection_no_resident_change
candidate_popart_critic_target,frozen_check,ppo,7,frozen_check_05,0,executed_action==4 AND service_completed==false AND progressed==false AND migration_success==false,unknown_not_recorded,0,rsu_0,rsu_1,helmet_shared,True,committed,"[""adapter:helmet_shared""]",[],"[""adapter:alpr"",""base:family_a""]","[""adapter:alpr"",""base:family_a"",""adapter:helmet_shared""]",True,True,False,9641944,0,2,2,2,True,False,,,29.61542344,unknown_not_identifiable_from_factual_ledger,committed_warm_reused_no_observed_victim_cost
candidate_popart_critic_target,frozen_check,ppo,7,frozen_check_05,1,executed_action==4 AND service_completed==false AND progressed==false AND migration_success==false,unknown_not_recorded,0,rsu_0,rsu_1,helmet_shared,True,noop_all_resident,[],[],"[""adapter:alpr"",""base:family_a"",""adapter:helmet_shared""]","[""adapter:alpr"",""base:family_a"",""adapter:helmet_shared""]",False,True,False,0,0,2,2,2,False,False,,,27.61542344,unknown_not_identifiable_from_factual_ledger,noop_resident_set_no_new_admission
candidate_popart_critic_target,frozen_check,ppo,7,frozen_check_06,3,executed_action==4 AND service_completed==false AND progressed==false AND migration_success==false,unknown_not_recorded,0,rsu_1,rsu_2,helmet_distinct,False,contact_budget_exceeded,"[""adapter:helmet_distinct"",""base:family_b""]",[],"[""base:family_a"",""adapter:alpr""]","[""base:family_a"",""adapter:alpr""]",False,False,False,0,0,4,4,,False,False,,,47.85190215596932,unknown_not_identifiable_from_factual_ledger,rollback_or_rejection_no_resident_change
candidate_popart_critic_target,frozen_check,ppo,7,frozen_check_06,4,executed_action==4 AND service_completed==false AND progressed==false AND migration_success==false,unknown_not_recorded,0,rsu_2,rsu_0,helmet_distinct,False,contact_budget_exceeded,[],[],"[""base:family_b"",""adapter:helmet_distinct""]","[""base:family_b"",""adapter:helmet_distinct""]",False,False,False,0,0,6,6,6,False,True,,,45.85190215596932,unknown_not_identifiable_from_factual_ledger,rollback_or_rejection_no_resident_change
candidate_popart_critic_target,frozen_check,ppo,7,frozen_check_06,5,executed_action==4 AND service_completed==false AND progressed==false AND migration_success==false,unknown_not_recorded,0,rsu_2,rsu_0,helmet_distinct,False,contact_budget_exceeded,[],[],"[""base:family_b"",""adapter:helmet_distinct""]","[""base:family_b"",""adapter:helmet_distinct""]",False,False,False,0,0,6,6,6,False,True,,,43.85190215596933,unknown_not_identifiable_from_factual_ledger,rollback_or_rejection_no_resident_change
candidate_popart_critic_target,frozen_check,ppo,7,frozen_check_06,7,executed_action==4 AND service_completed==false AND progressed==false AND migration_success==false,unknown_not_recorded,0,rsu_0,rsu_1,alpr,False,contact_budget_exceeded,[],[],"[""base:family_a"",""adapter:alpr""]","[""base:family_a"",""adapter:alpr""]",False,False,False,0,0,8,8,8,False,True,,,29.418324448804658,unknown_not_identifiable_from_factual_ledger,rollback_or_rejection_no_resident_change
candidate_popart_critic_target,frozen_check,ppo,7,frozen_check_07,2,executed_action==4 AND service_completed==false AND progressed==false AND migration_success==false,unknown_not_recorded,0,rsu_1,rsu_2,helmet_shared,False,contact_budget_exceeded,"[""adapter:helmet_shared"",""base:family_a""]",[],[],[],False,False,False,0,0,4,4,,False,False,,,66.76652196,unknown_not_identifiable_from_factual_ledger,rollback_or_rejection_no_resident_change
candidate_popart_critic_target,frozen_check,ppo,7,frozen_check_07,3,executed_action==4 AND service_completed==false AND progressed==false AND migration_success==false,unknown_not_recorded,0,rsu_1,rsu_2,helmet_shared,False,contact_budget_exceeded,"[""adapter:helmet_shared"",""base:family_a""]",[],[],[],False,False,False,0,0,4,4,,False,False,,,64.76652196,unknown_not_identifiable_from_factual_ledger,rollback_or_rejection_no_resident_change
candidate_popart_critic_target,frozen_check,ppo,7,frozen_check_07,4,executed_action==4 AND service_completed==false AND progressed==false AND migration_success==false,unknown_not_recorded,0,rsu_2,rsu_0,helmet_shared,True,noop_all_resident,[],[],"[""base:family_a"",""adapter:helmet_shared""]","[""base:family_a"",""adapter:helmet_shared""]",False,True,False,0,0,6,6,6,False,True,,,62.76652196,unknown_not_identifiable_from_factual_ledger,noop_resident_set_no_new_admission
candidate_popart_critic_target,frozen_check,ppo,7,frozen_check_07,5,executed_action==4 AND service_completed==false AND progressed==false AND migration_success==false,unknown_not_recorded,0,rsu_2,rsu_0,helmet_shared,True,noop_all_resident,[],[],"[""base:family_a"",""adapter:helmet_shared""]","[""base:family_a"",""adapter:helmet_shared""]",False,True,False,0,0,6,6,6,False,True,,,60.76652196,unknown_not_identifiable_from_factual_ledger,noop_resident_set_no_new_admission
candidate_popart_critic_target,frozen_check,ppo,7,frozen_check_07,8,executed_action==4 AND service_completed==false AND progressed==false AND migration_success==false,unknown_not_recorded,0,rsu_1,rsu_2,alpr,False,contact_budget_exceeded,"[""adapter:alpr"",""base:family_a""]",[],[],[],False,False,False,0,0,10,10,,False,False,,,51.02151996,unknown_not_identifiable_from_factual_ledger,rollback_or_rejection_no_resident_change
candidate_popart_critic_target,frozen_check,ppo,7,frozen_check_07,9,executed_action==4 AND service_completed==false AND progressed==false AND migration_success==false,unknown_not_recorded,0,rsu_1,rsu_2,alpr,False,contact_budget_exceeded,"[""adapter:alpr"",""base:family_a""]",[],[],[],False,False,False,0,0,10,10,,False,False,,,49.02151996,unknown_not_identifiable_from_factual_ledger,rollback_or_rejection_no_resident_change
candidate_popart_critic_target,frozen_check,ppo,7,frozen_check_07,10,executed_action==4 AND service_completed==false AND progressed==false AND migration_success==false,unknown_not_recorded,0,rsu_2,rsu_0,alpr,True,committed,"[""adapter:alpr""]",[],"[""base:family_a"",""adapter:helmet_shared""]","[""base:family_a"",""adapter:helmet_shared"",""adapter:alpr""]",True,True,False,154423432,0,12,12,12,True,True,,,40.11340768,unknown_not_identifiable_from_factual_ledger,committed_warm_reused_no_observed_victim_cost
candidate_popart_critic_target,frozen_check,ppo,7,frozen_check_07,11,executed_action==4 AND service_completed==false AND progressed==false AND migration_success==false,unknown_not_recorded,0,rsu_2,rsu_0,alpr,True,noop_all_resident,[],[],"[""base:family_a"",""adapter:helmet_shared"",""adapter:alpr""]","[""base:family_a"",""adapter:helmet_shared"",""adapter:alpr""]",False,True,False,0,0,12,12,12,False,True,,,38.11340768,unknown_not_identifiable_from_factual_ledger,noop_resident_set_no_new_admission
candidate_popart_critic_target,frozen_check,ppo,7,frozen_check_07,14,executed_action==4 AND service_completed==false AND progressed==false AND migration_success==false,unknown_not_recorded,0,rsu_1,rsu_2,alpr,False,contact_budget_exceeded,"[""adapter:alpr"",""base:family_a""]",[],[],[],False,False,False,0,0,16,16,,False,False,,,28.93405268,unknown_not_identifiable_from_factual_ledger,rollback_or_rejection_no_resident_change
candidate_popart_critic_target,frozen_check,ppo,7,frozen_check_07,15,executed_action==4 AND service_completed==false AND progressed==false AND migration_success==false,unknown_not_recorded,0,rsu_1,rsu_2,alpr,False,contact_budget_exceeded,"[""adapter:alpr"",""base:family_a""]",[],[],[],False,False,False,0,0,16,16,,False,False,,,26.93405268,unknown_not_identifiable_from_factual_ledger,rollback_or_rejection_no_resident_change
candidate_popart_critic_target,frozen_check,ppo,7,frozen_check_07,16,executed_action==4 AND service_completed==false AND progressed==false AND migration_success==false,unknown_not_recorded,0,rsu_2,rsu_0,alpr,True,noop_all_resident,[],[],"[""base:family_a"",""adapter:helmet_shared"",""adapter:alpr""]","[""base:family_a"",""adapter:helmet_shared"",""adapter:alpr""]",False,True,False,0,0,18,18,,False,False,,,24.93405268,unknown_not_identifiable_from_factual_ledger,noop_resident_set_no_new_admission
candidate_popart_critic_target,frozen_check,ppo,7,frozen_check_07,17,executed_action==4 AND service_completed==false AND progressed==false AND migration_success==false,unknown_not_recorded,0,rsu_2,rsu_0,alpr,True,noop_all_resident,[],[],"[""base:family_a"",""adapter:helmet_shared"",""adapter:alpr""]","[""base:family_a"",""adapter:helmet_shared"",""adapter:alpr""]",False,True,False,0,0,18,18,,False,False,,,22.93405268,unknown_not_identifiable_from_factual_ledger,noop_resident_set_no_new_admission
candidate_popart_critic_target,frozen_check,sa_ghmappo,7,frozen_check_00,5,executed_action==4 AND service_completed==false AND progressed==false AND migration_success==false,unknown_not_recorded,0,rsu_2,rsu_0,helmet_shared,True,noop_all_resident,[],[],"[""base:family_a"",""adapter:helmet_shared""]","[""base:family_a"",""adapter:helmet_shared""]",False,True,False,0,0,6,6,6,False,True,,,123.50349604000002,unknown_not_identifiable_from_factual_ledger,noop_resident_set_no_new_admission
candidate_popart_critic_target,frozen_check,sa_ghmappo,7,frozen_check_00,7,executed_action==4 AND service_completed==false AND progressed==false AND migration_success==false,unknown_not_recorded,0,rsu_0,rsu_1,alpr,True,noop_all_resident,[],[],"[""base:family_a"",""adapter:alpr""]","[""base:family_a"",""adapter:alpr""]",False,True,False,0,0,8,8,8,False,True,,,64.99536196000001,unknown_not_identifiable_from_factual_ledger,noop_resident_set_no_new_admission
candidate_popart_critic_target,frozen_check,sa_ghmappo,7,frozen_check_03,1,executed_action==4 AND service_completed==false AND progressed==false AND migration_success==false,unknown_not_recorded,0,rsu_0,rsu_1,alpr,True,noop_all_resident,[],[],"[""base:family_a"",""adapter:alpr""]","[""base:family_a"",""adapter:alpr""]",False,True,False,0,0,2,2,2,False,True,,,98.048197792,unknown_not_identifiable_from_factual_ledger,noop_resident_set_no_new_admission
candidate_popart_critic_target,frozen_check,sa_ghmappo,7,frozen_check_04,1,executed_action==4 AND service_completed==false AND progressed==false AND migration_success==false,unknown_not_recorded,0,rsu_0,rsu_1,alpr,False,contact_budget_exceeded,[],[],"[""base:family_a"",""adapter:alpr""]","[""base:family_a"",""adapter:alpr""]",False,False,False,0,0,2,2,2,False,True,,,189.86714841188447,unknown_not_identifiable_from_factual_ledger,rollback_or_rejection_no_resident_change
candidate_popart_critic_target,frozen_check,sa_ghmappo,7,frozen_check_04,5,executed_action==4 AND service_completed==false AND progressed==false AND migration_success==false,unknown_not_recorded,0,rsu_2,rsu_0,helmet_shared,False,contact_budget_exceeded,[],[],"[""base:family_a"",""adapter:helmet_shared""]","[""base:family_a"",""adapter:helmet_shared""]",False,False,False,0,0,6,6,6,False,True,,,120.6452475047198,unknown_not_identifiable_from_factual_ledger,rollback_or_rejection_no_resident_change
candidate_popart_critic_target,frozen_check,sa_ghmappo,7,frozen_check_04,7,executed_action==4 AND service_completed==false AND progressed==false AND migration_success==false,unknown_not_recorded,0,rsu_0,rsu_1,alpr,False,contact_budget_exceeded,[],[],"[""base:family_a"",""adapter:alpr""]","[""base:family_a"",""adapter:alpr""]",False,False,False,0,0,8,8,8,False,True,,,70.8323106039728,unknown_not_identifiable_from_factual_ledger,rollback_or_rejection_no_resident_change
candidate_popart_critic_target,frozen_check,sa_ghmappo,17,frozen_check_00,5,executed_action==4 AND service_completed==false AND progressed==false AND migration_success==false,unknown_not_recorded,0,rsu_2,rsu_0,helmet_shared,True,noop_all_resident,[],[],"[""base:family_a"",""adapter:helmet_shared""]","[""base:family_a"",""adapter:helmet_shared""]",False,True,False,0,0,6,6,6,False,True,,,123.50349604000002,unknown_not_identifiable_from_factual_ledger,noop_resident_set_no_new_admission
candidate_popart_critic_target,frozen_check,sa_ghmappo,17,frozen_check_00,7,executed_action==4 AND service_completed==false AND progressed==false AND migration_success==false,unknown_not_recorded,0,rsu_0,rsu_1,alpr,True,noop_all_resident,[],[],"[""base:family_a"",""adapter:alpr""]","[""base:family_a"",""adapter:alpr""]",False,True,False,0,0,8,8,8,False,True,,,64.99536196000001,unknown_not_identifiable_from_factual_ledger,noop_resident_set_no_new_admission
candidate_popart_critic_target,frozen_check,sa_ghmappo,17,frozen_check_01,6,executed_action==4 AND service_completed==false AND progressed==false AND migration_success==false,unknown_not_recorded,0,rsu_0,rsu_1,alpr,True,noop_all_resident,[],[],"[""base:family_a"",""adapter:alpr"",""adapter:helmet_shared""]","[""base:family_a"",""adapter:alpr"",""adapter:helmet_shared""]",False,True,False,0,0,8,8,8,False,True,,,85.20000403743941,unknown_not_identifiable_from_factual_ledger,noop_resident_set_no_new_admission
candidate_popart_critic_target,frozen_check,sa_ghmappo,17,frozen_check_01,7,executed_action==4 AND service_completed==false AND progressed==false AND migration_success==false,unknown_not_recorded,0,rsu_0,rsu_1,alpr,True,noop_all_resident,[],[],"[""base:family_a"",""adapter:alpr"",""adapter:helmet_shared""]","[""base:family_a"",""adapter:alpr"",""adapter:helmet_shared""]",False,True,False,0,0,8,8,8,False,True,,,83.20000403743941,unknown_not_identifiable_from_factual_ledger,noop_resident_set_no_new_admission
candidate_popart_critic_target,frozen_check,sa_ghmappo,17,frozen_check_03,1,executed_action==4 AND service_completed==false AND progressed==false AND migration_success==false,unknown_not_recorded,0,rsu_0,rsu_1,alpr,True,noop_all_resident,[],[],"[""base:family_a"",""adapter:alpr""]","[""base:family_a"",""adapter:alpr""]",False,True,False,0,0,2,2,2,False,True,,,91.7061704,unknown_not_identifiable_from_factual_ledger,noop_resident_set_no_new_admission
candidate_popart_critic_target,frozen_check,sa_ghmappo,17,frozen_check_03,6,executed_action==4 AND service_completed==false AND progressed==false AND migration_success==false,unknown_not_recorded,0,rsu_0,rsu_1,alpr,True,noop_all_resident,[],[],"[""base:family_a"",""adapter:alpr""]","[""base:family_a"",""adapter:alpr""]",False,True,False,0,0,8,8,8,False,True,,,63.61228976,unknown_not_identifiable_from_factual_ledger,noop_resident_set_no_new_admission
candidate_popart_critic_target,frozen_check,sa_ghmappo,17,frozen_check_03,7,executed_action==4 AND service_completed==false AND progressed==false AND migration_success==false,unknown_not_recorded,0,rsu_0,rsu_1,alpr,True,noop_all_resident,[],[],"[""base:family_a"",""adapter:alpr""]","[""base:family_a"",""adapter:alpr""]",False,True,False,0,0,8,8,8,False,True,,,61.61228976,unknown_not_identifiable_from_factual_ledger,noop_resident_set_no_new_admission
candidate_popart_critic_target,frozen_check,sa_ghmappo,17,frozen_check_04,1,executed_action==4 AND service_completed==false AND progressed==false AND migration_success==false,unknown_not_recorded,0,rsu_0,rsu_1,alpr,False,contact_budget_exceeded,[],[],"[""base:family_a"",""adapter:alpr""]","[""base:family_a"",""adapter:alpr""]",False,False,False,0,0,2,2,2,False,True,,,189.86714841188447,unknown_not_identifiable_from_factual_ledger,rollback_or_rejection_no_resident_change
candidate_popart_critic_target,frozen_check,sa_ghmappo,17,frozen_check_04,5,executed_action==4 AND service_completed==false AND progressed==false AND migration_success==false,unknown_not_recorded,0,rsu_2,rsu_0,helmet_shared,False,contact_budget_exceeded,[],[],"[""base:family_a"",""adapter:helmet_shared""]","[""base:family_a"",""adapter:helmet_shared""]",False,False,False,0,0,6,6,6,False,True,,,120.6452475047198,unknown_not_identifiable_from_factual_ledger,rollback_or_rejection_no_resident_change
candidate_popart_critic_target,frozen_check,sa_ghmappo,17,frozen_check_04,7,executed_action==4 AND service_completed==false AND progressed==false AND migration_success==false,unknown_not_recorded,0,rsu_0,rsu_1,alpr,False,contact_budget_exceeded,[],[],"[""base:family_a"",""adapter:alpr""]","[""base:family_a"",""adapter:alpr""]",False,False,False,0,0,8,8,8,False,True,,,70.8323106039728,unknown_not_identifiable_from_factual_ledger,rollback_or_rejection_no_resident_change
candidate_popart_critic_target,frozen_check,sa_ghmappo,17,frozen_check_07,8,executed_action==4 AND service_completed==false AND progressed==false AND migration_success==false,unknown_not_recorded,0,rsu_1,rsu_2,alpr,True,noop_all_resident,[],[],"[""base:family_a"",""adapter:alpr""]","[""base:family_a"",""adapter:alpr""]",False,True,False,0,0,10,10,10,False,True,,,49.11429076679117,unknown_not_identifiable_from_factual_ledger,noop_resident_set_no_new_admission
candidate_popart_critic_target,frozen_check,sa_ghmappo,17,frozen_check_07,9,executed_action==4 AND service_completed==false AND progressed==false AND migration_success==false,unknown_not_recorded,0,rsu_1,rsu_2,alpr,True,noop_all_resident,[],[],"[""base:family_a"",""adapter:alpr""]","[""base:family_a"",""adapter:alpr""]",False,True,False,0,0,10,10,10,False,True,,,47.11429076679117,unknown_not_identifiable_from_factual_ledger,noop_resident_set_no_new_admission
candidate_popart_critic_target,frozen_check,sa_ghmappo,29,frozen_check_00,6,executed_action==4 AND service_completed==false AND progressed==false AND migration_success==false,unknown_not_recorded,0,rsu_0,rsu_1,alpr,True,noop_all_resident,[],[],"[""base:family_a"",""adapter:alpr""]","[""base:family_a"",""adapter:alpr""]",False,True,False,0,0,8,8,8,False,True,,,66.970928008,unknown_not_identifiable_from_factual_ledger,noop_resident_set_no_new_admission
candidate_popart_critic_target,frozen_check,sa_ghmappo,29,frozen_check_00,7,executed_action==4 AND service_completed==false AND progressed==false AND migration_success==false,unknown_not_recorded,0,rsu_0,rsu_1,alpr,True,noop_all_resident,[],[],"[""base:family_a"",""adapter:alpr""]","[""base:family_a"",""adapter:alpr""]",False,True,False,0,0,8,8,8,False,True,,,64.970928008,unknown_not_identifiable_from_factual_ledger,noop_resident_set_no_new_admission
candidate_popart_critic_target,frozen_check,sa_ghmappo,29,frozen_check_01,6,executed_action==4 AND service_completed==false AND progressed==false AND migration_success==false,unknown_not_recorded,0,rsu_0,rsu_1,alpr,True,noop_all_resident,[],[],"[""base:family_a"",""adapter:alpr"",""adapter:helmet_shared""]","[""base:family_a"",""adapter:alpr"",""adapter:helmet_shared""]",False,True,False,0,0,8,8,8,False,True,,,85.20000403743941,unknown_not_identifiable_from_factual_ledger,noop_resident_set_no_new_admission
candidate_popart_critic_target,frozen_check,sa_ghmappo,29,frozen_check_01,7,executed_action==4 AND service_completed==false AND progressed==false AND migration_success==false,unknown_not_recorded,0,rsu_0,rsu_1,alpr,True,noop_all_resident,[],[],"[""base:family_a"",""adapter:alpr"",""adapter:helmet_shared""]","[""base:family_a"",""adapter:alpr"",""adapter:helmet_shared""]",False,True,False,0,0,8,8,8,False,True,,,83.20000403743941,unknown_not_identifiable_from_factual_ledger,noop_resident_set_no_new_admission
candidate_popart_critic_target,frozen_check,sa_ghmappo,29,frozen_check_03,1,executed_action==4 AND service_completed==false AND progressed==false AND migration_success==false,unknown_not_recorded,0,rsu_0,rsu_1,alpr,True,noop_all_resident,[],[],"[""base:family_a"",""adapter:alpr""]","[""base:family_a"",""adapter:alpr""]",False,True,False,0,0,2,2,2,False,True,,,98.048197792,unknown_not_identifiable_from_factual_ledger,noop_resident_set_no_new_admission
candidate_popart_critic_target,frozen_check,sa_ghmappo,29,frozen_check_04,1,executed_action==4 AND service_completed==false AND progressed==false AND migration_success==false,unknown_not_recorded,0,rsu_0,rsu_1,alpr,False,contact_budget_exceeded,[],[],"[""base:family_a"",""adapter:alpr""]","[""base:family_a"",""adapter:alpr""]",False,False,False,0,0,2,2,2,False,True,,,153.51668155113748,unknown_not_identifiable_from_factual_ledger,rollback_or_rejection_no_resident_change
candidate_popart_critic_target,frozen_check,sa_ghmappo,29,frozen_check_07,8,executed_action==4 AND service_completed==false AND progressed==false AND migration_success==false,unknown_not_recorded,0,rsu_1,rsu_2,alpr,True,noop_all_resident,[],[],"[""base:family_a"",""adapter:alpr""]","[""base:family_a"",""adapter:alpr""]",False,True,False,0,0,10,10,10,False,True,,,49.11429076679117,unknown_not_identifiable_from_factual_ledger,noop_resident_set_no_new_admission
candidate_popart_critic_target,frozen_check,sa_ghmappo,29,frozen_check_07,9,executed_action==4 AND service_completed==false AND progressed==false AND migration_success==false,unknown_not_recorded,0,rsu_1,rsu_2,alpr,True,noop_all_resident,[],[],"[""base:family_a"",""adapter:alpr""]","[""base:family_a"",""adapter:alpr""]",False,True,False,0,0,10,10,10,False,True,,,47.11429076679117,unknown_not_identifiable_from_factual_ledger,noop_resident_set_no_new_admission
candidate_popart_critic_target,frozen_check,sa_ghmappo,43,frozen_check_00,2,executed_action==4 AND service_completed==false AND progressed==false AND migration_success==false,unknown_not_recorded,0,rsu_1,rsu_2,alpr,True,noop_all_resident,[],[],"[""base:family_a"",""adapter:alpr""]","[""base:family_a"",""adapter:alpr""]",False,True,False,0,0,4,4,4,False,False,,,162.544247848,unknown_not_identifiable_from_factual_ledger,noop_resident_set_no_new_admission
candidate_popart_critic_target,frozen_check,sa_ghmappo,43,frozen_check_00,3,executed_action==4 AND service_completed==false AND progressed==false AND migration_success==false,unknown_not_recorded,0,rsu_1,rsu_2,alpr,True,noop_all_resident,[],[],"[""base:family_a"",""adapter:alpr""]","[""base:family_a"",""adapter:alpr""]",False,True,False,0,0,4,4,4,False,False,,,160.544247848,unknown_not_identifiable_from_factual_ledger,noop_resident_set_no_new_admission
candidate_popart_critic_target,frozen_check,sa_ghmappo,43,frozen_check_00,7,executed_action==4 AND service_completed==false AND progressed==false AND migration_success==false,unknown_not_recorded,0,rsu_0,rsu_1,helmet_shared,True,noop_all_resident,[],[],"[""base:family_a"",""adapter:helmet_shared""]","[""base:family_a"",""adapter:helmet_shared""]",False,True,False,0,0,8,8,8,False,True,,,123.50349604000002,unknown_not_identifiable_from_factual_ledger,noop_resident_set_no_new_admission
candidate_popart_critic_target,frozen_check,sa_ghmappo,43,frozen_check_00,9,executed_action==4 AND service_completed==false AND progressed==false AND migration_success==false,unknown_not_recorded,0,rsu_1,rsu_2,alpr,True,noop_all_resident,[],[],"[""base:family_a"",""adapter:alpr""]","[""base:family_a"",""adapter:alpr""]",False,True,False,0,0,10,10,10,False,True,,,64.99536196000001,unknown_not_identifiable_from_factual_ledger,noop_resident_set_no_new_admission
candidate_popart_critic_target,frozen_check,sa_ghmappo,43,frozen_check_01,6,executed_action==4 AND service_completed==false AND progressed==false AND migration_success==false,unknown_not_recorded,0,rsu_0,rsu_1,alpr,True,noop_all_resident,[],[],"[""base:family_a"",""adapter:alpr"",""adapter:helmet_shared""]","[""base:family_a"",""adapter:alpr"",""adapter:helmet_shared""]",False,True,False,0,0,8,8,8,False,True,,,85.20000403743941,unknown_not_identifiable_from_factual_ledger,noop_resident_set_no_new_admission
candidate_popart_critic_target,frozen_check,sa_ghmappo,43,frozen_check_01,7,executed_action==4 AND service_completed==false AND progressed==false AND migration_success==false,unknown_not_recorded,0,rsu_0,rsu_1,alpr,True,noop_all_resident,[],[],"[""base:family_a"",""adapter:alpr"",""adapter:helmet_shared""]","[""base:family_a"",""adapter:alpr"",""adapter:helmet_shared""]",False,True,False,0,0,8,8,8,False,True,,,83.20000403743941,unknown_not_identifiable_from_factual_ledger,noop_resident_set_no_new_admission
candidate_popart_critic_target,frozen_check,sa_ghmappo,43,frozen_check_03,1,executed_action==4 AND service_completed==false AND progressed==false AND migration_success==false,unknown_not_recorded,0,rsu_0,rsu_1,alpr,True,noop_all_resident,[],[],"[""base:family_a"",""adapter:alpr""]","[""base:family_a"",""adapter:alpr""]",False,True,False,0,0,2,2,2,False,True,,,91.7061704,unknown_not_identifiable_from_factual_ledger,noop_resident_set_no_new_admission
candidate_popart_critic_target,frozen_check,sa_ghmappo,43,frozen_check_03,6,executed_action==4 AND service_completed==false AND progressed==false AND migration_success==false,unknown_not_recorded,0,rsu_0,rsu_1,alpr,True,noop_all_resident,[],[],"[""base:family_a"",""adapter:alpr""]","[""base:family_a"",""adapter:alpr""]",False,True,False,0,0,8,8,8,False,True,,,63.61228976,unknown_not_identifiable_from_factual_ledger,noop_resident_set_no_new_admission
candidate_popart_critic_target,frozen_check,sa_ghmappo,43,frozen_check_03,7,executed_action==4 AND service_completed==false AND progressed==false AND migration_success==false,unknown_not_recorded,0,rsu_0,rsu_1,alpr,True,noop_all_resident,[],[],"[""base:family_a"",""adapter:alpr""]","[""base:family_a"",""adapter:alpr""]",False,True,False,0,0,8,8,8,False,True,,,61.61228976,unknown_not_identifiable_from_factual_ledger,noop_resident_set_no_new_admission
candidate_popart_critic_target,frozen_check,sa_ghmappo,43,frozen_check_04,1,executed_action==4 AND service_completed==false AND progressed==false AND migration_success==false,unknown_not_recorded,0,rsu_0,rsu_1,alpr,False,contact_budget_exceeded,[],[],"[""base:family_a"",""adapter:alpr""]","[""base:family_a"",""adapter:alpr""]",False,False,False,0,0,2,2,2,False,True,,,189.86714841188447,unknown_not_identifiable_from_factual_ledger,rollback_or_rejection_no_resident_change
candidate_popart_critic_target,frozen_check,sa_ghmappo,43,frozen_check_04,5,executed_action==4 AND service_completed==false AND progressed==false AND migration_success==false,unknown_not_recorded,0,rsu_2,rsu_0,helmet_shared,False,contact_budget_exceeded,[],[],"[""base:family_a"",""adapter:helmet_shared""]","[""base:family_a"",""adapter:helmet_shared""]",False,False,False,0,0,6,6,6,False,True,,,120.6452475047198,unknown_not_identifiable_from_factual_ledger,rollback_or_rejection_no_resident_change
candidate_popart_critic_target,frozen_check,sa_ghmappo,43,frozen_check_04,7,executed_action==4 AND service_completed==false AND progressed==false AND migration_success==false,unknown_not_recorded,0,rsu_0,rsu_1,alpr,False,contact_budget_exceeded,[],[],"[""base:family_a"",""adapter:alpr""]","[""base:family_a"",""adapter:alpr""]",False,False,False,0,0,8,8,8,False,True,,,70.8323106039728,unknown_not_identifiable_from_factual_ledger,rollback_or_rejection_no_resident_change
candidate_popart_critic_target,frozen_check,sa_ghmappo,43,frozen_check_07,8,executed_action==4 AND service_completed==false AND progressed==false AND migration_success==false,unknown_not_recorded,0,rsu_1,rsu_2,alpr,True,noop_all_resident,[],[],"[""base:family_a"",""adapter:alpr""]","[""base:family_a"",""adapter:alpr""]",False,True,False,0,0,10,10,10,False,True,,,49.11429076679117,unknown_not_identifiable_from_factual_ledger,noop_resident_set_no_new_admission
candidate_popart_critic_target,frozen_check,sa_ghmappo,43,frozen_check_07,9,executed_action==4 AND service_completed==false AND progressed==false AND migration_success==false,unknown_not_recorded,0,rsu_1,rsu_2,alpr,True,noop_all_resident,[],[],"[""base:family_a"",""adapter:alpr""]","[""base:family_a"",""adapter:alpr""]",False,True,False,0,0,10,10,10,False,True,,,47.11429076679117,unknown_not_identifiable_from_factual_ledger,noop_resident_set_no_new_admission
candidate_popart_critic_target,frozen_check,sa_ghmappo,61,frozen_check_00,5,executed_action==4 AND service_completed==false AND progressed==false AND migration_success==false,unknown_not_recorded,0,rsu_2,rsu_0,helmet_shared,True,noop_all_resident,[],[],"[""base:family_a"",""adapter:helmet_shared""]","[""base:family_a"",""adapter:helmet_shared""]",False,True,False,0,0,6,6,6,False,True,,,123.50349604000002,unknown_not_identifiable_from_factual_ledger,noop_resident_set_no_new_admission
candidate_popart_critic_target,frozen_check,sa_ghmappo,61,frozen_check_00,7,executed_action==4 AND service_completed==false AND progressed==false AND migration_success==false,unknown_not_recorded,0,rsu_0,rsu_1,alpr,True,noop_all_resident,[],[],"[""base:family_a"",""adapter:alpr""]","[""base:family_a"",""adapter:alpr""]",False,True,False,0,0,8,8,8,False,True,,,64.99536196000001,unknown_not_identifiable_from_factual_ledger,noop_resident_set_no_new_admission
candidate_popart_critic_target,frozen_check,sa_ghmappo,61,frozen_check_01,6,executed_action==4 AND service_completed==false AND progressed==false AND migration_success==false,unknown_not_recorded,0,rsu_0,rsu_1,alpr,True,noop_all_resident,[],[],"[""base:family_a"",""adapter:alpr"",""adapter:helmet_shared""]","[""base:family_a"",""adapter:alpr"",""adapter:helmet_shared""]",False,True,False,0,0,8,8,8,False,True,,,85.20000403743941,unknown_not_identifiable_from_factual_ledger,noop_resident_set_no_new_admission
candidate_popart_critic_target,frozen_check,sa_ghmappo,61,frozen_check_01,7,executed_action==4 AND service_completed==false AND progressed==false AND migration_success==false,unknown_not_recorded,0,rsu_0,rsu_1,alpr,True,noop_all_resident,[],[],"[""base:family_a"",""adapter:alpr"",""adapter:helmet_shared""]","[""base:family_a"",""adapter:alpr"",""adapter:helmet_shared""]",False,True,False,0,0,8,8,8,False,True,,,83.20000403743941,unknown_not_identifiable_from_factual_ledger,noop_resident_set_no_new_admission
candidate_popart_critic_target,frozen_check,sa_ghmappo,61,frozen_check_03,1,executed_action==4 AND service_completed==false AND progressed==false AND migration_success==false,unknown_not_recorded,0,rsu_0,rsu_1,alpr,True,noop_all_resident,[],[],"[""base:family_a"",""adapter:alpr""]","[""base:family_a"",""adapter:alpr""]",False,True,False,0,0,2,2,2,False,True,,,91.7061704,unknown_not_identifiable_from_factual_ledger,noop_resident_set_no_new_admission
candidate_popart_critic_target,frozen_check,sa_ghmappo,61,frozen_check_03,6,executed_action==4 AND service_completed==false AND progressed==false AND migration_success==false,unknown_not_recorded,0,rsu_0,rsu_1,alpr,True,noop_all_resident,[],[],"[""base:family_a"",""adapter:alpr""]","[""base:family_a"",""adapter:alpr""]",False,True,False,0,0,8,8,8,False,True,,,63.61228976,unknown_not_identifiable_from_factual_ledger,noop_resident_set_no_new_admission
candidate_popart_critic_target,frozen_check,sa_ghmappo,61,frozen_check_03,7,executed_action==4 AND service_completed==false AND progressed==false AND migration_success==false,unknown_not_recorded,0,rsu_0,rsu_1,alpr,True,noop_all_resident,[],[],"[""base:family_a"",""adapter:alpr""]","[""base:family_a"",""adapter:alpr""]",False,True,False,0,0,8,8,8,False,True,,,61.61228976,unknown_not_identifiable_from_factual_ledger,noop_resident_set_no_new_admission
candidate_popart_critic_target,frozen_check,sa_ghmappo,61,frozen_check_04,1,executed_action==4 AND service_completed==false AND progressed==false AND migration_success==false,unknown_not_recorded,0,rsu_0,rsu_1,alpr,False,contact_budget_exceeded,[],[],"[""base:family_a"",""adapter:alpr""]","[""base:family_a"",""adapter:alpr""]",False,False,False,0,0,2,2,2,False,True,,,189.86714841188447,unknown_not_identifiable_from_factual_ledger,rollback_or_rejection_no_resident_change
candidate_popart_critic_target,frozen_check,sa_ghmappo,61,frozen_check_04,5,executed_action==4 AND service_completed==false AND progressed==false AND migration_success==false,unknown_not_recorded,0,rsu_2,rsu_0,helmet_shared,False,contact_budget_exceeded,[],[],"[""base:family_a"",""adapter:helmet_shared""]","[""base:family_a"",""adapter:helmet_shared""]",False,False,False,0,0,6,6,6,False,True,,,120.6452475047198,unknown_not_identifiable_from_factual_ledger,rollback_or_rejection_no_resident_change
candidate_popart_critic_target,frozen_check,sa_ghmappo,61,frozen_check_04,7,executed_action==4 AND service_completed==false AND progressed==false AND migration_success==false,unknown_not_recorded,0,rsu_0,rsu_1,alpr,False,contact_budget_exceeded,[],[],"[""base:family_a"",""adapter:alpr""]","[""base:family_a"",""adapter:alpr""]",False,False,False,0,0,8,8,8,False,True,,,70.8323106039728,unknown_not_identifiable_from_factual_ledger,rollback_or_rejection_no_resident_change
candidate_popart_critic_target,frozen_check,sa_ghmappo,61,frozen_check_07,8,executed_action==4 AND service_completed==false AND progressed==false AND migration_success==false,unknown_not_recorded,0,rsu_1,rsu_2,alpr,True,noop_all_resident,[],[],"[""base:family_a"",""adapter:alpr""]","[""base:family_a"",""adapter:alpr""]",False,True,False,0,0,10,10,10,False,True,,,49.11429076679117,unknown_not_identifiable_from_factual_ledger,noop_resident_set_no_new_admission
candidate_popart_critic_target,frozen_check,sa_ghmappo,61,frozen_check_07,9,executed_action==4 AND service_completed==false AND progressed==false AND migration_success==false,unknown_not_recorded,0,rsu_1,rsu_2,alpr,True,noop_all_resident,[],[],"[""base:family_a"",""adapter:alpr""]","[""base:family_a"",""adapter:alpr""]",False,True,False,0,0,10,10,10,False,True,,,47.11429076679117,unknown_not_identifiable_from_factual_ledger,noop_resident_set_no_new_admission
candidate_popart_critic_target,regression,mappo,7,regression_00,2,executed_action==4 AND service_completed==false AND progressed==false AND migration_success==false,unknown_not_recorded,0,rsu_0,rsu_1,alpr,True,committed,"[""adapter:alpr""]","[""adapter:helmet_shared""]","[""base:family_a"",""adapter:helmet_shared""]","[""base:family_a"",""adapter:alpr""]",True,True,False,154423432,0,3,3,3,True,True,4,4,25.249362912,unknown_not_identifiable_from_factual_ledger,committed_warm_reused_with_observed_victim_cost
candidate_popart_critic_target,regression,mappo,7,regression_00,4,executed_action==4 AND service_completed==false AND progressed==false AND migration_success==false,unknown_not_recorded,0,rsu_1,rsu_2,helmet_shared,True,committed,"[""adapter:helmet_shared""]","[""adapter:alpr""]","[""base:family_a"",""adapter:alpr""]","[""base:family_a"",""adapter:helmet_shared""]",True,True,False,9641944,0,6,6,6,True,True,7,7,21.316315408,unknown_not_identifiable_from_factual_ledger,committed_warm_reused_with_observed_victim_cost
candidate_popart_critic_target,regression,mappo,7,regression_00,5,executed_action==4 AND service_completed==false AND progressed==false AND migration_success==false,unknown_not_recorded,0,rsu_1,rsu_2,helmet_shared,True,noop_all_resident,[],[],"[""base:family_a"",""adapter:helmet_shared""]","[""base:family_a"",""adapter:helmet_shared""]",False,True,False,0,0,6,6,6,False,True,,,19.316315408,unknown_not_identifiable_from_factual_ledger,noop_resident_set_no_new_admission
candidate_popart_critic_target,regression,mappo,7,regression_00,7,executed_action==4 AND service_completed==false AND progressed==false AND migration_success==false,unknown_not_recorded,0,rsu_2,rsu_0,alpr,True,committed,"[""adapter:alpr""]","[""adapter:helmet_shared""]","[""base:family_a"",""adapter:helmet_shared""]","[""base:family_a"",""adapter:alpr""]",True,True,False,154423432,0,9,9,9,True,True,,,11.518085,unknown_not_identifiable_from_factual_ledger,committed_warm_reused_no_observed_victim_cost
candidate_popart_critic_target,regression,mappo,7,regression_00,8,executed_action==4 AND service_completed==false AND progressed==false AND migration_success==false,unknown_not_recorded,0,rsu_2,rsu_0,alpr,True,noop_all_resident,[],[],"[""base:family_a"",""adapter:alpr""]","[""base:family_a"",""adapter:alpr""]",False,True,False,0,0,9,9,9,False,True,,,9.518085,unknown_not_identifiable_from_factual_ledger,noop_resident_set_no_new_admission
candidate_popart_critic_target,regression,mappo,7,regression_02,1,executed_action==4 AND service_completed==false AND progressed==false AND migration_success==false,unknown_not_recorded,0,rsu_0,rsu_1,alpr,False,contact_budget_exceeded,"[""adapter:alpr"",""base:family_a""]","[""adapter:helmet_distinct"",""base:family_b""]","[""base:family_b"",""adapter:helmet_distinct""]","[""base:family_b"",""adapter:helmet_distinct""]",False,False,False,0,0,3,3,,False,False,,,104.98248703432932,unknown_not_identifiable_from_factual_ledger,rollback_or_rejection_no_resident_change
candidate_popart_critic_target,regression,mappo,7,regression_02,2,executed_action==4 AND service_completed==false AND progressed==false AND migration_success==false,unknown_not_recorded,0,rsu_0,rsu_1,alpr,False,contact_budget_exceeded,"[""adapter:alpr"",""base:family_a""]","[""adapter:helmet_distinct"",""base:family_b""]","[""base:family_b"",""adapter:helmet_distinct""]","[""base:family_b"",""adapter:helmet_distinct""]",False,False,False,0,0,3,3,,False,False,,,102.98248703432932,unknown_not_identifiable_from_factual_ledger,rollback_or_rejection_no_resident_change
candidate_popart_critic_target,regression,mappo,7,regression_02,3,executed_action==4 AND service_completed==false AND progressed==false AND migration_success==false,unknown_not_recorded,0,rsu_1,rsu_2,alpr,True,noop_all_resident,[],[],"[""base:family_a"",""adapter:alpr""]","[""base:family_a"",""adapter:alpr""]",False,True,False,0,0,6,6,6,False,False,,,100.98248703432932,unknown_not_identifiable_from_factual_ledger,noop_resident_set_no_new_admission
candidate_popart_critic_target,regression,mappo,7,regression_02,4,executed_action==4 AND service_completed==false AND progressed==false AND migration_success==false,unknown_not_recorded,0,rsu_1,rsu_2,alpr,True,noop_all_resident,[],[],"[""base:family_a"",""adapter:alpr""]","[""base:family_a"",""adapter:alpr""]",False,True,False,0,0,6,6,6,False,False,,,98.98248703432932,unknown_not_identifiable_from_factual_ledger,noop_resident_set_no_new_admission
candidate_popart_critic_target,regression,mappo,7,regression_02,5,executed_action==4 AND service_completed==false AND progressed==false AND migration_success==false,unknown_not_recorded,0,rsu_1,rsu_2,alpr,True,noop_all_resident,[],[],"[""base:family_a"",""adapter:alpr""]","[""base:family_a"",""adapter:alpr""]",False,True,False,0,0,6,6,6,False,False,,,96.98248703432932,unknown_not_identifiable_from_factual_ledger,noop_resident_set_no_new_admission
candidate_popart_critic_target,regression,mappo,7,regression_02,9,executed_action==4 AND service_completed==false AND progressed==false AND migration_success==false,unknown_not_recorded,0,rsu_0,rsu_1,helmet_distinct,True,noop_all_resident,[],[],"[""base:family_b"",""adapter:helmet_distinct""]","[""base:family_b"",""adapter:helmet_distinct""]",False,True,False,0,0,12,12,12,False,True,,,67.637313692747,unknown_not_identifiable_from_factual_ledger,noop_resident_set_no_new_admission
candidate_popart_critic_target,regression,mappo,7,regression_02,10,executed_action==4 AND service_completed==false AND progressed==false AND migration_success==false,unknown_not_recorded,0,rsu_0,rsu_1,helmet_distinct,True,noop_all_resident,[],[],"[""base:family_b"",""adapter:helmet_distinct""]","[""base:family_b"",""adapter:helmet_distinct""]",False,True,False,0,0,12,12,12,False,True,,,65.637313692747,unknown_not_identifiable_from_factual_ledger,noop_resident_set_no_new_admission
candidate_popart_critic_target,regression,mappo,7,regression_02,11,executed_action==4 AND service_completed==false AND progressed==false AND migration_success==false,unknown_not_recorded,0,rsu_0,rsu_1,helmet_distinct,True,noop_all_resident,[],[],"[""base:family_b"",""adapter:helmet_distinct""]","[""base:family_b"",""adapter:helmet_distinct""]",False,True,False,0,0,12,12,12,False,True,,,63.637313692747,unknown_not_identifiable_from_factual_ledger,noop_resident_set_no_new_admission
candidate_popart_critic_target,regression,mappo,7,regression_03,4,executed_action==4 AND service_completed==false AND progressed==false AND migration_success==false,unknown_not_recorded,0,rsu_0,rsu_1,alpr,True,noop_all_resident,[],[],"[""base:family_a"",""adapter:alpr"",""base:family_b"",""adapter:helmet_distinct""]","[""base:family_a"",""adapter:alpr"",""base:family_b"",""adapter:helmet_distinct""]",False,True,False,0,0,5,5,5,False,True,,,29.926881159999997,unknown_not_identifiable_from_factual_ledger,noop_resident_set_no_new_admission
candidate_popart_critic_target,regression,mappo,7,regression_05,0,executed_action==4 AND service_completed==false AND progressed==false AND migration_success==false,unknown_not_recorded,0,rsu_0,rsu_1,helmet_shared,True,committed,"[""adapter:helmet_shared""]",[],"[""adapter:alpr"",""base:family_a""]","[""adapter:alpr"",""base:family_a"",""adapter:helmet_shared""]",True,True,False,9641944,0,2,2,2,True,False,,,22.055066472,unknown_not_identifiable_from_factual_ledger,committed_warm_reused_no_observed_victim_cost
candidate_popart_critic_target,regression,mappo,7,regression_05,1,executed_action==4 AND service_completed==false AND progressed==false AND migration_success==false,unknown_not_recorded,0,rsu_0,rsu_1,helmet_shared,True,noop_all_resident,[],[],"[""adapter:alpr"",""base:family_a"",""adapter:helmet_shared""]","[""adapter:alpr"",""base:family_a"",""adapter:helmet_shared""]",False,True,False,0,0,2,2,2,False,False,,,20.055066472,unknown_not_identifiable_from_factual_ledger,noop_resident_set_no_new_admission
candidate_popart_critic_target,regression,mappo,7,regression_07,2,executed_action==4 AND service_completed==false AND progressed==false AND migration_success==false,unknown_not_recorded,0,rsu_1,rsu_2,helmet_shared,False,contact_budget_exceeded,"[""adapter:helmet_shared"",""base:family_a""]",[],[],[],False,False,False,0,0,4,4,,False,False,,,139.00392055866752,unknown_not_identifiable_from_factual_ledger,rollback_or_rejection_no_resident_change
candidate_popart_critic_target,regression,mappo,7,regression_07,3,executed_action==4 AND service_completed==false AND progressed==false AND migration_success==false,unknown_not_recorded,0,rsu_1,rsu_2,helmet_shared,False,contact_budget_exceeded,"[""adapter:helmet_shared"",""base:family_a""]",[],[],[],False,False,False,0,0,4,4,,False,False,,,137.00392055866752,unknown_not_identifiable_from_factual_ledger,rollback_or_rejection_no_resident_change
candidate_popart_critic_target,regression,mappo,7,regression_07,4,executed_action==4 AND service_completed==false AND progressed==false AND migration_success==false,unknown_not_recorded,0,rsu_2,rsu_0,helmet_shared,True,noop_all_resident,[],[],"[""base:family_a"",""adapter:helmet_shared""]","[""base:family_a"",""adapter:helmet_shared""]",False,True,False,0,0,6,6,6,False,True,,,135.00392055866752,unknown_not_identifiable_from_factual_ledger,noop_resident_set_no_new_admission
candidate_popart_critic_target,regression,mappo,7,regression_07,5,executed_action==4 AND service_completed==false AND progressed==false AND migration_success==false,unknown_not_recorded,0,rsu_2,rsu_0,helmet_shared,True,noop_all_resident,[],[],"[""base:family_a"",""adapter:helmet_shared""]","[""base:family_a"",""adapter:helmet_shared""]",False,True,False,0,0,6,6,6,False,True,,,133.00392055866752,unknown_not_identifiable_from_factual_ledger,noop_resident_set_no_new_admission
candidate_popart_critic_target,regression,mappo,7,regression_07,8,executed_action==4 AND service_completed==false AND progressed==false AND migration_success==false,unknown_not_recorded,0,rsu_1,rsu_2,alpr,False,contact_budget_exceeded,"[""adapter:alpr"",""base:family_a""]",[],[],[],False,False,False,0,0,10,10,23,False,True,,,124.1246425586675,unknown_not_identifiable_from_factual_ledger,rollback_or_rejection_no_resident_change
candidate_popart_critic_target,regression,mappo,7,regression_07,9,executed_action==4 AND service_completed==false AND progressed==false AND migration_success==false,unknown_not_recorded,0,rsu_1,rsu_2,alpr,False,contact_budget_exceeded,"[""adapter:alpr"",""base:family_a""]",[],[],[],False,False,False,0,0,10,10,23,False,True,,,122.1246425586675,unknown_not_identifiable_from_factual_ledger,rollback_or_rejection_no_resident_change
candidate_popart_critic_target,regression,mappo,7,regression_07,10,executed_action==4 AND service_completed==false AND progressed==false AND migration_success==false,unknown_not_recorded,0,rsu_2,rsu_0,alpr,True,committed,"[""adapter:alpr""]",[],"[""base:family_a"",""adapter:helmet_shared""]","[""base:family_a"",""adapter:helmet_shared"",""adapter:alpr""]",True,True,False,154423432,0,12,12,12,True,True,,,113.2165302786675,unknown_not_identifiable_from_factual_ledger,committed_warm_reused_no_observed_victim_cost
candidate_popart_critic_target,regression,mappo,7,regression_07,11,executed_action==4 AND service_completed==false AND progressed==false AND migration_success==false,unknown_not_recorded,0,rsu_2,rsu_0,alpr,True,noop_all_resident,[],[],"[""base:family_a"",""adapter:helmet_shared"",""adapter:alpr""]","[""base:family_a"",""adapter:helmet_shared"",""adapter:alpr""]",False,True,False,0,0,12,12,12,False,True,,,111.2165302786675,unknown_not_identifiable_from_factual_ledger,noop_resident_set_no_new_admission
candidate_popart_critic_target,regression,mappo,7,regression_07,14,executed_action==4 AND service_completed==false AND progressed==false AND migration_success==false,unknown_not_recorded,0,rsu_1,rsu_2,alpr,False,contact_budget_exceeded,"[""adapter:alpr"",""base:family_a""]",[],[],[],False,False,False,0,0,16,16,23,False,True,,,106.1707422786675,unknown_not_identifiable_from_factual_ledger,rollback_or_rejection_no_resident_change
candidate_popart_critic_target,regression,mappo,7,regression_07,15,executed_action==4 AND service_completed==false AND progressed==false AND migration_success==false,unknown_not_recorded,0,rsu_1,rsu_2,alpr,False,contact_budget_exceeded,"[""adapter:alpr"",""base:family_a""]",[],[],[],False,False,False,0,0,16,16,23,False,True,,,104.1707422786675,unknown_not_identifiable_from_factual_ledger,rollback_or_rejection_no_resident_change
candidate_popart_critic_target,regression,mappo,7,regression_07,16,executed_action==4 AND service_completed==false AND progressed==false AND migration_success==false,unknown_not_recorded,0,rsu_2,rsu_0,alpr,True,noop_all_resident,[],[],"[""base:family_a"",""adapter:helmet_shared"",""adapter:alpr""]","[""base:family_a"",""adapter:helmet_shared"",""adapter:alpr""]",False,True,False,0,0,18,18,18,False,True,,,102.1707422786675,unknown_not_identifiable_from_factual_ledger,noop_resident_set_no_new_admission
candidate_popart_critic_target,regression,mappo,7,regression_07,17,executed_action==4 AND service_completed==false AND progressed==false AND migration_success==false,unknown_not_recorded,0,rsu_2,rsu_0,alpr,True,noop_all_resident,[],[],"[""base:family_a"",""adapter:helmet_shared"",""adapter:alpr""]","[""base:family_a"",""adapter:helmet_shared"",""adapter:alpr""]",False,True,False,0,0,18,18,18,False,True,,,100.1707422786675,unknown_not_identifiable_from_factual_ledger,noop_resident_set_no_new_admission
candidate_popart_critic_target,regression,mappo,7,regression_07,20,executed_action==4 AND service_completed==false AND progressed==false AND migration_success==false,unknown_not_recorded,0,rsu_1,rsu_2,alpr,False,contact_budget_exceeded,"[""adapter:alpr"",""base:family_a""]",[],[],[],False,False,False,0,0,22,22,23,False,True,,,88.14064927866751,unknown_not_identifiable_from_factual_ledger,rollback_or_rejection_no_resident_change
candidate_popart_critic_target,regression,mappo,7,regression_07,21,executed_action==4 AND service_completed==false AND progressed==false AND migration_success==false,unknown_not_recorded,0,rsu_1,rsu_2,alpr,False,contact_budget_exceeded,"[""adapter:alpr"",""base:family_a""]",[],[],[],False,False,False,0,0,22,22,23,False,True,,,86.14064927866751,unknown_not_identifiable_from_factual_ledger,rollback_or_rejection_no_resident_change
candidate_popart_critic_target,regression,mappo,7,regression_08,2,executed_action==4 AND service_completed==false AND progressed==false AND migration_success==false,unknown_not_recorded,0,rsu_1,rsu_2,alpr,True,noop_all_resident,[],[],"[""base:family_a"",""adapter:alpr""]","[""base:family_a"",""adapter:alpr""]",False,True,False,0,0,4,4,4,False,False,,,66.44841897575141,unknown_not_identifiable_from_factual_ledger,noop_resident_set_no_new_admission
candidate_popart_critic_target,regression,mappo,7,regression_08,3,executed_action==4 AND service_completed==false AND progressed==false AND migration_success==false,unknown_not_recorded,0,rsu_1,rsu_2,alpr,True,noop_all_resident,[],[],"[""base:family_a"",""adapter:alpr""]","[""base:family_a"",""adapter:alpr""]",False,True,False,0,0,4,4,4,False,False,,,64.44841897575141,unknown_not_identifiable_from_factual_ledger,noop_resident_set_no_new_admission
candidate_popart_critic_target,regression,mappo,7,regression_08,6,executed_action==4 AND service_completed==false AND progressed==false AND migration_success==false,unknown_not_recorded,0,rsu_0,rsu_1,helmet_shared,True,noop_all_resident,[],[],"[""base:family_a"",""adapter:helmet_shared""]","[""base:family_a"",""adapter:helmet_shared""]",False,True,False,0,0,8,8,8,False,False,,,44.30850206716467,unknown_not_identifiable_from_factual_ledger,noop_resident_set_no_new_admission
candidate_popart_critic_target,regression,mappo,7,regression_08,7,executed_action==4 AND service_completed==false AND progressed==false AND migration_success==false,unknown_not_recorded,0,rsu_0,rsu_1,helmet_shared,True,noop_all_resident,[],[],"[""base:family_a"",""adapter:helmet_shared""]","[""base:family_a"",""adapter:helmet_shared""]",False,True,False,0,0,8,8,8,False,False,,,42.30850206716467,unknown_not_identifiable_from_factual_ledger,noop_resident_set_no_new_admission
candidate_popart_critic_target,regression,mappo,7,regression_08,9,executed_action==4 AND service_completed==false AND progressed==false AND migration_success==false,unknown_not_recorded,0,rsu_1,rsu_2,alpr,True,committed,"[""adapter:alpr""]","[""adapter:helmet_shared""]","[""base:family_a"",""adapter:helmet_shared""]","[""base:family_a"",""adapter:alpr""]",True,True,False,154423432,0,10,10,10,True,True,,,3.858888,unknown_not_identifiable_from_factual_ledger,committed_warm_reused_no_observed_victim_cost
candidate_popart_critic_target,regression,mappo,7,regression_10,2,executed_action==4 AND service_completed==false AND progressed==false AND migration_success==false,unknown_not_recorded,0,rsu_1,rsu_2,alpr,True,noop_all_resident,[],[],"[""base:family_a"",""adapter:alpr""]","[""base:family_a"",""adapter:alpr""]",False,True,False,0,0,4,4,4,False,True,,,112.82068301683535,unknown_not_identifiable_from_factual_ledger,noop_resident_set_no_new_admission
candidate_popart_critic_target,regression,mappo,7,regression_10,3,executed_action==4 AND service_completed==false AND progressed==false AND migration_success==false,unknown_not_recorded,0,rsu_1,rsu_2,alpr,True,noop_all_resident,[],[],"[""base:family_a"",""adapter:alpr""]","[""base:family_a"",""adapter:alpr""]",False,True,False,0,0,4,4,4,False,True,,,110.82068301683535,unknown_not_identifiable_from_factual_ledger,noop_resident_set_no_new_admission
candidate_popart_critic_target,regression,mappo,7,regression_10,6,executed_action==4 AND service_completed==false AND progressed==false AND migration_success==false,unknown_not_recorded,0,rsu_0,rsu_1,alpr,False,contact_budget_exceeded,"[""adapter:alpr"",""base:family_a""]","[""adapter:helmet_distinct"",""base:family_b""]","[""base:family_b"",""adapter:helmet_distinct""]","[""base:family_b"",""adapter:helmet_distinct""]",False,False,False,0,0,8,8,,False,False,,,72.17778361962651,unknown_not_identifiable_from_factual_ledger,rollback_or_rejection_no_resident_change
candidate_popart_critic_target,regression,mappo,7,regression_10,7,executed_action==4 AND service_completed==false AND progressed==false AND migration_success==false,unknown_not_recorded,0,rsu_0,rsu_1,alpr,False,contact_budget_exceeded,"[""adapter:alpr"",""base:family_a""]","[""adapter:helmet_distinct"",""base:family_b""]","[""base:family_b"",""adapter:helmet_distinct""]","[""base:family_b"",""adapter:helmet_distinct""]",False,False,False,0,0,8,8,,False,False,,,70.17778361962651,unknown_not_identifiable_from_factual_ledger,rollback_or_rejection_no_resident_change
candidate_popart_critic_target,regression,mappo,7,regression_11,1,executed_action==4 AND service_completed==false AND progressed==false AND migration_success==false,unknown_not_recorded,0,rsu_0,rsu_1,alpr,True,noop_all_resident,[],[],"[""base:family_a"",""adapter:alpr"",""base:family_b"",""adapter:helmet_distinct""]","[""base:family_a"",""adapter:alpr"",""base:family_b"",""adapter:helmet_distinct""]",False,True,False,0,0,2,2,2,False,True,,,60.486341416,unknown_not_identifiable_from_factual_ledger,noop_resident_set_no_new_admission
candidate_popart_critic_target,regression,mappo,7,regression_11,5,executed_action==4 AND service_completed==false AND progressed==false AND migration_success==false,unknown_not_recorded,0,rsu_2,rsu_0,helmet_distinct,True,noop_all_resident,[],[],"[""base:family_b"",""adapter:helmet_distinct""]","[""base:family_b"",""adapter:helmet_distinct""]",False,True,False,0,0,6,6,6,False,True,,,47.013005816,unknown_not_identifiable_from_factual_ledger,noop_resident_set_no_new_admission
candidate_popart_critic_target,regression,mappo,17,regression_00,5,executed_action==4 AND service_completed==false AND progressed==false AND migration_success==false,unknown_not_recorded,0,rsu_1,rsu_2,helmet_shared,True,noop_all_resident,[],[],"[""base:family_a"",""adapter:helmet_shared""]","[""base:family_a"",""adapter:helmet_shared""]",False,True,False,0,0,6,6,6,False,True,,,19.316315408,unknown_not_identifiable_from_factual_ledger,noop_resident_set_no_new_admission
candidate_popart_critic_target,regression,mappo,17,regression_00,8,executed_action==4 AND service_completed==false AND progressed==false AND migration_success==false,unknown_not_recorded,0,rsu_2,rsu_0,alpr,True,noop_all_resident,[],[],"[""base:family_a"",""adapter:alpr""]","[""base:family_a"",""adapter:alpr""]",False,True,False,0,0,9,9,9,False,True,,,9.518085,unknown_not_identifiable_from_factual_ledger,noop_resident_set_no_new_admission
candidate_popart_critic_target,regression,mappo,17,regression_02,3,executed_action==4 AND service_completed==false AND progressed==false AND migration_success==false,unknown_not_recorded,0,rsu_1,rsu_2,alpr,True,noop_all_resident,[],[],"[""base:family_a"",""adapter:alpr""]","[""base:family_a"",""adapter:alpr""]",False,True,False,0,0,6,6,6,False,False,,,100.95805308232933,unknown_not_identifiable_from_factual_ledger,noop_resident_set_no_new_admission
candidate_popart_critic_target,regression,mappo,17,regression_02,4,executed_action==4 AND service_completed==false AND progressed==false AND migration_success==false,unknown_not_recorded,0,rsu_1,rsu_2,alpr,True,noop_all_resident,[],[],"[""base:family_a"",""adapter:alpr""]","[""base:family_a"",""adapter:alpr""]",False,True,False,0,0,6,6,6,False,False,,,98.95805308232933,unknown_not_identifiable_from_factual_ledger,noop_resident_set_no_new_admission
candidate_popart_critic_target,regression,mappo,17,regression_02,5,executed_action==4 AND service_completed==false AND progressed==false AND migration_success==false,unknown_not_recorded,0,rsu_1,rsu_2,alpr,True,noop_all_resident,[],[],"[""base:family_a"",""adapter:alpr""]","[""base:family_a"",""adapter:alpr""]",False,True,False,0,0,6,6,6,False,False,,,96.95805308232933,unknown_not_identifiable_from_factual_ledger,noop_resident_set_no_new_admission
candidate_popart_critic_target,regression,mappo,17,regression_02,9,executed_action==4 AND service_completed==false AND progressed==false AND migration_success==false,unknown_not_recorded,0,rsu_0,rsu_1,helmet_distinct,True,noop_all_resident,[],[],"[""base:family_b"",""adapter:helmet_distinct""]","[""base:family_b"",""adapter:helmet_distinct""]",False,True,False,0,0,12,12,12,False,True,,,67.637313692747,unknown_not_identifiable_from_factual_ledger,noop_resident_set_no_new_admission
candidate_popart_critic_target,regression,mappo,17,regression_02,10,executed_action==4 AND service_completed==false AND progressed==false AND migration_success==false,unknown_not_recorded,0,rsu_0,rsu_1,helmet_distinct,True,noop_all_resident,[],[],"[""base:family_b"",""adapter:helmet_distinct""]","[""base:family_b"",""adapter:helmet_distinct""]",False,True,False,0,0,12,12,12,False,True,,,65.637313692747,unknown_not_identifiable_from_factual_ledger,noop_resident_set_no_new_admission
candidate_popart_critic_target,regression,mappo,17,regression_02,11,executed_action==4 AND service_completed==false AND progressed==false AND migration_success==false,unknown_not_recorded,0,rsu_0,rsu_1,helmet_distinct,True,noop_all_resident,[],[],"[""base:family_b"",""adapter:helmet_distinct""]","[""base:family_b"",""adapter:helmet_distinct""]",False,True,False,0,0,12,12,12,False,True,,,63.637313692747,unknown_not_identifiable_from_factual_ledger,noop_resident_set_no_new_admission
candidate_popart_critic_target,regression,mappo,17,regression_03,4,executed_action==4 AND service_completed==false AND progressed==false AND migration_success==false,unknown_not_recorded,0,rsu_0,rsu_1,alpr,True,noop_all_resident,[],[],"[""base:family_a"",""adapter:alpr"",""base:family_b"",""adapter:helmet_distinct""]","[""base:family_a"",""adapter:alpr"",""base:family_b"",""adapter:helmet_distinct""]",False,True,False,0,0,5,5,5,False,True,,,29.926881159999997,unknown_not_identifiable_from_factual_ledger,noop_resident_set_no_new_admission
candidate_popart_critic_target,regression,mappo,17,regression_04,2,executed_action==4 AND service_completed==false AND progressed==false AND migration_success==false,unknown_not_recorded,0,rsu_1,rsu_2,alpr,False,contact_budget_exceeded,[],[],"[""base:family_a"",""adapter:alpr""]","[""base:family_a"",""adapter:alpr""]",False,False,False,0,0,4,4,4,False,False,,,64.24382178716468,unknown_not_identifiable_from_factual_ledger,rollback_or_rejection_no_resident_change
candidate_popart_critic_target,regression,mappo,17,regression_04,3,executed_action==4 AND service_completed==false AND progressed==false AND migration_success==false,unknown_not_recorded,0,rsu_1,rsu_2,alpr,False,contact_budget_exceeded,[],[],"[""base:family_a"",""adapter:alpr""]","[""base:family_a"",""adapter:alpr""]",False,False,False,0,0,4,4,4,False,False,,,62.24382178716467,unknown_not_identifiable_from_factual_ledger,rollback_or_rejection_no_resident_change
candidate_popart_critic_target,regression,mappo,17,regression_05,1,executed_action==4 AND service_completed==false AND progressed==false AND migration_success==false,unknown_not_recorded,0,rsu_0,rsu_1,helmet_shared,True,noop_all_resident,[],[],"[""adapter:alpr"",""base:family_a"",""adapter:helmet_shared""]","[""adapter:alpr"",""base:family_a"",""adapter:helmet_shared""]",False,True,False,0,0,2,2,2,False,False,,,20.006207352,unknown_not_identifiable_from_factual_ledger,noop_resident_set_no_new_admission
candidate_popart_critic_target,regression,mappo,17,regression_07,4,executed_action==4 AND service_completed==false AND progressed==false AND migration_success==false,unknown_not_recorded,0,rsu_2,rsu_0,helmet_shared,True,noop_all_resident,[],[],"[""base:family_a"",""adapter:helmet_shared""]","[""base:family_a"",""adapter:helmet_shared""]",False,True,False,0,0,6,6,6,False,True,,,135.00392055866752,unknown_not_identifiable_from_factual_ledger,noop_resident_set_no_new_admission
candidate_popart_critic_target,regression,mappo,17,regression_07,5,executed_action==4 AND service_completed==false AND progressed==false AND migration_success==false,unknown_not_recorded,0,rsu_2,rsu_0,helmet_shared,True,noop_all_resident,[],[],"[""base:family_a"",""adapter:helmet_shared""]","[""base:family_a"",""adapter:helmet_shared""]",False,True,False,0,0,6,6,6,False,True,,,133.00392055866752,unknown_not_identifiable_from_factual_ledger,noop_resident_set_no_new_admission
candidate_popart_critic_target,regression,mappo,17,regression_07,11,executed_action==4 AND service_completed==false AND progressed==false AND migration_success==false,unknown_not_recorded,0,rsu_2,rsu_0,alpr,True,noop_all_resident,[],[],"[""base:family_a"",""adapter:helmet_shared"",""adapter:alpr""]","[""base:family_a"",""adapter:helmet_shared"",""adapter:alpr""]",False,True,False,0,0,12,12,12,False,True,,,111.2165302786675,unknown_not_identifiable_from_factual_ledger,noop_resident_set_no_new_admission
candidate_popart_critic_target,regression,mappo,17,regression_07,16,executed_action==4 AND service_completed==false AND progressed==false AND migration_success==false,unknown_not_recorded,0,rsu_2,rsu_0,alpr,True,noop_all_resident,[],[],"[""base:family_a"",""adapter:helmet_shared"",""adapter:alpr""]","[""base:family_a"",""adapter:helmet_shared"",""adapter:alpr""]",False,True,False,0,0,18,18,18,False,True,,,102.1707422786675,unknown_not_identifiable_from_factual_ledger,noop_resident_set_no_new_admission
candidate_popart_critic_target,regression,mappo,17,regression_07,17,executed_action==4 AND service_completed==false AND progressed==false AND migration_success==false,unknown_not_recorded,0,rsu_2,rsu_0,alpr,True,noop_all_resident,[],[],"[""base:family_a"",""adapter:helmet_shared"",""adapter:alpr""]","[""base:family_a"",""adapter:helmet_shared"",""adapter:alpr""]",False,True,False,0,0,18,18,18,False,True,,,100.1707422786675,unknown_not_identifiable_from_factual_ledger,noop_resident_set_no_new_admission
candidate_popart_critic_target,regression,mappo,17,regression_08,2,executed_action==4 AND service_completed==false AND progressed==false AND migration_success==false,unknown_not_recorded,0,rsu_1,rsu_2,alpr,True,noop_all_resident,[],[],"[""base:family_a"",""adapter:alpr""]","[""base:family_a"",""adapter:alpr""]",False,True,False,0,0,4,4,4,False,False,,,107.5160357167058,unknown_not_identifiable_from_factual_ledger,noop_resident_set_no_new_admission
candidate_popart_critic_target,regression,mappo,17,regression_08,3,executed_action==4 AND service_completed==false AND progressed==false AND migration_success==false,unknown_not_recorded,0,rsu_1,rsu_2,alpr,True,noop_all_resident,[],[],"[""base:family_a"",""adapter:alpr""]","[""base:family_a"",""adapter:alpr""]",False,True,False,0,0,4,4,4,False,False,,,105.5160357167058,unknown_not_identifiable_from_factual_ledger,noop_resident_set_no_new_admission
candidate_popart_critic_target,regression,mappo,17,regression_08,6,executed_action==4 AND service_completed==false AND progressed==false AND migration_success==false,unknown_not_recorded,0,rsu_0,rsu_1,helmet_shared,True,noop_all_resident,[],[],"[""base:family_a"",""adapter:helmet_shared""]","[""base:family_a"",""adapter:helmet_shared""]",False,True,False,0,0,8,8,8,False,False,,,85.40055276011906,unknown_not_identifiable_from_factual_ledger,noop_resident_set_no_new_admission
candidate_popart_critic_target,regression,mappo,17,regression_08,7,executed_action==4 AND service_completed==false AND progressed==false AND migration_success==false,unknown_not_recorded,0,rsu_0,rsu_1,helmet_shared,True,noop_all_resident,[],[],"[""base:family_a"",""adapter:helmet_shared""]","[""base:family_a"",""adapter:helmet_shared""]",False,True,False,0,0,8,8,8,False,False,,,83.40055276011906,unknown_not_identifiable_from_factual_ledger,noop_resident_set_no_new_admission
candidate_popart_critic_target,regression,mappo,17,regression_10,2,executed_action==4 AND service_completed==false AND progressed==false AND migration_success==false,unknown_not_recorded,0,rsu_1,rsu_2,alpr,True,noop_all_resident,[],[],"[""base:family_a"",""adapter:alpr""]","[""base:family_a"",""adapter:alpr""]",False,True,False,0,0,4,4,4,False,True,,,112.82068301683535,unknown_not_identifiable_from_factual_ledger,noop_resident_set_no_new_admission
candidate_popart_critic_target,regression,mappo,17,regression_10,3,executed_action==4 AND service_completed==false AND progressed==false AND migration_success==false,unknown_not_recorded,0,rsu_1,rsu_2,alpr,True,noop_all_resident,[],[],"[""base:family_a"",""adapter:alpr""]","[""base:family_a"",""adapter:alpr""]",False,True,False,0,0,4,4,4,False,True,,,110.82068301683535,unknown_not_identifiable_from_factual_ledger,noop_resident_set_no_new_admission
candidate_popart_critic_target,regression,mappo,17,regression_11,1,executed_action==4 AND service_completed==false AND progressed==false AND migration_success==false,unknown_not_recorded,0,rsu_0,rsu_1,alpr,True,noop_all_resident,[],[],"[""base:family_a"",""adapter:alpr"",""base:family_b"",""adapter:helmet_distinct""]","[""base:family_a"",""adapter:alpr"",""base:family_b"",""adapter:helmet_distinct""]",False,True,False,0,0,2,2,2,False,True,,,71.29741647200001,unknown_not_identifiable_from_factual_ledger,noop_resident_set_no_new_admission
candidate_popart_critic_target,regression,mappo,17,regression_11,5,executed_action==4 AND service_completed==false AND progressed==false AND migration_success==false,unknown_not_recorded,0,rsu_2,rsu_0,helmet_distinct,True,noop_all_resident,[],[],"[""base:family_b"",""adapter:helmet_distinct""]","[""base:family_b"",""adapter:helmet_distinct""]",False,True,False,0,0,6,6,6,False,True,,,47.013005816,unknown_not_identifiable_from_factual_ledger,noop_resident_set_no_new_admission
candidate_popart_critic_target,regression,mappo,29,regression_00,2,executed_action==4 AND service_completed==false AND progressed==false AND migration_success==false,unknown_not_recorded,0,rsu_0,rsu_1,alpr,True,committed,"[""adapter:alpr""]","[""adapter:helmet_shared""]","[""base:family_a"",""adapter:helmet_shared""]","[""base:family_a"",""adapter:alpr""]",True,True,False,154423432,0,3,3,3,True,True,4,4,25.249362912,unknown_not_identifiable_from_factual_ledger,committed_warm_reused_with_observed_victim_cost
candidate_popart_critic_target,regression,mappo,29,regression_00,4,executed_action==4 AND service_completed==false AND progressed==false AND migration_success==false,unknown_not_recorded,0,rsu_1,rsu_2,helmet_shared,True,committed,"[""adapter:helmet_shared""]","[""adapter:alpr""]","[""base:family_a"",""adapter:alpr""]","[""base:family_a"",""adapter:helmet_shared""]",True,True,False,9641944,0,6,6,6,True,True,7,7,21.316315408,unknown_not_identifiable_from_factual_ledger,committed_warm_reused_with_observed_victim_cost
candidate_popart_critic_target,regression,mappo,29,regression_00,5,executed_action==4 AND service_completed==false AND progressed==false AND migration_success==false,unknown_not_recorded,0,rsu_1,rsu_2,helmet_shared,True,noop_all_resident,[],[],"[""base:family_a"",""adapter:helmet_shared""]","[""base:family_a"",""adapter:helmet_shared""]",False,True,False,0,0,6,6,6,False,True,,,19.316315408,unknown_not_identifiable_from_factual_ledger,noop_resident_set_no_new_admission
candidate_popart_critic_target,regression,mappo,29,regression_00,7,executed_action==4 AND service_completed==false AND progressed==false AND migration_success==false,unknown_not_recorded,0,rsu_2,rsu_0,alpr,True,committed,"[""adapter:alpr""]","[""adapter:helmet_shared""]","[""base:family_a"",""adapter:helmet_shared""]","[""base:family_a"",""adapter:alpr""]",True,True,False,154423432,0,9,9,9,True,True,,,11.518085,unknown_not_identifiable_from_factual_ledger,committed_warm_reused_no_observed_victim_cost
candidate_popart_critic_target,regression,mappo,29,regression_00,8,executed_action==4 AND service_completed==false AND progressed==false AND migration_success==false,unknown_not_recorded,0,rsu_2,rsu_0,alpr,True,noop_all_resident,[],[],"[""base:family_a"",""adapter:alpr""]","[""base:family_a"",""adapter:alpr""]",False,True,False,0,0,9,9,9,False,True,,,9.518085,unknown_not_identifiable_from_factual_ledger,noop_resident_set_no_new_admission
candidate_popart_critic_target,regression,mappo,29,regression_02,1,executed_action==4 AND service_completed==false AND progressed==false AND migration_success==false,unknown_not_recorded,0,rsu_0,rsu_1,alpr,False,contact_budget_exceeded,"[""adapter:alpr"",""base:family_a""]","[""adapter:helmet_distinct"",""base:family_b""]","[""base:family_b"",""adapter:helmet_distinct""]","[""base:family_b"",""adapter:helmet_distinct""]",False,False,False,0,0,3,3,,False,False,,,104.98248703432932,unknown_not_identifiable_from_factual_ledger,rollback_or_rejection_no_resident_change
candidate_popart_critic_target,regression,mappo,29,regression_02,2,executed_action==4 AND service_completed==false AND progressed==false AND migration_success==false,unknown_not_recorded,0,rsu_0,rsu_1,alpr,False,contact_budget_exceeded,"[""adapter:alpr"",""base:family_a""]","[""adapter:helmet_distinct"",""base:family_b""]","[""base:family_b"",""adapter:helmet_distinct""]","[""base:family_b"",""adapter:helmet_distinct""]",False,False,False,0,0,3,3,,False,False,,,102.98248703432932,unknown_not_identifiable_from_factual_ledger,rollback_or_rejection_no_resident_change
candidate_popart_critic_target,regression,mappo,29,regression_02,3,executed_action==4 AND service_completed==false AND progressed==false AND migration_success==false,unknown_not_recorded,0,rsu_1,rsu_2,alpr,True,noop_all_resident,[],[],"[""base:family_a"",""adapter:alpr""]","[""base:family_a"",""adapter:alpr""]",False,True,False,0,0,6,6,6,False,False,,,100.98248703432932,unknown_not_identifiable_from_factual_ledger,noop_resident_set_no_new_admission
candidate_popart_critic_target,regression,mappo,29,regression_02,4,executed_action==4 AND service_completed==false AND progressed==false AND migration_success==false,unknown_not_recorded,0,rsu_1,rsu_2,alpr,True,noop_all_resident,[],[],"[""base:family_a"",""adapter:alpr""]","[""base:family_a"",""adapter:alpr""]",False,True,False,0,0,6,6,6,False,False,,,98.98248703432932,unknown_not_identifiable_from_factual_ledger,noop_resident_set_no_new_admission
candidate_popart_critic_target,regression,mappo,29,regression_02,5,executed_action==4 AND service_completed==false AND progressed==false AND migration_success==false,unknown_not_recorded,0,rsu_1,rsu_2,alpr,True,noop_all_resident,[],[],"[""base:family_a"",""adapter:alpr""]","[""base:family_a"",""adapter:alpr""]",False,True,False,0,0,6,6,6,False,False,,,96.98248703432932,unknown_not_identifiable_from_factual_ledger,noop_resident_set_no_new_admission
candidate_popart_critic_target,regression,mappo,29,regression_02,9,executed_action==4 AND service_completed==false AND progressed==false AND migration_success==false,unknown_not_recorded,0,rsu_0,rsu_1,helmet_distinct,True,noop_all_resident,[],[],"[""base:family_b"",""adapter:helmet_distinct""]","[""base:family_b"",""adapter:helmet_distinct""]",False,True,False,0,0,12,12,12,False,True,,,67.637313692747,unknown_not_identifiable_from_factual_ledger,noop_resident_set_no_new_admission
candidate_popart_critic_target,regression,mappo,29,regression_02,10,executed_action==4 AND service_completed==false AND progressed==false AND migration_success==false,unknown_not_recorded,0,rsu_0,rsu_1,helmet_distinct,True,noop_all_resident,[],[],"[""base:family_b"",""adapter:helmet_distinct""]","[""base:family_b"",""adapter:helmet_distinct""]",False,True,False,0,0,12,12,12,False,True,,,65.637313692747,unknown_not_identifiable_from_factual_ledger,noop_resident_set_no_new_admission
candidate_popart_critic_target,regression,mappo,29,regression_02,11,executed_action==4 AND service_completed==false AND progressed==false AND migration_success==false,unknown_not_recorded,0,rsu_0,rsu_1,helmet_distinct,True,noop_all_resident,[],[],"[""base:family_b"",""adapter:helmet_distinct""]","[""base:family_b"",""adapter:helmet_distinct""]",False,True,False,0,0,12,12,12,False,True,,,63.637313692747,unknown_not_identifiable_from_factual_ledger,noop_resident_set_no_new_admission
candidate_popart_critic_target,regression,mappo,29,regression_03,4,executed_action==4 AND service_completed==false AND progressed==false AND migration_success==false,unknown_not_recorded,0,rsu_0,rsu_1,alpr,True,noop_all_resident,[],[],"[""base:family_a"",""adapter:alpr"",""base:family_b"",""adapter:helmet_distinct""]","[""base:family_a"",""adapter:alpr"",""base:family_b"",""adapter:helmet_distinct""]",False,True,False,0,0,5,5,5,False,True,,,29.926881159999997,unknown_not_identifiable_from_factual_ledger,noop_resident_set_no_new_admission
candidate_popart_critic_target,regression,mappo,29,regression_05,0,executed_action==4 AND service_completed==false AND progressed==false AND migration_success==false,unknown_not_recorded,0,rsu_0,rsu_1,helmet_shared,True,committed,"[""adapter:helmet_shared""]",[],"[""adapter:alpr"",""base:family_a""]","[""adapter:alpr"",""base:family_a"",""adapter:helmet_shared""]",True,True,False,9641944,0,2,2,2,True,False,,,22.055066472,unknown_not_identifiable_from_factual_ledger,committed_warm_reused_no_observed_victim_cost
candidate_popart_critic_target,regression,mappo,29,regression_05,1,executed_action==4 AND service_completed==false AND progressed==false AND migration_success==false,unknown_not_recorded,0,rsu_0,rsu_1,helmet_shared,True,noop_all_resident,[],[],"[""adapter:alpr"",""base:family_a"",""adapter:helmet_shared""]","[""adapter:alpr"",""base:family_a"",""adapter:helmet_shared""]",False,True,False,0,0,2,2,2,False,False,,,20.055066472,unknown_not_identifiable_from_factual_ledger,noop_resident_set_no_new_admission
candidate_popart_critic_target,regression,mappo,29,regression_07,2,executed_action==4 AND service_completed==false AND progressed==false AND migration_success==false,unknown_not_recorded,0,rsu_1,rsu_2,helmet_shared,False,contact_budget_exceeded,"[""adapter:helmet_shared"",""base:family_a""]",[],[],[],False,False,False,0,0,4,4,,False,False,,,139.00392055866752,unknown_not_identifiable_from_factual_ledger,rollback_or_rejection_no_resident_change
candidate_popart_critic_target,regression,mappo,29,regression_07,3,executed_action==4 AND service_completed==false AND progressed==false AND migration_success==false,unknown_not_recorded,0,rsu_1,rsu_2,helmet_shared,False,contact_budget_exceeded,"[""adapter:helmet_shared"",""base:family_a""]",[],[],[],False,False,False,0,0,4,4,,False,False,,,137.00392055866752,unknown_not_identifiable_from_factual_ledger,rollback_or_rejection_no_resident_change
candidate_popart_critic_target,regression,mappo,29,regression_07,4,executed_action==4 AND service_completed==false AND progressed==false AND migration_success==false,unknown_not_recorded,0,rsu_2,rsu_0,helmet_shared,True,noop_all_resident,[],[],"[""base:family_a"",""adapter:helmet_shared""]","[""base:family_a"",""adapter:helmet_shared""]",False,True,False,0,0,6,6,6,False,True,,,135.00392055866752,unknown_not_identifiable_from_factual_ledger,noop_resident_set_no_new_admission
candidate_popart_critic_target,regression,mappo,29,regression_07,5,executed_action==4 AND service_completed==false AND progressed==false AND migration_success==false,unknown_not_recorded,0,rsu_2,rsu_0,helmet_shared,True,noop_all_resident,[],[],"[""base:family_a"",""adapter:helmet_shared""]","[""base:family_a"",""adapter:helmet_shared""]",False,True,False,0,0,6,6,6,False,True,,,133.00392055866752,unknown_not_identifiable_from_factual_ledger,noop_resident_set_no_new_admission
candidate_popart_critic_target,regression,mappo,29,regression_07,8,executed_action==4 AND service_completed==false AND progressed==false AND migration_success==false,unknown_not_recorded,0,rsu_1,rsu_2,alpr,False,contact_budget_exceeded,"[""adapter:alpr"",""base:family_a""]",[],[],[],False,False,False,0,0,10,10,23,False,True,,,124.1246425586675,unknown_not_identifiable_from_factual_ledger,rollback_or_rejection_no_resident_change
candidate_popart_critic_target,regression,mappo,29,regression_07,9,executed_action==4 AND service_completed==false AND progressed==false AND migration_success==false,unknown_not_recorded,0,rsu_1,rsu_2,alpr,False,contact_budget_exceeded,"[""adapter:alpr"",""base:family_a""]",[],[],[],False,False,False,0,0,10,10,23,False,True,,,122.1246425586675,unknown_not_identifiable_from_factual_ledger,rollback_or_rejection_no_resident_change
candidate_popart_critic_target,regression,mappo,29,regression_07,10,executed_action==4 AND service_completed==false AND progressed==false AND migration_success==false,unknown_not_recorded,0,rsu_2,rsu_0,alpr,True,committed,"[""adapter:alpr""]",[],"[""base:family_a"",""adapter:helmet_shared""]","[""base:family_a"",""adapter:helmet_shared"",""adapter:alpr""]",True,True,False,154423432,0,12,12,12,True,True,,,113.2165302786675,unknown_not_identifiable_from_factual_ledger,committed_warm_reused_no_observed_victim_cost
candidate_popart_critic_target,regression,mappo,29,regression_07,11,executed_action==4 AND service_completed==false AND progressed==false AND migration_success==false,unknown_not_recorded,0,rsu_2,rsu_0,alpr,True,noop_all_resident,[],[],"[""base:family_a"",""adapter:helmet_shared"",""adapter:alpr""]","[""base:family_a"",""adapter:helmet_shared"",""adapter:alpr""]",False,True,False,0,0,12,12,12,False,True,,,111.2165302786675,unknown_not_identifiable_from_factual_ledger,noop_resident_set_no_new_admission
candidate_popart_critic_target,regression,mappo,29,regression_07,14,executed_action==4 AND service_completed==false AND progressed==false AND migration_success==false,unknown_not_recorded,0,rsu_1,rsu_2,alpr,False,contact_budget_exceeded,"[""adapter:alpr"",""base:family_a""]",[],[],[],False,False,False,0,0,16,16,23,False,True,,,106.1707422786675,unknown_not_identifiable_from_factual_ledger,rollback_or_rejection_no_resident_change
candidate_popart_critic_target,regression,mappo,29,regression_07,15,executed_action==4 AND service_completed==false AND progressed==false AND migration_success==false,unknown_not_recorded,0,rsu_1,rsu_2,alpr,False,contact_budget_exceeded,"[""adapter:alpr"",""base:family_a""]",[],[],[],False,False,False,0,0,16,16,23,False,True,,,104.1707422786675,unknown_not_identifiable_from_factual_ledger,rollback_or_rejection_no_resident_change
candidate_popart_critic_target,regression,mappo,29,regression_07,16,executed_action==4 AND service_completed==false AND progressed==false AND migration_success==false,unknown_not_recorded,0,rsu_2,rsu_0,alpr,True,noop_all_resident,[],[],"[""base:family_a"",""adapter:helmet_shared"",""adapter:alpr""]","[""base:family_a"",""adapter:helmet_shared"",""adapter:alpr""]",False,True,False,0,0,18,18,18,False,True,,,102.1707422786675,unknown_not_identifiable_from_factual_ledger,noop_resident_set_no_new_admission
candidate_popart_critic_target,regression,mappo,29,regression_07,17,executed_action==4 AND service_completed==false AND progressed==false AND migration_success==false,unknown_not_recorded,0,rsu_2,rsu_0,alpr,True,noop_all_resident,[],[],"[""base:family_a"",""adapter:helmet_shared"",""adapter:alpr""]","[""base:family_a"",""adapter:helmet_shared"",""adapter:alpr""]",False,True,False,0,0,18,18,18,False,True,,,100.1707422786675,unknown_not_identifiable_from_factual_ledger,noop_resident_set_no_new_admission
candidate_popart_critic_target,regression,mappo,29,regression_07,20,executed_action==4 AND service_completed==false AND progressed==false AND migration_success==false,unknown_not_recorded,0,rsu_1,rsu_2,alpr,False,contact_budget_exceeded,"[""adapter:alpr"",""base:family_a""]",[],[],[],False,False,False,0,0,22,22,23,False,True,,,88.14064927866751,unknown_not_identifiable_from_factual_ledger,rollback_or_rejection_no_resident_change
candidate_popart_critic_target,regression,mappo,29,regression_07,21,executed_action==4 AND service_completed==false AND progressed==false AND migration_success==false,unknown_not_recorded,0,rsu_1,rsu_2,alpr,False,contact_budget_exceeded,"[""adapter:alpr"",""base:family_a""]",[],[],[],False,False,False,0,0,22,22,23,False,True,,,86.14064927866751,unknown_not_identifiable_from_factual_ledger,rollback_or_rejection_no_resident_change
candidate_popart_critic_target,regression,mappo,29,regression_08,2,executed_action==4 AND service_completed==false AND progressed==false AND migration_success==false,unknown_not_recorded,0,rsu_1,rsu_2,alpr,True,noop_all_resident,[],[],"[""base:family_a"",""adapter:alpr""]","[""base:family_a"",""adapter:alpr""]",False,True,False,0,0,4,4,4,False,False,,,66.44841897575141,unknown_not_identifiable_from_factual_ledger,noop_resident_set_no_new_admission
candidate_popart_critic_target,regression,mappo,29,regression_08,3,executed_action==4 AND service_completed==false AND progressed==false AND migration_success==false,unknown_not_recorded,0,rsu_1,rsu_2,alpr,True,noop_all_resident,[],[],"[""base:family_a"",""adapter:alpr""]","[""base:family_a"",""adapter:alpr""]",False,True,False,0,0,4,4,4,False,False,,,64.44841897575141,unknown_not_identifiable_from_factual_ledger,noop_resident_set_no_new_admission
candidate_popart_critic_target,regression,mappo,29,regression_08,6,executed_action==4 AND service_completed==false AND progressed==false AND migration_success==false,unknown_not_recorded,0,rsu_0,rsu_1,helmet_shared,True,noop_all_resident,[],[],"[""base:family_a"",""adapter:helmet_shared""]","[""base:family_a"",""adapter:helmet_shared""]",False,True,False,0,0,8,8,8,False,False,,,44.30850206716467,unknown_not_identifiable_from_factual_ledger,noop_resident_set_no_new_admission
candidate_popart_critic_target,regression,mappo,29,regression_08,7,executed_action==4 AND service_completed==false AND progressed==false AND migration_success==false,unknown_not_recorded,0,rsu_0,rsu_1,helmet_shared,True,noop_all_resident,[],[],"[""base:family_a"",""adapter:helmet_shared""]","[""base:family_a"",""adapter:helmet_shared""]",False,True,False,0,0,8,8,8,False,False,,,42.30850206716467,unknown_not_identifiable_from_factual_ledger,noop_resident_set_no_new_admission
candidate_popart_critic_target,regression,mappo,29,regression_08,9,executed_action==4 AND service_completed==false AND progressed==false AND migration_success==false,unknown_not_recorded,0,rsu_1,rsu_2,alpr,True,committed,"[""adapter:alpr""]","[""adapter:helmet_shared""]","[""base:family_a"",""adapter:helmet_shared""]","[""base:family_a"",""adapter:alpr""]",True,True,False,154423432,0,10,10,10,True,True,,,3.858888,unknown_not_identifiable_from_factual_ledger,committed_warm_reused_no_observed_victim_cost
candidate_popart_critic_target,regression,mappo,29,regression_10,2,executed_action==4 AND service_completed==false AND progressed==false AND migration_success==false,unknown_not_recorded,0,rsu_1,rsu_2,alpr,True,noop_all_resident,[],[],"[""base:family_a"",""adapter:alpr""]","[""base:family_a"",""adapter:alpr""]",False,True,False,0,0,4,4,4,False,True,,,112.82068301683535,unknown_not_identifiable_from_factual_ledger,noop_resident_set_no_new_admission
candidate_popart_critic_target,regression,mappo,29,regression_10,3,executed_action==4 AND service_completed==false AND progressed==false AND migration_success==false,unknown_not_recorded,0,rsu_1,rsu_2,alpr,True,noop_all_resident,[],[],"[""base:family_a"",""adapter:alpr""]","[""base:family_a"",""adapter:alpr""]",False,True,False,0,0,4,4,4,False,True,,,110.82068301683535,unknown_not_identifiable_from_factual_ledger,noop_resident_set_no_new_admission
candidate_popart_critic_target,regression,mappo,29,regression_10,6,executed_action==4 AND service_completed==false AND progressed==false AND migration_success==false,unknown_not_recorded,0,rsu_0,rsu_1,alpr,False,contact_budget_exceeded,"[""adapter:alpr"",""base:family_a""]","[""adapter:helmet_distinct"",""base:family_b""]","[""base:family_b"",""adapter:helmet_distinct""]","[""base:family_b"",""adapter:helmet_distinct""]",False,False,False,0,0,8,8,,False,False,,,72.17778361962651,unknown_not_identifiable_from_factual_ledger,rollback_or_rejection_no_resident_change
candidate_popart_critic_target,regression,mappo,29,regression_10,7,executed_action==4 AND service_completed==false AND progressed==false AND migration_success==false,unknown_not_recorded,0,rsu_0,rsu_1,alpr,False,contact_budget_exceeded,"[""adapter:alpr"",""base:family_a""]","[""adapter:helmet_distinct"",""base:family_b""]","[""base:family_b"",""adapter:helmet_distinct""]","[""base:family_b"",""adapter:helmet_distinct""]",False,False,False,0,0,8,8,,False,False,,,70.17778361962651,unknown_not_identifiable_from_factual_ledger,rollback_or_rejection_no_resident_change
candidate_popart_critic_target,regression,mappo,29,regression_11,1,executed_action==4 AND service_completed==false AND progressed==false AND migration_success==false,unknown_not_recorded,0,rsu_0,rsu_1,alpr,True,noop_all_resident,[],[],"[""base:family_a"",""adapter:alpr"",""base:family_b"",""adapter:helmet_distinct""]","[""base:family_a"",""adapter:alpr"",""base:family_b"",""adapter:helmet_distinct""]",False,True,False,0,0,2,2,2,False,True,,,60.486341416,unknown_not_identifiable_from_factual_ledger,noop_resident_set_no_new_admission
candidate_popart_critic_target,regression,mappo,29,regression_11,5,executed_action==4 AND service_completed==false AND progressed==false AND migration_success==false,unknown_not_recorded,0,rsu_2,rsu_0,helmet_distinct,True,noop_all_resident,[],[],"[""base:family_b"",""adapter:helmet_distinct""]","[""base:family_b"",""adapter:helmet_distinct""]",False,True,False,0,0,6,6,6,False,True,,,47.013005816,unknown_not_identifiable_from_factual_ledger,noop_resident_set_no_new_admission
candidate_popart_critic_target,regression,mappo,43,regression_00,2,executed_action==4 AND service_completed==false AND progressed==false AND migration_success==false,unknown_not_recorded,0,rsu_0,rsu_1,alpr,True,committed,"[""adapter:alpr""]","[""adapter:helmet_shared""]","[""base:family_a"",""adapter:helmet_shared""]","[""base:family_a"",""adapter:alpr""]",True,True,False,154423432,0,3,3,3,True,True,4,4,25.249362912,unknown_not_identifiable_from_factual_ledger,committed_warm_reused_with_observed_victim_cost
candidate_popart_critic_target,regression,mappo,43,regression_00,4,executed_action==4 AND service_completed==false AND progressed==false AND migration_success==false,unknown_not_recorded,0,rsu_1,rsu_2,helmet_shared,True,committed,"[""adapter:helmet_shared""]","[""adapter:alpr""]","[""base:family_a"",""adapter:alpr""]","[""base:family_a"",""adapter:helmet_shared""]",True,True,False,9641944,0,6,6,6,True,True,7,7,21.316315408,unknown_not_identifiable_from_factual_ledger,committed_warm_reused_with_observed_victim_cost
candidate_popart_critic_target,regression,mappo,43,regression_00,5,executed_action==4 AND service_completed==false AND progressed==false AND migration_success==false,unknown_not_recorded,0,rsu_1,rsu_2,helmet_shared,True,noop_all_resident,[],[],"[""base:family_a"",""adapter:helmet_shared""]","[""base:family_a"",""adapter:helmet_shared""]",False,True,False,0,0,6,6,6,False,True,,,19.316315408,unknown_not_identifiable_from_factual_ledger,noop_resident_set_no_new_admission
candidate_popart_critic_target,regression,mappo,43,regression_00,7,executed_action==4 AND service_completed==false AND progressed==false AND migration_success==false,unknown_not_recorded,0,rsu_2,rsu_0,alpr,True,committed,"[""adapter:alpr""]","[""adapter:helmet_shared""]","[""base:family_a"",""adapter:helmet_shared""]","[""base:family_a"",""adapter:alpr""]",True,True,False,154423432,0,9,9,9,True,True,,,11.518085,unknown_not_identifiable_from_factual_ledger,committed_warm_reused_no_observed_victim_cost
candidate_popart_critic_target,regression,mappo,43,regression_00,8,executed_action==4 AND service_completed==false AND progressed==false AND migration_success==false,unknown_not_recorded,0,rsu_2,rsu_0,alpr,True,noop_all_resident,[],[],"[""base:family_a"",""adapter:alpr""]","[""base:family_a"",""adapter:alpr""]",False,True,False,0,0,9,9,9,False,True,,,9.518085,unknown_not_identifiable_from_factual_ledger,noop_resident_set_no_new_admission
candidate_popart_critic_target,regression,mappo,43,regression_02,1,executed_action==4 AND service_completed==false AND progressed==false AND migration_success==false,unknown_not_recorded,0,rsu_0,rsu_1,alpr,False,contact_budget_exceeded,"[""adapter:alpr"",""base:family_a""]","[""adapter:helmet_distinct"",""base:family_b""]","[""base:family_b"",""adapter:helmet_distinct""]","[""base:family_b"",""adapter:helmet_distinct""]",False,False,False,0,0,3,3,,False,False,,,104.98248703432932,unknown_not_identifiable_from_factual_ledger,rollback_or_rejection_no_resident_change
candidate_popart_critic_target,regression,mappo,43,regression_02,2,executed_action==4 AND service_completed==false AND progressed==false AND migration_success==false,unknown_not_recorded,0,rsu_0,rsu_1,alpr,False,contact_budget_exceeded,"[""adapter:alpr"",""base:family_a""]","[""adapter:helmet_distinct"",""base:family_b""]","[""base:family_b"",""adapter:helmet_distinct""]","[""base:family_b"",""adapter:helmet_distinct""]",False,False,False,0,0,3,3,,False,False,,,102.98248703432932,unknown_not_identifiable_from_factual_ledger,rollback_or_rejection_no_resident_change
candidate_popart_critic_target,regression,mappo,43,regression_02,3,executed_action==4 AND service_completed==false AND progressed==false AND migration_success==false,unknown_not_recorded,0,rsu_1,rsu_2,alpr,True,noop_all_resident,[],[],"[""base:family_a"",""adapter:alpr""]","[""base:family_a"",""adapter:alpr""]",False,True,False,0,0,6,6,6,False,False,,,100.98248703432932,unknown_not_identifiable_from_factual_ledger,noop_resident_set_no_new_admission
candidate_popart_critic_target,regression,mappo,43,regression_02,4,executed_action==4 AND service_completed==false AND progressed==false AND migration_success==false,unknown_not_recorded,0,rsu_1,rsu_2,alpr,True,noop_all_resident,[],[],"[""base:family_a"",""adapter:alpr""]","[""base:family_a"",""adapter:alpr""]",False,True,False,0,0,6,6,6,False,False,,,98.98248703432932,unknown_not_identifiable_from_factual_ledger,noop_resident_set_no_new_admission
candidate_popart_critic_target,regression,mappo,43,regression_02,5,executed_action==4 AND service_completed==false AND progressed==false AND migration_success==false,unknown_not_recorded,0,rsu_1,rsu_2,alpr,True,noop_all_resident,[],[],"[""base:family_a"",""adapter:alpr""]","[""base:family_a"",""adapter:alpr""]",False,True,False,0,0,6,6,6,False,False,,,96.98248703432932,unknown_not_identifiable_from_factual_ledger,noop_resident_set_no_new_admission
candidate_popart_critic_target,regression,mappo,43,regression_02,9,executed_action==4 AND service_completed==false AND progressed==false AND migration_success==false,unknown_not_recorded,0,rsu_0,rsu_1,helmet_distinct,True,noop_all_resident,[],[],"[""base:family_b"",""adapter:helmet_distinct""]","[""base:family_b"",""adapter:helmet_distinct""]",False,True,False,0,0,12,12,12,False,True,,,67.637313692747,unknown_not_identifiable_from_factual_ledger,noop_resident_set_no_new_admission
candidate_popart_critic_target,regression,mappo,43,regression_02,10,executed_action==4 AND service_completed==false AND progressed==false AND migration_success==false,unknown_not_recorded,0,rsu_0,rsu_1,helmet_distinct,True,noop_all_resident,[],[],"[""base:family_b"",""adapter:helmet_distinct""]","[""base:family_b"",""adapter:helmet_distinct""]",False,True,False,0,0,12,12,12,False,True,,,65.637313692747,unknown_not_identifiable_from_factual_ledger,noop_resident_set_no_new_admission
candidate_popart_critic_target,regression,mappo,43,regression_02,11,executed_action==4 AND service_completed==false AND progressed==false AND migration_success==false,unknown_not_recorded,0,rsu_0,rsu_1,helmet_distinct,True,noop_all_resident,[],[],"[""base:family_b"",""adapter:helmet_distinct""]","[""base:family_b"",""adapter:helmet_distinct""]",False,True,False,0,0,12,12,12,False,True,,,63.637313692747,unknown_not_identifiable_from_factual_ledger,noop_resident_set_no_new_admission
candidate_popart_critic_target,regression,mappo,43,regression_03,4,executed_action==4 AND service_completed==false AND progressed==false AND migration_success==false,unknown_not_recorded,0,rsu_0,rsu_1,alpr,True,noop_all_resident,[],[],"[""base:family_a"",""adapter:alpr"",""base:family_b"",""adapter:helmet_distinct""]","[""base:family_a"",""adapter:alpr"",""base:family_b"",""adapter:helmet_distinct""]",False,True,False,0,0,5,5,5,False,True,,,29.926881159999997,unknown_not_identifiable_from_factual_ledger,noop_resident_set_no_new_admission
candidate_popart_critic_target,regression,mappo,43,regression_05,0,executed_action==4 AND service_completed==false AND progressed==false AND migration_success==false,unknown_not_recorded,0,rsu_0,rsu_1,helmet_shared,True,committed,"[""adapter:helmet_shared""]",[],"[""adapter:alpr"",""base:family_a""]","[""adapter:alpr"",""base:family_a"",""adapter:helmet_shared""]",True,True,False,9641944,0,2,2,2,True,False,,,22.055066472,unknown_not_identifiable_from_factual_ledger,committed_warm_reused_no_observed_victim_cost
candidate_popart_critic_target,regression,mappo,43,regression_05,1,executed_action==4 AND service_completed==false AND progressed==false AND migration_success==false,unknown_not_recorded,0,rsu_0,rsu_1,helmet_shared,True,noop_all_resident,[],[],"[""adapter:alpr"",""base:family_a"",""adapter:helmet_shared""]","[""adapter:alpr"",""base:family_a"",""adapter:helmet_shared""]",False,True,False,0,0,2,2,2,False,False,,,20.055066472,unknown_not_identifiable_from_factual_ledger,noop_resident_set_no_new_admission
candidate_popart_critic_target,regression,mappo,43,regression_07,2,executed_action==4 AND service_completed==false AND progressed==false AND migration_success==false,unknown_not_recorded,0,rsu_1,rsu_2,helmet_shared,False,contact_budget_exceeded,"[""adapter:helmet_shared"",""base:family_a""]",[],[],[],False,False,False,0,0,4,4,,False,False,,,139.00392055866752,unknown_not_identifiable_from_factual_ledger,rollback_or_rejection_no_resident_change
candidate_popart_critic_target,regression,mappo,43,regression_07,3,executed_action==4 AND service_completed==false AND progressed==false AND migration_success==false,unknown_not_recorded,0,rsu_1,rsu_2,helmet_shared,False,contact_budget_exceeded,"[""adapter:helmet_shared"",""base:family_a""]",[],[],[],False,False,False,0,0,4,4,,False,False,,,137.00392055866752,unknown_not_identifiable_from_factual_ledger,rollback_or_rejection_no_resident_change
candidate_popart_critic_target,regression,mappo,43,regression_07,4,executed_action==4 AND service_completed==false AND progressed==false AND migration_success==false,unknown_not_recorded,0,rsu_2,rsu_0,helmet_shared,True,noop_all_resident,[],[],"[""base:family_a"",""adapter:helmet_shared""]","[""base:family_a"",""adapter:helmet_shared""]",False,True,False,0,0,6,6,6,False,True,,,135.00392055866752,unknown_not_identifiable_from_factual_ledger,noop_resident_set_no_new_admission
candidate_popart_critic_target,regression,mappo,43,regression_07,5,executed_action==4 AND service_completed==false AND progressed==false AND migration_success==false,unknown_not_recorded,0,rsu_2,rsu_0,helmet_shared,True,noop_all_resident,[],[],"[""base:family_a"",""adapter:helmet_shared""]","[""base:family_a"",""adapter:helmet_shared""]",False,True,False,0,0,6,6,6,False,True,,,133.00392055866752,unknown_not_identifiable_from_factual_ledger,noop_resident_set_no_new_admission
candidate_popart_critic_target,regression,mappo,43,regression_07,8,executed_action==4 AND service_completed==false AND progressed==false AND migration_success==false,unknown_not_recorded,0,rsu_1,rsu_2,alpr,False,contact_budget_exceeded,"[""adapter:alpr"",""base:family_a""]",[],[],[],False,False,False,0,0,10,10,23,False,True,,,124.1246425586675,unknown_not_identifiable_from_factual_ledger,rollback_or_rejection_no_resident_change
candidate_popart_critic_target,regression,mappo,43,regression_07,9,executed_action==4 AND service_completed==false AND progressed==false AND migration_success==false,unknown_not_recorded,0,rsu_1,rsu_2,alpr,False,contact_budget_exceeded,"[""adapter:alpr"",""base:family_a""]",[],[],[],False,False,False,0,0,10,10,23,False,True,,,122.1246425586675,unknown_not_identifiable_from_factual_ledger,rollback_or_rejection_no_resident_change
candidate_popart_critic_target,regression,mappo,43,regression_07,10,executed_action==4 AND service_completed==false AND progressed==false AND migration_success==false,unknown_not_recorded,0,rsu_2,rsu_0,alpr,True,committed,"[""adapter:alpr""]",[],"[""base:family_a"",""adapter:helmet_shared""]","[""base:family_a"",""adapter:helmet_shared"",""adapter:alpr""]",True,True,False,154423432,0,12,12,12,True,True,,,113.2165302786675,unknown_not_identifiable_from_factual_ledger,committed_warm_reused_no_observed_victim_cost
candidate_popart_critic_target,regression,mappo,43,regression_07,11,executed_action==4 AND service_completed==false AND progressed==false AND migration_success==false,unknown_not_recorded,0,rsu_2,rsu_0,alpr,True,noop_all_resident,[],[],"[""base:family_a"",""adapter:helmet_shared"",""adapter:alpr""]","[""base:family_a"",""adapter:helmet_shared"",""adapter:alpr""]",False,True,False,0,0,12,12,12,False,True,,,111.2165302786675,unknown_not_identifiable_from_factual_ledger,noop_resident_set_no_new_admission
candidate_popart_critic_target,regression,mappo,43,regression_07,14,executed_action==4 AND service_completed==false AND progressed==false AND migration_success==false,unknown_not_recorded,0,rsu_1,rsu_2,alpr,False,contact_budget_exceeded,"[""adapter:alpr"",""base:family_a""]",[],[],[],False,False,False,0,0,16,16,23,False,True,,,106.1707422786675,unknown_not_identifiable_from_factual_ledger,rollback_or_rejection_no_resident_change
candidate_popart_critic_target,regression,mappo,43,regression_07,15,executed_action==4 AND service_completed==false AND progressed==false AND migration_success==false,unknown_not_recorded,0,rsu_1,rsu_2,alpr,False,contact_budget_exceeded,"[""adapter:alpr"",""base:family_a""]",[],[],[],False,False,False,0,0,16,16,23,False,True,,,104.1707422786675,unknown_not_identifiable_from_factual_ledger,rollback_or_rejection_no_resident_change
candidate_popart_critic_target,regression,mappo,43,regression_07,16,executed_action==4 AND service_completed==false AND progressed==false AND migration_success==false,unknown_not_recorded,0,rsu_2,rsu_0,alpr,True,noop_all_resident,[],[],"[""base:family_a"",""adapter:helmet_shared"",""adapter:alpr""]","[""base:family_a"",""adapter:helmet_shared"",""adapter:alpr""]",False,True,False,0,0,18,18,18,False,True,,,102.1707422786675,unknown_not_identifiable_from_factual_ledger,noop_resident_set_no_new_admission
candidate_popart_critic_target,regression,mappo,43,regression_07,17,executed_action==4 AND service_completed==false AND progressed==false AND migration_success==false,unknown_not_recorded,0,rsu_2,rsu_0,alpr,True,noop_all_resident,[],[],"[""base:family_a"",""adapter:helmet_shared"",""adapter:alpr""]","[""base:family_a"",""adapter:helmet_shared"",""adapter:alpr""]",False,True,False,0,0,18,18,18,False,True,,,100.1707422786675,unknown_not_identifiable_from_factual_ledger,noop_resident_set_no_new_admission
candidate_popart_critic_target,regression,mappo,43,regression_07,20,executed_action==4 AND service_completed==false AND progressed==false AND migration_success==false,unknown_not_recorded,0,rsu_1,rsu_2,alpr,False,contact_budget_exceeded,"[""adapter:alpr"",""base:family_a""]",[],[],[],False,False,False,0,0,22,22,23,False,True,,,88.14064927866751,unknown_not_identifiable_from_factual_ledger,rollback_or_rejection_no_resident_change
candidate_popart_critic_target,regression,mappo,43,regression_07,21,executed_action==4 AND service_completed==false AND progressed==false AND migration_success==false,unknown_not_recorded,0,rsu_1,rsu_2,alpr,False,contact_budget_exceeded,"[""adapter:alpr"",""base:family_a""]",[],[],[],False,False,False,0,0,22,22,23,False,True,,,86.14064927866751,unknown_not_identifiable_from_factual_ledger,rollback_or_rejection_no_resident_change
candidate_popart_critic_target,regression,mappo,43,regression_08,2,executed_action==4 AND service_completed==false AND progressed==false AND migration_success==false,unknown_not_recorded,0,rsu_1,rsu_2,alpr,True,noop_all_resident,[],[],"[""base:family_a"",""adapter:alpr""]","[""base:family_a"",""adapter:alpr""]",False,True,False,0,0,4,4,4,False,False,,,66.44841897575141,unknown_not_identifiable_from_factual_ledger,noop_resident_set_no_new_admission
candidate_popart_critic_target,regression,mappo,43,regression_08,3,executed_action==4 AND service_completed==false AND progressed==false AND migration_success==false,unknown_not_recorded,0,rsu_1,rsu_2,alpr,True,noop_all_resident,[],[],"[""base:family_a"",""adapter:alpr""]","[""base:family_a"",""adapter:alpr""]",False,True,False,0,0,4,4,4,False,False,,,64.44841897575141,unknown_not_identifiable_from_factual_ledger,noop_resident_set_no_new_admission
candidate_popart_critic_target,regression,mappo,43,regression_08,6,executed_action==4 AND service_completed==false AND progressed==false AND migration_success==false,unknown_not_recorded,0,rsu_0,rsu_1,helmet_shared,True,noop_all_resident,[],[],"[""base:family_a"",""adapter:helmet_shared""]","[""base:family_a"",""adapter:helmet_shared""]",False,True,False,0,0,8,8,8,False,False,,,44.30850206716467,unknown_not_identifiable_from_factual_ledger,noop_resident_set_no_new_admission
candidate_popart_critic_target,regression,mappo,43,regression_08,7,executed_action==4 AND service_completed==false AND progressed==false AND migration_success==false,unknown_not_recorded,0,rsu_0,rsu_1,helmet_shared,True,noop_all_resident,[],[],"[""base:family_a"",""adapter:helmet_shared""]","[""base:family_a"",""adapter:helmet_shared""]",False,True,False,0,0,8,8,8,False,False,,,42.30850206716467,unknown_not_identifiable_from_factual_ledger,noop_resident_set_no_new_admission
candidate_popart_critic_target,regression,mappo,43,regression_08,9,executed_action==4 AND service_completed==false AND progressed==false AND migration_success==false,unknown_not_recorded,0,rsu_1,rsu_2,alpr,True,committed,"[""adapter:alpr""]","[""adapter:helmet_shared""]","[""base:family_a"",""adapter:helmet_shared""]","[""base:family_a"",""adapter:alpr""]",True,True,False,154423432,0,10,10,10,True,True,,,3.858888,unknown_not_identifiable_from_factual_ledger,committed_warm_reused_no_observed_victim_cost
candidate_popart_critic_target,regression,mappo,43,regression_10,2,executed_action==4 AND service_completed==false AND progressed==false AND migration_success==false,unknown_not_recorded,0,rsu_1,rsu_2,alpr,True,noop_all_resident,[],[],"[""base:family_a"",""adapter:alpr""]","[""base:family_a"",""adapter:alpr""]",False,True,False,0,0,4,4,4,False,True,,,112.82068301683535,unknown_not_identifiable_from_factual_ledger,noop_resident_set_no_new_admission
candidate_popart_critic_target,regression,mappo,43,regression_10,3,executed_action==4 AND service_completed==false AND progressed==false AND migration_success==false,unknown_not_recorded,0,rsu_1,rsu_2,alpr,True,noop_all_resident,[],[],"[""base:family_a"",""adapter:alpr""]","[""base:family_a"",""adapter:alpr""]",False,True,False,0,0,4,4,4,False,True,,,110.82068301683535,unknown_not_identifiable_from_factual_ledger,noop_resident_set_no_new_admission
candidate_popart_critic_target,regression,mappo,43,regression_10,6,executed_action==4 AND service_completed==false AND progressed==false AND migration_success==false,unknown_not_recorded,0,rsu_0,rsu_1,alpr,False,contact_budget_exceeded,"[""adapter:alpr"",""base:family_a""]","[""adapter:helmet_distinct"",""base:family_b""]","[""base:family_b"",""adapter:helmet_distinct""]","[""base:family_b"",""adapter:helmet_distinct""]",False,False,False,0,0,8,8,,False,False,,,72.17778361962651,unknown_not_identifiable_from_factual_ledger,rollback_or_rejection_no_resident_change
candidate_popart_critic_target,regression,mappo,43,regression_10,7,executed_action==4 AND service_completed==false AND progressed==false AND migration_success==false,unknown_not_recorded,0,rsu_0,rsu_1,alpr,False,contact_budget_exceeded,"[""adapter:alpr"",""base:family_a""]","[""adapter:helmet_distinct"",""base:family_b""]","[""base:family_b"",""adapter:helmet_distinct""]","[""base:family_b"",""adapter:helmet_distinct""]",False,False,False,0,0,8,8,,False,False,,,70.17778361962651,unknown_not_identifiable_from_factual_ledger,rollback_or_rejection_no_resident_change
candidate_popart_critic_target,regression,mappo,43,regression_11,1,executed_action==4 AND service_completed==false AND progressed==false AND migration_success==false,unknown_not_recorded,0,rsu_0,rsu_1,alpr,True,noop_all_resident,[],[],"[""base:family_a"",""adapter:alpr"",""base:family_b"",""adapter:helmet_distinct""]","[""base:family_a"",""adapter:alpr"",""base:family_b"",""adapter:helmet_distinct""]",False,True,False,0,0,2,2,2,False,True,,,60.486341416,unknown_not_identifiable_from_factual_ledger,noop_resident_set_no_new_admission
candidate_popart_critic_target,regression,mappo,43,regression_11,5,executed_action==4 AND service_completed==false AND progressed==false AND migration_success==false,unknown_not_recorded,0,rsu_2,rsu_0,helmet_distinct,True,noop_all_resident,[],[],"[""base:family_b"",""adapter:helmet_distinct""]","[""base:family_b"",""adapter:helmet_distinct""]",False,True,False,0,0,6,6,6,False,True,,,47.013005816,unknown_not_identifiable_from_factual_ledger,noop_resident_set_no_new_admission
candidate_popart_critic_target,regression,ppo,7,regression_00,2,executed_action==4 AND service_completed==false AND progressed==false AND migration_success==false,unknown_not_recorded,0,rsu_0,rsu_1,alpr,True,committed,"[""adapter:alpr""]","[""adapter:helmet_shared""]","[""base:family_a"",""adapter:helmet_shared""]","[""base:family_a"",""adapter:alpr""]",True,True,False,154423432,0,3,3,3,True,True,4,4,33.27236992,unknown_not_identifiable_from_factual_ledger,committed_warm_reused_with_observed_victim_cost
candidate_popart_critic_target,regression,ppo,7,regression_00,4,executed_action==4 AND service_completed==false AND progressed==false AND migration_success==false,unknown_not_recorded,0,rsu_1,rsu_2,helmet_shared,True,committed,"[""adapter:helmet_shared""]","[""adapter:alpr""]","[""base:family_a"",""adapter:alpr""]","[""base:family_a"",""adapter:helmet_shared""]",True,True,False,9641944,0,6,6,6,True,True,7,7,29.339322416,unknown_not_identifiable_from_factual_ledger,committed_warm_reused_with_observed_victim_cost
candidate_popart_critic_target,regression,ppo,7,regression_00,5,executed_action==4 AND service_completed==false AND progressed==false AND migration_success==false,unknown_not_recorded,0,rsu_1,rsu_2,helmet_shared,True,noop_all_resident,[],[],"[""base:family_a"",""adapter:helmet_shared""]","[""base:family_a"",""adapter:helmet_shared""]",False,True,False,0,0,6,6,6,False,True,,,27.339322416,unknown_not_identifiable_from_factual_ledger,noop_resident_set_no_new_admission
candidate_popart_critic_target,regression,ppo,7,regression_00,7,executed_action==4 AND service_completed==false AND progressed==false AND migration_success==false,unknown_not_recorded,0,rsu_2,rsu_0,alpr,True,committed,"[""adapter:alpr""]","[""adapter:helmet_shared""]","[""base:family_a"",""adapter:helmet_shared""]","[""base:family_a"",""adapter:alpr""]",True,True,False,154423432,0,9,9,,True,False,,,19.541092008,unknown_not_identifiable_from_factual_ledger,committed_warm_not_reused_unresolved_victim_externality
candidate_popart_critic_target,regression,ppo,7,regression_00,8,executed_action==4 AND service_completed==false AND progressed==false AND migration_success==false,unknown_not_recorded,0,rsu_2,rsu_0,alpr,True,noop_all_resident,[],[],"[""base:family_a"",""adapter:alpr""]","[""base:family_a"",""adapter:alpr""]",False,True,False,0,0,9,9,,False,False,,,17.541092008,unknown_not_identifiable_from_factual_ledger,noop_resident_set_no_new_admission
candidate_popart_critic_target,regression,ppo,7,regression_02,1,executed_action==4 AND service_completed==false AND progressed==false AND migration_success==false,unknown_not_recorded,0,rsu_0,rsu_1,alpr,False,contact_budget_exceeded,"[""adapter:alpr"",""base:family_a""]","[""adapter:helmet_distinct"",""base:family_b""]","[""base:family_b"",""adapter:helmet_distinct""]","[""base:family_b"",""adapter:helmet_distinct""]",False,False,False,0,0,3,3,,False,False,,,70.71658346158235,unknown_not_identifiable_from_factual_ledger,rollback_or_rejection_no_resident_change
candidate_popart_critic_target,regression,ppo,7,regression_02,2,executed_action==4 AND service_completed==false AND progressed==false AND migration_success==false,unknown_not_recorded,0,rsu_0,rsu_1,alpr,False,contact_budget_exceeded,"[""adapter:alpr"",""base:family_a""]","[""adapter:helmet_distinct"",""base:family_b""]","[""base:family_b"",""adapter:helmet_distinct""]","[""base:family_b"",""adapter:helmet_distinct""]",False,False,False,0,0,3,3,,False,False,,,68.71658346158235,unknown_not_identifiable_from_factual_ledger,rollback_or_rejection_no_resident_change
candidate_popart_critic_target,regression,ppo,7,regression_02,3,executed_action==4 AND service_completed==false AND progressed==false AND migration_success==false,unknown_not_recorded,0,rsu_1,rsu_2,alpr,True,noop_all_resident,[],[],"[""base:family_a"",""adapter:alpr""]","[""base:family_a"",""adapter:alpr""]",False,True,False,0,0,6,6,6,False,False,,,66.71658346158235,unknown_not_identifiable_from_factual_ledger,noop_resident_set_no_new_admission
candidate_popart_critic_target,regression,ppo,7,regression_02,4,executed_action==4 AND service_completed==false AND progressed==false AND migration_success==false,unknown_not_recorded,0,rsu_1,rsu_2,alpr,True,noop_all_resident,[],[],"[""base:family_a"",""adapter:alpr""]","[""base:family_a"",""adapter:alpr""]",False,True,False,0,0,6,6,6,False,False,,,64.71658346158235,unknown_not_identifiable_from_factual_ledger,noop_resident_set_no_new_admission
candidate_popart_critic_target,regression,ppo,7,regression_02,5,executed_action==4 AND service_completed==false AND progressed==false AND migration_success==false,unknown_not_recorded,0,rsu_1,rsu_2,alpr,True,noop_all_resident,[],[],"[""base:family_a"",""adapter:alpr""]","[""base:family_a"",""adapter:alpr""]",False,True,False,0,0,6,6,6,False,False,,,62.71658346158234,unknown_not_identifiable_from_factual_ledger,noop_resident_set_no_new_admission
candidate_popart_critic_target,regression,ppo,7,regression_02,9,executed_action==4 AND service_completed==false AND progressed==false AND migration_success==false,unknown_not_recorded,0,rsu_0,rsu_1,helmet_distinct,True,noop_all_resident,[],[],"[""base:family_b"",""adapter:helmet_distinct""]","[""base:family_b"",""adapter:helmet_distinct""]",False,True,False,0,0,12,12,,False,False,,,33.37141012,unknown_not_identifiable_from_factual_ledger,noop_resident_set_no_new_admission
candidate_popart_critic_target,regression,ppo,7,regression_02,10,executed_action==4 AND service_completed==false AND progressed==false AND migration_success==false,unknown_not_recorded,0,rsu_0,rsu_1,helmet_distinct,True,noop_all_resident,[],[],"[""base:family_b"",""adapter:helmet_distinct""]","[""base:family_b"",""adapter:helmet_distinct""]",False,True,False,0,0,12,12,,False,False,,,31.37141012,unknown_not_identifiable_from_factual_ledger,noop_resident_set_no_new_admission
candidate_popart_critic_target,regression,ppo,7,regression_02,11,executed_action==4 AND service_completed==false AND progressed==false AND migration_success==false,unknown_not_recorded,0,rsu_0,rsu_1,helmet_distinct,True,noop_all_resident,[],[],"[""base:family_b"",""adapter:helmet_distinct""]","[""base:family_b"",""adapter:helmet_distinct""]",False,True,False,0,0,12,12,,False,False,,,29.37141012,unknown_not_identifiable_from_factual_ledger,noop_resident_set_no_new_admission
candidate_popart_critic_target,regression,ppo,7,regression_03,4,executed_action==4 AND service_completed==false AND progressed==false AND migration_success==false,unknown_not_recorded,0,rsu_0,rsu_1,alpr,True,noop_all_resident,[],[],"[""base:family_a"",""adapter:alpr"",""base:family_b"",""adapter:helmet_distinct""]","[""base:family_a"",""adapter:alpr"",""base:family_b"",""adapter:helmet_distinct""]",False,True,False,0,0,5,5,6,False,True,,,53.19123728000001,unknown_not_identifiable_from_factual_ledger,noop_resident_set_no_new_admission
candidate_popart_critic_target,regression,ppo,7,regression_05,0,executed_action==4 AND service_completed==false AND progressed==false AND migration_success==false,unknown_not_recorded,0,rsu_0,rsu_1,helmet_shared,True,committed,"[""adapter:helmet_shared""]",[],"[""adapter:alpr"",""base:family_a""]","[""adapter:alpr"",""base:family_a"",""adapter:helmet_shared""]",True,True,False,9641944,0,2,2,2,True,False,,,22.055066472,unknown_not_identifiable_from_factual_ledger,committed_warm_reused_no_observed_victim_cost
candidate_popart_critic_target,regression,ppo,7,regression_05,1,executed_action==4 AND service_completed==false AND progressed==false AND migration_success==false,unknown_not_recorded,0,rsu_0,rsu_1,helmet_shared,True,noop_all_resident,[],[],"[""adapter:alpr"",""base:family_a"",""adapter:helmet_shared""]","[""adapter:alpr"",""base:family_a"",""adapter:helmet_shared""]",False,True,False,0,0,2,2,2,False,False,,,20.055066472,unknown_not_identifiable_from_factual_ledger,noop_resident_set_no_new_admission
candidate_popart_critic_target,regression,ppo,7,regression_07,2,executed_action==4 AND service_completed==false AND progressed==false AND migration_success==false,unknown_not_recorded,0,rsu_1,rsu_2,helmet_shared,False,contact_budget_exceeded,"[""adapter:helmet_shared"",""base:family_a""]",[],[],[],False,False,False,0,0,4,4,,False,False,,,79.12097435999999,unknown_not_identifiable_from_factual_ledger,rollback_or_rejection_no_resident_change
candidate_popart_critic_target,regression,ppo,7,regression_07,3,executed_action==4 AND service_completed==false AND progressed==false AND migration_success==false,unknown_not_recorded,0,rsu_1,rsu_2,helmet_shared,False,contact_budget_exceeded,"[""adapter:helmet_shared"",""base:family_a""]",[],[],[],False,False,False,0,0,4,4,,False,False,,,77.12097435999999,unknown_not_identifiable_from_factual_ledger,rollback_or_rejection_no_resident_change
candidate_popart_critic_target,regression,ppo,7,regression_07,4,executed_action==4 AND service_completed==false AND progressed==false AND migration_success==false,unknown_not_recorded,0,rsu_2,rsu_0,helmet_shared,True,noop_all_resident,[],[],"[""base:family_a"",""adapter:helmet_shared""]","[""base:family_a"",""adapter:helmet_shared""]",False,True,False,0,0,6,6,6,False,True,,,75.12097436,unknown_not_identifiable_from_factual_ledger,noop_resident_set_no_new_admission
candidate_popart_critic_target,regression,ppo,7,regression_07,5,executed_action==4 AND service_completed==false AND progressed==false AND migration_success==false,unknown_not_recorded,0,rsu_2,rsu_0,helmet_shared,True,noop_all_resident,[],[],"[""base:family_a"",""adapter:helmet_shared""]","[""base:family_a"",""adapter:helmet_shared""]",False,True,False,0,0,6,6,6,False,True,,,73.12097436,unknown_not_identifiable_from_factual_ledger,noop_resident_set_no_new_admission
candidate_popart_critic_target,regression,ppo,7,regression_07,8,executed_action==4 AND service_completed==false AND progressed==false AND migration_success==false,unknown_not_recorded,0,rsu_1,rsu_2,alpr,False,contact_budget_exceeded,"[""adapter:alpr"",""base:family_a""]",[],[],[],False,False,False,0,0,10,10,,False,False,,,64.24169636,unknown_not_identifiable_from_factual_ledger,rollback_or_rejection_no_resident_change
candidate_popart_critic_target,regression,ppo,7,regression_07,9,executed_action==4 AND service_completed==false AND progressed==false AND migration_success==false,unknown_not_recorded,0,rsu_1,rsu_2,alpr,False,contact_budget_exceeded,"[""adapter:alpr"",""base:family_a""]",[],[],[],False,False,False,0,0,10,10,,False,False,,,62.24169635999999,unknown_not_identifiable_from_factual_ledger,rollback_or_rejection_no_resident_change
candidate_popart_critic_target,regression,ppo,7,regression_07,10,executed_action==4 AND service_completed==false AND progressed==false AND migration_success==false,unknown_not_recorded,0,rsu_2,rsu_0,alpr,True,committed,"[""adapter:alpr""]",[],"[""base:family_a"",""adapter:helmet_shared""]","[""base:family_a"",""adapter:helmet_shared"",""adapter:alpr""]",True,True,False,154423432,0,12,12,12,True,True,,,53.333584079999994,unknown_not_identifiable_from_factual_ledger,committed_warm_reused_no_observed_victim_cost
candidate_popart_critic_target,regression,ppo,7,regression_07,11,executed_action==4 AND service_completed==false AND progressed==false AND migration_success==false,unknown_not_recorded,0,rsu_2,rsu_0,alpr,True,noop_all_resident,[],[],"[""base:family_a"",""adapter:helmet_shared"",""adapter:alpr""]","[""base:family_a"",""adapter:helmet_shared"",""adapter:alpr""]",False,True,False,0,0,12,12,12,False,True,,,51.333584079999994,unknown_not_identifiable_from_factual_ledger,noop_resident_set_no_new_admission
candidate_popart_critic_target,regression,ppo,7,regression_07,14,executed_action==4 AND service_completed==false AND progressed==false AND migration_success==false,unknown_not_recorded,0,rsu_1,rsu_2,alpr,False,contact_budget_exceeded,"[""adapter:alpr"",""base:family_a""]",[],[],[],False,False,False,0,0,16,16,,False,False,,,46.28779608000001,unknown_not_identifiable_from_factual_ledger,rollback_or_rejection_no_resident_change
candidate_popart_critic_target,regression,ppo,7,regression_07,15,executed_action==4 AND service_completed==false AND progressed==false AND migration_success==false,unknown_not_recorded,0,rsu_1,rsu_2,alpr,False,contact_budget_exceeded,"[""adapter:alpr"",""base:family_a""]",[],[],[],False,False,False,0,0,16,16,,False,False,,,44.28779608000001,unknown_not_identifiable_from_factual_ledger,rollback_or_rejection_no_resident_change
candidate_popart_critic_target,regression,ppo,7,regression_07,16,executed_action==4 AND service_completed==false AND progressed==false AND migration_success==false,unknown_not_recorded,0,rsu_2,rsu_0,alpr,True,noop_all_resident,[],[],"[""base:family_a"",""adapter:helmet_shared"",""adapter:alpr""]","[""base:family_a"",""adapter:helmet_shared"",""adapter:alpr""]",False,True,False,0,0,18,18,18,False,True,,,42.28779608000001,unknown_not_identifiable_from_factual_ledger,noop_resident_set_no_new_admission
candidate_popart_critic_target,regression,ppo,7,regression_07,17,executed_action==4 AND service_completed==false AND progressed==false AND migration_success==false,unknown_not_recorded,0,rsu_2,rsu_0,alpr,True,noop_all_resident,[],[],"[""base:family_a"",""adapter:helmet_shared"",""adapter:alpr""]","[""base:family_a"",""adapter:helmet_shared"",""adapter:alpr""]",False,True,False,0,0,18,18,18,False,True,,,40.28779608000001,unknown_not_identifiable_from_factual_ledger,noop_resident_set_no_new_admission
candidate_popart_critic_target,regression,ppo,7,regression_07,20,executed_action==4 AND service_completed==false AND progressed==false AND migration_success==false,unknown_not_recorded,0,rsu_1,rsu_2,alpr,False,contact_budget_exceeded,"[""adapter:alpr"",""base:family_a""]",[],[],[],False,False,False,0,0,22,22,,False,False,,,28.257703080000002,unknown_not_identifiable_from_factual_ledger,rollback_or_rejection_no_resident_change
candidate_popart_critic_target,regression,ppo,7,regression_07,21,executed_action==4 AND service_completed==false AND progressed==false AND migration_success==false,unknown_not_recorded,0,rsu_1,rsu_2,alpr,False,contact_budget_exceeded,"[""adapter:alpr"",""base:family_a""]",[],[],[],False,False,False,0,0,22,22,,False,False,,,26.25770308,unknown_not_identifiable_from_factual_ledger,rollback_or_rejection_no_resident_change
candidate_popart_critic_target,regression,ppo,7,regression_08,2,executed_action==4 AND service_completed==false AND progressed==false AND migration_success==false,unknown_not_recorded,0,rsu_1,rsu_2,alpr,True,noop_all_resident,[],[],"[""base:family_a"",""adapter:alpr""]","[""base:family_a"",""adapter:alpr""]",False,True,False,0,0,4,4,4,False,False,,,74.46996103175141,unknown_not_identifiable_from_factual_ledger,noop_resident_set_no_new_admission
candidate_popart_critic_target,regression,ppo,7,regression_08,3,executed_action==4 AND service_completed==false AND progressed==false AND migration_success==false,unknown_not_recorded,0,rsu_1,rsu_2,alpr,True,noop_all_resident,[],[],"[""base:family_a"",""adapter:alpr""]","[""base:family_a"",""adapter:alpr""]",False,True,False,0,0,4,4,4,False,False,,,72.46996103175141,unknown_not_identifiable_from_factual_ledger,noop_resident_set_no_new_admission
candidate_popart_critic_target,regression,ppo,7,regression_08,6,executed_action==4 AND service_completed==false AND progressed==false AND migration_success==false,unknown_not_recorded,0,rsu_0,rsu_1,helmet_shared,True,noop_all_resident,[],[],"[""base:family_a"",""adapter:helmet_shared""]","[""base:family_a"",""adapter:helmet_shared""]",False,True,False,0,0,8,8,8,False,False,,,52.33004412316467,unknown_not_identifiable_from_factual_ledger,noop_resident_set_no_new_admission
candidate_popart_critic_target,regression,ppo,7,regression_08,7,executed_action==4 AND service_completed==false AND progressed==false AND migration_success==false,unknown_not_recorded,0,rsu_0,rsu_1,helmet_shared,True,noop_all_resident,[],[],"[""base:family_a"",""adapter:helmet_shared""]","[""base:family_a"",""adapter:helmet_shared""]",False,True,False,0,0,8,8,8,False,False,,,50.33004412316467,unknown_not_identifiable_from_factual_ledger,noop_resident_set_no_new_admission
candidate_popart_critic_target,regression,ppo,7,regression_08,9,executed_action==4 AND service_completed==false AND progressed==false AND migration_success==false,unknown_not_recorded,0,rsu_1,rsu_2,alpr,True,committed,"[""adapter:alpr""]","[""adapter:helmet_shared""]","[""base:family_a"",""adapter:helmet_shared""]","[""base:family_a"",""adapter:alpr""]",True,True,False,154423432,0,10,10,,True,False,,,11.880430056,unknown_not_identifiable_from_factual_ledger,committed_warm_not_reused_unresolved_victim_externality
candidate_popart_critic_target,regression,ppo,7,regression_10,2,executed_action==4 AND service_completed==false AND progressed==false AND migration_success==false,unknown_not_recorded,0,rsu_1,rsu_2,alpr,True,noop_all_resident,[],[],"[""base:family_a"",""adapter:alpr""]","[""base:family_a"",""adapter:alpr""]",False,True,False,0,0,4,4,4,False,True,,,52.18880040520884,unknown_not_identifiable_from_factual_ledger,noop_resident_set_no_new_admission
candidate_popart_critic_target,regression,ppo,7,regression_10,3,executed_action==4 AND service_completed==false AND progressed==false AND migration_success==false,unknown_not_recorded,0,rsu_1,rsu_2,alpr,True,noop_all_resident,[],[],"[""base:family_a"",""adapter:alpr""]","[""base:family_a"",""adapter:alpr""]",False,True,False,0,0,4,4,4,False,True,,,50.18880040520884,unknown_not_identifiable_from_factual_ledger,noop_resident_set_no_new_admission
candidate_popart_critic_target,regression,ppo,7,regression_10,6,executed_action==4 AND service_completed==false AND progressed==false AND migration_success==false,unknown_not_recorded,0,rsu_0,rsu_1,alpr,False,contact_budget_exceeded,"[""adapter:alpr"",""base:family_a""]","[""adapter:helmet_distinct"",""base:family_b""]","[""base:family_b"",""adapter:helmet_distinct""]","[""base:family_b"",""adapter:helmet_distinct""]",False,False,False,0,0,8,8,,False,False,,,11.545901008000001,unknown_not_identifiable_from_factual_ledger,rollback_or_rejection_no_resident_change
candidate_popart_critic_target,regression,ppo,7,regression_10,7,executed_action==4 AND service_completed==false AND progressed==false AND migration_success==false,unknown_not_recorded,0,rsu_0,rsu_1,alpr,False,contact_budget_exceeded,"[""adapter:alpr"",""base:family_a""]","[""adapter:helmet_distinct"",""base:family_b""]","[""base:family_b"",""adapter:helmet_distinct""]","[""base:family_b"",""adapter:helmet_distinct""]",False,False,False,0,0,8,8,,False,False,,,9.545901008000001,unknown_not_identifiable_from_factual_ledger,rollback_or_rejection_no_resident_change
candidate_popart_critic_target,regression,ppo,7,regression_11,1,executed_action==4 AND service_completed==false AND progressed==false AND migration_success==false,unknown_not_recorded,0,rsu_0,rsu_1,alpr,True,noop_all_resident,[],[],"[""base:family_a"",""adapter:alpr"",""base:family_b"",""adapter:helmet_distinct""]","[""base:family_a"",""adapter:alpr"",""base:family_b"",""adapter:helmet_distinct""]",False,True,False,0,0,2,2,2,False,True,,,60.486341416,unknown_not_identifiable_from_factual_ledger,noop_resident_set_no_new_admission
candidate_popart_critic_target,regression,ppo,7,regression_11,5,executed_action==4 AND service_completed==false AND progressed==false AND migration_success==false,unknown_not_recorded,0,rsu_2,rsu_0,helmet_distinct,True,noop_all_resident,[],[],"[""base:family_b"",""adapter:helmet_distinct""]","[""base:family_b"",""adapter:helmet_distinct""]",False,True,False,0,0,6,6,6,False,True,,,47.013005816,unknown_not_identifiable_from_factual_ledger,noop_resident_set_no_new_admission
candidate_popart_critic_target,regression,sa_ghmappo,7,regression_00,2,executed_action==4 AND service_completed==false AND progressed==false AND migration_success==false,unknown_not_recorded,0,rsu_0,rsu_1,alpr,True,noop_all_resident,[],[],"[""base:family_a"",""adapter:alpr""]","[""base:family_a"",""adapter:alpr""]",False,True,False,0,0,3,3,3,False,True,,,65.40335318165023,unknown_not_identifiable_from_factual_ledger,noop_resident_set_no_new_admission
candidate_popart_critic_target,regression,sa_ghmappo,7,regression_00,5,executed_action==4 AND service_completed==false AND progressed==false AND migration_success==false,unknown_not_recorded,0,rsu_1,rsu_2,alpr,True,noop_all_resident,[],[],"[""base:family_a"",""adapter:alpr""]","[""base:family_a"",""adapter:alpr""]",False,True,False,0,0,6,6,6,False,True,,,53.325715288067904,unknown_not_identifiable_from_factual_ledger,noop_resident_set_no_new_admission
candidate_popart_critic_target,regression,sa_ghmappo,7,regression_02,5,executed_action==4 AND service_completed==false AND progressed==false AND migration_success==false,unknown_not_recorded,0,rsu_1,rsu_2,alpr,True,noop_all_resident,[],[],"[""base:family_a"",""adapter:alpr""]","[""base:family_a"",""adapter:alpr""]",False,True,False,0,0,6,6,6,False,True,,,75.74895494474701,unknown_not_identifiable_from_factual_ledger,noop_resident_set_no_new_admission
candidate_popart_critic_target,regression,sa_ghmappo,7,regression_03,4,executed_action==4 AND service_completed==false AND progressed==false AND migration_success==false,unknown_not_recorded,0,rsu_0,rsu_1,alpr,True,noop_all_resident,[],[],"[""base:family_a"",""adapter:alpr""]","[""base:family_a"",""adapter:alpr""]",False,True,False,0,0,5,5,5,False,True,,,37.143681199999996,unknown_not_identifiable_from_factual_ledger,noop_resident_set_no_new_admission
candidate_popart_critic_target,regression,sa_ghmappo,7,regression_08,4,executed_action==4 AND service_completed==false AND progressed==false AND migration_success==false,unknown_not_recorded,0,rsu_2,rsu_0,helmet_shared,True,noop_all_resident,[],[],"[""base:family_a"",""adapter:helmet_shared""]","[""base:family_a"",""adapter:helmet_shared""]",False,True,False,0,0,6,6,6,False,True,,,83.07270470411905,unknown_not_identifiable_from_factual_ledger,noop_resident_set_no_new_admission
candidate_popart_critic_target,regression,sa_ghmappo,7,regression_08,5,executed_action==4 AND service_completed==false AND progressed==false AND migration_success==false,unknown_not_recorded,0,rsu_2,rsu_0,helmet_shared,True,noop_all_resident,[],[],"[""base:family_a"",""adapter:helmet_shared""]","[""base:family_a"",""adapter:helmet_shared""]",False,True,False,0,0,6,6,6,False,True,,,81.07270470411905,unknown_not_identifiable_from_factual_ledger,noop_resident_set_no_new_admission
candidate_popart_critic_target,regression,sa_ghmappo,7,regression_08,7,executed_action==4 AND service_completed==false AND progressed==false AND migration_success==false,unknown_not_recorded,0,rsu_0,rsu_1,alpr,True,noop_all_resident,[],[],"[""base:family_a"",""adapter:alpr""]","[""base:family_a"",""adapter:alpr""]",False,True,False,0,0,8,8,8,False,True,,,44.999810980954386,unknown_not_identifiable_from_factual_ledger,noop_resident_set_no_new_admission
candidate_popart_critic_target,regression,sa_ghmappo,7,regression_09,6,executed_action==4 AND service_completed==false AND progressed==false AND migration_success==false,unknown_not_recorded,0,rsu_0,rsu_1,alpr,True,noop_all_resident,[],[],"[""base:family_a"",""adapter:alpr"",""adapter:helmet_shared""]","[""base:family_a"",""adapter:alpr"",""adapter:helmet_shared""]",False,True,False,0,0,8,8,8,False,True,,,32.808020233208836,unknown_not_identifiable_from_factual_ledger,noop_resident_set_no_new_admission
candidate_popart_critic_target,regression,sa_ghmappo,7,regression_09,7,executed_action==4 AND service_completed==false AND progressed==false AND migration_success==false,unknown_not_recorded,0,rsu_0,rsu_1,alpr,True,noop_all_resident,[],[],"[""base:family_a"",""adapter:alpr"",""adapter:helmet_shared""]","[""base:family_a"",""adapter:alpr"",""adapter:helmet_shared""]",False,True,False,0,0,8,8,8,False,True,,,30.808020233208833,unknown_not_identifiable_from_factual_ledger,noop_resident_set_no_new_admission
candidate_popart_critic_target,regression,sa_ghmappo,7,regression_11,1,executed_action==4 AND service_completed==false AND progressed==false AND migration_success==false,unknown_not_recorded,0,rsu_0,rsu_1,alpr,True,noop_all_resident,[],[],"[""base:family_a"",""adapter:alpr""]","[""base:family_a"",""adapter:alpr""]",False,True,False,0,0,2,2,2,False,True,,,71.27131871200001,unknown_not_identifiable_from_factual_ledger,noop_resident_set_no_new_admission
candidate_popart_critic_target,regression,sa_ghmappo,7,regression_11,5,executed_action==4 AND service_completed==false AND progressed==false AND migration_success==false,unknown_not_recorded,0,rsu_2,rsu_0,helmet_distinct,True,noop_all_resident,[],[],"[""base:family_b"",""adapter:helmet_distinct""]","[""base:family_b"",""adapter:helmet_distinct""]",False,True,False,0,0,6,6,6,False,True,,,46.986908056000004,unknown_not_identifiable_from_factual_ledger,noop_resident_set_no_new_admission
candidate_popart_critic_target,regression,sa_ghmappo,17,regression_00,2,executed_action==4 AND service_completed==false AND progressed==false AND migration_success==false,unknown_not_recorded,0,rsu_0,rsu_1,alpr,True,noop_all_resident,[],[],"[""base:family_a"",""adapter:alpr""]","[""base:family_a"",""adapter:alpr""]",False,True,False,0,0,3,3,3,False,True,,,65.40335318165023,unknown_not_identifiable_from_factual_ledger,noop_resident_set_no_new_admission
candidate_popart_critic_target,regression,sa_ghmappo,17,regression_00,5,executed_action==4 AND service_completed==false AND progressed==false AND migration_success==false,unknown_not_recorded,0,rsu_1,rsu_2,alpr,True,noop_all_resident,[],[],"[""base:family_a"",""adapter:alpr""]","[""base:family_a"",""adapter:alpr""]",False,True,False,0,0,6,6,6,False,True,,,53.325715288067904,unknown_not_identifiable_from_factual_ledger,noop_resident_set_no_new_admission
candidate_popart_critic_target,regression,sa_ghmappo,17,regression_02,1,executed_action==4 AND service_completed==false AND progressed==false AND migration_success==false,unknown_not_recorded,0,rsu_0,rsu_1,alpr,True,noop_all_resident,[],[],"[""base:family_a"",""adapter:alpr""]","[""base:family_a"",""adapter:alpr""]",False,True,False,0,0,3,3,3,False,True,,,154.1385278510763,unknown_not_identifiable_from_factual_ledger,noop_resident_set_no_new_admission
candidate_popart_critic_target,regression,sa_ghmappo,17,regression_02,2,executed_action==4 AND service_completed==false AND progressed==false AND migration_success==false,unknown_not_recorded,0,rsu_0,rsu_1,alpr,True,noop_all_resident,[],[],"[""base:family_a"",""adapter:alpr""]","[""base:family_a"",""adapter:alpr""]",False,True,False,0,0,3,3,3,False,True,,,152.1385278510763,unknown_not_identifiable_from_factual_ledger,noop_resident_set_no_new_admission
candidate_popart_critic_target,regression,sa_ghmappo,17,regression_02,6,executed_action==4 AND service_completed==false AND progressed==false AND migration_success==false,unknown_not_recorded,0,rsu_2,rsu_0,helmet_distinct,True,noop_all_resident,[],[],"[""base:family_b"",""adapter:helmet_distinct""]","[""base:family_b"",""adapter:helmet_distinct""]",False,True,False,0,0,9,9,9,False,True,,,133.16176062149398,unknown_not_identifiable_from_factual_ledger,noop_resident_set_no_new_admission
candidate_popart_critic_target,regression,sa_ghmappo,17,regression_02,7,executed_action==4 AND service_completed==false AND progressed==false AND migration_success==false,unknown_not_recorded,0,rsu_2,rsu_0,helmet_distinct,True,noop_all_resident,[],[],"[""base:family_b"",""adapter:helmet_distinct""]","[""base:family_b"",""adapter:helmet_distinct""]",False,True,False,0,0,9,9,9,False,True,,,131.16176062149398,unknown_not_identifiable_from_factual_ledger,noop_resident_set_no_new_admission
candidate_popart_critic_target,regression,sa_ghmappo,17,regression_02,8,executed_action==4 AND service_completed==false AND progressed==false AND migration_success==false,unknown_not_recorded,0,rsu_2,rsu_0,helmet_distinct,True,noop_all_resident,[],[],"[""base:family_b"",""adapter:helmet_distinct""]","[""base:family_b"",""adapter:helmet_distinct""]",False,True,False,0,0,9,9,9,False,True,,,129.16176062149398,unknown_not_identifiable_from_factual_ledger,noop_resident_set_no_new_admission
candidate_popart_critic_target,regression,sa_ghmappo,17,regression_02,10,executed_action==4 AND service_completed==false AND progressed==false AND migration_success==false,unknown_not_recorded,0,rsu_0,rsu_1,alpr,True,noop_all_resident,[],[],"[""base:family_a"",""adapter:alpr""]","[""base:family_a"",""adapter:alpr""]",False,True,False,0,0,12,12,12,False,True,,,77.70008704074701,unknown_not_identifiable_from_factual_ledger,noop_resident_set_no_new_admission
candidate_popart_critic_target,regression,sa_ghmappo,17,regression_02,11,executed_action==4 AND service_completed==false AND progressed==false AND migration_success==false,unknown_not_recorded,0,rsu_0,rsu_1,alpr,True,noop_all_resident,[],[],"[""base:family_a"",""adapter:alpr""]","[""base:family_a"",""adapter:alpr""]",False,True,False,0,0,12,12,12,False,True,,,75.70008704074701,unknown_not_identifiable_from_factual_ledger,noop_resident_set_no_new_admission
candidate_popart_critic_target,regression,sa_ghmappo,17,regression_03,4,executed_action==4 AND service_completed==false AND progressed==false AND migration_success==false,unknown_not_recorded,0,rsu_0,rsu_1,alpr,True,noop_all_resident,[],[],"[""base:family_a"",""adapter:alpr""]","[""base:family_a"",""adapter:alpr""]",False,True,False,0,0,5,5,5,False,True,,,37.143681199999996,unknown_not_identifiable_from_factual_ledger,noop_resident_set_no_new_admission
candidate_popart_critic_target,regression,sa_ghmappo,17,regression_07,8,executed_action==4 AND service_completed==false AND progressed==false AND migration_success==false,unknown_not_recorded,0,rsu_1,rsu_2,alpr,True,noop_all_resident,[],[],"[""base:family_a"",""adapter:alpr""]","[""base:family_a"",""adapter:alpr""]",False,True,False,0,0,10,10,10,False,True,,,59.99540979866752,unknown_not_identifiable_from_factual_ledger,noop_resident_set_no_new_admission
candidate_popart_critic_target,regression,sa_ghmappo,17,regression_07,9,executed_action==4 AND service_completed==false AND progressed==false AND migration_success==false,unknown_not_recorded,0,rsu_1,rsu_2,alpr,True,noop_all_resident,[],[],"[""base:family_a"",""adapter:alpr""]","[""base:family_a"",""adapter:alpr""]",False,True,False,0,0,10,10,10,False,True,,,57.99540979866752,unknown_not_identifiable_from_factual_ledger,noop_resident_set_no_new_admission
candidate_popart_critic_target,regression,sa_ghmappo,17,regression_08,4,executed_action==4 AND service_completed==false AND progressed==false AND migration_success==false,unknown_not_recorded,0,rsu_2,rsu_0,helmet_shared,True,noop_all_resident,[],[],"[""base:family_a"",""adapter:helmet_shared""]","[""base:family_a"",""adapter:helmet_shared""]",False,True,False,0,0,6,6,6,False,True,,,83.07270470411905,unknown_not_identifiable_from_factual_ledger,noop_resident_set_no_new_admission
candidate_popart_critic_target,regression,sa_ghmappo,17,regression_08,5,executed_action==4 AND service_completed==false AND progressed==false AND migration_success==false,unknown_not_recorded,0,rsu_2,rsu_0,helmet_shared,True,noop_all_resident,[],[],"[""base:family_a"",""adapter:helmet_shared""]","[""base:family_a"",""adapter:helmet_shared""]",False,True,False,0,0,6,6,6,False,True,,,81.07270470411905,unknown_not_identifiable_from_factual_ledger,noop_resident_set_no_new_admission
candidate_popart_critic_target,regression,sa_ghmappo,17,regression_08,7,executed_action==4 AND service_completed==false AND progressed==false AND migration_success==false,unknown_not_recorded,0,rsu_0,rsu_1,alpr,True,noop_all_resident,[],[],"[""base:family_a"",""adapter:alpr""]","[""base:family_a"",""adapter:alpr""]",False,True,False,0,0,8,8,8,False,True,,,44.999810980954386,unknown_not_identifiable_from_factual_ledger,noop_resident_set_no_new_admission
candidate_popart_critic_target,regression,sa_ghmappo,17,regression_09,6,executed_action==4 AND service_completed==false AND progressed==false AND migration_success==false,unknown_not_recorded,0,rsu_0,rsu_1,alpr,True,noop_all_resident,[],[],"[""base:family_a"",""adapter:alpr"",""adapter:helmet_shared""]","[""base:family_a"",""adapter:alpr"",""adapter:helmet_shared""]",False,True,False,0,0,8,8,8,False,True,,,39.75178291320883,unknown_not_identifiable_from_factual_ledger,noop_resident_set_no_new_admission
candidate_popart_critic_target,regression,sa_ghmappo,17,regression_09,7,executed_action==4 AND service_completed==false AND progressed==false AND migration_success==false,unknown_not_recorded,0,rsu_0,rsu_1,alpr,True,noop_all_resident,[],[],"[""base:family_a"",""adapter:alpr"",""adapter:helmet_shared""]","[""base:family_a"",""adapter:alpr"",""adapter:helmet_shared""]",False,True,False,0,0,8,8,8,False,True,,,37.75178291320883,unknown_not_identifiable_from_factual_ledger,noop_resident_set_no_new_admission
candidate_popart_critic_target,regression,sa_ghmappo,17,regression_11,1,executed_action==4 AND service_completed==false AND progressed==false AND migration_success==false,unknown_not_recorded,0,rsu_0,rsu_1,alpr,True,noop_all_resident,[],[],"[""base:family_a"",""adapter:alpr""]","[""base:family_a"",""adapter:alpr""]",False,True,False,0,0,2,2,2,False,True,,,71.27131871200001,unknown_not_identifiable_from_factual_ledger,noop_resident_set_no_new_admission
candidate_popart_critic_target,regression,sa_ghmappo,17,regression_11,5,executed_action==4 AND service_completed==false AND progressed==false AND migration_success==false,unknown_not_recorded,0,rsu_2,rsu_0,helmet_distinct,True,noop_all_resident,[],[],"[""base:family_b"",""adapter:helmet_distinct""]","[""base:family_b"",""adapter:helmet_distinct""]",False,True,False,0,0,6,6,6,False,True,,,46.986908056000004,unknown_not_identifiable_from_factual_ledger,noop_resident_set_no_new_admission
candidate_popart_critic_target,regression,sa_ghmappo,29,regression_00,2,executed_action==4 AND service_completed==false AND progressed==false AND migration_success==false,unknown_not_recorded,0,rsu_0,rsu_1,alpr,True,noop_all_resident,[],[],"[""base:family_a"",""adapter:alpr""]","[""base:family_a"",""adapter:alpr""]",False,True,False,0,0,3,3,3,False,True,,,65.40335318165023,unknown_not_identifiable_from_factual_ledger,noop_resident_set_no_new_admission
candidate_popart_critic_target,regression,sa_ghmappo,29,regression_00,5,executed_action==4 AND service_completed==false AND progressed==false AND migration_success==false,unknown_not_recorded,0,rsu_1,rsu_2,alpr,True,noop_all_resident,[],[],"[""base:family_a"",""adapter:alpr""]","[""base:family_a"",""adapter:alpr""]",False,True,False,0,0,6,6,6,False,True,,,53.325715288067904,unknown_not_identifiable_from_factual_ledger,noop_resident_set_no_new_admission
candidate_popart_critic_target,regression,sa_ghmappo,29,regression_02,1,executed_action==4 AND service_completed==false AND progressed==false AND migration_success==false,unknown_not_recorded,0,rsu_0,rsu_1,alpr,True,noop_all_resident,[],[],"[""base:family_a"",""adapter:alpr""]","[""base:family_a"",""adapter:alpr""]",False,True,False,0,0,3,3,3,False,True,,,154.1385278510763,unknown_not_identifiable_from_factual_ledger,noop_resident_set_no_new_admission
candidate_popart_critic_target,regression,sa_ghmappo,29,regression_02,2,executed_action==4 AND service_completed==false AND progressed==false AND migration_success==false,unknown_not_recorded,0,rsu_0,rsu_1,alpr,True,noop_all_resident,[],[],"[""base:family_a"",""adapter:alpr""]","[""base:family_a"",""adapter:alpr""]",False,True,False,0,0,3,3,3,False,True,,,152.1385278510763,unknown_not_identifiable_from_factual_ledger,noop_resident_set_no_new_admission
candidate_popart_critic_target,regression,sa_ghmappo,29,regression_02,6,executed_action==4 AND service_completed==false AND progressed==false AND migration_success==false,unknown_not_recorded,0,rsu_2,rsu_0,helmet_distinct,True,noop_all_resident,[],[],"[""base:family_b"",""adapter:helmet_distinct""]","[""base:family_b"",""adapter:helmet_distinct""]",False,True,False,0,0,9,9,9,False,True,,,133.16176062149398,unknown_not_identifiable_from_factual_ledger,noop_resident_set_no_new_admission
candidate_popart_critic_target,regression,sa_ghmappo,29,regression_02,7,executed_action==4 AND service_completed==false AND progressed==false AND migration_success==false,unknown_not_recorded,0,rsu_2,rsu_0,helmet_distinct,True,noop_all_resident,[],[],"[""base:family_b"",""adapter:helmet_distinct""]","[""base:family_b"",""adapter:helmet_distinct""]",False,True,False,0,0,9,9,9,False,True,,,131.16176062149398,unknown_not_identifiable_from_factual_ledger,noop_resident_set_no_new_admission
candidate_popart_critic_target,regression,sa_ghmappo,29,regression_02,8,executed_action==4 AND service_completed==false AND progressed==false AND migration_success==false,unknown_not_recorded,0,rsu_2,rsu_0,helmet_distinct,True,noop_all_resident,[],[],"[""base:family_b"",""adapter:helmet_distinct""]","[""base:family_b"",""adapter:helmet_distinct""]",False,True,False,0,0,9,9,9,False,True,,,129.16176062149398,unknown_not_identifiable_from_factual_ledger,noop_resident_set_no_new_admission
candidate_popart_critic_target,regression,sa_ghmappo,29,regression_02,10,executed_action==4 AND service_completed==false AND progressed==false AND migration_success==false,unknown_not_recorded,0,rsu_0,rsu_1,alpr,True,noop_all_resident,[],[],"[""base:family_a"",""adapter:alpr""]","[""base:family_a"",""adapter:alpr""]",False,True,False,0,0,12,12,12,False,True,,,77.70008704074701,unknown_not_identifiable_from_factual_ledger,noop_resident_set_no_new_admission
candidate_popart_critic_target,regression,sa_ghmappo,29,regression_02,11,executed_action==4 AND service_completed==false AND progressed==false AND migration_success==false,unknown_not_recorded,0,rsu_0,rsu_1,alpr,True,noop_all_resident,[],[],"[""base:family_a"",""adapter:alpr""]","[""base:family_a"",""adapter:alpr""]",False,True,False,0,0,12,12,12,False,True,,,75.70008704074701,unknown_not_identifiable_from_factual_ledger,noop_resident_set_no_new_admission
candidate_popart_critic_target,regression,sa_ghmappo,29,regression_03,4,executed_action==4 AND service_completed==false AND progressed==false AND migration_success==false,unknown_not_recorded,0,rsu_0,rsu_1,alpr,True,noop_all_resident,[],[],"[""base:family_a"",""adapter:alpr""]","[""base:family_a"",""adapter:alpr""]",False,True,False,0,0,5,5,5,False,True,,,37.143681199999996,unknown_not_identifiable_from_factual_ledger,noop_resident_set_no_new_admission
candidate_popart_critic_target,regression,sa_ghmappo,29,regression_07,8,executed_action==4 AND service_completed==false AND progressed==false AND migration_success==false,unknown_not_recorded,0,rsu_1,rsu_2,alpr,True,noop_all_resident,[],[],"[""base:family_a"",""adapter:alpr""]","[""base:family_a"",""adapter:alpr""]",False,True,False,0,0,10,10,10,False,True,,,53.01880631866751,unknown_not_identifiable_from_factual_ledger,noop_resident_set_no_new_admission
candidate_popart_critic_target,regression,sa_ghmappo,29,regression_07,9,executed_action==4 AND service_completed==false AND progressed==false AND migration_success==false,unknown_not_recorded,0,rsu_1,rsu_2,alpr,True,noop_all_resident,[],[],"[""base:family_a"",""adapter:alpr""]","[""base:family_a"",""adapter:alpr""]",False,True,False,0,0,10,10,10,False,True,,,51.01880631866751,unknown_not_identifiable_from_factual_ledger,noop_resident_set_no_new_admission
candidate_popart_critic_target,regression,sa_ghmappo,29,regression_08,4,executed_action==4 AND service_completed==false AND progressed==false AND migration_success==false,unknown_not_recorded,0,rsu_2,rsu_0,helmet_shared,True,noop_all_resident,[],[],"[""base:family_a"",""adapter:helmet_shared""]","[""base:family_a"",""adapter:helmet_shared""]",False,True,False,0,0,6,6,6,False,True,,,83.07270470411905,unknown_not_identifiable_from_factual_ledger,noop_resident_set_no_new_admission
candidate_popart_critic_target,regression,sa_ghmappo,29,regression_08,5,executed_action==4 AND service_completed==false AND progressed==false AND migration_success==false,unknown_not_recorded,0,rsu_2,rsu_0,helmet_shared,True,noop_all_resident,[],[],"[""base:family_a"",""adapter:helmet_shared""]","[""base:family_a"",""adapter:helmet_shared""]",False,True,False,0,0,6,6,6,False,True,,,81.07270470411905,unknown_not_identifiable_from_factual_ledger,noop_resident_set_no_new_admission
candidate_popart_critic_target,regression,sa_ghmappo,29,regression_08,7,executed_action==4 AND service_completed==false AND progressed==false AND migration_success==false,unknown_not_recorded,0,rsu_0,rsu_1,alpr,True,noop_all_resident,[],[],"[""base:family_a"",""adapter:alpr""]","[""base:family_a"",""adapter:alpr""]",False,True,False,0,0,8,8,8,False,True,,,44.999810980954386,unknown_not_identifiable_from_factual_ledger,noop_resident_set_no_new_admission
candidate_popart_critic_target,regression,sa_ghmappo,29,regression_09,6,executed_action==4 AND service_completed==false AND progressed==false AND migration_success==false,unknown_not_recorded,0,rsu_0,rsu_1,alpr,True,noop_all_resident,[],[],"[""base:family_a"",""adapter:alpr"",""adapter:helmet_shared""]","[""base:family_a"",""adapter:alpr"",""adapter:helmet_shared""]",False,True,False,0,0,8,8,8,False,True,,,32.808020233208836,unknown_not_identifiable_from_factual_ledger,noop_resident_set_no_new_admission
candidate_popart_critic_target,regression,sa_ghmappo,29,regression_09,7,executed_action==4 AND service_completed==false AND progressed==false AND migration_success==false,unknown_not_recorded,0,rsu_0,rsu_1,alpr,True,noop_all_resident,[],[],"[""base:family_a"",""adapter:alpr"",""adapter:helmet_shared""]","[""base:family_a"",""adapter:alpr"",""adapter:helmet_shared""]",False,True,False,0,0,8,8,8,False,True,,,30.808020233208833,unknown_not_identifiable_from_factual_ledger,noop_resident_set_no_new_admission
candidate_popart_critic_target,regression,sa_ghmappo,29,regression_11,1,executed_action==4 AND service_completed==false AND progressed==false AND migration_success==false,unknown_not_recorded,0,rsu_0,rsu_1,alpr,True,noop_all_resident,[],[],"[""base:family_a"",""adapter:alpr""]","[""base:family_a"",""adapter:alpr""]",False,True,False,0,0,2,2,2,False,True,,,34.879207864,unknown_not_identifiable_from_factual_ledger,noop_resident_set_no_new_admission
candidate_popart_critic_target,regression,sa_ghmappo,43,regression_00,2,executed_action==4 AND service_completed==false AND progressed==false AND migration_success==false,unknown_not_recorded,0,rsu_0,rsu_1,alpr,True,noop_all_resident,[],[],"[""base:family_a"",""adapter:alpr""]","[""base:family_a"",""adapter:alpr""]",False,True,False,0,0,3,3,3,False,True,,,65.40335318165023,unknown_not_identifiable_from_factual_ledger,noop_resident_set_no_new_admission
candidate_popart_critic_target,regression,sa_ghmappo,43,regression_00,5,executed_action==4 AND service_completed==false AND progressed==false AND migration_success==false,unknown_not_recorded,0,rsu_1,rsu_2,alpr,True,noop_all_resident,[],[],"[""base:family_a"",""adapter:alpr""]","[""base:family_a"",""adapter:alpr""]",False,True,False,0,0,6,6,6,False,True,,,53.325715288067904,unknown_not_identifiable_from_factual_ledger,noop_resident_set_no_new_admission
candidate_popart_critic_target,regression,sa_ghmappo,43,regression_02,1,executed_action==4 AND service_completed==false AND progressed==false AND migration_success==false,unknown_not_recorded,0,rsu_0,rsu_1,alpr,True,noop_all_resident,[],[],"[""base:family_a"",""adapter:alpr""]","[""base:family_a"",""adapter:alpr""]",False,True,False,0,0,3,3,3,False,True,,,154.1385278510763,unknown_not_identifiable_from_factual_ledger,noop_resident_set_no_new_admission
candidate_popart_critic_target,regression,sa_ghmappo,43,regression_02,2,executed_action==4 AND service_completed==false AND progressed==false AND migration_success==false,unknown_not_recorded,0,rsu_0,rsu_1,alpr,True,noop_all_resident,[],[],"[""base:family_a"",""adapter:alpr""]","[""base:family_a"",""adapter:alpr""]",False,True,False,0,0,3,3,3,False,True,,,152.1385278510763,unknown_not_identifiable_from_factual_ledger,noop_resident_set_no_new_admission
candidate_popart_critic_target,regression,sa_ghmappo,43,regression_02,6,executed_action==4 AND service_completed==false AND progressed==false AND migration_success==false,unknown_not_recorded,0,rsu_2,rsu_0,helmet_distinct,True,noop_all_resident,[],[],"[""base:family_b"",""adapter:helmet_distinct""]","[""base:family_b"",""adapter:helmet_distinct""]",False,True,False,0,0,9,9,9,False,True,,,133.16176062149398,unknown_not_identifiable_from_factual_ledger,noop_resident_set_no_new_admission
candidate_popart_critic_target,regression,sa_ghmappo,43,regression_02,7,executed_action==4 AND service_completed==false AND progressed==false AND migration_success==false,unknown_not_recorded,0,rsu_2,rsu_0,helmet_distinct,True,noop_all_resident,[],[],"[""base:family_b"",""adapter:helmet_distinct""]","[""base:family_b"",""adapter:helmet_distinct""]",False,True,False,0,0,9,9,9,False,True,,,131.16176062149398,unknown_not_identifiable_from_factual_ledger,noop_resident_set_no_new_admission
candidate_popart_critic_target,regression,sa_ghmappo,43,regression_02,8,executed_action==4 AND service_completed==false AND progressed==false AND migration_success==false,unknown_not_recorded,0,rsu_2,rsu_0,helmet_distinct,True,noop_all_resident,[],[],"[""base:family_b"",""adapter:helmet_distinct""]","[""base:family_b"",""adapter:helmet_distinct""]",False,True,False,0,0,9,9,9,False,True,,,129.16176062149398,unknown_not_identifiable_from_factual_ledger,noop_resident_set_no_new_admission
candidate_popart_critic_target,regression,sa_ghmappo,43,regression_02,10,executed_action==4 AND service_completed==false AND progressed==false AND migration_success==false,unknown_not_recorded,0,rsu_0,rsu_1,alpr,True,noop_all_resident,[],[],"[""base:family_a"",""adapter:alpr""]","[""base:family_a"",""adapter:alpr""]",False,True,False,0,0,12,12,12,False,True,,,77.70008704074701,unknown_not_identifiable_from_factual_ledger,noop_resident_set_no_new_admission
candidate_popart_critic_target,regression,sa_ghmappo,43,regression_02,11,executed_action==4 AND service_completed==false AND progressed==false AND migration_success==false,unknown_not_recorded,0,rsu_0,rsu_1,alpr,True,noop_all_resident,[],[],"[""base:family_a"",""adapter:alpr""]","[""base:family_a"",""adapter:alpr""]",False,True,False,0,0,12,12,12,False,True,,,75.70008704074701,unknown_not_identifiable_from_factual_ledger,noop_resident_set_no_new_admission
candidate_popart_critic_target,regression,sa_ghmappo,43,regression_03,4,executed_action==4 AND service_completed==false AND progressed==false AND migration_success==false,unknown_not_recorded,0,rsu_0,rsu_1,alpr,True,noop_all_resident,[],[],"[""base:family_a"",""adapter:alpr""]","[""base:family_a"",""adapter:alpr""]",False,True,False,0,0,5,5,5,False,True,,,37.143681199999996,unknown_not_identifiable_from_factual_ledger,noop_resident_set_no_new_admission
candidate_popart_critic_target,regression,sa_ghmappo,43,regression_07,8,executed_action==4 AND service_completed==false AND progressed==false AND migration_success==false,unknown_not_recorded,0,rsu_1,rsu_2,alpr,True,noop_all_resident,[],[],"[""base:family_a"",""adapter:alpr""]","[""base:family_a"",""adapter:alpr""]",False,True,False,0,0,10,10,10,False,True,,,53.01880631866751,unknown_not_identifiable_from_factual_ledger,noop_resident_set_no_new_admission
candidate_popart_critic_target,regression,sa_ghmappo,43,regression_07,9,executed_action==4 AND service_completed==false AND progressed==false AND migration_success==false,unknown_not_recorded,0,rsu_1,rsu_2,alpr,True,noop_all_resident,[],[],"[""base:family_a"",""adapter:alpr""]","[""base:family_a"",""adapter:alpr""]",False,True,False,0,0,10,10,10,False,True,,,51.01880631866751,unknown_not_identifiable_from_factual_ledger,noop_resident_set_no_new_admission
candidate_popart_critic_target,regression,sa_ghmappo,43,regression_08,2,executed_action==4 AND service_completed==false AND progressed==false AND migration_success==false,unknown_not_recorded,0,rsu_1,rsu_2,alpr,True,noop_all_resident,[],[],"[""base:family_a"",""adapter:alpr""]","[""base:family_a"",""adapter:alpr""]",False,True,False,0,0,4,4,4,False,True,,,105.1637537087058,unknown_not_identifiable_from_factual_ledger,noop_resident_set_no_new_admission
candidate_popart_critic_target,regression,sa_ghmappo,43,regression_08,3,executed_action==4 AND service_completed==false AND progressed==false AND migration_success==false,unknown_not_recorded,0,rsu_1,rsu_2,alpr,True,noop_all_resident,[],[],"[""base:family_a"",""adapter:alpr""]","[""base:family_a"",""adapter:alpr""]",False,True,False,0,0,4,4,4,False,True,,,103.1637537087058,unknown_not_identifiable_from_factual_ledger,noop_resident_set_no_new_admission
candidate_popart_critic_target,regression,sa_ghmappo,43,regression_08,6,executed_action==4 AND service_completed==false AND progressed==false AND migration_success==false,unknown_not_recorded,0,rsu_0,rsu_1,helmet_shared,True,noop_all_resident,[],[],"[""base:family_a"",""adapter:helmet_shared""]","[""base:family_a"",""adapter:helmet_shared""]",False,True,False,0,0,8,8,8,False,True,,,83.04827075211907,unknown_not_identifiable_from_factual_ledger,noop_resident_set_no_new_admission
candidate_popart_critic_target,regression,sa_ghmappo,43,regression_08,7,executed_action==4 AND service_completed==false AND progressed==false AND migration_success==false,unknown_not_recorded,0,rsu_0,rsu_1,helmet_shared,True,noop_all_resident,[],[],"[""base:family_a"",""adapter:helmet_shared""]","[""base:family_a"",""adapter:helmet_shared""]",False,True,False,0,0,8,8,8,False,True,,,81.04827075211907,unknown_not_identifiable_from_factual_ledger,noop_resident_set_no_new_admission
candidate_popart_critic_target,regression,sa_ghmappo,43,regression_08,9,executed_action==4 AND service_completed==false AND progressed==false AND migration_success==false,unknown_not_recorded,0,rsu_1,rsu_2,alpr,True,noop_all_resident,[],[],"[""base:family_a"",""adapter:alpr""]","[""base:family_a"",""adapter:alpr""]",False,True,False,0,0,10,10,10,False,True,,,44.97537702895439,unknown_not_identifiable_from_factual_ledger,noop_resident_set_no_new_admission
candidate_popart_critic_target,regression,sa_ghmappo,43,regression_09,6,executed_action==4 AND service_completed==false AND progressed==false AND migration_success==false,unknown_not_recorded,0,rsu_0,rsu_1,alpr,True,noop_all_resident,[],[],"[""base:family_a"",""adapter:alpr"",""adapter:helmet_shared""]","[""base:family_a"",""adapter:alpr"",""adapter:helmet_shared""]",False,True,False,0,0,8,8,8,False,True,,,32.808020233208836,unknown_not_identifiable_from_factual_ledger,noop_resident_set_no_new_admission
candidate_popart_critic_target,regression,sa_ghmappo,43,regression_09,7,executed_action==4 AND service_completed==false AND progressed==false AND migration_success==false,unknown_not_recorded,0,rsu_0,rsu_1,alpr,True,noop_all_resident,[],[],"[""base:family_a"",""adapter:alpr"",""adapter:helmet_shared""]","[""base:family_a"",""adapter:alpr"",""adapter:helmet_shared""]",False,True,False,0,0,8,8,8,False,True,,,30.808020233208833,unknown_not_identifiable_from_factual_ledger,noop_resident_set_no_new_admission
candidate_popart_critic_target,regression,sa_ghmappo,43,regression_11,1,executed_action==4 AND service_completed==false AND progressed==false AND migration_success==false,unknown_not_recorded,0,rsu_0,rsu_1,alpr,True,noop_all_resident,[],[],"[""base:family_a"",""adapter:alpr""]","[""base:family_a"",""adapter:alpr""]",False,True,False,0,0,2,2,2,False,True,,,71.27131871200001,unknown_not_identifiable_from_factual_ledger,noop_resident_set_no_new_admission
candidate_popart_critic_target,regression,sa_ghmappo,43,regression_11,5,executed_action==4 AND service_completed==false AND progressed==false AND migration_success==false,unknown_not_recorded,0,rsu_2,rsu_0,helmet_distinct,True,noop_all_resident,[],[],"[""base:family_b"",""adapter:helmet_distinct""]","[""base:family_b"",""adapter:helmet_distinct""]",False,True,False,0,0,6,6,6,False,True,,,46.986908056000004,unknown_not_identifiable_from_factual_ledger,noop_resident_set_no_new_admission
candidate_popart_critic_target,regression,sa_ghmappo,61,regression_00,2,executed_action==4 AND service_completed==false AND progressed==false AND migration_success==false,unknown_not_recorded,0,rsu_0,rsu_1,alpr,True,noop_all_resident,[],[],"[""base:family_a"",""adapter:alpr""]","[""base:family_a"",""adapter:alpr""]",False,True,False,0,0,3,3,3,False,True,,,65.40335318165023,unknown_not_identifiable_from_factual_ledger,noop_resident_set_no_new_admission
candidate_popart_critic_target,regression,sa_ghmappo,61,regression_00,5,executed_action==4 AND service_completed==false AND progressed==false AND migration_success==false,unknown_not_recorded,0,rsu_1,rsu_2,alpr,True,noop_all_resident,[],[],"[""base:family_a"",""adapter:alpr""]","[""base:family_a"",""adapter:alpr""]",False,True,False,0,0,6,6,6,False,True,,,53.325715288067904,unknown_not_identifiable_from_factual_ledger,noop_resident_set_no_new_admission
candidate_popart_critic_target,regression,sa_ghmappo,61,regression_02,1,executed_action==4 AND service_completed==false AND progressed==false AND migration_success==false,unknown_not_recorded,0,rsu_0,rsu_1,alpr,True,noop_all_resident,[],[],"[""base:family_a"",""adapter:alpr""]","[""base:family_a"",""adapter:alpr""]",False,True,False,0,0,3,3,3,False,True,,,154.1385278510763,unknown_not_identifiable_from_factual_ledger,noop_resident_set_no_new_admission
candidate_popart_critic_target,regression,sa_ghmappo,61,regression_02,2,executed_action==4 AND service_completed==false AND progressed==false AND migration_success==false,unknown_not_recorded,0,rsu_0,rsu_1,alpr,True,noop_all_resident,[],[],"[""base:family_a"",""adapter:alpr""]","[""base:family_a"",""adapter:alpr""]",False,True,False,0,0,3,3,3,False,True,,,152.1385278510763,unknown_not_identifiable_from_factual_ledger,noop_resident_set_no_new_admission
candidate_popart_critic_target,regression,sa_ghmappo,61,regression_02,6,executed_action==4 AND service_completed==false AND progressed==false AND migration_success==false,unknown_not_recorded,0,rsu_2,rsu_0,helmet_distinct,True,noop_all_resident,[],[],"[""base:family_b"",""adapter:helmet_distinct""]","[""base:family_b"",""adapter:helmet_distinct""]",False,True,False,0,0,9,9,9,False,True,,,133.16176062149398,unknown_not_identifiable_from_factual_ledger,noop_resident_set_no_new_admission
candidate_popart_critic_target,regression,sa_ghmappo,61,regression_02,7,executed_action==4 AND service_completed==false AND progressed==false AND migration_success==false,unknown_not_recorded,0,rsu_2,rsu_0,helmet_distinct,True,noop_all_resident,[],[],"[""base:family_b"",""adapter:helmet_distinct""]","[""base:family_b"",""adapter:helmet_distinct""]",False,True,False,0,0,9,9,9,False,True,,,131.16176062149398,unknown_not_identifiable_from_factual_ledger,noop_resident_set_no_new_admission
candidate_popart_critic_target,regression,sa_ghmappo,61,regression_02,8,executed_action==4 AND service_completed==false AND progressed==false AND migration_success==false,unknown_not_recorded,0,rsu_2,rsu_0,helmet_distinct,True,noop_all_resident,[],[],"[""base:family_b"",""adapter:helmet_distinct""]","[""base:family_b"",""adapter:helmet_distinct""]",False,True,False,0,0,9,9,9,False,True,,,129.16176062149398,unknown_not_identifiable_from_factual_ledger,noop_resident_set_no_new_admission
candidate_popart_critic_target,regression,sa_ghmappo,61,regression_02,10,executed_action==4 AND service_completed==false AND progressed==false AND migration_success==false,unknown_not_recorded,0,rsu_0,rsu_1,alpr,True,noop_all_resident,[],[],"[""base:family_a"",""adapter:alpr""]","[""base:family_a"",""adapter:alpr""]",False,True,False,0,0,12,12,12,False,True,,,77.70008704074701,unknown_not_identifiable_from_factual_ledger,noop_resident_set_no_new_admission
candidate_popart_critic_target,regression,sa_ghmappo,61,regression_02,11,executed_action==4 AND service_completed==false AND progressed==false AND migration_success==false,unknown_not_recorded,0,rsu_0,rsu_1,alpr,True,noop_all_resident,[],[],"[""base:family_a"",""adapter:alpr""]","[""base:family_a"",""adapter:alpr""]",False,True,False,0,0,12,12,12,False,True,,,75.70008704074701,unknown_not_identifiable_from_factual_ledger,noop_resident_set_no_new_admission
candidate_popart_critic_target,regression,sa_ghmappo,61,regression_03,4,executed_action==4 AND service_completed==false AND progressed==false AND migration_success==false,unknown_not_recorded,0,rsu_0,rsu_1,alpr,True,noop_all_resident,[],[],"[""base:family_a"",""adapter:alpr""]","[""base:family_a"",""adapter:alpr""]",False,True,False,0,0,5,5,5,False,True,,,37.143681199999996,unknown_not_identifiable_from_factual_ledger,noop_resident_set_no_new_admission
candidate_popart_critic_target,regression,sa_ghmappo,61,regression_07,8,executed_action==4 AND service_completed==false AND progressed==false AND migration_success==false,unknown_not_recorded,0,rsu_1,rsu_2,alpr,True,noop_all_resident,[],[],"[""base:family_a"",""adapter:alpr""]","[""base:family_a"",""adapter:alpr""]",False,True,False,0,0,10,10,10,False,True,,,53.01880631866751,unknown_not_identifiable_from_factual_ledger,noop_resident_set_no_new_admission
candidate_popart_critic_target,regression,sa_ghmappo,61,regression_07,9,executed_action==4 AND service_completed==false AND progressed==false AND migration_success==false,unknown_not_recorded,0,rsu_1,rsu_2,alpr,True,noop_all_resident,[],[],"[""base:family_a"",""adapter:alpr""]","[""base:family_a"",""adapter:alpr""]",False,True,False,0,0,10,10,10,False,True,,,51.01880631866751,unknown_not_identifiable_from_factual_ledger,noop_resident_set_no_new_admission
candidate_popart_critic_target,regression,sa_ghmappo,61,regression_08,4,executed_action==4 AND service_completed==false AND progressed==false AND migration_success==false,unknown_not_recorded,0,rsu_2,rsu_0,helmet_shared,True,noop_all_resident,[],[],"[""base:family_a"",""adapter:helmet_shared""]","[""base:family_a"",""adapter:helmet_shared""]",False,True,False,0,0,6,6,6,False,True,,,83.07270470411905,unknown_not_identifiable_from_factual_ledger,noop_resident_set_no_new_admission
candidate_popart_critic_target,regression,sa_ghmappo,61,regression_08,5,executed_action==4 AND service_completed==false AND progressed==false AND migration_success==false,unknown_not_recorded,0,rsu_2,rsu_0,helmet_shared,True,noop_all_resident,[],[],"[""base:family_a"",""adapter:helmet_shared""]","[""base:family_a"",""adapter:helmet_shared""]",False,True,False,0,0,6,6,6,False,True,,,81.07270470411905,unknown_not_identifiable_from_factual_ledger,noop_resident_set_no_new_admission
candidate_popart_critic_target,regression,sa_ghmappo,61,regression_08,7,executed_action==4 AND service_completed==false AND progressed==false AND migration_success==false,unknown_not_recorded,0,rsu_0,rsu_1,alpr,True,noop_all_resident,[],[],"[""base:family_a"",""adapter:alpr""]","[""base:family_a"",""adapter:alpr""]",False,True,False,0,0,8,8,8,False,True,,,44.999810980954386,unknown_not_identifiable_from_factual_ledger,noop_resident_set_no_new_admission
candidate_popart_critic_target,regression,sa_ghmappo,61,regression_09,6,executed_action==4 AND service_completed==false AND progressed==false AND migration_success==false,unknown_not_recorded,0,rsu_0,rsu_1,alpr,True,noop_all_resident,[],[],"[""base:family_a"",""adapter:alpr"",""adapter:helmet_shared""]","[""base:family_a"",""adapter:alpr"",""adapter:helmet_shared""]",False,True,False,0,0,8,8,8,False,True,,,32.808020233208836,unknown_not_identifiable_from_factual_ledger,noop_resident_set_no_new_admission
candidate_popart_critic_target,regression,sa_ghmappo,61,regression_09,7,executed_action==4 AND service_completed==false AND progressed==false AND migration_success==false,unknown_not_recorded,0,rsu_0,rsu_1,alpr,True,noop_all_resident,[],[],"[""base:family_a"",""adapter:alpr"",""adapter:helmet_shared""]","[""base:family_a"",""adapter:alpr"",""adapter:helmet_shared""]",False,True,False,0,0,8,8,8,False,True,,,30.808020233208833,unknown_not_identifiable_from_factual_ledger,noop_resident_set_no_new_admission
candidate_popart_critic_target,regression,sa_ghmappo,61,regression_11,1,executed_action==4 AND service_completed==false AND progressed==false AND migration_success==false,unknown_not_recorded,0,rsu_0,rsu_1,alpr,True,noop_all_resident,[],[],"[""base:family_a"",""adapter:alpr""]","[""base:family_a"",""adapter:alpr""]",False,True,False,0,0,2,2,2,False,True,,,71.27131871200001,unknown_not_identifiable_from_factual_ledger,noop_resident_set_no_new_admission
candidate_popart_critic_target,regression,sa_ghmappo,61,regression_11,5,executed_action==4 AND service_completed==false AND progressed==false AND migration_success==false,unknown_not_recorded,0,rsu_2,rsu_0,helmet_distinct,True,noop_all_resident,[],[],"[""base:family_b"",""adapter:helmet_distinct""]","[""base:family_b"",""adapter:helmet_distinct""]",False,True,False,0,0,6,6,6,False,True,,,46.986908056000004,unknown_not_identifiable_from_factual_ledger,noop_resident_set_no_new_admission
control_raw_critic_target,frozen_check,mappo,7,frozen_check_00,2,executed_action==4 AND service_completed==false AND progressed==false AND migration_success==false,unknown_not_recorded,0,rsu_1,rsu_2,alpr,True,noop_all_resident,[],[],"[""base:family_a"",""adapter:alpr""]","[""base:family_a"",""adapter:alpr""]",False,True,False,0,0,4,4,4,False,False,,,52.16400768,unknown_not_identifiable_from_factual_ledger,noop_resident_set_no_new_admission
control_raw_critic_target,frozen_check,mappo,7,frozen_check_00,3,executed_action==4 AND service_completed==false AND progressed==false AND migration_success==false,unknown_not_recorded,0,rsu_1,rsu_2,alpr,True,noop_all_resident,[],[],"[""base:family_a"",""adapter:alpr""]","[""base:family_a"",""adapter:alpr""]",False,True,False,0,0,4,4,4,False,False,,,50.16400768,unknown_not_identifiable_from_factual_ledger,noop_resident_set_no_new_admission
control_raw_critic_target,frozen_check,mappo,7,frozen_check_00,7,executed_action==4 AND service_completed==false AND progressed==false AND migration_success==false,unknown_not_recorded,0,rsu_0,rsu_1,helmet_shared,True,committed,"[""adapter:helmet_shared""]","[""adapter:alpr""]","[""base:family_a"",""adapter:alpr""]","[""base:family_a"",""adapter:helmet_shared""]",True,True,False,9641944,0,8,8,8,True,False,9,9,10.746539912,unknown_not_identifiable_from_factual_ledger,committed_warm_reused_with_observed_victim_cost
control_raw_critic_target,frozen_check,mappo,7,frozen_check_00,9,executed_action==4 AND service_completed==false AND progressed==false AND migration_success==false,unknown_not_recorded,0,rsu_1,rsu_2,alpr,True,committed,"[""adapter:alpr""]","[""adapter:helmet_shared""]","[""base:family_a"",""adapter:helmet_shared""]","[""base:family_a"",""adapter:alpr""]",True,True,False,154423432,0,10,10,10,True,True,,,3.8316679519999997,unknown_not_identifiable_from_factual_ledger,committed_warm_reused_no_observed_victim_cost
control_raw_critic_target,frozen_check,mappo,7,frozen_check_02,2,executed_action==4 AND service_completed==false AND progressed==false AND migration_success==false,unknown_not_recorded,0,rsu_1,rsu_2,alpr,True,noop_all_resident,[],[],"[""base:family_a"",""adapter:alpr""]","[""base:family_a"",""adapter:alpr""]",False,True,False,0,0,4,4,4,False,True,,,45.693491319164664,unknown_not_identifiable_from_factual_ledger,noop_resident_set_no_new_admission
control_raw_critic_target,frozen_check,mappo,7,frozen_check_02,3,executed_action==4 AND service_completed==false AND progressed==false AND migration_success==false,unknown_not_recorded,0,rsu_1,rsu_2,alpr,True,noop_all_resident,[],[],"[""base:family_a"",""adapter:alpr""]","[""base:family_a"",""adapter:alpr""]",False,True,False,0,0,4,4,4,False,True,,,43.693491319164664,unknown_not_identifiable_from_factual_ledger,noop_resident_set_no_new_admission
control_raw_critic_target,frozen_check,mappo,7,frozen_check_02,5,executed_action==4 AND service_completed==false AND progressed==false AND migration_success==false,unknown_not_recorded,0,rsu_2,rsu_0,helmet_distinct,True,noop_all_resident,[],[],"[""base:family_b"",""adapter:helmet_distinct""]","[""base:family_b"",""adapter:helmet_distinct""]",False,True,False,0,0,6,6,6,False,True,,,35.451052977582336,unknown_not_identifiable_from_factual_ledger,noop_resident_set_no_new_admission
control_raw_critic_target,frozen_check,mappo,7,frozen_check_02,7,executed_action==4 AND service_completed==false AND progressed==false AND migration_success==false,unknown_not_recorded,0,rsu_0,rsu_1,alpr,False,contact_budget_exceeded,"[""adapter:alpr"",""base:family_a""]","[""adapter:helmet_distinct"",""base:family_b""]","[""base:family_b"",""adapter:helmet_distinct""]","[""base:family_b"",""adapter:helmet_distinct""]",False,False,False,0,0,8,8,,False,False,,,19.886491112,unknown_not_identifiable_from_factual_ledger,rollback_or_rejection_no_resident_change
control_raw_critic_target,frozen_check,mappo,7,frozen_check_03,1,executed_action==4 AND service_completed==false AND progressed==false AND migration_success==false,unknown_not_recorded,0,rsu_0,rsu_1,alpr,True,noop_all_resident,[],[],"[""base:family_a"",""adapter:alpr"",""base:family_b"",""adapter:helmet_distinct""]","[""base:family_a"",""adapter:alpr"",""base:family_b"",""adapter:helmet_distinct""]",False,True,False,0,0,2,2,2,False,True,,,80.89285936,unknown_not_identifiable_from_factual_ledger,noop_resident_set_no_new_admission
control_raw_critic_target,frozen_check,mappo,7,frozen_check_03,6,executed_action==4 AND service_completed==false AND progressed==false AND migration_success==false,unknown_not_recorded,0,rsu_0,rsu_1,alpr,True,noop_all_resident,[],[],"[""base:family_a"",""adapter:alpr"",""base:family_b"",""adapter:helmet_distinct""]","[""base:family_a"",""adapter:alpr"",""base:family_b"",""adapter:helmet_distinct""]",False,True,False,0,0,8,8,8,False,True,,,63.61228976,unknown_not_identifiable_from_factual_ledger,noop_resident_set_no_new_admission
control_raw_critic_target,frozen_check,mappo,7,frozen_check_03,7,executed_action==4 AND service_completed==false AND progressed==false AND migration_success==false,unknown_not_recorded,0,rsu_0,rsu_1,alpr,True,noop_all_resident,[],[],"[""base:family_a"",""adapter:alpr"",""base:family_b"",""adapter:helmet_distinct""]","[""base:family_a"",""adapter:alpr"",""base:family_b"",""adapter:helmet_distinct""]",False,True,False,0,0,8,8,8,False,True,,,61.61228976,unknown_not_identifiable_from_factual_ledger,noop_resident_set_no_new_admission
control_raw_critic_target,frozen_check,mappo,7,frozen_check_04,1,executed_action==4 AND service_completed==false AND progressed==false AND migration_success==false,unknown_not_recorded,0,rsu_0,rsu_1,alpr,False,contact_budget_exceeded,[],[],"[""base:family_a"",""adapter:alpr""]","[""base:family_a"",""adapter:alpr""]",False,False,False,0,0,2,2,2,False,True,,,189.86714841188447,unknown_not_identifiable_from_factual_ledger,rollback_or_rejection_no_resident_change
control_raw_critic_target,frozen_check,mappo,7,frozen_check_04,5,executed_action==4 AND service_completed==false AND progressed==false AND migration_success==false,unknown_not_recorded,0,rsu_2,rsu_0,helmet_shared,False,contact_budget_exceeded,[],[],"[""base:family_a"",""adapter:helmet_shared""]","[""base:family_a"",""adapter:helmet_shared""]",False,False,False,0,0,6,6,6,False,True,,,120.6452475047198,unknown_not_identifiable_from_factual_ledger,rollback_or_rejection_no_resident_change
control_raw_critic_target,frozen_check,mappo,7,frozen_check_04,7,executed_action==4 AND service_completed==false AND progressed==false AND migration_success==false,unknown_not_recorded,0,rsu_0,rsu_1,alpr,False,contact_budget_exceeded,[],[],"[""base:family_a"",""adapter:alpr""]","[""base:family_a"",""adapter:alpr""]",False,False,False,0,0,8,8,8,False,True,,,70.8323106039728,unknown_not_identifiable_from_factual_ledger,rollback_or_rejection_no_resident_change
control_raw_critic_target,frozen_check,mappo,7,frozen_check_05,0,executed_action==4 AND service_completed==false AND progressed==false AND migration_success==false,unknown_not_recorded,0,rsu_0,rsu_1,helmet_shared,True,committed,"[""adapter:helmet_shared""]",[],"[""adapter:alpr"",""base:family_a""]","[""adapter:alpr"",""base:family_a"",""adapter:helmet_shared""]",True,True,False,9641944,0,2,2,2,True,False,,,29.61542344,unknown_not_identifiable_from_factual_ledger,committed_warm_reused_no_observed_victim_cost
control_raw_critic_target,frozen_check,mappo,7,frozen_check_05,1,executed_action==4 AND service_completed==false AND progressed==false AND migration_success==false,unknown_not_recorded,0,rsu_0,rsu_1,helmet_shared,True,noop_all_resident,[],[],"[""adapter:alpr"",""base:family_a"",""adapter:helmet_shared""]","[""adapter:alpr"",""base:family_a"",""adapter:helmet_shared""]",False,True,False,0,0,2,2,2,False,False,,,27.61542344,unknown_not_identifiable_from_factual_ledger,noop_resident_set_no_new_admission
control_raw_critic_target,frozen_check,mappo,7,frozen_check_06,3,executed_action==4 AND service_completed==false AND progressed==false AND migration_success==false,unknown_not_recorded,0,rsu_1,rsu_2,helmet_distinct,False,contact_budget_exceeded,"[""adapter:helmet_distinct"",""base:family_b""]",[],"[""base:family_a"",""adapter:alpr""]","[""base:family_a"",""adapter:alpr""]",False,False,False,0,0,4,4,,False,False,,,47.85190215596932,unknown_not_identifiable_from_factual_ledger,rollback_or_rejection_no_resident_change
control_raw_critic_target,frozen_check,mappo,7,frozen_check_06,4,executed_action==4 AND service_completed==false AND progressed==false AND migration_success==false,unknown_not_recorded,0,rsu_2,rsu_0,helmet_distinct,False,contact_budget_exceeded,[],[],"[""base:family_b"",""adapter:helmet_distinct""]","[""base:family_b"",""adapter:helmet_distinct""]",False,False,False,0,0,6,6,6,False,True,,,45.85190215596932,unknown_not_identifiable_from_factual_ledger,rollback_or_rejection_no_resident_change
control_raw_critic_target,frozen_check,mappo,7,frozen_check_06,5,executed_action==4 AND service_completed==false AND progressed==false AND migration_success==false,unknown_not_recorded,0,rsu_2,rsu_0,helmet_distinct,False,contact_budget_exceeded,[],[],"[""base:family_b"",""adapter:helmet_distinct""]","[""base:family_b"",""adapter:helmet_distinct""]",False,False,False,0,0,6,6,6,False,True,,,43.85190215596933,unknown_not_identifiable_from_factual_ledger,rollback_or_rejection_no_resident_change
control_raw_critic_target,frozen_check,mappo,7,frozen_check_06,7,executed_action==4 AND service_completed==false AND progressed==false AND migration_success==false,unknown_not_recorded,0,rsu_0,rsu_1,alpr,False,contact_budget_exceeded,[],[],"[""base:family_a"",""adapter:alpr""]","[""base:family_a"",""adapter:alpr""]",False,False,False,0,0,8,8,8,False,True,,,29.418324448804658,unknown_not_identifiable_from_factual_ledger,rollback_or_rejection_no_resident_change
control_raw_critic_target,frozen_check,mappo,7,frozen_check_07,2,executed_action==4 AND service_completed==false AND progressed==false AND migration_success==false,unknown_not_recorded,0,rsu_1,rsu_2,helmet_shared,False,contact_budget_exceeded,"[""adapter:helmet_shared"",""base:family_a""]",[],[],[],False,False,False,0,0,4,4,,False,False,,,50.70724628,unknown_not_identifiable_from_factual_ledger,rollback_or_rejection_no_resident_change
control_raw_critic_target,frozen_check,mappo,7,frozen_check_07,3,executed_action==4 AND service_completed==false AND progressed==false AND migration_success==false,unknown_not_recorded,0,rsu_1,rsu_2,helmet_shared,False,contact_budget_exceeded,"[""adapter:helmet_shared"",""base:family_a""]",[],[],[],False,False,False,0,0,4,4,,False,False,,,48.70724628,unknown_not_identifiable_from_factual_ledger,rollback_or_rejection_no_resident_change
control_raw_critic_target,frozen_check,mappo,7,frozen_check_07,4,executed_action==4 AND service_completed==false AND progressed==false AND migration_success==false,unknown_not_recorded,0,rsu_2,rsu_0,helmet_shared,True,noop_all_resident,[],[],"[""base:family_a"",""adapter:helmet_shared""]","[""base:family_a"",""adapter:helmet_shared""]",False,True,False,0,0,6,6,6,False,True,,,46.70724628,unknown_not_identifiable_from_factual_ledger,noop_resident_set_no_new_admission
control_raw_critic_target,frozen_check,mappo,7,frozen_check_07,5,executed_action==4 AND service_completed==false AND progressed==false AND migration_success==false,unknown_not_recorded,0,rsu_2,rsu_0,helmet_shared,True,noop_all_resident,[],[],"[""base:family_a"",""adapter:helmet_shared""]","[""base:family_a"",""adapter:helmet_shared""]",False,True,False,0,0,6,6,6,False,True,,,44.70724628,unknown_not_identifiable_from_factual_ledger,noop_resident_set_no_new_admission
control_raw_critic_target,frozen_check,mappo,7,frozen_check_07,8,executed_action==4 AND service_completed==false AND progressed==false AND migration_success==false,unknown_not_recorded,0,rsu_1,rsu_2,alpr,False,contact_budget_exceeded,"[""adapter:alpr"",""base:family_a""]",[],[],[],False,False,False,0,0,10,10,,False,False,,,34.96224428,unknown_not_identifiable_from_factual_ledger,rollback_or_rejection_no_resident_change
control_raw_critic_target,frozen_check,mappo,7,frozen_check_07,9,executed_action==4 AND service_completed==false AND progressed==false AND migration_success==false,unknown_not_recorded,0,rsu_1,rsu_2,alpr,False,contact_budget_exceeded,"[""adapter:alpr"",""base:family_a""]",[],[],[],False,False,False,0,0,10,10,,False,False,,,32.96224428,unknown_not_identifiable_from_factual_ledger,rollback_or_rejection_no_resident_change
control_raw_critic_target,frozen_check,mappo,7,frozen_check_07,10,executed_action==4 AND service_completed==false AND progressed==false AND migration_success==false,unknown_not_recorded,0,rsu_2,rsu_0,alpr,True,committed,"[""adapter:alpr""]",[],"[""base:family_a"",""adapter:helmet_shared""]","[""base:family_a"",""adapter:helmet_shared"",""adapter:alpr""]",True,True,False,154423432,0,12,12,12,True,True,,,24.054132000000003,unknown_not_identifiable_from_factual_ledger,committed_warm_reused_no_observed_victim_cost
control_raw_critic_target,frozen_check,mappo,7,frozen_check_07,11,executed_action==4 AND service_completed==false AND progressed==false AND migration_success==false,unknown_not_recorded,0,rsu_2,rsu_0,alpr,True,noop_all_resident,[],[],"[""base:family_a"",""adapter:helmet_shared"",""adapter:alpr""]","[""base:family_a"",""adapter:helmet_shared"",""adapter:alpr""]",False,True,False,0,0,12,12,12,False,True,,,22.054132,unknown_not_identifiable_from_factual_ledger,noop_resident_set_no_new_admission
control_raw_critic_target,frozen_check,mappo,7,frozen_check_07,14,executed_action==4 AND service_completed==false AND progressed==false AND migration_success==false,unknown_not_recorded,0,rsu_1,rsu_2,alpr,False,contact_budget_exceeded,"[""adapter:alpr"",""base:family_a""]",[],[],[],False,False,False,0,0,16,16,,False,False,,,12.874777,unknown_not_identifiable_from_factual_ledger,rollback_or_rejection_no_resident_change
control_raw_critic_target,frozen_check,mappo,7,frozen_check_07,15,executed_action==4 AND service_completed==false AND progressed==false AND migration_success==false,unknown_not_recorded,0,rsu_1,rsu_2,alpr,False,contact_budget_exceeded,"[""adapter:alpr"",""base:family_a""]",[],[],[],False,False,False,0,0,16,16,,False,False,,,10.874777,unknown_not_identifiable_from_factual_ledger,rollback_or_rejection_no_resident_change
control_raw_critic_target,frozen_check,mappo,7,frozen_check_07,16,executed_action==4 AND service_completed==false AND progressed==false AND migration_success==false,unknown_not_recorded,0,rsu_2,rsu_0,alpr,True,noop_all_resident,[],[],"[""base:family_a"",""adapter:helmet_shared"",""adapter:alpr""]","[""base:family_a"",""adapter:helmet_shared"",""adapter:alpr""]",False,True,False,0,0,18,18,18,False,True,,,8.874777,unknown_not_identifiable_from_factual_ledger,noop_resident_set_no_new_admission
control_raw_critic_target,frozen_check,mappo,7,frozen_check_07,17,executed_action==4 AND service_completed==false AND progressed==false AND migration_success==false,unknown_not_recorded,0,rsu_2,rsu_0,alpr,True,noop_all_resident,[],[],"[""base:family_a"",""adapter:helmet_shared"",""adapter:alpr""]","[""base:family_a"",""adapter:helmet_shared"",""adapter:alpr""]",False,True,False,0,0,18,18,18,False,True,,,6.874777,unknown_not_identifiable_from_factual_ledger,noop_resident_set_no_new_admission
control_raw_critic_target,frozen_check,mappo,17,frozen_check_00,2,executed_action==4 AND service_completed==false AND progressed==false AND migration_success==false,unknown_not_recorded,0,rsu_1,rsu_2,alpr,True,noop_all_resident,[],[],"[""base:family_a"",""adapter:alpr""]","[""base:family_a"",""adapter:alpr""]",False,True,False,0,0,4,4,4,False,False,,,52.16400768,unknown_not_identifiable_from_factual_ledger,noop_resident_set_no_new_admission
control_raw_critic_target,frozen_check,mappo,17,frozen_check_00,3,executed_action==4 AND service_completed==false AND progressed==false AND migration_success==false,unknown_not_recorded,0,rsu_1,rsu_2,alpr,True,noop_all_resident,[],[],"[""base:family_a"",""adapter:alpr""]","[""base:family_a"",""adapter:alpr""]",False,True,False,0,0,4,4,4,False,False,,,50.16400768,unknown_not_identifiable_from_factual_ledger,noop_resident_set_no_new_admission
control_raw_critic_target,frozen_check,mappo,17,frozen_check_00,7,executed_action==4 AND service_completed==false AND progressed==false AND migration_success==false,unknown_not_recorded,0,rsu_0,rsu_1,helmet_shared,True,committed,"[""adapter:helmet_shared""]","[""adapter:alpr""]","[""base:family_a"",""adapter:alpr""]","[""base:family_a"",""adapter:helmet_shared""]",True,True,False,9641944,0,8,8,8,True,False,9,9,10.746539912,unknown_not_identifiable_from_factual_ledger,committed_warm_reused_with_observed_victim_cost
control_raw_critic_target,frozen_check,mappo,17,frozen_check_00,9,executed_action==4 AND service_completed==false AND progressed==false AND migration_success==false,unknown_not_recorded,0,rsu_1,rsu_2,alpr,True,committed,"[""adapter:alpr""]","[""adapter:helmet_shared""]","[""base:family_a"",""adapter:helmet_shared""]","[""base:family_a"",""adapter:alpr""]",True,True,False,154423432,0,10,10,10,True,True,,,3.8316679519999997,unknown_not_identifiable_from_factual_ledger,committed_warm_reused_no_observed_victim_cost
control_raw_critic_target,frozen_check,mappo,17,frozen_check_02,2,executed_action==4 AND service_completed==false AND progressed==false AND migration_success==false,unknown_not_recorded,0,rsu_1,rsu_2,alpr,True,noop_all_resident,[],[],"[""base:family_a"",""adapter:alpr""]","[""base:family_a"",""adapter:alpr""]",False,True,False,0,0,4,4,4,False,True,,,45.693491319164664,unknown_not_identifiable_from_factual_ledger,noop_resident_set_no_new_admission
control_raw_critic_target,frozen_check,mappo,17,frozen_check_02,3,executed_action==4 AND service_completed==false AND progressed==false AND migration_success==false,unknown_not_recorded,0,rsu_1,rsu_2,alpr,True,noop_all_resident,[],[],"[""base:family_a"",""adapter:alpr""]","[""base:family_a"",""adapter:alpr""]",False,True,False,0,0,4,4,4,False,True,,,43.693491319164664,unknown_not_identifiable_from_factual_ledger,noop_resident_set_no_new_admission
control_raw_critic_target,frozen_check,mappo,17,frozen_check_02,5,executed_action==4 AND service_completed==false AND progressed==false AND migration_success==false,unknown_not_recorded,0,rsu_2,rsu_0,helmet_distinct,True,noop_all_resident,[],[],"[""base:family_b"",""adapter:helmet_distinct""]","[""base:family_b"",""adapter:helmet_distinct""]",False,True,False,0,0,6,6,6,False,True,,,35.451052977582336,unknown_not_identifiable_from_factual_ledger,noop_resident_set_no_new_admission
control_raw_critic_target,frozen_check,mappo,17,frozen_check_02,7,executed_action==4 AND service_completed==false AND progressed==false AND migration_success==false,unknown_not_recorded,0,rsu_0,rsu_1,alpr,False,contact_budget_exceeded,"[""adapter:alpr"",""base:family_a""]","[""adapter:helmet_distinct"",""base:family_b""]","[""base:family_b"",""adapter:helmet_distinct""]","[""base:family_b"",""adapter:helmet_distinct""]",False,False,False,0,0,8,8,,False,False,,,19.886491112,unknown_not_identifiable_from_factual_ledger,rollback_or_rejection_no_resident_change
control_raw_critic_target,frozen_check,mappo,17,frozen_check_03,1,executed_action==4 AND service_completed==false AND progressed==false AND migration_success==false,unknown_not_recorded,0,rsu_0,rsu_1,alpr,True,noop_all_resident,[],[],"[""base:family_a"",""adapter:alpr"",""base:family_b"",""adapter:helmet_distinct""]","[""base:family_a"",""adapter:alpr"",""base:family_b"",""adapter:helmet_distinct""]",False,True,False,0,0,2,2,2,False,True,,,80.89285936,unknown_not_identifiable_from_factual_ledger,noop_resident_set_no_new_admission
control_raw_critic_target,frozen_check,mappo,17,frozen_check_03,6,executed_action==4 AND service_completed==false AND progressed==false AND migration_success==false,unknown_not_recorded,0,rsu_0,rsu_1,alpr,True,noop_all_resident,[],[],"[""base:family_a"",""adapter:alpr"",""base:family_b"",""adapter:helmet_distinct""]","[""base:family_a"",""adapter:alpr"",""base:family_b"",""adapter:helmet_distinct""]",False,True,False,0,0,8,8,8,False,True,,,63.61228976,unknown_not_identifiable_from_factual_ledger,noop_resident_set_no_new_admission
control_raw_critic_target,frozen_check,mappo,17,frozen_check_03,7,executed_action==4 AND service_completed==false AND progressed==false AND migration_success==false,unknown_not_recorded,0,rsu_0,rsu_1,alpr,True,noop_all_resident,[],[],"[""base:family_a"",""adapter:alpr"",""base:family_b"",""adapter:helmet_distinct""]","[""base:family_a"",""adapter:alpr"",""base:family_b"",""adapter:helmet_distinct""]",False,True,False,0,0,8,8,8,False,True,,,61.61228976,unknown_not_identifiable_from_factual_ledger,noop_resident_set_no_new_admission
control_raw_critic_target,frozen_check,mappo,17,frozen_check_04,1,executed_action==4 AND service_completed==false AND progressed==false AND migration_success==false,unknown_not_recorded,0,rsu_0,rsu_1,alpr,False,contact_budget_exceeded,[],[],"[""base:family_a"",""adapter:alpr""]","[""base:family_a"",""adapter:alpr""]",False,False,False,0,0,2,2,2,False,True,,,189.86714841188447,unknown_not_identifiable_from_factual_ledger,rollback_or_rejection_no_resident_change
control_raw_critic_target,frozen_check,mappo,17,frozen_check_04,5,executed_action==4 AND service_completed==false AND progressed==false AND migration_success==false,unknown_not_recorded,0,rsu_2,rsu_0,helmet_shared,False,contact_budget_exceeded,[],[],"[""base:family_a"",""adapter:helmet_shared""]","[""base:family_a"",""adapter:helmet_shared""]",False,False,False,0,0,6,6,6,False,True,,,120.6452475047198,unknown_not_identifiable_from_factual_ledger,rollback_or_rejection_no_resident_change
control_raw_critic_target,frozen_check,mappo,17,frozen_check_04,7,executed_action==4 AND service_completed==false AND progressed==false AND migration_success==false,unknown_not_recorded,0,rsu_0,rsu_1,alpr,False,contact_budget_exceeded,[],[],"[""base:family_a"",""adapter:alpr""]","[""base:family_a"",""adapter:alpr""]",False,False,False,0,0,8,8,8,False,True,,,70.8323106039728,unknown_not_identifiable_from_factual_ledger,rollback_or_rejection_no_resident_change
control_raw_critic_target,frozen_check,mappo,17,frozen_check_05,0,executed_action==4 AND service_completed==false AND progressed==false AND migration_success==false,unknown_not_recorded,0,rsu_0,rsu_1,helmet_shared,True,committed,"[""adapter:helmet_shared""]",[],"[""adapter:alpr"",""base:family_a""]","[""adapter:alpr"",""base:family_a"",""adapter:helmet_shared""]",True,True,False,9641944,0,2,2,2,True,False,,,29.61542344,unknown_not_identifiable_from_factual_ledger,committed_warm_reused_no_observed_victim_cost
control_raw_critic_target,frozen_check,mappo,17,frozen_check_05,1,executed_action==4 AND service_completed==false AND progressed==false AND migration_success==false,unknown_not_recorded,0,rsu_0,rsu_1,helmet_shared,True,noop_all_resident,[],[],"[""adapter:alpr"",""base:family_a"",""adapter:helmet_shared""]","[""adapter:alpr"",""base:family_a"",""adapter:helmet_shared""]",False,True,False,0,0,2,2,2,False,False,,,27.61542344,unknown_not_identifiable_from_factual_ledger,noop_resident_set_no_new_admission
control_raw_critic_target,frozen_check,mappo,17,frozen_check_06,3,executed_action==4 AND service_completed==false AND progressed==false AND migration_success==false,unknown_not_recorded,0,rsu_1,rsu_2,helmet_distinct,False,contact_budget_exceeded,"[""adapter:helmet_distinct"",""base:family_b""]",[],"[""base:family_a"",""adapter:alpr""]","[""base:family_a"",""adapter:alpr""]",False,False,False,0,0,4,4,,False,False,,,47.85190215596932,unknown_not_identifiable_from_factual_ledger,rollback_or_rejection_no_resident_change
control_raw_critic_target,frozen_check,mappo,17,frozen_check_06,4,executed_action==4 AND service_completed==false AND progressed==false AND migration_success==false,unknown_not_recorded,0,rsu_2,rsu_0,helmet_distinct,False,contact_budget_exceeded,[],[],"[""base:family_b"",""adapter:helmet_distinct""]","[""base:family_b"",""adapter:helmet_distinct""]",False,False,False,0,0,6,6,6,False,True,,,45.85190215596932,unknown_not_identifiable_from_factual_ledger,rollback_or_rejection_no_resident_change
control_raw_critic_target,frozen_check,mappo,17,frozen_check_06,5,executed_action==4 AND service_completed==false AND progressed==false AND migration_success==false,unknown_not_recorded,0,rsu_2,rsu_0,helmet_distinct,False,contact_budget_exceeded,[],[],"[""base:family_b"",""adapter:helmet_distinct""]","[""base:family_b"",""adapter:helmet_distinct""]",False,False,False,0,0,6,6,6,False,True,,,43.85190215596933,unknown_not_identifiable_from_factual_ledger,rollback_or_rejection_no_resident_change
control_raw_critic_target,frozen_check,mappo,17,frozen_check_06,7,executed_action==4 AND service_completed==false AND progressed==false AND migration_success==false,unknown_not_recorded,0,rsu_0,rsu_1,alpr,False,contact_budget_exceeded,[],[],"[""base:family_a"",""adapter:alpr""]","[""base:family_a"",""adapter:alpr""]",False,False,False,0,0,8,8,8,False,True,,,29.418324448804658,unknown_not_identifiable_from_factual_ledger,rollback_or_rejection_no_resident_change
control_raw_critic_target,frozen_check,mappo,17,frozen_check_07,2,executed_action==4 AND service_completed==false AND progressed==false AND migration_success==false,unknown_not_recorded,0,rsu_1,rsu_2,helmet_shared,False,contact_budget_exceeded,"[""adapter:helmet_shared"",""base:family_a""]",[],[],[],False,False,False,0,0,4,4,,False,False,,,50.70724628,unknown_not_identifiable_from_factual_ledger,rollback_or_rejection_no_resident_change
control_raw_critic_target,frozen_check,mappo,17,frozen_check_07,3,executed_action==4 AND service_completed==false AND progressed==false AND migration_success==false,unknown_not_recorded,0,rsu_1,rsu_2,helmet_shared,False,contact_budget_exceeded,"[""adapter:helmet_shared"",""base:family_a""]",[],[],[],False,False,False,0,0,4,4,,False,False,,,48.70724628,unknown_not_identifiable_from_factual_ledger,rollback_or_rejection_no_resident_change
control_raw_critic_target,frozen_check,mappo,17,frozen_check_07,4,executed_action==4 AND service_completed==false AND progressed==false AND migration_success==false,unknown_not_recorded,0,rsu_2,rsu_0,helmet_shared,True,noop_all_resident,[],[],"[""base:family_a"",""adapter:helmet_shared""]","[""base:family_a"",""adapter:helmet_shared""]",False,True,False,0,0,6,6,6,False,True,,,46.70724628,unknown_not_identifiable_from_factual_ledger,noop_resident_set_no_new_admission
control_raw_critic_target,frozen_check,mappo,17,frozen_check_07,5,executed_action==4 AND service_completed==false AND progressed==false AND migration_success==false,unknown_not_recorded,0,rsu_2,rsu_0,helmet_shared,True,noop_all_resident,[],[],"[""base:family_a"",""adapter:helmet_shared""]","[""base:family_a"",""adapter:helmet_shared""]",False,True,False,0,0,6,6,6,False,True,,,44.70724628,unknown_not_identifiable_from_factual_ledger,noop_resident_set_no_new_admission
control_raw_critic_target,frozen_check,mappo,17,frozen_check_07,8,executed_action==4 AND service_completed==false AND progressed==false AND migration_success==false,unknown_not_recorded,0,rsu_1,rsu_2,alpr,False,contact_budget_exceeded,"[""adapter:alpr"",""base:family_a""]",[],[],[],False,False,False,0,0,10,10,,False,False,,,34.96224428,unknown_not_identifiable_from_factual_ledger,rollback_or_rejection_no_resident_change
control_raw_critic_target,frozen_check,mappo,17,frozen_check_07,9,executed_action==4 AND service_completed==false AND progressed==false AND migration_success==false,unknown_not_recorded,0,rsu_1,rsu_2,alpr,False,contact_budget_exceeded,"[""adapter:alpr"",""base:family_a""]",[],[],[],False,False,False,0,0,10,10,,False,False,,,32.96224428,unknown_not_identifiable_from_factual_ledger,rollback_or_rejection_no_resident_change
control_raw_critic_target,frozen_check,mappo,17,frozen_check_07,10,executed_action==4 AND service_completed==false AND progressed==false AND migration_success==false,unknown_not_recorded,0,rsu_2,rsu_0,alpr,True,committed,"[""adapter:alpr""]",[],"[""base:family_a"",""adapter:helmet_shared""]","[""base:family_a"",""adapter:helmet_shared"",""adapter:alpr""]",True,True,False,154423432,0,12,12,12,True,True,,,24.054132000000003,unknown_not_identifiable_from_factual_ledger,committed_warm_reused_no_observed_victim_cost
control_raw_critic_target,frozen_check,mappo,17,frozen_check_07,11,executed_action==4 AND service_completed==false AND progressed==false AND migration_success==false,unknown_not_recorded,0,rsu_2,rsu_0,alpr,True,noop_all_resident,[],[],"[""base:family_a"",""adapter:helmet_shared"",""adapter:alpr""]","[""base:family_a"",""adapter:helmet_shared"",""adapter:alpr""]",False,True,False,0,0,12,12,12,False,True,,,22.054132,unknown_not_identifiable_from_factual_ledger,noop_resident_set_no_new_admission
control_raw_critic_target,frozen_check,mappo,17,frozen_check_07,14,executed_action==4 AND service_completed==false AND progressed==false AND migration_success==false,unknown_not_recorded,0,rsu_1,rsu_2,alpr,False,contact_budget_exceeded,"[""adapter:alpr"",""base:family_a""]",[],[],[],False,False,False,0,0,16,16,,False,False,,,12.874777,unknown_not_identifiable_from_factual_ledger,rollback_or_rejection_no_resident_change
control_raw_critic_target,frozen_check,mappo,17,frozen_check_07,15,executed_action==4 AND service_completed==false AND progressed==false AND migration_success==false,unknown_not_recorded,0,rsu_1,rsu_2,alpr,False,contact_budget_exceeded,"[""adapter:alpr"",""base:family_a""]",[],[],[],False,False,False,0,0,16,16,,False,False,,,10.874777,unknown_not_identifiable_from_factual_ledger,rollback_or_rejection_no_resident_change
control_raw_critic_target,frozen_check,mappo,17,frozen_check_07,16,executed_action==4 AND service_completed==false AND progressed==false AND migration_success==false,unknown_not_recorded,0,rsu_2,rsu_0,alpr,True,noop_all_resident,[],[],"[""base:family_a"",""adapter:helmet_shared"",""adapter:alpr""]","[""base:family_a"",""adapter:helmet_shared"",""adapter:alpr""]",False,True,False,0,0,18,18,18,False,True,,,8.874777,unknown_not_identifiable_from_factual_ledger,noop_resident_set_no_new_admission
control_raw_critic_target,frozen_check,mappo,17,frozen_check_07,17,executed_action==4 AND service_completed==false AND progressed==false AND migration_success==false,unknown_not_recorded,0,rsu_2,rsu_0,alpr,True,noop_all_resident,[],[],"[""base:family_a"",""adapter:helmet_shared"",""adapter:alpr""]","[""base:family_a"",""adapter:helmet_shared"",""adapter:alpr""]",False,True,False,0,0,18,18,18,False,True,,,6.874777,unknown_not_identifiable_from_factual_ledger,noop_resident_set_no_new_admission
control_raw_critic_target,frozen_check,mappo,29,frozen_check_00,2,executed_action==4 AND service_completed==false AND progressed==false AND migration_success==false,unknown_not_recorded,0,rsu_1,rsu_2,alpr,True,noop_all_resident,[],[],"[""base:family_a"",""adapter:alpr""]","[""base:family_a"",""adapter:alpr""]",False,True,False,0,0,4,4,4,False,False,,,52.16400768,unknown_not_identifiable_from_factual_ledger,noop_resident_set_no_new_admission
control_raw_critic_target,frozen_check,mappo,29,frozen_check_00,3,executed_action==4 AND service_completed==false AND progressed==false AND migration_success==false,unknown_not_recorded,0,rsu_1,rsu_2,alpr,True,noop_all_resident,[],[],"[""base:family_a"",""adapter:alpr""]","[""base:family_a"",""adapter:alpr""]",False,True,False,0,0,4,4,4,False,False,,,50.16400768,unknown_not_identifiable_from_factual_ledger,noop_resident_set_no_new_admission
control_raw_critic_target,frozen_check,mappo,29,frozen_check_00,7,executed_action==4 AND service_completed==false AND progressed==false AND migration_success==false,unknown_not_recorded,0,rsu_0,rsu_1,helmet_shared,True,committed,"[""adapter:helmet_shared""]","[""adapter:alpr""]","[""base:family_a"",""adapter:alpr""]","[""base:family_a"",""adapter:helmet_shared""]",True,True,False,9641944,0,8,8,8,True,False,9,9,10.746539912,unknown_not_identifiable_from_factual_ledger,committed_warm_reused_with_observed_victim_cost
control_raw_critic_target,frozen_check,mappo,29,frozen_check_00,9,executed_action==4 AND service_completed==false AND progressed==false AND migration_success==false,unknown_not_recorded,0,rsu_1,rsu_2,alpr,True,committed,"[""adapter:alpr""]","[""adapter:helmet_shared""]","[""base:family_a"",""adapter:helmet_shared""]","[""base:family_a"",""adapter:alpr""]",True,True,False,154423432,0,10,10,10,True,True,,,3.8316679519999997,unknown_not_identifiable_from_factual_ledger,committed_warm_reused_no_observed_victim_cost
control_raw_critic_target,frozen_check,mappo,29,frozen_check_02,2,executed_action==4 AND service_completed==false AND progressed==false AND migration_success==false,unknown_not_recorded,0,rsu_1,rsu_2,alpr,True,noop_all_resident,[],[],"[""base:family_a"",""adapter:alpr""]","[""base:family_a"",""adapter:alpr""]",False,True,False,0,0,4,4,4,False,True,,,45.693491319164664,unknown_not_identifiable_from_factual_ledger,noop_resident_set_no_new_admission
control_raw_critic_target,frozen_check,mappo,29,frozen_check_02,3,executed_action==4 AND service_completed==false AND progressed==false AND migration_success==false,unknown_not_recorded,0,rsu_1,rsu_2,alpr,True,noop_all_resident,[],[],"[""base:family_a"",""adapter:alpr""]","[""base:family_a"",""adapter:alpr""]",False,True,False,0,0,4,4,4,False,True,,,43.693491319164664,unknown_not_identifiable_from_factual_ledger,noop_resident_set_no_new_admission
control_raw_critic_target,frozen_check,mappo,29,frozen_check_02,5,executed_action==4 AND service_completed==false AND progressed==false AND migration_success==false,unknown_not_recorded,0,rsu_2,rsu_0,helmet_distinct,True,noop_all_resident,[],[],"[""base:family_b"",""adapter:helmet_distinct""]","[""base:family_b"",""adapter:helmet_distinct""]",False,True,False,0,0,6,6,6,False,True,,,35.451052977582336,unknown_not_identifiable_from_factual_ledger,noop_resident_set_no_new_admission
control_raw_critic_target,frozen_check,mappo,29,frozen_check_02,7,executed_action==4 AND service_completed==false AND progressed==false AND migration_success==false,unknown_not_recorded,0,rsu_0,rsu_1,alpr,False,contact_budget_exceeded,"[""adapter:alpr"",""base:family_a""]","[""adapter:helmet_distinct"",""base:family_b""]","[""base:family_b"",""adapter:helmet_distinct""]","[""base:family_b"",""adapter:helmet_distinct""]",False,False,False,0,0,8,8,,False,False,,,19.886491112,unknown_not_identifiable_from_factual_ledger,rollback_or_rejection_no_resident_change
control_raw_critic_target,frozen_check,mappo,29,frozen_check_03,1,executed_action==4 AND service_completed==false AND progressed==false AND migration_success==false,unknown_not_recorded,0,rsu_0,rsu_1,alpr,True,noop_all_resident,[],[],"[""base:family_a"",""adapter:alpr"",""base:family_b"",""adapter:helmet_distinct""]","[""base:family_a"",""adapter:alpr"",""base:family_b"",""adapter:helmet_distinct""]",False,True,False,0,0,2,2,2,False,True,,,80.89285936,unknown_not_identifiable_from_factual_ledger,noop_resident_set_no_new_admission
control_raw_critic_target,frozen_check,mappo,29,frozen_check_03,6,executed_action==4 AND service_completed==false AND progressed==false AND migration_success==false,unknown_not_recorded,0,rsu_0,rsu_1,alpr,True,noop_all_resident,[],[],"[""base:family_a"",""adapter:alpr"",""base:family_b"",""adapter:helmet_distinct""]","[""base:family_a"",""adapter:alpr"",""base:family_b"",""adapter:helmet_distinct""]",False,True,False,0,0,8,8,8,False,True,,,63.61228976,unknown_not_identifiable_from_factual_ledger,noop_resident_set_no_new_admission
control_raw_critic_target,frozen_check,mappo,29,frozen_check_03,7,executed_action==4 AND service_completed==false AND progressed==false AND migration_success==false,unknown_not_recorded,0,rsu_0,rsu_1,alpr,True,noop_all_resident,[],[],"[""base:family_a"",""adapter:alpr"",""base:family_b"",""adapter:helmet_distinct""]","[""base:family_a"",""adapter:alpr"",""base:family_b"",""adapter:helmet_distinct""]",False,True,False,0,0,8,8,8,False,True,,,61.61228976,unknown_not_identifiable_from_factual_ledger,noop_resident_set_no_new_admission
control_raw_critic_target,frozen_check,mappo,29,frozen_check_04,1,executed_action==4 AND service_completed==false AND progressed==false AND migration_success==false,unknown_not_recorded,0,rsu_0,rsu_1,alpr,False,contact_budget_exceeded,[],[],"[""base:family_a"",""adapter:alpr""]","[""base:family_a"",""adapter:alpr""]",False,False,False,0,0,2,2,2,False,True,,,189.86714841188447,unknown_not_identifiable_from_factual_ledger,rollback_or_rejection_no_resident_change
control_raw_critic_target,frozen_check,mappo,29,frozen_check_04,5,executed_action==4 AND service_completed==false AND progressed==false AND migration_success==false,unknown_not_recorded,0,rsu_2,rsu_0,helmet_shared,False,contact_budget_exceeded,[],[],"[""base:family_a"",""adapter:helmet_shared""]","[""base:family_a"",""adapter:helmet_shared""]",False,False,False,0,0,6,6,6,False,True,,,120.6452475047198,unknown_not_identifiable_from_factual_ledger,rollback_or_rejection_no_resident_change
control_raw_critic_target,frozen_check,mappo,29,frozen_check_04,7,executed_action==4 AND service_completed==false AND progressed==false AND migration_success==false,unknown_not_recorded,0,rsu_0,rsu_1,alpr,False,contact_budget_exceeded,[],[],"[""base:family_a"",""adapter:alpr""]","[""base:family_a"",""adapter:alpr""]",False,False,False,0,0,8,8,8,False,True,,,70.8323106039728,unknown_not_identifiable_from_factual_ledger,rollback_or_rejection_no_resident_change
control_raw_critic_target,frozen_check,mappo,29,frozen_check_05,0,executed_action==4 AND service_completed==false AND progressed==false AND migration_success==false,unknown_not_recorded,0,rsu_0,rsu_1,helmet_shared,True,committed,"[""adapter:helmet_shared""]",[],"[""adapter:alpr"",""base:family_a""]","[""adapter:alpr"",""base:family_a"",""adapter:helmet_shared""]",True,True,False,9641944,0,2,2,2,True,False,,,29.61542344,unknown_not_identifiable_from_factual_ledger,committed_warm_reused_no_observed_victim_cost
control_raw_critic_target,frozen_check,mappo,29,frozen_check_05,1,executed_action==4 AND service_completed==false AND progressed==false AND migration_success==false,unknown_not_recorded,0,rsu_0,rsu_1,helmet_shared,True,noop_all_resident,[],[],"[""adapter:alpr"",""base:family_a"",""adapter:helmet_shared""]","[""adapter:alpr"",""base:family_a"",""adapter:helmet_shared""]",False,True,False,0,0,2,2,2,False,False,,,27.61542344,unknown_not_identifiable_from_factual_ledger,noop_resident_set_no_new_admission
control_raw_critic_target,frozen_check,mappo,29,frozen_check_06,3,executed_action==4 AND service_completed==false AND progressed==false AND migration_success==false,unknown_not_recorded,0,rsu_1,rsu_2,helmet_distinct,False,contact_budget_exceeded,"[""adapter:helmet_distinct"",""base:family_b""]",[],"[""base:family_a"",""adapter:alpr""]","[""base:family_a"",""adapter:alpr""]",False,False,False,0,0,4,4,,False,False,,,47.85190215596932,unknown_not_identifiable_from_factual_ledger,rollback_or_rejection_no_resident_change
control_raw_critic_target,frozen_check,mappo,29,frozen_check_06,4,executed_action==4 AND service_completed==false AND progressed==false AND migration_success==false,unknown_not_recorded,0,rsu_2,rsu_0,helmet_distinct,False,contact_budget_exceeded,[],[],"[""base:family_b"",""adapter:helmet_distinct""]","[""base:family_b"",""adapter:helmet_distinct""]",False,False,False,0,0,6,6,6,False,True,,,45.85190215596932,unknown_not_identifiable_from_factual_ledger,rollback_or_rejection_no_resident_change
control_raw_critic_target,frozen_check,mappo,29,frozen_check_06,5,executed_action==4 AND service_completed==false AND progressed==false AND migration_success==false,unknown_not_recorded,0,rsu_2,rsu_0,helmet_distinct,False,contact_budget_exceeded,[],[],"[""base:family_b"",""adapter:helmet_distinct""]","[""base:family_b"",""adapter:helmet_distinct""]",False,False,False,0,0,6,6,6,False,True,,,43.85190215596933,unknown_not_identifiable_from_factual_ledger,rollback_or_rejection_no_resident_change
control_raw_critic_target,frozen_check,mappo,29,frozen_check_06,7,executed_action==4 AND service_completed==false AND progressed==false AND migration_success==false,unknown_not_recorded,0,rsu_0,rsu_1,alpr,False,contact_budget_exceeded,[],[],"[""base:family_a"",""adapter:alpr""]","[""base:family_a"",""adapter:alpr""]",False,False,False,0,0,8,8,8,False,True,,,29.418324448804658,unknown_not_identifiable_from_factual_ledger,rollback_or_rejection_no_resident_change
control_raw_critic_target,frozen_check,mappo,29,frozen_check_07,2,executed_action==4 AND service_completed==false AND progressed==false AND migration_success==false,unknown_not_recorded,0,rsu_1,rsu_2,helmet_shared,False,contact_budget_exceeded,"[""adapter:helmet_shared"",""base:family_a""]",[],[],[],False,False,False,0,0,4,4,,False,False,,,50.70724628,unknown_not_identifiable_from_factual_ledger,rollback_or_rejection_no_resident_change
control_raw_critic_target,frozen_check,mappo,29,frozen_check_07,3,executed_action==4 AND service_completed==false AND progressed==false AND migration_success==false,unknown_not_recorded,0,rsu_1,rsu_2,helmet_shared,False,contact_budget_exceeded,"[""adapter:helmet_shared"",""base:family_a""]",[],[],[],False,False,False,0,0,4,4,,False,False,,,48.70724628,unknown_not_identifiable_from_factual_ledger,rollback_or_rejection_no_resident_change
control_raw_critic_target,frozen_check,mappo,29,frozen_check_07,4,executed_action==4 AND service_completed==false AND progressed==false AND migration_success==false,unknown_not_recorded,0,rsu_2,rsu_0,helmet_shared,True,noop_all_resident,[],[],"[""base:family_a"",""adapter:helmet_shared""]","[""base:family_a"",""adapter:helmet_shared""]",False,True,False,0,0,6,6,6,False,True,,,46.70724628,unknown_not_identifiable_from_factual_ledger,noop_resident_set_no_new_admission
control_raw_critic_target,frozen_check,mappo,29,frozen_check_07,5,executed_action==4 AND service_completed==false AND progressed==false AND migration_success==false,unknown_not_recorded,0,rsu_2,rsu_0,helmet_shared,True,noop_all_resident,[],[],"[""base:family_a"",""adapter:helmet_shared""]","[""base:family_a"",""adapter:helmet_shared""]",False,True,False,0,0,6,6,6,False,True,,,44.70724628,unknown_not_identifiable_from_factual_ledger,noop_resident_set_no_new_admission
control_raw_critic_target,frozen_check,mappo,29,frozen_check_07,8,executed_action==4 AND service_completed==false AND progressed==false AND migration_success==false,unknown_not_recorded,0,rsu_1,rsu_2,alpr,False,contact_budget_exceeded,"[""adapter:alpr"",""base:family_a""]",[],[],[],False,False,False,0,0,10,10,,False,False,,,34.96224428,unknown_not_identifiable_from_factual_ledger,rollback_or_rejection_no_resident_change
control_raw_critic_target,frozen_check,mappo,29,frozen_check_07,9,executed_action==4 AND service_completed==false AND progressed==false AND migration_success==false,unknown_not_recorded,0,rsu_1,rsu_2,alpr,False,contact_budget_exceeded,"[""adapter:alpr"",""base:family_a""]",[],[],[],False,False,False,0,0,10,10,,False,False,,,32.96224428,unknown_not_identifiable_from_factual_ledger,rollback_or_rejection_no_resident_change
control_raw_critic_target,frozen_check,mappo,29,frozen_check_07,10,executed_action==4 AND service_completed==false AND progressed==false AND migration_success==false,unknown_not_recorded,0,rsu_2,rsu_0,alpr,True,committed,"[""adapter:alpr""]",[],"[""base:family_a"",""adapter:helmet_shared""]","[""base:family_a"",""adapter:helmet_shared"",""adapter:alpr""]",True,True,False,154423432,0,12,12,12,True,True,,,24.054132000000003,unknown_not_identifiable_from_factual_ledger,committed_warm_reused_no_observed_victim_cost
control_raw_critic_target,frozen_check,mappo,29,frozen_check_07,11,executed_action==4 AND service_completed==false AND progressed==false AND migration_success==false,unknown_not_recorded,0,rsu_2,rsu_0,alpr,True,noop_all_resident,[],[],"[""base:family_a"",""adapter:helmet_shared"",""adapter:alpr""]","[""base:family_a"",""adapter:helmet_shared"",""adapter:alpr""]",False,True,False,0,0,12,12,12,False,True,,,22.054132,unknown_not_identifiable_from_factual_ledger,noop_resident_set_no_new_admission
control_raw_critic_target,frozen_check,mappo,29,frozen_check_07,14,executed_action==4 AND service_completed==false AND progressed==false AND migration_success==false,unknown_not_recorded,0,rsu_1,rsu_2,alpr,False,contact_budget_exceeded,"[""adapter:alpr"",""base:family_a""]",[],[],[],False,False,False,0,0,16,16,,False,False,,,12.874777,unknown_not_identifiable_from_factual_ledger,rollback_or_rejection_no_resident_change
control_raw_critic_target,frozen_check,mappo,29,frozen_check_07,15,executed_action==4 AND service_completed==false AND progressed==false AND migration_success==false,unknown_not_recorded,0,rsu_1,rsu_2,alpr,False,contact_budget_exceeded,"[""adapter:alpr"",""base:family_a""]",[],[],[],False,False,False,0,0,16,16,,False,False,,,10.874777,unknown_not_identifiable_from_factual_ledger,rollback_or_rejection_no_resident_change
control_raw_critic_target,frozen_check,mappo,29,frozen_check_07,16,executed_action==4 AND service_completed==false AND progressed==false AND migration_success==false,unknown_not_recorded,0,rsu_2,rsu_0,alpr,True,noop_all_resident,[],[],"[""base:family_a"",""adapter:helmet_shared"",""adapter:alpr""]","[""base:family_a"",""adapter:helmet_shared"",""adapter:alpr""]",False,True,False,0,0,18,18,18,False,True,,,8.874777,unknown_not_identifiable_from_factual_ledger,noop_resident_set_no_new_admission
control_raw_critic_target,frozen_check,mappo,29,frozen_check_07,17,executed_action==4 AND service_completed==false AND progressed==false AND migration_success==false,unknown_not_recorded,0,rsu_2,rsu_0,alpr,True,noop_all_resident,[],[],"[""base:family_a"",""adapter:helmet_shared"",""adapter:alpr""]","[""base:family_a"",""adapter:helmet_shared"",""adapter:alpr""]",False,True,False,0,0,18,18,18,False,True,,,6.874777,unknown_not_identifiable_from_factual_ledger,noop_resident_set_no_new_admission
control_raw_critic_target,frozen_check,mappo,43,frozen_check_00,2,executed_action==4 AND service_completed==false AND progressed==false AND migration_success==false,unknown_not_recorded,0,rsu_1,rsu_2,alpr,True,noop_all_resident,[],[],"[""base:family_a"",""adapter:alpr""]","[""base:family_a"",""adapter:alpr""]",False,True,False,0,0,4,4,4,False,False,,,52.16400768,unknown_not_identifiable_from_factual_ledger,noop_resident_set_no_new_admission
control_raw_critic_target,frozen_check,mappo,43,frozen_check_00,3,executed_action==4 AND service_completed==false AND progressed==false AND migration_success==false,unknown_not_recorded,0,rsu_1,rsu_2,alpr,True,noop_all_resident,[],[],"[""base:family_a"",""adapter:alpr""]","[""base:family_a"",""adapter:alpr""]",False,True,False,0,0,4,4,4,False,False,,,50.16400768,unknown_not_identifiable_from_factual_ledger,noop_resident_set_no_new_admission
control_raw_critic_target,frozen_check,mappo,43,frozen_check_00,7,executed_action==4 AND service_completed==false AND progressed==false AND migration_success==false,unknown_not_recorded,0,rsu_0,rsu_1,helmet_shared,True,committed,"[""adapter:helmet_shared""]","[""adapter:alpr""]","[""base:family_a"",""adapter:alpr""]","[""base:family_a"",""adapter:helmet_shared""]",True,True,False,9641944,0,8,8,8,True,False,9,9,10.746539912,unknown_not_identifiable_from_factual_ledger,committed_warm_reused_with_observed_victim_cost
control_raw_critic_target,frozen_check,mappo,43,frozen_check_00,9,executed_action==4 AND service_completed==false AND progressed==false AND migration_success==false,unknown_not_recorded,0,rsu_1,rsu_2,alpr,True,committed,"[""adapter:alpr""]","[""adapter:helmet_shared""]","[""base:family_a"",""adapter:helmet_shared""]","[""base:family_a"",""adapter:alpr""]",True,True,False,154423432,0,10,10,10,True,True,,,3.8316679519999997,unknown_not_identifiable_from_factual_ledger,committed_warm_reused_no_observed_victim_cost
control_raw_critic_target,frozen_check,mappo,43,frozen_check_02,2,executed_action==4 AND service_completed==false AND progressed==false AND migration_success==false,unknown_not_recorded,0,rsu_1,rsu_2,alpr,True,noop_all_resident,[],[],"[""base:family_a"",""adapter:alpr""]","[""base:family_a"",""adapter:alpr""]",False,True,False,0,0,4,4,4,False,True,,,45.693491319164664,unknown_not_identifiable_from_factual_ledger,noop_resident_set_no_new_admission
control_raw_critic_target,frozen_check,mappo,43,frozen_check_02,3,executed_action==4 AND service_completed==false AND progressed==false AND migration_success==false,unknown_not_recorded,0,rsu_1,rsu_2,alpr,True,noop_all_resident,[],[],"[""base:family_a"",""adapter:alpr""]","[""base:family_a"",""adapter:alpr""]",False,True,False,0,0,4,4,4,False,True,,,43.693491319164664,unknown_not_identifiable_from_factual_ledger,noop_resident_set_no_new_admission
control_raw_critic_target,frozen_check,mappo,43,frozen_check_02,5,executed_action==4 AND service_completed==false AND progressed==false AND migration_success==false,unknown_not_recorded,0,rsu_2,rsu_0,helmet_distinct,True,noop_all_resident,[],[],"[""base:family_b"",""adapter:helmet_distinct""]","[""base:family_b"",""adapter:helmet_distinct""]",False,True,False,0,0,6,6,6,False,True,,,35.451052977582336,unknown_not_identifiable_from_factual_ledger,noop_resident_set_no_new_admission
control_raw_critic_target,frozen_check,mappo,43,frozen_check_02,7,executed_action==4 AND service_completed==false AND progressed==false AND migration_success==false,unknown_not_recorded,0,rsu_0,rsu_1,alpr,False,contact_budget_exceeded,"[""adapter:alpr"",""base:family_a""]","[""adapter:helmet_distinct"",""base:family_b""]","[""base:family_b"",""adapter:helmet_distinct""]","[""base:family_b"",""adapter:helmet_distinct""]",False,False,False,0,0,8,8,,False,False,,,19.886491112,unknown_not_identifiable_from_factual_ledger,rollback_or_rejection_no_resident_change
control_raw_critic_target,frozen_check,mappo,43,frozen_check_03,1,executed_action==4 AND service_completed==false AND progressed==false AND migration_success==false,unknown_not_recorded,0,rsu_0,rsu_1,alpr,True,noop_all_resident,[],[],"[""base:family_a"",""adapter:alpr"",""base:family_b"",""adapter:helmet_distinct""]","[""base:family_a"",""adapter:alpr"",""base:family_b"",""adapter:helmet_distinct""]",False,True,False,0,0,2,2,2,False,True,,,80.89285936,unknown_not_identifiable_from_factual_ledger,noop_resident_set_no_new_admission
control_raw_critic_target,frozen_check,mappo,43,frozen_check_03,6,executed_action==4 AND service_completed==false AND progressed==false AND migration_success==false,unknown_not_recorded,0,rsu_0,rsu_1,alpr,True,noop_all_resident,[],[],"[""base:family_a"",""adapter:alpr"",""base:family_b"",""adapter:helmet_distinct""]","[""base:family_a"",""adapter:alpr"",""base:family_b"",""adapter:helmet_distinct""]",False,True,False,0,0,8,8,8,False,True,,,63.61228976,unknown_not_identifiable_from_factual_ledger,noop_resident_set_no_new_admission
control_raw_critic_target,frozen_check,mappo,43,frozen_check_03,7,executed_action==4 AND service_completed==false AND progressed==false AND migration_success==false,unknown_not_recorded,0,rsu_0,rsu_1,alpr,True,noop_all_resident,[],[],"[""base:family_a"",""adapter:alpr"",""base:family_b"",""adapter:helmet_distinct""]","[""base:family_a"",""adapter:alpr"",""base:family_b"",""adapter:helmet_distinct""]",False,True,False,0,0,8,8,8,False,True,,,61.61228976,unknown_not_identifiable_from_factual_ledger,noop_resident_set_no_new_admission
control_raw_critic_target,frozen_check,mappo,43,frozen_check_04,1,executed_action==4 AND service_completed==false AND progressed==false AND migration_success==false,unknown_not_recorded,0,rsu_0,rsu_1,alpr,False,contact_budget_exceeded,[],[],"[""base:family_a"",""adapter:alpr""]","[""base:family_a"",""adapter:alpr""]",False,False,False,0,0,2,2,2,False,True,,,189.86714841188447,unknown_not_identifiable_from_factual_ledger,rollback_or_rejection_no_resident_change
control_raw_critic_target,frozen_check,mappo,43,frozen_check_04,5,executed_action==4 AND service_completed==false AND progressed==false AND migration_success==false,unknown_not_recorded,0,rsu_2,rsu_0,helmet_shared,False,contact_budget_exceeded,[],[],"[""base:family_a"",""adapter:helmet_shared""]","[""base:family_a"",""adapter:helmet_shared""]",False,False,False,0,0,6,6,6,False,True,,,120.6452475047198,unknown_not_identifiable_from_factual_ledger,rollback_or_rejection_no_resident_change
control_raw_critic_target,frozen_check,mappo,43,frozen_check_04,7,executed_action==4 AND service_completed==false AND progressed==false AND migration_success==false,unknown_not_recorded,0,rsu_0,rsu_1,alpr,False,contact_budget_exceeded,[],[],"[""base:family_a"",""adapter:alpr""]","[""base:family_a"",""adapter:alpr""]",False,False,False,0,0,8,8,8,False,True,,,70.8323106039728,unknown_not_identifiable_from_factual_ledger,rollback_or_rejection_no_resident_change
control_raw_critic_target,frozen_check,mappo,43,frozen_check_05,0,executed_action==4 AND service_completed==false AND progressed==false AND migration_success==false,unknown_not_recorded,0,rsu_0,rsu_1,helmet_shared,True,committed,"[""adapter:helmet_shared""]",[],"[""adapter:alpr"",""base:family_a""]","[""adapter:alpr"",""base:family_a"",""adapter:helmet_shared""]",True,True,False,9641944,0,2,2,2,True,False,,,29.61542344,unknown_not_identifiable_from_factual_ledger,committed_warm_reused_no_observed_victim_cost
control_raw_critic_target,frozen_check,mappo,43,frozen_check_05,1,executed_action==4 AND service_completed==false AND progressed==false AND migration_success==false,unknown_not_recorded,0,rsu_0,rsu_1,helmet_shared,True,noop_all_resident,[],[],"[""adapter:alpr"",""base:family_a"",""adapter:helmet_shared""]","[""adapter:alpr"",""base:family_a"",""adapter:helmet_shared""]",False,True,False,0,0,2,2,2,False,False,,,27.61542344,unknown_not_identifiable_from_factual_ledger,noop_resident_set_no_new_admission
control_raw_critic_target,frozen_check,mappo,43,frozen_check_06,3,executed_action==4 AND service_completed==false AND progressed==false AND migration_success==false,unknown_not_recorded,0,rsu_1,rsu_2,helmet_distinct,False,contact_budget_exceeded,"[""adapter:helmet_distinct"",""base:family_b""]",[],"[""base:family_a"",""adapter:alpr""]","[""base:family_a"",""adapter:alpr""]",False,False,False,0,0,4,4,,False,False,,,47.85190215596932,unknown_not_identifiable_from_factual_ledger,rollback_or_rejection_no_resident_change
control_raw_critic_target,frozen_check,mappo,43,frozen_check_06,4,executed_action==4 AND service_completed==false AND progressed==false AND migration_success==false,unknown_not_recorded,0,rsu_2,rsu_0,helmet_distinct,False,contact_budget_exceeded,[],[],"[""base:family_b"",""adapter:helmet_distinct""]","[""base:family_b"",""adapter:helmet_distinct""]",False,False,False,0,0,6,6,6,False,True,,,45.85190215596932,unknown_not_identifiable_from_factual_ledger,rollback_or_rejection_no_resident_change
control_raw_critic_target,frozen_check,mappo,43,frozen_check_06,5,executed_action==4 AND service_completed==false AND progressed==false AND migration_success==false,unknown_not_recorded,0,rsu_2,rsu_0,helmet_distinct,False,contact_budget_exceeded,[],[],"[""base:family_b"",""adapter:helmet_distinct""]","[""base:family_b"",""adapter:helmet_distinct""]",False,False,False,0,0,6,6,6,False,True,,,43.85190215596933,unknown_not_identifiable_from_factual_ledger,rollback_or_rejection_no_resident_change
control_raw_critic_target,frozen_check,mappo,43,frozen_check_06,7,executed_action==4 AND service_completed==false AND progressed==false AND migration_success==false,unknown_not_recorded,0,rsu_0,rsu_1,alpr,False,contact_budget_exceeded,[],[],"[""base:family_a"",""adapter:alpr""]","[""base:family_a"",""adapter:alpr""]",False,False,False,0,0,8,8,8,False,True,,,29.418324448804658,unknown_not_identifiable_from_factual_ledger,rollback_or_rejection_no_resident_change
control_raw_critic_target,frozen_check,mappo,43,frozen_check_07,2,executed_action==4 AND service_completed==false AND progressed==false AND migration_success==false,unknown_not_recorded,0,rsu_1,rsu_2,helmet_shared,False,contact_budget_exceeded,"[""adapter:helmet_shared"",""base:family_a""]",[],[],[],False,False,False,0,0,4,4,,False,False,,,50.70724628,unknown_not_identifiable_from_factual_ledger,rollback_or_rejection_no_resident_change
control_raw_critic_target,frozen_check,mappo,43,frozen_check_07,3,executed_action==4 AND service_completed==false AND progressed==false AND migration_success==false,unknown_not_recorded,0,rsu_1,rsu_2,helmet_shared,False,contact_budget_exceeded,"[""adapter:helmet_shared"",""base:family_a""]",[],[],[],False,False,False,0,0,4,4,,False,False,,,48.70724628,unknown_not_identifiable_from_factual_ledger,rollback_or_rejection_no_resident_change
control_raw_critic_target,frozen_check,mappo,43,frozen_check_07,4,executed_action==4 AND service_completed==false AND progressed==false AND migration_success==false,unknown_not_recorded,0,rsu_2,rsu_0,helmet_shared,True,noop_all_resident,[],[],"[""base:family_a"",""adapter:helmet_shared""]","[""base:family_a"",""adapter:helmet_shared""]",False,True,False,0,0,6,6,6,False,True,,,46.70724628,unknown_not_identifiable_from_factual_ledger,noop_resident_set_no_new_admission
control_raw_critic_target,frozen_check,mappo,43,frozen_check_07,5,executed_action==4 AND service_completed==false AND progressed==false AND migration_success==false,unknown_not_recorded,0,rsu_2,rsu_0,helmet_shared,True,noop_all_resident,[],[],"[""base:family_a"",""adapter:helmet_shared""]","[""base:family_a"",""adapter:helmet_shared""]",False,True,False,0,0,6,6,6,False,True,,,44.70724628,unknown_not_identifiable_from_factual_ledger,noop_resident_set_no_new_admission
control_raw_critic_target,frozen_check,mappo,43,frozen_check_07,8,executed_action==4 AND service_completed==false AND progressed==false AND migration_success==false,unknown_not_recorded,0,rsu_1,rsu_2,alpr,False,contact_budget_exceeded,"[""adapter:alpr"",""base:family_a""]",[],[],[],False,False,False,0,0,10,10,,False,False,,,34.96224428,unknown_not_identifiable_from_factual_ledger,rollback_or_rejection_no_resident_change
control_raw_critic_target,frozen_check,mappo,43,frozen_check_07,9,executed_action==4 AND service_completed==false AND progressed==false AND migration_success==false,unknown_not_recorded,0,rsu_1,rsu_2,alpr,False,contact_budget_exceeded,"[""adapter:alpr"",""base:family_a""]",[],[],[],False,False,False,0,0,10,10,,False,False,,,32.96224428,unknown_not_identifiable_from_factual_ledger,rollback_or_rejection_no_resident_change
control_raw_critic_target,frozen_check,mappo,43,frozen_check_07,10,executed_action==4 AND service_completed==false AND progressed==false AND migration_success==false,unknown_not_recorded,0,rsu_2,rsu_0,alpr,True,committed,"[""adapter:alpr""]",[],"[""base:family_a"",""adapter:helmet_shared""]","[""base:family_a"",""adapter:helmet_shared"",""adapter:alpr""]",True,True,False,154423432,0,12,12,12,True,True,,,24.054132000000003,unknown_not_identifiable_from_factual_ledger,committed_warm_reused_no_observed_victim_cost
control_raw_critic_target,frozen_check,mappo,43,frozen_check_07,11,executed_action==4 AND service_completed==false AND progressed==false AND migration_success==false,unknown_not_recorded,0,rsu_2,rsu_0,alpr,True,noop_all_resident,[],[],"[""base:family_a"",""adapter:helmet_shared"",""adapter:alpr""]","[""base:family_a"",""adapter:helmet_shared"",""adapter:alpr""]",False,True,False,0,0,12,12,12,False,True,,,22.054132,unknown_not_identifiable_from_factual_ledger,noop_resident_set_no_new_admission
control_raw_critic_target,frozen_check,mappo,43,frozen_check_07,14,executed_action==4 AND service_completed==false AND progressed==false AND migration_success==false,unknown_not_recorded,0,rsu_1,rsu_2,alpr,False,contact_budget_exceeded,"[""adapter:alpr"",""base:family_a""]",[],[],[],False,False,False,0,0,16,16,,False,False,,,12.874777,unknown_not_identifiable_from_factual_ledger,rollback_or_rejection_no_resident_change
control_raw_critic_target,frozen_check,mappo,43,frozen_check_07,15,executed_action==4 AND service_completed==false AND progressed==false AND migration_success==false,unknown_not_recorded,0,rsu_1,rsu_2,alpr,False,contact_budget_exceeded,"[""adapter:alpr"",""base:family_a""]",[],[],[],False,False,False,0,0,16,16,,False,False,,,10.874777,unknown_not_identifiable_from_factual_ledger,rollback_or_rejection_no_resident_change
control_raw_critic_target,frozen_check,mappo,43,frozen_check_07,16,executed_action==4 AND service_completed==false AND progressed==false AND migration_success==false,unknown_not_recorded,0,rsu_2,rsu_0,alpr,True,noop_all_resident,[],[],"[""base:family_a"",""adapter:helmet_shared"",""adapter:alpr""]","[""base:family_a"",""adapter:helmet_shared"",""adapter:alpr""]",False,True,False,0,0,18,18,18,False,True,,,8.874777,unknown_not_identifiable_from_factual_ledger,noop_resident_set_no_new_admission
control_raw_critic_target,frozen_check,mappo,43,frozen_check_07,17,executed_action==4 AND service_completed==false AND progressed==false AND migration_success==false,unknown_not_recorded,0,rsu_2,rsu_0,alpr,True,noop_all_resident,[],[],"[""base:family_a"",""adapter:helmet_shared"",""adapter:alpr""]","[""base:family_a"",""adapter:helmet_shared"",""adapter:alpr""]",False,True,False,0,0,18,18,18,False,True,,,6.874777,unknown_not_identifiable_from_factual_ledger,noop_resident_set_no_new_admission
control_raw_critic_target,frozen_check,ppo,7,frozen_check_00,2,executed_action==4 AND service_completed==false AND progressed==false AND migration_success==false,unknown_not_recorded,0,rsu_1,rsu_2,alpr,True,noop_all_resident,[],[],"[""base:family_a"",""adapter:alpr""]","[""base:family_a"",""adapter:alpr""]",False,True,False,0,0,4,4,4,False,False,,,52.16400768,unknown_not_identifiable_from_factual_ledger,noop_resident_set_no_new_admission
control_raw_critic_target,frozen_check,ppo,7,frozen_check_00,3,executed_action==4 AND service_completed==false AND progressed==false AND migration_success==false,unknown_not_recorded,0,rsu_1,rsu_2,alpr,True,noop_all_resident,[],[],"[""base:family_a"",""adapter:alpr""]","[""base:family_a"",""adapter:alpr""]",False,True,False,0,0,4,4,4,False,False,,,50.16400768,unknown_not_identifiable_from_factual_ledger,noop_resident_set_no_new_admission
control_raw_critic_target,frozen_check,ppo,7,frozen_check_00,7,executed_action==4 AND service_completed==false AND progressed==false AND migration_success==false,unknown_not_recorded,0,rsu_0,rsu_1,helmet_shared,True,committed,"[""adapter:helmet_shared""]","[""adapter:alpr""]","[""base:family_a"",""adapter:alpr""]","[""base:family_a"",""adapter:helmet_shared""]",True,True,False,9641944,0,8,8,8,True,False,9,9,10.746539912,unknown_not_identifiable_from_factual_ledger,committed_warm_reused_with_observed_victim_cost
control_raw_critic_target,frozen_check,ppo,7,frozen_check_00,9,executed_action==4 AND service_completed==false AND progressed==false AND migration_success==false,unknown_not_recorded,0,rsu_1,rsu_2,alpr,True,committed,"[""adapter:alpr""]","[""adapter:helmet_shared""]","[""base:family_a"",""adapter:helmet_shared""]","[""base:family_a"",""adapter:alpr""]",True,True,False,154423432,0,10,10,10,True,True,,,3.8316679519999997,unknown_not_identifiable_from_factual_ledger,committed_warm_reused_no_observed_victim_cost
control_raw_critic_target,frozen_check,ppo,7,frozen_check_02,2,executed_action==4 AND service_completed==false AND progressed==false AND migration_success==false,unknown_not_recorded,0,rsu_1,rsu_2,alpr,True,noop_all_resident,[],[],"[""base:family_a"",""adapter:alpr""]","[""base:family_a"",""adapter:alpr""]",False,True,False,0,0,4,4,4,False,True,,,43.348863247164665,unknown_not_identifiable_from_factual_ledger,noop_resident_set_no_new_admission
control_raw_critic_target,frozen_check,ppo,7,frozen_check_02,3,executed_action==4 AND service_completed==false AND progressed==false AND migration_success==false,unknown_not_recorded,0,rsu_1,rsu_2,alpr,True,noop_all_resident,[],[],"[""base:family_a"",""adapter:alpr""]","[""base:family_a"",""adapter:alpr""]",False,True,False,0,0,4,4,4,False,True,,,41.348863247164665,unknown_not_identifiable_from_factual_ledger,noop_resident_set_no_new_admission
control_raw_critic_target,frozen_check,ppo,7,frozen_check_02,5,executed_action==4 AND service_completed==false AND progressed==false AND migration_success==false,unknown_not_recorded,0,rsu_2,rsu_0,helmet_distinct,True,noop_all_resident,[],[],"[""base:family_b"",""adapter:helmet_distinct""]","[""base:family_b"",""adapter:helmet_distinct""]",False,True,False,0,0,6,6,6,False,True,,,33.10642490558233,unknown_not_identifiable_from_factual_ledger,noop_resident_set_no_new_admission
control_raw_critic_target,frozen_check,ppo,7,frozen_check_02,7,executed_action==4 AND service_completed==false AND progressed==false AND migration_success==false,unknown_not_recorded,0,rsu_0,rsu_1,alpr,False,contact_budget_exceeded,"[""adapter:alpr"",""base:family_a""]","[""adapter:helmet_distinct"",""base:family_b""]","[""base:family_b"",""adapter:helmet_distinct""]","[""base:family_b"",""adapter:helmet_distinct""]",False,False,False,0,0,8,8,,False,False,,,17.54186304,unknown_not_identifiable_from_factual_ledger,rollback_or_rejection_no_resident_change
control_raw_critic_target,frozen_check,ppo,7,frozen_check_03,1,executed_action==4 AND service_completed==false AND progressed==false AND migration_success==false,unknown_not_recorded,0,rsu_0,rsu_1,alpr,True,noop_all_resident,[],[],"[""base:family_a"",""adapter:alpr"",""base:family_b"",""adapter:helmet_distinct""]","[""base:family_a"",""adapter:alpr"",""base:family_b"",""adapter:helmet_distinct""]",False,True,False,0,0,2,2,2,False,True,,,80.89285936,unknown_not_identifiable_from_factual_ledger,noop_resident_set_no_new_admission
control_raw_critic_target,frozen_check,ppo,7,frozen_check_03,6,executed_action==4 AND service_completed==false AND progressed==false AND migration_success==false,unknown_not_recorded,0,rsu_0,rsu_1,alpr,True,noop_all_resident,[],[],"[""base:family_a"",""adapter:alpr"",""base:family_b"",""adapter:helmet_distinct""]","[""base:family_a"",""adapter:alpr"",""base:family_b"",""adapter:helmet_distinct""]",False,True,False,0,0,8,8,8,False,True,,,63.61228976,unknown_not_identifiable_from_factual_ledger,noop_resident_set_no_new_admission
control_raw_critic_target,frozen_check,ppo,7,frozen_check_03,7,executed_action==4 AND service_completed==false AND progressed==false AND migration_success==false,unknown_not_recorded,0,rsu_0,rsu_1,alpr,True,noop_all_resident,[],[],"[""base:family_a"",""adapter:alpr"",""base:family_b"",""adapter:helmet_distinct""]","[""base:family_a"",""adapter:alpr"",""base:family_b"",""adapter:helmet_distinct""]",False,True,False,0,0,8,8,8,False,True,,,61.61228976,unknown_not_identifiable_from_factual_ledger,noop_resident_set_no_new_admission
control_raw_critic_target,frozen_check,ppo,7,frozen_check_04,1,executed_action==4 AND service_completed==false AND progressed==false AND migration_success==false,unknown_not_recorded,0,rsu_0,rsu_1,alpr,False,contact_budget_exceeded,[],[],"[""base:family_a"",""adapter:alpr""]","[""base:family_a"",""adapter:alpr""]",False,False,False,0,0,2,2,2,False,True,,,189.86714841188447,unknown_not_identifiable_from_factual_ledger,rollback_or_rejection_no_resident_change
control_raw_critic_target,frozen_check,ppo,7,frozen_check_04,5,executed_action==4 AND service_completed==false AND progressed==false AND migration_success==false,unknown_not_recorded,0,rsu_2,rsu_0,helmet_shared,False,contact_budget_exceeded,[],[],"[""base:family_a"",""adapter:helmet_shared""]","[""base:family_a"",""adapter:helmet_shared""]",False,False,False,0,0,6,6,6,False,True,,,120.6452475047198,unknown_not_identifiable_from_factual_ledger,rollback_or_rejection_no_resident_change
control_raw_critic_target,frozen_check,ppo,7,frozen_check_04,7,executed_action==4 AND service_completed==false AND progressed==false AND migration_success==false,unknown_not_recorded,0,rsu_0,rsu_1,alpr,False,contact_budget_exceeded,[],[],"[""base:family_a"",""adapter:alpr""]","[""base:family_a"",""adapter:alpr""]",False,False,False,0,0,8,8,8,False,True,,,70.8323106039728,unknown_not_identifiable_from_factual_ledger,rollback_or_rejection_no_resident_change
control_raw_critic_target,frozen_check,ppo,7,frozen_check_05,0,executed_action==4 AND service_completed==false AND progressed==false AND migration_success==false,unknown_not_recorded,0,rsu_0,rsu_1,helmet_shared,True,committed,"[""adapter:helmet_shared""]",[],"[""adapter:alpr"",""base:family_a""]","[""adapter:alpr"",""base:family_a"",""adapter:helmet_shared""]",True,True,False,9641944,0,2,2,2,True,False,,,29.61542344,unknown_not_identifiable_from_factual_ledger,committed_warm_reused_no_observed_victim_cost
control_raw_critic_target,frozen_check,ppo,7,frozen_check_05,1,executed_action==4 AND service_completed==false AND progressed==false AND migration_success==false,unknown_not_recorded,0,rsu_0,rsu_1,helmet_shared,True,noop_all_resident,[],[],"[""adapter:alpr"",""base:family_a"",""adapter:helmet_shared""]","[""adapter:alpr"",""base:family_a"",""adapter:helmet_shared""]",False,True,False,0,0,2,2,2,False,False,,,27.61542344,unknown_not_identifiable_from_factual_ledger,noop_resident_set_no_new_admission
control_raw_critic_target,frozen_check,ppo,7,frozen_check_06,3,executed_action==4 AND service_completed==false AND progressed==false AND migration_success==false,unknown_not_recorded,0,rsu_1,rsu_2,helmet_distinct,False,contact_budget_exceeded,"[""adapter:helmet_distinct"",""base:family_b""]",[],"[""base:family_a"",""adapter:alpr""]","[""base:family_a"",""adapter:alpr""]",False,False,False,0,0,4,4,,False,False,,,47.85190215596932,unknown_not_identifiable_from_factual_ledger,rollback_or_rejection_no_resident_change
control_raw_critic_target,frozen_check,ppo,7,frozen_check_06,4,executed_action==4 AND service_completed==false AND progressed==false AND migration_success==false,unknown_not_recorded,0,rsu_2,rsu_0,helmet_distinct,False,contact_budget_exceeded,[],[],"[""base:family_b"",""adapter:helmet_distinct""]","[""base:family_b"",""adapter:helmet_distinct""]",False,False,False,0,0,6,6,6,False,True,,,45.85190215596932,unknown_not_identifiable_from_factual_ledger,rollback_or_rejection_no_resident_change
control_raw_critic_target,frozen_check,ppo,7,frozen_check_06,5,executed_action==4 AND service_completed==false AND progressed==false AND migration_success==false,unknown_not_recorded,0,rsu_2,rsu_0,helmet_distinct,False,contact_budget_exceeded,[],[],"[""base:family_b"",""adapter:helmet_distinct""]","[""base:family_b"",""adapter:helmet_distinct""]",False,False,False,0,0,6,6,6,False,True,,,43.85190215596933,unknown_not_identifiable_from_factual_ledger,rollback_or_rejection_no_resident_change
control_raw_critic_target,frozen_check,ppo,7,frozen_check_06,7,executed_action==4 AND service_completed==false AND progressed==false AND migration_success==false,unknown_not_recorded,0,rsu_0,rsu_1,alpr,False,contact_budget_exceeded,[],[],"[""base:family_a"",""adapter:alpr""]","[""base:family_a"",""adapter:alpr""]",False,False,False,0,0,8,8,8,False,True,,,29.418324448804658,unknown_not_identifiable_from_factual_ledger,rollback_or_rejection_no_resident_change
control_raw_critic_target,frozen_check,ppo,7,frozen_check_07,3,executed_action==4 AND service_completed==false AND progressed==false AND migration_success==false,unknown_not_recorded,0,rsu_1,rsu_2,helmet_shared,False,contact_budget_exceeded,"[""adapter:helmet_shared"",""base:family_a""]",[],[],[],False,False,False,0,0,4,4,,False,False,,,65.24362796,unknown_not_identifiable_from_factual_ledger,rollback_or_rejection_no_resident_change
control_raw_critic_target,frozen_check,ppo,7,frozen_check_07,4,executed_action==4 AND service_completed==false AND progressed==false AND migration_success==false,unknown_not_recorded,0,rsu_2,rsu_0,helmet_shared,True,noop_all_resident,[],[],"[""base:family_a"",""adapter:helmet_shared""]","[""base:family_a"",""adapter:helmet_shared""]",False,True,False,0,0,6,6,6,False,True,,,63.24362796,unknown_not_identifiable_from_factual_ledger,noop_resident_set_no_new_admission
control_raw_critic_target,frozen_check,ppo,7,frozen_check_07,5,executed_action==4 AND service_completed==false AND progressed==false AND migration_success==false,unknown_not_recorded,0,rsu_2,rsu_0,helmet_shared,True,noop_all_resident,[],[],"[""base:family_a"",""adapter:helmet_shared""]","[""base:family_a"",""adapter:helmet_shared""]",False,True,False,0,0,6,6,6,False,True,,,61.24362796,unknown_not_identifiable_from_factual_ledger,noop_resident_set_no_new_admission
control_raw_critic_target,frozen_check,ppo,7,frozen_check_07,7,executed_action==4 AND service_completed==false AND progressed==false AND migration_success==false,unknown_not_recorded,0,rsu_0,rsu_1,alpr,False,contact_budget_exceeded,"[""adapter:alpr"",""base:family_a""]",[],[],[],False,False,False,0,0,8,8,,False,False,,,53.02151996,unknown_not_identifiable_from_factual_ledger,rollback_or_rejection_no_resident_change
control_raw_critic_target,frozen_check,ppo,7,frozen_check_07,8,executed_action==4 AND service_completed==false AND progressed==false AND migration_success==false,unknown_not_recorded,0,rsu_1,rsu_2,alpr,False,contact_budget_exceeded,"[""adapter:alpr"",""base:family_a""]",[],[],[],False,False,False,0,0,10,10,,False,False,,,51.02151996,unknown_not_identifiable_from_factual_ledger,rollback_or_rejection_no_resident_change
control_raw_critic_target,frozen_check,ppo,7,frozen_check_07,9,executed_action==4 AND service_completed==false AND progressed==false AND migration_success==false,unknown_not_recorded,0,rsu_1,rsu_2,alpr,False,contact_budget_exceeded,"[""adapter:alpr"",""base:family_a""]",[],[],[],False,False,False,0,0,10,10,,False,False,,,49.02151996,unknown_not_identifiable_from_factual_ledger,rollback_or_rejection_no_resident_change
control_raw_critic_target,frozen_check,ppo,7,frozen_check_07,10,executed_action==4 AND service_completed==false AND progressed==false AND migration_success==false,unknown_not_recorded,0,rsu_2,rsu_0,alpr,True,committed,"[""adapter:alpr""]",[],"[""base:family_a"",""adapter:helmet_shared""]","[""base:family_a"",""adapter:helmet_shared"",""adapter:alpr""]",True,True,False,154423432,0,12,12,12,True,True,,,40.11340768,unknown_not_identifiable_from_factual_ledger,committed_warm_reused_no_observed_victim_cost
control_raw_critic_target,frozen_check,ppo,7,frozen_check_07,11,executed_action==4 AND service_completed==false AND progressed==false AND migration_success==false,unknown_not_recorded,0,rsu_2,rsu_0,alpr,True,noop_all_resident,[],[],"[""base:family_a"",""adapter:helmet_shared"",""adapter:alpr""]","[""base:family_a"",""adapter:helmet_shared"",""adapter:alpr""]",False,True,False,0,0,12,12,12,False,True,,,38.11340768,unknown_not_identifiable_from_factual_ledger,noop_resident_set_no_new_admission
control_raw_critic_target,frozen_check,ppo,7,frozen_check_07,14,executed_action==4 AND service_completed==false AND progressed==false AND migration_success==false,unknown_not_recorded,0,rsu_1,rsu_2,alpr,False,contact_budget_exceeded,"[""adapter:alpr"",""base:family_a""]",[],[],[],False,False,False,0,0,16,16,,False,False,,,28.93405268,unknown_not_identifiable_from_factual_ledger,rollback_or_rejection_no_resident_change
control_raw_critic_target,frozen_check,ppo,7,frozen_check_07,15,executed_action==4 AND service_completed==false AND progressed==false AND migration_success==false,unknown_not_recorded,0,rsu_1,rsu_2,alpr,False,contact_budget_exceeded,"[""adapter:alpr"",""base:family_a""]",[],[],[],False,False,False,0,0,16,16,,False,False,,,26.93405268,unknown_not_identifiable_from_factual_ledger,rollback_or_rejection_no_resident_change
control_raw_critic_target,frozen_check,ppo,7,frozen_check_07,16,executed_action==4 AND service_completed==false AND progressed==false AND migration_success==false,unknown_not_recorded,0,rsu_2,rsu_0,alpr,True,noop_all_resident,[],[],"[""base:family_a"",""adapter:helmet_shared"",""adapter:alpr""]","[""base:family_a"",""adapter:helmet_shared"",""adapter:alpr""]",False,True,False,0,0,18,18,,False,False,,,24.93405268,unknown_not_identifiable_from_factual_ledger,noop_resident_set_no_new_admission
control_raw_critic_target,frozen_check,ppo,7,frozen_check_07,17,executed_action==4 AND service_completed==false AND progressed==false AND migration_success==false,unknown_not_recorded,0,rsu_2,rsu_0,alpr,True,noop_all_resident,[],[],"[""base:family_a"",""adapter:helmet_shared"",""adapter:alpr""]","[""base:family_a"",""adapter:helmet_shared"",""adapter:alpr""]",False,True,False,0,0,18,18,,False,False,,,22.93405268,unknown_not_identifiable_from_factual_ledger,noop_resident_set_no_new_admission
control_raw_critic_target,frozen_check,ppo,17,frozen_check_04,1,executed_action==4 AND service_completed==false AND progressed==false AND migration_success==false,unknown_not_recorded,0,rsu_0,rsu_1,alpr,False,contact_budget_exceeded,[],[],"[""base:family_a"",""adapter:alpr""]","[""base:family_a"",""adapter:alpr""]",False,False,False,0,0,2,2,2,False,True,,,189.86714841188447,unknown_not_identifiable_from_factual_ledger,rollback_or_rejection_no_resident_change
control_raw_critic_target,frozen_check,ppo,17,frozen_check_04,5,executed_action==4 AND service_completed==false AND progressed==false AND migration_success==false,unknown_not_recorded,0,rsu_2,rsu_0,helmet_shared,False,contact_budget_exceeded,[],[],"[""base:family_a"",""adapter:helmet_shared""]","[""base:family_a"",""adapter:helmet_shared""]",False,False,False,0,0,6,6,6,False,True,,,120.6452475047198,unknown_not_identifiable_from_factual_ledger,rollback_or_rejection_no_resident_change
control_raw_critic_target,frozen_check,ppo,17,frozen_check_04,7,executed_action==4 AND service_completed==false AND progressed==false AND migration_success==false,unknown_not_recorded,0,rsu_0,rsu_1,alpr,False,contact_budget_exceeded,[],[],"[""base:family_a"",""adapter:alpr""]","[""base:family_a"",""adapter:alpr""]",False,False,False,0,0,8,8,8,False,True,,,70.8323106039728,unknown_not_identifiable_from_factual_ledger,rollback_or_rejection_no_resident_change
control_raw_critic_target,frozen_check,ppo,17,frozen_check_06,3,executed_action==4 AND service_completed==false AND progressed==false AND migration_success==false,unknown_not_recorded,0,rsu_1,rsu_2,helmet_distinct,False,contact_budget_exceeded,"[""adapter:helmet_distinct"",""base:family_b""]",[],"[""base:family_a"",""adapter:alpr""]","[""base:family_a"",""adapter:alpr""]",False,False,False,0,0,4,4,,False,False,,,47.85190215596932,unknown_not_identifiable_from_factual_ledger,rollback_or_rejection_no_resident_change
control_raw_critic_target,frozen_check,ppo,17,frozen_check_06,4,executed_action==4 AND service_completed==false AND progressed==false AND migration_success==false,unknown_not_recorded,0,rsu_2,rsu_0,helmet_distinct,False,contact_budget_exceeded,[],[],"[""base:family_b"",""adapter:helmet_distinct""]","[""base:family_b"",""adapter:helmet_distinct""]",False,False,False,0,0,6,6,6,False,True,,,45.85190215596932,unknown_not_identifiable_from_factual_ledger,rollback_or_rejection_no_resident_change
control_raw_critic_target,frozen_check,ppo,17,frozen_check_06,5,executed_action==4 AND service_completed==false AND progressed==false AND migration_success==false,unknown_not_recorded,0,rsu_2,rsu_0,helmet_distinct,False,contact_budget_exceeded,[],[],"[""base:family_b"",""adapter:helmet_distinct""]","[""base:family_b"",""adapter:helmet_distinct""]",False,False,False,0,0,6,6,6,False,True,,,43.85190215596933,unknown_not_identifiable_from_factual_ledger,rollback_or_rejection_no_resident_change
control_raw_critic_target,frozen_check,ppo,17,frozen_check_06,7,executed_action==4 AND service_completed==false AND progressed==false AND migration_success==false,unknown_not_recorded,0,rsu_0,rsu_1,alpr,False,contact_budget_exceeded,[],[],"[""base:family_a"",""adapter:alpr""]","[""base:family_a"",""adapter:alpr""]",False,False,False,0,0,8,8,8,False,True,,,29.418324448804658,unknown_not_identifiable_from_factual_ledger,rollback_or_rejection_no_resident_change
control_raw_critic_target,frozen_check,ppo,61,frozen_check_00,2,executed_action==4 AND service_completed==false AND progressed==false AND migration_success==false,unknown_not_recorded,0,rsu_1,rsu_2,alpr,True,noop_all_resident,[],[],"[""base:family_a"",""adapter:alpr""]","[""base:family_a"",""adapter:alpr""]",False,True,False,0,0,4,4,4,False,False,,,167.224373528,unknown_not_identifiable_from_factual_ledger,noop_resident_set_no_new_admission
control_raw_critic_target,frozen_check,ppo,61,frozen_check_00,3,executed_action==4 AND service_completed==false AND progressed==false AND migration_success==false,unknown_not_recorded,0,rsu_1,rsu_2,alpr,True,noop_all_resident,[],[],"[""base:family_a"",""adapter:alpr""]","[""base:family_a"",""adapter:alpr""]",False,True,False,0,0,4,4,4,False,False,,,165.224373528,unknown_not_identifiable_from_factual_ledger,noop_resident_set_no_new_admission
control_raw_critic_target,frozen_check,ppo,61,frozen_check_02,2,executed_action==4 AND service_completed==false AND progressed==false AND migration_success==false,unknown_not_recorded,0,rsu_1,rsu_2,alpr,True,noop_all_resident,[],[],"[""base:family_a"",""adapter:alpr""]","[""base:family_a"",""adapter:alpr""]",False,True,False,0,0,4,4,4,False,True,,,29.807000207164666,unknown_not_identifiable_from_factual_ledger,noop_resident_set_no_new_admission
control_raw_critic_target,frozen_check,ppo,61,frozen_check_02,3,executed_action==4 AND service_completed==false AND progressed==false AND migration_success==false,unknown_not_recorded,0,rsu_1,rsu_2,alpr,True,noop_all_resident,[],[],"[""base:family_a"",""adapter:alpr""]","[""base:family_a"",""adapter:alpr""]",False,True,False,0,0,4,4,4,False,True,,,27.807000207164666,unknown_not_identifiable_from_factual_ledger,noop_resident_set_no_new_admission
control_raw_critic_target,frozen_check,ppo,61,frozen_check_02,5,executed_action==4 AND service_completed==false AND progressed==false AND migration_success==false,unknown_not_recorded,0,rsu_2,rsu_0,helmet_distinct,True,noop_all_resident,[],[],"[""base:family_b"",""adapter:helmet_distinct""]","[""base:family_b"",""adapter:helmet_distinct""]",False,True,False,0,0,6,6,6,False,True,,,19.564561865582334,unknown_not_identifiable_from_factual_ledger,noop_resident_set_no_new_admission
control_raw_critic_target,frozen_check,ppo,61,frozen_check_03,1,executed_action==4 AND service_completed==false AND progressed==false AND migration_success==false,unknown_not_recorded,0,rsu_0,rsu_1,alpr,True,noop_all_resident,[],[],"[""base:family_a"",""adapter:alpr"",""base:family_b"",""adapter:helmet_distinct""]","[""base:family_a"",""adapter:alpr"",""base:family_b"",""adapter:helmet_distinct""]",False,True,False,0,0,2,2,2,False,True,,,91.7061704,unknown_not_identifiable_from_factual_ledger,noop_resident_set_no_new_admission
control_raw_critic_target,frozen_check,ppo,61,frozen_check_03,6,executed_action==4 AND service_completed==false AND progressed==false AND migration_success==false,unknown_not_recorded,0,rsu_0,rsu_1,alpr,True,noop_all_resident,[],[],"[""base:family_a"",""adapter:alpr"",""base:family_b"",""adapter:helmet_distinct""]","[""base:family_a"",""adapter:alpr"",""base:family_b"",""adapter:helmet_distinct""]",False,True,False,0,0,8,8,8,False,True,,,63.61228976,unknown_not_identifiable_from_factual_ledger,noop_resident_set_no_new_admission
control_raw_critic_target,frozen_check,ppo,61,frozen_check_03,7,executed_action==4 AND service_completed==false AND progressed==false AND migration_success==false,unknown_not_recorded,0,rsu_0,rsu_1,alpr,True,noop_all_resident,[],[],"[""base:family_a"",""adapter:alpr"",""base:family_b"",""adapter:helmet_distinct""]","[""base:family_a"",""adapter:alpr"",""base:family_b"",""adapter:helmet_distinct""]",False,True,False,0,0,8,8,8,False,True,,,61.61228976,unknown_not_identifiable_from_factual_ledger,noop_resident_set_no_new_admission
control_raw_critic_target,frozen_check,ppo,61,frozen_check_04,2,executed_action==4 AND service_completed==false AND progressed==false AND migration_success==false,unknown_not_recorded,0,rsu_1,rsu_2,alpr,False,contact_budget_exceeded,[],[],"[""base:family_a"",""adapter:alpr""]","[""base:family_a"",""adapter:alpr""]",False,False,False,0,0,4,4,4,False,False,,,211.0718964918845,unknown_not_identifiable_from_factual_ledger,rollback_or_rejection_no_resident_change
control_raw_critic_target,frozen_check,ppo,61,frozen_check_04,3,executed_action==4 AND service_completed==false AND progressed==false AND migration_success==false,unknown_not_recorded,0,rsu_1,rsu_2,alpr,False,contact_budget_exceeded,[],[],"[""base:family_a"",""adapter:alpr""]","[""base:family_a"",""adapter:alpr""]",False,False,False,0,0,4,4,4,False,False,,,209.0718964918845,unknown_not_identifiable_from_factual_ledger,rollback_or_rejection_no_resident_change
control_raw_critic_target,frozen_check,ppo,61,frozen_check_04,10,executed_action==4 AND service_completed==false AND progressed==false AND migration_success==false,unknown_not_recorded,0,rsu_2,rsu_0,alpr,False,contact_budget_exceeded,[],[],"[""base:family_a"",""adapter:alpr""]","[""base:family_a"",""adapter:alpr""]",False,False,False,0,0,12,12,12,False,True,,,72.8323106039728,unknown_not_identifiable_from_factual_ledger,rollback_or_rejection_no_resident_change
control_raw_critic_target,frozen_check,ppo,61,frozen_check_04,11,executed_action==4 AND service_completed==false AND progressed==false AND migration_success==false,unknown_not_recorded,0,rsu_2,rsu_0,alpr,False,contact_budget_exceeded,[],[],"[""base:family_a"",""adapter:alpr""]","[""base:family_a"",""adapter:alpr""]",False,False,False,0,0,12,12,12,False,True,,,70.8323106039728,unknown_not_identifiable_from_factual_ledger,rollback_or_rejection_no_resident_change
control_raw_critic_target,frozen_check,ppo,61,frozen_check_05,1,executed_action==4 AND service_completed==false AND progressed==false AND migration_success==false,unknown_not_recorded,0,rsu_0,rsu_1,helmet_shared,True,noop_all_resident,[],[],"[""adapter:alpr"",""base:family_a"",""adapter:helmet_shared""]","[""adapter:alpr"",""base:family_a"",""adapter:helmet_shared""]",False,True,False,0,0,2,2,2,False,False,,,27.56656432,unknown_not_identifiable_from_factual_ledger,noop_resident_set_no_new_admission
control_raw_critic_target,frozen_check,ppo,61,frozen_check_07,4,executed_action==4 AND service_completed==false AND progressed==false AND migration_success==false,unknown_not_recorded,0,rsu_2,rsu_0,helmet_shared,True,noop_all_resident,[],[],"[""base:family_a"",""adapter:helmet_shared""]","[""base:family_a"",""adapter:helmet_shared""]",False,True,False,0,0,6,6,6,False,True,,,46.70724628,unknown_not_identifiable_from_factual_ledger,noop_resident_set_no_new_admission
control_raw_critic_target,frozen_check,ppo,61,frozen_check_07,5,executed_action==4 AND service_completed==false AND progressed==false AND migration_success==false,unknown_not_recorded,0,rsu_2,rsu_0,helmet_shared,True,noop_all_resident,[],[],"[""base:family_a"",""adapter:helmet_shared""]","[""base:family_a"",""adapter:helmet_shared""]",False,True,False,0,0,6,6,6,False,True,,,44.70724628,unknown_not_identifiable_from_factual_ledger,noop_resident_set_no_new_admission
control_raw_critic_target,frozen_check,ppo,61,frozen_check_07,11,executed_action==4 AND service_completed==false AND progressed==false AND migration_success==false,unknown_not_recorded,0,rsu_2,rsu_0,alpr,True,noop_all_resident,[],[],"[""base:family_a"",""adapter:helmet_shared"",""adapter:alpr""]","[""base:family_a"",""adapter:helmet_shared"",""adapter:alpr""]",False,True,False,0,0,12,12,12,False,True,,,22.054132,unknown_not_identifiable_from_factual_ledger,noop_resident_set_no_new_admission
control_raw_critic_target,frozen_check,ppo,61,frozen_check_07,16,executed_action==4 AND service_completed==false AND progressed==false AND migration_success==false,unknown_not_recorded,0,rsu_2,rsu_0,alpr,True,noop_all_resident,[],[],"[""base:family_a"",""adapter:helmet_shared"",""adapter:alpr""]","[""base:family_a"",""adapter:helmet_shared"",""adapter:alpr""]",False,True,False,0,0,18,18,18,False,True,,,8.874777,unknown_not_identifiable_from_factual_ledger,noop_resident_set_no_new_admission
control_raw_critic_target,frozen_check,ppo,61,frozen_check_07,17,executed_action==4 AND service_completed==false AND progressed==false AND migration_success==false,unknown_not_recorded,0,rsu_2,rsu_0,alpr,True,noop_all_resident,[],[],"[""base:family_a"",""adapter:helmet_shared"",""adapter:alpr""]","[""base:family_a"",""adapter:helmet_shared"",""adapter:alpr""]",False,True,False,0,0,18,18,18,False,True,,,6.874777,unknown_not_identifiable_from_factual_ledger,noop_resident_set_no_new_admission
control_raw_critic_target,frozen_check,sa_ghmappo,7,frozen_check_00,2,executed_action==4 AND service_completed==false AND progressed==false AND migration_success==false,unknown_not_recorded,0,rsu_1,rsu_2,alpr,True,noop_all_resident,[],[],"[""base:family_a"",""adapter:alpr""]","[""base:family_a"",""adapter:alpr""]",False,True,False,0,0,4,4,4,False,False,,,167.224373528,unknown_not_identifiable_from_factual_ledger,noop_resident_set_no_new_admission
control_raw_critic_target,frozen_check,sa_ghmappo,7,frozen_check_00,3,executed_action==4 AND service_completed==false AND progressed==false AND migration_success==false,unknown_not_recorded,0,rsu_1,rsu_2,alpr,True,noop_all_resident,[],[],"[""base:family_a"",""adapter:alpr""]","[""base:family_a"",""adapter:alpr""]",False,True,False,0,0,4,4,4,False,False,,,165.224373528,unknown_not_identifiable_from_factual_ledger,noop_resident_set_no_new_admission
control_raw_critic_target,frozen_check,sa_ghmappo,7,frozen_check_02,2,executed_action==4 AND service_completed==false AND progressed==false AND migration_success==false,unknown_not_recorded,0,rsu_1,rsu_2,alpr,True,noop_all_resident,[],[],"[""base:family_a"",""adapter:alpr""]","[""base:family_a"",""adapter:alpr""]",False,True,False,0,0,4,4,4,False,True,,,45.693491319164664,unknown_not_identifiable_from_factual_ledger,noop_resident_set_no_new_admission
control_raw_critic_target,frozen_check,sa_ghmappo,7,frozen_check_02,3,executed_action==4 AND service_completed==false AND progressed==false AND migration_success==false,unknown_not_recorded,0,rsu_1,rsu_2,alpr,True,noop_all_resident,[],[],"[""base:family_a"",""adapter:alpr""]","[""base:family_a"",""adapter:alpr""]",False,True,False,0,0,4,4,4,False,True,,,43.693491319164664,unknown_not_identifiable_from_factual_ledger,noop_resident_set_no_new_admission
control_raw_critic_target,frozen_check,sa_ghmappo,7,frozen_check_02,5,executed_action==4 AND service_completed==false AND progressed==false AND migration_success==false,unknown_not_recorded,0,rsu_2,rsu_0,helmet_distinct,True,noop_all_resident,[],[],"[""base:family_b"",""adapter:helmet_distinct""]","[""base:family_b"",""adapter:helmet_distinct""]",False,True,False,0,0,6,6,6,False,True,,,35.451052977582336,unknown_not_identifiable_from_factual_ledger,noop_resident_set_no_new_admission
control_raw_critic_target,frozen_check,sa_ghmappo,7,frozen_check_03,1,executed_action==4 AND service_completed==false AND progressed==false AND migration_success==false,unknown_not_recorded,0,rsu_0,rsu_1,alpr,True,noop_all_resident,[],[],"[""base:family_a"",""adapter:alpr"",""base:family_b"",""adapter:helmet_distinct""]","[""base:family_a"",""adapter:alpr"",""base:family_b"",""adapter:helmet_distinct""]",False,True,False,0,0,2,2,2,False,True,,,91.7061704,unknown_not_identifiable_from_factual_ledger,noop_resident_set_no_new_admission
control_raw_critic_target,frozen_check,sa_ghmappo,7,frozen_check_03,6,executed_action==4 AND service_completed==false AND progressed==false AND migration_success==false,unknown_not_recorded,0,rsu_0,rsu_1,alpr,True,noop_all_resident,[],[],"[""base:family_a"",""adapter:alpr"",""base:family_b"",""adapter:helmet_distinct""]","[""base:family_a"",""adapter:alpr"",""base:family_b"",""adapter:helmet_distinct""]",False,True,False,0,0,8,8,8,False,True,,,63.61228976,unknown_not_identifiable_from_factual_ledger,noop_resident_set_no_new_admission
control_raw_critic_target,frozen_check,sa_ghmappo,7,frozen_check_03,7,executed_action==4 AND service_completed==false AND progressed==false AND migration_success==false,unknown_not_recorded,0,rsu_0,rsu_1,alpr,True,noop_all_resident,[],[],"[""base:family_a"",""adapter:alpr"",""base:family_b"",""adapter:helmet_distinct""]","[""base:family_a"",""adapter:alpr"",""base:family_b"",""adapter:helmet_distinct""]",False,True,False,0,0,8,8,8,False,True,,,61.61228976,unknown_not_identifiable_from_factual_ledger,noop_resident_set_no_new_admission
control_raw_critic_target,frozen_check,sa_ghmappo,7,frozen_check_04,2,executed_action==4 AND service_completed==false AND progressed==false AND migration_success==false,unknown_not_recorded,0,rsu_1,rsu_2,alpr,False,contact_budget_exceeded,[],[],"[""base:family_a"",""adapter:alpr""]","[""base:family_a"",""adapter:alpr""]",False,False,False,0,0,4,4,4,False,False,,,211.0718964918845,unknown_not_identifiable_from_factual_ledger,rollback_or_rejection_no_resident_change
control_raw_critic_target,frozen_check,sa_ghmappo,7,frozen_check_04,3,executed_action==4 AND service_completed==false AND progressed==false AND migration_success==false,unknown_not_recorded,0,rsu_1,rsu_2,alpr,False,contact_budget_exceeded,[],[],"[""base:family_a"",""adapter:alpr""]","[""base:family_a"",""adapter:alpr""]",False,False,False,0,0,4,4,4,False,False,,,209.0718964918845,unknown_not_identifiable_from_factual_ledger,rollback_or_rejection_no_resident_change
control_raw_critic_target,frozen_check,sa_ghmappo,7,frozen_check_04,10,executed_action==4 AND service_completed==false AND progressed==false AND migration_success==false,unknown_not_recorded,0,rsu_2,rsu_0,alpr,False,contact_budget_exceeded,[],[],"[""base:family_a"",""adapter:alpr""]","[""base:family_a"",""adapter:alpr""]",False,False,False,0,0,12,12,12,False,True,,,72.8323106039728,unknown_not_identifiable_from_factual_ledger,rollback_or_rejection_no_resident_change
control_raw_critic_target,frozen_check,sa_ghmappo,7,frozen_check_04,11,executed_action==4 AND service_completed==false AND progressed==false AND migration_success==false,unknown_not_recorded,0,rsu_2,rsu_0,alpr,False,contact_budget_exceeded,[],[],"[""base:family_a"",""adapter:alpr""]","[""base:family_a"",""adapter:alpr""]",False,False,False,0,0,12,12,12,False,True,,,70.8323106039728,unknown_not_identifiable_from_factual_ledger,rollback_or_rejection_no_resident_change
control_raw_critic_target,frozen_check,sa_ghmappo,7,frozen_check_05,1,executed_action==4 AND service_completed==false AND progressed==false AND migration_success==false,unknown_not_recorded,0,rsu_0,rsu_1,helmet_shared,True,noop_all_resident,[],[],"[""adapter:alpr"",""base:family_a"",""adapter:helmet_shared""]","[""adapter:alpr"",""base:family_a"",""adapter:helmet_shared""]",False,True,False,0,0,2,2,2,False,False,,,27.56656432,unknown_not_identifiable_from_factual_ledger,noop_resident_set_no_new_admission
control_raw_critic_target,frozen_check,sa_ghmappo,7,frozen_check_07,4,executed_action==4 AND service_completed==false AND progressed==false AND migration_success==false,unknown_not_recorded,0,rsu_2,rsu_0,helmet_shared,True,noop_all_resident,[],[],"[""base:family_a"",""adapter:helmet_shared""]","[""base:family_a"",""adapter:helmet_shared""]",False,True,False,0,0,6,6,6,False,True,,,46.70724628,unknown_not_identifiable_from_factual_ledger,noop_resident_set_no_new_admission
control_raw_critic_target,frozen_check,sa_ghmappo,7,frozen_check_07,5,executed_action==4 AND service_completed==false AND progressed==false AND migration_success==false,unknown_not_recorded,0,rsu_2,rsu_0,helmet_shared,True,noop_all_resident,[],[],"[""base:family_a"",""adapter:helmet_shared""]","[""base:family_a"",""adapter:helmet_shared""]",False,True,False,0,0,6,6,6,False,True,,,44.70724628,unknown_not_identifiable_from_factual_ledger,noop_resident_set_no_new_admission
control_raw_critic_target,frozen_check,sa_ghmappo,7,frozen_check_07,11,executed_action==4 AND service_completed==false AND progressed==false AND migration_success==false,unknown_not_recorded,0,rsu_2,rsu_0,alpr,True,noop_all_resident,[],[],"[""base:family_a"",""adapter:helmet_shared"",""adapter:alpr""]","[""base:family_a"",""adapter:helmet_shared"",""adapter:alpr""]",False,True,False,0,0,12,12,12,False,True,,,22.054132,unknown_not_identifiable_from_factual_ledger,noop_resident_set_no_new_admission
control_raw_critic_target,frozen_check,sa_ghmappo,7,frozen_check_07,16,executed_action==4 AND service_completed==false AND progressed==false AND migration_success==false,unknown_not_recorded,0,rsu_2,rsu_0,alpr,True,noop_all_resident,[],[],"[""base:family_a"",""adapter:helmet_shared"",""adapter:alpr""]","[""base:family_a"",""adapter:helmet_shared"",""adapter:alpr""]",False,True,False,0,0,18,18,18,False,True,,,8.874777,unknown_not_identifiable_from_factual_ledger,noop_resident_set_no_new_admission
control_raw_critic_target,frozen_check,sa_ghmappo,7,frozen_check_07,17,executed_action==4 AND service_completed==false AND progressed==false AND migration_success==false,unknown_not_recorded,0,rsu_2,rsu_0,alpr,True,noop_all_resident,[],[],"[""base:family_a"",""adapter:helmet_shared"",""adapter:alpr""]","[""base:family_a"",""adapter:helmet_shared"",""adapter:alpr""]",False,True,False,0,0,18,18,18,False,True,,,6.874777,unknown_not_identifiable_from_factual_ledger,noop_resident_set_no_new_admission
control_raw_critic_target,frozen_check,sa_ghmappo,29,frozen_check_00,2,executed_action==4 AND service_completed==false AND progressed==false AND migration_success==false,unknown_not_recorded,0,rsu_1,rsu_2,alpr,True,noop_all_resident,[],[],"[""base:family_a"",""adapter:alpr""]","[""base:family_a"",""adapter:alpr""]",False,True,False,0,0,4,4,4,False,False,,,52.16400768,unknown_not_identifiable_from_factual_ledger,noop_resident_set_no_new_admission
control_raw_critic_target,frozen_check,sa_ghmappo,29,frozen_check_00,3,executed_action==4 AND service_completed==false AND progressed==false AND migration_success==false,unknown_not_recorded,0,rsu_1,rsu_2,alpr,True,noop_all_resident,[],[],"[""base:family_a"",""adapter:alpr""]","[""base:family_a"",""adapter:alpr""]",False,True,False,0,0,4,4,4,False,False,,,50.16400768,unknown_not_identifiable_from_factual_ledger,noop_resident_set_no_new_admission
control_raw_critic_target,frozen_check,sa_ghmappo,29,frozen_check_00,7,executed_action==4 AND service_completed==false AND progressed==false AND migration_success==false,unknown_not_recorded,0,rsu_0,rsu_1,helmet_shared,True,committed,"[""adapter:helmet_shared""]","[""adapter:alpr""]","[""base:family_a"",""adapter:alpr""]","[""base:family_a"",""adapter:helmet_shared""]",True,True,False,9641944,0,8,8,8,True,False,9,9,10.746539912,unknown_not_identifiable_from_factual_ledger,committed_warm_reused_with_observed_victim_cost
control_raw_critic_target,frozen_check,sa_ghmappo,29,frozen_check_00,9,executed_action==4 AND service_completed==false AND progressed==false AND migration_success==false,unknown_not_recorded,0,rsu_1,rsu_2,alpr,True,committed,"[""adapter:alpr""]","[""adapter:helmet_shared""]","[""base:family_a"",""adapter:helmet_shared""]","[""base:family_a"",""adapter:alpr""]",True,True,False,154423432,0,10,10,10,True,True,,,3.8316679519999997,unknown_not_identifiable_from_factual_ledger,committed_warm_reused_no_observed_victim_cost
control_raw_critic_target,frozen_check,sa_ghmappo,29,frozen_check_02,2,executed_action==4 AND service_completed==false AND progressed==false AND migration_success==false,unknown_not_recorded,0,rsu_1,rsu_2,alpr,True,noop_all_resident,[],[],"[""base:family_a"",""adapter:alpr""]","[""base:family_a"",""adapter:alpr""]",False,True,False,0,0,4,4,4,False,True,,,29.807000207164666,unknown_not_identifiable_from_factual_ledger,noop_resident_set_no_new_admission
control_raw_critic_target,frozen_check,sa_ghmappo,29,frozen_check_02,3,executed_action==4 AND service_completed==false AND progressed==false AND migration_success==false,unknown_not_recorded,0,rsu_1,rsu_2,alpr,True,noop_all_resident,[],[],"[""base:family_a"",""adapter:alpr""]","[""base:family_a"",""adapter:alpr""]",False,True,False,0,0,4,4,4,False,True,,,27.807000207164666,unknown_not_identifiable_from_factual_ledger,noop_resident_set_no_new_admission
control_raw_critic_target,frozen_check,sa_ghmappo,29,frozen_check_02,5,executed_action==4 AND service_completed==false AND progressed==false AND migration_success==false,unknown_not_recorded,0,rsu_2,rsu_0,helmet_distinct,True,noop_all_resident,[],[],"[""base:family_b"",""adapter:helmet_distinct""]","[""base:family_b"",""adapter:helmet_distinct""]",False,True,False,0,0,6,6,6,False,True,,,19.564561865582334,unknown_not_identifiable_from_factual_ledger,noop_resident_set_no_new_admission
control_raw_critic_target,frozen_check,sa_ghmappo,29,frozen_check_02,7,executed_action==4 AND service_completed==false AND progressed==false AND migration_success==false,unknown_not_recorded,0,rsu_0,rsu_1,alpr,False,contact_budget_exceeded,"[""adapter:alpr"",""base:family_a""]","[""adapter:helmet_distinct"",""base:family_b""]","[""base:family_b"",""adapter:helmet_distinct""]","[""base:family_b"",""adapter:helmet_distinct""]",False,False,False,0,0,8,8,,False,False,,,4.0,unknown_not_identifiable_from_factual_ledger,rollback_or_rejection_no_resident_change
control_raw_critic_target,frozen_check,sa_ghmappo,29,frozen_check_03,1,executed_action==4 AND service_completed==false AND progressed==false AND migration_success==false,unknown_not_recorded,0,rsu_0,rsu_1,alpr,True,noop_all_resident,[],[],"[""base:family_a"",""adapter:alpr"",""base:family_b"",""adapter:helmet_distinct""]","[""base:family_a"",""adapter:alpr"",""base:family_b"",""adapter:helmet_distinct""]",False,True,False,0,0,2,2,2,False,True,,,80.89285936,unknown_not_identifiable_from_factual_ledger,noop_resident_set_no_new_admission
control_raw_critic_target,frozen_check,sa_ghmappo,29,frozen_check_03,6,executed_action==4 AND service_completed==false AND progressed==false AND migration_success==false,unknown_not_recorded,0,rsu_0,rsu_1,alpr,True,noop_all_resident,[],[],"[""base:family_a"",""adapter:alpr"",""base:family_b"",""adapter:helmet_distinct""]","[""base:family_a"",""adapter:alpr"",""base:family_b"",""adapter:helmet_distinct""]",False,True,False,0,0,8,8,8,False,True,,,63.61228976,unknown_not_identifiable_from_factual_ledger,noop_resident_set_no_new_admission
control_raw_critic_target,frozen_check,sa_ghmappo,29,frozen_check_03,7,executed_action==4 AND service_completed==false AND progressed==false AND migration_success==false,unknown_not_recorded,0,rsu_0,rsu_1,alpr,True,noop_all_resident,[],[],"[""base:family_a"",""adapter:alpr"",""base:family_b"",""adapter:helmet_distinct""]","[""base:family_a"",""adapter:alpr"",""base:family_b"",""adapter:helmet_distinct""]",False,True,False,0,0,8,8,8,False,True,,,61.61228976,unknown_not_identifiable_from_factual_ledger,noop_resident_set_no_new_admission
control_raw_critic_target,frozen_check,sa_ghmappo,29,frozen_check_04,1,executed_action==4 AND service_completed==false AND progressed==false AND migration_success==false,unknown_not_recorded,0,rsu_0,rsu_1,alpr,False,contact_budget_exceeded,[],[],"[""base:family_a"",""adapter:alpr""]","[""base:family_a"",""adapter:alpr""]",False,False,False,0,0,2,2,2,False,True,,,189.86714841188447,unknown_not_identifiable_from_factual_ledger,rollback_or_rejection_no_resident_change
control_raw_critic_target,frozen_check,sa_ghmappo,29,frozen_check_04,5,executed_action==4 AND service_completed==false AND progressed==false AND migration_success==false,unknown_not_recorded,0,rsu_2,rsu_0,helmet_shared,False,contact_budget_exceeded,[],[],"[""base:family_a"",""adapter:helmet_shared""]","[""base:family_a"",""adapter:helmet_shared""]",False,False,False,0,0,6,6,6,False,True,,,120.6452475047198,unknown_not_identifiable_from_factual_ledger,rollback_or_rejection_no_resident_change
control_raw_critic_target,frozen_check,sa_ghmappo,29,frozen_check_04,7,executed_action==4 AND service_completed==false AND progressed==false AND migration_success==false,unknown_not_recorded,0,rsu_0,rsu_1,alpr,False,contact_budget_exceeded,[],[],"[""base:family_a"",""adapter:alpr""]","[""base:family_a"",""adapter:alpr""]",False,False,False,0,0,8,8,8,False,True,,,70.8323106039728,unknown_not_identifiable_from_factual_ledger,rollback_or_rejection_no_resident_change
control_raw_critic_target,frozen_check,sa_ghmappo,29,frozen_check_05,0,executed_action==4 AND service_completed==false AND progressed==false AND migration_success==false,unknown_not_recorded,0,rsu_0,rsu_1,helmet_shared,True,committed,"[""adapter:helmet_shared""]",[],"[""adapter:alpr"",""base:family_a""]","[""adapter:alpr"",""base:family_a"",""adapter:helmet_shared""]",True,True,False,9641944,0,2,2,2,True,False,,,29.61542344,unknown_not_identifiable_from_factual_ledger,committed_warm_reused_no_observed_victim_cost
control_raw_critic_target,frozen_check,sa_ghmappo,29,frozen_check_05,1,executed_action==4 AND service_completed==false AND progressed==false AND migration_success==false,unknown_not_recorded,0,rsu_0,rsu_1,helmet_shared,True,noop_all_resident,[],[],"[""adapter:alpr"",""base:family_a"",""adapter:helmet_shared""]","[""adapter:alpr"",""base:family_a"",""adapter:helmet_shared""]",False,True,False,0,0,2,2,2,False,False,,,27.61542344,unknown_not_identifiable_from_factual_ledger,noop_resident_set_no_new_admission
control_raw_critic_target,frozen_check,sa_ghmappo,29,frozen_check_06,3,executed_action==4 AND service_completed==false AND progressed==false AND migration_success==false,unknown_not_recorded,0,rsu_1,rsu_2,helmet_distinct,False,contact_budget_exceeded,"[""adapter:helmet_distinct"",""base:family_b""]",[],"[""base:family_a"",""adapter:alpr""]","[""base:family_a"",""adapter:alpr""]",False,False,False,0,0,4,4,,False,False,,,47.85190215596932,unknown_not_identifiable_from_factual_ledger,rollback_or_rejection_no_resident_change
control_raw_critic_target,frozen_check,sa_ghmappo,29,frozen_check_06,4,executed_action==4 AND service_completed==false AND progressed==false AND migration_success==false,unknown_not_recorded,0,rsu_2,rsu_0,helmet_distinct,False,contact_budget_exceeded,[],[],"[""base:family_b"",""adapter:helmet_distinct""]","[""base:family_b"",""adapter:helmet_distinct""]",False,False,False,0,0,6,6,6,False,True,,,45.85190215596932,unknown_not_identifiable_from_factual_ledger,rollback_or_rejection_no_resident_change
control_raw_critic_target,frozen_check,sa_ghmappo,29,frozen_check_06,5,executed_action==4 AND service_completed==false AND progressed==false AND migration_success==false,unknown_not_recorded,0,rsu_2,rsu_0,helmet_distinct,False,contact_budget_exceeded,[],[],"[""base:family_b"",""adapter:helmet_distinct""]","[""base:family_b"",""adapter:helmet_distinct""]",False,False,False,0,0,6,6,6,False,True,,,43.85190215596933,unknown_not_identifiable_from_factual_ledger,rollback_or_rejection_no_resident_change
control_raw_critic_target,frozen_check,sa_ghmappo,29,frozen_check_06,7,executed_action==4 AND service_completed==false AND progressed==false AND migration_success==false,unknown_not_recorded,0,rsu_0,rsu_1,alpr,False,contact_budget_exceeded,[],[],"[""base:family_a"",""adapter:alpr""]","[""base:family_a"",""adapter:alpr""]",False,False,False,0,0,8,8,8,False,True,,,29.418324448804658,unknown_not_identifiable_from_factual_ledger,rollback_or_rejection_no_resident_change
control_raw_critic_target,frozen_check,sa_ghmappo,29,frozen_check_07,2,executed_action==4 AND service_completed==false AND progressed==false AND migration_success==false,unknown_not_recorded,0,rsu_1,rsu_2,helmet_shared,False,contact_budget_exceeded,"[""adapter:helmet_shared"",""base:family_a""]",[],[],[],False,False,False,0,0,4,4,,False,False,,,50.70724628,unknown_not_identifiable_from_factual_ledger,rollback_or_rejection_no_resident_change
control_raw_critic_target,frozen_check,sa_ghmappo,29,frozen_check_07,3,executed_action==4 AND service_completed==false AND progressed==false AND migration_success==false,unknown_not_recorded,0,rsu_1,rsu_2,helmet_shared,False,contact_budget_exceeded,"[""adapter:helmet_shared"",""base:family_a""]",[],[],[],False,False,False,0,0,4,4,,False,False,,,48.70724628,unknown_not_identifiable_from_factual_ledger,rollback_or_rejection_no_resident_change
control_raw_critic_target,frozen_check,sa_ghmappo,29,frozen_check_07,4,executed_action==4 AND service_completed==false AND progressed==false AND migration_success==false,unknown_not_recorded,0,rsu_2,rsu_0,helmet_shared,True,noop_all_resident,[],[],"[""base:family_a"",""adapter:helmet_shared""]","[""base:family_a"",""adapter:helmet_shared""]",False,True,False,0,0,6,6,6,False,True,,,46.70724628,unknown_not_identifiable_from_factual_ledger,noop_resident_set_no_new_admission
control_raw_critic_target,frozen_check,sa_ghmappo,29,frozen_check_07,5,executed_action==4 AND service_completed==false AND progressed==false AND migration_success==false,unknown_not_recorded,0,rsu_2,rsu_0,helmet_shared,True,noop_all_resident,[],[],"[""base:family_a"",""adapter:helmet_shared""]","[""base:family_a"",""adapter:helmet_shared""]",False,True,False,0,0,6,6,6,False,True,,,44.70724628,unknown_not_identifiable_from_factual_ledger,noop_resident_set_no_new_admission
control_raw_critic_target,frozen_check,sa_ghmappo,29,frozen_check_07,8,executed_action==4 AND service_completed==false AND progressed==false AND migration_success==false,unknown_not_recorded,0,rsu_1,rsu_2,alpr,False,contact_budget_exceeded,"[""adapter:alpr"",""base:family_a""]",[],[],[],False,False,False,0,0,10,10,,False,False,,,34.96224428,unknown_not_identifiable_from_factual_ledger,rollback_or_rejection_no_resident_change
control_raw_critic_target,frozen_check,sa_ghmappo,29,frozen_check_07,9,executed_action==4 AND service_completed==false AND progressed==false AND migration_success==false,unknown_not_recorded,0,rsu_1,rsu_2,alpr,False,contact_budget_exceeded,"[""adapter:alpr"",""base:family_a""]",[],[],[],False,False,False,0,0,10,10,,False,False,,,32.96224428,unknown_not_identifiable_from_factual_ledger,rollback_or_rejection_no_resident_change
control_raw_critic_target,frozen_check,sa_ghmappo,29,frozen_check_07,10,executed_action==4 AND service_completed==false AND progressed==false AND migration_success==false,unknown_not_recorded,0,rsu_2,rsu_0,alpr,True,committed,"[""adapter:alpr""]",[],"[""base:family_a"",""adapter:helmet_shared""]","[""base:family_a"",""adapter:helmet_shared"",""adapter:alpr""]",True,True,False,154423432,0,12,12,12,True,True,,,24.054132000000003,unknown_not_identifiable_from_factual_ledger,committed_warm_reused_no_observed_victim_cost
control_raw_critic_target,frozen_check,sa_ghmappo,29,frozen_check_07,11,executed_action==4 AND service_completed==false AND progressed==false AND migration_success==false,unknown_not_recorded,0,rsu_2,rsu_0,alpr,True,noop_all_resident,[],[],"[""base:family_a"",""adapter:helmet_shared"",""adapter:alpr""]","[""base:family_a"",""adapter:helmet_shared"",""adapter:alpr""]",False,True,False,0,0,12,12,12,False,True,,,22.054132,unknown_not_identifiable_from_factual_ledger,noop_resident_set_no_new_admission
control_raw_critic_target,frozen_check,sa_ghmappo,29,frozen_check_07,14,executed_action==4 AND service_completed==false AND progressed==false AND migration_success==false,unknown_not_recorded,0,rsu_1,rsu_2,alpr,False,contact_budget_exceeded,"[""adapter:alpr"",""base:family_a""]",[],[],[],False,False,False,0,0,16,16,,False,False,,,12.874777,unknown_not_identifiable_from_factual_ledger,rollback_or_rejection_no_resident_change
control_raw_critic_target,frozen_check,sa_ghmappo,29,frozen_check_07,15,executed_action==4 AND service_completed==false AND progressed==false AND migration_success==false,unknown_not_recorded,0,rsu_1,rsu_2,alpr,False,contact_budget_exceeded,"[""adapter:alpr"",""base:family_a""]",[],[],[],False,False,False,0,0,16,16,,False,False,,,10.874777,unknown_not_identifiable_from_factual_ledger,rollback_or_rejection_no_resident_change
control_raw_critic_target,frozen_check,sa_ghmappo,29,frozen_check_07,16,executed_action==4 AND service_completed==false AND progressed==false AND migration_success==false,unknown_not_recorded,0,rsu_2,rsu_0,alpr,True,noop_all_resident,[],[],"[""base:family_a"",""adapter:helmet_shared"",""adapter:alpr""]","[""base:family_a"",""adapter:helmet_shared"",""adapter:alpr""]",False,True,False,0,0,18,18,18,False,True,,,8.874777,unknown_not_identifiable_from_factual_ledger,noop_resident_set_no_new_admission
control_raw_critic_target,frozen_check,sa_ghmappo,29,frozen_check_07,17,executed_action==4 AND service_completed==false AND progressed==false AND migration_success==false,unknown_not_recorded,0,rsu_2,rsu_0,alpr,True,noop_all_resident,[],[],"[""base:family_a"",""adapter:helmet_shared"",""adapter:alpr""]","[""base:family_a"",""adapter:helmet_shared"",""adapter:alpr""]",False,True,False,0,0,18,18,18,False,True,,,6.874777,unknown_not_identifiable_from_factual_ledger,noop_resident_set_no_new_admission
control_raw_critic_target,frozen_check,sa_ghmappo,43,frozen_check_00,2,executed_action==4 AND service_completed==false AND progressed==false AND migration_success==false,unknown_not_recorded,0,rsu_1,rsu_2,alpr,True,noop_all_resident,[],[],"[""base:family_a"",""adapter:alpr""]","[""base:family_a"",""adapter:alpr""]",False,True,False,0,0,4,4,4,False,False,,,52.16400768,unknown_not_identifiable_from_factual_ledger,noop_resident_set_no_new_admission
control_raw_critic_target,frozen_check,sa_ghmappo,43,frozen_check_00,3,executed_action==4 AND service_completed==false AND progressed==false AND migration_success==false,unknown_not_recorded,0,rsu_1,rsu_2,alpr,True,noop_all_resident,[],[],"[""base:family_a"",""adapter:alpr""]","[""base:family_a"",""adapter:alpr""]",False,True,False,0,0,4,4,4,False,False,,,50.16400768,unknown_not_identifiable_from_factual_ledger,noop_resident_set_no_new_admission
control_raw_critic_target,frozen_check,sa_ghmappo,43,frozen_check_00,7,executed_action==4 AND service_completed==false AND progressed==false AND migration_success==false,unknown_not_recorded,0,rsu_0,rsu_1,helmet_shared,True,committed,"[""adapter:helmet_shared""]","[""adapter:alpr""]","[""base:family_a"",""adapter:alpr""]","[""base:family_a"",""adapter:helmet_shared""]",True,True,False,9641944,0,8,8,8,True,False,9,9,10.746539912,unknown_not_identifiable_from_factual_ledger,committed_warm_reused_with_observed_victim_cost
control_raw_critic_target,frozen_check,sa_ghmappo,43,frozen_check_00,9,executed_action==4 AND service_completed==false AND progressed==false AND migration_success==false,unknown_not_recorded,0,rsu_1,rsu_2,alpr,True,committed,"[""adapter:alpr""]","[""adapter:helmet_shared""]","[""base:family_a"",""adapter:helmet_shared""]","[""base:family_a"",""adapter:alpr""]",True,True,False,154423432,0,10,10,10,True,True,,,3.8316679519999997,unknown_not_identifiable_from_factual_ledger,committed_warm_reused_no_observed_victim_cost
control_raw_critic_target,frozen_check,sa_ghmappo,43,frozen_check_01,2,executed_action==4 AND service_completed==false AND progressed==false AND migration_success==false,unknown_not_recorded,0,rsu_1,rsu_2,helmet_shared,True,committed,"[""adapter:helmet_shared""]",[],"[""base:family_a"",""adapter:alpr""]","[""base:family_a"",""adapter:alpr"",""adapter:helmet_shared""]",True,True,False,9641944,0,4,4,4,True,True,,,142.16565992075778,unknown_not_identifiable_from_factual_ledger,committed_warm_reused_no_observed_victim_cost
control_raw_critic_target,frozen_check,sa_ghmappo,43,frozen_check_01,3,executed_action==4 AND service_completed==false AND progressed==false AND migration_success==false,unknown_not_recorded,0,rsu_1,rsu_2,helmet_shared,True,noop_all_resident,[],[],"[""base:family_a"",""adapter:alpr"",""adapter:helmet_shared""]","[""base:family_a"",""adapter:alpr"",""adapter:helmet_shared""]",False,True,False,0,0,4,4,4,False,True,,,140.16565992075778,unknown_not_identifiable_from_factual_ledger,noop_resident_set_no_new_admission
control_raw_critic_target,frozen_check,sa_ghmappo,43,frozen_check_01,6,executed_action==4 AND service_completed==false AND progressed==false AND migration_success==false,unknown_not_recorded,0,rsu_0,rsu_1,alpr,True,noop_all_resident,[],[],"[""base:family_a"",""adapter:alpr""]","[""base:family_a"",""adapter:alpr""]",False,True,False,0,0,8,8,8,False,True,,,127.29010423268093,unknown_not_identifiable_from_factual_ledger,noop_resident_set_no_new_admission
control_raw_critic_target,frozen_check,sa_ghmappo,43,frozen_check_02,4,executed_action==4 AND service_completed==false AND progressed==false AND migration_success==false,unknown_not_recorded,0,rsu_2,rsu_0,helmet_distinct,True,noop_all_resident,[],[],"[""base:family_b"",""adapter:helmet_distinct""]","[""base:family_b"",""adapter:helmet_distinct""]",False,True,False,0,0,6,6,6,False,True,,,65.56465978716467,unknown_not_identifiable_from_factual_ledger,noop_resident_set_no_new_admission
control_raw_critic_target,frozen_check,sa_ghmappo,43,frozen_check_02,5,executed_action==4 AND service_completed==false AND progressed==false AND migration_success==false,unknown_not_recorded,0,rsu_2,rsu_0,helmet_distinct,True,noop_all_resident,[],[],"[""base:family_b"",""adapter:helmet_distinct""]","[""base:family_b"",""adapter:helmet_distinct""]",False,True,False,0,0,6,6,6,False,True,,,63.56465978716467,unknown_not_identifiable_from_factual_ledger,noop_resident_set_no_new_admission
control_raw_critic_target,frozen_check,sa_ghmappo,43,frozen_check_02,7,executed_action==4 AND service_completed==false AND progressed==false AND migration_success==false,unknown_not_recorded,0,rsu_0,rsu_1,alpr,True,noop_all_resident,[],[],"[""base:family_a"",""adapter:alpr""]","[""base:family_a"",""adapter:alpr""]",False,True,False,0,0,8,8,8,False,True,,,48.02453187358234,unknown_not_identifiable_from_factual_ledger,noop_resident_set_no_new_admission
control_raw_critic_target,frozen_check,sa_ghmappo,43,frozen_check_03,1,executed_action==4 AND service_completed==false AND progressed==false AND migration_success==false,unknown_not_recorded,0,rsu_0,rsu_1,alpr,True,noop_all_resident,[],[],"[""base:family_a"",""adapter:alpr"",""base:family_b"",""adapter:helmet_distinct""]","[""base:family_a"",""adapter:alpr"",""base:family_b"",""adapter:helmet_distinct""]",False,True,False,0,0,2,2,2,False,True,,,80.89285936,unknown_not_identifiable_from_factual_ledger,noop_resident_set_no_new_admission
control_raw_critic_target,frozen_check,sa_ghmappo,43,frozen_check_03,6,executed_action==4 AND service_completed==false AND progressed==false AND migration_success==false,unknown_not_recorded,0,rsu_0,rsu_1,alpr,True,noop_all_resident,[],[],"[""base:family_a"",""adapter:alpr"",""base:family_b"",""adapter:helmet_distinct""]","[""base:family_a"",""adapter:alpr"",""base:family_b"",""adapter:helmet_distinct""]",False,True,False,0,0,8,8,8,False,True,,,63.61228976,unknown_not_identifiable_from_factual_ledger,noop_resident_set_no_new_admission
control_raw_critic_target,frozen_check,sa_ghmappo,43,frozen_check_03,7,executed_action==4 AND service_completed==false AND progressed==false AND migration_success==false,unknown_not_recorded,0,rsu_0,rsu_1,alpr,True,noop_all_resident,[],[],"[""base:family_a"",""adapter:alpr"",""base:family_b"",""adapter:helmet_distinct""]","[""base:family_a"",""adapter:alpr"",""base:family_b"",""adapter:helmet_distinct""]",False,True,False,0,0,8,8,8,False,True,,,61.61228976,unknown_not_identifiable_from_factual_ledger,noop_resident_set_no_new_admission
control_raw_critic_target,frozen_check,sa_ghmappo,43,frozen_check_04,1,executed_action==4 AND service_completed==false AND progressed==false AND migration_success==false,unknown_not_recorded,0,rsu_0,rsu_1,alpr,False,contact_budget_exceeded,[],[],"[""base:family_a"",""adapter:alpr""]","[""base:family_a"",""adapter:alpr""]",False,False,False,0,0,2,2,2,False,True,,,189.86714841188447,unknown_not_identifiable_from_factual_ledger,rollback_or_rejection_no_resident_change
control_raw_critic_target,frozen_check,sa_ghmappo,43,frozen_check_04,5,executed_action==4 AND service_completed==false AND progressed==false AND migration_success==false,unknown_not_recorded,0,rsu_2,rsu_0,helmet_shared,False,contact_budget_exceeded,[],[],"[""base:family_a"",""adapter:helmet_shared""]","[""base:family_a"",""adapter:helmet_shared""]",False,False,False,0,0,6,6,6,False,True,,,120.6452475047198,unknown_not_identifiable_from_factual_ledger,rollback_or_rejection_no_resident_change
control_raw_critic_target,frozen_check,sa_ghmappo,43,frozen_check_04,7,executed_action==4 AND service_completed==false AND progressed==false AND migration_success==false,unknown_not_recorded,0,rsu_0,rsu_1,alpr,False,contact_budget_exceeded,[],[],"[""base:family_a"",""adapter:alpr""]","[""base:family_a"",""adapter:alpr""]",False,False,False,0,0,8,8,8,False,True,,,70.8323106039728,unknown_not_identifiable_from_factual_ledger,rollback_or_rejection_no_resident_change
control_raw_critic_target,frozen_check,sa_ghmappo,43,frozen_check_05,0,executed_action==4 AND service_completed==false AND progressed==false AND migration_success==false,unknown_not_recorded,0,rsu_0,rsu_1,helmet_shared,True,committed,"[""adapter:helmet_shared""]",[],"[""adapter:alpr"",""base:family_a""]","[""adapter:alpr"",""base:family_a"",""adapter:helmet_shared""]",True,True,False,9641944,0,2,2,2,True,False,,,29.61542344,unknown_not_identifiable_from_factual_ledger,committed_warm_reused_no_observed_victim_cost
control_raw_critic_target,frozen_check,sa_ghmappo,43,frozen_check_05,1,executed_action==4 AND service_completed==false AND progressed==false AND migration_success==false,unknown_not_recorded,0,rsu_0,rsu_1,helmet_shared,True,noop_all_resident,[],[],"[""adapter:alpr"",""base:family_a"",""adapter:helmet_shared""]","[""adapter:alpr"",""base:family_a"",""adapter:helmet_shared""]",False,True,False,0,0,2,2,2,False,False,,,27.61542344,unknown_not_identifiable_from_factual_ledger,noop_resident_set_no_new_admission
control_raw_critic_target,frozen_check,sa_ghmappo,43,frozen_check_06,4,executed_action==4 AND service_completed==false AND progressed==false AND migration_success==false,unknown_not_recorded,0,rsu_2,rsu_0,helmet_distinct,False,contact_budget_exceeded,[],[],"[""base:family_b"",""adapter:helmet_distinct""]","[""base:family_b"",""adapter:helmet_distinct""]",False,False,False,0,0,6,6,6,False,True,,,45.85190215596932,unknown_not_identifiable_from_factual_ledger,rollback_or_rejection_no_resident_change
control_raw_critic_target,frozen_check,sa_ghmappo,43,frozen_check_06,5,executed_action==4 AND service_completed==false AND progressed==false AND migration_success==false,unknown_not_recorded,0,rsu_2,rsu_0,helmet_distinct,False,contact_budget_exceeded,[],[],"[""base:family_b"",""adapter:helmet_distinct""]","[""base:family_b"",""adapter:helmet_distinct""]",False,False,False,0,0,6,6,6,False,True,,,43.85190215596933,unknown_not_identifiable_from_factual_ledger,rollback_or_rejection_no_resident_change
control_raw_critic_target,frozen_check,sa_ghmappo,43,frozen_check_06,7,executed_action==4 AND service_completed==false AND progressed==false AND migration_success==false,unknown_not_recorded,0,rsu_0,rsu_1,alpr,False,contact_budget_exceeded,[],[],"[""base:family_a"",""adapter:alpr""]","[""base:family_a"",""adapter:alpr""]",False,False,False,0,0,8,8,8,False,True,,,29.418324448804658,unknown_not_identifiable_from_factual_ledger,rollback_or_rejection_no_resident_change
control_raw_critic_target,frozen_check,sa_ghmappo,43,frozen_check_07,2,executed_action==4 AND service_completed==false AND progressed==false AND migration_success==false,unknown_not_recorded,0,rsu_1,rsu_2,helmet_shared,False,contact_budget_exceeded,"[""adapter:helmet_shared"",""base:family_a""]",[],[],[],False,False,False,0,0,4,4,,False,False,,,50.70724628,unknown_not_identifiable_from_factual_ledger,rollback_or_rejection_no_resident_change
control_raw_critic_target,frozen_check,sa_ghmappo,43,frozen_check_07,3,executed_action==4 AND service_completed==false AND progressed==false AND migration_success==false,unknown_not_recorded,0,rsu_1,rsu_2,helmet_shared,False,contact_budget_exceeded,"[""adapter:helmet_shared"",""base:family_a""]",[],[],[],False,False,False,0,0,4,4,,False,False,,,48.70724628,unknown_not_identifiable_from_factual_ledger,rollback_or_rejection_no_resident_change
control_raw_critic_target,frozen_check,sa_ghmappo,43,frozen_check_07,4,executed_action==4 AND service_completed==false AND progressed==false AND migration_success==false,unknown_not_recorded,0,rsu_2,rsu_0,helmet_shared,True,noop_all_resident,[],[],"[""base:family_a"",""adapter:helmet_shared""]","[""base:family_a"",""adapter:helmet_shared""]",False,True,False,0,0,6,6,6,False,True,,,46.70724628,unknown_not_identifiable_from_factual_ledger,noop_resident_set_no_new_admission
control_raw_critic_target,frozen_check,sa_ghmappo,43,frozen_check_07,5,executed_action==4 AND service_completed==false AND progressed==false AND migration_success==false,unknown_not_recorded,0,rsu_2,rsu_0,helmet_shared,True,noop_all_resident,[],[],"[""base:family_a"",""adapter:helmet_shared""]","[""base:family_a"",""adapter:helmet_shared""]",False,True,False,0,0,6,6,6,False,True,,,44.70724628,unknown_not_identifiable_from_factual_ledger,noop_resident_set_no_new_admission
control_raw_critic_target,frozen_check,sa_ghmappo,43,frozen_check_07,10,executed_action==4 AND service_completed==false AND progressed==false AND migration_success==false,unknown_not_recorded,0,rsu_2,rsu_0,alpr,True,committed,"[""adapter:alpr""]",[],"[""base:family_a"",""adapter:helmet_shared""]","[""base:family_a"",""adapter:helmet_shared"",""adapter:alpr""]",True,True,False,154423432,0,12,12,12,True,True,,,24.054132000000003,unknown_not_identifiable_from_factual_ledger,committed_warm_reused_no_observed_victim_cost
control_raw_critic_target,frozen_check,sa_ghmappo,43,frozen_check_07,11,executed_action==4 AND service_completed==false AND progressed==false AND migration_success==false,unknown_not_recorded,0,rsu_2,rsu_0,alpr,True,noop_all_resident,[],[],"[""base:family_a"",""adapter:helmet_shared"",""adapter:alpr""]","[""base:family_a"",""adapter:helmet_shared"",""adapter:alpr""]",False,True,False,0,0,12,12,12,False,True,,,22.054132,unknown_not_identifiable_from_factual_ledger,noop_resident_set_no_new_admission
control_raw_critic_target,frozen_check,sa_ghmappo,43,frozen_check_07,16,executed_action==4 AND service_completed==false AND progressed==false AND migration_success==false,unknown_not_recorded,0,rsu_2,rsu_0,alpr,True,noop_all_resident,[],[],"[""base:family_a"",""adapter:helmet_shared"",""adapter:alpr""]","[""base:family_a"",""adapter:helmet_shared"",""adapter:alpr""]",False,True,False,0,0,18,18,18,False,True,,,8.874777,unknown_not_identifiable_from_factual_ledger,noop_resident_set_no_new_admission
control_raw_critic_target,frozen_check,sa_ghmappo,43,frozen_check_07,17,executed_action==4 AND service_completed==false AND progressed==false AND migration_success==false,unknown_not_recorded,0,rsu_2,rsu_0,alpr,True,noop_all_resident,[],[],"[""base:family_a"",""adapter:helmet_shared"",""adapter:alpr""]","[""base:family_a"",""adapter:helmet_shared"",""adapter:alpr""]",False,True,False,0,0,18,18,18,False,True,,,6.874777,unknown_not_identifiable_from_factual_ledger,noop_resident_set_no_new_admission
control_raw_critic_target,frozen_check,sa_ghmappo,61,frozen_check_00,2,executed_action==4 AND service_completed==false AND progressed==false AND migration_success==false,unknown_not_recorded,0,rsu_1,rsu_2,alpr,True,noop_all_resident,[],[],"[""base:family_a"",""adapter:alpr""]","[""base:family_a"",""adapter:alpr""]",False,True,False,0,0,4,4,4,False,False,,,52.16400768,unknown_not_identifiable_from_factual_ledger,noop_resident_set_no_new_admission
control_raw_critic_target,frozen_check,sa_ghmappo,61,frozen_check_00,3,executed_action==4 AND service_completed==false AND progressed==false AND migration_success==false,unknown_not_recorded,0,rsu_1,rsu_2,alpr,True,noop_all_resident,[],[],"[""base:family_a"",""adapter:alpr""]","[""base:family_a"",""adapter:alpr""]",False,True,False,0,0,4,4,4,False,False,,,50.16400768,unknown_not_identifiable_from_factual_ledger,noop_resident_set_no_new_admission
control_raw_critic_target,frozen_check,sa_ghmappo,61,frozen_check_00,7,executed_action==4 AND service_completed==false AND progressed==false AND migration_success==false,unknown_not_recorded,0,rsu_0,rsu_1,helmet_shared,True,committed,"[""adapter:helmet_shared""]","[""adapter:alpr""]","[""base:family_a"",""adapter:alpr""]","[""base:family_a"",""adapter:helmet_shared""]",True,True,False,9641944,0,8,8,8,True,False,9,9,10.746539912,unknown_not_identifiable_from_factual_ledger,committed_warm_reused_with_observed_victim_cost
control_raw_critic_target,frozen_check,sa_ghmappo,61,frozen_check_00,9,executed_action==4 AND service_completed==false AND progressed==false AND migration_success==false,unknown_not_recorded,0,rsu_1,rsu_2,alpr,True,committed,"[""adapter:alpr""]","[""adapter:helmet_shared""]","[""base:family_a"",""adapter:helmet_shared""]","[""base:family_a"",""adapter:alpr""]",True,True,False,154423432,0,10,10,10,True,True,,,3.8316679519999997,unknown_not_identifiable_from_factual_ledger,committed_warm_reused_no_observed_victim_cost
control_raw_critic_target,frozen_check,sa_ghmappo,61,frozen_check_02,2,executed_action==4 AND service_completed==false AND progressed==false AND migration_success==false,unknown_not_recorded,0,rsu_1,rsu_2,alpr,True,noop_all_resident,[],[],"[""base:family_a"",""adapter:alpr""]","[""base:family_a"",""adapter:alpr""]",False,True,False,0,0,4,4,4,False,True,,,45.693491319164664,unknown_not_identifiable_from_factual_ledger,noop_resident_set_no_new_admission
control_raw_critic_target,frozen_check,sa_ghmappo,61,frozen_check_02,3,executed_action==4 AND service_completed==false AND progressed==false AND migration_success==false,unknown_not_recorded,0,rsu_1,rsu_2,alpr,True,noop_all_resident,[],[],"[""base:family_a"",""adapter:alpr""]","[""base:family_a"",""adapter:alpr""]",False,True,False,0,0,4,4,4,False,True,,,43.693491319164664,unknown_not_identifiable_from_factual_ledger,noop_resident_set_no_new_admission
control_raw_critic_target,frozen_check,sa_ghmappo,61,frozen_check_02,5,executed_action==4 AND service_completed==false AND progressed==false AND migration_success==false,unknown_not_recorded,0,rsu_2,rsu_0,helmet_distinct,True,noop_all_resident,[],[],"[""base:family_b"",""adapter:helmet_distinct""]","[""base:family_b"",""adapter:helmet_distinct""]",False,True,False,0,0,6,6,6,False,True,,,35.451052977582336,unknown_not_identifiable_from_factual_ledger,noop_resident_set_no_new_admission
control_raw_critic_target,frozen_check,sa_ghmappo,61,frozen_check_02,7,executed_action==4 AND service_completed==false AND progressed==false AND migration_success==false,unknown_not_recorded,0,rsu_0,rsu_1,alpr,False,contact_budget_exceeded,"[""adapter:alpr"",""base:family_a""]","[""adapter:helmet_distinct"",""base:family_b""]","[""base:family_b"",""adapter:helmet_distinct""]","[""base:family_b"",""adapter:helmet_distinct""]",False,False,False,0,0,8,8,,False,False,,,19.886491112,unknown_not_identifiable_from_factual_ledger,rollback_or_rejection_no_resident_change
control_raw_critic_target,frozen_check,sa_ghmappo,61,frozen_check_03,1,executed_action==4 AND service_completed==false AND progressed==false AND migration_success==false,unknown_not_recorded,0,rsu_0,rsu_1,alpr,True,noop_all_resident,[],[],"[""base:family_a"",""adapter:alpr"",""base:family_b"",""adapter:helmet_distinct""]","[""base:family_a"",""adapter:alpr"",""base:family_b"",""adapter:helmet_distinct""]",False,True,False,0,0,2,2,2,False,True,,,80.89285936,unknown_not_identifiable_from_factual_ledger,noop_resident_set_no_new_admission
control_raw_critic_target,frozen_check,sa_ghmappo,61,frozen_check_03,6,executed_action==4 AND service_completed==false AND progressed==false AND migration_success==false,unknown_not_recorded,0,rsu_0,rsu_1,alpr,True,noop_all_resident,[],[],"[""base:family_a"",""adapter:alpr"",""base:family_b"",""adapter:helmet_distinct""]","[""base:family_a"",""adapter:alpr"",""base:family_b"",""adapter:helmet_distinct""]",False,True,False,0,0,8,8,8,False,True,,,63.61228976,unknown_not_identifiable_from_factual_ledger,noop_resident_set_no_new_admission
control_raw_critic_target,frozen_check,sa_ghmappo,61,frozen_check_03,7,executed_action==4 AND service_completed==false AND progressed==false AND migration_success==false,unknown_not_recorded,0,rsu_0,rsu_1,alpr,True,noop_all_resident,[],[],"[""base:family_a"",""adapter:alpr"",""base:family_b"",""adapter:helmet_distinct""]","[""base:family_a"",""adapter:alpr"",""base:family_b"",""adapter:helmet_distinct""]",False,True,False,0,0,8,8,8,False,True,,,61.61228976,unknown_not_identifiable_from_factual_ledger,noop_resident_set_no_new_admission
control_raw_critic_target,frozen_check,sa_ghmappo,61,frozen_check_04,1,executed_action==4 AND service_completed==false AND progressed==false AND migration_success==false,unknown_not_recorded,0,rsu_0,rsu_1,alpr,False,contact_budget_exceeded,[],[],"[""base:family_a"",""adapter:alpr""]","[""base:family_a"",""adapter:alpr""]",False,False,False,0,0,2,2,2,False,True,,,189.86714841188447,unknown_not_identifiable_from_factual_ledger,rollback_or_rejection_no_resident_change
control_raw_critic_target,frozen_check,sa_ghmappo,61,frozen_check_04,5,executed_action==4 AND service_completed==false AND progressed==false AND migration_success==false,unknown_not_recorded,0,rsu_2,rsu_0,helmet_shared,False,contact_budget_exceeded,[],[],"[""base:family_a"",""adapter:helmet_shared""]","[""base:family_a"",""adapter:helmet_shared""]",False,False,False,0,0,6,6,6,False,True,,,120.6452475047198,unknown_not_identifiable_from_factual_ledger,rollback_or_rejection_no_resident_change
control_raw_critic_target,frozen_check,sa_ghmappo,61,frozen_check_04,7,executed_action==4 AND service_completed==false AND progressed==false AND migration_success==false,unknown_not_recorded,0,rsu_0,rsu_1,alpr,False,contact_budget_exceeded,[],[],"[""base:family_a"",""adapter:alpr""]","[""base:family_a"",""adapter:alpr""]",False,False,False,0,0,8,8,8,False,True,,,70.8323106039728,unknown_not_identifiable_from_factual_ledger,rollback_or_rejection_no_resident_change
control_raw_critic_target,frozen_check,sa_ghmappo,61,frozen_check_05,0,executed_action==4 AND service_completed==false AND progressed==false AND migration_success==false,unknown_not_recorded,0,rsu_0,rsu_1,helmet_shared,True,committed,"[""adapter:helmet_shared""]",[],"[""adapter:alpr"",""base:family_a""]","[""adapter:alpr"",""base:family_a"",""adapter:helmet_shared""]",True,True,False,9641944,0,2,2,2,True,False,,,29.61542344,unknown_not_identifiable_from_factual_ledger,committed_warm_reused_no_observed_victim_cost
control_raw_critic_target,frozen_check,sa_ghmappo,61,frozen_check_05,1,executed_action==4 AND service_completed==false AND progressed==false AND migration_success==false,unknown_not_recorded,0,rsu_0,rsu_1,helmet_shared,True,noop_all_resident,[],[],"[""adapter:alpr"",""base:family_a"",""adapter:helmet_shared""]","[""adapter:alpr"",""base:family_a"",""adapter:helmet_shared""]",False,True,False,0,0,2,2,2,False,False,,,27.61542344,unknown_not_identifiable_from_factual_ledger,noop_resident_set_no_new_admission
control_raw_critic_target,frozen_check,sa_ghmappo,61,frozen_check_06,3,executed_action==4 AND service_completed==false AND progressed==false AND migration_success==false,unknown_not_recorded,0,rsu_1,rsu_2,helmet_distinct,False,contact_budget_exceeded,"[""adapter:helmet_distinct"",""base:family_b""]",[],"[""base:family_a"",""adapter:alpr""]","[""base:family_a"",""adapter:alpr""]",False,False,False,0,0,4,4,,False,False,,,47.85190215596932,unknown_not_identifiable_from_factual_ledger,rollback_or_rejection_no_resident_change
control_raw_critic_target,frozen_check,sa_ghmappo,61,frozen_check_06,4,executed_action==4 AND service_completed==false AND progressed==false AND migration_success==false,unknown_not_recorded,0,rsu_2,rsu_0,helmet_distinct,False,contact_budget_exceeded,[],[],"[""base:family_b"",""adapter:helmet_distinct""]","[""base:family_b"",""adapter:helmet_distinct""]",False,False,False,0,0,6,6,6,False,True,,,45.85190215596932,unknown_not_identifiable_from_factual_ledger,rollback_or_rejection_no_resident_change
control_raw_critic_target,frozen_check,sa_ghmappo,61,frozen_check_06,5,executed_action==4 AND service_completed==false AND progressed==false AND migration_success==false,unknown_not_recorded,0,rsu_2,rsu_0,helmet_distinct,False,contact_budget_exceeded,[],[],"[""base:family_b"",""adapter:helmet_distinct""]","[""base:family_b"",""adapter:helmet_distinct""]",False,False,False,0,0,6,6,6,False,True,,,43.85190215596933,unknown_not_identifiable_from_factual_ledger,rollback_or_rejection_no_resident_change
control_raw_critic_target,frozen_check,sa_ghmappo,61,frozen_check_06,7,executed_action==4 AND service_completed==false AND progressed==false AND migration_success==false,unknown_not_recorded,0,rsu_0,rsu_1,alpr,False,contact_budget_exceeded,[],[],"[""base:family_a"",""adapter:alpr""]","[""base:family_a"",""adapter:alpr""]",False,False,False,0,0,8,8,8,False,True,,,29.418324448804658,unknown_not_identifiable_from_factual_ledger,rollback_or_rejection_no_resident_change
control_raw_critic_target,frozen_check,sa_ghmappo,61,frozen_check_07,2,executed_action==4 AND service_completed==false AND progressed==false AND migration_success==false,unknown_not_recorded,0,rsu_1,rsu_2,helmet_shared,False,contact_budget_exceeded,"[""adapter:helmet_shared"",""base:family_a""]",[],[],[],False,False,False,0,0,4,4,,False,False,,,50.70724628,unknown_not_identifiable_from_factual_ledger,rollback_or_rejection_no_resident_change
control_raw_critic_target,frozen_check,sa_ghmappo,61,frozen_check_07,3,executed_action==4 AND service_completed==false AND progressed==false AND migration_success==false,unknown_not_recorded,0,rsu_1,rsu_2,helmet_shared,False,contact_budget_exceeded,"[""adapter:helmet_shared"",""base:family_a""]",[],[],[],False,False,False,0,0,4,4,,False,False,,,48.70724628,unknown_not_identifiable_from_factual_ledger,rollback_or_rejection_no_resident_change
control_raw_critic_target,frozen_check,sa_ghmappo,61,frozen_check_07,4,executed_action==4 AND service_completed==false AND progressed==false AND migration_success==false,unknown_not_recorded,0,rsu_2,rsu_0,helmet_shared,True,noop_all_resident,[],[],"[""base:family_a"",""adapter:helmet_shared""]","[""base:family_a"",""adapter:helmet_shared""]",False,True,False,0,0,6,6,6,False,True,,,46.70724628,unknown_not_identifiable_from_factual_ledger,noop_resident_set_no_new_admission
control_raw_critic_target,frozen_check,sa_ghmappo,61,frozen_check_07,5,executed_action==4 AND service_completed==false AND progressed==false AND migration_success==false,unknown_not_recorded,0,rsu_2,rsu_0,helmet_shared,True,noop_all_resident,[],[],"[""base:family_a"",""adapter:helmet_shared""]","[""base:family_a"",""adapter:helmet_shared""]",False,True,False,0,0,6,6,6,False,True,,,44.70724628,unknown_not_identifiable_from_factual_ledger,noop_resident_set_no_new_admission
control_raw_critic_target,frozen_check,sa_ghmappo,61,frozen_check_07,8,executed_action==4 AND service_completed==false AND progressed==false AND migration_success==false,unknown_not_recorded,0,rsu_1,rsu_2,alpr,False,contact_budget_exceeded,"[""adapter:alpr"",""base:family_a""]",[],[],[],False,False,False,0,0,10,10,,False,False,,,34.96224428,unknown_not_identifiable_from_factual_ledger,rollback_or_rejection_no_resident_change
control_raw_critic_target,frozen_check,sa_ghmappo,61,frozen_check_07,9,executed_action==4 AND service_completed==false AND progressed==false AND migration_success==false,unknown_not_recorded,0,rsu_1,rsu_2,alpr,False,contact_budget_exceeded,"[""adapter:alpr"",""base:family_a""]",[],[],[],False,False,False,0,0,10,10,,False,False,,,32.96224428,unknown_not_identifiable_from_factual_ledger,rollback_or_rejection_no_resident_change
control_raw_critic_target,frozen_check,sa_ghmappo,61,frozen_check_07,10,executed_action==4 AND service_completed==false AND progressed==false AND migration_success==false,unknown_not_recorded,0,rsu_2,rsu_0,alpr,True,committed,"[""adapter:alpr""]",[],"[""base:family_a"",""adapter:helmet_shared""]","[""base:family_a"",""adapter:helmet_shared"",""adapter:alpr""]",True,True,False,154423432,0,12,12,12,True,True,,,24.054132000000003,unknown_not_identifiable_from_factual_ledger,committed_warm_reused_no_observed_victim_cost
control_raw_critic_target,frozen_check,sa_ghmappo,61,frozen_check_07,11,executed_action==4 AND service_completed==false AND progressed==false AND migration_success==false,unknown_not_recorded,0,rsu_2,rsu_0,alpr,True,noop_all_resident,[],[],"[""base:family_a"",""adapter:helmet_shared"",""adapter:alpr""]","[""base:family_a"",""adapter:helmet_shared"",""adapter:alpr""]",False,True,False,0,0,12,12,12,False,True,,,22.054132,unknown_not_identifiable_from_factual_ledger,noop_resident_set_no_new_admission
control_raw_critic_target,frozen_check,sa_ghmappo,61,frozen_check_07,14,executed_action==4 AND service_completed==false AND progressed==false AND migration_success==false,unknown_not_recorded,0,rsu_1,rsu_2,alpr,False,contact_budget_exceeded,"[""adapter:alpr"",""base:family_a""]",[],[],[],False,False,False,0,0,16,16,,False,False,,,12.874777,unknown_not_identifiable_from_factual_ledger,rollback_or_rejection_no_resident_change
control_raw_critic_target,frozen_check,sa_ghmappo,61,frozen_check_07,15,executed_action==4 AND service_completed==false AND progressed==false AND migration_success==false,unknown_not_recorded,0,rsu_1,rsu_2,alpr,False,contact_budget_exceeded,"[""adapter:alpr"",""base:family_a""]",[],[],[],False,False,False,0,0,16,16,,False,False,,,10.874777,unknown_not_identifiable_from_factual_ledger,rollback_or_rejection_no_resident_change
control_raw_critic_target,frozen_check,sa_ghmappo,61,frozen_check_07,16,executed_action==4 AND service_completed==false AND progressed==false AND migration_success==false,unknown_not_recorded,0,rsu_2,rsu_0,alpr,True,noop_all_resident,[],[],"[""base:family_a"",""adapter:helmet_shared"",""adapter:alpr""]","[""base:family_a"",""adapter:helmet_shared"",""adapter:alpr""]",False,True,False,0,0,18,18,18,False,True,,,8.874777,unknown_not_identifiable_from_factual_ledger,noop_resident_set_no_new_admission
control_raw_critic_target,frozen_check,sa_ghmappo,61,frozen_check_07,17,executed_action==4 AND service_completed==false AND progressed==false AND migration_success==false,unknown_not_recorded,0,rsu_2,rsu_0,alpr,True,noop_all_resident,[],[],"[""base:family_a"",""adapter:helmet_shared"",""adapter:alpr""]","[""base:family_a"",""adapter:helmet_shared"",""adapter:alpr""]",False,True,False,0,0,18,18,18,False,True,,,6.874777,unknown_not_identifiable_from_factual_ledger,noop_resident_set_no_new_admission
control_raw_critic_target,regression,mappo,7,regression_00,2,executed_action==4 AND service_completed==false AND progressed==false AND migration_success==false,unknown_not_recorded,0,rsu_0,rsu_1,alpr,True,committed,"[""adapter:alpr""]","[""adapter:helmet_shared""]","[""base:family_a"",""adapter:helmet_shared""]","[""base:family_a"",""adapter:alpr""]",True,True,False,154423432,0,3,3,3,True,True,4,4,25.249362912,unknown_not_identifiable_from_factual_ledger,committed_warm_reused_with_observed_victim_cost
control_raw_critic_target,regression,mappo,7,regression_00,4,executed_action==4 AND service_completed==false AND progressed==false AND migration_success==false,unknown_not_recorded,0,rsu_1,rsu_2,helmet_shared,True,committed,"[""adapter:helmet_shared""]","[""adapter:alpr""]","[""base:family_a"",""adapter:alpr""]","[""base:family_a"",""adapter:helmet_shared""]",True,True,False,9641944,0,6,6,6,True,True,7,7,21.316315408,unknown_not_identifiable_from_factual_ledger,committed_warm_reused_with_observed_victim_cost
control_raw_critic_target,regression,mappo,7,regression_00,5,executed_action==4 AND service_completed==false AND progressed==false AND migration_success==false,unknown_not_recorded,0,rsu_1,rsu_2,helmet_shared,True,noop_all_resident,[],[],"[""base:family_a"",""adapter:helmet_shared""]","[""base:family_a"",""adapter:helmet_shared""]",False,True,False,0,0,6,6,6,False,True,,,19.316315408,unknown_not_identifiable_from_factual_ledger,noop_resident_set_no_new_admission
control_raw_critic_target,regression,mappo,7,regression_00,7,executed_action==4 AND service_completed==false AND progressed==false AND migration_success==false,unknown_not_recorded,0,rsu_2,rsu_0,alpr,True,committed,"[""adapter:alpr""]","[""adapter:helmet_shared""]","[""base:family_a"",""adapter:helmet_shared""]","[""base:family_a"",""adapter:alpr""]",True,True,False,154423432,0,9,9,9,True,True,,,11.518085,unknown_not_identifiable_from_factual_ledger,committed_warm_reused_no_observed_victim_cost
control_raw_critic_target,regression,mappo,7,regression_00,8,executed_action==4 AND service_completed==false AND progressed==false AND migration_success==false,unknown_not_recorded,0,rsu_2,rsu_0,alpr,True,noop_all_resident,[],[],"[""base:family_a"",""adapter:alpr""]","[""base:family_a"",""adapter:alpr""]",False,True,False,0,0,9,9,9,False,True,,,9.518085,unknown_not_identifiable_from_factual_ledger,noop_resident_set_no_new_admission
control_raw_critic_target,regression,mappo,7,regression_02,1,executed_action==4 AND service_completed==false AND progressed==false AND migration_success==false,unknown_not_recorded,0,rsu_0,rsu_1,alpr,False,contact_budget_exceeded,"[""adapter:alpr"",""base:family_a""]","[""adapter:helmet_distinct"",""base:family_b""]","[""base:family_b"",""adapter:helmet_distinct""]","[""base:family_b"",""adapter:helmet_distinct""]",False,False,False,0,0,3,3,,False,False,,,104.98248703432932,unknown_not_identifiable_from_factual_ledger,rollback_or_rejection_no_resident_change
control_raw_critic_target,regression,mappo,7,regression_02,2,executed_action==4 AND service_completed==false AND progressed==false AND migration_success==false,unknown_not_recorded,0,rsu_0,rsu_1,alpr,False,contact_budget_exceeded,"[""adapter:alpr"",""base:family_a""]","[""adapter:helmet_distinct"",""base:family_b""]","[""base:family_b"",""adapter:helmet_distinct""]","[""base:family_b"",""adapter:helmet_distinct""]",False,False,False,0,0,3,3,,False,False,,,102.98248703432932,unknown_not_identifiable_from_factual_ledger,rollback_or_rejection_no_resident_change
control_raw_critic_target,regression,mappo,7,regression_02,3,executed_action==4 AND service_completed==false AND progressed==false AND migration_success==false,unknown_not_recorded,0,rsu_1,rsu_2,alpr,True,noop_all_resident,[],[],"[""base:family_a"",""adapter:alpr""]","[""base:family_a"",""adapter:alpr""]",False,True,False,0,0,6,6,6,False,False,,,100.98248703432932,unknown_not_identifiable_from_factual_ledger,noop_resident_set_no_new_admission
control_raw_critic_target,regression,mappo,7,regression_02,4,executed_action==4 AND service_completed==false AND progressed==false AND migration_success==false,unknown_not_recorded,0,rsu_1,rsu_2,alpr,True,noop_all_resident,[],[],"[""base:family_a"",""adapter:alpr""]","[""base:family_a"",""adapter:alpr""]",False,True,False,0,0,6,6,6,False,False,,,98.98248703432932,unknown_not_identifiable_from_factual_ledger,noop_resident_set_no_new_admission
control_raw_critic_target,regression,mappo,7,regression_02,5,executed_action==4 AND service_completed==false AND progressed==false AND migration_success==false,unknown_not_recorded,0,rsu_1,rsu_2,alpr,True,noop_all_resident,[],[],"[""base:family_a"",""adapter:alpr""]","[""base:family_a"",""adapter:alpr""]",False,True,False,0,0,6,6,6,False,False,,,96.98248703432932,unknown_not_identifiable_from_factual_ledger,noop_resident_set_no_new_admission
control_raw_critic_target,regression,mappo,7,regression_02,9,executed_action==4 AND service_completed==false AND progressed==false AND migration_success==false,unknown_not_recorded,0,rsu_0,rsu_1,helmet_distinct,True,noop_all_resident,[],[],"[""base:family_b"",""adapter:helmet_distinct""]","[""base:family_b"",""adapter:helmet_distinct""]",False,True,False,0,0,12,12,12,False,True,,,67.637313692747,unknown_not_identifiable_from_factual_ledger,noop_resident_set_no_new_admission
control_raw_critic_target,regression,mappo,7,regression_02,10,executed_action==4 AND service_completed==false AND progressed==false AND migration_success==false,unknown_not_recorded,0,rsu_0,rsu_1,helmet_distinct,True,noop_all_resident,[],[],"[""base:family_b"",""adapter:helmet_distinct""]","[""base:family_b"",""adapter:helmet_distinct""]",False,True,False,0,0,12,12,12,False,True,,,65.637313692747,unknown_not_identifiable_from_factual_ledger,noop_resident_set_no_new_admission
control_raw_critic_target,regression,mappo,7,regression_02,11,executed_action==4 AND service_completed==false AND progressed==false AND migration_success==false,unknown_not_recorded,0,rsu_0,rsu_1,helmet_distinct,True,noop_all_resident,[],[],"[""base:family_b"",""adapter:helmet_distinct""]","[""base:family_b"",""adapter:helmet_distinct""]",False,True,False,0,0,12,12,12,False,True,,,63.637313692747,unknown_not_identifiable_from_factual_ledger,noop_resident_set_no_new_admission
control_raw_critic_target,regression,mappo,7,regression_03,4,executed_action==4 AND service_completed==false AND progressed==false AND migration_success==false,unknown_not_recorded,0,rsu_0,rsu_1,alpr,True,noop_all_resident,[],[],"[""base:family_a"",""adapter:alpr"",""base:family_b"",""adapter:helmet_distinct""]","[""base:family_a"",""adapter:alpr"",""base:family_b"",""adapter:helmet_distinct""]",False,True,False,0,0,5,5,5,False,True,,,29.926881159999997,unknown_not_identifiable_from_factual_ledger,noop_resident_set_no_new_admission
control_raw_critic_target,regression,mappo,7,regression_05,0,executed_action==4 AND service_completed==false AND progressed==false AND migration_success==false,unknown_not_recorded,0,rsu_0,rsu_1,helmet_shared,True,committed,"[""adapter:helmet_shared""]",[],"[""adapter:alpr"",""base:family_a""]","[""adapter:alpr"",""base:family_a"",""adapter:helmet_shared""]",True,True,False,9641944,0,2,2,2,True,False,,,22.055066472,unknown_not_identifiable_from_factual_ledger,committed_warm_reused_no_observed_victim_cost
control_raw_critic_target,regression,mappo,7,regression_05,1,executed_action==4 AND service_completed==false AND progressed==false AND migration_success==false,unknown_not_recorded,0,rsu_0,rsu_1,helmet_shared,True,noop_all_resident,[],[],"[""adapter:alpr"",""base:family_a"",""adapter:helmet_shared""]","[""adapter:alpr"",""base:family_a"",""adapter:helmet_shared""]",False,True,False,0,0,2,2,2,False,False,,,20.055066472,unknown_not_identifiable_from_factual_ledger,noop_resident_set_no_new_admission
control_raw_critic_target,regression,mappo,7,regression_07,2,executed_action==4 AND service_completed==false AND progressed==false AND migration_success==false,unknown_not_recorded,0,rsu_1,rsu_2,helmet_shared,False,contact_budget_exceeded,"[""adapter:helmet_shared"",""base:family_a""]",[],[],[],False,False,False,0,0,4,4,,False,False,,,139.00392055866752,unknown_not_identifiable_from_factual_ledger,rollback_or_rejection_no_resident_change
control_raw_critic_target,regression,mappo,7,regression_07,3,executed_action==4 AND service_completed==false AND progressed==false AND migration_success==false,unknown_not_recorded,0,rsu_1,rsu_2,helmet_shared,False,contact_budget_exceeded,"[""adapter:helmet_shared"",""base:family_a""]",[],[],[],False,False,False,0,0,4,4,,False,False,,,137.00392055866752,unknown_not_identifiable_from_factual_ledger,rollback_or_rejection_no_resident_change
control_raw_critic_target,regression,mappo,7,regression_07,4,executed_action==4 AND service_completed==false AND progressed==false AND migration_success==false,unknown_not_recorded,0,rsu_2,rsu_0,helmet_shared,True,noop_all_resident,[],[],"[""base:family_a"",""adapter:helmet_shared""]","[""base:family_a"",""adapter:helmet_shared""]",False,True,False,0,0,6,6,6,False,True,,,135.00392055866752,unknown_not_identifiable_from_factual_ledger,noop_resident_set_no_new_admission
control_raw_critic_target,regression,mappo,7,regression_07,5,executed_action==4 AND service_completed==false AND progressed==false AND migration_success==false,unknown_not_recorded,0,rsu_2,rsu_0,helmet_shared,True,noop_all_resident,[],[],"[""base:family_a"",""adapter:helmet_shared""]","[""base:family_a"",""adapter:helmet_shared""]",False,True,False,0,0,6,6,6,False,True,,,133.00392055866752,unknown_not_identifiable_from_factual_ledger,noop_resident_set_no_new_admission
control_raw_critic_target,regression,mappo,7,regression_07,8,executed_action==4 AND service_completed==false AND progressed==false AND migration_success==false,unknown_not_recorded,0,rsu_1,rsu_2,alpr,False,contact_budget_exceeded,"[""adapter:alpr"",""base:family_a""]",[],[],[],False,False,False,0,0,10,10,23,False,True,,,124.1246425586675,unknown_not_identifiable_from_factual_ledger,rollback_or_rejection_no_resident_change
control_raw_critic_target,regression,mappo,7,regression_07,9,executed_action==4 AND service_completed==false AND progressed==false AND migration_success==false,unknown_not_recorded,0,rsu_1,rsu_2,alpr,False,contact_budget_exceeded,"[""adapter:alpr"",""base:family_a""]",[],[],[],False,False,False,0,0,10,10,23,False,True,,,122.1246425586675,unknown_not_identifiable_from_factual_ledger,rollback_or_rejection_no_resident_change
control_raw_critic_target,regression,mappo,7,regression_07,10,executed_action==4 AND service_completed==false AND progressed==false AND migration_success==false,unknown_not_recorded,0,rsu_2,rsu_0,alpr,True,committed,"[""adapter:alpr""]",[],"[""base:family_a"",""adapter:helmet_shared""]","[""base:family_a"",""adapter:helmet_shared"",""adapter:alpr""]",True,True,False,154423432,0,12,12,12,True,True,,,113.2165302786675,unknown_not_identifiable_from_factual_ledger,committed_warm_reused_no_observed_victim_cost
control_raw_critic_target,regression,mappo,7,regression_07,11,executed_action==4 AND service_completed==false AND progressed==false AND migration_success==false,unknown_not_recorded,0,rsu_2,rsu_0,alpr,True,noop_all_resident,[],[],"[""base:family_a"",""adapter:helmet_shared"",""adapter:alpr""]","[""base:family_a"",""adapter:helmet_shared"",""adapter:alpr""]",False,True,False,0,0,12,12,12,False,True,,,111.2165302786675,unknown_not_identifiable_from_factual_ledger,noop_resident_set_no_new_admission
control_raw_critic_target,regression,mappo,7,regression_07,14,executed_action==4 AND service_completed==false AND progressed==false AND migration_success==false,unknown_not_recorded,0,rsu_1,rsu_2,alpr,False,contact_budget_exceeded,"[""adapter:alpr"",""base:family_a""]",[],[],[],False,False,False,0,0,16,16,23,False,True,,,106.1707422786675,unknown_not_identifiable_from_factual_ledger,rollback_or_rejection_no_resident_change
control_raw_critic_target,regression,mappo,7,regression_07,15,executed_action==4 AND service_completed==false AND progressed==false AND migration_success==false,unknown_not_recorded,0,rsu_1,rsu_2,alpr,False,contact_budget_exceeded,"[""adapter:alpr"",""base:family_a""]",[],[],[],False,False,False,0,0,16,16,23,False,True,,,104.1707422786675,unknown_not_identifiable_from_factual_ledger,rollback_or_rejection_no_resident_change
control_raw_critic_target,regression,mappo,7,regression_07,16,executed_action==4 AND service_completed==false AND progressed==false AND migration_success==false,unknown_not_recorded,0,rsu_2,rsu_0,alpr,True,noop_all_resident,[],[],"[""base:family_a"",""adapter:helmet_shared"",""adapter:alpr""]","[""base:family_a"",""adapter:helmet_shared"",""adapter:alpr""]",False,True,False,0,0,18,18,18,False,True,,,102.1707422786675,unknown_not_identifiable_from_factual_ledger,noop_resident_set_no_new_admission
control_raw_critic_target,regression,mappo,7,regression_07,17,executed_action==4 AND service_completed==false AND progressed==false AND migration_success==false,unknown_not_recorded,0,rsu_2,rsu_0,alpr,True,noop_all_resident,[],[],"[""base:family_a"",""adapter:helmet_shared"",""adapter:alpr""]","[""base:family_a"",""adapter:helmet_shared"",""adapter:alpr""]",False,True,False,0,0,18,18,18,False,True,,,100.1707422786675,unknown_not_identifiable_from_factual_ledger,noop_resident_set_no_new_admission
control_raw_critic_target,regression,mappo,7,regression_07,20,executed_action==4 AND service_completed==false AND progressed==false AND migration_success==false,unknown_not_recorded,0,rsu_1,rsu_2,alpr,False,contact_budget_exceeded,"[""adapter:alpr"",""base:family_a""]",[],[],[],False,False,False,0,0,22,22,23,False,True,,,88.14064927866751,unknown_not_identifiable_from_factual_ledger,rollback_or_rejection_no_resident_change
control_raw_critic_target,regression,mappo,7,regression_07,21,executed_action==4 AND service_completed==false AND progressed==false AND migration_success==false,unknown_not_recorded,0,rsu_1,rsu_2,alpr,False,contact_budget_exceeded,"[""adapter:alpr"",""base:family_a""]",[],[],[],False,False,False,0,0,22,22,23,False,True,,,86.14064927866751,unknown_not_identifiable_from_factual_ledger,rollback_or_rejection_no_resident_change
control_raw_critic_target,regression,mappo,7,regression_08,2,executed_action==4 AND service_completed==false AND progressed==false AND migration_success==false,unknown_not_recorded,0,rsu_1,rsu_2,alpr,True,noop_all_resident,[],[],"[""base:family_a"",""adapter:alpr""]","[""base:family_a"",""adapter:alpr""]",False,True,False,0,0,4,4,4,False,False,,,66.44841897575141,unknown_not_identifiable_from_factual_ledger,noop_resident_set_no_new_admission
control_raw_critic_target,regression,mappo,7,regression_08,3,executed_action==4 AND service_completed==false AND progressed==false AND migration_success==false,unknown_not_recorded,0,rsu_1,rsu_2,alpr,True,noop_all_resident,[],[],"[""base:family_a"",""adapter:alpr""]","[""base:family_a"",""adapter:alpr""]",False,True,False,0,0,4,4,4,False,False,,,64.44841897575141,unknown_not_identifiable_from_factual_ledger,noop_resident_set_no_new_admission
control_raw_critic_target,regression,mappo,7,regression_08,6,executed_action==4 AND service_completed==false AND progressed==false AND migration_success==false,unknown_not_recorded,0,rsu_0,rsu_1,helmet_shared,True,noop_all_resident,[],[],"[""base:family_a"",""adapter:helmet_shared""]","[""base:family_a"",""adapter:helmet_shared""]",False,True,False,0,0,8,8,8,False,False,,,44.30850206716467,unknown_not_identifiable_from_factual_ledger,noop_resident_set_no_new_admission
control_raw_critic_target,regression,mappo,7,regression_08,7,executed_action==4 AND service_completed==false AND progressed==false AND migration_success==false,unknown_not_recorded,0,rsu_0,rsu_1,helmet_shared,True,noop_all_resident,[],[],"[""base:family_a"",""adapter:helmet_shared""]","[""base:family_a"",""adapter:helmet_shared""]",False,True,False,0,0,8,8,8,False,False,,,42.30850206716467,unknown_not_identifiable_from_factual_ledger,noop_resident_set_no_new_admission
control_raw_critic_target,regression,mappo,7,regression_08,9,executed_action==4 AND service_completed==false AND progressed==false AND migration_success==false,unknown_not_recorded,0,rsu_1,rsu_2,alpr,True,committed,"[""adapter:alpr""]","[""adapter:helmet_shared""]","[""base:family_a"",""adapter:helmet_shared""]","[""base:family_a"",""adapter:alpr""]",True,True,False,154423432,0,10,10,10,True,True,,,3.858888,unknown_not_identifiable_from_factual_ledger,committed_warm_reused_no_observed_victim_cost
control_raw_critic_target,regression,mappo,7,regression_10,2,executed_action==4 AND service_completed==false AND progressed==false AND migration_success==false,unknown_not_recorded,0,rsu_1,rsu_2,alpr,True,noop_all_resident,[],[],"[""base:family_a"",""adapter:alpr""]","[""base:family_a"",""adapter:alpr""]",False,True,False,0,0,4,4,4,False,True,,,112.82068301683535,unknown_not_identifiable_from_factual_ledger,noop_resident_set_no_new_admission
control_raw_critic_target,regression,mappo,7,regression_10,3,executed_action==4 AND service_completed==false AND progressed==false AND migration_success==false,unknown_not_recorded,0,rsu_1,rsu_2,alpr,True,noop_all_resident,[],[],"[""base:family_a"",""adapter:alpr""]","[""base:family_a"",""adapter:alpr""]",False,True,False,0,0,4,4,4,False,True,,,110.82068301683535,unknown_not_identifiable_from_factual_ledger,noop_resident_set_no_new_admission
control_raw_critic_target,regression,mappo,7,regression_10,6,executed_action==4 AND service_completed==false AND progressed==false AND migration_success==false,unknown_not_recorded,0,rsu_0,rsu_1,alpr,False,contact_budget_exceeded,"[""adapter:alpr"",""base:family_a""]","[""adapter:helmet_distinct"",""base:family_b""]","[""base:family_b"",""adapter:helmet_distinct""]","[""base:family_b"",""adapter:helmet_distinct""]",False,False,False,0,0,8,8,,False,False,,,72.17778361962651,unknown_not_identifiable_from_factual_ledger,rollback_or_rejection_no_resident_change
control_raw_critic_target,regression,mappo,7,regression_10,7,executed_action==4 AND service_completed==false AND progressed==false AND migration_success==false,unknown_not_recorded,0,rsu_0,rsu_1,alpr,False,contact_budget_exceeded,"[""adapter:alpr"",""base:family_a""]","[""adapter:helmet_distinct"",""base:family_b""]","[""base:family_b"",""adapter:helmet_distinct""]","[""base:family_b"",""adapter:helmet_distinct""]",False,False,False,0,0,8,8,,False,False,,,70.17778361962651,unknown_not_identifiable_from_factual_ledger,rollback_or_rejection_no_resident_change
control_raw_critic_target,regression,mappo,7,regression_11,1,executed_action==4 AND service_completed==false AND progressed==false AND migration_success==false,unknown_not_recorded,0,rsu_0,rsu_1,alpr,True,noop_all_resident,[],[],"[""base:family_a"",""adapter:alpr"",""base:family_b"",""adapter:helmet_distinct""]","[""base:family_a"",""adapter:alpr"",""base:family_b"",""adapter:helmet_distinct""]",False,True,False,0,0,2,2,2,False,True,,,60.486341416,unknown_not_identifiable_from_factual_ledger,noop_resident_set_no_new_admission
control_raw_critic_target,regression,mappo,7,regression_11,5,executed_action==4 AND service_completed==false AND progressed==false AND migration_success==false,unknown_not_recorded,0,rsu_2,rsu_0,helmet_distinct,True,noop_all_resident,[],[],"[""base:family_b"",""adapter:helmet_distinct""]","[""base:family_b"",""adapter:helmet_distinct""]",False,True,False,0,0,6,6,6,False,True,,,47.013005816,unknown_not_identifiable_from_factual_ledger,noop_resident_set_no_new_admission
control_raw_critic_target,regression,mappo,17,regression_00,2,executed_action==4 AND service_completed==false AND progressed==false AND migration_success==false,unknown_not_recorded,0,rsu_0,rsu_1,alpr,True,committed,"[""adapter:alpr""]","[""adapter:helmet_shared""]","[""base:family_a"",""adapter:helmet_shared""]","[""base:family_a"",""adapter:alpr""]",True,True,False,154423432,0,3,3,3,True,True,4,4,25.249362912,unknown_not_identifiable_from_factual_ledger,committed_warm_reused_with_observed_victim_cost
control_raw_critic_target,regression,mappo,17,regression_00,4,executed_action==4 AND service_completed==false AND progressed==false AND migration_success==false,unknown_not_recorded,0,rsu_1,rsu_2,helmet_shared,True,committed,"[""adapter:helmet_shared""]","[""adapter:alpr""]","[""base:family_a"",""adapter:alpr""]","[""base:family_a"",""adapter:helmet_shared""]",True,True,False,9641944,0,6,6,6,True,True,7,7,21.316315408,unknown_not_identifiable_from_factual_ledger,committed_warm_reused_with_observed_victim_cost
control_raw_critic_target,regression,mappo,17,regression_00,5,executed_action==4 AND service_completed==false AND progressed==false AND migration_success==false,unknown_not_recorded,0,rsu_1,rsu_2,helmet_shared,True,noop_all_resident,[],[],"[""base:family_a"",""adapter:helmet_shared""]","[""base:family_a"",""adapter:helmet_shared""]",False,True,False,0,0,6,6,6,False,True,,,19.316315408,unknown_not_identifiable_from_factual_ledger,noop_resident_set_no_new_admission
control_raw_critic_target,regression,mappo,17,regression_00,7,executed_action==4 AND service_completed==false AND progressed==false AND migration_success==false,unknown_not_recorded,0,rsu_2,rsu_0,alpr,True,committed,"[""adapter:alpr""]","[""adapter:helmet_shared""]","[""base:family_a"",""adapter:helmet_shared""]","[""base:family_a"",""adapter:alpr""]",True,True,False,154423432,0,9,9,9,True,True,,,11.518085,unknown_not_identifiable_from_factual_ledger,committed_warm_reused_no_observed_victim_cost
control_raw_critic_target,regression,mappo,17,regression_00,8,executed_action==4 AND service_completed==false AND progressed==false AND migration_success==false,unknown_not_recorded,0,rsu_2,rsu_0,alpr,True,noop_all_resident,[],[],"[""base:family_a"",""adapter:alpr""]","[""base:family_a"",""adapter:alpr""]",False,True,False,0,0,9,9,9,False,True,,,9.518085,unknown_not_identifiable_from_factual_ledger,noop_resident_set_no_new_admission
control_raw_critic_target,regression,mappo,17,regression_02,1,executed_action==4 AND service_completed==false AND progressed==false AND migration_success==false,unknown_not_recorded,0,rsu_0,rsu_1,alpr,False,contact_budget_exceeded,"[""adapter:alpr"",""base:family_a""]","[""adapter:helmet_distinct"",""base:family_b""]","[""base:family_b"",""adapter:helmet_distinct""]","[""base:family_b"",""adapter:helmet_distinct""]",False,False,False,0,0,3,3,,False,False,,,104.98248703432932,unknown_not_identifiable_from_factual_ledger,rollback_or_rejection_no_resident_change
control_raw_critic_target,regression,mappo,17,regression_02,2,executed_action==4 AND service_completed==false AND progressed==false AND migration_success==false,unknown_not_recorded,0,rsu_0,rsu_1,alpr,False,contact_budget_exceeded,"[""adapter:alpr"",""base:family_a""]","[""adapter:helmet_distinct"",""base:family_b""]","[""base:family_b"",""adapter:helmet_distinct""]","[""base:family_b"",""adapter:helmet_distinct""]",False,False,False,0,0,3,3,,False,False,,,102.98248703432932,unknown_not_identifiable_from_factual_ledger,rollback_or_rejection_no_resident_change
control_raw_critic_target,regression,mappo,17,regression_02,3,executed_action==4 AND service_completed==false AND progressed==false AND migration_success==false,unknown_not_recorded,0,rsu_1,rsu_2,alpr,True,noop_all_resident,[],[],"[""base:family_a"",""adapter:alpr""]","[""base:family_a"",""adapter:alpr""]",False,True,False,0,0,6,6,6,False,False,,,100.98248703432932,unknown_not_identifiable_from_factual_ledger,noop_resident_set_no_new_admission
control_raw_critic_target,regression,mappo,17,regression_02,4,executed_action==4 AND service_completed==false AND progressed==false AND migration_success==false,unknown_not_recorded,0,rsu_1,rsu_2,alpr,True,noop_all_resident,[],[],"[""base:family_a"",""adapter:alpr""]","[""base:family_a"",""adapter:alpr""]",False,True,False,0,0,6,6,6,False,False,,,98.98248703432932,unknown_not_identifiable_from_factual_ledger,noop_resident_set_no_new_admission
control_raw_critic_target,regression,mappo,17,regression_02,5,executed_action==4 AND service_completed==false AND progressed==false AND migration_success==false,unknown_not_recorded,0,rsu_1,rsu_2,alpr,True,noop_all_resident,[],[],"[""base:family_a"",""adapter:alpr""]","[""base:family_a"",""adapter:alpr""]",False,True,False,0,0,6,6,6,False,False,,,96.98248703432932,unknown_not_identifiable_from_factual_ledger,noop_resident_set_no_new_admission
control_raw_critic_target,regression,mappo,17,regression_02,9,executed_action==4 AND service_completed==false AND progressed==false AND migration_success==false,unknown_not_recorded,0,rsu_0,rsu_1,helmet_distinct,True,noop_all_resident,[],[],"[""base:family_b"",""adapter:helmet_distinct""]","[""base:family_b"",""adapter:helmet_distinct""]",False,True,False,0,0,12,12,12,False,True,,,67.637313692747,unknown_not_identifiable_from_factual_ledger,noop_resident_set_no_new_admission
control_raw_critic_target,regression,mappo,17,regression_02,10,executed_action==4 AND service_completed==false AND progressed==false AND migration_success==false,unknown_not_recorded,0,rsu_0,rsu_1,helmet_distinct,True,noop_all_resident,[],[],"[""base:family_b"",""adapter:helmet_distinct""]","[""base:family_b"",""adapter:helmet_distinct""]",False,True,False,0,0,12,12,12,False,True,,,65.637313692747,unknown_not_identifiable_from_factual_ledger,noop_resident_set_no_new_admission
control_raw_critic_target,regression,mappo,17,regression_02,11,executed_action==4 AND service_completed==false AND progressed==false AND migration_success==false,unknown_not_recorded,0,rsu_0,rsu_1,helmet_distinct,True,noop_all_resident,[],[],"[""base:family_b"",""adapter:helmet_distinct""]","[""base:family_b"",""adapter:helmet_distinct""]",False,True,False,0,0,12,12,12,False,True,,,63.637313692747,unknown_not_identifiable_from_factual_ledger,noop_resident_set_no_new_admission
control_raw_critic_target,regression,mappo,17,regression_03,4,executed_action==4 AND service_completed==false AND progressed==false AND migration_success==false,unknown_not_recorded,0,rsu_0,rsu_1,alpr,True,noop_all_resident,[],[],"[""base:family_a"",""adapter:alpr"",""base:family_b"",""adapter:helmet_distinct""]","[""base:family_a"",""adapter:alpr"",""base:family_b"",""adapter:helmet_distinct""]",False,True,False,0,0,5,5,5,False,True,,,29.926881159999997,unknown_not_identifiable_from_factual_ledger,noop_resident_set_no_new_admission
control_raw_critic_target,regression,mappo,17,regression_05,0,executed_action==4 AND service_completed==false AND progressed==false AND migration_success==false,unknown_not_recorded,0,rsu_0,rsu_1,helmet_shared,True,committed,"[""adapter:helmet_shared""]",[],"[""adapter:alpr"",""base:family_a""]","[""adapter:alpr"",""base:family_a"",""adapter:helmet_shared""]",True,True,False,9641944,0,2,2,2,True,False,,,22.055066472,unknown_not_identifiable_from_factual_ledger,committed_warm_reused_no_observed_victim_cost
control_raw_critic_target,regression,mappo,17,regression_05,1,executed_action==4 AND service_completed==false AND progressed==false AND migration_success==false,unknown_not_recorded,0,rsu_0,rsu_1,helmet_shared,True,noop_all_resident,[],[],"[""adapter:alpr"",""base:family_a"",""adapter:helmet_shared""]","[""adapter:alpr"",""base:family_a"",""adapter:helmet_shared""]",False,True,False,0,0,2,2,2,False,False,,,20.055066472,unknown_not_identifiable_from_factual_ledger,noop_resident_set_no_new_admission
control_raw_critic_target,regression,mappo,17,regression_07,2,executed_action==4 AND service_completed==false AND progressed==false AND migration_success==false,unknown_not_recorded,0,rsu_1,rsu_2,helmet_shared,False,contact_budget_exceeded,"[""adapter:helmet_shared"",""base:family_a""]",[],[],[],False,False,False,0,0,4,4,,False,False,,,139.00392055866752,unknown_not_identifiable_from_factual_ledger,rollback_or_rejection_no_resident_change
control_raw_critic_target,regression,mappo,17,regression_07,3,executed_action==4 AND service_completed==false AND progressed==false AND migration_success==false,unknown_not_recorded,0,rsu_1,rsu_2,helmet_shared,False,contact_budget_exceeded,"[""adapter:helmet_shared"",""base:family_a""]",[],[],[],False,False,False,0,0,4,4,,False,False,,,137.00392055866752,unknown_not_identifiable_from_factual_ledger,rollback_or_rejection_no_resident_change
control_raw_critic_target,regression,mappo,17,regression_07,4,executed_action==4 AND service_completed==false AND progressed==false AND migration_success==false,unknown_not_recorded,0,rsu_2,rsu_0,helmet_shared,True,noop_all_resident,[],[],"[""base:family_a"",""adapter:helmet_shared""]","[""base:family_a"",""adapter:helmet_shared""]",False,True,False,0,0,6,6,6,False,True,,,135.00392055866752,unknown_not_identifiable_from_factual_ledger,noop_resident_set_no_new_admission
control_raw_critic_target,regression,mappo,17,regression_07,5,executed_action==4 AND service_completed==false AND progressed==false AND migration_success==false,unknown_not_recorded,0,rsu_2,rsu_0,helmet_shared,True,noop_all_resident,[],[],"[""base:family_a"",""adapter:helmet_shared""]","[""base:family_a"",""adapter:helmet_shared""]",False,True,False,0,0,6,6,6,False,True,,,133.00392055866752,unknown_not_identifiable_from_factual_ledger,noop_resident_set_no_new_admission
control_raw_critic_target,regression,mappo,17,regression_07,8,executed_action==4 AND service_completed==false AND progressed==false AND migration_success==false,unknown_not_recorded,0,rsu_1,rsu_2,alpr,False,contact_budget_exceeded,"[""adapter:alpr"",""base:family_a""]",[],[],[],False,False,False,0,0,10,10,23,False,True,,,124.1246425586675,unknown_not_identifiable_from_factual_ledger,rollback_or_rejection_no_resident_change
control_raw_critic_target,regression,mappo,17,regression_07,9,executed_action==4 AND service_completed==false AND progressed==false AND migration_success==false,unknown_not_recorded,0,rsu_1,rsu_2,alpr,False,contact_budget_exceeded,"[""adapter:alpr"",""base:family_a""]",[],[],[],False,False,False,0,0,10,10,23,False,True,,,122.1246425586675,unknown_not_identifiable_from_factual_ledger,rollback_or_rejection_no_resident_change
control_raw_critic_target,regression,mappo,17,regression_07,10,executed_action==4 AND service_completed==false AND progressed==false AND migration_success==false,unknown_not_recorded,0,rsu_2,rsu_0,alpr,True,committed,"[""adapter:alpr""]",[],"[""base:family_a"",""adapter:helmet_shared""]","[""base:family_a"",""adapter:helmet_shared"",""adapter:alpr""]",True,True,False,154423432,0,12,12,12,True,True,,,113.2165302786675,unknown_not_identifiable_from_factual_ledger,committed_warm_reused_no_observed_victim_cost
control_raw_critic_target,regression,mappo,17,regression_07,11,executed_action==4 AND service_completed==false AND progressed==false AND migration_success==false,unknown_not_recorded,0,rsu_2,rsu_0,alpr,True,noop_all_resident,[],[],"[""base:family_a"",""adapter:helmet_shared"",""adapter:alpr""]","[""base:family_a"",""adapter:helmet_shared"",""adapter:alpr""]",False,True,False,0,0,12,12,12,False,True,,,111.2165302786675,unknown_not_identifiable_from_factual_ledger,noop_resident_set_no_new_admission
control_raw_critic_target,regression,mappo,17,regression_07,14,executed_action==4 AND service_completed==false AND progressed==false AND migration_success==false,unknown_not_recorded,0,rsu_1,rsu_2,alpr,False,contact_budget_exceeded,"[""adapter:alpr"",""base:family_a""]",[],[],[],False,False,False,0,0,16,16,23,False,True,,,106.1707422786675,unknown_not_identifiable_from_factual_ledger,rollback_or_rejection_no_resident_change
control_raw_critic_target,regression,mappo,17,regression_07,15,executed_action==4 AND service_completed==false AND progressed==false AND migration_success==false,unknown_not_recorded,0,rsu_1,rsu_2,alpr,False,contact_budget_exceeded,"[""adapter:alpr"",""base:family_a""]",[],[],[],False,False,False,0,0,16,16,23,False,True,,,104.1707422786675,unknown_not_identifiable_from_factual_ledger,rollback_or_rejection_no_resident_change
control_raw_critic_target,regression,mappo,17,regression_07,16,executed_action==4 AND service_completed==false AND progressed==false AND migration_success==false,unknown_not_recorded,0,rsu_2,rsu_0,alpr,True,noop_all_resident,[],[],"[""base:family_a"",""adapter:helmet_shared"",""adapter:alpr""]","[""base:family_a"",""adapter:helmet_shared"",""adapter:alpr""]",False,True,False,0,0,18,18,18,False,True,,,102.1707422786675,unknown_not_identifiable_from_factual_ledger,noop_resident_set_no_new_admission
control_raw_critic_target,regression,mappo,17,regression_07,17,executed_action==4 AND service_completed==false AND progressed==false AND migration_success==false,unknown_not_recorded,0,rsu_2,rsu_0,alpr,True,noop_all_resident,[],[],"[""base:family_a"",""adapter:helmet_shared"",""adapter:alpr""]","[""base:family_a"",""adapter:helmet_shared"",""adapter:alpr""]",False,True,False,0,0,18,18,18,False,True,,,100.1707422786675,unknown_not_identifiable_from_factual_ledger,noop_resident_set_no_new_admission
control_raw_critic_target,regression,mappo,17,regression_07,20,executed_action==4 AND service_completed==false AND progressed==false AND migration_success==false,unknown_not_recorded,0,rsu_1,rsu_2,alpr,False,contact_budget_exceeded,"[""adapter:alpr"",""base:family_a""]",[],[],[],False,False,False,0,0,22,22,23,False,True,,,88.14064927866751,unknown_not_identifiable_from_factual_ledger,rollback_or_rejection_no_resident_change
control_raw_critic_target,regression,mappo,17,regression_07,21,executed_action==4 AND service_completed==false AND progressed==false AND migration_success==false,unknown_not_recorded,0,rsu_1,rsu_2,alpr,False,contact_budget_exceeded,"[""adapter:alpr"",""base:family_a""]",[],[],[],False,False,False,0,0,22,22,23,False,True,,,86.14064927866751,unknown_not_identifiable_from_factual_ledger,rollback_or_rejection_no_resident_change
control_raw_critic_target,regression,mappo,17,regression_08,2,executed_action==4 AND service_completed==false AND progressed==false AND migration_success==false,unknown_not_recorded,0,rsu_1,rsu_2,alpr,True,noop_all_resident,[],[],"[""base:family_a"",""adapter:alpr""]","[""base:family_a"",""adapter:alpr""]",False,True,False,0,0,4,4,4,False,False,,,66.44841897575141,unknown_not_identifiable_from_factual_ledger,noop_resident_set_no_new_admission
control_raw_critic_target,regression,mappo,17,regression_08,3,executed_action==4 AND service_completed==false AND progressed==false AND migration_success==false,unknown_not_recorded,0,rsu_1,rsu_2,alpr,True,noop_all_resident,[],[],"[""base:family_a"",""adapter:alpr""]","[""base:family_a"",""adapter:alpr""]",False,True,False,0,0,4,4,4,False,False,,,64.44841897575141,unknown_not_identifiable_from_factual_ledger,noop_resident_set_no_new_admission
control_raw_critic_target,regression,mappo,17,regression_08,6,executed_action==4 AND service_completed==false AND progressed==false AND migration_success==false,unknown_not_recorded,0,rsu_0,rsu_1,helmet_shared,True,noop_all_resident,[],[],"[""base:family_a"",""adapter:helmet_shared""]","[""base:family_a"",""adapter:helmet_shared""]",False,True,False,0,0,8,8,8,False,False,,,44.30850206716467,unknown_not_identifiable_from_factual_ledger,noop_resident_set_no_new_admission
control_raw_critic_target,regression,mappo,17,regression_08,7,executed_action==4 AND service_completed==false AND progressed==false AND migration_success==false,unknown_not_recorded,0,rsu_0,rsu_1,helmet_shared,True,noop_all_resident,[],[],"[""base:family_a"",""adapter:helmet_shared""]","[""base:family_a"",""adapter:helmet_shared""]",False,True,False,0,0,8,8,8,False,False,,,42.30850206716467,unknown_not_identifiable_from_factual_ledger,noop_resident_set_no_new_admission
control_raw_critic_target,regression,mappo,17,regression_08,9,executed_action==4 AND service_completed==false AND progressed==false AND migration_success==false,unknown_not_recorded,0,rsu_1,rsu_2,alpr,True,committed,"[""adapter:alpr""]","[""adapter:helmet_shared""]","[""base:family_a"",""adapter:helmet_shared""]","[""base:family_a"",""adapter:alpr""]",True,True,False,154423432,0,10,10,10,True,True,,,3.858888,unknown_not_identifiable_from_factual_ledger,committed_warm_reused_no_observed_victim_cost
control_raw_critic_target,regression,mappo,17,regression_10,2,executed_action==4 AND service_completed==false AND progressed==false AND migration_success==false,unknown_not_recorded,0,rsu_1,rsu_2,alpr,True,noop_all_resident,[],[],"[""base:family_a"",""adapter:alpr""]","[""base:family_a"",""adapter:alpr""]",False,True,False,0,0,4,4,4,False,True,,,112.82068301683535,unknown_not_identifiable_from_factual_ledger,noop_resident_set_no_new_admission
control_raw_critic_target,regression,mappo,17,regression_10,3,executed_action==4 AND service_completed==false AND progressed==false AND migration_success==false,unknown_not_recorded,0,rsu_1,rsu_2,alpr,True,noop_all_resident,[],[],"[""base:family_a"",""adapter:alpr""]","[""base:family_a"",""adapter:alpr""]",False,True,False,0,0,4,4,4,False,True,,,110.82068301683535,unknown_not_identifiable_from_factual_ledger,noop_resident_set_no_new_admission
control_raw_critic_target,regression,mappo,17,regression_10,6,executed_action==4 AND service_completed==false AND progressed==false AND migration_success==false,unknown_not_recorded,0,rsu_0,rsu_1,alpr,False,contact_budget_exceeded,"[""adapter:alpr"",""base:family_a""]","[""adapter:helmet_distinct"",""base:family_b""]","[""base:family_b"",""adapter:helmet_distinct""]","[""base:family_b"",""adapter:helmet_distinct""]",False,False,False,0,0,8,8,,False,False,,,72.17778361962651,unknown_not_identifiable_from_factual_ledger,rollback_or_rejection_no_resident_change
control_raw_critic_target,regression,mappo,17,regression_10,7,executed_action==4 AND service_completed==false AND progressed==false AND migration_success==false,unknown_not_recorded,0,rsu_0,rsu_1,alpr,False,contact_budget_exceeded,"[""adapter:alpr"",""base:family_a""]","[""adapter:helmet_distinct"",""base:family_b""]","[""base:family_b"",""adapter:helmet_distinct""]","[""base:family_b"",""adapter:helmet_distinct""]",False,False,False,0,0,8,8,,False,False,,,70.17778361962651,unknown_not_identifiable_from_factual_ledger,rollback_or_rejection_no_resident_change
control_raw_critic_target,regression,mappo,17,regression_11,1,executed_action==4 AND service_completed==false AND progressed==false AND migration_success==false,unknown_not_recorded,0,rsu_0,rsu_1,alpr,True,noop_all_resident,[],[],"[""base:family_a"",""adapter:alpr"",""base:family_b"",""adapter:helmet_distinct""]","[""base:family_a"",""adapter:alpr"",""base:family_b"",""adapter:helmet_distinct""]",False,True,False,0,0,2,2,2,False,True,,,60.486341416,unknown_not_identifiable_from_factual_ledger,noop_resident_set_no_new_admission
control_raw_critic_target,regression,mappo,17,regression_11,5,executed_action==4 AND service_completed==false AND progressed==false AND migration_success==false,unknown_not_recorded,0,rsu_2,rsu_0,helmet_distinct,True,noop_all_resident,[],[],"[""base:family_b"",""adapter:helmet_distinct""]","[""base:family_b"",""adapter:helmet_distinct""]",False,True,False,0,0,6,6,6,False,True,,,47.013005816,unknown_not_identifiable_from_factual_ledger,noop_resident_set_no_new_admission
control_raw_critic_target,regression,mappo,29,regression_00,2,executed_action==4 AND service_completed==false AND progressed==false AND migration_success==false,unknown_not_recorded,0,rsu_0,rsu_1,alpr,True,committed,"[""adapter:alpr""]","[""adapter:helmet_shared""]","[""base:family_a"",""adapter:helmet_shared""]","[""base:family_a"",""adapter:alpr""]",True,True,False,154423432,0,3,3,3,True,True,4,4,25.249362912,unknown_not_identifiable_from_factual_ledger,committed_warm_reused_with_observed_victim_cost
control_raw_critic_target,regression,mappo,29,regression_00,4,executed_action==4 AND service_completed==false AND progressed==false AND migration_success==false,unknown_not_recorded,0,rsu_1,rsu_2,helmet_shared,True,committed,"[""adapter:helmet_shared""]","[""adapter:alpr""]","[""base:family_a"",""adapter:alpr""]","[""base:family_a"",""adapter:helmet_shared""]",True,True,False,9641944,0,6,6,6,True,True,7,7,21.316315408,unknown_not_identifiable_from_factual_ledger,committed_warm_reused_with_observed_victim_cost
control_raw_critic_target,regression,mappo,29,regression_00,5,executed_action==4 AND service_completed==false AND progressed==false AND migration_success==false,unknown_not_recorded,0,rsu_1,rsu_2,helmet_shared,True,noop_all_resident,[],[],"[""base:family_a"",""adapter:helmet_shared""]","[""base:family_a"",""adapter:helmet_shared""]",False,True,False,0,0,6,6,6,False,True,,,19.316315408,unknown_not_identifiable_from_factual_ledger,noop_resident_set_no_new_admission
control_raw_critic_target,regression,mappo,29,regression_00,7,executed_action==4 AND service_completed==false AND progressed==false AND migration_success==false,unknown_not_recorded,0,rsu_2,rsu_0,alpr,True,committed,"[""adapter:alpr""]","[""adapter:helmet_shared""]","[""base:family_a"",""adapter:helmet_shared""]","[""base:family_a"",""adapter:alpr""]",True,True,False,154423432,0,9,9,9,True,True,,,11.518085,unknown_not_identifiable_from_factual_ledger,committed_warm_reused_no_observed_victim_cost
control_raw_critic_target,regression,mappo,29,regression_00,8,executed_action==4 AND service_completed==false AND progressed==false AND migration_success==false,unknown_not_recorded,0,rsu_2,rsu_0,alpr,True,noop_all_resident,[],[],"[""base:family_a"",""adapter:alpr""]","[""base:family_a"",""adapter:alpr""]",False,True,False,0,0,9,9,9,False,True,,,9.518085,unknown_not_identifiable_from_factual_ledger,noop_resident_set_no_new_admission
control_raw_critic_target,regression,mappo,29,regression_02,1,executed_action==4 AND service_completed==false AND progressed==false AND migration_success==false,unknown_not_recorded,0,rsu_0,rsu_1,alpr,False,contact_budget_exceeded,"[""adapter:alpr"",""base:family_a""]","[""adapter:helmet_distinct"",""base:family_b""]","[""base:family_b"",""adapter:helmet_distinct""]","[""base:family_b"",""adapter:helmet_distinct""]",False,False,False,0,0,3,3,,False,False,,,104.98248703432932,unknown_not_identifiable_from_factual_ledger,rollback_or_rejection_no_resident_change
control_raw_critic_target,regression,mappo,29,regression_02,2,executed_action==4 AND service_completed==false AND progressed==false AND migration_success==false,unknown_not_recorded,0,rsu_0,rsu_1,alpr,False,contact_budget_exceeded,"[""adapter:alpr"",""base:family_a""]","[""adapter:helmet_distinct"",""base:family_b""]","[""base:family_b"",""adapter:helmet_distinct""]","[""base:family_b"",""adapter:helmet_distinct""]",False,False,False,0,0,3,3,,False,False,,,102.98248703432932,unknown_not_identifiable_from_factual_ledger,rollback_or_rejection_no_resident_change
control_raw_critic_target,regression,mappo,29,regression_02,3,executed_action==4 AND service_completed==false AND progressed==false AND migration_success==false,unknown_not_recorded,0,rsu_1,rsu_2,alpr,True,noop_all_resident,[],[],"[""base:family_a"",""adapter:alpr""]","[""base:family_a"",""adapter:alpr""]",False,True,False,0,0,6,6,6,False,False,,,100.98248703432932,unknown_not_identifiable_from_factual_ledger,noop_resident_set_no_new_admission
control_raw_critic_target,regression,mappo,29,regression_02,4,executed_action==4 AND service_completed==false AND progressed==false AND migration_success==false,unknown_not_recorded,0,rsu_1,rsu_2,alpr,True,noop_all_resident,[],[],"[""base:family_a"",""adapter:alpr""]","[""base:family_a"",""adapter:alpr""]",False,True,False,0,0,6,6,6,False,False,,,98.98248703432932,unknown_not_identifiable_from_factual_ledger,noop_resident_set_no_new_admission
control_raw_critic_target,regression,mappo,29,regression_02,5,executed_action==4 AND service_completed==false AND progressed==false AND migration_success==false,unknown_not_recorded,0,rsu_1,rsu_2,alpr,True,noop_all_resident,[],[],"[""base:family_a"",""adapter:alpr""]","[""base:family_a"",""adapter:alpr""]",False,True,False,0,0,6,6,6,False,False,,,96.98248703432932,unknown_not_identifiable_from_factual_ledger,noop_resident_set_no_new_admission
control_raw_critic_target,regression,mappo,29,regression_02,9,executed_action==4 AND service_completed==false AND progressed==false AND migration_success==false,unknown_not_recorded,0,rsu_0,rsu_1,helmet_distinct,True,noop_all_resident,[],[],"[""base:family_b"",""adapter:helmet_distinct""]","[""base:family_b"",""adapter:helmet_distinct""]",False,True,False,0,0,12,12,12,False,True,,,67.637313692747,unknown_not_identifiable_from_factual_ledger,noop_resident_set_no_new_admission
control_raw_critic_target,regression,mappo,29,regression_02,10,executed_action==4 AND service_completed==false AND progressed==false AND migration_success==false,unknown_not_recorded,0,rsu_0,rsu_1,helmet_distinct,True,noop_all_resident,[],[],"[""base:family_b"",""adapter:helmet_distinct""]","[""base:family_b"",""adapter:helmet_distinct""]",False,True,False,0,0,12,12,12,False,True,,,65.637313692747,unknown_not_identifiable_from_factual_ledger,noop_resident_set_no_new_admission
control_raw_critic_target,regression,mappo,29,regression_02,11,executed_action==4 AND service_completed==false AND progressed==false AND migration_success==false,unknown_not_recorded,0,rsu_0,rsu_1,helmet_distinct,True,noop_all_resident,[],[],"[""base:family_b"",""adapter:helmet_distinct""]","[""base:family_b"",""adapter:helmet_distinct""]",False,True,False,0,0,12,12,12,False,True,,,63.637313692747,unknown_not_identifiable_from_factual_ledger,noop_resident_set_no_new_admission
control_raw_critic_target,regression,mappo,29,regression_03,4,executed_action==4 AND service_completed==false AND progressed==false AND migration_success==false,unknown_not_recorded,0,rsu_0,rsu_1,alpr,True,noop_all_resident,[],[],"[""base:family_a"",""adapter:alpr"",""base:family_b"",""adapter:helmet_distinct""]","[""base:family_a"",""adapter:alpr"",""base:family_b"",""adapter:helmet_distinct""]",False,True,False,0,0,5,5,5,False,True,,,29.926881159999997,unknown_not_identifiable_from_factual_ledger,noop_resident_set_no_new_admission
control_raw_critic_target,regression,mappo,29,regression_05,0,executed_action==4 AND service_completed==false AND progressed==false AND migration_success==false,unknown_not_recorded,0,rsu_0,rsu_1,helmet_shared,True,committed,"[""adapter:helmet_shared""]",[],"[""adapter:alpr"",""base:family_a""]","[""adapter:alpr"",""base:family_a"",""adapter:helmet_shared""]",True,True,False,9641944,0,2,2,2,True,False,,,22.055066472,unknown_not_identifiable_from_factual_ledger,committed_warm_reused_no_observed_victim_cost
control_raw_critic_target,regression,mappo,29,regression_05,1,executed_action==4 AND service_completed==false AND progressed==false AND migration_success==false,unknown_not_recorded,0,rsu_0,rsu_1,helmet_shared,True,noop_all_resident,[],[],"[""adapter:alpr"",""base:family_a"",""adapter:helmet_shared""]","[""adapter:alpr"",""base:family_a"",""adapter:helmet_shared""]",False,True,False,0,0,2,2,2,False,False,,,20.055066472,unknown_not_identifiable_from_factual_ledger,noop_resident_set_no_new_admission
control_raw_critic_target,regression,mappo,29,regression_07,2,executed_action==4 AND service_completed==false AND progressed==false AND migration_success==false,unknown_not_recorded,0,rsu_1,rsu_2,helmet_shared,False,contact_budget_exceeded,"[""adapter:helmet_shared"",""base:family_a""]",[],[],[],False,False,False,0,0,4,4,,False,False,,,139.00392055866752,unknown_not_identifiable_from_factual_ledger,rollback_or_rejection_no_resident_change
control_raw_critic_target,regression,mappo,29,regression_07,3,executed_action==4 AND service_completed==false AND progressed==false AND migration_success==false,unknown_not_recorded,0,rsu_1,rsu_2,helmet_shared,False,contact_budget_exceeded,"[""adapter:helmet_shared"",""base:family_a""]",[],[],[],False,False,False,0,0,4,4,,False,False,,,137.00392055866752,unknown_not_identifiable_from_factual_ledger,rollback_or_rejection_no_resident_change
control_raw_critic_target,regression,mappo,29,regression_07,4,executed_action==4 AND service_completed==false AND progressed==false AND migration_success==false,unknown_not_recorded,0,rsu_2,rsu_0,helmet_shared,True,noop_all_resident,[],[],"[""base:family_a"",""adapter:helmet_shared""]","[""base:family_a"",""adapter:helmet_shared""]",False,True,False,0,0,6,6,6,False,True,,,135.00392055866752,unknown_not_identifiable_from_factual_ledger,noop_resident_set_no_new_admission
control_raw_critic_target,regression,mappo,29,regression_07,5,executed_action==4 AND service_completed==false AND progressed==false AND migration_success==false,unknown_not_recorded,0,rsu_2,rsu_0,helmet_shared,True,noop_all_resident,[],[],"[""base:family_a"",""adapter:helmet_shared""]","[""base:family_a"",""adapter:helmet_shared""]",False,True,False,0,0,6,6,6,False,True,,,133.00392055866752,unknown_not_identifiable_from_factual_ledger,noop_resident_set_no_new_admission
control_raw_critic_target,regression,mappo,29,regression_07,8,executed_action==4 AND service_completed==false AND progressed==false AND migration_success==false,unknown_not_recorded,0,rsu_1,rsu_2,alpr,False,contact_budget_exceeded,"[""adapter:alpr"",""base:family_a""]",[],[],[],False,False,False,0,0,10,10,23,False,True,,,124.1246425586675,unknown_not_identifiable_from_factual_ledger,rollback_or_rejection_no_resident_change
control_raw_critic_target,regression,mappo,29,regression_07,9,executed_action==4 AND service_completed==false AND progressed==false AND migration_success==false,unknown_not_recorded,0,rsu_1,rsu_2,alpr,False,contact_budget_exceeded,"[""adapter:alpr"",""base:family_a""]",[],[],[],False,False,False,0,0,10,10,23,False,True,,,122.1246425586675,unknown_not_identifiable_from_factual_ledger,rollback_or_rejection_no_resident_change
control_raw_critic_target,regression,mappo,29,regression_07,10,executed_action==4 AND service_completed==false AND progressed==false AND migration_success==false,unknown_not_recorded,0,rsu_2,rsu_0,alpr,True,committed,"[""adapter:alpr""]",[],"[""base:family_a"",""adapter:helmet_shared""]","[""base:family_a"",""adapter:helmet_shared"",""adapter:alpr""]",True,True,False,154423432,0,12,12,12,True,True,,,113.2165302786675,unknown_not_identifiable_from_factual_ledger,committed_warm_reused_no_observed_victim_cost
control_raw_critic_target,regression,mappo,29,regression_07,11,executed_action==4 AND service_completed==false AND progressed==false AND migration_success==false,unknown_not_recorded,0,rsu_2,rsu_0,alpr,True,noop_all_resident,[],[],"[""base:family_a"",""adapter:helmet_shared"",""adapter:alpr""]","[""base:family_a"",""adapter:helmet_shared"",""adapter:alpr""]",False,True,False,0,0,12,12,12,False,True,,,111.2165302786675,unknown_not_identifiable_from_factual_ledger,noop_resident_set_no_new_admission
control_raw_critic_target,regression,mappo,29,regression_07,14,executed_action==4 AND service_completed==false AND progressed==false AND migration_success==false,unknown_not_recorded,0,rsu_1,rsu_2,alpr,False,contact_budget_exceeded,"[""adapter:alpr"",""base:family_a""]",[],[],[],False,False,False,0,0,16,16,23,False,True,,,106.1707422786675,unknown_not_identifiable_from_factual_ledger,rollback_or_rejection_no_resident_change
control_raw_critic_target,regression,mappo,29,regression_07,15,executed_action==4 AND service_completed==false AND progressed==false AND migration_success==false,unknown_not_recorded,0,rsu_1,rsu_2,alpr,False,contact_budget_exceeded,"[""adapter:alpr"",""base:family_a""]",[],[],[],False,False,False,0,0,16,16,23,False,True,,,104.1707422786675,unknown_not_identifiable_from_factual_ledger,rollback_or_rejection_no_resident_change
control_raw_critic_target,regression,mappo,29,regression_07,16,executed_action==4 AND service_completed==false AND progressed==false AND migration_success==false,unknown_not_recorded,0,rsu_2,rsu_0,alpr,True,noop_all_resident,[],[],"[""base:family_a"",""adapter:helmet_shared"",""adapter:alpr""]","[""base:family_a"",""adapter:helmet_shared"",""adapter:alpr""]",False,True,False,0,0,18,18,18,False,True,,,102.1707422786675,unknown_not_identifiable_from_factual_ledger,noop_resident_set_no_new_admission
control_raw_critic_target,regression,mappo,29,regression_07,17,executed_action==4 AND service_completed==false AND progressed==false AND migration_success==false,unknown_not_recorded,0,rsu_2,rsu_0,alpr,True,noop_all_resident,[],[],"[""base:family_a"",""adapter:helmet_shared"",""adapter:alpr""]","[""base:family_a"",""adapter:helmet_shared"",""adapter:alpr""]",False,True,False,0,0,18,18,18,False,True,,,100.1707422786675,unknown_not_identifiable_from_factual_ledger,noop_resident_set_no_new_admission
control_raw_critic_target,regression,mappo,29,regression_07,20,executed_action==4 AND service_completed==false AND progressed==false AND migration_success==false,unknown_not_recorded,0,rsu_1,rsu_2,alpr,False,contact_budget_exceeded,"[""adapter:alpr"",""base:family_a""]",[],[],[],False,False,False,0,0,22,22,23,False,True,,,88.14064927866751,unknown_not_identifiable_from_factual_ledger,rollback_or_rejection_no_resident_change
control_raw_critic_target,regression,mappo,29,regression_07,21,executed_action==4 AND service_completed==false AND progressed==false AND migration_success==false,unknown_not_recorded,0,rsu_1,rsu_2,alpr,False,contact_budget_exceeded,"[""adapter:alpr"",""base:family_a""]",[],[],[],False,False,False,0,0,22,22,23,False,True,,,86.14064927866751,unknown_not_identifiable_from_factual_ledger,rollback_or_rejection_no_resident_change
control_raw_critic_target,regression,mappo,29,regression_08,2,executed_action==4 AND service_completed==false AND progressed==false AND migration_success==false,unknown_not_recorded,0,rsu_1,rsu_2,alpr,True,noop_all_resident,[],[],"[""base:family_a"",""adapter:alpr""]","[""base:family_a"",""adapter:alpr""]",False,True,False,0,0,4,4,4,False,False,,,66.44841897575141,unknown_not_identifiable_from_factual_ledger,noop_resident_set_no_new_admission
control_raw_critic_target,regression,mappo,29,regression_08,3,executed_action==4 AND service_completed==false AND progressed==false AND migration_success==false,unknown_not_recorded,0,rsu_1,rsu_2,alpr,True,noop_all_resident,[],[],"[""base:family_a"",""adapter:alpr""]","[""base:family_a"",""adapter:alpr""]",False,True,False,0,0,4,4,4,False,False,,,64.44841897575141,unknown_not_identifiable_from_factual_ledger,noop_resident_set_no_new_admission
control_raw_critic_target,regression,mappo,29,regression_08,6,executed_action==4 AND service_completed==false AND progressed==false AND migration_success==false,unknown_not_recorded,0,rsu_0,rsu_1,helmet_shared,True,noop_all_resident,[],[],"[""base:family_a"",""adapter:helmet_shared""]","[""base:family_a"",""adapter:helmet_shared""]",False,True,False,0,0,8,8,8,False,False,,,44.30850206716467,unknown_not_identifiable_from_factual_ledger,noop_resident_set_no_new_admission
control_raw_critic_target,regression,mappo,29,regression_08,7,executed_action==4 AND service_completed==false AND progressed==false AND migration_success==false,unknown_not_recorded,0,rsu_0,rsu_1,helmet_shared,True,noop_all_resident,[],[],"[""base:family_a"",""adapter:helmet_shared""]","[""base:family_a"",""adapter:helmet_shared""]",False,True,False,0,0,8,8,8,False,False,,,42.30850206716467,unknown_not_identifiable_from_factual_ledger,noop_resident_set_no_new_admission
control_raw_critic_target,regression,mappo,29,regression_08,9,executed_action==4 AND service_completed==false AND progressed==false AND migration_success==false,unknown_not_recorded,0,rsu_1,rsu_2,alpr,True,committed,"[""adapter:alpr""]","[""adapter:helmet_shared""]","[""base:family_a"",""adapter:helmet_shared""]","[""base:family_a"",""adapter:alpr""]",True,True,False,154423432,0,10,10,10,True,True,,,3.858888,unknown_not_identifiable_from_factual_ledger,committed_warm_reused_no_observed_victim_cost
control_raw_critic_target,regression,mappo,29,regression_10,2,executed_action==4 AND service_completed==false AND progressed==false AND migration_success==false,unknown_not_recorded,0,rsu_1,rsu_2,alpr,True,noop_all_resident,[],[],"[""base:family_a"",""adapter:alpr""]","[""base:family_a"",""adapter:alpr""]",False,True,False,0,0,4,4,4,False,True,,,112.82068301683535,unknown_not_identifiable_from_factual_ledger,noop_resident_set_no_new_admission
control_raw_critic_target,regression,mappo,29,regression_10,3,executed_action==4 AND service_completed==false AND progressed==false AND migration_success==false,unknown_not_recorded,0,rsu_1,rsu_2,alpr,True,noop_all_resident,[],[],"[""base:family_a"",""adapter:alpr""]","[""base:family_a"",""adapter:alpr""]",False,True,False,0,0,4,4,4,False,True,,,110.82068301683535,unknown_not_identifiable_from_factual_ledger,noop_resident_set_no_new_admission
control_raw_critic_target,regression,mappo,29,regression_10,6,executed_action==4 AND service_completed==false AND progressed==false AND migration_success==false,unknown_not_recorded,0,rsu_0,rsu_1,alpr,False,contact_budget_exceeded,"[""adapter:alpr"",""base:family_a""]","[""adapter:helmet_distinct"",""base:family_b""]","[""base:family_b"",""adapter:helmet_distinct""]","[""base:family_b"",""adapter:helmet_distinct""]",False,False,False,0,0,8,8,,False,False,,,72.17778361962651,unknown_not_identifiable_from_factual_ledger,rollback_or_rejection_no_resident_change
control_raw_critic_target,regression,mappo,29,regression_10,7,executed_action==4 AND service_completed==false AND progressed==false AND migration_success==false,unknown_not_recorded,0,rsu_0,rsu_1,alpr,False,contact_budget_exceeded,"[""adapter:alpr"",""base:family_a""]","[""adapter:helmet_distinct"",""base:family_b""]","[""base:family_b"",""adapter:helmet_distinct""]","[""base:family_b"",""adapter:helmet_distinct""]",False,False,False,0,0,8,8,,False,False,,,70.17778361962651,unknown_not_identifiable_from_factual_ledger,rollback_or_rejection_no_resident_change
control_raw_critic_target,regression,mappo,29,regression_11,1,executed_action==4 AND service_completed==false AND progressed==false AND migration_success==false,unknown_not_recorded,0,rsu_0,rsu_1,alpr,True,noop_all_resident,[],[],"[""base:family_a"",""adapter:alpr"",""base:family_b"",""adapter:helmet_distinct""]","[""base:family_a"",""adapter:alpr"",""base:family_b"",""adapter:helmet_distinct""]",False,True,False,0,0,2,2,2,False,True,,,60.486341416,unknown_not_identifiable_from_factual_ledger,noop_resident_set_no_new_admission
control_raw_critic_target,regression,mappo,29,regression_11,5,executed_action==4 AND service_completed==false AND progressed==false AND migration_success==false,unknown_not_recorded,0,rsu_2,rsu_0,helmet_distinct,True,noop_all_resident,[],[],"[""base:family_b"",""adapter:helmet_distinct""]","[""base:family_b"",""adapter:helmet_distinct""]",False,True,False,0,0,6,6,6,False,True,,,47.013005816,unknown_not_identifiable_from_factual_ledger,noop_resident_set_no_new_admission
control_raw_critic_target,regression,mappo,43,regression_00,2,executed_action==4 AND service_completed==false AND progressed==false AND migration_success==false,unknown_not_recorded,0,rsu_0,rsu_1,alpr,True,committed,"[""adapter:alpr""]","[""adapter:helmet_shared""]","[""base:family_a"",""adapter:helmet_shared""]","[""base:family_a"",""adapter:alpr""]",True,True,False,154423432,0,3,3,3,True,True,4,4,25.249362912,unknown_not_identifiable_from_factual_ledger,committed_warm_reused_with_observed_victim_cost
control_raw_critic_target,regression,mappo,43,regression_00,4,executed_action==4 AND service_completed==false AND progressed==false AND migration_success==false,unknown_not_recorded,0,rsu_1,rsu_2,helmet_shared,True,committed,"[""adapter:helmet_shared""]","[""adapter:alpr""]","[""base:family_a"",""adapter:alpr""]","[""base:family_a"",""adapter:helmet_shared""]",True,True,False,9641944,0,6,6,6,True,True,7,7,21.316315408,unknown_not_identifiable_from_factual_ledger,committed_warm_reused_with_observed_victim_cost
control_raw_critic_target,regression,mappo,43,regression_00,5,executed_action==4 AND service_completed==false AND progressed==false AND migration_success==false,unknown_not_recorded,0,rsu_1,rsu_2,helmet_shared,True,noop_all_resident,[],[],"[""base:family_a"",""adapter:helmet_shared""]","[""base:family_a"",""adapter:helmet_shared""]",False,True,False,0,0,6,6,6,False,True,,,19.316315408,unknown_not_identifiable_from_factual_ledger,noop_resident_set_no_new_admission
control_raw_critic_target,regression,mappo,43,regression_00,7,executed_action==4 AND service_completed==false AND progressed==false AND migration_success==false,unknown_not_recorded,0,rsu_2,rsu_0,alpr,True,committed,"[""adapter:alpr""]","[""adapter:helmet_shared""]","[""base:family_a"",""adapter:helmet_shared""]","[""base:family_a"",""adapter:alpr""]",True,True,False,154423432,0,9,9,9,True,True,,,11.518085,unknown_not_identifiable_from_factual_ledger,committed_warm_reused_no_observed_victim_cost
control_raw_critic_target,regression,mappo,43,regression_00,8,executed_action==4 AND service_completed==false AND progressed==false AND migration_success==false,unknown_not_recorded,0,rsu_2,rsu_0,alpr,True,noop_all_resident,[],[],"[""base:family_a"",""adapter:alpr""]","[""base:family_a"",""adapter:alpr""]",False,True,False,0,0,9,9,9,False,True,,,9.518085,unknown_not_identifiable_from_factual_ledger,noop_resident_set_no_new_admission
control_raw_critic_target,regression,mappo,43,regression_02,1,executed_action==4 AND service_completed==false AND progressed==false AND migration_success==false,unknown_not_recorded,0,rsu_0,rsu_1,alpr,False,contact_budget_exceeded,"[""adapter:alpr"",""base:family_a""]","[""adapter:helmet_distinct"",""base:family_b""]","[""base:family_b"",""adapter:helmet_distinct""]","[""base:family_b"",""adapter:helmet_distinct""]",False,False,False,0,0,3,3,,False,False,,,104.98248703432932,unknown_not_identifiable_from_factual_ledger,rollback_or_rejection_no_resident_change
control_raw_critic_target,regression,mappo,43,regression_02,2,executed_action==4 AND service_completed==false AND progressed==false AND migration_success==false,unknown_not_recorded,0,rsu_0,rsu_1,alpr,False,contact_budget_exceeded,"[""adapter:alpr"",""base:family_a""]","[""adapter:helmet_distinct"",""base:family_b""]","[""base:family_b"",""adapter:helmet_distinct""]","[""base:family_b"",""adapter:helmet_distinct""]",False,False,False,0,0,3,3,,False,False,,,102.98248703432932,unknown_not_identifiable_from_factual_ledger,rollback_or_rejection_no_resident_change
control_raw_critic_target,regression,mappo,43,regression_02,3,executed_action==4 AND service_completed==false AND progressed==false AND migration_success==false,unknown_not_recorded,0,rsu_1,rsu_2,alpr,True,noop_all_resident,[],[],"[""base:family_a"",""adapter:alpr""]","[""base:family_a"",""adapter:alpr""]",False,True,False,0,0,6,6,6,False,False,,,100.98248703432932,unknown_not_identifiable_from_factual_ledger,noop_resident_set_no_new_admission
control_raw_critic_target,regression,mappo,43,regression_02,4,executed_action==4 AND service_completed==false AND progressed==false AND migration_success==false,unknown_not_recorded,0,rsu_1,rsu_2,alpr,True,noop_all_resident,[],[],"[""base:family_a"",""adapter:alpr""]","[""base:family_a"",""adapter:alpr""]",False,True,False,0,0,6,6,6,False,False,,,98.98248703432932,unknown_not_identifiable_from_factual_ledger,noop_resident_set_no_new_admission
control_raw_critic_target,regression,mappo,43,regression_02,5,executed_action==4 AND service_completed==false AND progressed==false AND migration_success==false,unknown_not_recorded,0,rsu_1,rsu_2,alpr,True,noop_all_resident,[],[],"[""base:family_a"",""adapter:alpr""]","[""base:family_a"",""adapter:alpr""]",False,True,False,0,0,6,6,6,False,False,,,96.98248703432932,unknown_not_identifiable_from_factual_ledger,noop_resident_set_no_new_admission
control_raw_critic_target,regression,mappo,43,regression_02,9,executed_action==4 AND service_completed==false AND progressed==false AND migration_success==false,unknown_not_recorded,0,rsu_0,rsu_1,helmet_distinct,True,noop_all_resident,[],[],"[""base:family_b"",""adapter:helmet_distinct""]","[""base:family_b"",""adapter:helmet_distinct""]",False,True,False,0,0,12,12,12,False,True,,,67.637313692747,unknown_not_identifiable_from_factual_ledger,noop_resident_set_no_new_admission
control_raw_critic_target,regression,mappo,43,regression_02,10,executed_action==4 AND service_completed==false AND progressed==false AND migration_success==false,unknown_not_recorded,0,rsu_0,rsu_1,helmet_distinct,True,noop_all_resident,[],[],"[""base:family_b"",""adapter:helmet_distinct""]","[""base:family_b"",""adapter:helmet_distinct""]",False,True,False,0,0,12,12,12,False,True,,,65.637313692747,unknown_not_identifiable_from_factual_ledger,noop_resident_set_no_new_admission
control_raw_critic_target,regression,mappo,43,regression_02,11,executed_action==4 AND service_completed==false AND progressed==false AND migration_success==false,unknown_not_recorded,0,rsu_0,rsu_1,helmet_distinct,True,noop_all_resident,[],[],"[""base:family_b"",""adapter:helmet_distinct""]","[""base:family_b"",""adapter:helmet_distinct""]",False,True,False,0,0,12,12,12,False,True,,,63.637313692747,unknown_not_identifiable_from_factual_ledger,noop_resident_set_no_new_admission
control_raw_critic_target,regression,mappo,43,regression_03,4,executed_action==4 AND service_completed==false AND progressed==false AND migration_success==false,unknown_not_recorded,0,rsu_0,rsu_1,alpr,True,noop_all_resident,[],[],"[""base:family_a"",""adapter:alpr"",""base:family_b"",""adapter:helmet_distinct""]","[""base:family_a"",""adapter:alpr"",""base:family_b"",""adapter:helmet_distinct""]",False,True,False,0,0,5,5,5,False,True,,,29.926881159999997,unknown_not_identifiable_from_factual_ledger,noop_resident_set_no_new_admission
control_raw_critic_target,regression,mappo,43,regression_05,0,executed_action==4 AND service_completed==false AND progressed==false AND migration_success==false,unknown_not_recorded,0,rsu_0,rsu_1,helmet_shared,True,committed,"[""adapter:helmet_shared""]",[],"[""adapter:alpr"",""base:family_a""]","[""adapter:alpr"",""base:family_a"",""adapter:helmet_shared""]",True,True,False,9641944,0,2,2,2,True,False,,,22.055066472,unknown_not_identifiable_from_factual_ledger,committed_warm_reused_no_observed_victim_cost
control_raw_critic_target,regression,mappo,43,regression_05,1,executed_action==4 AND service_completed==false AND progressed==false AND migration_success==false,unknown_not_recorded,0,rsu_0,rsu_1,helmet_shared,True,noop_all_resident,[],[],"[""adapter:alpr"",""base:family_a"",""adapter:helmet_shared""]","[""adapter:alpr"",""base:family_a"",""adapter:helmet_shared""]",False,True,False,0,0,2,2,2,False,False,,,20.055066472,unknown_not_identifiable_from_factual_ledger,noop_resident_set_no_new_admission
control_raw_critic_target,regression,mappo,43,regression_07,2,executed_action==4 AND service_completed==false AND progressed==false AND migration_success==false,unknown_not_recorded,0,rsu_1,rsu_2,helmet_shared,False,contact_budget_exceeded,"[""adapter:helmet_shared"",""base:family_a""]",[],[],[],False,False,False,0,0,4,4,,False,False,,,139.00392055866752,unknown_not_identifiable_from_factual_ledger,rollback_or_rejection_no_resident_change
control_raw_critic_target,regression,mappo,43,regression_07,3,executed_action==4 AND service_completed==false AND progressed==false AND migration_success==false,unknown_not_recorded,0,rsu_1,rsu_2,helmet_shared,False,contact_budget_exceeded,"[""adapter:helmet_shared"",""base:family_a""]",[],[],[],False,False,False,0,0,4,4,,False,False,,,137.00392055866752,unknown_not_identifiable_from_factual_ledger,rollback_or_rejection_no_resident_change
control_raw_critic_target,regression,mappo,43,regression_07,4,executed_action==4 AND service_completed==false AND progressed==false AND migration_success==false,unknown_not_recorded,0,rsu_2,rsu_0,helmet_shared,True,noop_all_resident,[],[],"[""base:family_a"",""adapter:helmet_shared""]","[""base:family_a"",""adapter:helmet_shared""]",False,True,False,0,0,6,6,6,False,True,,,135.00392055866752,unknown_not_identifiable_from_factual_ledger,noop_resident_set_no_new_admission
control_raw_critic_target,regression,mappo,43,regression_07,5,executed_action==4 AND service_completed==false AND progressed==false AND migration_success==false,unknown_not_recorded,0,rsu_2,rsu_0,helmet_shared,True,noop_all_resident,[],[],"[""base:family_a"",""adapter:helmet_shared""]","[""base:family_a"",""adapter:helmet_shared""]",False,True,False,0,0,6,6,6,False,True,,,133.00392055866752,unknown_not_identifiable_from_factual_ledger,noop_resident_set_no_new_admission
control_raw_critic_target,regression,mappo,43,regression_07,8,executed_action==4 AND service_completed==false AND progressed==false AND migration_success==false,unknown_not_recorded,0,rsu_1,rsu_2,alpr,False,contact_budget_exceeded,"[""adapter:alpr"",""base:family_a""]",[],[],[],False,False,False,0,0,10,10,23,False,True,,,124.1246425586675,unknown_not_identifiable_from_factual_ledger,rollback_or_rejection_no_resident_change
control_raw_critic_target,regression,mappo,43,regression_07,9,executed_action==4 AND service_completed==false AND progressed==false AND migration_success==false,unknown_not_recorded,0,rsu_1,rsu_2,alpr,False,contact_budget_exceeded,"[""adapter:alpr"",""base:family_a""]",[],[],[],False,False,False,0,0,10,10,23,False,True,,,122.1246425586675,unknown_not_identifiable_from_factual_ledger,rollback_or_rejection_no_resident_change
control_raw_critic_target,regression,mappo,43,regression_07,10,executed_action==4 AND service_completed==false AND progressed==false AND migration_success==false,unknown_not_recorded,0,rsu_2,rsu_0,alpr,True,committed,"[""adapter:alpr""]",[],"[""base:family_a"",""adapter:helmet_shared""]","[""base:family_a"",""adapter:helmet_shared"",""adapter:alpr""]",True,True,False,154423432,0,12,12,12,True,True,,,113.2165302786675,unknown_not_identifiable_from_factual_ledger,committed_warm_reused_no_observed_victim_cost
control_raw_critic_target,regression,mappo,43,regression_07,11,executed_action==4 AND service_completed==false AND progressed==false AND migration_success==false,unknown_not_recorded,0,rsu_2,rsu_0,alpr,True,noop_all_resident,[],[],"[""base:family_a"",""adapter:helmet_shared"",""adapter:alpr""]","[""base:family_a"",""adapter:helmet_shared"",""adapter:alpr""]",False,True,False,0,0,12,12,12,False,True,,,111.2165302786675,unknown_not_identifiable_from_factual_ledger,noop_resident_set_no_new_admission
control_raw_critic_target,regression,mappo,43,regression_07,14,executed_action==4 AND service_completed==false AND progressed==false AND migration_success==false,unknown_not_recorded,0,rsu_1,rsu_2,alpr,False,contact_budget_exceeded,"[""adapter:alpr"",""base:family_a""]",[],[],[],False,False,False,0,0,16,16,23,False,True,,,106.1707422786675,unknown_not_identifiable_from_factual_ledger,rollback_or_rejection_no_resident_change
control_raw_critic_target,regression,mappo,43,regression_07,15,executed_action==4 AND service_completed==false AND progressed==false AND migration_success==false,unknown_not_recorded,0,rsu_1,rsu_2,alpr,False,contact_budget_exceeded,"[""adapter:alpr"",""base:family_a""]",[],[],[],False,False,False,0,0,16,16,23,False,True,,,104.1707422786675,unknown_not_identifiable_from_factual_ledger,rollback_or_rejection_no_resident_change
control_raw_critic_target,regression,mappo,43,regression_07,16,executed_action==4 AND service_completed==false AND progressed==false AND migration_success==false,unknown_not_recorded,0,rsu_2,rsu_0,alpr,True,noop_all_resident,[],[],"[""base:family_a"",""adapter:helmet_shared"",""adapter:alpr""]","[""base:family_a"",""adapter:helmet_shared"",""adapter:alpr""]",False,True,False,0,0,18,18,18,False,True,,,102.1707422786675,unknown_not_identifiable_from_factual_ledger,noop_resident_set_no_new_admission
control_raw_critic_target,regression,mappo,43,regression_07,17,executed_action==4 AND service_completed==false AND progressed==false AND migration_success==false,unknown_not_recorded,0,rsu_2,rsu_0,alpr,True,noop_all_resident,[],[],"[""base:family_a"",""adapter:helmet_shared"",""adapter:alpr""]","[""base:family_a"",""adapter:helmet_shared"",""adapter:alpr""]",False,True,False,0,0,18,18,18,False,True,,,100.1707422786675,unknown_not_identifiable_from_factual_ledger,noop_resident_set_no_new_admission
control_raw_critic_target,regression,mappo,43,regression_07,20,executed_action==4 AND service_completed==false AND progressed==false AND migration_success==false,unknown_not_recorded,0,rsu_1,rsu_2,alpr,False,contact_budget_exceeded,"[""adapter:alpr"",""base:family_a""]",[],[],[],False,False,False,0,0,22,22,23,False,True,,,88.14064927866751,unknown_not_identifiable_from_factual_ledger,rollback_or_rejection_no_resident_change
control_raw_critic_target,regression,mappo,43,regression_07,21,executed_action==4 AND service_completed==false AND progressed==false AND migration_success==false,unknown_not_recorded,0,rsu_1,rsu_2,alpr,False,contact_budget_exceeded,"[""adapter:alpr"",""base:family_a""]",[],[],[],False,False,False,0,0,22,22,23,False,True,,,86.14064927866751,unknown_not_identifiable_from_factual_ledger,rollback_or_rejection_no_resident_change
control_raw_critic_target,regression,mappo,43,regression_08,2,executed_action==4 AND service_completed==false AND progressed==false AND migration_success==false,unknown_not_recorded,0,rsu_1,rsu_2,alpr,True,noop_all_resident,[],[],"[""base:family_a"",""adapter:alpr""]","[""base:family_a"",""adapter:alpr""]",False,True,False,0,0,4,4,4,False,False,,,66.44841897575141,unknown_not_identifiable_from_factual_ledger,noop_resident_set_no_new_admission
control_raw_critic_target,regression,mappo,43,regression_08,3,executed_action==4 AND service_completed==false AND progressed==false AND migration_success==false,unknown_not_recorded,0,rsu_1,rsu_2,alpr,True,noop_all_resident,[],[],"[""base:family_a"",""adapter:alpr""]","[""base:family_a"",""adapter:alpr""]",False,True,False,0,0,4,4,4,False,False,,,64.44841897575141,unknown_not_identifiable_from_factual_ledger,noop_resident_set_no_new_admission
control_raw_critic_target,regression,mappo,43,regression_08,6,executed_action==4 AND service_completed==false AND progressed==false AND migration_success==false,unknown_not_recorded,0,rsu_0,rsu_1,helmet_shared,True,noop_all_resident,[],[],"[""base:family_a"",""adapter:helmet_shared""]","[""base:family_a"",""adapter:helmet_shared""]",False,True,False,0,0,8,8,8,False,False,,,44.30850206716467,unknown_not_identifiable_from_factual_ledger,noop_resident_set_no_new_admission
control_raw_critic_target,regression,mappo,43,regression_08,7,executed_action==4 AND service_completed==false AND progressed==false AND migration_success==false,unknown_not_recorded,0,rsu_0,rsu_1,helmet_shared,True,noop_all_resident,[],[],"[""base:family_a"",""adapter:helmet_shared""]","[""base:family_a"",""adapter:helmet_shared""]",False,True,False,0,0,8,8,8,False,False,,,42.30850206716467,unknown_not_identifiable_from_factual_ledger,noop_resident_set_no_new_admission
control_raw_critic_target,regression,mappo,43,regression_08,9,executed_action==4 AND service_completed==false AND progressed==false AND migration_success==false,unknown_not_recorded,0,rsu_1,rsu_2,alpr,True,committed,"[""adapter:alpr""]","[""adapter:helmet_shared""]","[""base:family_a"",""adapter:helmet_shared""]","[""base:family_a"",""adapter:alpr""]",True,True,False,154423432,0,10,10,10,True,True,,,3.858888,unknown_not_identifiable_from_factual_ledger,committed_warm_reused_no_observed_victim_cost
control_raw_critic_target,regression,mappo,43,regression_10,2,executed_action==4 AND service_completed==false AND progressed==false AND migration_success==false,unknown_not_recorded,0,rsu_1,rsu_2,alpr,True,noop_all_resident,[],[],"[""base:family_a"",""adapter:alpr""]","[""base:family_a"",""adapter:alpr""]",False,True,False,0,0,4,4,4,False,True,,,112.82068301683535,unknown_not_identifiable_from_factual_ledger,noop_resident_set_no_new_admission
control_raw_critic_target,regression,mappo,43,regression_10,3,executed_action==4 AND service_completed==false AND progressed==false AND migration_success==false,unknown_not_recorded,0,rsu_1,rsu_2,alpr,True,noop_all_resident,[],[],"[""base:family_a"",""adapter:alpr""]","[""base:family_a"",""adapter:alpr""]",False,True,False,0,0,4,4,4,False,True,,,110.82068301683535,unknown_not_identifiable_from_factual_ledger,noop_resident_set_no_new_admission
control_raw_critic_target,regression,mappo,43,regression_10,6,executed_action==4 AND service_completed==false AND progressed==false AND migration_success==false,unknown_not_recorded,0,rsu_0,rsu_1,alpr,False,contact_budget_exceeded,"[""adapter:alpr"",""base:family_a""]","[""adapter:helmet_distinct"",""base:family_b""]","[""base:family_b"",""adapter:helmet_distinct""]","[""base:family_b"",""adapter:helmet_distinct""]",False,False,False,0,0,8,8,,False,False,,,72.17778361962651,unknown_not_identifiable_from_factual_ledger,rollback_or_rejection_no_resident_change
control_raw_critic_target,regression,mappo,43,regression_10,7,executed_action==4 AND service_completed==false AND progressed==false AND migration_success==false,unknown_not_recorded,0,rsu_0,rsu_1,alpr,False,contact_budget_exceeded,"[""adapter:alpr"",""base:family_a""]","[""adapter:helmet_distinct"",""base:family_b""]","[""base:family_b"",""adapter:helmet_distinct""]","[""base:family_b"",""adapter:helmet_distinct""]",False,False,False,0,0,8,8,,False,False,,,70.17778361962651,unknown_not_identifiable_from_factual_ledger,rollback_or_rejection_no_resident_change
control_raw_critic_target,regression,mappo,43,regression_11,1,executed_action==4 AND service_completed==false AND progressed==false AND migration_success==false,unknown_not_recorded,0,rsu_0,rsu_1,alpr,True,noop_all_resident,[],[],"[""base:family_a"",""adapter:alpr"",""base:family_b"",""adapter:helmet_distinct""]","[""base:family_a"",""adapter:alpr"",""base:family_b"",""adapter:helmet_distinct""]",False,True,False,0,0,2,2,2,False,True,,,60.486341416,unknown_not_identifiable_from_factual_ledger,noop_resident_set_no_new_admission
control_raw_critic_target,regression,mappo,43,regression_11,5,executed_action==4 AND service_completed==false AND progressed==false AND migration_success==false,unknown_not_recorded,0,rsu_2,rsu_0,helmet_distinct,True,noop_all_resident,[],[],"[""base:family_b"",""adapter:helmet_distinct""]","[""base:family_b"",""adapter:helmet_distinct""]",False,True,False,0,0,6,6,6,False,True,,,47.013005816,unknown_not_identifiable_from_factual_ledger,noop_resident_set_no_new_admission
control_raw_critic_target,regression,ppo,7,regression_00,2,executed_action==4 AND service_completed==false AND progressed==false AND migration_success==false,unknown_not_recorded,0,rsu_0,rsu_1,alpr,True,committed,"[""adapter:alpr""]","[""adapter:helmet_shared""]","[""base:family_a"",""adapter:helmet_shared""]","[""base:family_a"",""adapter:alpr""]",True,True,False,154423432,0,3,3,3,True,True,4,4,33.27236992,unknown_not_identifiable_from_factual_ledger,committed_warm_reused_with_observed_victim_cost
control_raw_critic_target,regression,ppo,7,regression_00,4,executed_action==4 AND service_completed==false AND progressed==false AND migration_success==false,unknown_not_recorded,0,rsu_1,rsu_2,helmet_shared,True,committed,"[""adapter:helmet_shared""]","[""adapter:alpr""]","[""base:family_a"",""adapter:alpr""]","[""base:family_a"",""adapter:helmet_shared""]",True,True,False,9641944,0,6,6,6,True,True,7,7,29.339322416,unknown_not_identifiable_from_factual_ledger,committed_warm_reused_with_observed_victim_cost
control_raw_critic_target,regression,ppo,7,regression_00,5,executed_action==4 AND service_completed==false AND progressed==false AND migration_success==false,unknown_not_recorded,0,rsu_1,rsu_2,helmet_shared,True,noop_all_resident,[],[],"[""base:family_a"",""adapter:helmet_shared""]","[""base:family_a"",""adapter:helmet_shared""]",False,True,False,0,0,6,6,6,False,True,,,27.339322416,unknown_not_identifiable_from_factual_ledger,noop_resident_set_no_new_admission
control_raw_critic_target,regression,ppo,7,regression_00,7,executed_action==4 AND service_completed==false AND progressed==false AND migration_success==false,unknown_not_recorded,0,rsu_2,rsu_0,alpr,True,committed,"[""adapter:alpr""]","[""adapter:helmet_shared""]","[""base:family_a"",""adapter:helmet_shared""]","[""base:family_a"",""adapter:alpr""]",True,True,False,154423432,0,9,9,,True,False,,,19.541092008,unknown_not_identifiable_from_factual_ledger,committed_warm_not_reused_unresolved_victim_externality
control_raw_critic_target,regression,ppo,7,regression_00,8,executed_action==4 AND service_completed==false AND progressed==false AND migration_success==false,unknown_not_recorded,0,rsu_2,rsu_0,alpr,True,noop_all_resident,[],[],"[""base:family_a"",""adapter:alpr""]","[""base:family_a"",""adapter:alpr""]",False,True,False,0,0,9,9,,False,False,,,17.541092008,unknown_not_identifiable_from_factual_ledger,noop_resident_set_no_new_admission
control_raw_critic_target,regression,ppo,7,regression_02,1,executed_action==4 AND service_completed==false AND progressed==false AND migration_success==false,unknown_not_recorded,0,rsu_0,rsu_1,alpr,False,contact_budget_exceeded,"[""adapter:alpr"",""base:family_a""]","[""adapter:helmet_distinct"",""base:family_b""]","[""base:family_b"",""adapter:helmet_distinct""]","[""base:family_b"",""adapter:helmet_distinct""]",False,False,False,0,0,3,3,,False,False,,,70.71658346158235,unknown_not_identifiable_from_factual_ledger,rollback_or_rejection_no_resident_change
control_raw_critic_target,regression,ppo,7,regression_02,2,executed_action==4 AND service_completed==false AND progressed==false AND migration_success==false,unknown_not_recorded,0,rsu_0,rsu_1,alpr,False,contact_budget_exceeded,"[""adapter:alpr"",""base:family_a""]","[""adapter:helmet_distinct"",""base:family_b""]","[""base:family_b"",""adapter:helmet_distinct""]","[""base:family_b"",""adapter:helmet_distinct""]",False,False,False,0,0,3,3,,False,False,,,68.71658346158235,unknown_not_identifiable_from_factual_ledger,rollback_or_rejection_no_resident_change
control_raw_critic_target,regression,ppo,7,regression_02,3,executed_action==4 AND service_completed==false AND progressed==false AND migration_success==false,unknown_not_recorded,0,rsu_1,rsu_2,alpr,True,noop_all_resident,[],[],"[""base:family_a"",""adapter:alpr""]","[""base:family_a"",""adapter:alpr""]",False,True,False,0,0,6,6,6,False,False,,,66.71658346158235,unknown_not_identifiable_from_factual_ledger,noop_resident_set_no_new_admission
control_raw_critic_target,regression,ppo,7,regression_02,4,executed_action==4 AND service_completed==false AND progressed==false AND migration_success==false,unknown_not_recorded,0,rsu_1,rsu_2,alpr,True,noop_all_resident,[],[],"[""base:family_a"",""adapter:alpr""]","[""base:family_a"",""adapter:alpr""]",False,True,False,0,0,6,6,6,False,False,,,64.71658346158235,unknown_not_identifiable_from_factual_ledger,noop_resident_set_no_new_admission
control_raw_critic_target,regression,ppo,7,regression_02,5,executed_action==4 AND service_completed==false AND progressed==false AND migration_success==false,unknown_not_recorded,0,rsu_1,rsu_2,alpr,True,noop_all_resident,[],[],"[""base:family_a"",""adapter:alpr""]","[""base:family_a"",""adapter:alpr""]",False,True,False,0,0,6,6,6,False,False,,,62.71658346158234,unknown_not_identifiable_from_factual_ledger,noop_resident_set_no_new_admission
control_raw_critic_target,regression,ppo,7,regression_02,9,executed_action==4 AND service_completed==false AND progressed==false AND migration_success==false,unknown_not_recorded,0,rsu_0,rsu_1,helmet_distinct,True,noop_all_resident,[],[],"[""base:family_b"",""adapter:helmet_distinct""]","[""base:family_b"",""adapter:helmet_distinct""]",False,True,False,0,0,12,12,,False,False,,,33.37141012,unknown_not_identifiable_from_factual_ledger,noop_resident_set_no_new_admission
control_raw_critic_target,regression,ppo,7,regression_02,10,executed_action==4 AND service_completed==false AND progressed==false AND migration_success==false,unknown_not_recorded,0,rsu_0,rsu_1,helmet_distinct,True,noop_all_resident,[],[],"[""base:family_b"",""adapter:helmet_distinct""]","[""base:family_b"",""adapter:helmet_distinct""]",False,True,False,0,0,12,12,,False,False,,,31.37141012,unknown_not_identifiable_from_factual_ledger,noop_resident_set_no_new_admission
control_raw_critic_target,regression,ppo,7,regression_02,11,executed_action==4 AND service_completed==false AND progressed==false AND migration_success==false,unknown_not_recorded,0,rsu_0,rsu_1,helmet_distinct,True,noop_all_resident,[],[],"[""base:family_b"",""adapter:helmet_distinct""]","[""base:family_b"",""adapter:helmet_distinct""]",False,True,False,0,0,12,12,,False,False,,,29.37141012,unknown_not_identifiable_from_factual_ledger,noop_resident_set_no_new_admission
control_raw_critic_target,regression,ppo,7,regression_03,4,executed_action==4 AND service_completed==false AND progressed==false AND migration_success==false,unknown_not_recorded,0,rsu_0,rsu_1,alpr,True,noop_all_resident,[],[],"[""base:family_a"",""adapter:alpr"",""base:family_b"",""adapter:helmet_distinct""]","[""base:family_a"",""adapter:alpr"",""base:family_b"",""adapter:helmet_distinct""]",False,True,False,0,0,5,5,6,False,True,,,53.19123728000001,unknown_not_identifiable_from_factual_ledger,noop_resident_set_no_new_admission
control_raw_critic_target,regression,ppo,7,regression_05,0,executed_action==4 AND service_completed==false AND progressed==false AND migration_success==false,unknown_not_recorded,0,rsu_0,rsu_1,helmet_shared,True,committed,"[""adapter:helmet_shared""]",[],"[""adapter:alpr"",""base:family_a""]","[""adapter:alpr"",""base:family_a"",""adapter:helmet_shared""]",True,True,False,9641944,0,2,2,2,True,False,,,22.055066472,unknown_not_identifiable_from_factual_ledger,committed_warm_reused_no_observed_victim_cost
control_raw_critic_target,regression,ppo,7,regression_05,1,executed_action==4 AND service_completed==false AND progressed==false AND migration_success==false,unknown_not_recorded,0,rsu_0,rsu_1,helmet_shared,True,noop_all_resident,[],[],"[""adapter:alpr"",""base:family_a"",""adapter:helmet_shared""]","[""adapter:alpr"",""base:family_a"",""adapter:helmet_shared""]",False,True,False,0,0,2,2,2,False,False,,,20.055066472,unknown_not_identifiable_from_factual_ledger,noop_resident_set_no_new_admission
control_raw_critic_target,regression,ppo,7,regression_07,4,executed_action==4 AND service_completed==false AND progressed==false AND migration_success==false,unknown_not_recorded,0,rsu_2,rsu_0,alpr,True,committed,"[""adapter:alpr""]",[],"[""base:family_a"",""adapter:helmet_shared""]","[""base:family_a"",""adapter:helmet_shared"",""adapter:alpr""]",True,True,False,154423432,0,6,6,6,True,True,,,73.92219256,unknown_not_identifiable_from_factual_ledger,committed_warm_reused_no_observed_victim_cost
control_raw_critic_target,regression,ppo,7,regression_07,5,executed_action==4 AND service_completed==false AND progressed==false AND migration_success==false,unknown_not_recorded,0,rsu_2,rsu_0,alpr,True,noop_all_resident,[],[],"[""base:family_a"",""adapter:helmet_shared"",""adapter:alpr""]","[""base:family_a"",""adapter:helmet_shared"",""adapter:alpr""]",False,True,False,0,0,6,6,6,False,True,,,71.92219256,unknown_not_identifiable_from_factual_ledger,noop_resident_set_no_new_admission
control_raw_critic_target,regression,ppo,7,regression_07,8,executed_action==4 AND service_completed==false AND progressed==false AND migration_success==false,unknown_not_recorded,0,rsu_1,rsu_2,alpr,False,contact_budget_exceeded,"[""adapter:alpr"",""base:family_a""]",[],[],[],False,False,False,0,0,10,10,,False,False,,,66.87640456,unknown_not_identifiable_from_factual_ledger,rollback_or_rejection_no_resident_change
control_raw_critic_target,regression,ppo,7,regression_07,9,executed_action==4 AND service_completed==false AND progressed==false AND migration_success==false,unknown_not_recorded,0,rsu_1,rsu_2,alpr,False,contact_budget_exceeded,"[""adapter:alpr"",""base:family_a""]",[],[],[],False,False,False,0,0,10,10,,False,False,,,64.87640456,unknown_not_identifiable_from_factual_ledger,rollback_or_rejection_no_resident_change
control_raw_critic_target,regression,ppo,7,regression_07,10,executed_action==4 AND service_completed==false AND progressed==false AND migration_success==false,unknown_not_recorded,0,rsu_2,rsu_0,alpr,True,noop_all_resident,[],[],"[""base:family_a"",""adapter:helmet_shared"",""adapter:alpr""]","[""base:family_a"",""adapter:helmet_shared"",""adapter:alpr""]",False,True,False,0,0,12,12,12,False,True,,,62.87640456,unknown_not_identifiable_from_factual_ledger,noop_resident_set_no_new_admission
control_raw_critic_target,regression,ppo,7,regression_07,11,executed_action==4 AND service_completed==false AND progressed==false AND migration_success==false,unknown_not_recorded,0,rsu_2,rsu_0,alpr,True,noop_all_resident,[],[],"[""base:family_a"",""adapter:helmet_shared"",""adapter:alpr""]","[""base:family_a"",""adapter:helmet_shared"",""adapter:alpr""]",False,True,False,0,0,12,12,12,False,True,,,60.87640456,unknown_not_identifiable_from_factual_ledger,noop_resident_set_no_new_admission
control_raw_critic_target,regression,ppo,7,regression_07,14,executed_action==4 AND service_completed==false AND progressed==false AND migration_success==false,unknown_not_recorded,0,rsu_1,rsu_2,alpr,False,contact_budget_exceeded,"[""adapter:alpr"",""base:family_a""]",[],[],[],False,False,False,0,0,16,16,,False,False,,,48.84631156,unknown_not_identifiable_from_factual_ledger,rollback_or_rejection_no_resident_change
control_raw_critic_target,regression,ppo,7,regression_07,15,executed_action==4 AND service_completed==false AND progressed==false AND migration_success==false,unknown_not_recorded,0,rsu_1,rsu_2,alpr,False,contact_budget_exceeded,"[""adapter:alpr"",""base:family_a""]",[],[],[],False,False,False,0,0,16,16,,False,False,,,46.84631156,unknown_not_identifiable_from_factual_ledger,rollback_or_rejection_no_resident_change
control_raw_critic_target,regression,ppo,7,regression_07,16,executed_action==4 AND service_completed==false AND progressed==false AND migration_success==false,unknown_not_recorded,0,rsu_2,rsu_0,alpr,True,noop_all_resident,[],[],"[""base:family_a"",""adapter:helmet_shared"",""adapter:alpr""]","[""base:family_a"",""adapter:helmet_shared"",""adapter:alpr""]",False,True,False,0,0,18,18,18,False,True,,,44.84631156,unknown_not_identifiable_from_factual_ledger,noop_resident_set_no_new_admission
control_raw_critic_target,regression,ppo,7,regression_07,17,executed_action==4 AND service_completed==false AND progressed==false AND migration_success==false,unknown_not_recorded,0,rsu_2,rsu_0,alpr,True,noop_all_resident,[],[],"[""base:family_a"",""adapter:helmet_shared"",""adapter:alpr""]","[""base:family_a"",""adapter:helmet_shared"",""adapter:alpr""]",False,True,False,0,0,18,18,18,False,True,,,42.846311560000004,unknown_not_identifiable_from_factual_ledger,noop_resident_set_no_new_admission
control_raw_critic_target,regression,ppo,7,regression_07,20,executed_action==4 AND service_completed==false AND progressed==false AND migration_success==false,unknown_not_recorded,0,rsu_1,rsu_2,alpr,False,contact_budget_exceeded,"[""adapter:alpr"",""base:family_a""]",[],[],[],False,False,False,0,0,22,22,,False,False,,,30.65867856,unknown_not_identifiable_from_factual_ledger,rollback_or_rejection_no_resident_change
control_raw_critic_target,regression,ppo,7,regression_07,21,executed_action==4 AND service_completed==false AND progressed==false AND migration_success==false,unknown_not_recorded,0,rsu_1,rsu_2,alpr,False,contact_budget_exceeded,"[""adapter:alpr"",""base:family_a""]",[],[],[],False,False,False,0,0,22,22,,False,False,,,28.658678560000002,unknown_not_identifiable_from_factual_ledger,rollback_or_rejection_no_resident_change
control_raw_critic_target,regression,ppo,7,regression_08,2,executed_action==4 AND service_completed==false AND progressed==false AND migration_success==false,unknown_not_recorded,0,rsu_1,rsu_2,alpr,True,noop_all_resident,[],[],"[""base:family_a"",""adapter:alpr""]","[""base:family_a"",""adapter:alpr""]",False,True,False,0,0,4,4,4,False,False,,,74.46996103175141,unknown_not_identifiable_from_factual_ledger,noop_resident_set_no_new_admission
control_raw_critic_target,regression,ppo,7,regression_08,3,executed_action==4 AND service_completed==false AND progressed==false AND migration_success==false,unknown_not_recorded,0,rsu_1,rsu_2,alpr,True,noop_all_resident,[],[],"[""base:family_a"",""adapter:alpr""]","[""base:family_a"",""adapter:alpr""]",False,True,False,0,0,4,4,4,False,False,,,72.46996103175141,unknown_not_identifiable_from_factual_ledger,noop_resident_set_no_new_admission
control_raw_critic_target,regression,ppo,7,regression_08,6,executed_action==4 AND service_completed==false AND progressed==false AND migration_success==false,unknown_not_recorded,0,rsu_0,rsu_1,helmet_shared,True,noop_all_resident,[],[],"[""base:family_a"",""adapter:helmet_shared""]","[""base:family_a"",""adapter:helmet_shared""]",False,True,False,0,0,8,8,8,False,False,,,52.33004412316467,unknown_not_identifiable_from_factual_ledger,noop_resident_set_no_new_admission
control_raw_critic_target,regression,ppo,7,regression_08,7,executed_action==4 AND service_completed==false AND progressed==false AND migration_success==false,unknown_not_recorded,0,rsu_0,rsu_1,helmet_shared,True,noop_all_resident,[],[],"[""base:family_a"",""adapter:helmet_shared""]","[""base:family_a"",""adapter:helmet_shared""]",False,True,False,0,0,8,8,8,False,False,,,50.33004412316467,unknown_not_identifiable_from_factual_ledger,noop_resident_set_no_new_admission
control_raw_critic_target,regression,ppo,7,regression_08,9,executed_action==4 AND service_completed==false AND progressed==false AND migration_success==false,unknown_not_recorded,0,rsu_1,rsu_2,alpr,True,committed,"[""adapter:alpr""]","[""adapter:helmet_shared""]","[""base:family_a"",""adapter:helmet_shared""]","[""base:family_a"",""adapter:alpr""]",True,True,False,154423432,0,10,10,,True,False,,,11.880430056,unknown_not_identifiable_from_factual_ledger,committed_warm_not_reused_unresolved_victim_externality
control_raw_critic_target,regression,ppo,7,regression_10,2,executed_action==4 AND service_completed==false AND progressed==false AND migration_success==false,unknown_not_recorded,0,rsu_1,rsu_2,alpr,True,noop_all_resident,[],[],"[""base:family_a"",""adapter:alpr""]","[""base:family_a"",""adapter:alpr""]",False,True,False,0,0,4,4,4,False,True,,,52.18880040520884,unknown_not_identifiable_from_factual_ledger,noop_resident_set_no_new_admission
control_raw_critic_target,regression,ppo,7,regression_10,3,executed_action==4 AND service_completed==false AND progressed==false AND migration_success==false,unknown_not_recorded,0,rsu_1,rsu_2,alpr,True,noop_all_resident,[],[],"[""base:family_a"",""adapter:alpr""]","[""base:family_a"",""adapter:alpr""]",False,True,False,0,0,4,4,4,False,True,,,50.18880040520884,unknown_not_identifiable_from_factual_ledger,noop_resident_set_no_new_admission
control_raw_critic_target,regression,ppo,7,regression_10,6,executed_action==4 AND service_completed==false AND progressed==false AND migration_success==false,unknown_not_recorded,0,rsu_0,rsu_1,alpr,False,contact_budget_exceeded,"[""adapter:alpr"",""base:family_a""]","[""adapter:helmet_distinct"",""base:family_b""]","[""base:family_b"",""adapter:helmet_distinct""]","[""base:family_b"",""adapter:helmet_distinct""]",False,False,False,0,0,8,8,,False,False,,,11.545901008000001,unknown_not_identifiable_from_factual_ledger,rollback_or_rejection_no_resident_change
control_raw_critic_target,regression,ppo,7,regression_10,7,executed_action==4 AND service_completed==false AND progressed==false AND migration_success==false,unknown_not_recorded,0,rsu_0,rsu_1,alpr,False,contact_budget_exceeded,"[""adapter:alpr"",""base:family_a""]","[""adapter:helmet_distinct"",""base:family_b""]","[""base:family_b"",""adapter:helmet_distinct""]","[""base:family_b"",""adapter:helmet_distinct""]",False,False,False,0,0,8,8,,False,False,,,9.545901008000001,unknown_not_identifiable_from_factual_ledger,rollback_or_rejection_no_resident_change
control_raw_critic_target,regression,ppo,7,regression_11,1,executed_action==4 AND service_completed==false AND progressed==false AND migration_success==false,unknown_not_recorded,0,rsu_0,rsu_1,alpr,True,noop_all_resident,[],[],"[""base:family_a"",""adapter:alpr"",""base:family_b"",""adapter:helmet_distinct""]","[""base:family_a"",""adapter:alpr"",""base:family_b"",""adapter:helmet_distinct""]",False,True,False,0,0,2,2,2,False,True,,,60.486341416,unknown_not_identifiable_from_factual_ledger,noop_resident_set_no_new_admission
control_raw_critic_target,regression,ppo,7,regression_11,5,executed_action==4 AND service_completed==false AND progressed==false AND migration_success==false,unknown_not_recorded,0,rsu_2,rsu_0,helmet_distinct,True,noop_all_resident,[],[],"[""base:family_b"",""adapter:helmet_distinct""]","[""base:family_b"",""adapter:helmet_distinct""]",False,True,False,0,0,6,6,6,False,True,,,47.013005816,unknown_not_identifiable_from_factual_ledger,noop_resident_set_no_new_admission
control_raw_critic_target,regression,ppo,61,regression_00,5,executed_action==4 AND service_completed==false AND progressed==false AND migration_success==false,unknown_not_recorded,0,rsu_1,rsu_2,helmet_shared,True,noop_all_resident,[],[],"[""base:family_a"",""adapter:helmet_shared""]","[""base:family_a"",""adapter:helmet_shared""]",False,True,False,0,0,6,6,6,False,True,,,19.316315408,unknown_not_identifiable_from_factual_ledger,noop_resident_set_no_new_admission
control_raw_critic_target,regression,ppo,61,regression_00,8,executed_action==4 AND service_completed==false AND progressed==false AND migration_success==false,unknown_not_recorded,0,rsu_2,rsu_0,alpr,True,noop_all_resident,[],[],"[""base:family_a"",""adapter:alpr""]","[""base:family_a"",""adapter:alpr""]",False,True,False,0,0,9,9,9,False,True,,,9.518085,unknown_not_identifiable_from_factual_ledger,noop_resident_set_no_new_admission
control_raw_critic_target,regression,ppo,61,regression_02,3,executed_action==4 AND service_completed==false AND progressed==false AND migration_success==false,unknown_not_recorded,0,rsu_1,rsu_2,alpr,True,noop_all_resident,[],[],"[""base:family_a"",""adapter:alpr""]","[""base:family_a"",""adapter:alpr""]",False,True,False,0,0,6,6,6,False,False,,,88.78241297032933,unknown_not_identifiable_from_factual_ledger,noop_resident_set_no_new_admission
control_raw_critic_target,regression,ppo,61,regression_02,4,executed_action==4 AND service_completed==false AND progressed==false AND migration_success==false,unknown_not_recorded,0,rsu_1,rsu_2,alpr,True,noop_all_resident,[],[],"[""base:family_a"",""adapter:alpr""]","[""base:family_a"",""adapter:alpr""]",False,True,False,0,0,6,6,6,False,False,,,86.78241297032933,unknown_not_identifiable_from_factual_ledger,noop_resident_set_no_new_admission
control_raw_critic_target,regression,ppo,61,regression_02,5,executed_action==4 AND service_completed==false AND progressed==false AND migration_success==false,unknown_not_recorded,0,rsu_1,rsu_2,alpr,True,noop_all_resident,[],[],"[""base:family_a"",""adapter:alpr""]","[""base:family_a"",""adapter:alpr""]",False,True,False,0,0,6,6,6,False,False,,,84.78241297032933,unknown_not_identifiable_from_factual_ledger,noop_resident_set_no_new_admission
control_raw_critic_target,regression,ppo,61,regression_02,9,executed_action==4 AND service_completed==false AND progressed==false AND migration_success==false,unknown_not_recorded,0,rsu_0,rsu_1,helmet_distinct,True,noop_all_resident,[],[],"[""base:family_b"",""adapter:helmet_distinct""]","[""base:family_b"",""adapter:helmet_distinct""]",False,True,False,0,0,12,12,12,False,True,,,55.461673580747,unknown_not_identifiable_from_factual_ledger,noop_resident_set_no_new_admission
control_raw_critic_target,regression,ppo,61,regression_02,10,executed_action==4 AND service_completed==false AND progressed==false AND migration_success==false,unknown_not_recorded,0,rsu_0,rsu_1,helmet_distinct,True,noop_all_resident,[],[],"[""base:family_b"",""adapter:helmet_distinct""]","[""base:family_b"",""adapter:helmet_distinct""]",False,True,False,0,0,12,12,12,False,True,,,53.461673580747,unknown_not_identifiable_from_factual_ledger,noop_resident_set_no_new_admission
control_raw_critic_target,regression,ppo,61,regression_02,11,executed_action==4 AND service_completed==false AND progressed==false AND migration_success==false,unknown_not_recorded,0,rsu_0,rsu_1,helmet_distinct,True,noop_all_resident,[],[],"[""base:family_b"",""adapter:helmet_distinct""]","[""base:family_b"",""adapter:helmet_distinct""]",False,True,False,0,0,12,12,12,False,True,,,51.461673580747,unknown_not_identifiable_from_factual_ledger,noop_resident_set_no_new_admission
control_raw_critic_target,regression,ppo,61,regression_03,4,executed_action==4 AND service_completed==false AND progressed==false AND migration_success==false,unknown_not_recorded,0,rsu_0,rsu_1,alpr,True,noop_all_resident,[],[],"[""base:family_a"",""adapter:alpr"",""base:family_b"",""adapter:helmet_distinct""]","[""base:family_a"",""adapter:alpr"",""base:family_b"",""adapter:helmet_distinct""]",False,True,False,0,0,5,5,5,False,True,,,29.926881159999997,unknown_not_identifiable_from_factual_ledger,noop_resident_set_no_new_admission
control_raw_critic_target,regression,ppo,61,regression_04,2,executed_action==4 AND service_completed==false AND progressed==false AND migration_success==false,unknown_not_recorded,0,rsu_1,rsu_2,alpr,False,contact_budget_exceeded,[],[],"[""base:family_a"",""adapter:alpr""]","[""base:family_a"",""adapter:alpr""]",False,False,False,0,0,4,4,4,False,False,,,64.24382178716468,unknown_not_identifiable_from_factual_ledger,rollback_or_rejection_no_resident_change
control_raw_critic_target,regression,ppo,61,regression_04,3,executed_action==4 AND service_completed==false AND progressed==false AND migration_success==false,unknown_not_recorded,0,rsu_1,rsu_2,alpr,False,contact_budget_exceeded,[],[],"[""base:family_a"",""adapter:alpr""]","[""base:family_a"",""adapter:alpr""]",False,False,False,0,0,4,4,4,False,False,,,62.24382178716467,unknown_not_identifiable_from_factual_ledger,rollback_or_rejection_no_resident_change
control_raw_critic_target,regression,ppo,61,regression_05,1,executed_action==4 AND service_completed==false AND progressed==false AND migration_success==false,unknown_not_recorded,0,rsu_0,rsu_1,helmet_shared,True,noop_all_resident,[],[],"[""adapter:alpr"",""base:family_a"",""adapter:helmet_shared""]","[""adapter:alpr"",""base:family_a"",""adapter:helmet_shared""]",False,True,False,0,0,2,2,2,False,False,,,20.006207352,unknown_not_identifiable_from_factual_ledger,noop_resident_set_no_new_admission
control_raw_critic_target,regression,ppo,61,regression_07,4,executed_action==4 AND service_completed==false AND progressed==false AND migration_success==false,unknown_not_recorded,0,rsu_2,rsu_0,helmet_shared,True,noop_all_resident,[],[],"[""base:family_a"",""adapter:helmet_shared""]","[""base:family_a"",""adapter:helmet_shared""]",False,True,False,0,0,6,6,6,False,True,,,52.86327128,unknown_not_identifiable_from_factual_ledger,noop_resident_set_no_new_admission
control_raw_critic_target,regression,ppo,61,regression_07,5,executed_action==4 AND service_completed==false AND progressed==false AND migration_success==false,unknown_not_recorded,0,rsu_2,rsu_0,helmet_shared,True,noop_all_resident,[],[],"[""base:family_a"",""adapter:helmet_shared""]","[""base:family_a"",""adapter:helmet_shared""]",False,True,False,0,0,6,6,6,False,True,,,50.86327128,unknown_not_identifiable_from_factual_ledger,noop_resident_set_no_new_admission
control_raw_critic_target,regression,ppo,61,regression_07,11,executed_action==4 AND service_completed==false AND progressed==false AND migration_success==false,unknown_not_recorded,0,rsu_2,rsu_0,alpr,True,noop_all_resident,[],[],"[""base:family_a"",""adapter:helmet_shared"",""adapter:alpr""]","[""base:family_a"",""adapter:helmet_shared"",""adapter:alpr""]",False,True,False,0,0,12,12,12,False,True,,,29.075881,unknown_not_identifiable_from_factual_ledger,noop_resident_set_no_new_admission
control_raw_critic_target,regression,ppo,61,regression_07,16,executed_action==4 AND service_completed==false AND progressed==false AND migration_success==false,unknown_not_recorded,0,rsu_2,rsu_0,alpr,True,noop_all_resident,[],[],"[""base:family_a"",""adapter:helmet_shared"",""adapter:alpr""]","[""base:family_a"",""adapter:helmet_shared"",""adapter:alpr""]",False,True,False,0,0,18,18,18,False,True,,,20.030093,unknown_not_identifiable_from_factual_ledger,noop_resident_set_no_new_admission
control_raw_critic_target,regression,ppo,61,regression_07,17,executed_action==4 AND service_completed==false AND progressed==false AND migration_success==false,unknown_not_recorded,0,rsu_2,rsu_0,alpr,True,noop_all_resident,[],[],"[""base:family_a"",""adapter:helmet_shared"",""adapter:alpr""]","[""base:family_a"",""adapter:helmet_shared"",""adapter:alpr""]",False,True,False,0,0,18,18,18,False,True,,,18.030093,unknown_not_identifiable_from_factual_ledger,noop_resident_set_no_new_admission
control_raw_critic_target,regression,ppo,61,regression_08,2,executed_action==4 AND service_completed==false AND progressed==false AND migration_success==false,unknown_not_recorded,0,rsu_1,rsu_2,alpr,True,noop_all_resident,[],[],"[""base:family_a"",""adapter:alpr""]","[""base:family_a"",""adapter:alpr""]",False,True,False,0,0,4,4,4,False,False,,,107.5160357167058,unknown_not_identifiable_from_factual_ledger,noop_resident_set_no_new_admission
control_raw_critic_target,regression,ppo,61,regression_08,3,executed_action==4 AND service_completed==false AND progressed==false AND migration_success==false,unknown_not_recorded,0,rsu_1,rsu_2,alpr,True,noop_all_resident,[],[],"[""base:family_a"",""adapter:alpr""]","[""base:family_a"",""adapter:alpr""]",False,True,False,0,0,4,4,4,False,False,,,105.5160357167058,unknown_not_identifiable_from_factual_ledger,noop_resident_set_no_new_admission
control_raw_critic_target,regression,ppo,61,regression_08,6,executed_action==4 AND service_completed==false AND progressed==false AND migration_success==false,unknown_not_recorded,0,rsu_0,rsu_1,helmet_shared,True,noop_all_resident,[],[],"[""base:family_a"",""adapter:helmet_shared""]","[""base:family_a"",""adapter:helmet_shared""]",False,True,False,0,0,8,8,8,False,False,,,85.40055276011906,unknown_not_identifiable_from_factual_ledger,noop_resident_set_no_new_admission
control_raw_critic_target,regression,ppo,61,regression_08,7,executed_action==4 AND service_completed==false AND progressed==false AND migration_success==false,unknown_not_recorded,0,rsu_0,rsu_1,helmet_shared,True,noop_all_resident,[],[],"[""base:family_a"",""adapter:helmet_shared""]","[""base:family_a"",""adapter:helmet_shared""]",False,True,False,0,0,8,8,8,False,False,,,83.40055276011906,unknown_not_identifiable_from_factual_ledger,noop_resident_set_no_new_admission
control_raw_critic_target,regression,ppo,61,regression_10,2,executed_action==4 AND service_completed==false AND progressed==false AND migration_success==false,unknown_not_recorded,0,rsu_1,rsu_2,alpr,True,noop_all_resident,[],[],"[""base:family_a"",""adapter:alpr""]","[""base:family_a"",""adapter:alpr""]",False,True,False,0,0,4,4,4,False,True,,,46.642899397208836,unknown_not_identifiable_from_factual_ledger,noop_resident_set_no_new_admission
control_raw_critic_target,regression,ppo,61,regression_10,3,executed_action==4 AND service_completed==false AND progressed==false AND migration_success==false,unknown_not_recorded,0,rsu_1,rsu_2,alpr,True,noop_all_resident,[],[],"[""base:family_a"",""adapter:alpr""]","[""base:family_a"",""adapter:alpr""]",False,True,False,0,0,4,4,4,False,True,,,44.642899397208836,unknown_not_identifiable_from_factual_ledger,noop_resident_set_no_new_admission
control_raw_critic_target,regression,ppo,61,regression_11,1,executed_action==4 AND service_completed==false AND progressed==false AND migration_success==false,unknown_not_recorded,0,rsu_0,rsu_1,alpr,True,noop_all_resident,[],[],"[""base:family_a"",""adapter:alpr"",""base:family_b"",""adapter:helmet_distinct""]","[""base:family_a"",""adapter:alpr"",""base:family_b"",""adapter:helmet_distinct""]",False,True,False,0,0,2,2,2,False,True,,,71.29741647200001,unknown_not_identifiable_from_factual_ledger,noop_resident_set_no_new_admission
control_raw_critic_target,regression,ppo,61,regression_11,5,executed_action==4 AND service_completed==false AND progressed==false AND migration_success==false,unknown_not_recorded,0,rsu_2,rsu_0,helmet_distinct,True,noop_all_resident,[],[],"[""base:family_b"",""adapter:helmet_distinct""]","[""base:family_b"",""adapter:helmet_distinct""]",False,True,False,0,0,6,6,6,False,True,,,47.013005816,unknown_not_identifiable_from_factual_ledger,noop_resident_set_no_new_admission
control_raw_critic_target,regression,sa_ghmappo,7,regression_00,5,executed_action==4 AND service_completed==false AND progressed==false AND migration_success==false,unknown_not_recorded,0,rsu_1,rsu_2,helmet_shared,True,noop_all_resident,[],[],"[""base:family_a"",""adapter:helmet_shared""]","[""base:family_a"",""adapter:helmet_shared""]",False,True,False,0,0,6,6,6,False,True,,,19.316315408,unknown_not_identifiable_from_factual_ledger,noop_resident_set_no_new_admission
control_raw_critic_target,regression,sa_ghmappo,7,regression_00,8,executed_action==4 AND service_completed==false AND progressed==false AND migration_success==false,unknown_not_recorded,0,rsu_2,rsu_0,alpr,True,noop_all_resident,[],[],"[""base:family_a"",""adapter:alpr""]","[""base:family_a"",""adapter:alpr""]",False,True,False,0,0,9,9,9,False,True,,,9.518085,unknown_not_identifiable_from_factual_ledger,noop_resident_set_no_new_admission
control_raw_critic_target,regression,sa_ghmappo,7,regression_02,3,executed_action==4 AND service_completed==false AND progressed==false AND migration_success==false,unknown_not_recorded,0,rsu_1,rsu_2,alpr,True,noop_all_resident,[],[],"[""base:family_a"",""adapter:alpr""]","[""base:family_a"",""adapter:alpr""]",False,True,False,0,0,6,6,6,False,False,,,100.95805308232933,unknown_not_identifiable_from_factual_ledger,noop_resident_set_no_new_admission
control_raw_critic_target,regression,sa_ghmappo,7,regression_02,4,executed_action==4 AND service_completed==false AND progressed==false AND migration_success==false,unknown_not_recorded,0,rsu_1,rsu_2,alpr,True,noop_all_resident,[],[],"[""base:family_a"",""adapter:alpr""]","[""base:family_a"",""adapter:alpr""]",False,True,False,0,0,6,6,6,False,False,,,98.95805308232933,unknown_not_identifiable_from_factual_ledger,noop_resident_set_no_new_admission
control_raw_critic_target,regression,sa_ghmappo,7,regression_02,5,executed_action==4 AND service_completed==false AND progressed==false AND migration_success==false,unknown_not_recorded,0,rsu_1,rsu_2,alpr,True,noop_all_resident,[],[],"[""base:family_a"",""adapter:alpr""]","[""base:family_a"",""adapter:alpr""]",False,True,False,0,0,6,6,6,False,False,,,96.95805308232933,unknown_not_identifiable_from_factual_ledger,noop_resident_set_no_new_admission
control_raw_critic_target,regression,sa_ghmappo,7,regression_02,9,executed_action==4 AND service_completed==false AND progressed==false AND migration_success==false,unknown_not_recorded,0,rsu_0,rsu_1,helmet_distinct,True,noop_all_resident,[],[],"[""base:family_b"",""adapter:helmet_distinct""]","[""base:family_b"",""adapter:helmet_distinct""]",False,True,False,0,0,12,12,12,False,True,,,67.637313692747,unknown_not_identifiable_from_factual_ledger,noop_resident_set_no_new_admission
control_raw_critic_target,regression,sa_ghmappo,7,regression_02,10,executed_action==4 AND service_completed==false AND progressed==false AND migration_success==false,unknown_not_recorded,0,rsu_0,rsu_1,helmet_distinct,True,noop_all_resident,[],[],"[""base:family_b"",""adapter:helmet_distinct""]","[""base:family_b"",""adapter:helmet_distinct""]",False,True,False,0,0,12,12,12,False,True,,,65.637313692747,unknown_not_identifiable_from_factual_ledger,noop_resident_set_no_new_admission
control_raw_critic_target,regression,sa_ghmappo,7,regression_02,11,executed_action==4 AND service_completed==false AND progressed==false AND migration_success==false,unknown_not_recorded,0,rsu_0,rsu_1,helmet_distinct,True,noop_all_resident,[],[],"[""base:family_b"",""adapter:helmet_distinct""]","[""base:family_b"",""adapter:helmet_distinct""]",False,True,False,0,0,12,12,12,False,True,,,63.637313692747,unknown_not_identifiable_from_factual_ledger,noop_resident_set_no_new_admission
control_raw_critic_target,regression,sa_ghmappo,7,regression_03,4,executed_action==4 AND service_completed==false AND progressed==false AND migration_success==false,unknown_not_recorded,0,rsu_0,rsu_1,alpr,True,noop_all_resident,[],[],"[""base:family_a"",""adapter:alpr"",""base:family_b"",""adapter:helmet_distinct""]","[""base:family_a"",""adapter:alpr"",""base:family_b"",""adapter:helmet_distinct""]",False,True,False,0,0,5,5,5,False,True,,,29.926881159999997,unknown_not_identifiable_from_factual_ledger,noop_resident_set_no_new_admission
control_raw_critic_target,regression,sa_ghmappo,7,regression_04,2,executed_action==4 AND service_completed==false AND progressed==false AND migration_success==false,unknown_not_recorded,0,rsu_1,rsu_2,alpr,False,contact_budget_exceeded,[],[],"[""base:family_a"",""adapter:alpr""]","[""base:family_a"",""adapter:alpr""]",False,False,False,0,0,4,4,4,False,False,,,64.24382178716468,unknown_not_identifiable_from_factual_ledger,rollback_or_rejection_no_resident_change
control_raw_critic_target,regression,sa_ghmappo,7,regression_04,3,executed_action==4 AND service_completed==false AND progressed==false AND migration_success==false,unknown_not_recorded,0,rsu_1,rsu_2,alpr,False,contact_budget_exceeded,[],[],"[""base:family_a"",""adapter:alpr""]","[""base:family_a"",""adapter:alpr""]",False,False,False,0,0,4,4,4,False,False,,,62.24382178716467,unknown_not_identifiable_from_factual_ledger,rollback_or_rejection_no_resident_change
control_raw_critic_target,regression,sa_ghmappo,7,regression_05,1,executed_action==4 AND service_completed==false AND progressed==false AND migration_success==false,unknown_not_recorded,0,rsu_0,rsu_1,helmet_shared,True,noop_all_resident,[],[],"[""adapter:alpr"",""base:family_a"",""adapter:helmet_shared""]","[""adapter:alpr"",""base:family_a"",""adapter:helmet_shared""]",False,True,False,0,0,2,2,2,False,False,,,20.006207352,unknown_not_identifiable_from_factual_ledger,noop_resident_set_no_new_admission
control_raw_critic_target,regression,sa_ghmappo,7,regression_07,4,executed_action==4 AND service_completed==false AND progressed==false AND migration_success==false,unknown_not_recorded,0,rsu_2,rsu_0,helmet_shared,True,noop_all_resident,[],[],"[""base:family_a"",""adapter:helmet_shared""]","[""base:family_a"",""adapter:helmet_shared""]",False,True,False,0,0,6,6,6,False,True,,,135.00392055866752,unknown_not_identifiable_from_factual_ledger,noop_resident_set_no_new_admission
control_raw_critic_target,regression,sa_ghmappo,7,regression_07,5,executed_action==4 AND service_completed==false AND progressed==false AND migration_success==false,unknown_not_recorded,0,rsu_2,rsu_0,helmet_shared,True,noop_all_resident,[],[],"[""base:family_a"",""adapter:helmet_shared""]","[""base:family_a"",""adapter:helmet_shared""]",False,True,False,0,0,6,6,6,False,True,,,133.00392055866752,unknown_not_identifiable_from_factual_ledger,noop_resident_set_no_new_admission
control_raw_critic_target,regression,sa_ghmappo,7,regression_07,11,executed_action==4 AND service_completed==false AND progressed==false AND migration_success==false,unknown_not_recorded,0,rsu_2,rsu_0,alpr,True,noop_all_resident,[],[],"[""base:family_a"",""adapter:helmet_shared"",""adapter:alpr""]","[""base:family_a"",""adapter:helmet_shared"",""adapter:alpr""]",False,True,False,0,0,12,12,12,False,True,,,111.2165302786675,unknown_not_identifiable_from_factual_ledger,noop_resident_set_no_new_admission
control_raw_critic_target,regression,sa_ghmappo,7,regression_07,16,executed_action==4 AND service_completed==false AND progressed==false AND migration_success==false,unknown_not_recorded,0,rsu_2,rsu_0,alpr,True,noop_all_resident,[],[],"[""base:family_a"",""adapter:helmet_shared"",""adapter:alpr""]","[""base:family_a"",""adapter:helmet_shared"",""adapter:alpr""]",False,True,False,0,0,18,18,18,False,True,,,102.1707422786675,unknown_not_identifiable_from_factual_ledger,noop_resident_set_no_new_admission
control_raw_critic_target,regression,sa_ghmappo,7,regression_07,17,executed_action==4 AND service_completed==false AND progressed==false AND migration_success==false,unknown_not_recorded,0,rsu_2,rsu_0,alpr,True,noop_all_resident,[],[],"[""base:family_a"",""adapter:helmet_shared"",""adapter:alpr""]","[""base:family_a"",""adapter:helmet_shared"",""adapter:alpr""]",False,True,False,0,0,18,18,18,False,True,,,100.1707422786675,unknown_not_identifiable_from_factual_ledger,noop_resident_set_no_new_admission
control_raw_critic_target,regression,sa_ghmappo,7,regression_08,2,executed_action==4 AND service_completed==false AND progressed==false AND migration_success==false,unknown_not_recorded,0,rsu_1,rsu_2,alpr,True,noop_all_resident,[],[],"[""base:family_a"",""adapter:alpr""]","[""base:family_a"",""adapter:alpr""]",False,True,False,0,0,4,4,4,False,False,,,107.5160357167058,unknown_not_identifiable_from_factual_ledger,noop_resident_set_no_new_admission
control_raw_critic_target,regression,sa_ghmappo,7,regression_08,3,executed_action==4 AND service_completed==false AND progressed==false AND migration_success==false,unknown_not_recorded,0,rsu_1,rsu_2,alpr,True,noop_all_resident,[],[],"[""base:family_a"",""adapter:alpr""]","[""base:family_a"",""adapter:alpr""]",False,True,False,0,0,4,4,4,False,False,,,105.5160357167058,unknown_not_identifiable_from_factual_ledger,noop_resident_set_no_new_admission
control_raw_critic_target,regression,sa_ghmappo,7,regression_08,6,executed_action==4 AND service_completed==false AND progressed==false AND migration_success==false,unknown_not_recorded,0,rsu_0,rsu_1,helmet_shared,True,noop_all_resident,[],[],"[""base:family_a"",""adapter:helmet_shared""]","[""base:family_a"",""adapter:helmet_shared""]",False,True,False,0,0,8,8,8,False,False,,,85.40055276011906,unknown_not_identifiable_from_factual_ledger,noop_resident_set_no_new_admission
control_raw_critic_target,regression,sa_ghmappo,7,regression_08,7,executed_action==4 AND service_completed==false AND progressed==false AND migration_success==false,unknown_not_recorded,0,rsu_0,rsu_1,helmet_shared,True,noop_all_resident,[],[],"[""base:family_a"",""adapter:helmet_shared""]","[""base:family_a"",""adapter:helmet_shared""]",False,True,False,0,0,8,8,8,False,False,,,83.40055276011906,unknown_not_identifiable_from_factual_ledger,noop_resident_set_no_new_admission
control_raw_critic_target,regression,sa_ghmappo,7,regression_10,2,executed_action==4 AND service_completed==false AND progressed==false AND migration_success==false,unknown_not_recorded,0,rsu_1,rsu_2,alpr,True,noop_all_resident,[],[],"[""base:family_a"",""adapter:alpr""]","[""base:family_a"",""adapter:alpr""]",False,True,False,0,0,4,4,4,False,True,,,112.82068301683535,unknown_not_identifiable_from_factual_ledger,noop_resident_set_no_new_admission
control_raw_critic_target,regression,sa_ghmappo,7,regression_10,3,executed_action==4 AND service_completed==false AND progressed==false AND migration_success==false,unknown_not_recorded,0,rsu_1,rsu_2,alpr,True,noop_all_resident,[],[],"[""base:family_a"",""adapter:alpr""]","[""base:family_a"",""adapter:alpr""]",False,True,False,0,0,4,4,4,False,True,,,110.82068301683535,unknown_not_identifiable_from_factual_ledger,noop_resident_set_no_new_admission
control_raw_critic_target,regression,sa_ghmappo,7,regression_11,1,executed_action==4 AND service_completed==false AND progressed==false AND migration_success==false,unknown_not_recorded,0,rsu_0,rsu_1,alpr,True,noop_all_resident,[],[],"[""base:family_a"",""adapter:alpr"",""base:family_b"",""adapter:helmet_distinct""]","[""base:family_a"",""adapter:alpr"",""base:family_b"",""adapter:helmet_distinct""]",False,True,False,0,0,2,2,2,False,True,,,71.29741647200001,unknown_not_identifiable_from_factual_ledger,noop_resident_set_no_new_admission
control_raw_critic_target,regression,sa_ghmappo,7,regression_11,5,executed_action==4 AND service_completed==false AND progressed==false AND migration_success==false,unknown_not_recorded,0,rsu_2,rsu_0,helmet_distinct,True,noop_all_resident,[],[],"[""base:family_b"",""adapter:helmet_distinct""]","[""base:family_b"",""adapter:helmet_distinct""]",False,True,False,0,0,6,6,6,False,True,,,47.013005816,unknown_not_identifiable_from_factual_ledger,noop_resident_set_no_new_admission
control_raw_critic_target,regression,sa_ghmappo,29,regression_00,2,executed_action==4 AND service_completed==false AND progressed==false AND migration_success==false,unknown_not_recorded,0,rsu_0,rsu_1,alpr,True,committed,"[""adapter:alpr""]","[""adapter:helmet_shared""]","[""base:family_a"",""adapter:helmet_shared""]","[""base:family_a"",""adapter:alpr""]",True,True,False,154423432,0,3,3,3,True,True,4,4,25.249362912,unknown_not_identifiable_from_factual_ledger,committed_warm_reused_with_observed_victim_cost
control_raw_critic_target,regression,sa_ghmappo,29,regression_00,4,executed_action==4 AND service_completed==false AND progressed==false AND migration_success==false,unknown_not_recorded,0,rsu_1,rsu_2,helmet_shared,True,committed,"[""adapter:helmet_shared""]","[""adapter:alpr""]","[""base:family_a"",""adapter:alpr""]","[""base:family_a"",""adapter:helmet_shared""]",True,True,False,9641944,0,6,6,6,True,True,7,7,21.316315408,unknown_not_identifiable_from_factual_ledger,committed_warm_reused_with_observed_victim_cost
control_raw_critic_target,regression,sa_ghmappo,29,regression_00,5,executed_action==4 AND service_completed==false AND progressed==false AND migration_success==false,unknown_not_recorded,0,rsu_1,rsu_2,helmet_shared,True,noop_all_resident,[],[],"[""base:family_a"",""adapter:helmet_shared""]","[""base:family_a"",""adapter:helmet_shared""]",False,True,False,0,0,6,6,6,False,True,,,19.316315408,unknown_not_identifiable_from_factual_ledger,noop_resident_set_no_new_admission
control_raw_critic_target,regression,sa_ghmappo,29,regression_00,7,executed_action==4 AND service_completed==false AND progressed==false AND migration_success==false,unknown_not_recorded,0,rsu_2,rsu_0,alpr,True,committed,"[""adapter:alpr""]","[""adapter:helmet_shared""]","[""base:family_a"",""adapter:helmet_shared""]","[""base:family_a"",""adapter:alpr""]",True,True,False,154423432,0,9,9,9,True,True,,,11.518085,unknown_not_identifiable_from_factual_ledger,committed_warm_reused_no_observed_victim_cost
control_raw_critic_target,regression,sa_ghmappo,29,regression_00,8,executed_action==4 AND service_completed==false AND progressed==false AND migration_success==false,unknown_not_recorded,0,rsu_2,rsu_0,alpr,True,noop_all_resident,[],[],"[""base:family_a"",""adapter:alpr""]","[""base:family_a"",""adapter:alpr""]",False,True,False,0,0,9,9,9,False,True,,,9.518085,unknown_not_identifiable_from_factual_ledger,noop_resident_set_no_new_admission
control_raw_critic_target,regression,sa_ghmappo,29,regression_02,1,executed_action==4 AND service_completed==false AND progressed==false AND migration_success==false,unknown_not_recorded,0,rsu_0,rsu_1,alpr,False,contact_budget_exceeded,"[""adapter:alpr"",""base:family_a""]","[""adapter:helmet_distinct"",""base:family_b""]","[""base:family_b"",""adapter:helmet_distinct""]","[""base:family_b"",""adapter:helmet_distinct""]",False,False,False,0,0,3,3,,False,False,,,92.80684692232933,unknown_not_identifiable_from_factual_ledger,rollback_or_rejection_no_resident_change
control_raw_critic_target,regression,sa_ghmappo,29,regression_02,2,executed_action==4 AND service_completed==false AND progressed==false AND migration_success==false,unknown_not_recorded,0,rsu_0,rsu_1,alpr,False,contact_budget_exceeded,"[""adapter:alpr"",""base:family_a""]","[""adapter:helmet_distinct"",""base:family_b""]","[""base:family_b"",""adapter:helmet_distinct""]","[""base:family_b"",""adapter:helmet_distinct""]",False,False,False,0,0,3,3,,False,False,,,90.80684692232933,unknown_not_identifiable_from_factual_ledger,rollback_or_rejection_no_resident_change
control_raw_critic_target,regression,sa_ghmappo,29,regression_02,3,executed_action==4 AND service_completed==false AND progressed==false AND migration_success==false,unknown_not_recorded,0,rsu_1,rsu_2,alpr,True,noop_all_resident,[],[],"[""base:family_a"",""adapter:alpr""]","[""base:family_a"",""adapter:alpr""]",False,True,False,0,0,6,6,6,False,False,,,88.80684692232933,unknown_not_identifiable_from_factual_ledger,noop_resident_set_no_new_admission
control_raw_critic_target,regression,sa_ghmappo,29,regression_02,4,executed_action==4 AND service_completed==false AND progressed==false AND migration_success==false,unknown_not_recorded,0,rsu_1,rsu_2,alpr,True,noop_all_resident,[],[],"[""base:family_a"",""adapter:alpr""]","[""base:family_a"",""adapter:alpr""]",False,True,False,0,0,6,6,6,False,False,,,86.80684692232933,unknown_not_identifiable_from_factual_ledger,noop_resident_set_no_new_admission
control_raw_critic_target,regression,sa_ghmappo,29,regression_02,5,executed_action==4 AND service_completed==false AND progressed==false AND migration_success==false,unknown_not_recorded,0,rsu_1,rsu_2,alpr,True,noop_all_resident,[],[],"[""base:family_a"",""adapter:alpr""]","[""base:family_a"",""adapter:alpr""]",False,True,False,0,0,6,6,6,False,False,,,84.80684692232933,unknown_not_identifiable_from_factual_ledger,noop_resident_set_no_new_admission
control_raw_critic_target,regression,sa_ghmappo,29,regression_02,9,executed_action==4 AND service_completed==false AND progressed==false AND migration_success==false,unknown_not_recorded,0,rsu_0,rsu_1,helmet_distinct,True,noop_all_resident,[],[],"[""base:family_b"",""adapter:helmet_distinct""]","[""base:family_b"",""adapter:helmet_distinct""]",False,True,False,0,0,12,12,12,False,True,,,55.461673580747,unknown_not_identifiable_from_factual_ledger,noop_resident_set_no_new_admission
control_raw_critic_target,regression,sa_ghmappo,29,regression_02,10,executed_action==4 AND service_completed==false AND progressed==false AND migration_success==false,unknown_not_recorded,0,rsu_0,rsu_1,helmet_distinct,True,noop_all_resident,[],[],"[""base:family_b"",""adapter:helmet_distinct""]","[""base:family_b"",""adapter:helmet_distinct""]",False,True,False,0,0,12,12,12,False,True,,,53.461673580747,unknown_not_identifiable_from_factual_ledger,noop_resident_set_no_new_admission
control_raw_critic_target,regression,sa_ghmappo,29,regression_02,11,executed_action==4 AND service_completed==false AND progressed==false AND migration_success==false,unknown_not_recorded,0,rsu_0,rsu_1,helmet_distinct,True,noop_all_resident,[],[],"[""base:family_b"",""adapter:helmet_distinct""]","[""base:family_b"",""adapter:helmet_distinct""]",False,True,False,0,0,12,12,12,False,True,,,51.461673580747,unknown_not_identifiable_from_factual_ledger,noop_resident_set_no_new_admission
control_raw_critic_target,regression,sa_ghmappo,29,regression_03,4,executed_action==4 AND service_completed==false AND progressed==false AND migration_success==false,unknown_not_recorded,0,rsu_0,rsu_1,alpr,True,noop_all_resident,[],[],"[""base:family_a"",""adapter:alpr"",""base:family_b"",""adapter:helmet_distinct""]","[""base:family_a"",""adapter:alpr"",""base:family_b"",""adapter:helmet_distinct""]",False,True,False,0,0,5,5,5,False,True,,,29.926881159999997,unknown_not_identifiable_from_factual_ledger,noop_resident_set_no_new_admission
control_raw_critic_target,regression,sa_ghmappo,29,regression_05,0,executed_action==4 AND service_completed==false AND progressed==false AND migration_success==false,unknown_not_recorded,0,rsu_0,rsu_1,helmet_shared,True,committed,"[""adapter:helmet_shared""]",[],"[""adapter:alpr"",""base:family_a""]","[""adapter:alpr"",""base:family_a"",""adapter:helmet_shared""]",True,True,False,9641944,0,2,2,2,True,False,,,22.055066472,unknown_not_identifiable_from_factual_ledger,committed_warm_reused_no_observed_victim_cost
control_raw_critic_target,regression,sa_ghmappo,29,regression_05,1,executed_action==4 AND service_completed==false AND progressed==false AND migration_success==false,unknown_not_recorded,0,rsu_0,rsu_1,helmet_shared,True,noop_all_resident,[],[],"[""adapter:alpr"",""base:family_a"",""adapter:helmet_shared""]","[""adapter:alpr"",""base:family_a"",""adapter:helmet_shared""]",False,True,False,0,0,2,2,2,False,False,,,20.055066472,unknown_not_identifiable_from_factual_ledger,noop_resident_set_no_new_admission
control_raw_critic_target,regression,sa_ghmappo,29,regression_07,2,executed_action==4 AND service_completed==false AND progressed==false AND migration_success==false,unknown_not_recorded,0,rsu_1,rsu_2,helmet_shared,False,contact_budget_exceeded,"[""adapter:helmet_shared"",""base:family_a""]",[],[],[],False,False,False,0,0,4,4,,False,False,,,56.86327128,unknown_not_identifiable_from_factual_ledger,rollback_or_rejection_no_resident_change
control_raw_critic_target,regression,sa_ghmappo,29,regression_07,3,executed_action==4 AND service_completed==false AND progressed==false AND migration_success==false,unknown_not_recorded,0,rsu_1,rsu_2,helmet_shared,False,contact_budget_exceeded,"[""adapter:helmet_shared"",""base:family_a""]",[],[],[],False,False,False,0,0,4,4,,False,False,,,54.86327128,unknown_not_identifiable_from_factual_ledger,rollback_or_rejection_no_resident_change
control_raw_critic_target,regression,sa_ghmappo,29,regression_07,4,executed_action==4 AND service_completed==false AND progressed==false AND migration_success==false,unknown_not_recorded,0,rsu_2,rsu_0,helmet_shared,True,noop_all_resident,[],[],"[""base:family_a"",""adapter:helmet_shared""]","[""base:family_a"",""adapter:helmet_shared""]",False,True,False,0,0,6,6,6,False,True,,,52.86327128,unknown_not_identifiable_from_factual_ledger,noop_resident_set_no_new_admission
control_raw_critic_target,regression,sa_ghmappo,29,regression_07,5,executed_action==4 AND service_completed==false AND progressed==false AND migration_success==false,unknown_not_recorded,0,rsu_2,rsu_0,helmet_shared,True,noop_all_resident,[],[],"[""base:family_a"",""adapter:helmet_shared""]","[""base:family_a"",""adapter:helmet_shared""]",False,True,False,0,0,6,6,6,False,True,,,50.86327128,unknown_not_identifiable_from_factual_ledger,noop_resident_set_no_new_admission
control_raw_critic_target,regression,sa_ghmappo,29,regression_07,8,executed_action==4 AND service_completed==false AND progressed==false AND migration_success==false,unknown_not_recorded,0,rsu_1,rsu_2,alpr,False,contact_budget_exceeded,"[""adapter:alpr"",""base:family_a""]",[],[],[],False,False,False,0,0,10,10,,False,False,,,41.98399328,unknown_not_identifiable_from_factual_ledger,rollback_or_rejection_no_resident_change
control_raw_critic_target,regression,sa_ghmappo,29,regression_07,9,executed_action==4 AND service_completed==false AND progressed==false AND migration_success==false,unknown_not_recorded,0,rsu_1,rsu_2,alpr,False,contact_budget_exceeded,"[""adapter:alpr"",""base:family_a""]",[],[],[],False,False,False,0,0,10,10,,False,False,,,39.98399327999999,unknown_not_identifiable_from_factual_ledger,rollback_or_rejection_no_resident_change
control_raw_critic_target,regression,sa_ghmappo,29,regression_07,10,executed_action==4 AND service_completed==false AND progressed==false AND migration_success==false,unknown_not_recorded,0,rsu_2,rsu_0,alpr,True,committed,"[""adapter:alpr""]",[],"[""base:family_a"",""adapter:helmet_shared""]","[""base:family_a"",""adapter:helmet_shared"",""adapter:alpr""]",True,True,False,154423432,0,12,12,12,True,True,,,31.075881,unknown_not_identifiable_from_factual_ledger,committed_warm_reused_no_observed_victim_cost
control_raw_critic_target,regression,sa_ghmappo,29,regression_07,11,executed_action==4 AND service_completed==false AND progressed==false AND migration_success==false,unknown_not_recorded,0,rsu_2,rsu_0,alpr,True,noop_all_resident,[],[],"[""base:family_a"",""adapter:helmet_shared"",""adapter:alpr""]","[""base:family_a"",""adapter:helmet_shared"",""adapter:alpr""]",False,True,False,0,0,12,12,12,False,True,,,29.075881,unknown_not_identifiable_from_factual_ledger,noop_resident_set_no_new_admission
control_raw_critic_target,regression,sa_ghmappo,29,regression_07,14,executed_action==4 AND service_completed==false AND progressed==false AND migration_success==false,unknown_not_recorded,0,rsu_1,rsu_2,alpr,False,contact_budget_exceeded,"[""adapter:alpr"",""base:family_a""]",[],[],[],False,False,False,0,0,16,16,,False,False,,,24.030093,unknown_not_identifiable_from_factual_ledger,rollback_or_rejection_no_resident_change
control_raw_critic_target,regression,sa_ghmappo,29,regression_07,15,executed_action==4 AND service_completed==false AND progressed==false AND migration_success==false,unknown_not_recorded,0,rsu_1,rsu_2,alpr,False,contact_budget_exceeded,"[""adapter:alpr"",""base:family_a""]",[],[],[],False,False,False,0,0,16,16,,False,False,,,22.030093,unknown_not_identifiable_from_factual_ledger,rollback_or_rejection_no_resident_change
control_raw_critic_target,regression,sa_ghmappo,29,regression_07,16,executed_action==4 AND service_completed==false AND progressed==false AND migration_success==false,unknown_not_recorded,0,rsu_2,rsu_0,alpr,True,noop_all_resident,[],[],"[""base:family_a"",""adapter:helmet_shared"",""adapter:alpr""]","[""base:family_a"",""adapter:helmet_shared"",""adapter:alpr""]",False,True,False,0,0,18,18,18,False,True,,,20.030093,unknown_not_identifiable_from_factual_ledger,noop_resident_set_no_new_admission
control_raw_critic_target,regression,sa_ghmappo,29,regression_07,17,executed_action==4 AND service_completed==false AND progressed==false AND migration_success==false,unknown_not_recorded,0,rsu_2,rsu_0,alpr,True,noop_all_resident,[],[],"[""base:family_a"",""adapter:helmet_shared"",""adapter:alpr""]","[""base:family_a"",""adapter:helmet_shared"",""adapter:alpr""]",False,True,False,0,0,18,18,18,False,True,,,18.030093,unknown_not_identifiable_from_factual_ledger,noop_resident_set_no_new_admission
control_raw_critic_target,regression,sa_ghmappo,29,regression_07,20,executed_action==4 AND service_completed==false AND progressed==false AND migration_success==false,unknown_not_recorded,0,rsu_1,rsu_2,alpr,False,contact_budget_exceeded,"[""adapter:alpr"",""base:family_a""]",[],[],[],False,False,False,0,0,22,22,,False,False,,,6.0,unknown_not_identifiable_from_factual_ledger,rollback_or_rejection_no_resident_change
control_raw_critic_target,regression,sa_ghmappo,29,regression_07,21,executed_action==4 AND service_completed==false AND progressed==false AND migration_success==false,unknown_not_recorded,0,rsu_1,rsu_2,alpr,False,contact_budget_exceeded,"[""adapter:alpr"",""base:family_a""]",[],[],[],False,False,False,0,0,22,22,,False,False,,,4.0,unknown_not_identifiable_from_factual_ledger,rollback_or_rejection_no_resident_change
control_raw_critic_target,regression,sa_ghmappo,29,regression_08,2,executed_action==4 AND service_completed==false AND progressed==false AND migration_success==false,unknown_not_recorded,0,rsu_1,rsu_2,alpr,True,noop_all_resident,[],[],"[""base:family_a"",""adapter:alpr""]","[""base:family_a"",""adapter:alpr""]",False,True,False,0,0,4,4,4,False,False,,,66.44841897575141,unknown_not_identifiable_from_factual_ledger,noop_resident_set_no_new_admission
control_raw_critic_target,regression,sa_ghmappo,29,regression_08,3,executed_action==4 AND service_completed==false AND progressed==false AND migration_success==false,unknown_not_recorded,0,rsu_1,rsu_2,alpr,True,noop_all_resident,[],[],"[""base:family_a"",""adapter:alpr""]","[""base:family_a"",""adapter:alpr""]",False,True,False,0,0,4,4,4,False,False,,,64.44841897575141,unknown_not_identifiable_from_factual_ledger,noop_resident_set_no_new_admission
control_raw_critic_target,regression,sa_ghmappo,29,regression_08,6,executed_action==4 AND service_completed==false AND progressed==false AND migration_success==false,unknown_not_recorded,0,rsu_0,rsu_1,helmet_shared,True,noop_all_resident,[],[],"[""base:family_a"",""adapter:helmet_shared""]","[""base:family_a"",""adapter:helmet_shared""]",False,True,False,0,0,8,8,8,False,False,,,44.30850206716467,unknown_not_identifiable_from_factual_ledger,noop_resident_set_no_new_admission
control_raw_critic_target,regression,sa_ghmappo,29,regression_08,7,executed_action==4 AND service_completed==false AND progressed==false AND migration_success==false,unknown_not_recorded,0,rsu_0,rsu_1,helmet_shared,True,noop_all_resident,[],[],"[""base:family_a"",""adapter:helmet_shared""]","[""base:family_a"",""adapter:helmet_shared""]",False,True,False,0,0,8,8,8,False,False,,,42.30850206716467,unknown_not_identifiable_from_factual_ledger,noop_resident_set_no_new_admission
control_raw_critic_target,regression,sa_ghmappo,29,regression_08,9,executed_action==4 AND service_completed==false AND progressed==false AND migration_success==false,unknown_not_recorded,0,rsu_1,rsu_2,alpr,True,committed,"[""adapter:alpr""]","[""adapter:helmet_shared""]","[""base:family_a"",""adapter:helmet_shared""]","[""base:family_a"",""adapter:alpr""]",True,True,False,154423432,0,10,10,10,True,True,,,3.858888,unknown_not_identifiable_from_factual_ledger,committed_warm_reused_no_observed_victim_cost
control_raw_critic_target,regression,sa_ghmappo,29,regression_10,2,executed_action==4 AND service_completed==false AND progressed==false AND migration_success==false,unknown_not_recorded,0,rsu_1,rsu_2,alpr,True,noop_all_resident,[],[],"[""base:family_a"",""adapter:alpr""]","[""base:family_a"",""adapter:alpr""]",False,True,False,0,0,4,4,4,False,True,,,46.642899397208836,unknown_not_identifiable_from_factual_ledger,noop_resident_set_no_new_admission
control_raw_critic_target,regression,sa_ghmappo,29,regression_10,3,executed_action==4 AND service_completed==false AND progressed==false AND migration_success==false,unknown_not_recorded,0,rsu_1,rsu_2,alpr,True,noop_all_resident,[],[],"[""base:family_a"",""adapter:alpr""]","[""base:family_a"",""adapter:alpr""]",False,True,False,0,0,4,4,4,False,True,,,44.642899397208836,unknown_not_identifiable_from_factual_ledger,noop_resident_set_no_new_admission
control_raw_critic_target,regression,sa_ghmappo,29,regression_10,6,executed_action==4 AND service_completed==false AND progressed==false AND migration_success==false,unknown_not_recorded,0,rsu_0,rsu_1,alpr,False,contact_budget_exceeded,"[""adapter:alpr"",""base:family_a""]","[""adapter:helmet_distinct"",""base:family_b""]","[""base:family_b"",""adapter:helmet_distinct""]","[""base:family_b"",""adapter:helmet_distinct""]",False,False,False,0,0,8,8,,False,False,,,6.0,unknown_not_identifiable_from_factual_ledger,rollback_or_rejection_no_resident_change
control_raw_critic_target,regression,sa_ghmappo,29,regression_10,7,executed_action==4 AND service_completed==false AND progressed==false AND migration_success==false,unknown_not_recorded,0,rsu_0,rsu_1,alpr,False,contact_budget_exceeded,"[""adapter:alpr"",""base:family_a""]","[""adapter:helmet_distinct"",""base:family_b""]","[""base:family_b"",""adapter:helmet_distinct""]","[""base:family_b"",""adapter:helmet_distinct""]",False,False,False,0,0,8,8,,False,False,,,4.0,unknown_not_identifiable_from_factual_ledger,rollback_or_rejection_no_resident_change
control_raw_critic_target,regression,sa_ghmappo,29,regression_11,1,executed_action==4 AND service_completed==false AND progressed==false AND migration_success==false,unknown_not_recorded,0,rsu_0,rsu_1,alpr,True,noop_all_resident,[],[],"[""base:family_a"",""adapter:alpr"",""base:family_b"",""adapter:helmet_distinct""]","[""base:family_a"",""adapter:alpr"",""base:family_b"",""adapter:helmet_distinct""]",False,True,False,0,0,2,2,2,False,True,,,60.486341416,unknown_not_identifiable_from_factual_ledger,noop_resident_set_no_new_admission
control_raw_critic_target,regression,sa_ghmappo,29,regression_11,5,executed_action==4 AND service_completed==false AND progressed==false AND migration_success==false,unknown_not_recorded,0,rsu_2,rsu_0,helmet_distinct,True,noop_all_resident,[],[],"[""base:family_b"",""adapter:helmet_distinct""]","[""base:family_b"",""adapter:helmet_distinct""]",False,True,False,0,0,6,6,6,False,True,,,47.013005816,unknown_not_identifiable_from_factual_ledger,noop_resident_set_no_new_admission
control_raw_critic_target,regression,sa_ghmappo,43,regression_00,2,executed_action==4 AND service_completed==false AND progressed==false AND migration_success==false,unknown_not_recorded,0,rsu_0,rsu_1,alpr,True,committed,"[""adapter:alpr""]","[""adapter:helmet_shared""]","[""base:family_a"",""adapter:helmet_shared""]","[""base:family_a"",""adapter:alpr""]",True,True,False,154423432,0,3,3,3,True,True,4,4,25.249362912,unknown_not_identifiable_from_factual_ledger,committed_warm_reused_with_observed_victim_cost
control_raw_critic_target,regression,sa_ghmappo,43,regression_00,4,executed_action==4 AND service_completed==false AND progressed==false AND migration_success==false,unknown_not_recorded,0,rsu_1,rsu_2,helmet_shared,True,committed,"[""adapter:helmet_shared""]","[""adapter:alpr""]","[""base:family_a"",""adapter:alpr""]","[""base:family_a"",""adapter:helmet_shared""]",True,True,False,9641944,0,6,6,6,True,True,7,7,21.316315408,unknown_not_identifiable_from_factual_ledger,committed_warm_reused_with_observed_victim_cost
control_raw_critic_target,regression,sa_ghmappo,43,regression_00,5,executed_action==4 AND service_completed==false AND progressed==false AND migration_success==false,unknown_not_recorded,0,rsu_1,rsu_2,helmet_shared,True,noop_all_resident,[],[],"[""base:family_a"",""adapter:helmet_shared""]","[""base:family_a"",""adapter:helmet_shared""]",False,True,False,0,0,6,6,6,False,True,,,19.316315408,unknown_not_identifiable_from_factual_ledger,noop_resident_set_no_new_admission
control_raw_critic_target,regression,sa_ghmappo,43,regression_00,7,executed_action==4 AND service_completed==false AND progressed==false AND migration_success==false,unknown_not_recorded,0,rsu_2,rsu_0,alpr,True,committed,"[""adapter:alpr""]","[""adapter:helmet_shared""]","[""base:family_a"",""adapter:helmet_shared""]","[""base:family_a"",""adapter:alpr""]",True,True,False,154423432,0,9,9,9,True,True,,,11.518085,unknown_not_identifiable_from_factual_ledger,committed_warm_reused_no_observed_victim_cost
control_raw_critic_target,regression,sa_ghmappo,43,regression_00,8,executed_action==4 AND service_completed==false AND progressed==false AND migration_success==false,unknown_not_recorded,0,rsu_2,rsu_0,alpr,True,noop_all_resident,[],[],"[""base:family_a"",""adapter:alpr""]","[""base:family_a"",""adapter:alpr""]",False,True,False,0,0,9,9,9,False,True,,,9.518085,unknown_not_identifiable_from_factual_ledger,noop_resident_set_no_new_admission
control_raw_critic_target,regression,sa_ghmappo,43,regression_02,1,executed_action==4 AND service_completed==false AND progressed==false AND migration_success==false,unknown_not_recorded,0,rsu_0,rsu_1,alpr,True,noop_all_resident,[],[],"[""base:family_a"",""adapter:alpr""]","[""base:family_a"",""adapter:alpr""]",False,True,False,0,0,3,3,3,False,True,,,154.11409389907632,unknown_not_identifiable_from_factual_ledger,noop_resident_set_no_new_admission
control_raw_critic_target,regression,sa_ghmappo,43,regression_02,2,executed_action==4 AND service_completed==false AND progressed==false AND migration_success==false,unknown_not_recorded,0,rsu_0,rsu_1,alpr,True,noop_all_resident,[],[],"[""base:family_a"",""adapter:alpr""]","[""base:family_a"",""adapter:alpr""]",False,True,False,0,0,3,3,3,False,True,,,152.11409389907632,unknown_not_identifiable_from_factual_ledger,noop_resident_set_no_new_admission
control_raw_critic_target,regression,sa_ghmappo,43,regression_02,6,executed_action==4 AND service_completed==false AND progressed==false AND migration_success==false,unknown_not_recorded,0,rsu_2,rsu_0,helmet_distinct,True,noop_all_resident,[],[],"[""base:family_b"",""adapter:helmet_distinct""]","[""base:family_b"",""adapter:helmet_distinct""]",False,True,False,0,0,9,9,9,False,True,,,133.16176062149398,unknown_not_identifiable_from_factual_ledger,noop_resident_set_no_new_admission
control_raw_critic_target,regression,sa_ghmappo,43,regression_02,7,executed_action==4 AND service_completed==false AND progressed==false AND migration_success==false,unknown_not_recorded,0,rsu_2,rsu_0,helmet_distinct,True,noop_all_resident,[],[],"[""base:family_b"",""adapter:helmet_distinct""]","[""base:family_b"",""adapter:helmet_distinct""]",False,True,False,0,0,9,9,9,False,True,,,131.16176062149398,unknown_not_identifiable_from_factual_ledger,noop_resident_set_no_new_admission
control_raw_critic_target,regression,sa_ghmappo,43,regression_02,8,executed_action==4 AND service_completed==false AND progressed==false AND migration_success==false,unknown_not_recorded,0,rsu_2,rsu_0,helmet_distinct,True,noop_all_resident,[],[],"[""base:family_b"",""adapter:helmet_distinct""]","[""base:family_b"",""adapter:helmet_distinct""]",False,True,False,0,0,9,9,9,False,True,,,129.16176062149398,unknown_not_identifiable_from_factual_ledger,noop_resident_set_no_new_admission
control_raw_critic_target,regression,sa_ghmappo,43,regression_02,10,executed_action==4 AND service_completed==false AND progressed==false AND migration_success==false,unknown_not_recorded,0,rsu_0,rsu_1,alpr,True,noop_all_resident,[],[],"[""base:family_a"",""adapter:alpr""]","[""base:family_a"",""adapter:alpr""]",False,True,False,0,0,12,12,12,False,True,,,77.70008704074701,unknown_not_identifiable_from_factual_ledger,noop_resident_set_no_new_admission
control_raw_critic_target,regression,sa_ghmappo,43,regression_02,11,executed_action==4 AND service_completed==false AND progressed==false AND migration_success==false,unknown_not_recorded,0,rsu_0,rsu_1,alpr,True,noop_all_resident,[],[],"[""base:family_a"",""adapter:alpr""]","[""base:family_a"",""adapter:alpr""]",False,True,False,0,0,12,12,12,False,True,,,75.70008704074701,unknown_not_identifiable_from_factual_ledger,noop_resident_set_no_new_admission
control_raw_critic_target,regression,sa_ghmappo,43,regression_03,4,executed_action==4 AND service_completed==false AND progressed==false AND migration_success==false,unknown_not_recorded,0,rsu_0,rsu_1,alpr,True,noop_all_resident,[],[],"[""base:family_a"",""adapter:alpr"",""base:family_b"",""adapter:helmet_distinct""]","[""base:family_a"",""adapter:alpr"",""base:family_b"",""adapter:helmet_distinct""]",False,True,False,0,0,5,5,5,False,True,,,29.926881159999997,unknown_not_identifiable_from_factual_ledger,noop_resident_set_no_new_admission
control_raw_critic_target,regression,sa_ghmappo,43,regression_05,0,executed_action==4 AND service_completed==false AND progressed==false AND migration_success==false,unknown_not_recorded,0,rsu_0,rsu_1,helmet_shared,True,committed,"[""adapter:helmet_shared""]",[],"[""adapter:alpr"",""base:family_a""]","[""adapter:alpr"",""base:family_a"",""adapter:helmet_shared""]",True,True,False,9641944,0,2,2,2,True,False,,,22.055066472,unknown_not_identifiable_from_factual_ledger,committed_warm_reused_no_observed_victim_cost
control_raw_critic_target,regression,sa_ghmappo,43,regression_05,1,executed_action==4 AND service_completed==false AND progressed==false AND migration_success==false,unknown_not_recorded,0,rsu_0,rsu_1,helmet_shared,True,noop_all_resident,[],[],"[""adapter:alpr"",""base:family_a"",""adapter:helmet_shared""]","[""adapter:alpr"",""base:family_a"",""adapter:helmet_shared""]",False,True,False,0,0,2,2,2,False,False,,,20.055066472,unknown_not_identifiable_from_factual_ledger,noop_resident_set_no_new_admission
control_raw_critic_target,regression,sa_ghmappo,43,regression_07,2,executed_action==4 AND service_completed==false AND progressed==false AND migration_success==false,unknown_not_recorded,0,rsu_1,rsu_2,helmet_shared,False,contact_budget_exceeded,"[""adapter:helmet_shared"",""base:family_a""]",[],[],[],False,False,False,0,0,4,4,,False,False,,,56.86327128,unknown_not_identifiable_from_factual_ledger,rollback_or_rejection_no_resident_change
control_raw_critic_target,regression,sa_ghmappo,43,regression_07,3,executed_action==4 AND service_completed==false AND progressed==false AND migration_success==false,unknown_not_recorded,0,rsu_1,rsu_2,helmet_shared,False,contact_budget_exceeded,"[""adapter:helmet_shared"",""base:family_a""]",[],[],[],False,False,False,0,0,4,4,,False,False,,,54.86327128,unknown_not_identifiable_from_factual_ledger,rollback_or_rejection_no_resident_change
control_raw_critic_target,regression,sa_ghmappo,43,regression_07,4,executed_action==4 AND service_completed==false AND progressed==false AND migration_success==false,unknown_not_recorded,0,rsu_2,rsu_0,helmet_shared,True,noop_all_resident,[],[],"[""base:family_a"",""adapter:helmet_shared""]","[""base:family_a"",""adapter:helmet_shared""]",False,True,False,0,0,6,6,6,False,True,,,52.86327128,unknown_not_identifiable_from_factual_ledger,noop_resident_set_no_new_admission
control_raw_critic_target,regression,sa_ghmappo,43,regression_07,5,executed_action==4 AND service_completed==false AND progressed==false AND migration_success==false,unknown_not_recorded,0,rsu_2,rsu_0,helmet_shared,True,noop_all_resident,[],[],"[""base:family_a"",""adapter:helmet_shared""]","[""base:family_a"",""adapter:helmet_shared""]",False,True,False,0,0,6,6,6,False,True,,,50.86327128,unknown_not_identifiable_from_factual_ledger,noop_resident_set_no_new_admission
control_raw_critic_target,regression,sa_ghmappo,43,regression_07,8,executed_action==4 AND service_completed==false AND progressed==false AND migration_success==false,unknown_not_recorded,0,rsu_1,rsu_2,alpr,False,contact_budget_exceeded,"[""adapter:alpr"",""base:family_a""]",[],[],[],False,False,False,0,0,10,10,,False,False,,,41.98399328,unknown_not_identifiable_from_factual_ledger,rollback_or_rejection_no_resident_change
control_raw_critic_target,regression,sa_ghmappo,43,regression_07,10,executed_action==4 AND service_completed==false AND progressed==false AND migration_success==false,unknown_not_recorded,0,rsu_2,rsu_0,alpr,True,committed,"[""adapter:alpr""]",[],"[""base:family_a"",""adapter:helmet_shared""]","[""base:family_a"",""adapter:helmet_shared"",""adapter:alpr""]",True,True,False,154423432,0,12,12,12,True,True,,,31.075881,unknown_not_identifiable_from_factual_ledger,committed_warm_reused_no_observed_victim_cost
control_raw_critic_target,regression,sa_ghmappo,43,regression_07,11,executed_action==4 AND service_completed==false AND progressed==false AND migration_success==false,unknown_not_recorded,0,rsu_2,rsu_0,alpr,True,noop_all_resident,[],[],"[""base:family_a"",""adapter:helmet_shared"",""adapter:alpr""]","[""base:family_a"",""adapter:helmet_shared"",""adapter:alpr""]",False,True,False,0,0,12,12,12,False,True,,,29.075881,unknown_not_identifiable_from_factual_ledger,noop_resident_set_no_new_admission
control_raw_critic_target,regression,sa_ghmappo,43,regression_07,16,executed_action==4 AND service_completed==false AND progressed==false AND migration_success==false,unknown_not_recorded,0,rsu_2,rsu_0,alpr,True,noop_all_resident,[],[],"[""base:family_a"",""adapter:helmet_shared"",""adapter:alpr""]","[""base:family_a"",""adapter:helmet_shared"",""adapter:alpr""]",False,True,False,0,0,18,18,18,False,True,,,20.030093,unknown_not_identifiable_from_factual_ledger,noop_resident_set_no_new_admission
control_raw_critic_target,regression,sa_ghmappo,43,regression_07,17,executed_action==4 AND service_completed==false AND progressed==false AND migration_success==false,unknown_not_recorded,0,rsu_2,rsu_0,alpr,True,noop_all_resident,[],[],"[""base:family_a"",""adapter:helmet_shared"",""adapter:alpr""]","[""base:family_a"",""adapter:helmet_shared"",""adapter:alpr""]",False,True,False,0,0,18,18,18,False,True,,,18.030093,unknown_not_identifiable_from_factual_ledger,noop_resident_set_no_new_admission
control_raw_critic_target,regression,sa_ghmappo,43,regression_08,2,executed_action==4 AND service_completed==false AND progressed==false AND migration_success==false,unknown_not_recorded,0,rsu_1,rsu_2,alpr,True,noop_all_resident,[],[],"[""base:family_a"",""adapter:alpr""]","[""base:family_a"",""adapter:alpr""]",False,True,False,0,0,4,4,4,False,False,,,66.44841897575141,unknown_not_identifiable_from_factual_ledger,noop_resident_set_no_new_admission
control_raw_critic_target,regression,sa_ghmappo,43,regression_08,3,executed_action==4 AND service_completed==false AND progressed==false AND migration_success==false,unknown_not_recorded,0,rsu_1,rsu_2,alpr,True,noop_all_resident,[],[],"[""base:family_a"",""adapter:alpr""]","[""base:family_a"",""adapter:alpr""]",False,True,False,0,0,4,4,4,False,False,,,64.44841897575141,unknown_not_identifiable_from_factual_ledger,noop_resident_set_no_new_admission
control_raw_critic_target,regression,sa_ghmappo,43,regression_08,6,executed_action==4 AND service_completed==false AND progressed==false AND migration_success==false,unknown_not_recorded,0,rsu_0,rsu_1,helmet_shared,True,noop_all_resident,[],[],"[""base:family_a"",""adapter:helmet_shared""]","[""base:family_a"",""adapter:helmet_shared""]",False,True,False,0,0,8,8,8,False,False,,,44.30850206716467,unknown_not_identifiable_from_factual_ledger,noop_resident_set_no_new_admission
control_raw_critic_target,regression,sa_ghmappo,43,regression_08,7,executed_action==4 AND service_completed==false AND progressed==false AND migration_success==false,unknown_not_recorded,0,rsu_0,rsu_1,helmet_shared,True,noop_all_resident,[],[],"[""base:family_a"",""adapter:helmet_shared""]","[""base:family_a"",""adapter:helmet_shared""]",False,True,False,0,0,8,8,8,False,False,,,42.30850206716467,unknown_not_identifiable_from_factual_ledger,noop_resident_set_no_new_admission
control_raw_critic_target,regression,sa_ghmappo,43,regression_08,9,executed_action==4 AND service_completed==false AND progressed==false AND migration_success==false,unknown_not_recorded,0,rsu_1,rsu_2,alpr,True,committed,"[""adapter:alpr""]","[""adapter:helmet_shared""]","[""base:family_a"",""adapter:helmet_shared""]","[""base:family_a"",""adapter:alpr""]",True,True,False,154423432,0,10,10,10,True,True,,,3.858888,unknown_not_identifiable_from_factual_ledger,committed_warm_reused_no_observed_victim_cost
control_raw_critic_target,regression,sa_ghmappo,43,regression_09,2,executed_action==4 AND service_completed==false AND progressed==false AND migration_success==false,unknown_not_recorded,0,rsu_1,rsu_2,helmet_shared,True,committed,"[""adapter:helmet_shared""]",[],"[""base:family_a"",""adapter:alpr""]","[""base:family_a"",""adapter:alpr"",""adapter:helmet_shared""]",True,True,False,9641944,0,4,4,4,True,True,,,162.2745695464177,unknown_not_identifiable_from_factual_ledger,committed_warm_reused_no_observed_victim_cost
control_raw_critic_target,regression,sa_ghmappo,43,regression_09,3,executed_action==4 AND service_completed==false AND progressed==false AND migration_success==false,unknown_not_recorded,0,rsu_1,rsu_2,helmet_shared,True,noop_all_resident,[],[],"[""base:family_a"",""adapter:alpr"",""adapter:helmet_shared""]","[""base:family_a"",""adapter:alpr"",""adapter:helmet_shared""]",False,True,False,0,0,4,4,4,False,True,,,160.2745695464177,unknown_not_identifiable_from_factual_ledger,noop_resident_set_no_new_admission
control_raw_critic_target,regression,sa_ghmappo,43,regression_09,6,executed_action==4 AND service_completed==false AND progressed==false AND migration_success==false,unknown_not_recorded,0,rsu_0,rsu_1,alpr,True,noop_all_resident,[],[],"[""base:family_a"",""adapter:alpr""]","[""base:family_a"",""adapter:alpr""]",False,True,False,0,0,8,8,8,False,True,,,142.69829491320885,unknown_not_identifiable_from_factual_ledger,noop_resident_set_no_new_admission
control_raw_critic_target,regression,sa_ghmappo,43,regression_09,7,executed_action==4 AND service_completed==false AND progressed==false AND migration_success==false,unknown_not_recorded,0,rsu_0,rsu_1,alpr,True,noop_all_resident,[],[],"[""base:family_a"",""adapter:alpr""]","[""base:family_a"",""adapter:alpr""]",False,True,False,0,0,8,8,8,False,True,,,140.69829491320885,unknown_not_identifiable_from_factual_ledger,noop_resident_set_no_new_admission
control_raw_critic_target,regression,sa_ghmappo,43,regression_09,12,executed_action==4 AND service_completed==false AND progressed==false AND migration_success==false,unknown_not_recorded,0,rsu_0,rsu_1,alpr,True,noop_all_resident,[],[],"[""base:family_a"",""adapter:alpr""]","[""base:family_a"",""adapter:alpr""]",False,True,False,0,0,14,14,14,False,True,,,104.33963306641769,unknown_not_identifiable_from_factual_ledger,noop_resident_set_no_new_admission
control_raw_critic_target,regression,sa_ghmappo,43,regression_09,13,executed_action==4 AND service_completed==false AND progressed==false AND migration_success==false,unknown_not_recorded,0,rsu_0,rsu_1,alpr,True,noop_all_resident,[],[],"[""base:family_a"",""adapter:alpr""]","[""base:family_a"",""adapter:alpr""]",False,True,False,0,0,14,14,14,False,True,,,102.33963306641769,unknown_not_identifiable_from_factual_ledger,noop_resident_set_no_new_admission
control_raw_critic_target,regression,sa_ghmappo,43,regression_11,1,executed_action==4 AND service_completed==false AND progressed==false AND migration_success==false,unknown_not_recorded,0,rsu_0,rsu_1,alpr,True,noop_all_resident,[],[],"[""base:family_a"",""adapter:alpr"",""base:family_b"",""adapter:helmet_distinct""]","[""base:family_a"",""adapter:alpr"",""base:family_b"",""adapter:helmet_distinct""]",False,True,False,0,0,2,2,2,False,True,,,60.486341416,unknown_not_identifiable_from_factual_ledger,noop_resident_set_no_new_admission
control_raw_critic_target,regression,sa_ghmappo,43,regression_11,5,executed_action==4 AND service_completed==false AND progressed==false AND migration_success==false,unknown_not_recorded,0,rsu_2,rsu_0,helmet_distinct,True,noop_all_resident,[],[],"[""base:family_b"",""adapter:helmet_distinct""]","[""base:family_b"",""adapter:helmet_distinct""]",False,True,False,0,0,6,6,6,False,True,,,47.013005816,unknown_not_identifiable_from_factual_ledger,noop_resident_set_no_new_admission
control_raw_critic_target,regression,sa_ghmappo,61,regression_00,2,executed_action==4 AND service_completed==false AND progressed==false AND migration_success==false,unknown_not_recorded,0,rsu_0,rsu_1,alpr,True,committed,"[""adapter:alpr""]","[""adapter:helmet_shared""]","[""base:family_a"",""adapter:helmet_shared""]","[""base:family_a"",""adapter:alpr""]",True,True,False,154423432,0,3,3,3,True,True,4,4,25.249362912,unknown_not_identifiable_from_factual_ledger,committed_warm_reused_with_observed_victim_cost
control_raw_critic_target,regression,sa_ghmappo,61,regression_00,4,executed_action==4 AND service_completed==false AND progressed==false AND migration_success==false,unknown_not_recorded,0,rsu_1,rsu_2,helmet_shared,True,committed,"[""adapter:helmet_shared""]","[""adapter:alpr""]","[""base:family_a"",""adapter:alpr""]","[""base:family_a"",""adapter:helmet_shared""]",True,True,False,9641944,0,6,6,6,True,True,7,7,21.316315408,unknown_not_identifiable_from_factual_ledger,committed_warm_reused_with_observed_victim_cost
control_raw_critic_target,regression,sa_ghmappo,61,regression_00,5,executed_action==4 AND service_completed==false AND progressed==false AND migration_success==false,unknown_not_recorded,0,rsu_1,rsu_2,helmet_shared,True,noop_all_resident,[],[],"[""base:family_a"",""adapter:helmet_shared""]","[""base:family_a"",""adapter:helmet_shared""]",False,True,False,0,0,6,6,6,False,True,,,19.316315408,unknown_not_identifiable_from_factual_ledger,noop_resident_set_no_new_admission
control_raw_critic_target,regression,sa_ghmappo,61,regression_00,7,executed_action==4 AND service_completed==false AND progressed==false AND migration_success==false,unknown_not_recorded,0,rsu_2,rsu_0,alpr,True,committed,"[""adapter:alpr""]","[""adapter:helmet_shared""]","[""base:family_a"",""adapter:helmet_shared""]","[""base:family_a"",""adapter:alpr""]",True,True,False,154423432,0,9,9,9,True,True,,,11.518085,unknown_not_identifiable_from_factual_ledger,committed_warm_reused_no_observed_victim_cost
control_raw_critic_target,regression,sa_ghmappo,61,regression_00,8,executed_action==4 AND service_completed==false AND progressed==false AND migration_success==false,unknown_not_recorded,0,rsu_2,rsu_0,alpr,True,noop_all_resident,[],[],"[""base:family_a"",""adapter:alpr""]","[""base:family_a"",""adapter:alpr""]",False,True,False,0,0,9,9,9,False,True,,,9.518085,unknown_not_identifiable_from_factual_ledger,noop_resident_set_no_new_admission
control_raw_critic_target,regression,sa_ghmappo,61,regression_02,1,executed_action==4 AND service_completed==false AND progressed==false AND migration_success==false,unknown_not_recorded,0,rsu_0,rsu_1,alpr,False,contact_budget_exceeded,"[""adapter:alpr"",""base:family_a""]","[""adapter:helmet_distinct"",""base:family_b""]","[""base:family_b"",""adapter:helmet_distinct""]","[""base:family_b"",""adapter:helmet_distinct""]",False,False,False,0,0,3,3,,False,False,,,104.98248703432932,unknown_not_identifiable_from_factual_ledger,rollback_or_rejection_no_resident_change
control_raw_critic_target,regression,sa_ghmappo,61,regression_02,2,executed_action==4 AND service_completed==false AND progressed==false AND migration_success==false,unknown_not_recorded,0,rsu_0,rsu_1,alpr,False,contact_budget_exceeded,"[""adapter:alpr"",""base:family_a""]","[""adapter:helmet_distinct"",""base:family_b""]","[""base:family_b"",""adapter:helmet_distinct""]","[""base:family_b"",""adapter:helmet_distinct""]",False,False,False,0,0,3,3,,False,False,,,102.98248703432932,unknown_not_identifiable_from_factual_ledger,rollback_or_rejection_no_resident_change
control_raw_critic_target,regression,sa_ghmappo,61,regression_02,3,executed_action==4 AND service_completed==false AND progressed==false AND migration_success==false,unknown_not_recorded,0,rsu_1,rsu_2,alpr,True,noop_all_resident,[],[],"[""base:family_a"",""adapter:alpr""]","[""base:family_a"",""adapter:alpr""]",False,True,False,0,0,6,6,6,False,False,,,100.98248703432932,unknown_not_identifiable_from_factual_ledger,noop_resident_set_no_new_admission
control_raw_critic_target,regression,sa_ghmappo,61,regression_02,4,executed_action==4 AND service_completed==false AND progressed==false AND migration_success==false,unknown_not_recorded,0,rsu_1,rsu_2,alpr,True,noop_all_resident,[],[],"[""base:family_a"",""adapter:alpr""]","[""base:family_a"",""adapter:alpr""]",False,True,False,0,0,6,6,6,False,False,,,98.98248703432932,unknown_not_identifiable_from_factual_ledger,noop_resident_set_no_new_admission
control_raw_critic_target,regression,sa_ghmappo,61,regression_02,5,executed_action==4 AND service_completed==false AND progressed==false AND migration_success==false,unknown_not_recorded,0,rsu_1,rsu_2,alpr,True,noop_all_resident,[],[],"[""base:family_a"",""adapter:alpr""]","[""base:family_a"",""adapter:alpr""]",False,True,False,0,0,6,6,6,False,False,,,96.98248703432932,unknown_not_identifiable_from_factual_ledger,noop_resident_set_no_new_admission
control_raw_critic_target,regression,sa_ghmappo,61,regression_02,9,executed_action==4 AND service_completed==false AND progressed==false AND migration_success==false,unknown_not_recorded,0,rsu_0,rsu_1,helmet_distinct,True,noop_all_resident,[],[],"[""base:family_b"",""adapter:helmet_distinct""]","[""base:family_b"",""adapter:helmet_distinct""]",False,True,False,0,0,12,12,12,False,True,,,67.637313692747,unknown_not_identifiable_from_factual_ledger,noop_resident_set_no_new_admission
control_raw_critic_target,regression,sa_ghmappo,61,regression_02,10,executed_action==4 AND service_completed==false AND progressed==false AND migration_success==false,unknown_not_recorded,0,rsu_0,rsu_1,helmet_distinct,True,noop_all_resident,[],[],"[""base:family_b"",""adapter:helmet_distinct""]","[""base:family_b"",""adapter:helmet_distinct""]",False,True,False,0,0,12,12,12,False,True,,,65.637313692747,unknown_not_identifiable_from_factual_ledger,noop_resident_set_no_new_admission
control_raw_critic_target,regression,sa_ghmappo,61,regression_02,11,executed_action==4 AND service_completed==false AND progressed==false AND migration_success==false,unknown_not_recorded,0,rsu_0,rsu_1,helmet_distinct,True,noop_all_resident,[],[],"[""base:family_b"",""adapter:helmet_distinct""]","[""base:family_b"",""adapter:helmet_distinct""]",False,True,False,0,0,12,12,12,False,True,,,63.637313692747,unknown_not_identifiable_from_factual_ledger,noop_resident_set_no_new_admission
control_raw_critic_target,regression,sa_ghmappo,61,regression_03,4,executed_action==4 AND service_completed==false AND progressed==false AND migration_success==false,unknown_not_recorded,0,rsu_0,rsu_1,alpr,True,noop_all_resident,[],[],"[""base:family_a"",""adapter:alpr"",""base:family_b"",""adapter:helmet_distinct""]","[""base:family_a"",""adapter:alpr"",""base:family_b"",""adapter:helmet_distinct""]",False,True,False,0,0,5,5,5,False,True,,,29.926881159999997,unknown_not_identifiable_from_factual_ledger,noop_resident_set_no_new_admission
control_raw_critic_target,regression,sa_ghmappo,61,regression_05,0,executed_action==4 AND service_completed==false AND progressed==false AND migration_success==false,unknown_not_recorded,0,rsu_0,rsu_1,helmet_shared,True,committed,"[""adapter:helmet_shared""]",[],"[""adapter:alpr"",""base:family_a""]","[""adapter:alpr"",""base:family_a"",""adapter:helmet_shared""]",True,True,False,9641944,0,2,2,2,True,False,,,22.055066472,unknown_not_identifiable_from_factual_ledger,committed_warm_reused_no_observed_victim_cost
control_raw_critic_target,regression,sa_ghmappo,61,regression_05,1,executed_action==4 AND service_completed==false AND progressed==false AND migration_success==false,unknown_not_recorded,0,rsu_0,rsu_1,helmet_shared,True,noop_all_resident,[],[],"[""adapter:alpr"",""base:family_a"",""adapter:helmet_shared""]","[""adapter:alpr"",""base:family_a"",""adapter:helmet_shared""]",False,True,False,0,0,2,2,2,False,False,,,20.055066472,unknown_not_identifiable_from_factual_ledger,noop_resident_set_no_new_admission
control_raw_critic_target,regression,sa_ghmappo,61,regression_07,2,executed_action==4 AND service_completed==false AND progressed==false AND migration_success==false,unknown_not_recorded,0,rsu_1,rsu_2,helmet_shared,False,contact_budget_exceeded,"[""adapter:helmet_shared"",""base:family_a""]",[],[],[],False,False,False,0,0,4,4,,False,False,,,139.00392055866752,unknown_not_identifiable_from_factual_ledger,rollback_or_rejection_no_resident_change
control_raw_critic_target,regression,sa_ghmappo,61,regression_07,3,executed_action==4 AND service_completed==false AND progressed==false AND migration_success==false,unknown_not_recorded,0,rsu_1,rsu_2,helmet_shared,False,contact_budget_exceeded,"[""adapter:helmet_shared"",""base:family_a""]",[],[],[],False,False,False,0,0,4,4,,False,False,,,137.00392055866752,unknown_not_identifiable_from_factual_ledger,rollback_or_rejection_no_resident_change
control_raw_critic_target,regression,sa_ghmappo,61,regression_07,4,executed_action==4 AND service_completed==false AND progressed==false AND migration_success==false,unknown_not_recorded,0,rsu_2,rsu_0,helmet_shared,True,noop_all_resident,[],[],"[""base:family_a"",""adapter:helmet_shared""]","[""base:family_a"",""adapter:helmet_shared""]",False,True,False,0,0,6,6,6,False,True,,,135.00392055866752,unknown_not_identifiable_from_factual_ledger,noop_resident_set_no_new_admission
control_raw_critic_target,regression,sa_ghmappo,61,regression_07,5,executed_action==4 AND service_completed==false AND progressed==false AND migration_success==false,unknown_not_recorded,0,rsu_2,rsu_0,helmet_shared,True,noop_all_resident,[],[],"[""base:family_a"",""adapter:helmet_shared""]","[""base:family_a"",""adapter:helmet_shared""]",False,True,False,0,0,6,6,6,False,True,,,133.00392055866752,unknown_not_identifiable_from_factual_ledger,noop_resident_set_no_new_admission
control_raw_critic_target,regression,sa_ghmappo,61,regression_07,8,executed_action==4 AND service_completed==false AND progressed==false AND migration_success==false,unknown_not_recorded,0,rsu_1,rsu_2,alpr,False,contact_budget_exceeded,"[""adapter:alpr"",""base:family_a""]",[],[],[],False,False,False,0,0,10,10,23,False,True,,,124.1246425586675,unknown_not_identifiable_from_factual_ledger,rollback_or_rejection_no_resident_change
control_raw_critic_target,regression,sa_ghmappo,61,regression_07,9,executed_action==4 AND service_completed==false AND progressed==false AND migration_success==false,unknown_not_recorded,0,rsu_1,rsu_2,alpr,False,contact_budget_exceeded,"[""adapter:alpr"",""base:family_a""]",[],[],[],False,False,False,0,0,10,10,23,False,True,,,122.1246425586675,unknown_not_identifiable_from_factual_ledger,rollback_or_rejection_no_resident_change
control_raw_critic_target,regression,sa_ghmappo,61,regression_07,10,executed_action==4 AND service_completed==false AND progressed==false AND migration_success==false,unknown_not_recorded,0,rsu_2,rsu_0,alpr,True,committed,"[""adapter:alpr""]",[],"[""base:family_a"",""adapter:helmet_shared""]","[""base:family_a"",""adapter:helmet_shared"",""adapter:alpr""]",True,True,False,154423432,0,12,12,12,True,True,,,113.2165302786675,unknown_not_identifiable_from_factual_ledger,committed_warm_reused_no_observed_victim_cost
control_raw_critic_target,regression,sa_ghmappo,61,regression_07,11,executed_action==4 AND service_completed==false AND progressed==false AND migration_success==false,unknown_not_recorded,0,rsu_2,rsu_0,alpr,True,noop_all_resident,[],[],"[""base:family_a"",""adapter:helmet_shared"",""adapter:alpr""]","[""base:family_a"",""adapter:helmet_shared"",""adapter:alpr""]",False,True,False,0,0,12,12,12,False,True,,,111.2165302786675,unknown_not_identifiable_from_factual_ledger,noop_resident_set_no_new_admission
control_raw_critic_target,regression,sa_ghmappo,61,regression_07,14,executed_action==4 AND service_completed==false AND progressed==false AND migration_success==false,unknown_not_recorded,0,rsu_1,rsu_2,alpr,False,contact_budget_exceeded,"[""adapter:alpr"",""base:family_a""]",[],[],[],False,False,False,0,0,16,16,23,False,True,,,106.1707422786675,unknown_not_identifiable_from_factual_ledger,rollback_or_rejection_no_resident_change
control_raw_critic_target,regression,sa_ghmappo,61,regression_07,15,executed_action==4 AND service_completed==false AND progressed==false AND migration_success==false,unknown_not_recorded,0,rsu_1,rsu_2,alpr,False,contact_budget_exceeded,"[""adapter:alpr"",""base:family_a""]",[],[],[],False,False,False,0,0,16,16,23,False,True,,,104.1707422786675,unknown_not_identifiable_from_factual_ledger,rollback_or_rejection_no_resident_change
control_raw_critic_target,regression,sa_ghmappo,61,regression_07,16,executed_action==4 AND service_completed==false AND progressed==false AND migration_success==false,unknown_not_recorded,0,rsu_2,rsu_0,alpr,True,noop_all_resident,[],[],"[""base:family_a"",""adapter:helmet_shared"",""adapter:alpr""]","[""base:family_a"",""adapter:helmet_shared"",""adapter:alpr""]",False,True,False,0,0,18,18,18,False,True,,,102.1707422786675,unknown_not_identifiable_from_factual_ledger,noop_resident_set_no_new_admission
control_raw_critic_target,regression,sa_ghmappo,61,regression_07,17,executed_action==4 AND service_completed==false AND progressed==false AND migration_success==false,unknown_not_recorded,0,rsu_2,rsu_0,alpr,True,noop_all_resident,[],[],"[""base:family_a"",""adapter:helmet_shared"",""adapter:alpr""]","[""base:family_a"",""adapter:helmet_shared"",""adapter:alpr""]",False,True,False,0,0,18,18,18,False,True,,,100.1707422786675,unknown_not_identifiable_from_factual_ledger,noop_resident_set_no_new_admission
control_raw_critic_target,regression,sa_ghmappo,61,regression_07,20,executed_action==4 AND service_completed==false AND progressed==false AND migration_success==false,unknown_not_recorded,0,rsu_1,rsu_2,alpr,False,contact_budget_exceeded,"[""adapter:alpr"",""base:family_a""]",[],[],[],False,False,False,0,0,22,22,23,False,True,,,88.14064927866751,unknown_not_identifiable_from_factual_ledger,rollback_or_rejection_no_resident_change
control_raw_critic_target,regression,sa_ghmappo,61,regression_07,21,executed_action==4 AND service_completed==false AND progressed==false AND migration_success==false,unknown_not_recorded,0,rsu_1,rsu_2,alpr,False,contact_budget_exceeded,"[""adapter:alpr"",""base:family_a""]",[],[],[],False,False,False,0,0,22,22,23,False,True,,,86.14064927866751,unknown_not_identifiable_from_factual_ledger,rollback_or_rejection_no_resident_change
control_raw_critic_target,regression,sa_ghmappo,61,regression_08,2,executed_action==4 AND service_completed==false AND progressed==false AND migration_success==false,unknown_not_recorded,0,rsu_1,rsu_2,alpr,True,noop_all_resident,[],[],"[""base:family_a"",""adapter:alpr""]","[""base:family_a"",""adapter:alpr""]",False,True,False,0,0,4,4,4,False,False,,,66.44841897575141,unknown_not_identifiable_from_factual_ledger,noop_resident_set_no_new_admission
control_raw_critic_target,regression,sa_ghmappo,61,regression_08,3,executed_action==4 AND service_completed==false AND progressed==false AND migration_success==false,unknown_not_recorded,0,rsu_1,rsu_2,alpr,True,noop_all_resident,[],[],"[""base:family_a"",""adapter:alpr""]","[""base:family_a"",""adapter:alpr""]",False,True,False,0,0,4,4,4,False,False,,,64.44841897575141,unknown_not_identifiable_from_factual_ledger,noop_resident_set_no_new_admission
control_raw_critic_target,regression,sa_ghmappo,61,regression_08,6,executed_action==4 AND service_completed==false AND progressed==false AND migration_success==false,unknown_not_recorded,0,rsu_0,rsu_1,helmet_shared,True,noop_all_resident,[],[],"[""base:family_a"",""adapter:helmet_shared""]","[""base:family_a"",""adapter:helmet_shared""]",False,True,False,0,0,8,8,8,False,False,,,44.30850206716467,unknown_not_identifiable_from_factual_ledger,noop_resident_set_no_new_admission
control_raw_critic_target,regression,sa_ghmappo,61,regression_08,7,executed_action==4 AND service_completed==false AND progressed==false AND migration_success==false,unknown_not_recorded,0,rsu_0,rsu_1,helmet_shared,True,noop_all_resident,[],[],"[""base:family_a"",""adapter:helmet_shared""]","[""base:family_a"",""adapter:helmet_shared""]",False,True,False,0,0,8,8,8,False,False,,,42.30850206716467,unknown_not_identifiable_from_factual_ledger,noop_resident_set_no_new_admission
control_raw_critic_target,regression,sa_ghmappo,61,regression_08,9,executed_action==4 AND service_completed==false AND progressed==false AND migration_success==false,unknown_not_recorded,0,rsu_1,rsu_2,alpr,True,committed,"[""adapter:alpr""]","[""adapter:helmet_shared""]","[""base:family_a"",""adapter:helmet_shared""]","[""base:family_a"",""adapter:alpr""]",True,True,False,154423432,0,10,10,10,True,True,,,3.858888,unknown_not_identifiable_from_factual_ledger,committed_warm_reused_no_observed_victim_cost
control_raw_critic_target,regression,sa_ghmappo,61,regression_10,2,executed_action==4 AND service_completed==false AND progressed==false AND migration_success==false,unknown_not_recorded,0,rsu_1,rsu_2,alpr,True,noop_all_resident,[],[],"[""base:family_a"",""adapter:alpr""]","[""base:family_a"",""adapter:alpr""]",False,True,False,0,0,4,4,4,False,True,,,112.82068301683535,unknown_not_identifiable_from_factual_ledger,noop_resident_set_no_new_admission
control_raw_critic_target,regression,sa_ghmappo,61,regression_10,3,executed_action==4 AND service_completed==false AND progressed==false AND migration_success==false,unknown_not_recorded,0,rsu_1,rsu_2,alpr,True,noop_all_resident,[],[],"[""base:family_a"",""adapter:alpr""]","[""base:family_a"",""adapter:alpr""]",False,True,False,0,0,4,4,4,False,True,,,110.82068301683535,unknown_not_identifiable_from_factual_ledger,noop_resident_set_no_new_admission
control_raw_critic_target,regression,sa_ghmappo,61,regression_10,6,executed_action==4 AND service_completed==false AND progressed==false AND migration_success==false,unknown_not_recorded,0,rsu_0,rsu_1,alpr,False,contact_budget_exceeded,"[""adapter:alpr"",""base:family_a""]","[""adapter:helmet_distinct"",""base:family_b""]","[""base:family_b"",""adapter:helmet_distinct""]","[""base:family_b"",""adapter:helmet_distinct""]",False,False,False,0,0,8,8,,False,False,,,72.17778361962651,unknown_not_identifiable_from_factual_ledger,rollback_or_rejection_no_resident_change
control_raw_critic_target,regression,sa_ghmappo,61,regression_10,7,executed_action==4 AND service_completed==false AND progressed==false AND migration_success==false,unknown_not_recorded,0,rsu_0,rsu_1,alpr,False,contact_budget_exceeded,"[""adapter:alpr"",""base:family_a""]","[""adapter:helmet_distinct"",""base:family_b""]","[""base:family_b"",""adapter:helmet_distinct""]","[""base:family_b"",""adapter:helmet_distinct""]",False,False,False,0,0,8,8,,False,False,,,70.17778361962651,unknown_not_identifiable_from_factual_ledger,rollback_or_rejection_no_resident_change
control_raw_critic_target,regression,sa_ghmappo,61,regression_11,1,executed_action==4 AND service_completed==false AND progressed==false AND migration_success==false,unknown_not_recorded,0,rsu_0,rsu_1,alpr,True,noop_all_resident,[],[],"[""base:family_a"",""adapter:alpr"",""base:family_b"",""adapter:helmet_distinct""]","[""base:family_a"",""adapter:alpr"",""base:family_b"",""adapter:helmet_distinct""]",False,True,False,0,0,2,2,2,False,True,,,60.486341416,unknown_not_identifiable_from_factual_ledger,noop_resident_set_no_new_admission
control_raw_critic_target,regression,sa_ghmappo,61,regression_11,5,executed_action==4 AND service_completed==false AND progressed==false AND migration_success==false,unknown_not_recorded,0,rsu_2,rsu_0,helmet_distinct,True,noop_all_resident,[],[],"[""base:family_b"",""adapter:helmet_distinct""]","[""base:family_b"",""adapter:helmet_distinct""]",False,True,False,0,0,6,6,6,False,True,,,47.013005816,unknown_not_identifiable_from_factual_ledger,noop_resident_set_no_new_admission
